2,118,1251.00,745.45,214.47,136.96,0.89,-1,-1,-1
3,118,1259.73,745.44,213.13,136.12,0.88,-1,-1,-1
3,121,1574.58,662.84,220.85,106.21,0.86,-1,-1,-1
3,122,1303.72,392.35,79.82,62.82,0.80,-1,-1,-1
3,123,517.95,746.02,137.39,153.59,0.76,-1,-1,-1
3,124,940.96,492.84,106.18,104.49,0.59,-1,-1,-1
3,125,564.45,392.66,113.83,71.47,0.72,-1,-1,-1
3,126,1979.66,691.35,39.37,84.12,0.64,-1,-1,-1
3,128,2285.21,735.26,36.82,80.45,0.72,-1,-1,-1
3,129,1904.70,794.19,47.88,97.81,0.59,-1,-1,-1
4,118,1261.35,744.31,213.88,136.68,0.88,-1,-1,-1
4,121,1559.54,656.80,211.46,101.72,0.92,-1,-1,-1
4,122,1302.82,392.29,80.73,63.55,0.78,-1,-1,-1
4,123,515.65,746.38,138.35,154.70,0.77,-1,-1,-1
4,124,947.59,497.37,103.96,102.28,0.52,-1,-1,-1
4,125,566.14,394.43,118.52,74.57,0.77,-1,-1,-1
4,126,1976.48,692.09,39.08,83.37,0.62,-1,-1,-1
4,128,2286.07,734.23,37.50,81.77,0.72,-1,-1,-1
4,129,1907.01,793.29,47.37,96.92,0.65,-1,-1,-1
4,130,1861.34,793.64,40.09,84.96,0.69,-1,-1,-1
5,118,1261.35,744.08,214.05,136.90,0.89,-1,-1,-1
5,121,1533.62,649.02,206.29,99.23,0.87,-1,-1,-1
5,122,1300.77,391.24,82.44,64.96,0.78,-1,-1,-1
5,123,514.02,746.40,137.70,153.73,0.77,-1,-1,-1
5,124,925.81,480.38,125.94,123.29,0.72,-1,-1,-1
5,125,572.48,396.76,118.34,74.60,0.80,-1,-1,-1
5,126,1972.49,692.04,39.34,83.83,0.71,-1,-1,-1
5,128,2286.78,734.07,38.13,82.99,0.76,-1,-1,-1
5,129,1910.46,793.48,46.43,95.37,0.59,-1,-1,-1
5,130,1864.50,792.40,39.61,84.08,0.61,-1,-1,-1
6,118,1261.62,744.23,212.78,136.19,0.88,-1,-1,-1
6,121,1508.85,640.08,207.71,99.97,0.87,-1,-1,-1
6,122,1300.36,391.96,81.68,64.35,0.77,-1,-1,-1
6,123,509.79,746.81,137.49,153.58,0.84,-1,-1,-1
6,124,923.01,478.25,132.44,128.80,0.71,-1,-1,-1
6,125,579.21,400.40,116.02,73.19,0.82,-1,-1,-1
6,126,1969.25,691.92,39.74,84.81,0.69,-1,-1,-1
6,128,2289.38,732.80,37.59,81.52,0.72,-1,-1,-1
6,129,1913.61,788.23,46.93,97.05,0.64,-1,-1,-1
6,130,1868.90,791.28,39.58,84.23,0.64,-1,-1,-1
7,118,1259.19,742.75,214.40,137.46,0.87,-1,-1,-1
7,121,1486.95,632.68,205.44,99.05,0.89,-1,-1,-1
7,122,1299.25,392.23,81.38,64.03,0.77,-1,-1,-1
7,123,506.57,746.42,137.68,153.68,0.86,-1,-1,-1
7,124,927.03,481.18,135.80,130.94,0.71,-1,-1,-1
7,125,583.99,405.02,114.10,71.98,0.80,-1,-1,-1
7,126,1965.70,691.51,39.25,84.04,0.66,-1,-1,-1
7,128,2291.86,732.33,36.71,79.22,0.68,-1,-1,-1
7,129,1914.99,785.95,47.24,98.41,0.58,-1,-1,-1
7,130,1873.27,788.19,40.98,87.54,0.58,-1,-1,-1
7,131,1688.98,617.15,35.08,81.41,0.70,-1,-1,-1
8,118,1257.61,741.05,216.21,139.03,0.88,-1,-1,-1
8,121,1466.35,626.23,202.15,97.61,0.90,-1,-1,-1
8,122,1298.07,391.46,82.14,64.59,0.77,-1,-1,-1
8,123,505.66,746.90,137.56,153.57,0.85,-1,-1,-1
8,124,933.79,482.58,138.71,132.36,0.71,-1,-1,-1
8,125,587.99,407.50,116.06,73.35,0.82,-1,-1,-1
8,126,1962.72,691.26,38.79,83.36,0.69,-1,-1,-1
8,128,2294.38,731.39,36.90,79.17,0.71,-1,-1,-1
8,129,1918.85,785.67,44.91,93.92,0.67,-1,-1,-1
8,130,1875.80,786.73,41.38,88.44,0.64,-1,-1,-1
8,131,1688.80,618.10,35.17,81.56,0.71,-1,-1,-1
9,118,1257.25,740.03,216.40,139.56,0.90,-1,-1,-1
9,121,1447.58,618.42,197.70,95.30,0.90,-1,-1,-1
9,122,1297.58,390.54,82.63,64.99,0.76,-1,-1,-1
9,123,503.95,746.26,137.93,153.80,0.86,-1,-1,-1
9,124,938.91,486.29,140.23,132.53,0.73,-1,-1,-1
9,125,593.22,409.96,114.97,72.72,0.83,-1,-1,-1
9,126,1960.22,692.18,38.27,82.30,0.70,-1,-1,-1
9,128,2296.64,729.57,38.72,82.85,0.78,-1,-1,-1
9,129,1922.29,784.57,44.32,92.74,0.62,-1,-1,-1
9,130,1877.20,785.71,41.18,88.19,0.70,-1,-1,-1
9,131,1690.08,619.55,35.71,82.76,0.72,-1,-1,-1
10,118,1257.18,738.90,217.20,140.65,0.87,-1,-1,-1
10,121,1427.01,609.28,196.22,94.89,0.89,-1,-1,-1
10,122,1299.04,389.22,84.05,66.19,0.76,-1,-1,-1
10,123,505.95,746.33,136.04,151.40,0.85,-1,-1,-1
10,124,951.81,489.88,139.23,129.26,0.51,-1,-1,-1
10,125,598.10,411.81,116.62,73.93,0.84,-1,-1,-1
10,126,1958.36,692.93,38.28,82.46,0.67,-1,-1,-1
10,128,2300.53,728.15,38.88,83.25,0.76,-1,-1,-1
10,129,1924.92,785.54,45.18,94.34,0.65,-1,-1,-1
10,130,1881.24,784.87,40.55,87.16,0.58,-1,-1,-1
10,131,1691.37,620.54,36.25,83.89,0.75,-1,-1,-1
10,132,1479.82,837.05,44.09,94.08,0.63,-1,-1,-1
10,134,1273.53,883.37,56.19,70.88,0.50,-1,-1,-1
11,118,1258.80,739.57,215.65,139.80,0.87,-1,-1,-1
11,121,1409.38,602.43,195.46,94.84,0.87,-1,-1,-1
11,122,1302.75,389.50,82.58,65.04,0.82,-1,-1,-1
11,123,508.99,744.10,137.94,153.66,0.83,-1,-1,-1
11,124,961.53,494.47,144.69,132.93,0.44,-1,-1,-1
11,125,608.31,414.76,117.63,74.66,0.83,-1,-1,-1
11,126,1958.68,693.83,38.90,84.27,0.64,-1,-1,-1
11,128,2306.31,728.20,39.13,84.08,0.68,-1,-1,-1
11,129,1933.30,784.39,45.50,95.30,0.60,-1,-1,-1
11,130,1892.80,782.78,40.33,86.54,0.60,-1,-1,-1
11,131,1696.99,623.05,35.63,82.36,0.61,-1,-1,-1
11,132,1475.87,838.34,44.92,95.60,0.68,-1,-1,-1
11,134,1280.36,880.26,48.09,60.34,0.39,-1,-1,-1
11,47,495.52,243.13,32.59,46.50,0.71,-1,-1,-1
12,118,1263.68,740.39,212.74,138.08,0.87,-1,-1,-1
12,121,1397.49,597.17,187.26,90.98,0.89,-1,-1,-1
12,122,1307.60,389.67,82.93,65.34,0.84,-1,-1,-1
12,123,516.53,744.36,137.65,152.07,0.71,-1,-1,-1
12,124,970.62,497.28,148.51,135.29,0.60,-1,-1,-1
12,125,617.71,415.95,120.26,76.67,0.85,-1,-1,-1
12,126,1960.57,696.22,38.73,84.05,0.69,-1,-1,-1
12,128,2314.39,728.74,38.78,83.51,0.67,-1,-1,-1
12,129,1941.78,784.01,45.27,95.22,0.65,-1,-1,-1
12,130,1899.40,781.75,40.15,86.38,0.62,-1,-1,-1
12,131,1703.34,625.37,34.99,80.52,0.68,-1,-1,-1
12,132,1474.27,841.57,45.45,96.64,0.70,-1,-1,-1
12,134,1270.57,842.12,68.48,86.96,0.58,-1,-1,-1
12,47,493.76,242.71,38.18,44.62,0.72,-1,-1,-1
13,118,1268.22,739.66,214.38,139.41,0.87,-1,-1,-1
13,121,1386.23,591.98,182.83,89.13,0.87,-1,-1,-1
13,122,1315.46,389.71,82.92,65.44,0.71,-1,-1,-1
13,123,528.76,743.23,140.99,153.34,0.57,-1,-1,-1
13,124,988.60,500.40,148.69,133.58,0.42,-1,-1,-1
13,125,630.63,417.02,121.30,77.51,0.84,-1,-1,-1
13,126,1964.56,697.96,41.83,91.25,0.56,-1,-1,-1
13,128,2325.96,729.41,38.78,83.40,0.63,-1,-1,-1
13,129,1951.66,777.03,48.57,103.07,0.55,-1,-1,-1
13,131,1713.14,628.65,33.26,76.20,0.63,-1,-1,-1
13,132,1478.27,843.71,43.99,93.39,0.61,-1,-1,-1
13,134,1272.30,828.92,73.92,95.32,0.47,-1,-1,-1
13,47,495.92,240.27,43.64,45.56,0.53,-1,-1,-1
14,118,1279.19,739.13,217.86,142.14,0.88,-1,-1,-1
14,121,1377.82,584.47,181.67,88.90,0.87,-1,-1,-1
14,122,1326.59,389.97,83.22,65.46,0.58,-1,-1,-1
14,123,545.03,740.45,141.64,151.54,0.47,-1,-1,-1
14,124,1016.25,505.02,143.26,125.45,0.42,-1,-1,-1
14,125,648.54,418.49,124.43,79.44,0.83,-1,-1,-1
14,126,1973.70,700.03,41.77,90.69,0.63,-1,-1,-1
14,129,1967.95,780.64,46.92,99.99,0.53,-1,-1,-1
14,131,1727.28,630.87,33.87,77.28,0.58,-1,-1,-1
14,132,1486.60,843.73,43.14,91.57,0.59,-1,-1,-1
14,134,1284.40,826.43,73.87,96.96,0.50,-1,-1,-1
14,47,502.67,237.78,48.05,45.66,0.58,-1,-1,-1
15,118,1294.34,739.32,216.52,141.37,0.85,-1,-1,-1
15,121,1373.16,578.51,178.52,87.78,0.87,-1,-1,-1
15,122,1342.51,389.80,83.68,65.85,0.55,-1,-1,-1
15,123,558.11,736.01,147.42,156.17,0.35,-1,-1,-1
15,124,1036.12,507.69,143.95,123.90,0.62,-1,-1,-1
15,125,668.80,420.72,126.26,80.39,0.73,-1,-1,-1
15,126,1987.00,702.34,41.51,89.28,0.73,-1,-1,-1
15,132,1497.85,847.03,41.43,87.55,0.59,-1,-1,-1
15,134,1299.49,826.91,73.37,98.29,0.54,-1,-1,-1
15,47,515.46,236.77,50.94,44.77,0.55,-1,-1,-1
16,118,1309.58,738.93,217.74,142.60,0.88,-1,-1,-1
16,121,1369.37,571.01,178.78,88.58,0.86,-1,-1,-1
16,122,1358.89,391.24,82.86,64.93,0.68,-1,-1,-1
16,123,579.17,737.04,143.02,149.02,0.51,-1,-1,-1
16,124,1062.49,512.24,142.94,120.41,0.57,-1,-1,-1
16,125,693.28,422.09,126.50,80.63,0.80,-1,-1,-1
16,132,1505.92,849.17,42.30,88.90,0.66,-1,-1,-1
16,134,1315.29,827.10,73.86,101.25,0.58,-1,-1,-1
16,47,530.05,234.24,53.05,43.56,0.50,-1,-1,-1
17,118,1323.58,739.36,218.40,143.33,0.86,-1,-1,-1
17,121,1368.14,565.42,174.98,87.33,0.85,-1,-1,-1
17,122,1376.68,391.21,83.66,65.51,0.56,-1,-1,-1
17,124,1084.25,514.47,149.92,124.57,0.72,-1,-1,-1
17,125,716.54,423.26,127.84,81.77,0.83,-1,-1,-1
17,132,1512.86,851.20,45.43,95.13,0.51,-1,-1,-1
17,47,544.32,231.27,56.48,44.39,0.40,-1,-1,-1
18,118,1337.96,739.14,220.75,145.48,0.83,-1,-1,-1
18,121,1366.11,559.58,170.37,85.51,0.84,-1,-1,-1
18,122,1394.42,391.87,83.20,65.02,0.69,-1,-1,-1
18,124,1103.20,517.85,156.66,129.26,0.79,-1,-1,-1
18,125,739.94,424.60,127.51,81.85,0.82,-1,-1,-1
18,132,1520.89,854.68,44.33,91.93,0.67,-1,-1,-1
18,47,558.83,228.56,60.40,46.07,0.63,-1,-1,-1
18,123,610.54,732.00,148.97,153.20,0.77,-1,-1,-1
19,118,1353.30,739.95,222.36,147.29,0.81,-1,-1,-1
19,121,1363.28,550.82,172.00,87.02,0.86,-1,-1,-1
19,122,1411.17,391.26,84.75,66.38,0.63,-1,-1,-1
19,124,1129.86,520.69,151.56,123.39,0.63,-1,-1,-1
19,125,765.90,427.44,125.30,80.50,0.83,-1,-1,-1
19,132,1532.60,860.16,42.41,87.26,0.43,-1,-1,-1
19,47,572.67,225.29,63.59,47.42,0.43,-1,-1,-1
19,143,1602.26,877.69,47.80,106.59,0.59,-1,-1,-1
19,123,628.63,730.52,152.34,154.91,0.57,-1,-1,-1
19,128,2363.54,716.28,37.73,81.51,0.56,-1,-1,-1
20,118,1367.41,740.94,220.54,146.45,0.84,-1,-1,-1
20,121,1361.97,544.67,166.77,84.95,0.86,-1,-1,-1
20,122,1426.77,391.81,85.60,66.81,0.78,-1,-1,-1
20,124,1153.33,522.64,159.54,128.07,0.33,-1,-1,-1
20,125,791.14,430.29,125.40,80.61,0.83,-1,-1,-1
20,132,1542.85,864.06,46.50,95.86,0.56,-1,-1,-1
20,47,588.53,223.93,63.19,45.80,0.48,-1,-1,-1
20,143,1611.32,881.12,48.47,107.98,0.67,-1,-1,-1
20,123,646.25,729.90,150.85,150.78,0.62,-1,-1,-1
21,118,1381.11,741.20,221.47,147.83,0.82,-1,-1,-1
21,121,1360.29,539.00,163.20,83.78,0.84,-1,-1,-1
21,122,1444.06,391.50,86.42,67.43,0.75,-1,-1,-1
21,124,1173.99,526.53,156.33,124.03,0.45,-1,-1,-1
21,125,814.44,432.76,125.29,80.69,0.83,-1,-1,-1
21,132,1553.98,864.68,41.71,85.36,0.49,-1,-1,-1
21,47,602.51,219.99,67.73,48.82,0.27,-1,-1,-1
21,143,1617.96,882.50,50.06,111.41,0.48,-1,-1,-1
21,123,661.09,726.94,152.38,151.16,0.54,-1,-1,-1
21,149,352.35,1096.50,66.86,131.74,0.58,-1,-1,-1
22,118,1395.46,741.84,219.78,146.99,0.83,-1,-1,-1
22,121,1357.79,532.51,160.62,83.00,0.84,-1,-1,-1
22,122,1461.40,391.73,87.48,68.17,0.80,-1,-1,-1
22,124,1193.54,528.58,163.07,128.86,0.59,-1,-1,-1
22,125,837.39,434.92,126.57,81.46,0.83,-1,-1,-1
22,132,1561.51,867.31,43.16,88.61,0.57,-1,-1,-1
22,47,617.69,215.34,70.57,50.81,0.48,-1,-1,-1
22,143,1627.59,885.25,47.58,105.71,0.54,-1,-1,-1
22,123,677.78,726.89,152.24,149.60,0.68,-1,-1,-1
22,149,362.73,1098.09,67.03,132.55,0.48,-1,-1,-1
22,150,1866.21,648.74,42.73,83.64,0.69,-1,-1,-1
23,118,1409.36,743.94,216.93,145.37,0.85,-1,-1,-1
23,121,1354.75,525.71,161.33,84.07,0.79,-1,-1,-1
23,122,1478.63,392.31,87.36,68.21,0.83,-1,-1,-1
23,124,1218.47,534.33,160.16,125.33,0.18,-1,-1,-1
23,125,859.46,437.85,123.64,79.84,0.83,-1,-1,-1
23,132,1566.33,870.74,44.22,90.80,0.69,-1,-1,-1
23,47,634.37,215.24,67.75,48.64,0.58,-1,-1,-1
23,143,1634.84,885.86,47.32,104.79,0.55,-1,-1,-1
23,123,692.86,725.89,152.29,148.75,0.81,-1,-1,-1
23,149,381.14,1116.76,58.95,117.35,0.44,-1,-1,-1
23,150,1879.33,651.26,43.90,86.01,0.67,-1,-1,-1
23,152,627.54,1442.32,67.42,84.04,0.56,-1,-1,-1
23,153,2144.30,796.63,44.64,96.81,0.70,-1,-1,-1
24,118,1412.29,744.88,216.18,145.23,0.84,-1,-1,-1
24,121,1346.87,520.01,152.22,79.59,0.79,-1,-1,-1
24,122,1486.18,393.13,85.77,66.99,0.80,-1,-1,-1
24,124,1225.61,536.14,168.61,132.77,0.33,-1,-1,-1
24,125,872.46,441.15,122.25,79.51,0.86,-1,-1,-1
24,132,1563.08,870.71,44.37,91.39,0.74,-1,-1,-1
24,47,642.18,216.89,64.38,45.86,0.61,-1,-1,-1
24,143,1633.50,887.27,46.07,101.86,0.53,-1,-1,-1
24,123,697.02,724.88,152.96,149.18,0.82,-1,-1,-1
24,149,375.80,1105.83,63.21,127.22,0.51,-1,-1,-1
24,150,1884.21,653.01,42.80,84.10,0.69,-1,-1,-1
24,152,624.16,1440.77,68.36,85.37,0.53,-1,-1,-1
24,153,2148.75,796.89,44.94,97.27,0.68,-1,-1,-1
24,154,2096.25,728.49,47.78,110.33,0.53,-1,-1,-1
24,155,1724.12,461.19,144.50,81.04,0.53,-1,-1,-1
24,128,2387.02,710.88,38.10,81.64,0.53,-1,-1,-1
25,118,1410.35,743.77,217.07,146.22,0.86,-1,-1,-1
25,121,1330.99,511.82,152.60,80.42,0.86,-1,-1,-1
25,122,1487.81,393.33,85.01,66.36,0.84,-1,-1,-1
25,124,1229.99,544.59,177.56,140.15,0.40,-1,-1,-1
25,125,876.84,443.11,122.66,80.37,0.87,-1,-1,-1
25,132,1569.13,889.84,37.72,77.72,0.64,-1,-1,-1
25,47,641.33,216.76,61.21,43.26,0.66,-1,-1,-1
25,143,1627.15,888.04,45.12,99.76,0.61,-1,-1,-1
25,123,690.28,723.66,153.02,149.89,0.80,-1,-1,-1
25,150,1883.64,656.29,39.98,78.91,0.70,-1,-1,-1
25,152,615.95,1440.05,67.56,84.69,0.59,-1,-1,-1
25,153,2151.60,794.61,46.26,100.19,0.60,-1,-1,-1
25,154,2091.35,730.03,45.41,104.91,0.51,-1,-1,-1
25,155,1717.59,461.00,147.66,83.05,0.25,-1,-1,-1
25,156,583.18,875.52,41.23,103.59,0.55,-1,-1,-1
25,128,2388.80,710.34,38.98,83.43,0.49,-1,-1,-1
26,118,1404.38,744.32,218.40,147.73,0.84,-1,-1,-1
26,121,1312.28,506.14,149.82,79.51,0.81,-1,-1,-1
26,122,1484.42,393.70,84.88,66.12,0.83,-1,-1,-1
26,124,1230.25,547.55,180.08,143.02,0.63,-1,-1,-1
26,125,878.98,446.67,123.50,81.57,0.85,-1,-1,-1
26,132,1572.04,901.21,38.71,79.27,0.14,-1,-1,-1
26,123,684.25,724.20,151.63,148.74,0.77,-1,-1,-1
26,150,1879.91,657.88,40.19,79.77,0.66,-1,-1,-1
26,152,606.36,1439.94,68.01,85.64,0.52,-1,-1,-1
26,153,2150.64,793.12,46.16,100.02,0.59,-1,-1,-1
26,154,2084.63,728.91,43.18,99.66,0.57,-1,-1,-1
26,155,1714.52,462.15,147.98,83.64,0.25,-1,-1,-1
26,156,576.69,874.82,42.02,105.69,0.41,-1,-1,-1
26,128,2385.60,710.04,39.16,82.75,0.49,-1,-1,-1
26,157,1538.10,875.77,44.34,89.03,0.65,-1,-1,-1
27,118,1399.78,744.42,217.82,147.98,0.86,-1,-1,-1
27,121,1290.85,499.98,148.90,79.83,0.82,-1,-1,-1
27,122,1480.69,393.33,84.69,65.86,0.85,-1,-1,-1
27,124,1230.06,547.70,184.89,148.21,0.56,-1,-1,-1
27,125,881.38,449.31,124.28,82.48,0.86,-1,-1,-1
27,132,1577.29,909.73,38.34,78.88,0.52,-1,-1,-1
27,123,674.91,724.84,149.75,148.43,0.78,-1,-1,-1
27,150,1875.17,660.35,40.16,79.79,0.65,-1,-1,-1
27,152,597.75,1439.18,67.65,85.60,0.55,-1,-1,-1
27,153,2148.37,791.99,46.19,100.01,0.65,-1,-1,-1
27,154,2077.60,730.57,41.21,95.03,0.63,-1,-1,-1
27,155,1718.51,463.21,129.69,73.39,0.47,-1,-1,-1
27,156,569.15,875.07,40.79,102.47,0.63,-1,-1,-1
27,128,2381.60,707.02,39.52,83.16,0.48,-1,-1,-1
27,157,1526.06,873.18,46.36,93.24,0.63,-1,-1,-1
27,158,2543.76,752.12,40.38,84.83,0.67,-1,-1,-1
27,159,358.08,1160.73,47.33,74.33,0.55,-1,-1,-1
27,160,2095.20,788.50,43.75,84.34,0.58,-1,-1,-1
28,118,1396.35,744.36,214.85,146.59,0.85,-1,-1,-1
28,121,1269.81,494.01,149.69,81.02,0.78,-1,-1,-1
28,122,1475.41,393.46,84.56,65.53,0.83,-1,-1,-1
28,124,1229.54,546.53,187.59,151.97,0.57,-1,-1,-1
28,125,881.97,451.50,124.64,83.29,0.85,-1,-1,-1
28,132,1580.93,901.73,47.77,98.48,0.57,-1,-1,-1
28,123,667.74,725.79,147.86,148.20,0.78,-1,-1,-1
28,150,1870.46,661.74,40.25,80.29,0.67,-1,-1,-1
28,152,586.79,1438.40,68.00,86.67,0.48,-1,-1,-1
28,153,2145.52,792.32,45.67,98.67,0.63,-1,-1,-1
28,154,2067.41,731.99,39.45,90.63,0.66,-1,-1,-1
28,155,1724.78,464.51,114.94,64.54,0.22,-1,-1,-1
28,156,562.42,873.95,40.83,102.44,0.53,-1,-1,-1
28,128,2375.43,703.65,40.83,85.84,0.61,-1,-1,-1
28,157,1516.07,875.28,44.51,89.58,0.57,-1,-1,-1
28,158,2541.41,751.80,39.18,82.24,0.71,-1,-1,-1
28,160,2094.48,788.12,43.39,83.75,0.64,-1,-1,-1
29,118,1389.73,744.11,213.69,146.24,0.82,-1,-1,-1
29,121,1253.46,489.33,142.91,77.69,0.83,-1,-1,-1
29,122,1471.46,393.26,85.20,65.94,0.81,-1,-1,-1
29,124,1232.05,547.49,180.60,146.94,0.64,-1,-1,-1
29,125,883.22,454.86,124.12,83.47,0.81,-1,-1,-1
29,123,661.39,725.41,146.99,148.64,0.76,-1,-1,-1
29,150,1864.98,662.54,40.22,80.95,0.68,-1,-1,-1
29,152,576.02,1439.11,67.40,86.40,0.47,-1,-1,-1
29,153,2143.06,791.61,45.32,97.75,0.60,-1,-1,-1
29,154,2057.04,733.02,40.46,92.50,0.62,-1,-1,-1
29,155,1718.61,464.63,133.22,75.04,0.14,-1,-1,-1
29,156,556.36,874.11,41.58,104.16,0.45,-1,-1,-1
29,128,2371.14,702.19,41.21,86.11,0.39,-1,-1,-1
29,157,1502.52,875.54,44.20,89.15,0.58,-1,-1,-1
29,158,2537.59,750.19,38.40,80.42,0.72,-1,-1,-1
29,160,2091.40,785.22,44.05,85.31,0.51,-1,-1,-1
30,118,1382.77,744.80,211.50,144.72,0.87,-1,-1,-1
30,121,1232.18,482.04,144.40,79.57,0.79,-1,-1,-1
30,122,1466.67,393.57,85.55,66.04,0.85,-1,-1,-1
30,124,1236.07,549.86,169.71,137.72,0.70,-1,-1,-1
30,125,883.58,457.27,122.96,83.28,0.85,-1,-1,-1
30,123,653.45,725.66,144.88,148.63,0.80,-1,-1,-1
30,150,1859.95,663.30,40.01,80.86,0.75,-1,-1,-1
30,152,564.18,1439.57,66.84,85.75,0.54,-1,-1,-1
30,153,2140.29,790.55,44.55,95.98,0.64,-1,-1,-1
30,154,2046.79,734.76,40.25,90.78,0.68,-1,-1,-1
30,155,1703.63,462.14,138.77,78.73,0.28,-1,-1,-1
30,156,548.95,876.10,40.74,102.32,0.47,-1,-1,-1
30,157,1491.90,879.55,46.70,94.24,0.46,-1,-1,-1
30,158,2533.64,748.81,38.40,80.24,0.70,-1,-1,-1
30,160,2089.60,783.05,44.09,85.74,0.43,-1,-1,-1
31,118,1374.85,744.73,212.99,145.88,0.83,-1,-1,-1
31,121,1216.14,475.90,136.15,75.42,0.74,-1,-1,-1
31,122,1462.46,392.62,86.53,66.60,0.80,-1,-1,-1
31,124,1235.64,552.37,165.40,133.94,0.72,-1,-1,-1
31,125,883.26,460.15,122.44,83.47,0.83,-1,-1,-1
31,123,650.75,724.70,145.55,149.62,0.82,-1,-1,-1
31,150,1852.60,664.62,40.05,81.16,0.67,-1,-1,-1
31,152,551.14,1439.22,67.59,86.85,0.49,-1,-1,-1
31,153,2136.72,788.99,43.54,94.20,0.60,-1,-1,-1
31,154,2038.40,735.02,41.22,92.67,0.64,-1,-1,-1
31,155,1691.62,459.85,143.86,82.30,0.62,-1,-1,-1
31,156,541.09,875.57,41.17,103.33,0.48,-1,-1,-1
31,157,1478.57,881.46,46.42,93.67,0.50,-1,-1,-1
31,158,2528.43,748.01,39.07,81.36,0.69,-1,-1,-1
31,160,2082.56,784.89,43.51,85.01,0.72,-1,-1,-1
31,163,734.41,442.40,117.16,82.43,0.75,-1,-1,-1
31,164,496.69,167.74,76.82,45.81,0.55,-1,-1,-1
32,118,1368.10,744.40,213.03,146.31,0.83,-1,-1,-1
32,121,1197.25,469.55,135.31,75.36,0.80,-1,-1,-1
32,122,1457.12,392.38,86.63,66.65,0.82,-1,-1,-1
32,124,1234.22,555.55,168.93,137.48,0.77,-1,-1,-1
32,125,883.88,463.53,122.04,83.29,0.83,-1,-1,-1
32,123,640.42,725.88,143.37,148.86,0.79,-1,-1,-1
32,150,1845.31,666.19,40.59,82.82,0.71,-1,-1,-1
32,152,540.49,1440.72,67.34,86.95,0.52,-1,-1,-1
32,153,2133.66,789.73,41.52,89.77,0.69,-1,-1,-1
32,154,2027.79,734.53,41.35,92.33,0.72,-1,-1,-1
32,155,1684.89,460.29,142.11,81.59,0.64,-1,-1,-1
32,156,533.68,876.53,41.11,103.74,0.51,-1,-1,-1
32,157,1463.81,881.30,48.26,97.53,0.44,-1,-1,-1
32,158,2524.31,747.81,38.51,79.53,0.71,-1,-1,-1
32,160,2078.36,784.39,43.33,85.27,0.71,-1,-1,-1
32,163,736.64,449.77,117.69,82.85,0.67,-1,-1,-1
32,164,495.64,172.38,68.37,40.67,0.53,-1,-1,-1
33,118,1361.67,743.75,213.24,147.06,0.83,-1,-1,-1
33,121,1180.38,462.41,130.33,73.01,0.76,-1,-1,-1
33,122,1452.05,391.87,87.26,67.34,0.80,-1,-1,-1
33,124,1232.41,557.83,174.39,142.53,0.75,-1,-1,-1
33,125,882.40,466.21,122.68,83.95,0.85,-1,-1,-1
33,123,632.99,726.38,141.94,148.37,0.81,-1,-1,-1
33,150,1837.79,667.17,41.72,85.34,0.69,-1,-1,-1
33,152,527.04,1440.61,67.79,87.62,0.54,-1,-1,-1
33,153,2128.50,788.20,42.03,90.79,0.65,-1,-1,-1
33,154,2016.71,734.62,41.19,91.68,0.68,-1,-1,-1
33,155,1677.59,459.88,143.94,83.52,0.31,-1,-1,-1
33,156,524.61,873.63,41.47,104.15,0.46,-1,-1,-1
33,157,1450.61,880.44,45.83,93.02,0.62,-1,-1,-1
33,158,2520.59,746.42,39.33,80.40,0.65,-1,-1,-1
33,160,2074.77,783.35,42.75,84.45,0.55,-1,-1,-1
33,163,738.94,455.83,116.73,82.19,0.70,-1,-1,-1
33,164,492.93,173.35,65.61,38.98,0.47,-1,-1,-1
33,165,2345.36,697.20,39.06,84.61,0.63,-1,-1,-1
34,118,1350.60,743.98,214.59,148.34,0.82,-1,-1,-1
34,121,1162.37,457.27,128.28,72.19,0.82,-1,-1,-1
34,122,1446.48,391.94,87.05,67.19,0.82,-1,-1,-1
34,124,1228.90,558.63,179.46,147.19,0.73,-1,-1,-1
34,125,880.51,468.28,123.28,84.71,0.83,-1,-1,-1
34,123,624.29,726.17,140.27,148.34,0.83,-1,-1,-1
34,150,1828.91,668.45,41.72,85.89,0.72,-1,-1,-1
34,152,509.30,1442.11,67.29,86.55,0.25,-1,-1,-1
34,153,2123.65,786.64,42.37,91.56,0.62,-1,-1,-1
34,154,2006.93,734.99,41.14,91.48,0.67,-1,-1,-1
34,155,1675.20,459.60,140.26,81.99,0.48,-1,-1,-1
34,156,515.83,876.85,40.99,103.39,0.30,-1,-1,-1
34,157,1437.50,882.74,48.06,98.24,0.59,-1,-1,-1
34,158,2515.29,747.36,39.28,79.99,0.76,-1,-1,-1
34,160,2073.46,780.16,42.99,85.78,0.46,-1,-1,-1
34,163,742.92,462.03,117.42,82.60,0.64,-1,-1,-1
34,164,485.54,171.61,65.90,39.04,0.48,-1,-1,-1
34,165,2338.90,697.67,38.69,83.80,0.66,-1,-1,-1
35,118,1344.48,743.92,212.36,147.02,0.85,-1,-1,-1
35,121,1143.43,451.75,128.31,72.86,0.83,-1,-1,-1
35,122,1443.07,392.74,85.81,66.09,0.84,-1,-1,-1
35,124,1231.04,560.74,173.76,142.18,0.72,-1,-1,-1
35,125,880.26,470.64,124.40,85.93,0.82,-1,-1,-1
35,123,624.77,726.35,141.66,148.69,0.84,-1,-1,-1
35,150,1823.85,668.56,40.88,84.38,0.70,-1,-1,-1
35,152,497.99,1440.80,68.41,87.85,0.54,-1,-1,-1
35,153,2119.10,785.69,43.35,93.18,0.63,-1,-1,-1
35,154,1997.56,734.45,41.52,92.12,0.64,-1,-1,-1
35,155,1676.24,460.45,138.66,81.71,0.33,-1,-1,-1
35,156,504.54,874.59,40.78,102.89,0.50,-1,-1,-1
35,157,1435.60,899.75,41.79,85.70,0.50,-1,-1,-1
35,158,2512.65,746.08,39.66,80.53,0.71,-1,-1,-1
35,160,2071.23,781.30,41.12,82.67,0.47,-1,-1,-1
35,163,745.82,467.15,124.39,87.80,0.71,-1,-1,-1
35,164,481.20,171.13,64.51,38.11,0.58,-1,-1,-1
35,165,2333.99,696.40,39.13,84.67,0.68,-1,-1,-1
35,166,1346.22,832.88,45.86,96.88,0.56,-1,-1,-1
36,118,1340.39,744.40,211.58,146.62,0.86,-1,-1,-1
36,121,1129.44,446.05,128.28,73.61,0.85,-1,-1,-1
36,122,1441.47,393.63,85.35,65.63,0.84,-1,-1,-1
36,124,1232.85,561.56,179.83,147.26,0.54,-1,-1,-1
36,125,883.21,473.35,125.41,87.00,0.85,-1,-1,-1
36,123,620.50,724.80,143.12,150.37,0.85,-1,-1,-1
36,150,1820.17,669.76,41.35,85.67,0.65,-1,-1,-1
36,152,488.62,1440.29,68.80,88.50,0.56,-1,-1,-1
36,153,2120.69,786.70,42.80,92.37,0.59,-1,-1,-1
36,154,1992.17,735.32,41.54,92.06,0.67,-1,-1,-1
36,155,1676.52,461.21,135.52,80.12,0.19,-1,-1,-1
36,156,499.29,874.09,40.62,102.41,0.57,-1,-1,-1
36,157,1419.82,889.22,45.78,95.08,0.55,-1,-1,-1
36,158,2511.69,745.58,39.95,81.31,0.70,-1,-1,-1
36,160,2071.67,778.61,40.28,81.98,0.44,-1,-1,-1
36,163,751.14,473.57,127.90,90.57,0.78,-1,-1,-1
36,164,484.84,171.48,62.11,36.77,0.16,-1,-1,-1
36,165,2332.21,696.32,39.13,84.52,0.69,-1,-1,-1
36,166,1343.19,834.83,45.77,96.53,0.58,-1,-1,-1
37,118,1341.12,744.21,210.60,146.08,0.88,-1,-1,-1
37,121,1121.34,440.87,125.75,72.85,0.85,-1,-1,-1
37,122,1444.92,393.29,86.65,66.70,0.83,-1,-1,-1
37,124,1249.49,565.27,163.84,131.04,0.48,-1,-1,-1
37,125,889.37,475.39,126.62,87.98,0.84,-1,-1,-1
37,123,623.40,724.72,144.03,150.45,0.86,-1,-1,-1
37,150,1822.01,674.19,40.10,83.46,0.67,-1,-1,-1
37,152,484.01,1439.03,69.36,89.86,0.57,-1,-1,-1
37,153,2126.06,786.36,42.99,92.79,0.64,-1,-1,-1
37,154,1991.42,740.19,40.49,89.50,0.69,-1,-1,-1
37,155,1675.70,460.44,140.67,83.89,0.16,-1,-1,-1
37,156,497.95,872.85,40.58,102.01,0.54,-1,-1,-1
37,157,1412.84,885.94,48.23,101.47,0.54,-1,-1,-1
37,158,2517.45,746.89,40.11,81.56,0.62,-1,-1,-1
37,163,763.33,479.20,129.31,91.68,0.78,-1,-1,-1
37,165,2339.25,697.35,37.42,80.56,0.54,-1,-1,-1
37,166,1343.43,838.65,43.91,92.24,0.58,-1,-1,-1
38,118,1346.84,744.89,209.23,145.47,0.86,-1,-1,-1
38,121,1119.04,436.74,120.97,70.61,0.84,-1,-1,-1
38,122,1453.59,394.33,86.61,66.50,0.83,-1,-1,-1
38,124,1260.30,567.90,169.13,134.61,0.63,-1,-1,-1
38,125,900.45,477.47,128.26,88.91,0.83,-1,-1,-1
38,123,627.95,724.02,144.77,150.82,0.86,-1,-1,-1
38,150,1827.47,677.47,40.92,85.56,0.66,-1,-1,-1
38,152,482.79,1435.26,71.83,93.81,0.60,-1,-1,-1
38,153,2136.55,789.84,43.25,92.90,0.59,-1,-1,-1
38,154,1993.02,743.69,43.88,96.76,0.62,-1,-1,-1
38,155,1680.14,460.83,145.16,87.05,0.51,-1,-1,-1
38,163,782.56,484.84,126.54,89.74,0.75,-1,-1,-1
38,165,2350.97,702.93,35.80,76.29,0.54,-1,-1,-1
38,166,1347.74,838.29,42.77,89.62,0.45,-1,-1,-1
38,167,1923.26,516.43,148.91,107.87,0.67,-1,-1,-1
39,118,1356.63,744.07,210.80,147.03,0.87,-1,-1,-1
39,121,1119.02,430.74,122.30,72.40,0.82,-1,-1,-1
39,122,1464.65,395.17,87.74,67.11,0.81,-1,-1,-1
39,124,1276.16,571.26,165.34,128.91,0.54,-1,-1,-1
39,125,915.74,481.00,130.10,90.13,0.80,-1,-1,-1
39,123,632.84,724.01,142.32,149.35,0.81,-1,-1,-1
39,150,1836.87,681.57,42.14,88.42,0.67,-1,-1,-1
39,152,483.57,1431.88,74.44,97.53,0.56,-1,-1,-1
39,163,802.76,489.98,128.96,91.24,0.83,-1,-1,-1
39,166,1352.62,829.75,48.44,101.88,0.36,-1,-1,-1
39,167,1937.88,520.13,146.90,106.58,0.43,-1,-1,-1
39,130,2008.28,747.96,46.33,99.37,0.63,-1,-1,-1
40,118,1367.93,744.54,212.27,148.64,0.84,-1,-1,-1
40,121,1126.78,427.16,116.11,69.02,0.79,-1,-1,-1
40,122,1480.66,395.13,88.50,67.71,0.74,-1,-1,-1
40,124,1290.03,574.15,177.70,138.70,0.39,-1,-1,-1
40,125,935.28,484.69,129.51,89.33,0.80,-1,-1,-1
40,123,644.97,723.49,140.86,149.01,0.81,-1,-1,-1
40,152,486.34,1426.43,75.70,100.44,0.50,-1,-1,-1
40,163,824.22,494.68,132.63,93.99,0.73,-1,-1,-1
40,167,1955.21,524.76,149.16,108.33,0.30,-1,-1,-1
40,130,2016.97,750.88,46.69,99.56,0.61,-1,-1,-1
40,131,1859.69,687.27,39.63,88.86,0.71,-1,-1,-1
41,118,1384.22,746.13,212.54,149.45,0.86,-1,-1,-1
41,121,1135.62,422.17,114.41,68.52,0.78,-1,-1,-1
41,122,1500.38,396.79,88.75,67.73,0.76,-1,-1,-1
41,124,1317.57,578.03,156.77,118.38,0.59,-1,-1,-1
41,125,956.17,486.38,132.96,91.61,0.79,-1,-1,-1
41,123,660.08,722.91,138.92,148.00,0.82,-1,-1,-1
41,163,852.96,500.98,134.95,95.78,0.78,-1,-1,-1
41,167,1970.61,522.09,154.10,112.20,0.15,-1,-1,-1
41,171,2357.73,1150.83,142.24,151.14,0.57,-1,-1,-1
41,131,1872.38,689.36,41.13,89.64,0.63,-1,-1,-1
41,126,2037.47,757.89,45.64,95.48,0.64,-1,-1,-1
42,118,1398.15,749.19,213.01,149.90,0.85,-1,-1,-1
42,121,1147.62,419.71,109.75,66.10,0.83,-1,-1,-1
42,122,1521.38,399.47,87.90,66.72,0.76,-1,-1,-1
42,124,1329.78,581.41,178.36,134.32,0.60,-1,-1,-1
42,125,981.04,489.88,132.76,91.28,0.82,-1,-1,-1
42,123,675.84,719.73,139.17,149.93,0.86,-1,-1,-1
42,163,880.60,506.85,134.09,94.96,0.76,-1,-1,-1
42,167,1993.61,525.29,152.43,111.17,0.37,-1,-1,-1
42,171,2369.63,1144.18,135.67,144.22,0.65,-1,-1,-1
42,131,1889.50,692.83,40.09,87.15,0.64,-1,-1,-1
42,160,2051.52,765.10,46.14,94.70,0.53,-1,-1,-1
43,118,1416.01,752.82,207.62,146.52,0.82,-1,-1,-1
43,121,1157.63,413.85,110.41,67.05,0.80,-1,-1,-1
43,122,1540.61,400.33,88.72,67.15,0.80,-1,-1,-1
43,124,1349.41,585.66,177.20,133.07,0.62,-1,-1,-1
43,125,1003.39,492.81,136.81,94.54,0.82,-1,-1,-1
43,123,692.28,718.02,137.79,149.64,0.86,-1,-1,-1
43,163,907.17,513.80,135.63,96.29,0.73,-1,-1,-1
43,167,2015.15,530.55,151.47,110.93,0.37,-1,-1,-1
43,171,2368.96,1128.71,149.96,160.00,0.76,-1,-1,-1
43,131,1906.56,698.69,38.87,83.99,0.68,-1,-1,-1
43,160,2059.89,767.07,46.09,94.95,0.68,-1,-1,-1
44,118,1426.55,756.10,203.98,144.16,0.86,-1,-1,-1
44,121,1162.56,411.01,106.18,64.68,0.78,-1,-1,-1
44,122,1552.91,401.54,88.60,66.53,0.87,-1,-1,-1
44,124,1359.94,589.00,178.65,134.65,0.72,-1,-1,-1
44,125,1019.06,496.63,136.63,95.21,0.83,-1,-1,-1
44,123,701.43,718.32,135.32,147.87,0.86,-1,-1,-1
44,163,929.90,521.63,132.50,94.68,0.52,-1,-1,-1
44,167,2042.28,532.51,116.20,83.46,0.18,-1,-1,-1
44,171,2358.07,1115.13,149.13,160.30,0.50,-1,-1,-1
44,131,1913.00,703.91,39.39,85.40,0.70,-1,-1,-1
44,160,2064.79,769.04,45.62,94.48,0.65,-1,-1,-1
44,175,1505.62,921.25,45.23,99.28,0.51,-1,-1,-1
45,118,1424.31,759.36,202.25,142.81,0.80,-1,-1,-1
45,121,1156.25,408.27,101.57,61.93,0.83,-1,-1,-1
45,122,1553.63,402.67,88.82,66.21,0.81,-1,-1,-1
45,124,1368.77,592.30,162.47,120.89,0.67,-1,-1,-1
45,125,1025.35,500.12,133.38,93.49,0.82,-1,-1,-1
45,123,698.45,718.24,133.85,147.65,0.86,-1,-1,-1
45,163,936.36,527.08,138.10,99.90,0.75,-1,-1,-1
45,167,2037.83,531.70,117.01,83.35,0.40,-1,-1,-1
45,171,2345.88,1109.62,145.39,156.82,0.46,-1,-1,-1
45,131,1910.91,707.27,39.24,84.76,0.70,-1,-1,-1
45,176,642.95,219.24,57.36,48.14,0.81,-1,-1,-1
45,177,659.24,275.48,77.03,60.22,0.62,-1,-1,-1
45,126,2054.02,775.12,44.08,92.07,0.61,-1,-1,-1
46,118,1416.60,759.21,202.75,143.09,0.85,-1,-1,-1
46,121,1143.13,403.88,99.89,60.94,0.80,-1,-1,-1
46,122,1549.13,403.14,89.70,66.61,0.82,-1,-1,-1
46,124,1367.54,593.77,158.56,116.19,0.69,-1,-1,-1
46,125,1024.89,502.80,132.65,93.47,0.84,-1,-1,-1
46,123,692.98,718.05,132.23,147.27,0.86,-1,-1,-1
46,163,942.28,534.92,135.79,98.95,0.75,-1,-1,-1
46,167,2028.68,535.28,121.25,85.97,0.24,-1,-1,-1
46,171,2323.93,1090.99,145.77,158.63,0.33,-1,-1,-1
46,176,642.75,219.25,58.04,48.79,0.79,-1,-1,-1
46,177,660.45,277.05,76.81,60.10,0.65,-1,-1,-1
46,178,682.77,191.98,57.40,36.51,0.69,-1,-1,-1
46,126,2047.38,777.77,44.27,92.49,0.57,-1,-1,-1
46,158,2515.71,738.92,41.26,84.30,0.55,-1,-1,-1
46,152,465.58,1417.37,80.11,107.83,0.55,-1,-1,-1
47,118,1410.20,761.78,202.15,142.24,0.86,-1,-1,-1
47,121,1129.36,399.55,98.65,60.39,0.82,-1,-1,-1
47,122,1544.33,403.93,89.56,66.04,0.84,-1,-1,-1
47,124,1356.29,595.68,174.74,128.20,0.61,-1,-1,-1
47,125,1023.68,506.59,131.11,92.70,0.89,-1,-1,-1
47,123,684.38,719.69,129.72,145.55,0.86,-1,-1,-1
47,163,944.63,542.26,135.19,99.16,0.77,-1,-1,-1
47,167,2021.31,537.03,127.51,90.14,0.54,-1,-1,-1
47,171,2307.16,1087.06,135.05,147.62,0.46,-1,-1,-1
47,176,641.63,220.24,58.76,49.49,0.80,-1,-1,-1
47,177,662.84,281.33,74.81,58.45,0.47,-1,-1,-1
47,178,677.74,190.60,57.17,36.39,0.73,-1,-1,-1
47,126,2036.78,777.94,44.79,94.64,0.67,-1,-1,-1
47,179,1886.68,709.37,38.19,87.14,0.61,-1,-1,-1
47,180,1779.95,476.02,124.96,84.72,0.62,-1,-1,-1
47,181,2228.31,809.83,42.92,91.67,0.57,-1,-1,-1
47,158,2508.79,742.11,40.68,80.73,0.42,-1,-1,-1
47,152,453.41,1414.04,79.97,109.60,0.53,-1,-1,-1
48,118,1401.37,761.04,204.47,144.14,0.84,-1,-1,-1
48,121,1113.91,395.12,97.21,59.67,0.82,-1,-1,-1
48,122,1539.67,405.28,88.10,64.68,0.85,-1,-1,-1
48,124,1355.37,598.60,166.77,121.08,0.44,-1,-1,-1
48,125,1018.28,509.28,133.40,94.70,0.87,-1,-1,-1
48,123,673.36,721.58,128.68,145.45,0.86,-1,-1,-1
48,163,945.33,548.63,136.12,100.83,0.80,-1,-1,-1
48,167,2009.51,538.05,132.20,93.69,0.60,-1,-1,-1
48,171,2280.31,1075.81,142.33,158.01,0.34,-1,-1,-1
48,176,641.03,222.29,59.17,49.90,0.80,-1,-1,-1
48,177,658.52,283.87,68.53,53.83,0.51,-1,-1,-1
48,178,670.71,189.09,57.13,36.38,0.74,-1,-1,-1
48,126,2025.10,778.44,44.65,95.05,0.57,-1,-1,-1
48,179,1878.27,710.29,38.14,86.96,0.65,-1,-1,-1
48,180,1776.54,476.64,122.44,83.13,0.62,-1,-1,-1
48,181,2220.97,809.11,43.70,93.26,0.58,-1,-1,-1
48,158,2503.51,740.57,39.78,78.54,0.56,-1,-1,-1
48,152,434.81,1416.31,79.93,109.37,0.56,-1,-1,-1
49,118,1396.18,765.33,202.59,142.88,0.81,-1,-1,-1
49,121,1099.95,392.51,94.56,58.25,0.82,-1,-1,-1
49,122,1534.72,405.33,88.16,64.82,0.83,-1,-1,-1
49,124,1351.12,600.33,168.30,121.35,0.34,-1,-1,-1
49,125,1019.73,513.36,132.01,94.57,0.80,-1,-1,-1
49,123,664.67,722.35,127.45,145.17,0.86,-1,-1,-1
49,163,944.73,553.71,139.08,104.31,0.72,-1,-1,-1
49,167,2003.57,540.81,130.17,92.00,0.65,-1,-1,-1
49,171,2265.74,1068.12,131.79,147.02,0.35,-1,-1,-1
49,176,641.51,225.60,58.93,49.82,0.79,-1,-1,-1
49,177,656.49,284.95,79.11,62.17,0.14,-1,-1,-1
49,178,664.41,188.17,56.85,36.25,0.63,-1,-1,-1
49,126,2014.19,779.10,43.89,93.55,0.62,-1,-1,-1
49,179,1867.25,709.95,38.59,88.11,0.65,-1,-1,-1
49,180,1769.69,476.78,121.37,82.50,0.69,-1,-1,-1
49,181,2214.70,810.03,43.65,93.03,0.63,-1,-1,-1
49,158,2497.13,736.56,41.51,81.51,0.58,-1,-1,-1
49,152,417.63,1416.04,79.62,109.14,0.48,-1,-1,-1
49,184,1330.00,325.22,73.03,54.64,0.69,-1,-1,-1
49,185,2075.64,615.49,43.69,79.76,0.58,-1,-1,-1
50,118,1387.53,766.42,205.19,145.27,0.81,-1,-1,-1
50,121,1085.37,387.50,94.56,58.39,0.82,-1,-1,-1
50,122,1529.33,404.76,89.39,65.86,0.86,-1,-1,-1
50,124,1344.39,601.93,169.45,121.82,0.49,-1,-1,-1
50,125,1019.16,517.30,129.76,93.48,0.82,-1,-1,-1
50,123,655.74,722.54,125.83,144.71,0.85,-1,-1,-1
50,163,944.16,559.34,140.04,105.87,0.71,-1,-1,-1
50,167,1996.12,541.76,130.68,91.88,0.62,-1,-1,-1
50,171,2245.72,1054.52,130.00,146.89,0.32,-1,-1,-1
50,176,641.03,227.14,59.10,50.07,0.78,-1,-1,-1
50,177,651.11,285.32,88.18,69.82,0.14,-1,-1,-1
50,178,657.83,187.28,56.85,36.33,0.57,-1,-1,-1
50,126,2001.42,779.99,45.46,96.85,0.69,-1,-1,-1
50,179,1858.34,713.22,38.53,87.91,0.68,-1,-1,-1
50,180,1759.51,477.50,122.71,83.62,0.37,-1,-1,-1
50,181,2208.49,809.74,44.39,94.34,0.62,-1,-1,-1
50,158,2489.55,733.51,41.59,81.38,0.41,-1,-1,-1
50,152,401.95,1419.49,77.23,105.37,0.49,-1,-1,-1
50,184,1321.90,323.83,75.08,56.13,0.60,-1,-1,-1
50,185,2076.35,618.89,43.45,79.32,0.56,-1,-1,-1
51,118,1380.24,770.32,204.89,145.17,0.83,-1,-1,-1
51,121,1071.86,384.62,92.25,56.90,0.80,-1,-1,-1
51,122,1524.88,405.59,88.51,65.14,0.84,-1,-1,-1
51,124,1338.46,605.28,167.55,119.72,0.48,-1,-1,-1
51,125,1011.85,520.22,131.79,94.84,0.81,-1,-1,-1
51,123,645.73,721.33,126.23,146.02,0.87,-1,-1,-1
51,163,943.89,566.31,139.34,106.04,0.74,-1,-1,-1
51,167,1987.40,543.44,133.50,93.82,0.59,-1,-1,-1
51,171,2224.19,1044.64,127.15,145.52,0.43,-1,-1,-1
51,176,639.93,228.40,59.24,50.33,0.77,-1,-1,-1
51,178,652.07,186.55,57.05,36.54,0.65,-1,-1,-1
51,126,1988.58,782.85,47.00,99.02,0.64,-1,-1,-1
51,179,1846.67,717.12,38.84,88.64,0.69,-1,-1,-1
51,180,1758.00,478.52,114.17,77.54,0.51,-1,-1,-1
51,181,2202.66,810.07,45.36,96.61,0.53,-1,-1,-1
51,158,2479.34,734.96,42.42,82.82,0.53,-1,-1,-1
51,152,388.75,1432.81,70.11,93.67,0.16,-1,-1,-1
51,184,1319.89,329.26,68.94,51.19,0.39,-1,-1,-1
51,185,2080.92,626.68,41.11,74.91,0.41,-1,-1,-1
51,154,1907.96,755.07,44.39,96.44,0.50,-1,-1,-1
52,118,1372.44,773.00,206.27,146.36,0.86,-1,-1,-1
52,121,1056.82,380.04,93.95,58.23,0.81,-1,-1,-1
52,122,1518.37,406.19,87.13,64.28,0.80,-1,-1,-1
52,124,1335.72,609.45,162.05,115.30,0.41,-1,-1,-1
52,125,1008.88,522.70,133.28,96.30,0.82,-1,-1,-1
52,123,634.32,722.06,126.36,147.13,0.86,-1,-1,-1
52,163,943.45,573.39,140.65,107.83,0.76,-1,-1,-1
52,167,1979.09,543.19,137.47,96.66,0.52,-1,-1,-1
52,171,2206.30,1034.78,125.58,145.56,0.46,-1,-1,-1
52,176,638.26,229.98,59.68,50.97,0.78,-1,-1,-1
52,178,646.59,186.00,55.51,35.52,0.58,-1,-1,-1
52,126,1976.94,786.40,48.23,101.68,0.65,-1,-1,-1
52,179,1836.92,720.31,40.90,93.19,0.69,-1,-1,-1
52,180,1749.44,479.26,119.30,81.28,0.73,-1,-1,-1
52,181,2196.77,809.08,45.65,97.24,0.57,-1,-1,-1
52,158,2472.45,731.41,42.34,82.50,0.49,-1,-1,-1
52,152,368.81,1434.74,69.52,92.61,0.14,-1,-1,-1
52,184,1317.57,332.58,66.96,49.58,0.44,-1,-1,-1
52,185,2084.28,638.12,37.55,68.18,0.47,-1,-1,-1
52,186,1130.18,272.37,76.08,44.98,0.63,-1,-1,-1
52,154,1897.82,756.74,45.09,97.14,0.48,-1,-1,-1
53,118,1366.82,775.46,207.31,147.67,0.86,-1,-1,-1
53,121,1043.97,377.03,90.37,55.98,0.80,-1,-1,-1
53,122,1512.71,407.02,86.78,64.01,0.85,-1,-1,-1
53,124,1329.16,611.99,163.37,115.79,0.66,-1,-1,-1
53,125,1005.80,525.60,134.69,97.84,0.82,-1,-1,-1
53,123,625.15,722.70,126.74,148.39,0.86,-1,-1,-1
53,163,942.21,579.49,142.30,109.95,0.76,-1,-1,-1
53,167,1971.08,542.78,142.09,100.06,0.56,-1,-1,-1
53,171,2188.49,1021.14,127.05,148.90,0.39,-1,-1,-1
53,176,638.35,233.32,57.85,49.47,0.78,-1,-1,-1
53,178,641.92,186.20,52.70,33.61,0.58,-1,-1,-1
53,126,1964.98,790.00,47.71,100.04,0.65,-1,-1,-1
53,179,1826.84,723.15,39.78,90.85,0.69,-1,-1,-1
53,180,1742.17,480.09,121.10,83.14,0.65,-1,-1,-1
53,181,2191.98,807.81,46.53,99.30,0.55,-1,-1,-1
53,158,2465.00,730.84,42.13,82.40,0.41,-1,-1,-1
53,184,1309.95,325.76,75.84,56.37,0.50,-1,-1,-1
53,185,2085.71,643.97,38.34,69.37,0.43,-1,-1,-1
53,186,1128.20,273.32,71.65,42.34,0.71,-1,-1,-1
53,154,1889.99,754.87,47.73,100.06,0.36,-1,-1,-1
54,118,1359.61,777.55,207.77,148.69,0.85,-1,-1,-1
54,121,1030.24,373.29,89.21,55.40,0.78,-1,-1,-1
54,122,1507.44,407.75,86.98,64.06,0.84,-1,-1,-1
54,124,1318.89,615.39,177.13,125.89,0.68,-1,-1,-1
54,125,1003.19,528.12,134.52,98.29,0.82,-1,-1,-1
54,123,615.92,726.59,123.44,145.35,0.85,-1,-1,-1
54,163,941.20,585.82,141.42,109.86,0.78,-1,-1,-1
54,167,1962.67,543.48,146.04,102.88,0.54,-1,-1,-1
54,171,2174.70,1018.65,121.90,144.25,0.27,-1,-1,-1
54,176,638.43,236.43,56.43,48.12,0.78,-1,-1,-1
54,178,636.28,185.63,52.51,33.43,0.47,-1,-1,-1
54,126,1952.12,792.22,48.18,101.98,0.58,-1,-1,-1
54,179,1816.57,725.30,39.58,90.54,0.65,-1,-1,-1
54,180,1734.93,479.88,122.50,84.10,0.31,-1,-1,-1
54,181,2184.34,808.74,45.98,97.65,0.59,-1,-1,-1
54,158,2455.32,731.10,43.67,85.91,0.43,-1,-1,-1
54,184,1308.20,332.66,69.36,51.32,0.17,-1,-1,-1
54,185,2086.65,646.72,39.02,70.36,0.46,-1,-1,-1
54,186,1127.72,273.76,72.38,42.67,0.51,-1,-1,-1
54,154,1877.64,759.77,45.47,94.42,0.28,-1,-1,-1
54,187,385.18,59.47,43.83,25.31,0.53,-1,-1,-1
54,177,647.06,298.91,77.67,61.61,0.54,-1,-1,-1
55,118,1352.85,779.74,207.51,148.95,0.85,-1,-1,-1
55,121,1017.23,370.04,88.35,55.02,0.79,-1,-1,-1
55,122,1501.14,407.55,87.31,64.61,0.78,-1,-1,-1
55,124,1313.26,619.24,189.41,135.05,0.40,-1,-1,-1
55,125,998.08,532.95,134.27,98.28,0.84,-1,-1,-1
55,123,605.16,727.12,124.08,146.54,0.83,-1,-1,-1
55,163,941.21,591.70,141.20,110.13,0.80,-1,-1,-1
55,167,1955.04,541.23,149.17,105.85,0.55,-1,-1,-1
55,171,2160.60,1017.19,119.03,140.98,0.13,-1,-1,-1
55,176,637.60,236.95,57.43,48.94,0.80,-1,-1,-1
55,178,631.00,184.90,52.78,33.59,0.55,-1,-1,-1
55,126,1942.91,792.54,47.87,101.72,0.67,-1,-1,-1
55,179,1808.22,727.34,39.04,89.37,0.70,-1,-1,-1
55,180,1731.03,479.44,122.85,84.44,0.41,-1,-1,-1
55,181,2180.33,809.42,45.01,95.86,0.64,-1,-1,-1
55,158,2446.48,730.49,43.98,87.29,0.22,-1,-1,-1
55,184,1302.36,334.80,67.40,49.39,0.53,-1,-1,-1
55,185,2090.50,649.22,38.65,69.53,0.56,-1,-1,-1
55,186,1122.06,274.30,72.74,42.87,0.69,-1,-1,-1
55,154,1867.59,770.02,44.88,92.34,0.53,-1,-1,-1
55,187,382.94,58.17,45.75,26.47,0.57,-1,-1,-1
55,188,1301.51,859.23,54.99,109.35,0.53,-1,-1,-1
55,177,645.66,302.71,75.71,60.25,0.34,-1,-1,-1
56,118,1349.69,782.58,206.31,148.52,0.85,-1,-1,-1
56,121,1005.54,365.77,88.78,55.57,0.74,-1,-1,-1
56,122,1498.79,408.18,87.12,64.86,0.78,-1,-1,-1
56,124,1311.93,622.07,184.81,131.93,0.60,-1,-1,-1
56,125,997.87,536.29,132.64,97.37,0.85,-1,-1,-1
56,123,597.44,728.42,123.86,146.63,0.84,-1,-1,-1
56,163,940.50,597.34,144.40,113.40,0.80,-1,-1,-1
56,167,1950.02,541.80,145.81,103.64,0.50,-1,-1,-1
56,171,2149.12,1014.20,114.01,136.05,0.52,-1,-1,-1
56,176,638.12,238.09,58.37,49.83,0.78,-1,-1,-1
56,178,628.26,182.99,53.71,34.23,0.49,-1,-1,-1
56,126,1934.67,796.32,46.12,98.02,0.64,-1,-1,-1
56,179,1801.96,731.31,38.87,88.58,0.72,-1,-1,-1
56,180,1734.58,479.57,124.16,84.28,0.20,-1,-1,-1
56,181,2178.55,809.85,43.98,94.06,0.59,-1,-1,-1
56,158,2439.60,732.27,44.36,88.28,0.27,-1,-1,-1
56,184,1297.99,335.60,68.41,49.83,0.66,-1,-1,-1
56,185,2096.98,655.29,37.92,67.72,0.50,-1,-1,-1
56,186,1120.35,275.58,70.84,41.86,0.64,-1,-1,-1
56,154,1859.38,771.74,45.18,92.98,0.49,-1,-1,-1
56,187,384.65,59.55,43.55,25.25,0.59,-1,-1,-1
56,188,1295.83,862.07,49.02,97.15,0.53,-1,-1,-1
56,177,645.42,306.82,73.17,58.55,0.15,-1,-1,-1
57,118,1348.73,785.63,205.18,148.18,0.86,-1,-1,-1
57,121,998.18,361.79,86.32,54.24,0.78,-1,-1,-1
57,122,1497.82,408.06,88.37,66.24,0.79,-1,-1,-1
57,124,1314.28,624.91,175.02,124.91,0.25,-1,-1,-1
57,125,1001.67,538.38,131.52,96.86,0.86,-1,-1,-1
57,123,593.85,728.75,123.29,146.48,0.84,-1,-1,-1
57,163,944.07,602.66,146.10,115.68,0.79,-1,-1,-1
57,167,1946.79,539.93,149.41,106.93,0.49,-1,-1,-1
57,171,2137.27,1008.86,110.84,132.63,0.56,-1,-1,-1
57,176,642.84,240.11,57.92,49.56,0.77,-1,-1,-1
57,178,627.82,182.42,52.71,33.58,0.61,-1,-1,-1
57,126,1927.06,800.30,45.29,95.76,0.68,-1,-1,-1
57,179,1794.28,734.80,38.74,87.98,0.78,-1,-1,-1
57,180,1732.24,476.05,135.67,91.50,0.21,-1,-1,-1
57,181,2178.55,810.77,43.49,93.30,0.56,-1,-1,-1
57,158,2434.82,729.33,46.18,92.20,0.41,-1,-1,-1
57,184,1298.08,336.92,67.79,49.16,0.70,-1,-1,-1
57,185,2105.95,671.71,40.76,69.72,0.59,-1,-1,-1
57,186,1122.75,276.30,68.45,40.56,0.66,-1,-1,-1
57,154,1853.60,768.10,48.98,99.56,0.49,-1,-1,-1
57,187,388.25,59.49,42.81,24.89,0.54,-1,-1,-1
57,188,1292.52,864.80,47.91,94.63,0.55,-1,-1,-1
57,189,2595.68,780.23,42.56,81.42,0.60,-1,-1,-1
58,118,1348.44,789.50,205.27,148.69,0.88,-1,-1,-1
58,121,993.14,359.05,84.36,53.15,0.74,-1,-1,-1
58,122,1498.58,408.05,89.62,67.66,0.79,-1,-1,-1
58,124,1311.24,626.32,191.41,137.72,0.11,-1,-1,-1
58,125,1007.25,542.08,129.86,95.84,0.83,-1,-1,-1
58,123,592.34,729.55,122.72,146.23,0.85,-1,-1,-1
58,163,951.08,610.01,143.80,114.34,0.79,-1,-1,-1
58,167,1946.47,539.84,151.94,109.74,0.35,-1,-1,-1
58,171,2132.73,1006.80,102.68,121.95,0.55,-1,-1,-1
58,176,649.09,241.55,59.07,50.93,0.76,-1,-1,-1
58,178,630.32,182.55,51.92,33.12,0.56,-1,-1,-1
58,126,1922.52,802.72,45.16,95.38,0.69,-1,-1,-1
58,179,1790.50,739.23,38.61,87.38,0.75,-1,-1,-1
58,181,2180.34,813.64,42.94,92.51,0.61,-1,-1,-1
58,158,2436.44,732.06,44.67,89.61,0.37,-1,-1,-1
58,184,1303.76,340.28,65.03,46.80,0.56,-1,-1,-1
58,185,2112.93,672.79,41.62,70.31,0.49,-1,-1,-1
58,186,1126.34,276.29,68.95,40.91,0.76,-1,-1,-1
58,154,1849.47,773.83,47.27,96.35,0.52,-1,-1,-1
58,187,390.22,58.73,44.83,25.92,0.35,-1,-1,-1
58,188,1291.72,869.82,45.97,90.33,0.55,-1,-1,-1
58,189,2598.10,780.33,44.07,84.34,0.58,-1,-1,-1
59,118,1355.74,796.02,204.30,148.08,0.83,-1,-1,-1
59,121,989.94,354.12,86.39,54.85,0.79,-1,-1,-1
59,122,1504.96,409.67,88.82,67.30,0.81,-1,-1,-1
59,124,1317.19,629.86,195.65,142.11,0.23,-1,-1,-1
59,125,1013.99,545.45,131.97,97.85,0.86,-1,-1,-1
59,123,593.36,729.06,122.71,146.96,0.84,-1,-1,-1
59,163,959.44,616.68,147.73,118.46,0.78,-1,-1,-1
59,167,1951.42,541.92,154.11,112.22,0.52,-1,-1,-1
59,171,2125.96,1000.34,105.88,126.39,0.50,-1,-1,-1
59,176,659.40,241.78,60.80,52.94,0.47,-1,-1,-1
59,178,635.42,179.50,54.86,35.17,0.26,-1,-1,-1
59,126,1920.65,806.05,46.08,97.53,0.69,-1,-1,-1
59,179,1790.02,742.86,38.72,87.96,0.74,-1,-1,-1
59,181,2186.86,815.96,42.87,92.57,0.63,-1,-1,-1
59,184,1309.30,338.23,68.20,49.22,0.39,-1,-1,-1
59,186,1132.52,276.48,70.45,41.83,0.75,-1,-1,-1
59,154,1848.08,777.58,47.35,95.85,0.53,-1,-1,-1
59,187,398.45,59.64,47.51,27.28,0.20,-1,-1,-1
59,188,1292.38,872.39,47.61,93.07,0.53,-1,-1,-1
59,189,2608.58,788.77,41.24,78.72,0.33,-1,-1,-1
59,191,1244.43,933.15,44.97,110.29,0.58,-1,-1,-1
60,118,1362.94,800.68,206.56,149.79,0.85,-1,-1,-1
60,121,991.96,351.08,85.00,54.27,0.75,-1,-1,-1
60,122,1513.25,410.30,89.44,68.10,0.78,-1,-1,-1
60,124,1327.17,632.99,184.58,133.82,0.39,-1,-1,-1
60,125,1024.29,549.03,130.77,97.15,0.85,-1,-1,-1
60,123,597.54,728.63,121.91,146.34,0.85,-1,-1,-1
60,163,971.36,623.80,149.15,120.45,0.76,-1,-1,-1
60,167,1958.77,543.32,155.46,114.30,0.54,-1,-1,-1
60,171,2123.77,997.50,106.23,127.18,0.41,-1,-1,-1
60,176,673.31,242.70,61.21,54.03,0.42,-1,-1,-1
60,126,1922.68,809.87,45.27,96.31,0.62,-1,-1,-1
60,179,1791.71,744.93,40.13,91.86,0.70,-1,-1,-1
60,181,2196.14,821.56,41.37,89.02,0.59,-1,-1,-1
60,184,1311.55,330.48,80.51,58.73,0.15,-1,-1,-1
60,186,1144.06,276.37,71.68,42.67,0.65,-1,-1,-1
60,154,1847.05,787.19,46.08,92.87,0.46,-1,-1,-1
60,188,1298.05,876.31,48.38,94.06,0.51,-1,-1,-1
60,189,2622.29,792.07,42.11,80.35,0.48,-1,-1,-1
60,191,1239.39,935.59,44.77,109.62,0.48,-1,-1,-1
60,192,431.40,99.76,62.46,57.93,0.66,-1,-1,-1
60,193,1512.96,171.83,56.77,33.06,0.51,-1,-1,-1
61,118,1366.47,804.59,211.35,153.78,0.85,-1,-1,-1
61,121,992.14,347.50,84.49,54.25,0.70,-1,-1,-1
61,122,1521.83,412.52,87.15,66.24,0.83,-1,-1,-1
61,124,1336.96,635.04,174.03,125.78,0.53,-1,-1,-1
61,125,1032.71,552.51,132.46,98.94,0.87,-1,-1,-1
61,123,600.94,729.39,119.83,144.07,0.84,-1,-1,-1
61,163,981.83,629.71,150.33,122.29,0.79,-1,-1,-1
61,167,1964.97,543.48,154.97,115.41,0.50,-1,-1,-1
61,171,2118.39,987.97,107.85,129.77,0.65,-1,-1,-1
61,176,688.17,245.68,59.87,52.84,0.66,-1,-1,-1
61,126,1922.97,810.98,46.45,98.91,0.64,-1,-1,-1
61,179,1792.21,746.22,41.15,95.12,0.72,-1,-1,-1
61,181,2202.60,822.16,42.59,91.92,0.58,-1,-1,-1
61,184,1317.86,330.41,80.77,59.28,0.14,-1,-1,-1
61,186,1156.60,277.47,70.36,42.34,0.70,-1,-1,-1
61,154,1844.26,791.89,47.78,97.72,0.40,-1,-1,-1
61,188,1299.51,879.72,50.84,98.64,0.47,-1,-1,-1
61,189,2633.36,795.21,42.69,81.60,0.23,-1,-1,-1
61,191,1231.30,937.26,45.17,110.61,0.51,-1,-1,-1
61,193,1520.05,171.19,56.14,32.70,0.19,-1,-1,-1
61,195,2201.50,637.70,37.08,77.90,0.72,-1,-1,-1
62,118,1366.34,809.55,212.61,155.32,0.88,-1,-1,-1
62,121,987.12,344.14,82.32,53.11,0.69,-1,-1,-1
62,122,1522.55,414.04,86.21,65.43,0.85,-1,-1,-1
62,124,1339.54,637.51,165.98,119.26,0.59,-1,-1,-1
62,125,1034.20,555.34,133.56,100.35,0.85,-1,-1,-1
62,123,596.61,729.17,119.65,144.61,0.82,-1,-1,-1
62,163,985.51,637.27,150.54,123.36,0.75,-1,-1,-1
62,167,1966.11,547.33,150.22,112.55,0.56,-1,-1,-1
62,171,2107.43,982.18,104.72,126.22,0.55,-1,-1,-1
62,176,692.93,247.56,60.17,53.36,0.76,-1,-1,-1
62,126,1915.10,814.64,46.68,99.56,0.67,-1,-1,-1
62,179,1787.32,750.35,41.06,94.55,0.75,-1,-1,-1
62,181,2201.01,822.95,43.75,94.16,0.59,-1,-1,-1
62,184,1322.88,326.00,87.30,63.64,0.31,-1,-1,-1
62,186,1159.37,278.29,69.71,42.58,0.64,-1,-1,-1
62,154,1838.42,796.01,46.68,95.76,0.52,-1,-1,-1
62,188,1294.50,884.50,51.42,99.29,0.41,-1,-1,-1
62,189,2633.33,797.37,42.55,81.75,0.26,-1,-1,-1
62,191,1218.37,939.68,45.30,110.98,0.61,-1,-1,-1
62,195,2198.21,638.41,37.25,78.29,0.63,-1,-1,-1
63,118,1362.84,813.65,214.10,156.99,0.83,-1,-1,-1
63,121,978.15,341.70,79.09,51.11,0.74,-1,-1,-1
63,122,1519.10,415.03,85.81,65.40,0.82,-1,-1,-1
63,124,1338.17,641.17,164.57,119.00,0.33,-1,-1,-1
63,125,1031.98,558.74,133.62,100.92,0.86,-1,-1,-1
63,123,588.68,729.84,119.86,145.23,0.86,-1,-1,-1
63,163,984.47,644.10,152.74,126.00,0.73,-1,-1,-1
63,167,1964.12,546.94,150.28,113.74,0.28,-1,-1,-1
63,171,2095.30,973.93,108.41,130.37,0.61,-1,-1,-1
63,176,694.49,249.58,59.11,52.48,0.67,-1,-1,-1
63,126,1905.61,816.82,46.55,99.25,0.66,-1,-1,-1
63,179,1777.10,751.34,41.59,96.46,0.66,-1,-1,-1
63,181,2199.44,821.89,43.42,93.76,0.57,-1,-1,-1
63,186,1155.32,277.99,69.97,43.37,0.67,-1,-1,-1
63,154,1828.51,795.99,47.13,97.72,0.52,-1,-1,-1
63,188,1286.21,889.54,54.58,105.17,0.46,-1,-1,-1
63,189,2628.58,798.36,41.74,80.30,0.52,-1,-1,-1
63,191,1202.74,941.57,40.24,97.56,0.54,-1,-1,-1
63,187,426.11,58.31,46.71,26.75,0.60,-1,-1,-1
64,118,1362.03,820.57,210.89,154.94,0.85,-1,-1,-1
64,121,966.10,337.89,81.19,52.88,0.74,-1,-1,-1
64,122,1514.78,416.25,85.93,65.56,0.84,-1,-1,-1
64,124,1335.36,643.97,164.38,119.47,0.53,-1,-1,-1
64,125,1027.70,562.76,133.50,101.20,0.84,-1,-1,-1
64,123,580.40,731.19,119.07,143.92,0.85,-1,-1,-1
64,163,983.59,652.32,150.78,125.01,0.69,-1,-1,-1
64,167,1957.31,546.52,151.61,115.71,0.16,-1,-1,-1
64,171,2081.69,966.20,105.88,127.45,0.47,-1,-1,-1
64,176,693.37,251.15,60.52,54.18,0.63,-1,-1,-1
64,126,1893.19,820.01,46.39,99.44,0.69,-1,-1,-1
64,179,1767.48,754.51,40.59,93.24,0.70,-1,-1,-1
64,181,2196.21,821.80,42.90,92.46,0.64,-1,-1,-1
64,186,1149.78,278.98,68.81,42.85,0.57,-1,-1,-1
64,154,1819.53,796.42,47.03,98.26,0.50,-1,-1,-1
64,188,1281.09,893.94,52.51,100.51,0.54,-1,-1,-1
64,189,2621.51,799.83,43.06,82.88,0.56,-1,-1,-1
64,191,1184.91,945.40,39.84,96.00,0.61,-1,-1,-1
64,187,431.02,59.29,43.98,25.28,0.61,-1,-1,-1
65,118,1352.53,824.79,217.69,161.03,0.77,-1,-1,-1
65,121,954.64,336.00,79.82,52.12,0.67,-1,-1,-1
65,122,1508.53,416.49,87.59,67.02,0.83,-1,-1,-1
65,124,1325.35,646.84,171.87,125.33,0.60,-1,-1,-1
65,125,1024.09,566.50,134.20,102.27,0.87,-1,-1,-1
65,123,569.16,730.72,121.13,146.17,0.84,-1,-1,-1
65,163,981.98,659.04,150.92,125.90,0.61,-1,-1,-1
65,167,1952.50,547.87,150.43,115.39,0.33,-1,-1,-1
65,171,2066.25,960.98,102.06,123.10,0.54,-1,-1,-1
65,176,690.01,252.12,63.33,57.49,0.71,-1,-1,-1
65,126,1880.11,823.20,46.11,98.86,0.65,-1,-1,-1
65,179,1755.07,758.55,40.48,93.02,0.71,-1,-1,-1
65,181,2191.79,822.01,41.86,89.68,0.62,-1,-1,-1
65,186,1148.25,280.32,68.09,43.06,0.51,-1,-1,-1
65,154,1810.68,801.99,45.87,95.40,0.54,-1,-1,-1
65,188,1269.53,898.22,52.29,100.44,0.44,-1,-1,-1
65,189,2616.63,801.67,40.62,78.25,0.58,-1,-1,-1
65,191,1167.44,948.46,40.50,97.30,0.54,-1,-1,-1
65,187,430.22,59.72,44.09,25.34,0.60,-1,-1,-1
65,178,636.83,173.39,56.56,36.68,0.51,-1,-1,-1
66,118,1348.36,831.28,218.07,161.96,0.82,-1,-1,-1
66,121,941.49,333.69,80.22,52.84,0.57,-1,-1,-1
66,122,1503.47,417.30,86.63,66.76,0.81,-1,-1,-1
66,124,1311.50,651.28,186.69,137.67,0.53,-1,-1,-1
66,125,1021.21,569.61,134.03,102.70,0.87,-1,-1,-1
66,123,559.80,731.22,123.09,148.76,0.85,-1,-1,-1
66,163,979.37,666.70,152.36,128.23,0.63,-1,-1,-1
66,167,1943.84,548.45,149.99,115.73,0.52,-1,-1,-1
66,171,2049.98,951.79,102.34,124.41,0.53,-1,-1,-1
66,176,689.74,255.00,61.10,56.03,0.73,-1,-1,-1
66,126,1868.62,827.42,46.73,100.65,0.62,-1,-1,-1
66,179,1744.13,759.98,41.41,95.63,0.63,-1,-1,-1
66,181,2185.24,823.57,43.76,93.74,0.62,-1,-1,-1
66,186,1145.00,280.97,66.22,42.24,0.44,-1,-1,-1
66,154,1802.49,806.96,45.79,94.93,0.54,-1,-1,-1
66,188,1262.06,903.34,52.89,102.45,0.46,-1,-1,-1
66,189,2612.50,802.35,40.11,77.11,0.41,-1,-1,-1
66,191,1150.97,952.61,41.14,98.53,0.52,-1,-1,-1
66,187,429.22,59.69,43.36,24.93,0.60,-1,-1,-1
66,178,633.01,171.55,57.71,38.12,0.50,-1,-1,-1
67,118,1345.93,837.51,219.69,163.69,0.79,-1,-1,-1
67,121,933.78,330.28,77.17,51.00,0.70,-1,-1,-1
67,122,1500.56,418.01,86.98,67.52,0.82,-1,-1,-1
67,124,1316.20,654.95,183.13,135.85,0.21,-1,-1,-1
67,125,1020.37,574.64,132.98,102.42,0.85,-1,-1,-1
67,123,552.25,733.00,122.36,148.09,0.89,-1,-1,-1
67,163,981.40,675.77,150.86,127.71,0.64,-1,-1,-1
67,167,1937.38,547.08,153.08,119.54,0.24,-1,-1,-1
67,171,2039.50,948.37,100.74,122.00,0.53,-1,-1,-1
67,176,689.37,257.00,60.99,56.53,0.71,-1,-1,-1
67,126,1859.36,830.48,47.10,101.15,0.64,-1,-1,-1
67,179,1735.98,763.29,41.97,96.99,0.71,-1,-1,-1
67,181,2182.42,824.76,44.51,95.73,0.62,-1,-1,-1
67,186,1144.14,282.11,65.64,42.43,0.48,-1,-1,-1
67,154,1795.98,811.30,46.37,95.78,0.58,-1,-1,-1
67,188,1257.06,908.96,55.60,108.78,0.58,-1,-1,-1
67,189,2609.57,800.88,41.86,80.80,0.27,-1,-1,-1
67,191,1129.34,953.89,46.88,112.50,0.65,-1,-1,-1
67,187,428.33,59.98,43.23,24.76,0.58,-1,-1,-1
67,178,632.12,170.92,56.45,37.61,0.50,-1,-1,-1
67,201,1217.18,413.84,38.63,36.32,0.67,-1,-1,-1
67,202,2160.59,649.09,39.03,77.80,0.73,-1,-1,-1
68,118,1346.24,842.61,223.66,167.79,0.78,-1,-1,-1
68,121,927.74,327.41,76.16,50.43,0.69,-1,-1,-1
68,122,1499.30,418.48,86.96,67.94,0.81,-1,-1,-1
68,124,1311.78,658.11,189.65,141.55,0.27,-1,-1,-1
68,125,1020.63,578.38,132.84,102.94,0.85,-1,-1,-1
68,123,547.20,733.54,121.85,147.38,0.89,-1,-1,-1
68,163,982.93,682.96,150.94,128.28,0.70,-1,-1,-1
68,167,1935.26,547.30,152.85,120.72,0.19,-1,-1,-1
68,171,2031.68,949.02,93.52,112.62,0.59,-1,-1,-1
68,176,695.12,259.25,61.96,57.04,0.46,-1,-1,-1
68,126,1851.70,833.52,47.53,102.53,0.66,-1,-1,-1
68,179,1728.69,765.99,42.10,96.90,0.71,-1,-1,-1
68,181,2181.51,826.97,43.73,94.40,0.68,-1,-1,-1
68,186,1142.81,282.25,66.69,43.52,0.38,-1,-1,-1
68,154,1791.60,812.74,46.99,96.36,0.48,-1,-1,-1
68,188,1254.33,912.93,59.50,117.74,0.39,-1,-1,-1
68,189,2608.40,801.35,42.62,82.26,0.44,-1,-1,-1
68,191,1117.63,955.74,45.43,108.29,0.53,-1,-1,-1
68,187,429.01,60.03,43.33,24.59,0.63,-1,-1,-1
68,178,631.27,169.08,57.36,38.59,0.60,-1,-1,-1
68,201,1214.09,413.20,38.89,36.63,0.55,-1,-1,-1
68,202,2158.99,650.58,40.67,81.17,0.68,-1,-1,-1
68,203,805.24,338.04,71.19,53.32,0.65,-1,-1,-1
69,118,1347.33,847.48,228.58,172.71,0.83,-1,-1,-1
69,121,923.44,322.75,74.13,49.33,0.73,-1,-1,-1
69,122,1499.17,418.91,87.17,68.51,0.80,-1,-1,-1
69,124,1316.84,661.64,179.83,133.19,0.24,-1,-1,-1
69,125,1022.36,582.76,132.49,103.16,0.84,-1,-1,-1
69,123,544.57,735.77,120.58,146.04,0.90,-1,-1,-1
69,163,983.18,689.14,154.53,132.43,0.81,-1,-1,-1
69,167,1933.46,547.15,153.82,122.94,0.33,-1,-1,-1
69,171,2022.30,943.31,92.26,110.80,0.53,-1,-1,-1
69,176,699.28,260.32,63.97,58.88,0.50,-1,-1,-1
69,126,1846.05,835.94,47.10,102.04,0.66,-1,-1,-1
69,179,1723.45,768.89,41.09,94.74,0.75,-1,-1,-1
69,181,2183.04,829.34,42.29,91.60,0.65,-1,-1,-1
69,186,1145.32,283.42,64.95,42.85,0.36,-1,-1,-1
69,154,1783.25,816.63,44.90,93.52,0.45,-1,-1,-1
69,188,1257.63,920.96,62.35,123.04,0.57,-1,-1,-1
69,189,2609.43,803.27,43.31,83.99,0.57,-1,-1,-1
69,191,1107.23,957.64,45.26,108.15,0.55,-1,-1,-1
69,187,433.25,59.02,45.50,25.98,0.57,-1,-1,-1
69,178,623.45,161.95,66.05,44.88,0.55,-1,-1,-1
69,201,1211.84,412.37,39.39,37.20,0.51,-1,-1,-1
69,202,2157.77,656.58,39.52,78.96,0.65,-1,-1,-1
69,203,810.52,339.02,72.18,54.11,0.66,-1,-1,-1
69,204,2182.91,168.76,83.28,45.60,0.72,-1,-1,-1
69,205,1772.51,767.63,42.39,100.21,0.51,-1,-1,-1
70,118,1350.87,856.45,228.46,173.65,0.82,-1,-1,-1
70,121,919.24,320.15,74.16,49.77,0.71,-1,-1,-1
70,122,1500.04,419.88,86.47,68.12,0.78,-1,-1,-1
70,124,1319.51,665.70,176.74,130.73,0.35,-1,-1,-1
70,125,1024.69,587.01,132.09,103.14,0.84,-1,-1,-1
70,123,541.84,736.40,120.03,145.74,0.89,-1,-1,-1
70,163,985.00,696.01,155.45,134.31,0.80,-1,-1,-1
70,167,1935.33,551.68,149.73,120.48,0.39,-1,-1,-1
70,171,2017.18,936.89,95.89,113.58,0.47,-1,-1,-1
70,176,704.34,262.93,64.04,58.78,0.64,-1,-1,-1
70,126,1839.92,838.33,46.80,101.70,0.62,-1,-1,-1
70,179,1718.05,772.00,41.70,95.93,0.73,-1,-1,-1
70,181,2183.74,830.86,41.75,90.89,0.62,-1,-1,-1
70,186,1149.22,283.82,64.22,42.95,0.58,-1,-1,-1
70,154,1775.41,822.88,44.97,94.86,0.52,-1,-1,-1
70,188,1257.25,926.24,60.28,119.53,0.43,-1,-1,-1
70,189,2612.41,808.38,42.01,80.93,0.52,-1,-1,-1
70,191,1094.56,958.21,45.72,110.07,0.70,-1,-1,-1
70,187,442.60,60.34,42.04,24.38,0.36,-1,-1,-1
70,178,631.35,167.43,57.85,39.26,0.46,-1,-1,-1
70,201,1207.14,409.02,42.59,40.39,0.57,-1,-1,-1
70,202,2156.53,661.57,40.16,80.53,0.61,-1,-1,-1
70,203,815.68,341.85,78.43,59.00,0.61,-1,-1,-1
70,204,2184.74,169.69,82.92,45.39,0.33,-1,-1,-1
70,205,1765.39,773.66,41.71,98.72,0.52,-1,-1,-1
70,158,2370.77,739.47,43.99,88.50,0.50,-1,-1,-1
71,118,1353.85,863.06,227.19,173.82,0.83,-1,-1,-1
71,121,913.19,315.82,74.96,50.80,0.62,-1,-1,-1
71,122,1501.40,420.83,85.63,67.70,0.80,-1,-1,-1
71,124,1323.74,670.79,168.14,123.99,0.35,-1,-1,-1
71,125,1026.46,589.53,135.55,106.42,0.83,-1,-1,-1
71,123,537.97,736.75,121.39,147.46,0.88,-1,-1,-1
71,163,984.04,702.50,159.56,139.55,0.64,-1,-1,-1
71,167,1936.85,552.26,148.16,119.87,0.21,-1,-1,-1
71,171,2004.05,931.49,93.64,110.31,0.54,-1,-1,-1
71,176,708.96,263.91,64.42,59.47,0.52,-1,-1,-1
71,126,1834.65,842.09,45.34,99.03,0.63,-1,-1,-1
71,179,1712.29,775.51,41.61,95.58,0.70,-1,-1,-1
71,181,2184.49,831.89,41.29,90.52,0.67,-1,-1,-1
71,186,1148.52,283.34,64.90,43.65,0.63,-1,-1,-1
71,154,1770.78,826.94,43.09,91.01,0.54,-1,-1,-1
71,188,1258.42,932.13,56.46,111.94,0.50,-1,-1,-1
71,189,2613.79,810.02,42.06,80.61,0.58,-1,-1,-1
71,191,1084.50,961.57,45.57,109.50,0.53,-1,-1,-1
71,187,443.72,59.28,44.35,25.67,0.67,-1,-1,-1
71,178,634.47,167.35,55.94,37.86,0.34,-1,-1,-1
71,201,1203.40,406.82,43.34,41.25,0.58,-1,-1,-1
71,202,2155.26,666.07,40.14,80.87,0.58,-1,-1,-1
71,203,821.95,344.07,80.56,60.81,0.71,-1,-1,-1
71,204,2187.60,170.78,83.88,45.96,0.54,-1,-1,-1
71,205,1758.04,780.82,40.76,96.47,0.53,-1,-1,-1
71,158,2368.14,735.26,43.83,90.01,0.53,-1,-1,-1
72,118,1355.81,870.55,225.37,173.40,0.83,-1,-1,-1
72,121,903.35,310.07,78.07,53.43,0.65,-1,-1,-1
72,122,1499.98,420.99,85.95,68.23,0.80,-1,-1,-1
72,124,1325.68,672.10,173.03,129.31,0.12,-1,-1,-1
72,125,1026.95,593.66,134.88,106.03,0.83,-1,-1,-1
72,123,530.31,736.98,123.41,149.86,0.85,-1,-1,-1
72,163,983.93,711.71,158.36,139.88,0.74,-1,-1,-1
72,167,1938.38,560.95,139.66,112.70,0.26,-1,-1,-1
72,171,1989.15,919.25,97.92,116.47,0.39,-1,-1,-1
72,176,709.82,264.96,65.26,60.43,0.55,-1,-1,-1
72,126,1823.93,844.38,46.35,100.64,0.63,-1,-1,-1
72,179,1702.88,778.42,42.29,97.14,0.71,-1,-1,-1
72,181,2181.69,832.15,41.89,92.18,0.64,-1,-1,-1
72,186,1147.11,283.19,64.74,44.18,0.48,-1,-1,-1
72,154,1761.34,829.52,44.61,94.52,0.48,-1,-1,-1
72,188,1256.58,938.76,54.03,106.80,0.62,-1,-1,-1
72,189,2612.03,811.67,43.59,83.29,0.57,-1,-1,-1
72,191,1068.87,966.58,43.67,104.99,0.45,-1,-1,-1
72,187,446.71,59.83,42.77,24.88,0.67,-1,-1,-1
72,178,628.14,163.10,60.03,40.51,0.36,-1,-1,-1
72,201,1198.18,407.05,39.99,38.32,0.49,-1,-1,-1
72,202,2151.98,668.48,39.38,79.40,0.51,-1,-1,-1
72,203,825.70,349.05,80.67,61.26,0.68,-1,-1,-1
72,204,2186.93,172.32,81.67,44.72,0.41,-1,-1,-1
72,205,1745.45,783.69,41.12,97.25,0.53,-1,-1,-1
72,158,2365.92,739.31,42.13,85.41,0.42,-1,-1,-1
73,118,1351.32,875.06,231.47,179.72,0.83,-1,-1,-1
73,121,895.73,307.74,75.02,51.56,0.64,-1,-1,-1
73,122,1497.40,422.27,84.73,67.28,0.80,-1,-1,-1
73,124,1319.54,675.21,170.43,127.60,0.31,-1,-1,-1
73,125,1024.17,597.42,132.64,104.32,0.84,-1,-1,-1
73,123,520.66,737.43,125.02,151.91,0.87,-1,-1,-1
73,163,982.56,717.95,157.63,140.61,0.69,-1,-1,-1
73,167,1939.57,567.41,133.61,107.84,0.21,-1,-1,-1
73,171,1974.92,909.34,101.87,122.33,0.30,-1,-1,-1
73,176,710.51,264.23,68.29,63.33,0.16,-1,-1,-1
73,126,1812.38,846.52,46.29,100.11,0.51,-1,-1,-1
73,179,1692.25,779.15,41.89,96.56,0.72,-1,-1,-1
73,181,2177.28,834.12,41.20,90.91,0.60,-1,-1,-1
73,186,1143.89,283.53,64.28,44.18,0.39,-1,-1,-1
73,154,1745.86,833.32,45.26,96.19,0.48,-1,-1,-1
73,188,1255.85,945.75,52.16,101.72,0.48,-1,-1,-1
73,189,2608.21,812.36,43.26,82.34,0.50,-1,-1,-1
73,191,1051.40,970.84,44.57,105.80,0.51,-1,-1,-1
73,187,446.97,60.63,42.31,24.89,0.53,-1,-1,-1
73,178,625.77,163.83,58.43,38.94,0.33,-1,-1,-1
73,201,1190.07,404.41,40.77,39.24,0.49,-1,-1,-1
73,202,2147.26,669.56,39.19,79.24,0.51,-1,-1,-1
73,203,826.65,353.10,81.21,62.16,0.71,-1,-1,-1
73,204,2184.43,172.49,80.76,44.17,0.43,-1,-1,-1
73,205,1735.86,784.98,41.61,98.30,0.44,-1,-1,-1
73,158,2362.67,741.29,41.29,83.08,0.36,-1,-1,-1
73,180,1718.86,497.20,137.13,90.45,0.53,-1,-1,-1
74,118,1348.28,882.89,234.12,183.06,0.82,-1,-1,-1
74,121,889.10,306.72,70.95,48.90,0.68,-1,-1,-1
74,122,1492.85,423.69,83.83,66.68,0.79,-1,-1,-1
74,124,1301.40,679.68,198.69,151.18,0.42,-1,-1,-1
74,125,1018.53,599.27,135.14,106.82,0.83,-1,-1,-1
74,123,511.68,739.41,124.17,150.99,0.89,-1,-1,-1
74,163,979.77,725.92,157.39,141.36,0.77,-1,-1,-1
74,167,1932.40,570.80,133.02,106.60,0.18,-1,-1,-1
74,171,1959.96,897.15,104.60,127.58,0.39,-1,-1,-1
74,176,713.50,265.57,66.69,60.17,0.15,-1,-1,-1
74,126,1800.51,849.05,45.58,98.75,0.55,-1,-1,-1
74,179,1681.01,782.05,41.56,95.91,0.70,-1,-1,-1
74,181,2172.03,834.57,41.34,91.69,0.58,-1,-1,-1
74,154,1733.38,833.56,46.37,98.79,0.50,-1,-1,-1
74,188,1250.28,953.51,53.03,102.26,0.46,-1,-1,-1
74,189,2605.92,813.29,41.57,78.67,0.62,-1,-1,-1
74,191,1031.24,973.23,45.61,108.08,0.55,-1,-1,-1
74,187,444.42,61.19,42.38,25.38,0.38,-1,-1,-1
74,178,616.33,160.84,62.19,40.99,0.40,-1,-1,-1
74,201,1184.05,404.61,38.45,37.27,0.55,-1,-1,-1
74,202,2142.16,669.58,38.14,77.50,0.47,-1,-1,-1
74,203,828.04,358.77,80.41,61.89,0.71,-1,-1,-1
74,204,2177.08,170.74,84.63,46.45,0.10,-1,-1,-1
74,205,1725.23,787.32,41.04,97.04,0.54,-1,-1,-1
74,158,2354.13,740.61,43.21,87.82,0.37,-1,-1,-1
74,207,2088.21,510.65,36.19,73.76,0.55,-1,-1,-1
74,180,1714.90,498.59,139.33,90.56,0.64,-1,-1,-1
75,118,1344.18,890.81,235.78,185.17,0.81,-1,-1,-1
75,121,878.50,302.42,71.15,49.42,0.61,-1,-1,-1
75,122,1486.19,423.18,84.97,68.07,0.79,-1,-1,-1
75,124,1292.42,680.38,212.42,164.03,0.22,-1,-1,-1
75,125,1015.87,604.13,135.26,107.19,0.81,-1,-1,-1
75,123,502.94,741.43,124.06,150.66,0.89,-1,-1,-1
75,163,975.98,733.37,156.28,141.27,0.75,-1,-1,-1
75,167,1925.94,570.44,135.08,107.48,0.28,-1,-1,-1
75,171,1946.42,889.60,108.67,133.18,0.46,-1,-1,-1
75,176,707.47,270.08,70.89,62.11,0.10,-1,-1,-1
75,126,1787.41,849.44,46.67,99.86,0.59,-1,-1,-1
75,179,1671.44,784.23,40.95,94.81,0.67,-1,-1,-1
75,181,2166.59,836.00,42.18,93.58,0.59,-1,-1,-1
75,154,1722.96,838.78,43.78,94.08,0.64,-1,-1,-1
75,188,1243.08,960.45,52.83,102.16,0.56,-1,-1,-1
75,189,2601.31,814.83,41.79,79.29,0.33,-1,-1,-1
75,191,1014.06,974.53,49.16,117.19,0.51,-1,-1,-1
75,187,441.28,61.33,41.32,24.95,0.34,-1,-1,-1
75,178,614.98,161.92,59.28,39.00,0.13,-1,-1,-1
75,201,1175.04,401.44,39.20,38.25,0.46,-1,-1,-1
75,202,2135.51,672.21,38.58,78.87,0.53,-1,-1,-1
75,203,828.88,364.42,80.08,61.98,0.69,-1,-1,-1
75,204,2173.39,171.65,85.71,47.18,0.14,-1,-1,-1
75,205,1715.29,786.54,37.50,88.50,0.31,-1,-1,-1
75,158,2350.35,743.86,42.54,85.46,0.43,-1,-1,-1
75,207,2082.60,512.51,35.69,72.75,0.48,-1,-1,-1
75,180,1707.04,498.17,141.35,90.79,0.25,-1,-1,-1
75,186,1139.22,284.71,60.96,42.10,0.61,-1,-1,-1
76,118,1341.41,901.22,237.64,187.38,0.82,-1,-1,-1
76,121,869.95,300.35,68.48,47.41,0.51,-1,-1,-1
76,122,1482.51,424.26,84.75,68.02,0.82,-1,-1,-1
76,124,1298.04,687.65,196.88,152.86,0.14,-1,-1,-1
76,125,1011.76,608.95,135.23,107.46,0.84,-1,-1,-1
76,123,493.72,743.04,123.55,149.74,0.85,-1,-1,-1
76,163,971.45,742.26,158.62,144.54,0.75,-1,-1,-1
76,167,1916.50,566.94,140.22,111.43,0.16,-1,-1,-1
76,171,1932.84,888.05,99.96,122.80,0.58,-1,-1,-1
76,176,704.99,273.34,71.49,61.32,0.27,-1,-1,-1
76,126,1774.99,851.10,46.01,98.05,0.41,-1,-1,-1
76,179,1659.69,787.35,40.91,95.14,0.66,-1,-1,-1
76,181,2162.69,834.97,42.69,94.70,0.63,-1,-1,-1
76,154,1709.65,839.06,44.92,96.81,0.57,-1,-1,-1
76,188,1240.21,968.02,50.36,96.98,0.44,-1,-1,-1
76,189,2596.30,815.05,41.59,78.60,0.44,-1,-1,-1
76,191,994.65,974.54,48.45,116.42,0.50,-1,-1,-1
76,187,437.47,60.53,42.82,25.96,0.55,-1,-1,-1
76,178,616.47,166.34,53.30,34.59,0.14,-1,-1,-1
76,201,1167.53,401.07,38.05,37.58,0.45,-1,-1,-1
76,202,2133.31,676.37,32.59,65.64,0.38,-1,-1,-1
76,203,830.67,369.78,78.68,61.08,0.72,-1,-1,-1
76,204,2169.16,172.38,84.81,46.78,0.46,-1,-1,-1
76,205,1706.65,788.46,36.91,86.54,0.21,-1,-1,-1
76,158,2341.73,744.30,42.70,86.09,0.39,-1,-1,-1
76,207,2078.39,515.83,34.59,70.55,0.62,-1,-1,-1
76,209,798.90,522.61,39.22,65.99,0.63,-1,-1,-1
76,210,1055.52,999.21,54.07,123.65,0.60,-1,-1,-1
76,186,1134.79,285.84,60.63,42.12,0.56,-1,-1,-1
77,118,1343.62,911.71,237.57,188.32,0.88,-1,-1,-1
77,121,863.41,297.24,66.12,45.64,0.61,-1,-1,-1
77,122,1480.57,425.29,83.61,67.22,0.83,-1,-1,-1
77,124,1302.21,687.34,186.59,144.97,0.17,-1,-1,-1
77,125,1009.17,612.89,135.85,108.23,0.85,-1,-1,-1
77,123,486.84,744.28,123.90,149.77,0.87,-1,-1,-1
77,163,971.17,751.56,157.06,143.88,0.76,-1,-1,-1
77,167,1908.99,564.97,143.69,114.41,0.57,-1,-1,-1
77,171,1926.66,892.48,88.53,107.84,0.67,-1,-1,-1
77,176,704.87,275.01,72.31,62.14,0.33,-1,-1,-1
77,126,1766.79,854.35,44.76,95.98,0.56,-1,-1,-1
77,179,1650.91,789.54,41.03,96.01,0.75,-1,-1,-1
77,181,2160.42,832.96,45.07,99.75,0.46,-1,-1,-1
77,154,1701.13,840.88,43.58,94.95,0.68,-1,-1,-1
77,188,1237.69,973.73,52.71,101.23,0.42,-1,-1,-1
77,189,2593.29,815.71,43.49,82.40,0.53,-1,-1,-1
77,191,982.24,976.89,46.72,113.43,0.47,-1,-1,-1
77,187,438.72,61.35,41.74,25.60,0.46,-1,-1,-1
77,178,610.26,161.34,58.20,37.74,0.39,-1,-1,-1
77,201,1161.56,398.84,38.91,39.01,0.56,-1,-1,-1
77,202,2128.21,678.11,34.30,68.98,0.51,-1,-1,-1
77,203,833.27,374.25,79.73,62.14,0.70,-1,-1,-1
77,204,2165.47,172.74,86.76,48.06,0.52,-1,-1,-1
77,205,1698.20,792.67,37.01,86.94,0.47,-1,-1,-1
77,158,2337.46,744.03,42.92,86.85,0.39,-1,-1,-1
77,207,2075.41,516.31,34.73,71.00,0.61,-1,-1,-1
77,209,800.14,527.28,35.89,60.50,0.60,-1,-1,-1
77,210,1040.32,1000.24,58.18,133.04,0.67,-1,-1,-1
77,186,1132.12,286.57,60.16,42.12,0.53,-1,-1,-1
78,118,1350.03,922.20,233.87,185.89,0.89,-1,-1,-1
78,121,857.40,293.66,66.83,46.27,0.56,-1,-1,-1
78,122,1479.50,425.15,84.17,67.95,0.83,-1,-1,-1
78,125,1009.67,617.25,136.05,108.78,0.83,-1,-1,-1
78,123,483.34,744.60,124.28,150.06,0.87,-1,-1,-1
78,163,971.56,759.21,158.90,146.24,0.80,-1,-1,-1
78,167,1906.20,564.30,144.81,115.59,0.62,-1,-1,-1
78,171,1921.89,892.13,81.76,98.64,0.64,-1,-1,-1
78,176,708.04,276.27,72.36,62.61,0.49,-1,-1,-1
78,126,1760.81,856.40,43.73,94.42,0.54,-1,-1,-1
78,179,1645.07,793.22,40.79,95.83,0.73,-1,-1,-1
78,181,2162.84,833.94,42.94,95.24,0.53,-1,-1,-1
78,154,1696.11,843.60,42.23,92.96,0.60,-1,-1,-1
78,188,1237.97,981.39,49.90,95.64,0.46,-1,-1,-1
78,189,2594.49,817.45,43.50,82.72,0.44,-1,-1,-1
78,191,970.55,987.52,45.98,112.13,0.48,-1,-1,-1
78,187,444.41,61.75,39.16,24.35,0.23,-1,-1,-1
78,178,616.19,163.57,53.33,34.60,0.33,-1,-1,-1
78,201,1159.23,398.60,37.65,38.32,0.56,-1,-1,-1
78,202,2126.47,680.83,35.29,71.08,0.43,-1,-1,-1
78,203,838.74,378.61,80.41,62.86,0.62,-1,-1,-1
78,204,2167.12,173.40,86.08,47.93,0.12,-1,-1,-1
78,205,1692.28,796.83,37.30,88.12,0.60,-1,-1,-1
78,158,2335.90,745.29,42.80,87.34,0.39,-1,-1,-1
78,207,2074.42,514.28,35.24,72.21,0.59,-1,-1,-1
78,209,802.60,532.62,36.37,61.23,0.47,-1,-1,-1
78,210,1025.52,1003.28,57.88,132.42,0.52,-1,-1,-1
78,186,1134.61,287.74,59.08,41.29,0.69,-1,-1,-1
78,211,1737.09,830.76,41.48,87.67,0.61,-1,-1,-1
79,118,1348.97,929.71,249.86,200.63,0.87,-1,-1,-1
79,121,850.38,282.40,75.24,53.41,0.53,-1,-1,-1
79,122,1480.66,425.94,84.90,68.69,0.82,-1,-1,-1
79,125,1013.40,621.50,136.52,109.38,0.83,-1,-1,-1
79,123,481.32,746.02,123.48,148.69,0.88,-1,-1,-1
79,163,971.87,766.71,163.94,152.08,0.74,-1,-1,-1
79,167,1909.23,565.56,145.54,115.90,0.54,-1,-1,-1
79,171,1914.01,884.41,83.70,100.46,0.58,-1,-1,-1
79,176,713.23,276.31,75.45,66.17,0.11,-1,-1,-1
79,126,1754.23,858.58,45.27,98.54,0.61,-1,-1,-1
79,179,1641.32,795.40,40.53,95.64,0.71,-1,-1,-1
79,181,2164.35,835.36,43.80,96.61,0.56,-1,-1,-1
79,154,1689.84,845.75,43.01,94.79,0.65,-1,-1,-1
79,188,1240.31,988.97,51.80,98.76,0.47,-1,-1,-1
79,189,2601.33,819.11,41.79,78.35,0.42,-1,-1,-1
79,191,956.97,984.51,45.05,109.36,0.54,-1,-1,-1
79,187,447.74,62.30,44.81,28.58,0.17,-1,-1,-1
79,201,1158.25,397.63,37.93,39.00,0.65,-1,-1,-1
79,202,2126.95,682.63,36.37,73.79,0.38,-1,-1,-1
79,203,846.31,382.58,81.92,64.17,0.63,-1,-1,-1
79,205,1687.13,800.72,38.82,92.01,0.62,-1,-1,-1
79,158,2337.18,747.26,42.85,87.88,0.34,-1,-1,-1
79,207,2075.48,517.61,34.95,71.50,0.59,-1,-1,-1
79,209,805.36,536.30,36.91,61.95,0.64,-1,-1,-1
79,210,1015.24,1008.01,49.29,112.02,0.46,-1,-1,-1
79,186,1138.76,288.19,59.64,42.02,0.71,-1,-1,-1
79,211,1735.53,834.76,42.23,89.33,0.57,-1,-1,-1
80,118,1354.21,937.49,252.05,203.24,0.88,-1,-1,-1
80,121,849.55,280.26,72.90,52.53,0.55,-1,-1,-1
80,122,1482.86,426.83,85.11,69.03,0.81,-1,-1,-1
80,125,1017.44,625.30,138.14,110.87,0.83,-1,-1,-1
80,123,480.29,746.78,123.89,148.67,0.87,-1,-1,-1
80,163,973.80,773.97,166.24,155.64,0.62,-1,-1,-1
80,167,1909.89,566.65,145.33,116.26,0.38,-1,-1,-1
80,171,1904.51,876.35,87.70,105.33,0.45,-1,-1,-1
80,176,708.64,276.31,80.49,70.48,0.14,-1,-1,-1
80,126,1749.45,861.56,45.68,100.03,0.50,-1,-1,-1
80,179,1637.51,798.24,41.03,96.98,0.70,-1,-1,-1
80,181,2168.98,837.42,44.50,98.12,0.58,-1,-1,-1
80,154,1687.80,851.42,42.62,94.24,0.68,-1,-1,-1
80,189,2605.91,819.99,43.07,80.26,0.49,-1,-1,-1
80,191,948.74,984.20,44.22,106.53,0.45,-1,-1,-1
80,201,1158.49,397.15,37.47,38.97,0.59,-1,-1,-1
80,202,2130.06,685.31,34.60,70.34,0.47,-1,-1,-1
80,203,854.39,387.79,81.53,63.96,0.64,-1,-1,-1
80,205,1683.45,802.86,40.27,95.57,0.52,-1,-1,-1
80,158,2337.88,747.90,42.75,88.72,0.30,-1,-1,-1
80,207,2077.54,516.87,36.60,74.96,0.65,-1,-1,-1
80,209,809.96,541.31,38.25,64.45,0.18,-1,-1,-1
80,210,1005.58,1006.90,50.37,113.71,0.51,-1,-1,-1
80,186,1139.06,287.26,63.80,44.87,0.37,-1,-1,-1
80,211,1729.65,837.54,41.26,87.26,0.54,-1,-1,-1
80,178,602.45,146.59,75.75,49.86,0.59,-1,-1,-1
81,118,1366.45,949.52,247.54,200.13,0.84,-1,-1,-1
81,121,843.73,271.41,80.89,59.01,0.18,-1,-1,-1
81,122,1489.34,427.53,84.91,68.87,0.82,-1,-1,-1
81,125,1024.15,628.21,140.02,112.64,0.81,-1,-1,-1
81,123,481.85,746.84,124.18,148.45,0.87,-1,-1,-1
81,163,984.83,782.76,157.99,148.03,0.67,-1,-1,-1
81,167,1920.10,570.95,142.37,113.09,0.44,-1,-1,-1
81,171,1900.60,869.13,90.97,109.26,0.38,-1,-1,-1
81,126,1749.25,865.59,45.44,99.70,0.56,-1,-1,-1
81,179,1637.50,801.17,41.01,97.10,0.70,-1,-1,-1
81,181,2177.54,841.83,42.88,93.94,0.55,-1,-1,-1
81,154,1687.52,858.28,41.55,91.78,0.64,-1,-1,-1
81,191,940.23,983.53,46.76,113.44,0.59,-1,-1,-1
81,201,1161.72,396.58,37.80,39.58,0.68,-1,-1,-1
81,203,865.62,391.32,83.40,65.58,0.66,-1,-1,-1
81,205,1682.90,804.86,41.28,98.40,0.46,-1,-1,-1
81,207,2083.95,517.83,37.59,76.85,0.64,-1,-1,-1
81,209,819.50,545.33,35.82,60.48,0.40,-1,-1,-1
81,210,995.57,1008.61,59.85,135.53,0.53,-1,-1,-1
81,186,1148.07,288.06,62.70,44.40,0.53,-1,-1,-1
81,211,1728.71,838.92,40.84,86.39,0.53,-1,-1,-1
81,178,605.28,143.87,77.83,51.45,0.61,-1,-1,-1
82,118,1377.65,959.21,258.28,210.56,0.90,-1,-1,-1
82,122,1497.24,425.37,90.88,73.88,0.79,-1,-1,-1
82,125,1039.50,631.64,135.54,108.45,0.77,-1,-1,-1
82,123,490.13,744.43,126.47,151.44,0.86,-1,-1,-1
82,163,1000.24,789.89,154.47,145.10,0.69,-1,-1,-1
82,167,1928.73,571.74,147.57,117.60,0.30,-1,-1,-1
82,171,1894.53,853.83,93.50,116.05,0.25,-1,-1,-1
82,126,1740.51,851.62,43.24,94.39,0.53,-1,-1,-1
82,179,1644.93,804.62,40.50,95.48,0.73,-1,-1,-1
82,154,1691.18,860.94,40.57,88.68,0.52,-1,-1,-1
82,203,880.62,393.78,89.27,70.60,0.66,-1,-1,-1
82,205,1673.23,806.95,44.20,104.54,0.11,-1,-1,-1
82,209,825.26,550.36,39.71,65.51,0.15,-1,-1,-1
82,210,998.58,1011.46,54.81,123.35,0.48,-1,-1,-1
82,178,618.06,142.53,77.93,51.41,0.62,-1,-1,-1
83,118,1397.59,967.11,263.02,215.82,0.79,-1,-1,-1
83,122,1516.12,426.80,91.05,74.12,0.78,-1,-1,-1
83,125,1056.65,634.96,144.06,115.19,0.75,-1,-1,-1
83,123,505.36,741.27,128.07,153.45,0.86,-1,-1,-1
83,163,1020.96,797.00,150.35,141.08,0.64,-1,-1,-1
83,167,1949.28,573.56,147.20,117.30,0.57,-1,-1,-1
83,205,1667.37,810.79,42.87,100.74,0.69,-1,-1,-1
83,180,1730.09,503.29,158.39,100.82,0.57,-1,-1,-1
83,121,819.80,255.86,103.49,69.72,0.62,-1,-1,-1
84,118,1424.54,977.63,265.34,219.41,0.80,-1,-1,-1
84,122,1538.64,427.58,92.79,76.14,0.63,-1,-1,-1
84,125,1081.32,640.27,143.06,114.54,0.80,-1,-1,-1
84,123,526.08,739.18,127.79,153.53,0.84,-1,-1,-1
84,163,1044.11,805.80,149.47,140.29,0.52,-1,-1,-1
84,167,1972.10,572.04,156.90,125.07,0.36,-1,-1,-1
84,205,1676.05,814.99,42.18,98.87,0.70,-1,-1,-1
84,180,1741.51,502.81,163.75,103.25,0.54,-1,-1,-1
84,121,829.04,251.43,112.08,70.79,0.60,-1,-1,-1
84,211,1718.92,822.63,46.92,100.20,0.53,-1,-1,-1
84,126,1726.72,871.90,39.47,84.83,0.54,-1,-1,-1
85,118,1454.16,996.24,261.79,217.26,0.82,-1,-1,-1
85,122,1564.66,429.52,92.91,76.77,0.64,-1,-1,-1
85,125,1105.26,644.34,147.14,118.37,0.79,-1,-1,-1
85,123,551.81,737.76,127.95,152.89,0.85,-1,-1,-1
85,163,1062.46,812.41,160.48,152.32,0.59,-1,-1,-1
85,167,1997.29,574.14,151.52,120.87,0.19,-1,-1,-1
85,211,1706.79,819.93,46.62,100.17,0.68,-1,-1,-1
85,207,2082.70,513.87,34.11,68.21,0.59,-1,-1,-1
85,210,977.13,986.85,47.61,107.99,0.60,-1,-1,-1
86,118,1479.10,1012.02,271.74,227.30,0.81,-1,-1,-1
86,122,1589.07,431.02,92.59,76.83,0.61,-1,-1,-1
86,125,1130.58,650.22,147.45,118.97,0.80,-1,-1,-1
86,123,573.72,736.16,127.10,151.44,0.86,-1,-1,-1
86,163,1098.56,821.20,131.14,120.60,0.58,-1,-1,-1
86,167,2023.83,584.05,151.62,120.59,0.36,-1,-1,-1
86,211,1711.68,821.70,46.13,99.55,0.68,-1,-1,-1
86,210,983.73,984.27,45.01,102.75,0.54,-1,-1,-1
87,118,1503.72,1029.28,279.25,235.10,0.82,-1,-1,-1
87,122,1615.55,433.58,90.41,74.98,0.52,-1,-1,-1
87,125,1155.32,654.48,149.41,120.87,0.70,-1,-1,-1
87,123,595.40,736.15,125.13,148.49,0.85,-1,-1,-1
87,163,1112.67,831.26,152.63,141.49,0.58,-1,-1,-1
87,167,2046.37,588.98,156.11,124.27,0.39,-1,-1,-1
88,118,1530.78,1044.47,282.45,239.55,0.76,-1,-1,-1
88,122,1637.30,432.48,94.71,78.82,0.55,-1,-1,-1
88,125,1181.93,659.52,145.83,118.11,0.74,-1,-1,-1
88,123,617.88,731.40,126.94,150.29,0.83,-1,-1,-1
88,163,1125.29,838.92,172.70,163.51,0.59,-1,-1,-1
89,118,1556.72,1063.02,285.10,243.73,0.75,-1,-1,-1
89,122,1662.72,435.75,93.95,78.16,0.70,-1,-1,-1
89,125,1206.47,664.74,145.16,118.13,0.74,-1,-1,-1
89,123,639.79,730.71,126.23,149.07,0.84,-1,-1,-1
89,163,1147.22,848.89,171.35,164.90,0.60,-1,-1,-1
89,227,1767.49,837.46,41.89,91.75,0.71,-1,-1,-1
90,118,1573.39,1077.29,289.46,249.64,0.85,-1,-1,-1
90,122,1683.18,440.26,88.57,73.67,0.80,-1,-1,-1
90,125,1221.77,670.69,143.63,117.72,0.83,-1,-1,-1
90,123,652.08,731.18,124.22,146.21,0.88,-1,-1,-1
90,163,1159.85,858.58,169.79,165.79,0.61,-1,-1,-1
90,227,1770.67,841.26,42.47,93.10,0.73,-1,-1,-1
90,229,1359.55,295.61,66.29,45.89,0.63,-1,-1,-1
90,167,2111.42,603.93,151.88,120.47,0.53,-1,-1,-1
91,118,1579.76,1094.77,294.71,256.93,0.80,-1,-1,-1
91,122,1689.24,442.60,86.07,71.60,0.82,-1,-1,-1
91,125,1224.13,677.42,145.28,120.15,0.84,-1,-1,-1
91,123,652.11,731.25,124.44,146.32,0.89,-1,-1,-1
91,163,1172.03,868.25,144.83,139.80,0.52,-1,-1,-1
91,227,1762.00,844.28,43.78,96.27,0.64,-1,-1,-1
91,229,1359.14,296.12,65.11,45.15,0.64,-1,-1,-1
91,230,976.19,306.91,61.49,65.37,0.79,-1,-1,-1
91,231,1118.44,441.11,84.64,70.97,0.77,-1,-1,-1
91,232,913.23,386.66,75.83,71.82,0.77,-1,-1,-1
91,233,847.77,138.17,63.36,45.98,0.72,-1,-1,-1
91,234,1426.88,1106.84,54.22,116.88,0.50,-1,-1,-1
91,167,2119.05,607.77,151.48,119.40,0.49,-1,-1,-1
92,118,1587.24,1112.44,291.26,256.21,0.86,-1,-1,-1
92,122,1686.77,443.82,85.43,71.16,0.85,-1,-1,-1
92,125,1223.49,683.16,144.51,120.57,0.80,-1,-1,-1
92,123,645.52,732.35,124.42,145.74,0.90,-1,-1,-1
92,163,1157.78,878.41,162.01,158.95,0.62,-1,-1,-1
92,227,1753.40,848.08,44.24,97.42,0.62,-1,-1,-1
92,229,1355.87,297.31,63.51,44.12,0.65,-1,-1,-1
92,230,975.29,309.67,61.13,65.00,0.80,-1,-1,-1
92,231,1117.64,445.71,87.08,73.10,0.78,-1,-1,-1
92,232,910.72,392.31,75.65,71.64,0.78,-1,-1,-1
92,233,845.49,138.07,62.74,45.55,0.70,-1,-1,-1
92,234,1424.19,1118.20,57.30,123.10,0.59,-1,-1,-1
92,167,2116.00,609.03,149.34,116.83,0.56,-1,-1,-1
93,118,1585.63,1130.12,303.88,270.84,0.80,-1,-1,-1
93,122,1682.80,445.02,84.78,70.54,0.82,-1,-1,-1
93,125,1221.99,689.40,140.59,117.95,0.77,-1,-1,-1
93,123,635.83,730.90,126.96,148.70,0.87,-1,-1,-1
93,163,1146.37,888.66,172.43,172.76,0.50,-1,-1,-1
93,227,1742.35,850.85,43.19,95.38,0.72,-1,-1,-1
93,229,1352.82,298.42,63.29,43.97,0.52,-1,-1,-1
93,230,974.25,312.79,62.50,66.46,0.82,-1,-1,-1
93,231,1120.33,453.60,84.62,71.08,0.77,-1,-1,-1
93,232,904.62,395.11,79.42,75.22,0.76,-1,-1,-1
93,233,843.34,138.57,62.71,45.59,0.61,-1,-1,-1
93,234,1419.48,1131.09,62.05,132.98,0.60,-1,-1,-1
93,167,2107.68,610.94,149.36,116.10,0.58,-1,-1,-1
94,118,1588.94,1146.87,303.24,272.51,0.75,-1,-1,-1
94,122,1677.68,445.30,84.54,70.34,0.82,-1,-1,-1
94,125,1215.31,694.20,142.76,120.94,0.79,-1,-1,-1
94,123,627.59,732.68,126.66,147.85,0.89,-1,-1,-1
94,163,1139.94,899.38,166.39,168.97,0.52,-1,-1,-1
94,227,1730.64,852.70,42.57,94.15,0.67,-1,-1,-1
94,229,1350.49,299.84,62.74,43.55,0.63,-1,-1,-1
94,230,972.85,316.30,61.79,65.85,0.78,-1,-1,-1
94,231,1122.04,460.57,83.50,70.16,0.74,-1,-1,-1
94,232,902.01,399.59,79.08,74.90,0.75,-1,-1,-1
94,233,839.59,137.56,63.81,46.55,0.65,-1,-1,-1
94,234,1418.08,1144.51,58.04,123.50,0.53,-1,-1,-1
94,167,2100.90,614.42,148.19,114.68,0.67,-1,-1,-1
95,118,1589.86,1165.35,305.99,277.63,0.77,-1,-1,-1
95,122,1671.45,446.14,85.63,71.35,0.82,-1,-1,-1
95,125,1212.25,699.40,144.04,122.80,0.82,-1,-1,-1
95,123,618.23,734.41,127.35,148.69,0.89,-1,-1,-1
95,163,1131.64,908.59,166.91,172.00,0.20,-1,-1,-1
95,227,1720.33,852.95,44.37,98.15,0.59,-1,-1,-1
95,229,1347.04,300.18,64.30,44.63,0.59,-1,-1,-1
95,230,972.14,319.41,61.39,65.55,0.79,-1,-1,-1
95,231,1120.67,465.47,86.51,72.87,0.78,-1,-1,-1
95,232,899.33,404.48,77.76,73.44,0.69,-1,-1,-1
95,233,836.53,138.60,62.16,45.52,0.60,-1,-1,-1
95,234,1410.25,1156.27,56.84,119.91,0.52,-1,-1,-1
95,167,2100.10,613.90,139.64,106.17,0.59,-1,-1,-1
95,239,972.08,241.91,88.88,51.01,0.55,-1,-1,-1
95,210,929.15,991.42,42.85,99.22,0.57,-1,-1,-1
96,118,1592.06,1181.28,305.14,279.22,0.80,-1,-1,-1
96,122,1665.65,447.94,83.84,69.96,0.81,-1,-1,-1
96,125,1204.46,706.30,146.55,126.24,0.81,-1,-1,-1
96,123,609.49,735.98,127.11,148.17,0.89,-1,-1,-1
96,163,1114.84,919.63,178.90,189.08,0.16,-1,-1,-1
96,227,1708.22,854.45,43.55,96.45,0.72,-1,-1,-1
96,229,1343.03,301.90,63.63,44.27,0.50,-1,-1,-1
96,230,970.06,321.97,62.28,66.60,0.80,-1,-1,-1
96,231,1120.75,471.79,86.50,73.01,0.78,-1,-1,-1
96,232,896.64,408.55,77.31,73.07,0.80,-1,-1,-1
96,233,831.08,138.19,60.15,44.16,0.53,-1,-1,-1
96,234,1406.08,1170.99,58.88,123.45,0.49,-1,-1,-1
96,167,2088.88,613.38,148.31,112.32,0.64,-1,-1,-1
96,239,966.58,240.22,87.27,50.04,0.46,-1,-1,-1
96,210,913.82,992.94,46.11,109.33,0.41,-1,-1,-1
97,118,1588.94,1200.39,320.81,296.88,0.81,-1,-1,-1
97,122,1658.35,446.98,86.09,72.28,0.81,-1,-1,-1
97,125,1205.52,712.93,144.61,124.77,0.77,-1,-1,-1
97,123,600.59,737.71,125.88,146.36,0.86,-1,-1,-1
97,163,1103.08,929.31,182.20,197.37,0.47,-1,-1,-1
97,227,1699.07,855.67,44.04,98.29,0.56,-1,-1,-1
97,229,1339.27,302.34,63.93,44.61,0.55,-1,-1,-1
97,230,968.69,326.25,61.92,66.16,0.82,-1,-1,-1
97,231,1119.34,476.89,89.05,75.51,0.80,-1,-1,-1
97,232,889.51,411.64,78.59,73.78,0.67,-1,-1,-1
97,233,828.76,137.31,60.95,45.00,0.77,-1,-1,-1
97,234,1399.59,1185.53,59.17,123.89,0.54,-1,-1,-1
97,167,2080.84,613.77,150.76,113.90,0.63,-1,-1,-1
97,239,960.12,239.13,84.70,48.51,0.56,-1,-1,-1
97,210,898.89,993.27,45.92,110.10,0.55,-1,-1,-1
98,118,1591.62,1213.83,330.73,309.69,0.73,-1,-1,-1
98,122,1656.11,447.57,86.68,73.12,0.80,-1,-1,-1
98,125,1205.70,719.47,145.62,126.28,0.78,-1,-1,-1
98,123,594.93,737.11,127.57,148.66,0.86,-1,-1,-1
98,163,1097.16,943.15,177.74,196.52,0.39,-1,-1,-1
98,227,1690.68,858.27,44.11,98.94,0.66,-1,-1,-1
98,229,1339.50,302.67,63.07,44.17,0.74,-1,-1,-1
98,230,970.92,328.69,62.96,67.45,0.79,-1,-1,-1
98,231,1123.00,483.28,90.76,77.21,0.84,-1,-1,-1
98,232,892.62,414.56,79.38,74.74,0.79,-1,-1,-1
98,233,829.28,138.01,59.30,43.84,0.50,-1,-1,-1
98,234,1402.78,1199.62,59.09,123.45,0.57,-1,-1,-1
98,167,2075.67,614.60,155.30,117.54,0.59,-1,-1,-1
98,239,963.12,239.21,81.74,46.91,0.41,-1,-1,-1
99,118,1622.46,1238.15,303.35,282.03,0.80,-1,-1,-1
99,122,1661.27,448.98,86.90,73.28,0.83,-1,-1,-1
99,125,1211.79,725.65,145.33,126.62,0.78,-1,-1,-1
99,123,596.05,735.84,129.57,151.11,0.86,-1,-1,-1
99,163,1097.13,956.21,167.23,187.71,0.40,-1,-1,-1
99,227,1688.64,860.73,43.27,97.20,0.64,-1,-1,-1
99,229,1345.10,302.55,63.40,44.16,0.77,-1,-1,-1
99,230,978.33,331.81,63.60,68.05,0.72,-1,-1,-1
99,231,1130.82,490.59,91.76,78.42,0.83,-1,-1,-1
99,232,884.77,412.94,88.98,82.15,0.65,-1,-1,-1
99,233,835.83,137.49,60.43,44.92,0.35,-1,-1,-1
99,234,1405.85,1215.02,60.38,126.11,0.60,-1,-1,-1
99,167,2080.04,615.26,157.48,118.67,0.51,-1,-1,-1
99,239,964.54,237.76,82.13,47.12,0.17,-1,-1,-1
99,244,1757.63,905.11,48.25,97.44,0.64,-1,-1,-1
99,210,883.93,1023.97,39.07,92.67,0.50,-1,-1,-1
100,118,1646.31,1261.66,293.28,268.34,0.82,-1,-1,-1
100,122,1671.96,449.69,88.09,74.06,0.78,-1,-1,-1
100,125,1224.13,732.61,146.95,128.98,0.77,-1,-1,-1
100,123,605.57,737.31,128.78,149.44,0.85,-1,-1,-1
100,163,1093.67,968.35,171.97,196.56,0.58,-1,-1,-1
100,227,1691.86,862.55,44.92,101.90,0.56,-1,-1,-1
100,229,1357.64,302.46,66.00,45.67,0.64,-1,-1,-1
100,230,992.06,333.86,65.20,69.76,0.54,-1,-1,-1
100,231,1146.99,494.78,95.89,82.16,0.59,-1,-1,-1
100,232,882.90,416.36,94.77,83.69,0.71,-1,-1,-1
100,234,1415.11,1230.91,58.20,120.92,0.52,-1,-1,-1
100,167,2091.27,613.07,167.98,125.96,0.47,-1,-1,-1
100,239,972.75,235.38,83.16,47.49,0.30,-1,-1,-1
100,244,1765.77,913.01,46.11,93.13,0.58,-1,-1,-1
100,210,877.01,1005.41,45.72,109.26,0.47,-1,-1,-1
101,118,1673.62,1281.02,280.58,248.98,0.85,-1,-1,-1
101,122,1687.54,450.57,88.87,74.50,0.73,-1,-1,-1
101,125,1238.94,739.28,150.40,133.14,0.78,-1,-1,-1
101,123,617.82,736.13,129.92,150.45,0.86,-1,-1,-1
101,163,1094.79,981.10,170.66,196.40,0.67,-1,-1,-1
101,227,1699.92,865.09,44.12,100.25,0.62,-1,-1,-1
101,229,1373.17,302.92,67.65,46.70,0.68,-1,-1,-1
101,230,1012.46,336.51,65.13,69.85,0.60,-1,-1,-1
101,231,1163.95,499.51,99.58,85.73,0.64,-1,-1,-1
101,232,903.01,415.99,100.25,87.62,0.59,-1,-1,-1
101,167,2120.40,613.33,137.46,99.12,0.38,-1,-1,-1
101,239,981.75,229.55,88.72,50.46,0.36,-1,-1,-1
101,244,1772.40,914.88,49.29,100.09,0.57,-1,-1,-1
102,118,1704.52,1306.26,260.87,223.74,0.85,-1,-1,-1
102,122,1701.19,449.89,92.71,77.43,0.68,-1,-1,-1
102,125,1255.40,746.22,149.30,132.31,0.79,-1,-1,-1
102,123,633.25,737.03,128.32,147.87,0.90,-1,-1,-1
102,163,1108.62,992.61,153.45,174.56,0.48,-1,-1,-1
102,230,1033.58,338.32,65.96,70.71,0.63,-1,-1,-1
102,231,1183.07,506.35,99.37,85.62,0.69,-1,-1,-1
102,232,903.70,419.93,107.73,89.37,0.63,-1,-1,-1
102,167,2143.15,612.80,132.07,90.09,0.30,-1,-1,-1
102,239,1002.40,227.92,86.89,49.44,0.56,-1,-1,-1
102,244,1784.63,921.46,46.72,95.07,0.60,-1,-1,-1
103,118,1732.41,1332.82,237.23,197.18,0.79,-1,-1,-1
103,122,1719.85,449.78,94.35,79.14,0.69,-1,-1,-1
103,125,1271.16,752.58,152.67,136.46,0.75,-1,-1,-1
103,123,648.68,734.01,128.45,147.23,0.84,-1,-1,-1
103,163,1103.62,1005.66,169.99,194.61,0.67,-1,-1,-1
103,231,1205.87,510.89,102.71,88.73,0.71,-1,-1,-1
103,244,1796.21,929.10,44.32,90.14,0.70,-1,-1,-1
103,247,1923.31,795.67,96.42,92.07,0.54,-1,-1,-1
103,248,1727.57,871.44,40.73,97.94,0.61,-1,-1,-1
104,118,1764.83,1360.42,210.81,169.58,0.71,-1,-1,-1
104,122,1738.48,452.48,93.74,78.48,0.67,-1,-1,-1
104,125,1290.37,760.13,154.56,139.34,0.77,-1,-1,-1
104,123,665.44,731.99,129.10,147.01,0.83,-1,-1,-1
104,163,1104.21,1016.39,175.65,201.00,0.74,-1,-1,-1
104,231,1228.43,517.49,103.26,89.78,0.62,-1,-1,-1
104,244,1805.49,928.03,46.18,94.68,0.63,-1,-1,-1
104,247,1928.27,779.33,108.25,103.72,0.36,-1,-1,-1
104,248,1737.81,872.15,39.52,94.89,0.61,-1,-1,-1
104,249,1437.11,306.15,66.38,44.37,0.73,-1,-1,-1
104,232,949.11,427.23,110.38,89.17,0.65,-1,-1,-1
105,118,1795.75,1383.98,188.82,146.02,0.64,-1,-1,-1
105,122,1760.37,454.68,94.65,79.26,0.70,-1,-1,-1
105,125,1312.90,766.91,152.34,138.19,0.71,-1,-1,-1
105,123,685.52,730.17,130.11,146.92,0.75,-1,-1,-1
105,163,1113.69,1026.80,169.84,191.87,0.75,-1,-1,-1
105,231,1251.14,523.60,105.99,91.52,0.45,-1,-1,-1
105,244,1819.00,929.79,47.66,98.43,0.52,-1,-1,-1
105,247,1942.65,775.54,107.22,103.17,0.32,-1,-1,-1
105,248,1753.46,875.96,42.32,101.48,0.59,-1,-1,-1
105,249,1457.25,305.49,71.30,47.59,0.63,-1,-1,-1
105,232,979.23,430.33,113.53,90.32,0.39,-1,-1,-1
106,118,1832.62,1413.92,157.63,116.08,0.60,-1,-1,-1
106,122,1787.71,455.16,96.97,81.18,0.44,-1,-1,-1
106,125,1336.96,773.25,156.72,143.70,0.67,-1,-1,-1
106,123,709.04,728.33,131.49,147.32,0.75,-1,-1,-1
106,163,1130.58,1040.03,159.99,177.17,0.76,-1,-1,-1
106,231,1280.59,527.47,111.21,96.47,0.69,-1,-1,-1
106,247,1961.61,765.75,108.94,105.73,0.12,-1,-1,-1
106,249,1488.88,306.07,72.68,48.48,0.51,-1,-1,-1
107,118,1866.38,1446.09,123.95,83.91,0.58,-1,-1,-1
107,122,1821.02,459.85,94.43,79.37,0.78,-1,-1,-1
107,125,1361.05,782.69,159.68,148.06,0.78,-1,-1,-1
107,123,734.92,728.97,129.94,144.86,0.82,-1,-1,-1
107,163,1115.81,1052.43,188.25,207.35,0.84,-1,-1,-1
107,231,1310.92,535.56,109.39,95.09,0.56,-1,-1,-1
107,247,1985.50,771.78,102.55,100.08,0.46,-1,-1,-1
107,249,1524.14,307.04,71.29,47.69,0.62,-1,-1,-1
108,122,1841.46,464.06,89.96,75.74,0.82,-1,-1,-1
108,125,1373.51,789.79,159.12,149.04,0.82,-1,-1,-1
108,123,746.05,728.87,129.33,144.00,0.83,-1,-1,-1
108,163,1102.41,1058.41,195.36,211.77,0.78,-1,-1,-1
108,231,1333.17,542.70,105.41,92.13,0.72,-1,-1,-1
108,247,1988.62,765.23,106.54,105.15,0.21,-1,-1,-1
108,249,1542.81,308.97,67.40,45.20,0.74,-1,-1,-1
108,244,1860.06,941.14,44.96,93.11,0.51,-1,-1,-1
108,248,1797.11,886.59,41.44,99.51,0.65,-1,-1,-1
109,122,1844.78,465.06,87.91,74.19,0.81,-1,-1,-1
109,125,1371.65,798.61,160.72,152.07,0.80,-1,-1,-1
109,123,744.78,729.05,128.98,142.86,0.83,-1,-1,-1
109,163,1086.09,1072.72,192.43,204.89,0.79,-1,-1,-1
109,231,1341.78,549.55,101.15,88.81,0.67,-1,-1,-1
109,249,1545.20,308.97,67.63,45.38,0.75,-1,-1,-1
109,255,1196.50,357.68,65.82,70.42,0.79,-1,-1,-1
109,256,1098.89,446.50,77.98,81.98,0.79,-1,-1,-1
109,257,1734.99,422.51,81.72,62.79,0.71,-1,-1,-1
109,259,1049.56,134.35,61.56,41.51,0.50,-1,-1,-1
110,122,1843.47,467.42,85.19,71.75,0.85,-1,-1,-1
110,125,1364.51,805.98,162.27,155.31,0.79,-1,-1,-1
110,123,736.22,729.71,128.59,142.15,0.84,-1,-1,-1
110,163,1078.32,1091.73,171.79,176.43,0.74,-1,-1,-1
110,231,1340.53,554.72,104.06,92.44,0.65,-1,-1,-1
110,249,1542.93,309.68,66.03,44.32,0.65,-1,-1,-1
110,255,1193.09,360.07,65.11,69.73,0.80,-1,-1,-1
110,256,1093.13,449.52,79.96,84.13,0.82,-1,-1,-1
110,257,1729.53,422.92,82.75,63.72,0.68,-1,-1,-1
110,259,1048.82,131.00,60.79,41.18,0.33,-1,-1,-1
111,122,1834.75,465.69,87.82,74.28,0.82,-1,-1,-1
111,125,1356.88,814.24,162.62,156.85,0.79,-1,-1,-1
111,123,727.76,729.65,125.98,138.31,0.84,-1,-1,-1
111,163,1048.97,1106.02,171.01,170.68,0.73,-1,-1,-1
111,231,1337.70,560.44,104.27,93.67,0.68,-1,-1,-1
111,249,1537.47,310.56,66.12,44.35,0.70,-1,-1,-1
111,255,1189.56,362.10,66.52,71.33,0.81,-1,-1,-1
111,256,1088.77,453.79,79.76,84.02,0.81,-1,-1,-1
111,257,1724.74,423.01,82.43,63.77,0.64,-1,-1,-1
111,259,1047.59,130.77,58.61,39.98,0.41,-1,-1,-1
111,261,1762.61,888.15,44.27,101.93,0.69,-1,-1,-1
112,122,1827.53,465.67,87.41,73.87,0.82,-1,-1,-1
112,125,1349.97,823.59,163.11,158.83,0.79,-1,-1,-1
112,123,717.84,731.68,123.42,134.47,0.85,-1,-1,-1
112,163,976.95,1120.66,222.67,220.54,0.57,-1,-1,-1
112,231,1334.48,567.52,104.80,95.40,0.67,-1,-1,-1
112,249,1530.88,310.23,65.46,44.02,0.72,-1,-1,-1
112,255,1186.39,365.75,66.99,71.85,0.82,-1,-1,-1
112,256,1081.37,455.74,81.29,85.88,0.79,-1,-1,-1
112,257,1716.87,422.29,83.58,64.95,0.68,-1,-1,-1
112,259,1044.82,130.30,57.29,39.47,0.44,-1,-1,-1
112,261,1748.94,888.15,46.00,106.03,0.59,-1,-1,-1
113,122,1819.50,465.54,87.88,74.53,0.82,-1,-1,-1
113,125,1341.65,830.87,164.68,162.54,0.79,-1,-1,-1
113,123,705.30,730.53,126.61,137.33,0.85,-1,-1,-1
113,163,942.16,1135.10,228.11,223.32,0.34,-1,-1,-1
113,231,1331.35,573.85,103.11,94.59,0.73,-1,-1,-1
113,249,1525.98,309.66,66.15,44.51,0.73,-1,-1,-1
113,255,1182.94,369.18,67.48,72.38,0.82,-1,-1,-1
113,256,1076.52,460.35,79.35,83.88,0.77,-1,-1,-1
113,257,1709.58,421.93,82.72,64.68,0.64,-1,-1,-1
113,259,1040.77,130.65,56.40,39.33,0.50,-1,-1,-1
113,261,1736.75,888.71,44.96,103.47,0.54,-1,-1,-1
114,122,1812.33,465.31,87.57,74.73,0.82,-1,-1,-1
114,125,1334.87,841.19,161.94,161.41,0.85,-1,-1,-1
114,123,692.47,729.89,127.53,137.22,0.79,-1,-1,-1
114,163,943.86,1151.84,181.84,168.53,0.56,-1,-1,-1
114,231,1329.24,579.40,100.93,92.95,0.79,-1,-1,-1
114,249,1520.64,309.85,65.54,44.13,0.67,-1,-1,-1
114,255,1178.97,371.14,67.78,72.90,0.84,-1,-1,-1
114,256,1070.11,463.01,80.62,85.35,0.80,-1,-1,-1
114,257,1701.25,421.82,82.39,64.85,0.69,-1,-1,-1
114,259,1038.32,131.22,53.48,37.63,0.52,-1,-1,-1
114,261,1722.99,888.55,46.00,105.97,0.68,-1,-1,-1
114,262,770.16,383.06,69.25,47.68,0.52,-1,-1,-1
115,122,1806.95,466.61,85.26,72.58,0.85,-1,-1,-1
115,125,1327.47,849.99,159.98,160.61,0.76,-1,-1,-1
115,123,679.31,730.17,130.57,140.16,0.77,-1,-1,-1
115,163,861.25,1165.52,242.38,224.18,0.60,-1,-1,-1
115,231,1324.29,586.22,102.47,94.67,0.68,-1,-1,-1
115,249,1513.23,309.72,67.23,45.27,0.74,-1,-1,-1
115,255,1176.51,374.16,67.26,72.46,0.83,-1,-1,-1
115,256,1062.27,466.29,82.45,87.55,0.79,-1,-1,-1
115,257,1696.33,421.75,83.81,66.10,0.64,-1,-1,-1
115,259,1034.33,129.97,53.75,38.26,0.55,-1,-1,-1
115,261,1705.28,888.69,48.52,111.64,0.67,-1,-1,-1
115,262,766.66,383.88,66.94,46.22,0.34,-1,-1,-1
116,122,1797.99,464.68,88.21,75.40,0.82,-1,-1,-1
116,125,1317.80,859.69,164.44,166.53,0.76,-1,-1,-1
116,123,668.11,730.06,129.62,138.41,0.82,-1,-1,-1
116,163,823.27,1181.69,239.27,216.44,0.78,-1,-1,-1
116,231,1319.55,591.79,105.88,98.41,0.66,-1,-1,-1
116,249,1507.39,309.42,67.99,45.76,0.73,-1,-1,-1
116,255,1173.10,377.18,67.45,72.73,0.82,-1,-1,-1
116,256,1057.10,470.03,82.09,87.31,0.78,-1,-1,-1
116,257,1695.97,422.15,86.19,68.12,0.51,-1,-1,-1
116,259,1030.54,127.97,55.53,40.19,0.58,-1,-1,-1
116,261,1692.53,889.58,47.55,109.62,0.51,-1,-1,-1
116,262,762.37,384.17,60.07,41.51,0.30,-1,-1,-1
117,122,1791.11,464.97,86.91,74.38,0.80,-1,-1,-1
117,125,1307.78,869.31,165.34,169.06,0.82,-1,-1,-1
117,123,656.59,730.38,128.29,136.15,0.80,-1,-1,-1
117,163,777.26,1196.44,245.01,217.19,0.77,-1,-1,-1
117,231,1313.67,597.19,108.13,101.12,0.75,-1,-1,-1
117,249,1503.05,309.77,67.15,45.32,0.69,-1,-1,-1
117,255,1168.44,379.60,68.21,74.00,0.84,-1,-1,-1
117,256,1050.94,472.95,83.93,89.87,0.80,-1,-1,-1
117,257,1684.63,422.00,85.69,67.78,0.60,-1,-1,-1
117,259,1028.64,128.38,53.01,38.97,0.50,-1,-1,-1
117,261,1683.63,889.94,43.10,99.53,0.60,-1,-1,-1
117,262,756.87,383.57,58.20,40.32,0.46,-1,-1,-1
118,122,1783.23,464.34,87.97,75.56,0.81,-1,-1,-1
118,125,1301.11,880.30,162.16,167.49,0.87,-1,-1,-1
118,123,646.14,730.46,127.55,134.60,0.81,-1,-1,-1
118,163,736.11,1216.31,260.72,220.61,0.75,-1,-1,-1
118,231,1308.74,602.46,109.03,102.72,0.79,-1,-1,-1
118,249,1497.99,310.18,66.26,44.56,0.71,-1,-1,-1
118,255,1164.91,381.72,68.69,74.78,0.83,-1,-1,-1
118,256,1045.06,476.16,82.95,89.23,0.76,-1,-1,-1
118,257,1680.03,421.72,84.66,67.25,0.59,-1,-1,-1
118,259,1028.29,134.62,47.66,35.21,0.47,-1,-1,-1
118,261,1669.10,889.55,41.86,95.24,0.64,-1,-1,-1
118,262,750.37,383.00,60.88,42.45,0.53,-1,-1,-1
119,122,1777.83,463.96,87.53,75.69,0.80,-1,-1,-1
119,125,1294.86,889.80,165.26,173.00,0.81,-1,-1,-1
119,123,634.99,730.42,133.17,139.88,0.86,-1,-1,-1
119,163,670.07,1234.77,286.30,234.65,0.78,-1,-1,-1
119,231,1306.21,609.18,106.11,100.33,0.75,-1,-1,-1
119,249,1492.95,310.24,65.87,44.50,0.73,-1,-1,-1
119,255,1162.09,383.36,70.29,77.10,0.85,-1,-1,-1
119,256,1040.57,480.10,82.05,88.68,0.82,-1,-1,-1
119,257,1676.04,422.49,80.01,63.87,0.31,-1,-1,-1
119,259,1022.97,132.26,48.65,36.21,0.59,-1,-1,-1
119,261,1662.28,890.90,41.07,93.40,0.51,-1,-1,-1
119,262,748.08,385.60,55.09,38.26,0.46,-1,-1,-1
120,122,1775.13,463.63,87.26,75.97,0.82,-1,-1,-1
120,125,1289.51,899.78,167.11,177.42,0.84,-1,-1,-1
120,123,629.69,730.54,134.00,139.72,0.85,-1,-1,-1
120,163,632.76,1253.03,281.99,223.78,0.77,-1,-1,-1
120,231,1305.96,614.89,107.69,102.60,0.77,-1,-1,-1
120,249,1492.05,310.36,65.57,44.39,0.70,-1,-1,-1
120,255,1162.95,387.34,69.08,76.15,0.84,-1,-1,-1
120,256,1037.93,482.24,83.31,90.52,0.85,-1,-1,-1
120,257,1672.09,422.43,80.24,65.03,0.29,-1,-1,-1
120,259,1023.28,128.97,50.01,37.81,0.53,-1,-1,-1
120,261,1652.60,889.55,41.89,94.12,0.59,-1,-1,-1
120,262,747.29,385.63,53.92,37.37,0.43,-1,-1,-1
120,263,935.16,219.38,77.66,48.61,0.52,-1,-1,-1
120,210,716.68,999.91,49.77,119.64,0.53,-1,-1,-1
121,122,1774.58,464.08,86.42,75.74,0.82,-1,-1,-1
121,125,1286.21,911.42,167.89,180.90,0.82,-1,-1,-1
121,123,625.19,730.38,135.60,140.66,0.86,-1,-1,-1
121,163,560.06,1268.63,306.04,234.18,0.74,-1,-1,-1
121,231,1305.17,620.93,111.07,107.02,0.74,-1,-1,-1
121,249,1492.97,309.85,66.83,45.17,0.71,-1,-1,-1
121,255,1165.27,391.02,68.54,75.99,0.83,-1,-1,-1
121,256,1037.16,485.78,83.99,91.69,0.84,-1,-1,-1
121,257,1672.09,423.02,75.79,62.61,0.11,-1,-1,-1
121,259,1026.55,125.07,51.60,39.88,0.67,-1,-1,-1
121,261,1648.26,890.90,41.06,92.29,0.62,-1,-1,-1
121,262,748.50,385.29,53.28,36.86,0.45,-1,-1,-1
121,263,938.63,220.96,74.00,46.26,0.58,-1,-1,-1
121,210,707.70,1013.78,41.26,95.55,0.54,-1,-1,-1
122,122,1779.38,466.37,84.49,73.92,0.81,-1,-1,-1
122,125,1288.03,923.43,166.91,181.96,0.84,-1,-1,-1
122,123,624.00,730.58,136.37,140.71,0.85,-1,-1,-1
122,163,541.91,1283.94,287.81,212.84,0.68,-1,-1,-1
122,231,1309.55,627.01,113.04,109.59,0.74,-1,-1,-1
122,249,1498.76,309.94,66.85,44.78,0.74,-1,-1,-1
122,256,1041.69,488.68,83.53,91.55,0.79,-1,-1,-1
122,257,1674.07,425.30,75.94,62.51,0.13,-1,-1,-1
122,259,1031.61,125.76,50.89,39.37,0.54,-1,-1,-1
122,261,1645.96,892.30,41.19,92.30,0.53,-1,-1,-1
122,262,751.61,383.13,56.47,39.22,0.60,-1,-1,-1
122,263,943.58,218.82,79.27,49.60,0.58,-1,-1,-1
122,210,700.68,1016.36,40.56,91.22,0.46,-1,-1,-1
122,230,1175.13,393.27,70.38,76.93,0.84,-1,-1,-1
123,122,1783.96,465.13,86.37,75.79,0.79,-1,-1,-1
123,125,1289.40,934.39,168.03,186.08,0.86,-1,-1,-1
123,123,625.36,730.20,137.39,141.25,0.86,-1,-1,-1
123,163,515.25,1297.37,274.66,195.21,0.66,-1,-1,-1
123,231,1316.92,633.73,111.10,108.17,0.76,-1,-1,-1
123,249,1505.59,310.10,67.95,45.24,0.71,-1,-1,-1
123,256,1048.20,492.31,83.01,90.92,0.79,-1,-1,-1
123,257,1676.48,421.02,77.45,63.36,0.11,-1,-1,-1
123,259,1043.46,126.69,48.61,37.69,0.54,-1,-1,-1
123,261,1646.02,892.67,39.13,86.42,0.53,-1,-1,-1
123,262,757.22,381.89,58.24,40.74,0.22,-1,-1,-1
123,210,691.46,1014.46,42.64,95.84,0.48,-1,-1,-1
123,264,2468.87,784.83,37.55,66.26,0.64,-1,-1,-1
123,230,1183.17,395.85,69.96,77.61,0.83,-1,-1,-1
124,122,1785.98,465.78,85.69,75.32,0.81,-1,-1,-1
124,125,1282.76,944.19,173.84,195.87,0.73,-1,-1,-1
124,123,621.72,729.31,139.55,142.64,0.84,-1,-1,-1
124,163,452.46,1316.11,279.48,191.14,0.71,-1,-1,-1
124,231,1319.32,639.69,109.74,107.28,0.71,-1,-1,-1
124,249,1509.96,310.68,67.70,44.78,0.73,-1,-1,-1
124,256,1049.83,495.61,83.58,91.66,0.77,-1,-1,-1
124,257,1669.41,424.99,74.51,59.62,0.16,-1,-1,-1
124,259,1052.28,126.64,47.20,37.23,0.65,-1,-1,-1
124,261,1639.44,893.16,40.59,88.41,0.57,-1,-1,-1
124,262,758.78,381.09,59.40,41.93,0.39,-1,-1,-1
124,210,678.23,1014.02,44.21,97.36,0.38,-1,-1,-1
124,264,2463.91,784.76,38.34,67.59,0.51,-1,-1,-1
124,230,1187.40,398.88,68.73,76.99,0.85,-1,-1,-1
124,239,1126.13,197.44,55.81,33.57,0.60,-1,-1,-1
125,122,1783.62,467.68,84.64,74.30,0.79,-1,-1,-1
125,125,1273.11,956.77,176.78,202.88,0.78,-1,-1,-1
125,123,611.74,728.93,137.51,139.85,0.82,-1,-1,-1
125,163,397.91,1330.39,283.95,186.52,0.58,-1,-1,-1
125,231,1316.95,646.47,110.04,107.96,0.67,-1,-1,-1
125,249,1508.76,310.68,67.23,44.40,0.73,-1,-1,-1
125,256,1044.78,498.38,85.53,94.37,0.78,-1,-1,-1
125,259,1053.84,126.24,45.09,36.20,0.68,-1,-1,-1
125,261,1627.95,894.31,40.68,87.40,0.56,-1,-1,-1
125,262,756.51,381.14,59.20,42.05,0.59,-1,-1,-1
125,210,656.31,1014.28,48.74,107.68,0.52,-1,-1,-1
125,264,2453.66,784.65,39.72,69.84,0.55,-1,-1,-1
125,230,1186.39,401.18,68.47,77.73,0.85,-1,-1,-1
125,239,1124.72,195.57,53.33,33.32,0.43,-1,-1,-1
126,122,1776.96,467.20,84.68,74.75,0.80,-1,-1,-1
126,125,1264.52,969.59,178.43,207.79,0.75,-1,-1,-1
126,123,601.43,729.04,138.41,140.02,0.82,-1,-1,-1
126,163,352.42,1350.33,251.75,157.94,0.55,-1,-1,-1
126,231,1311.27,652.75,114.01,112.31,0.56,-1,-1,-1
126,249,1504.61,310.39,68.25,44.80,0.76,-1,-1,-1
126,256,1039.05,502.47,85.25,94.41,0.71,-1,-1,-1
126,259,1052.74,126.70,43.18,35.11,0.68,-1,-1,-1
126,261,1617.08,895.94,40.25,86.33,0.60,-1,-1,-1
126,262,753.47,381.34,56.49,40.38,0.26,-1,-1,-1
126,210,645.90,1024.64,51.41,111.22,0.21,-1,-1,-1
126,264,2443.42,783.21,39.96,70.12,0.51,-1,-1,-1
126,230,1183.62,405.34,67.63,77.19,0.85,-1,-1,-1
126,239,1119.12,194.47,51.57,32.03,0.36,-1,-1,-1
126,263,949.29,225.76,80.68,50.24,0.55,-1,-1,-1
127,122,1771.50,467.50,83.43,73.74,0.80,-1,-1,-1
127,125,1256.29,983.07,174.11,205.15,0.79,-1,-1,-1
127,123,590.10,728.90,142.15,142.92,0.83,-1,-1,-1
127,163,317.26,1370.43,231.20,138.55,0.50,-1,-1,-1
127,231,1305.68,658.75,114.17,112.80,0.73,-1,-1,-1
127,249,1500.14,311.00,67.36,44.08,0.74,-1,-1,-1
127,256,1031.84,507.04,86.99,96.73,0.71,-1,-1,-1
127,259,1050.22,124.75,44.15,36.62,0.72,-1,-1,-1
127,261,1601.93,895.18,40.80,85.56,0.48,-1,-1,-1
127,262,747.22,381.99,56.12,40.25,0.21,-1,-1,-1
127,210,644.50,1025.92,52.44,112.75,0.30,-1,-1,-1
127,264,2433.85,784.66,38.64,67.64,0.38,-1,-1,-1
127,230,1179.56,408.49,67.54,77.67,0.81,-1,-1,-1
127,239,1115.65,193.68,49.94,31.45,0.26,-1,-1,-1
127,263,962.69,232.14,72.40,45.86,0.46,-1,-1,-1
128,122,1761.05,466.36,85.21,75.53,0.82,-1,-1,-1
128,125,1243.83,996.95,177.64,212.08,0.71,-1,-1,-1
128,123,576.38,729.00,142.93,143.07,0.82,-1,-1,-1
128,163,267.10,1392.50,221.05,126.17,0.70,-1,-1,-1
128,231,1297.99,665.06,117.20,116.63,0.73,-1,-1,-1
128,249,1494.46,311.03,67.76,44.42,0.75,-1,-1,-1
128,256,1026.28,510.22,83.57,93.11,0.76,-1,-1,-1
128,259,1046.79,123.23,44.72,37.85,0.67,-1,-1,-1
128,261,1588.33,895.25,40.58,83.43,0.41,-1,-1,-1
128,262,740.98,383.24,55.38,39.83,0.21,-1,-1,-1
128,210,630.46,1024.08,50.63,108.22,0.19,-1,-1,-1
128,264,2421.97,785.32,38.94,67.67,0.31,-1,-1,-1
128,230,1174.45,411.65,67.82,78.45,0.81,-1,-1,-1
128,239,1109.17,190.90,50.47,31.97,0.46,-1,-1,-1
128,263,952.31,234.71,75.11,47.54,0.45,-1,-1,-1
128,268,1742.80,662.60,76.18,94.86,0.51,-1,-1,-1
129,122,1755.46,466.10,86.06,76.61,0.82,-1,-1,-1
129,125,1235.89,1009.50,177.13,214.20,0.83,-1,-1,-1
129,123,568.65,729.13,143.41,142.92,0.84,-1,-1,-1
129,163,211.42,1414.86,206.41,110.20,0.66,-1,-1,-1
129,231,1293.53,671.60,117.43,117.97,0.74,-1,-1,-1
129,249,1490.88,310.82,66.92,44.08,0.76,-1,-1,-1
129,256,1020.78,513.49,84.46,94.37,0.80,-1,-1,-1
129,259,1045.43,122.98,43.82,37.60,0.60,-1,-1,-1
129,261,1574.92,896.14,41.92,84.10,0.42,-1,-1,-1
129,210,616.93,1024.40,53.34,115.22,0.37,-1,-1,-1
129,264,2414.57,785.80,39.05,67.66,0.52,-1,-1,-1
129,230,1171.02,414.86,68.09,79.37,0.84,-1,-1,-1
129,239,1107.44,189.41,50.36,32.37,0.52,-1,-1,-1
129,263,963.19,239.67,67.08,43.46,0.43,-1,-1,-1
129,268,1732.14,659.11,78.26,97.51,0.40,-1,-1,-1
130,122,1756.92,465.70,86.75,77.49,0.81,-1,-1,-1
130,125,1233.72,1025.26,174.26,213.04,0.85,-1,-1,-1
130,123,565.70,728.79,143.51,142.43,0.83,-1,-1,-1
130,163,160.22,1432.58,198.10,97.42,0.72,-1,-1,-1
130,231,1293.45,679.32,118.22,119.91,0.75,-1,-1,-1
130,249,1493.80,310.79,67.36,44.45,0.73,-1,-1,-1
130,256,1021.36,516.95,85.08,95.38,0.76,-1,-1,-1
130,259,1047.83,120.35,42.76,36.77,0.48,-1,-1,-1
130,261,1568.54,898.17,40.26,78.25,0.35,-1,-1,-1
130,210,601.99,1023.73,56.02,119.70,0.56,-1,-1,-1
130,264,2414.80,786.93,38.52,66.48,0.40,-1,-1,-1
130,230,1172.35,417.52,69.79,81.34,0.85,-1,-1,-1
130,239,1108.09,187.54,50.77,32.48,0.38,-1,-1,-1
130,263,971.71,242.65,65.29,43.09,0.34,-1,-1,-1
130,268,1726.23,654.95,76.13,95.12,0.51,-1,-1,-1
130,257,1656.35,423.92,76.70,58.50,0.51,-1,-1,-1
131,122,1760.20,466.05,86.48,77.63,0.79,-1,-1,-1
131,125,1231.63,1039.93,174.10,214.99,0.84,-1,-1,-1
131,123,564.27,728.76,143.84,142.23,0.82,-1,-1,-1
131,163,114.28,1449.55,176.29,80.45,0.28,-1,-1,-1
131,231,1296.25,686.61,118.45,120.92,0.73,-1,-1,-1
131,249,1498.27,310.69,66.97,44.57,0.75,-1,-1,-1
131,256,1023.77,520.45,84.71,95.19,0.76,-1,-1,-1
131,259,1056.29,121.90,41.92,36.03,0.51,-1,-1,-1
131,261,1563.40,901.86,41.40,77.39,0.33,-1,-1,-1
131,210,592.43,1020.60,59.33,127.29,0.50,-1,-1,-1
131,264,2413.92,787.79,40.52,69.91,0.55,-1,-1,-1
131,230,1177.61,421.91,69.21,80.67,0.87,-1,-1,-1
131,239,1115.20,185.44,50.73,32.70,0.53,-1,-1,-1
131,263,982.49,246.73,60.69,40.85,0.19,-1,-1,-1
131,268,1721.37,654.35,75.43,94.11,0.54,-1,-1,-1
131,257,1666.69,425.07,74.82,56.32,0.46,-1,-1,-1
132,122,1757.06,465.50,86.45,78.00,0.83,-1,-1,-1
132,125,1221.24,1056.50,179.10,224.03,0.77,-1,-1,-1
132,123,556.79,723.34,148.62,146.74,0.82,-1,-1,-1
132,231,1291.19,693.64,121.10,125.21,0.75,-1,-1,-1
132,249,1498.54,310.46,68.32,45.56,0.74,-1,-1,-1
132,256,1021.12,525.26,83.28,93.57,0.76,-1,-1,-1
132,259,1060.40,120.56,41.98,36.70,0.62,-1,-1,-1
132,261,1553.18,903.93,40.40,74.00,0.39,-1,-1,-1
132,210,579.95,1019.81,53.48,114.14,0.40,-1,-1,-1
132,264,2404.80,788.63,41.72,71.08,0.41,-1,-1,-1
132,230,1177.47,425.05,69.02,80.94,0.86,-1,-1,-1
132,239,1116.00,184.17,49.25,31.90,0.39,-1,-1,-1
132,263,984.07,249.48,60.84,41.81,0.11,-1,-1,-1
132,268,1708.54,646.63,84.15,105.39,0.31,-1,-1,-1
132,257,1668.27,425.79,74.88,55.86,0.45,-1,-1,-1
133,122,1753.07,467.41,84.46,76.26,0.81,-1,-1,-1
133,125,1209.56,1073.97,180.69,227.70,0.78,-1,-1,-1
133,123,546.58,724.51,148.60,144.89,0.82,-1,-1,-1
133,231,1285.43,700.45,122.43,127.76,0.74,-1,-1,-1
133,249,1494.63,311.11,66.94,44.82,0.76,-1,-1,-1
133,256,1014.19,528.62,83.81,94.55,0.76,-1,-1,-1
133,259,1060.31,120.49,40.36,35.71,0.49,-1,-1,-1
133,261,1539.74,904.70,41.01,73.60,0.31,-1,-1,-1
133,210,560.26,1018.08,53.15,113.03,0.29,-1,-1,-1
133,264,2394.29,789.96,41.81,70.88,0.42,-1,-1,-1
133,230,1173.51,427.61,69.33,81.64,0.80,-1,-1,-1
133,239,1111.19,183.47,49.02,31.55,0.56,-1,-1,-1
133,263,981.37,252.14,60.61,42.39,0.17,-1,-1,-1
133,268,1694.68,642.21,82.36,103.66,0.45,-1,-1,-1
133,257,1656.63,425.41,76.97,56.48,0.16,-1,-1,-1
133,274,925.50,793.26,70.25,103.07,0.75,-1,-1,-1
134,122,1745.97,466.90,84.88,76.86,0.79,-1,-1,-1
134,125,1197.27,1090.90,181.70,231.11,0.78,-1,-1,-1
134,123,534.53,726.78,148.60,144.48,0.77,-1,-1,-1
134,231,1280.36,708.19,121.48,127.13,0.66,-1,-1,-1
134,249,1489.21,310.79,66.99,44.96,0.76,-1,-1,-1
134,256,1005.74,531.43,85.04,96.27,0.75,-1,-1,-1
134,259,1058.60,119.98,38.98,35.16,0.51,-1,-1,-1
134,261,1525.60,906.32,42.01,74.53,0.32,-1,-1,-1
134,210,539.18,1017.66,51.83,109.65,0.40,-1,-1,-1
134,264,2382.46,787.86,42.65,71.70,0.55,-1,-1,-1
134,230,1167.13,430.60,70.33,83.10,0.85,-1,-1,-1
134,239,1105.73,180.36,51.77,33.59,0.48,-1,-1,-1
134,263,978.21,253.96,59.99,42.62,0.12,-1,-1,-1
134,268,1680.94,636.86,80.17,101.17,0.65,-1,-1,-1
134,257,1649.06,426.49,76.29,56.23,0.32,-1,-1,-1
134,274,909.72,797.43,73.66,107.96,0.81,-1,-1,-1
135,122,1736.75,466.04,86.09,77.94,0.80,-1,-1,-1
135,125,1182.97,1108.82,183.04,234.30,0.77,-1,-1,-1
135,123,523.80,726.51,148.15,143.23,0.83,-1,-1,-1
135,231,1272.50,715.21,120.08,126.58,0.59,-1,-1,-1
135,249,1485.65,311.03,65.65,44.22,0.75,-1,-1,-1
135,256,996.36,534.26,87.87,99.95,0.69,-1,-1,-1
135,259,1054.64,120.75,38.12,34.58,0.24,-1,-1,-1
135,261,1510.70,904.40,45.07,79.56,0.14,-1,-1,-1
135,210,514.45,1016.39,54.00,113.75,0.37,-1,-1,-1
135,264,2372.80,790.70,41.89,68.19,0.27,-1,-1,-1
135,230,1162.59,433.47,70.74,84.03,0.83,-1,-1,-1
135,239,1102.99,180.49,50.30,32.82,0.19,-1,-1,-1
135,263,974.09,257.29,57.43,41.32,0.40,-1,-1,-1
135,268,1664.91,632.00,81.68,103.53,0.82,-1,-1,-1
135,257,1648.41,425.54,76.08,56.40,0.54,-1,-1,-1
135,274,898.42,800.79,66.77,97.19,0.75,-1,-1,-1
136,122,1729.27,465.25,86.37,78.70,0.81,-1,-1,-1
136,125,1169.34,1127.90,185.18,238.41,0.64,-1,-1,-1
136,123,509.74,725.45,150.78,144.75,0.84,-1,-1,-1
136,231,1264.35,722.54,123.11,130.92,0.62,-1,-1,-1
136,249,1480.16,311.41,65.49,44.16,0.76,-1,-1,-1
136,256,988.60,538.95,85.85,97.85,0.67,-1,-1,-1
136,259,1051.85,119.30,38.70,35.70,0.54,-1,-1,-1
136,261,1498.50,906.02,46.67,81.12,0.41,-1,-1,-1
136,210,496.37,1016.22,54.76,115.23,0.52,-1,-1,-1
136,264,2359.23,789.87,42.87,69.58,0.40,-1,-1,-1
136,230,1157.16,438.20,69.76,83.03,0.82,-1,-1,-1
136,239,1095.93,176.91,52.24,34.23,0.44,-1,-1,-1
136,263,966.32,259.82,61.54,45.14,0.23,-1,-1,-1
136,268,1649.62,627.49,81.08,103.32,0.65,-1,-1,-1
136,257,1644.80,424.99,76.16,56.26,0.63,-1,-1,-1
136,274,880.20,805.22,73.39,106.32,0.60,-1,-1,-1
136,276,1567.29,385.21,96.55,50.77,0.56,-1,-1,-1
136,277,1398.96,245.26,92.08,67.90,0.64,-1,-1,-1
137,122,1720.24,465.35,86.98,79.50,0.82,-1,-1,-1
137,125,1154.36,1146.60,185.45,241.49,0.81,-1,-1,-1
137,123,498.10,726.15,151.13,144.99,0.81,-1,-1,-1
137,231,1256.12,730.11,125.66,134.92,0.63,-1,-1,-1
137,249,1475.95,311.80,63.92,43.35,0.76,-1,-1,-1
137,256,981.55,541.75,83.92,95.80,0.80,-1,-1,-1
137,259,1049.53,120.40,37.30,34.48,0.19,-1,-1,-1
137,261,1484.83,906.33,46.15,80.88,0.25,-1,-1,-1
137,264,2347.69,789.65,43.63,70.44,0.48,-1,-1,-1
137,230,1151.30,440.92,70.35,84.10,0.86,-1,-1,-1
137,239,1090.04,174.42,52.88,34.63,0.50,-1,-1,-1
137,263,962.26,262.10,62.39,46.64,0.28,-1,-1,-1
137,268,1637.06,623.73,79.01,101.41,0.35,-1,-1,-1
137,257,1639.22,427.05,74.57,54.68,0.24,-1,-1,-1
137,274,869.81,809.11,67.32,96.55,0.74,-1,-1,-1
137,276,1564.47,386.03,95.77,50.37,0.51,-1,-1,-1
137,277,1399.31,248.82,87.58,64.70,0.48,-1,-1,-1
138,122,1718.71,467.52,84.89,77.86,0.80,-1,-1,-1
138,125,1143.72,1167.45,194.65,256.31,0.84,-1,-1,-1
138,123,493.41,725.77,150.74,144.19,0.82,-1,-1,-1
138,231,1250.99,737.36,128.47,139.14,0.66,-1,-1,-1
138,249,1475.23,312.12,63.64,43.32,0.76,-1,-1,-1
138,256,976.21,544.90,84.82,97.14,0.76,-1,-1,-1
138,259,1050.56,119.51,37.36,34.95,0.47,-1,-1,-1
138,264,2341.43,792.36,44.54,71.22,0.48,-1,-1,-1
138,230,1148.03,444.09,71.71,85.70,0.85,-1,-1,-1
138,239,1089.45,171.55,54.13,35.72,0.53,-1,-1,-1
138,263,956.78,263.78,69.03,52.75,0.30,-1,-1,-1
138,268,1626.73,620.17,77.58,100.17,0.51,-1,-1,-1
138,257,1638.88,427.45,74.01,54.67,0.56,-1,-1,-1
138,274,861.08,812.05,68.63,97.61,0.64,-1,-1,-1
138,276,1562.38,386.45,96.65,50.86,0.53,-1,-1,-1
138,277,1398.72,250.21,86.75,64.24,0.62,-1,-1,-1
138,210,455.92,1007.34,61.09,126.31,0.52,-1,-1,-1
139,122,1715.63,466.63,87.16,79.67,0.81,-1,-1,-1
139,125,1138.72,1187.11,190.37,251.08,0.76,-1,-1,-1
139,123,490.80,723.81,152.52,145.90,0.82,-1,-1,-1
139,231,1251.54,746.76,127.28,138.86,0.72,-1,-1,-1
139,249,1479.05,312.18,65.48,44.44,0.76,-1,-1,-1
139,256,975.97,548.95,85.11,97.27,0.69,-1,-1,-1
139,259,1056.61,117.86,38.00,35.93,0.50,-1,-1,-1
139,264,2337.01,794.55,45.59,72.52,0.54,-1,-1,-1
139,230,1150.13,446.70,73.38,88.04,0.81,-1,-1,-1
139,239,1096.80,173.44,50.00,32.76,0.40,-1,-1,-1
139,263,959.25,267.01,68.38,52.98,0.32,-1,-1,-1
139,268,1623.16,615.80,62.04,81.58,0.58,-1,-1,-1
139,257,1641.80,426.27,75.87,56.70,0.68,-1,-1,-1
139,274,857.81,815.43,65.61,92.20,0.49,-1,-1,-1
139,276,1562.23,385.63,100.21,52.82,0.65,-1,-1,-1
139,277,1401.13,247.19,88.69,65.90,0.69,-1,-1,-1
139,210,437.46,980.88,71.53,150.16,0.49,-1,-1,-1
140,122,1719.34,464.37,90.18,82.93,0.78,-1,-1,-1
140,125,1145.63,1212.16,164.92,212.36,0.77,-1,-1,-1
140,123,490.49,722.02,152.37,145.63,0.83,-1,-1,-1
140,231,1254.46,755.65,123.41,135.41,0.49,-1,-1,-1
140,249,1485.21,313.57,63.07,42.68,0.76,-1,-1,-1
140,256,977.03,552.26,86.64,99.01,0.76,-1,-1,-1
140,259,1064.65,117.78,37.23,35.35,0.37,-1,-1,-1
140,264,2336.71,796.87,45.48,71.90,0.54,-1,-1,-1
140,230,1155.70,449.65,73.99,89.21,0.84,-1,-1,-1
140,239,1103.73,172.54,48.84,31.96,0.48,-1,-1,-1
140,263,965.60,268.53,65.82,51.35,0.45,-1,-1,-1
140,268,1623.84,612.31,56.96,75.46,0.44,-1,-1,-1
140,257,1645.29,425.45,74.87,56.59,0.61,-1,-1,-1
140,274,850.09,817.97,74.94,105.48,0.57,-1,-1,-1
140,276,1566.43,386.82,100.47,52.92,0.67,-1,-1,-1
140,277,1395.14,241.73,94.07,69.36,0.48,-1,-1,-1
140,210,433.48,994.09,65.31,136.82,0.39,-1,-1,-1
141,122,1721.77,466.01,89.58,81.84,0.76,-1,-1,-1
141,125,1142.92,1232.97,162.30,205.73,0.61,-1,-1,-1
141,123,490.54,719.67,154.20,147.44,0.82,-1,-1,-1
141,231,1257.66,762.66,120.29,132.26,0.50,-1,-1,-1
141,249,1491.28,313.12,63.37,43.10,0.77,-1,-1,-1
141,256,980.87,556.35,83.12,94.87,0.75,-1,-1,-1
141,230,1161.44,453.27,74.13,89.87,0.82,-1,-1,-1
141,239,1112.01,171.65,48.14,31.30,0.61,-1,-1,-1
141,263,970.38,269.43,66.63,51.74,0.46,-1,-1,-1
141,268,1622.11,608.58,53.29,71.60,0.38,-1,-1,-1
141,257,1650.22,426.50,74.48,56.33,0.75,-1,-1,-1
141,274,844.48,821.20,81.67,115.61,0.48,-1,-1,-1
141,276,1571.86,387.67,99.91,52.58,0.70,-1,-1,-1
141,277,1406.45,244.16,93.75,69.41,0.58,-1,-1,-1
141,210,423.04,989.01,67.92,142.46,0.53,-1,-1,-1
141,280,1901.23,572.46,142.06,102.42,0.71,-1,-1,-1
141,281,2189.47,700.45,39.04,82.13,0.55,-1,-1,-1
142,122,1726.81,467.21,87.80,80.08,0.79,-1,-1,-1
142,125,1131.01,1256.12,163.30,205.97,0.68,-1,-1,-1
142,123,490.63,717.57,156.07,149.29,0.83,-1,-1,-1
142,231,1257.00,771.15,123.59,136.85,0.65,-1,-1,-1
142,249,1498.68,314.17,63.55,42.96,0.73,-1,-1,-1
142,256,981.39,559.44,84.16,96.40,0.74,-1,-1,-1
142,230,1167.32,457.94,72.85,88.77,0.80,-1,-1,-1
142,239,1122.08,171.41,46.33,30.23,0.53,-1,-1,-1
142,263,972.19,270.90,68.30,52.25,0.52,-1,-1,-1
142,268,1616.63,604.73,64.96,87.61,0.64,-1,-1,-1
142,257,1655.31,426.46,74.21,56.91,0.75,-1,-1,-1
142,274,839.93,825.02,83.98,119.40,0.72,-1,-1,-1
142,276,1575.67,388.49,99.28,52.08,0.73,-1,-1,-1
142,277,1419.10,245.04,93.38,69.75,0.58,-1,-1,-1
142,210,409.88,968.95,76.95,162.84,0.55,-1,-1,-1
142,280,1900.85,574.73,140.19,101.09,0.71,-1,-1,-1
142,281,2193.05,704.84,36.99,77.65,0.59,-1,-1,-1
142,282,2321.45,613.67,30.59,72.46,0.60,-1,-1,-1
143,122,1732.80,468.93,85.58,78.44,0.80,-1,-1,-1
143,125,1113.97,1280.46,167.47,211.34,0.70,-1,-1,-1
143,123,491.34,716.92,153.49,146.31,0.86,-1,-1,-1
143,231,1255.14,780.00,126.80,141.91,0.72,-1,-1,-1
143,249,1504.03,314.40,64.04,43.07,0.75,-1,-1,-1
143,256,980.70,562.97,85.61,98.06,0.78,-1,-1,-1
143,230,1170.45,461.47,73.56,89.90,0.84,-1,-1,-1
143,239,1130.37,171.16,44.06,28.76,0.51,-1,-1,-1
143,263,974.77,272.59,68.38,51.29,0.51,-1,-1,-1
143,268,1611.29,598.67,69.04,93.65,0.82,-1,-1,-1
143,257,1659.24,426.99,73.48,56.84,0.74,-1,-1,-1
143,274,836.43,827.75,79.67,112.53,0.83,-1,-1,-1
143,276,1578.07,388.26,99.98,52.40,0.75,-1,-1,-1
143,277,1425.73,245.89,92.00,69.29,0.60,-1,-1,-1
143,210,399.54,984.35,71.29,151.01,0.60,-1,-1,-1
143,280,1899.29,574.92,142.58,102.96,0.73,-1,-1,-1
143,281,2193.83,711.09,35.29,73.83,0.59,-1,-1,-1
143,282,2320.86,613.43,31.84,75.33,0.54,-1,-1,-1
144,122,1732.20,467.91,87.41,80.19,0.80,-1,-1,-1
144,125,1107.61,1306.65,168.03,210.30,0.66,-1,-1,-1
144,123,490.14,714.89,153.52,146.10,0.83,-1,-1,-1
144,231,1256.27,788.95,126.45,142.64,0.64,-1,-1,-1
144,249,1509.69,315.02,64.54,43.14,0.76,-1,-1,-1
144,256,979.80,566.09,85.86,98.33,0.78,-1,-1,-1
144,230,1173.34,464.41,74.96,92.06,0.82,-1,-1,-1
144,239,1136.31,170.03,43.94,28.75,0.32,-1,-1,-1
144,263,979.58,275.66,66.17,48.50,0.35,-1,-1,-1
144,268,1607.03,596.45,68.99,94.25,0.71,-1,-1,-1
144,257,1662.11,428.07,73.00,56.79,0.75,-1,-1,-1
144,274,831.68,831.02,78.04,109.56,0.85,-1,-1,-1
144,276,1583.23,388.95,100.37,52.84,0.73,-1,-1,-1
144,277,1429.86,245.24,93.18,70.87,0.56,-1,-1,-1
144,210,392.08,987.21,65.59,137.18,0.72,-1,-1,-1
144,280,1898.11,574.04,144.36,104.44,0.70,-1,-1,-1
144,281,2192.71,708.24,39.06,81.55,0.53,-1,-1,-1
144,282,2320.79,614.26,32.35,76.41,0.48,-1,-1,-1
145,122,1739.03,470.02,87.65,80.12,0.82,-1,-1,-1
145,125,1107.04,1332.44,162.00,197.56,0.52,-1,-1,-1
145,123,490.01,712.83,155.61,148.13,0.83,-1,-1,-1
145,231,1257.31,796.96,125.93,143.02,0.32,-1,-1,-1
145,249,1516.32,316.74,63.23,41.97,0.69,-1,-1,-1
145,256,980.60,569.54,88.03,100.71,0.74,-1,-1,-1
145,230,1178.57,465.80,76.94,94.73,0.78,-1,-1,-1
145,263,984.89,277.33,70.06,49.87,0.17,-1,-1,-1
145,268,1606.33,594.68,68.44,93.78,0.59,-1,-1,-1
145,257,1666.61,427.54,75.08,58.41,0.61,-1,-1,-1
145,274,827.78,832.31,81.45,114.27,0.87,-1,-1,-1
145,276,1592.54,389.48,100.42,53.48,0.64,-1,-1,-1
145,277,1434.80,244.33,93.11,70.85,0.66,-1,-1,-1
145,210,388.64,987.84,64.32,133.73,0.70,-1,-1,-1
145,280,1899.83,572.89,147.54,106.96,0.42,-1,-1,-1
145,281,2194.05,713.74,38.30,79.79,0.44,-1,-1,-1
145,282,2319.13,615.15,31.67,74.22,0.16,-1,-1,-1
145,283,2341.56,803.54,46.85,77.25,0.51,-1,-1,-1
146,122,1751.58,472.15,87.14,79.97,0.79,-1,-1,-1
146,125,1110.24,1363.36,143.12,166.64,0.40,-1,-1,-1
146,123,494.72,710.89,159.21,151.65,0.81,-1,-1,-1
146,231,1262.76,804.90,129.77,148.87,0.36,-1,-1,-1
146,249,1527.66,317.39,64.18,42.48,0.61,-1,-1,-1
146,256,988.16,573.49,88.09,100.38,0.77,-1,-1,-1
146,230,1190.47,471.32,76.70,94.56,0.71,-1,-1,-1
146,268,1610.06,591.63,67.62,92.89,0.62,-1,-1,-1
146,257,1675.91,427.36,77.08,60.19,0.60,-1,-1,-1
146,274,832.64,833.95,76.53,105.38,0.80,-1,-1,-1
146,276,1597.90,389.96,102.86,54.80,0.58,-1,-1,-1
146,277,1437.82,242.13,95.01,70.53,0.61,-1,-1,-1
146,210,389.28,987.55,63.99,132.47,0.60,-1,-1,-1
146,280,1908.28,572.19,149.93,108.73,0.46,-1,-1,-1
146,282,2317.91,615.63,30.84,72.06,0.47,-1,-1,-1
146,283,2350.17,809.07,44.13,72.49,0.43,-1,-1,-1
146,284,2273.04,618.45,34.02,66.74,0.53,-1,-1,-1
147,122,1764.10,474.18,87.68,80.68,0.78,-1,-1,-1
147,125,1118.61,1392.57,125.47,137.43,0.37,-1,-1,-1
147,123,506.96,710.92,157.13,149.06,0.85,-1,-1,-1
147,231,1268.06,813.10,131.16,152.20,0.33,-1,-1,-1
147,249,1543.16,318.44,64.92,42.71,0.46,-1,-1,-1
147,256,997.84,577.34,89.09,100.86,0.76,-1,-1,-1
147,230,1202.50,475.22,78.22,96.94,0.81,-1,-1,-1
147,268,1617.23,588.87,67.17,92.40,0.39,-1,-1,-1
147,257,1674.13,426.58,85.19,65.80,0.31,-1,-1,-1
147,274,835.53,834.72,81.91,112.10,0.81,-1,-1,-1
147,276,1609.39,389.86,105.53,56.03,0.59,-1,-1,-1
147,277,1457.69,242.45,99.07,73.88,0.52,-1,-1,-1
147,210,389.51,981.35,63.91,132.67,0.61,-1,-1,-1
147,280,1923.64,577.81,144.97,104.84,0.52,-1,-1,-1
147,283,2364.66,812.96,44.35,72.66,0.52,-1,-1,-1
148,122,1773.82,476.20,85.69,78.83,0.85,-1,-1,-1
148,123,515.45,711.09,152.88,144.23,0.86,-1,-1,-1
148,231,1273.66,823.13,128.96,151.00,0.40,-1,-1,-1
148,249,1556.47,318.88,63.55,41.89,0.75,-1,-1,-1
148,256,1002.90,581.41,87.96,99.69,0.75,-1,-1,-1
148,230,1211.75,480.37,77.49,96.79,0.78,-1,-1,-1
148,268,1621.17,586.36,65.93,90.96,0.43,-1,-1,-1
148,257,1693.04,428.74,79.64,61.58,0.66,-1,-1,-1
148,274,837.78,838.03,81.41,110.84,0.81,-1,-1,-1
148,276,1618.82,389.04,101.45,53.23,0.56,-1,-1,-1
148,277,1468.58,246.82,83.82,59.79,0.22,-1,-1,-1
148,210,388.65,975.80,65.43,135.10,0.62,-1,-1,-1
148,280,1936.02,584.07,136.83,98.63,0.52,-1,-1,-1
148,283,2369.01,815.99,44.33,72.39,0.49,-1,-1,-1
149,122,1769.22,474.43,88.18,81.25,0.80,-1,-1,-1
149,123,510.11,708.81,153.66,144.36,0.82,-1,-1,-1
149,231,1268.28,832.24,126.06,149.90,0.35,-1,-1,-1
149,249,1559.16,319.66,63.29,41.47,0.78,-1,-1,-1
149,256,998.43,583.73,90.88,103.10,0.76,-1,-1,-1
149,230,1211.68,484.09,77.06,96.81,0.87,-1,-1,-1
149,268,1616.30,584.98,62.63,86.22,0.23,-1,-1,-1
149,257,1698.24,429.90,76.18,59.68,0.63,-1,-1,-1
149,274,828.33,838.73,84.46,114.87,0.86,-1,-1,-1
149,276,1615.06,389.12,106.46,55.45,0.62,-1,-1,-1
149,277,1487.76,247.79,75.48,53.73,0.31,-1,-1,-1
149,210,378.83,972.41,60.40,121.97,0.43,-1,-1,-1
149,280,1933.09,585.03,135.76,97.27,0.41,-1,-1,-1
150,122,1762.90,474.60,87.88,80.56,0.80,-1,-1,-1
150,123,502.83,708.50,148.24,138.27,0.85,-1,-1,-1
150,231,1261.45,843.19,122.65,146.62,0.39,-1,-1,-1
150,249,1557.03,320.33,62.44,40.71,0.75,-1,-1,-1
150,256,987.66,587.88,94.30,106.69,0.55,-1,-1,-1
150,230,1207.96,488.82,75.90,95.94,0.83,-1,-1,-1
150,268,1606.67,579.94,61.89,85.04,0.41,-1,-1,-1
150,257,1695.86,429.56,75.27,59.48,0.72,-1,-1,-1
150,274,820.56,841.18,76.99,102.61,0.44,-1,-1,-1
150,276,1625.37,391.01,95.83,50.33,0.63,-1,-1,-1
150,277,1485.68,258.10,77.44,54.95,0.57,-1,-1,-1
150,210,364.53,973.49,58.21,115.69,0.57,-1,-1,-1
150,280,1923.44,582.77,142.65,102.67,0.57,-1,-1,-1
150,285,2290.78,716.85,47.03,74.71,0.59,-1,-1,-1
151,122,1754.52,473.72,88.62,81.24,0.81,-1,-1,-1
151,123,490.67,706.16,151.55,140.46,0.85,-1,-1,-1
151,231,1250.66,852.15,121.60,146.75,0.24,-1,-1,-1
151,249,1551.98,320.03,61.81,40.50,0.81,-1,-1,-1
151,256,975.15,591.29,95.67,107.98,0.80,-1,-1,-1
151,230,1202.05,492.49,76.42,97.12,0.77,-1,-1,-1
151,268,1595.25,576.24,61.10,83.67,0.12,-1,-1,-1
151,257,1682.06,430.03,76.07,58.69,0.73,-1,-1,-1
151,274,803.05,844.37,84.30,112.28,0.69,-1,-1,-1
151,276,1628.17,392.18,93.76,50.10,0.69,-1,-1,-1
151,277,1485.54,264.74,74.18,52.67,0.51,-1,-1,-1
151,210,348.26,969.64,58.68,113.30,0.28,-1,-1,-1
151,280,1920.88,583.87,139.16,99.90,0.26,-1,-1,-1
151,285,2280.97,718.47,43.95,69.92,0.54,-1,-1,-1
152,122,1753.76,478.20,83.81,77.15,0.80,-1,-1,-1
152,123,479.27,705.04,152.63,140.40,0.83,-1,-1,-1
152,231,1240.33,862.92,113.71,139.10,0.33,-1,-1,-1
152,249,1546.88,319.50,62.63,41.25,0.79,-1,-1,-1
152,256,964.90,595.58,96.75,108.61,0.80,-1,-1,-1
152,230,1196.60,495.85,76.15,97.59,0.73,-1,-1,-1
152,268,1582.89,572.77,60.40,82.57,0.23,-1,-1,-1
152,257,1683.49,430.79,73.99,57.56,0.72,-1,-1,-1
152,274,791.97,847.43,79.99,105.52,0.74,-1,-1,-1
152,276,1626.23,392.37,93.35,51.02,0.66,-1,-1,-1
152,277,1485.99,271.06,68.01,48.15,0.54,-1,-1,-1
152,210,330.54,967.92,60.25,114.01,0.41,-1,-1,-1
152,280,1909.58,584.60,138.20,99.29,0.68,-1,-1,-1
152,285,2267.97,720.29,44.76,71.13,0.63,-1,-1,-1
153,122,1747.68,478.94,82.25,75.95,0.86,-1,-1,-1
153,123,470.89,706.79,150.66,137.26,0.86,-1,-1,-1
153,231,1223.49,872.20,124.26,153.59,0.43,-1,-1,-1
153,249,1542.77,320.85,60.88,39.98,0.78,-1,-1,-1
153,256,952.60,600.02,98.65,110.24,0.81,-1,-1,-1
153,230,1189.93,499.24,76.65,98.94,0.81,-1,-1,-1
153,268,1572.22,568.41,60.77,82.80,0.38,-1,-1,-1
153,257,1680.92,430.98,71.78,56.39,0.76,-1,-1,-1
153,274,769.67,850.44,97.15,129.63,0.75,-1,-1,-1
153,276,1614.29,391.99,91.54,50.08,0.64,-1,-1,-1
153,277,1483.84,272.40,66.10,46.75,0.56,-1,-1,-1
153,210,306.54,968.00,64.23,122.65,0.59,-1,-1,-1
153,280,1900.17,584.44,137.54,98.92,0.57,-1,-1,-1
153,285,2259.28,719.40,44.44,70.80,0.52,-1,-1,-1
153,263,1018.81,301.88,68.79,50.76,0.63,-1,-1,-1
153,282,2320.78,625.34,31.70,73.33,0.52,-1,-1,-1
154,122,1743.13,478.48,82.80,77.05,0.81,-1,-1,-1
154,123,464.05,709.07,148.94,134.43,0.87,-1,-1,-1
154,231,1213.84,883.14,122.09,152.61,0.39,-1,-1,-1
154,249,1540.16,321.32,60.91,40.06,0.74,-1,-1,-1
154,256,942.35,603.89,99.54,110.42,0.80,-1,-1,-1
154,230,1185.20,503.07,77.24,100.50,0.82,-1,-1,-1
154,268,1563.88,564.47,59.99,81.68,0.34,-1,-1,-1
154,257,1673.79,431.08,72.51,56.95,0.76,-1,-1,-1
154,274,761.44,853.06,93.50,125.05,0.75,-1,-1,-1
154,276,1617.62,392.75,89.87,50.40,0.71,-1,-1,-1
154,277,1481.65,273.38,65.81,46.32,0.57,-1,-1,-1
154,210,293.18,968.93,64.20,123.42,0.62,-1,-1,-1
154,280,1891.65,583.64,141.74,102.36,0.60,-1,-1,-1
154,285,2251.89,717.69,47.17,75.51,0.59,-1,-1,-1
154,263,1020.94,305.92,65.44,49.39,0.59,-1,-1,-1
154,282,2318.90,626.01,32.01,73.91,0.51,-1,-1,-1
155,122,1737.83,476.63,84.60,78.92,0.81,-1,-1,-1
155,123,456.48,709.58,151.94,136.49,0.88,-1,-1,-1
155,231,1198.83,893.39,130.22,164.71,0.26,-1,-1,-1
155,249,1538.43,320.97,60.93,40.36,0.78,-1,-1,-1
155,256,935.50,608.49,99.20,109.63,0.82,-1,-1,-1
155,230,1182.24,508.32,77.65,101.53,0.77,-1,-1,-1
155,268,1556.46,561.73,59.34,80.39,0.23,-1,-1,-1
155,257,1671.61,431.89,72.50,56.74,0.81,-1,-1,-1
155,274,755.69,854.27,89.93,120.00,0.83,-1,-1,-1
155,276,1619.55,393.15,88.14,50.58,0.74,-1,-1,-1
155,277,1481.67,274.49,65.69,46.03,0.58,-1,-1,-1
155,210,278.67,966.53,63.94,122.83,0.61,-1,-1,-1
155,280,1887.06,583.06,143.04,103.87,0.61,-1,-1,-1
155,285,2247.85,719.17,46.73,74.90,0.57,-1,-1,-1
155,263,1021.19,310.34,63.42,48.69,0.56,-1,-1,-1
155,282,2316.68,626.86,31.73,73.24,0.43,-1,-1,-1
156,122,1731.57,474.94,86.40,80.13,0.79,-1,-1,-1
156,123,452.23,708.28,152.62,136.14,0.88,-1,-1,-1
156,231,1182.11,903.87,139.58,178.73,0.25,-1,-1,-1
156,249,1537.77,320.84,61.09,40.78,0.79,-1,-1,-1
156,256,925.61,612.60,103.62,113.99,0.81,-1,-1,-1
156,230,1180.29,512.23,78.23,102.74,0.79,-1,-1,-1
156,268,1549.28,558.38,58.45,79.56,0.30,-1,-1,-1
156,257,1670.23,432.45,72.55,56.91,0.80,-1,-1,-1
156,274,749.13,856.49,86.92,115.47,0.77,-1,-1,-1
156,276,1619.92,393.14,87.19,51.16,0.76,-1,-1,-1
156,277,1479.93,272.87,68.51,47.88,0.48,-1,-1,-1
156,210,265.83,964.72,63.25,121.83,0.67,-1,-1,-1
156,280,1885.18,582.36,140.25,102.04,0.68,-1,-1,-1
156,285,2243.26,719.21,47.52,76.47,0.47,-1,-1,-1
156,263,1022.34,315.55,61.75,48.02,0.65,-1,-1,-1
156,282,2313.57,627.67,31.09,72.08,0.39,-1,-1,-1
157,122,1732.41,477.37,83.70,78.08,0.78,-1,-1,-1
157,123,445.17,706.24,154.17,136.52,0.84,-1,-1,-1
157,231,1170.56,914.37,137.72,177.39,0.47,-1,-1,-1
157,249,1537.57,320.53,62.13,41.68,0.72,-1,-1,-1
157,256,914.94,616.39,107.00,116.66,0.81,-1,-1,-1
157,230,1176.61,516.70,78.28,103.32,0.81,-1,-1,-1
157,268,1543.50,552.57,58.86,79.89,0.47,-1,-1,-1
157,257,1667.41,432.23,72.97,57.41,0.80,-1,-1,-1
157,274,734.39,858.21,96.62,129.46,0.73,-1,-1,-1
157,276,1618.75,393.06,86.78,52.12,0.76,-1,-1,-1
157,277,1478.52,271.49,70.75,49.57,0.59,-1,-1,-1
157,210,255.42,964.03,61.02,117.51,0.64,-1,-1,-1
157,280,1883.35,583.41,135.59,98.53,0.49,-1,-1,-1
157,285,2237.47,729.66,43.02,69.17,0.38,-1,-1,-1
157,263,1019.48,316.73,63.74,50.69,0.64,-1,-1,-1
157,282,2310.09,628.14,30.08,69.27,0.44,-1,-1,-1
157,287,2209.92,867.66,108.98,106.19,0.51,-1,-1,-1
158,122,1724.90,475.41,85.68,79.62,0.83,-1,-1,-1
158,123,437.01,705.38,155.38,136.62,0.84,-1,-1,-1
158,249,1532.86,320.20,62.41,42.12,0.69,-1,-1,-1
158,256,902.87,620.85,108.69,117.40,0.85,-1,-1,-1
158,230,1171.18,521.03,79.32,104.81,0.76,-1,-1,-1
158,268,1540.81,547.36,62.54,81.92,0.40,-1,-1,-1
158,257,1663.38,432.27,72.29,57.27,0.75,-1,-1,-1
158,274,724.95,861.62,93.30,125.10,0.74,-1,-1,-1
158,276,1611.52,393.59,85.86,52.16,0.72,-1,-1,-1
158,277,1473.38,268.61,73.58,51.58,0.29,-1,-1,-1
158,210,236.70,961.71,62.52,121.01,0.63,-1,-1,-1
158,280,1874.70,584.48,137.84,100.12,0.63,-1,-1,-1
158,285,2230.07,726.82,43.74,70.30,0.46,-1,-1,-1
158,263,1014.82,317.37,64.92,52.65,0.72,-1,-1,-1
158,287,2196.86,862.60,112.85,110.03,0.30,-1,-1,-1
158,288,2147.90,726.71,39.68,85.58,0.54,-1,-1,-1
159,122,1715.01,472.69,89.33,83.08,0.80,-1,-1,-1
159,123,427.10,707.26,154.91,135.38,0.86,-1,-1,-1
159,249,1528.79,319.90,62.34,42.69,0.52,-1,-1,-1
159,256,890.76,624.05,110.83,118.45,0.82,-1,-1,-1
159,230,1164.44,525.46,79.50,105.83,0.77,-1,-1,-1
159,268,1529.98,545.52,62.68,80.35,0.19,-1,-1,-1
159,257,1655.55,431.48,73.78,58.48,0.74,-1,-1,-1
159,274,713.13,862.06,96.04,129.92,0.78,-1,-1,-1
159,276,1606.39,392.86,85.83,52.72,0.69,-1,-1,-1
159,277,1462.45,266.49,78.30,54.10,0.51,-1,-1,-1
159,210,221.81,960.89,62.42,121.56,0.66,-1,-1,-1
159,280,1866.84,584.65,138.37,100.85,0.65,-1,-1,-1
159,285,2222.63,719.42,45.74,74.62,0.39,-1,-1,-1
159,263,1009.52,319.49,64.30,52.90,0.69,-1,-1,-1
159,287,2186.24,861.12,113.57,110.94,0.41,-1,-1,-1
159,288,2137.98,726.47,39.80,85.77,0.62,-1,-1,-1
159,231,1138.72,938.20,141.01,182.27,0.54,-1,-1,-1
159,282,2314.78,617.93,30.70,70.96,0.53,-1,-1,-1
160,122,1711.03,473.62,88.19,81.79,0.80,-1,-1,-1
160,123,421.57,707.20,155.44,135.02,0.87,-1,-1,-1
160,249,1528.23,320.01,61.64,42.46,0.64,-1,-1,-1
160,256,880.42,628.00,113.00,120.22,0.86,-1,-1,-1
160,230,1160.56,529.06,80.64,108.33,0.76,-1,-1,-1
160,257,1652.07,431.90,73.36,58.03,0.79,-1,-1,-1
160,274,705.89,864.06,93.38,126.59,0.69,-1,-1,-1
160,276,1605.80,393.56,82.45,51.21,0.74,-1,-1,-1
160,277,1461.86,268.88,76.44,52.22,0.53,-1,-1,-1
160,210,213.07,958.83,61.68,119.91,0.69,-1,-1,-1
160,280,1861.59,584.31,139.17,101.69,0.61,-1,-1,-1
160,285,2217.69,714.91,47.43,78.62,0.49,-1,-1,-1
160,263,1005.27,323.05,64.93,54.30,0.65,-1,-1,-1
160,287,2181.38,867.66,106.20,103.35,0.31,-1,-1,-1
160,288,2132.12,726.83,40.37,86.90,0.61,-1,-1,-1
160,231,1120.10,949.86,147.85,193.16,0.71,-1,-1,-1
160,282,2315.23,616.24,30.89,71.15,0.58,-1,-1,-1
161,122,1717.85,474.23,89.27,82.49,0.82,-1,-1,-1
161,123,424.88,703.44,159.35,137.70,0.82,-1,-1,-1
161,256,877.37,630.07,118.80,126.02,0.84,-1,-1,-1
161,230,1166.58,532.70,82.09,109.47,0.64,-1,-1,-1
161,257,1657.23,431.10,74.93,59.52,0.65,-1,-1,-1
161,274,706.34,864.24,96.80,132.14,0.85,-1,-1,-1
161,276,1605.27,391.96,88.18,55.11,0.46,-1,-1,-1
161,277,1457.93,259.65,91.69,62.94,0.50,-1,-1,-1
161,210,213.47,952.86,61.41,119.08,0.54,-1,-1,-1
161,280,1869.03,587.41,132.65,96.39,0.34,-1,-1,-1
161,263,1009.01,325.65,68.01,57.60,0.63,-1,-1,-1
161,287,2181.23,868.38,110.72,107.21,0.36,-1,-1,-1
161,288,2137.58,724.56,42.23,90.89,0.50,-1,-1,-1
161,231,1117.86,962.85,144.58,190.04,0.59,-1,-1,-1
161,282,2321.86,617.93,30.08,68.03,0.50,-1,-1,-1
161,290,259.00,916.61,51.66,96.59,0.59,-1,-1,-1
162,122,1730.49,475.05,90.91,83.39,0.80,-1,-1,-1
162,123,435.97,699.30,162.17,139.41,0.81,-1,-1,-1
162,256,882.76,633.33,119.49,126.07,0.83,-1,-1,-1
162,230,1179.69,537.05,83.74,111.23,0.72,-1,-1,-1
162,257,1671.32,430.88,76.05,60.48,0.66,-1,-1,-1
162,274,716.83,864.35,92.70,125.81,0.81,-1,-1,-1
162,276,1596.16,387.04,100.54,60.34,0.45,-1,-1,-1
162,277,1461.73,250.01,104.57,71.88,0.56,-1,-1,-1
162,280,1878.28,587.49,142.11,104.06,0.80,-1,-1,-1
162,263,1018.22,328.28,70.37,59.93,0.48,-1,-1,-1
162,287,2195.79,877.82,106.97,102.60,0.17,-1,-1,-1
162,231,1129.05,974.46,134.51,174.72,0.47,-1,-1,-1
162,290,270.09,909.93,52.52,98.00,0.53,-1,-1,-1
162,268,1524.14,533.73,58.98,78.65,0.54,-1,-1,-1
163,122,1742.40,473.67,93.87,86.22,0.78,-1,-1,-1
163,123,449.31,699.76,161.10,138.26,0.84,-1,-1,-1
163,256,889.69,637.35,120.11,125.70,0.83,-1,-1,-1
163,230,1189.96,542.93,82.73,110.95,0.81,-1,-1,-1
163,257,1686.35,432.00,74.97,59.84,0.73,-1,-1,-1
163,274,728.18,863.85,90.94,122.77,0.60,-1,-1,-1
163,276,1626.27,391.79,92.24,56.14,0.70,-1,-1,-1
163,277,1478.73,252.81,101.37,69.64,0.50,-1,-1,-1
163,280,1892.97,590.03,142.62,104.63,0.61,-1,-1,-1
163,263,1034.93,332.66,67.48,57.86,0.63,-1,-1,-1
163,287,2211.08,881.48,105.72,100.91,0.15,-1,-1,-1
163,231,1131.42,985.59,139.59,182.33,0.51,-1,-1,-1
163,290,277.10,907.17,50.26,93.52,0.53,-1,-1,-1
164,122,1760.45,478.13,89.19,82.50,0.76,-1,-1,-1
164,123,460.62,697.61,161.19,137.76,0.87,-1,-1,-1
164,256,894.87,642.04,120.66,124.79,0.82,-1,-1,-1
164,230,1199.17,546.72,83.98,113.52,0.81,-1,-1,-1
164,257,1697.39,433.12,75.03,59.48,0.76,-1,-1,-1
164,274,741.44,862.95,81.70,108.39,0.66,-1,-1,-1
164,276,1645.77,393.50,88.75,54.43,0.60,-1,-1,-1
164,277,1495.09,259.46,94.65,63.79,0.37,-1,-1,-1
164,280,1909.45,591.98,141.79,102.69,0.37,-1,-1,-1
164,263,1048.78,336.39,66.10,57.09,0.63,-1,-1,-1
164,287,2215.76,876.63,108.78,105.38,0.11,-1,-1,-1
164,231,1134.32,998.30,143.96,189.38,0.77,-1,-1,-1
164,290,282.55,902.47,49.63,92.11,0.61,-1,-1,-1
164,292,250.22,936.39,55.00,108.89,0.68,-1,-1,-1
165,122,1771.75,480.08,87.15,80.59,0.77,-1,-1,-1
165,123,473.34,695.72,158.43,134.61,0.85,-1,-1,-1
165,256,896.75,645.50,124.92,128.05,0.84,-1,-1,-1
165,230,1210.61,550.78,86.50,118.50,0.68,-1,-1,-1
165,257,1710.56,433.81,74.31,58.82,0.78,-1,-1,-1
165,274,747.13,863.18,90.32,120.35,0.79,-1,-1,-1
165,276,1656.90,394.30,88.03,54.44,0.65,-1,-1,-1
165,277,1507.64,257.24,97.06,65.45,0.48,-1,-1,-1
165,280,1917.60,591.69,144.38,104.99,0.60,-1,-1,-1
165,263,1055.60,339.00,68.11,59.23,0.74,-1,-1,-1
165,287,2234.59,891.99,99.58,95.05,0.14,-1,-1,-1
165,231,1139.40,1011.76,144.40,191.33,0.79,-1,-1,-1
165,290,286.95,899.92,51.74,95.98,0.61,-1,-1,-1
165,292,257.28,933.48,55.74,110.21,0.56,-1,-1,-1
165,295,2367.23,835.61,47.79,70.84,0.60,-1,-1,-1
165,281,2219.40,757.48,35.33,72.36,0.51,-1,-1,-1
165,285,2181.79,747.72,44.80,75.14,0.69,-1,-1,-1
166,122,1782.53,480.05,87.98,81.77,0.76,-1,-1,-1
166,123,486.73,696.13,154.13,129.88,0.85,-1,-1,-1
166,256,900.63,649.50,125.30,126.55,0.87,-1,-1,-1
166,230,1219.33,555.91,90.33,125.31,0.61,-1,-1,-1
166,257,1720.50,435.16,74.16,58.49,0.72,-1,-1,-1
166,274,754.08,863.77,90.75,120.80,0.83,-1,-1,-1
166,276,1672.44,395.52,84.89,53.09,0.54,-1,-1,-1
166,277,1515.63,254.25,102.09,68.80,0.55,-1,-1,-1
166,280,1924.37,592.14,144.02,105.09,0.65,-1,-1,-1
166,263,1066.07,343.97,67.91,59.65,0.45,-1,-1,-1
166,231,1155.49,1025.72,125.12,163.27,0.24,-1,-1,-1
166,290,290.56,894.81,53.78,99.53,0.47,-1,-1,-1
166,292,264.74,930.18,55.39,109.58,0.56,-1,-1,-1
166,295,2376.27,837.94,48.74,72.33,0.49,-1,-1,-1
166,281,2227.99,760.74,34.80,70.80,0.50,-1,-1,-1
167,122,1793.57,482.25,85.80,80.36,0.75,-1,-1,-1
167,123,499.91,695.99,149.72,124.40,0.84,-1,-1,-1
167,256,903.95,653.44,129.29,129.16,0.89,-1,-1,-1
167,230,1228.71,561.51,91.14,128.06,0.56,-1,-1,-1
167,257,1731.38,435.93,74.12,58.10,0.79,-1,-1,-1
167,274,763.99,864.36,90.42,120.33,0.75,-1,-1,-1
167,276,1684.48,396.62,81.79,51.72,0.68,-1,-1,-1
167,277,1528.94,254.89,100.85,68.50,0.56,-1,-1,-1
167,280,1933.68,592.19,145.04,106.28,0.77,-1,-1,-1
167,263,1076.39,347.81,66.33,58.82,0.64,-1,-1,-1
167,231,1162.48,1038.05,133.38,175.56,0.30,-1,-1,-1
167,290,300.11,895.48,53.20,98.73,0.49,-1,-1,-1
167,292,270.15,927.05,56.33,111.93,0.67,-1,-1,-1
167,295,2386.80,839.02,49.36,73.41,0.66,-1,-1,-1
167,281,2235.76,762.87,36.58,73.70,0.52,-1,-1,-1
168,122,1801.46,479.82,88.54,83.28,0.74,-1,-1,-1
168,123,506.41,694.65,154.96,127.97,0.85,-1,-1,-1
168,256,906.59,657.20,132.69,131.23,0.89,-1,-1,-1
168,230,1239.89,566.75,88.18,124.77,0.65,-1,-1,-1
168,257,1741.77,437.01,72.94,57.24,0.76,-1,-1,-1
168,274,771.31,864.36,93.19,124.94,0.82,-1,-1,-1
168,276,1696.55,397.61,79.90,50.92,0.68,-1,-1,-1
168,277,1542.07,254.46,100.56,69.03,0.62,-1,-1,-1
168,280,1944.68,592.71,143.04,105.24,0.63,-1,-1,-1
168,263,1086.44,351.54,65.77,58.67,0.64,-1,-1,-1
168,231,1169.53,1053.98,131.68,173.67,0.24,-1,-1,-1
168,290,306.55,893.13,54.89,102.14,0.58,-1,-1,-1
168,292,276.52,923.88,55.59,110.63,0.65,-1,-1,-1
168,295,2399.14,841.22,49.92,74.27,0.64,-1,-1,-1
168,281,2242.75,765.58,36.86,73.85,0.41,-1,-1,-1
169,122,1804.91,478.64,90.03,84.75,0.79,-1,-1,-1
169,123,507.97,693.60,161.08,132.97,0.87,-1,-1,-1
169,256,905.38,661.25,135.10,131.84,0.89,-1,-1,-1
169,230,1247.01,571.85,85.50,122.16,0.75,-1,-1,-1
169,257,1747.49,437.72,72.97,57.28,0.75,-1,-1,-1
169,274,776.12,865.29,92.94,125.59,0.78,-1,-1,-1
169,276,1700.87,397.11,81.54,52.48,0.69,-1,-1,-1
169,277,1559.80,261.65,89.76,62.46,0.53,-1,-1,-1
169,280,1949.76,593.67,140.74,103.92,0.63,-1,-1,-1
169,263,1089.23,355.19,67.33,60.57,0.69,-1,-1,-1
169,231,1171.20,1070.32,134.58,179.04,0.36,-1,-1,-1
169,290,308.88,892.26,54.46,101.29,0.58,-1,-1,-1
169,292,277.70,923.36,54.57,108.90,0.66,-1,-1,-1
169,295,2403.96,842.13,49.27,73.31,0.64,-1,-1,-1
169,281,2247.20,766.11,36.33,73.10,0.41,-1,-1,-1
169,296,1630.51,324.48,61.62,43.42,0.67,-1,-1,-1
169,297,1737.86,1289.65,277.55,235.94,0.52,-1,-1,-1
169,287,2263.84,896.23,104.03,98.47,0.51,-1,-1,-1
170,122,1807.04,479.12,89.23,84.19,0.79,-1,-1,-1
170,123,508.60,694.72,161.39,132.89,0.88,-1,-1,-1
170,256,900.65,665.80,135.00,129.59,0.88,-1,-1,-1
170,230,1249.57,576.99,84.53,121.32,0.58,-1,-1,-1
170,257,1749.83,438.62,71.75,56.32,0.75,-1,-1,-1
170,274,776.75,866.29,93.30,127.63,0.84,-1,-1,-1
170,276,1703.63,397.28,80.73,52.50,0.67,-1,-1,-1
170,277,1568.90,267.83,81.82,57.39,0.67,-1,-1,-1
170,280,1950.74,593.72,141.12,104.79,0.72,-1,-1,-1
170,263,1089.39,359.80,67.71,61.51,0.65,-1,-1,-1
170,231,1176.90,1085.20,126.16,166.97,0.37,-1,-1,-1
170,290,305.89,891.47,53.90,100.67,0.55,-1,-1,-1
170,292,276.35,923.40,54.00,108.00,0.59,-1,-1,-1
170,295,2405.24,842.27,48.42,72.13,0.63,-1,-1,-1
170,281,2247.64,766.67,35.96,72.67,0.42,-1,-1,-1
170,296,1629.83,324.44,61.59,43.33,0.74,-1,-1,-1
170,297,1718.09,1267.26,294.74,251.25,0.68,-1,-1,-1
170,298,1999.68,940.86,52.10,91.00,0.63,-1,-1,-1
170,287,2267.17,897.12,103.59,97.35,0.32,-1,-1,-1
171,122,1807.18,479.17,88.60,83.90,0.77,-1,-1,-1
171,123,507.03,695.36,163.09,134.15,0.87,-1,-1,-1
171,256,892.30,669.58,137.76,129.99,0.87,-1,-1,-1
171,230,1250.61,581.96,83.98,121.26,0.69,-1,-1,-1
171,257,1749.53,438.36,71.92,56.38,0.76,-1,-1,-1
171,274,776.13,867.79,93.26,129.19,0.80,-1,-1,-1
171,276,1704.59,397.77,79.24,51.90,0.78,-1,-1,-1
171,277,1574.40,271.79,75.52,53.22,0.67,-1,-1,-1
171,280,1951.05,593.19,140.70,104.97,0.72,-1,-1,-1
171,263,1088.52,362.89,66.98,61.39,0.65,-1,-1,-1
171,231,1172.79,1100.77,135.90,181.42,0.33,-1,-1,-1
171,290,301.16,891.29,52.19,97.75,0.58,-1,-1,-1
171,292,273.20,921.76,54.38,108.94,0.62,-1,-1,-1
171,295,2405.13,841.64,49.75,73.98,0.65,-1,-1,-1
171,281,2247.30,767.99,35.60,71.73,0.48,-1,-1,-1
171,296,1628.61,324.37,61.31,43.07,0.80,-1,-1,-1
171,297,1693.60,1238.99,330.38,283.55,0.36,-1,-1,-1
171,298,1988.96,938.24,51.78,90.07,0.15,-1,-1,-1
171,287,2266.43,895.55,105.80,98.91,0.18,-1,-1,-1
171,299,1354.73,956.28,45.54,113.04,0.56,-1,-1,-1
171,300,2207.24,759.60,43.98,83.24,0.66,-1,-1,-1
172,122,1806.69,478.89,88.35,83.98,0.76,-1,-1,-1
172,123,507.15,696.33,162.14,133.07,0.85,-1,-1,-1
172,256,884.09,674.47,142.13,132.35,0.89,-1,-1,-1
172,230,1250.51,587.94,84.06,122.08,0.60,-1,-1,-1
172,257,1749.63,438.59,71.48,56.04,0.75,-1,-1,-1
172,274,776.54,871.90,91.19,127.92,0.76,-1,-1,-1
172,276,1705.42,398.36,77.23,50.83,0.71,-1,-1,-1
172,277,1576.54,273.87,71.93,50.86,0.66,-1,-1,-1
172,280,1950.44,592.71,140.50,105.37,0.74,-1,-1,-1
172,263,1088.14,366.84,64.42,59.15,0.60,-1,-1,-1
172,231,1170.24,1115.95,141.63,190.39,0.42,-1,-1,-1
172,290,295.71,889.22,51.22,96.65,0.66,-1,-1,-1
172,292,267.71,920.35,56.09,112.26,0.59,-1,-1,-1
172,295,2404.68,840.95,50.54,75.17,0.63,-1,-1,-1
172,281,2247.12,768.85,35.09,70.84,0.52,-1,-1,-1
172,296,1627.12,324.47,61.09,42.88,0.80,-1,-1,-1
172,297,1679.09,1219.37,323.04,280.05,0.55,-1,-1,-1
172,298,1984.76,924.07,51.16,88.86,0.66,-1,-1,-1
172,287,2265.84,894.06,107.09,99.75,0.25,-1,-1,-1
172,299,1353.88,952.32,46.30,115.02,0.54,-1,-1,-1
172,300,2204.90,759.24,43.46,82.43,0.65,-1,-1,-1
173,122,1806.56,478.68,87.84,83.85,0.76,-1,-1,-1
173,123,505.92,696.64,162.74,133.36,0.86,-1,-1,-1
173,256,875.55,679.55,144.39,132.77,0.88,-1,-1,-1
173,230,1250.66,593.76,84.43,123.31,0.28,-1,-1,-1
173,257,1748.84,438.31,71.75,56.25,0.74,-1,-1,-1
173,274,777.91,874.63,87.14,123.61,0.56,-1,-1,-1
173,276,1705.93,398.57,76.38,50.64,0.76,-1,-1,-1
173,277,1577.47,274.52,70.41,49.96,0.60,-1,-1,-1
173,280,1950.80,592.78,138.89,104.51,0.77,-1,-1,-1
173,263,1086.99,371.16,62.69,57.66,0.71,-1,-1,-1
173,231,1170.10,1131.28,142.88,193.61,0.50,-1,-1,-1
173,290,290.54,888.11,50.99,96.61,0.60,-1,-1,-1
173,292,264.63,919.15,55.99,112.14,0.65,-1,-1,-1
173,295,2403.59,840.74,50.69,75.53,0.62,-1,-1,-1
173,281,2246.46,768.55,35.34,71.61,0.40,-1,-1,-1
173,296,1625.85,324.55,60.76,42.66,0.82,-1,-1,-1
173,297,1666.68,1188.36,315.03,275.91,0.47,-1,-1,-1
173,298,1976.36,913.31,51.88,89.62,0.50,-1,-1,-1
173,287,2263.08,890.50,111.90,104.52,0.41,-1,-1,-1
173,299,1352.82,950.94,47.63,118.62,0.46,-1,-1,-1
173,300,2201.63,758.48,44.87,85.39,0.70,-1,-1,-1
174,122,1808.06,478.51,86.48,83.46,0.76,-1,-1,-1
174,123,504.67,696.92,162.49,132.91,0.87,-1,-1,-1
174,256,865.86,682.67,148.00,134.45,0.89,-1,-1,-1
174,230,1249.97,599.17,85.37,124.80,0.70,-1,-1,-1
174,257,1747.87,438.25,71.84,56.34,0.75,-1,-1,-1
174,274,777.25,876.61,86.19,123.86,0.42,-1,-1,-1
174,276,1705.84,398.78,75.02,49.97,0.75,-1,-1,-1
174,277,1577.15,274.78,69.48,49.39,0.60,-1,-1,-1
174,280,1949.66,592.07,139.50,105.48,0.77,-1,-1,-1
174,263,1083.76,375.38,64.12,59.29,0.74,-1,-1,-1
174,231,1178.26,1148.34,126.88,169.00,0.53,-1,-1,-1
174,290,286.25,887.74,50.99,97.16,0.63,-1,-1,-1
174,292,262.34,918.30,54.43,108.83,0.50,-1,-1,-1
174,295,2402.78,840.81,50.00,74.78,0.62,-1,-1,-1
174,281,2243.50,769.00,35.84,72.75,0.43,-1,-1,-1
174,296,1624.63,324.49,60.87,42.83,0.84,-1,-1,-1
174,297,1652.98,1162.30,304.94,269.85,0.50,-1,-1,-1
174,298,1970.12,903.15,52.22,90.35,0.61,-1,-1,-1
174,287,2262.02,889.02,113.27,105.76,0.11,-1,-1,-1
174,299,1351.46,952.36,46.85,116.89,0.55,-1,-1,-1
174,300,2199.64,757.22,44.41,84.85,0.70,-1,-1,-1
174,301,1566.92,506.21,47.60,66.83,0.68,-1,-1,-1
175,122,1809.19,478.77,85.00,82.94,0.75,-1,-1,-1
175,123,502.37,697.50,164.46,134.52,0.85,-1,-1,-1
175,256,856.88,687.99,150.69,135.05,0.89,-1,-1,-1
175,230,1249.58,605.10,85.34,125.00,0.56,-1,-1,-1
175,257,1746.76,438.28,72.08,56.48,0.76,-1,-1,-1
175,274,777.16,878.57,84.46,122.66,0.32,-1,-1,-1
175,276,1705.21,398.61,74.64,49.94,0.69,-1,-1,-1
175,277,1577.94,275.12,69.27,49.27,0.60,-1,-1,-1
175,280,1948.77,591.50,140.40,106.69,0.81,-1,-1,-1
175,263,1081.87,378.94,64.47,60.12,0.74,-1,-1,-1
175,231,1183.20,1165.69,120.21,157.02,0.20,-1,-1,-1
175,290,284.29,887.88,50.56,96.34,0.56,-1,-1,-1
175,292,259.12,916.58,52.60,105.20,0.49,-1,-1,-1
175,295,2401.88,841.37,49.83,75.07,0.62,-1,-1,-1
175,281,2241.51,771.95,35.11,70.81,0.43,-1,-1,-1
175,296,1623.94,324.76,60.56,42.72,0.84,-1,-1,-1
175,297,1641.03,1138.75,299.75,268.34,0.30,-1,-1,-1
175,298,1964.70,895.62,51.06,88.47,0.52,-1,-1,-1
175,287,2259.19,884.84,116.69,109.53,0.15,-1,-1,-1
175,299,1349.62,950.77,46.98,117.45,0.42,-1,-1,-1
175,300,2198.02,757.02,44.55,85.55,0.71,-1,-1,-1
175,301,1564.69,504.31,47.28,66.39,0.13,-1,-1,-1
176,122,1806.53,478.61,85.09,83.26,0.73,-1,-1,-1
176,123,501.69,698.06,163.52,133.54,0.87,-1,-1,-1
176,256,846.12,691.78,152.61,134.94,0.87,-1,-1,-1
176,230,1249.73,610.70,86.76,126.97,0.67,-1,-1,-1
176,257,1746.06,438.40,71.80,56.15,0.77,-1,-1,-1
176,274,776.32,879.58,83.59,122.50,0.44,-1,-1,-1
176,276,1704.80,398.68,74.38,49.96,0.69,-1,-1,-1
176,277,1576.05,274.54,70.65,50.62,0.64,-1,-1,-1
176,280,1947.51,591.42,140.02,106.77,0.81,-1,-1,-1
176,263,1080.05,383.02,63.93,59.90,0.61,-1,-1,-1
176,231,1181.97,1183.72,121.00,155.84,0.60,-1,-1,-1
176,290,280.10,888.71,51.16,97.54,0.57,-1,-1,-1
176,292,253.14,915.54,50.82,101.90,0.49,-1,-1,-1
176,295,2401.46,841.95,49.62,75.26,0.59,-1,-1,-1
176,281,2238.61,773.94,34.86,69.76,0.54,-1,-1,-1
176,296,1623.78,325.07,60.38,42.68,0.82,-1,-1,-1
176,297,1630.85,1113.70,289.54,263.13,0.63,-1,-1,-1
176,298,1957.24,885.77,51.00,88.14,0.52,-1,-1,-1
176,287,2261.04,889.63,113.58,105.61,0.14,-1,-1,-1
176,299,1346.27,950.14,47.71,119.39,0.41,-1,-1,-1
176,300,2196.90,757.60,44.62,86.12,0.69,-1,-1,-1
176,301,1562.46,501.73,46.21,64.84,0.64,-1,-1,-1
176,302,424.21,632.12,37.97,79.90,0.68,-1,-1,-1
177,122,1807.54,479.25,84.17,82.91,0.74,-1,-1,-1
177,123,500.46,698.38,164.59,134.42,0.88,-1,-1,-1
177,256,837.26,695.95,156.05,136.47,0.85,-1,-1,-1
177,230,1248.44,616.56,87.56,128.59,0.67,-1,-1,-1
177,257,1745.49,438.61,71.98,56.19,0.77,-1,-1,-1
177,274,774.72,879.83,84.30,125.11,0.64,-1,-1,-1
177,276,1703.88,398.31,75.61,51.05,0.78,-1,-1,-1
177,277,1575.40,274.24,70.37,50.98,0.64,-1,-1,-1
177,280,1945.43,590.18,141.67,108.57,0.83,-1,-1,-1
177,263,1075.71,387.58,68.43,64.70,0.66,-1,-1,-1
177,231,1179.64,1200.95,126.66,161.70,0.56,-1,-1,-1
177,290,275.78,889.90,51.18,97.11,0.52,-1,-1,-1
177,292,249.55,915.22,52.75,105.65,0.55,-1,-1,-1
177,295,2400.74,842.17,49.00,74.96,0.55,-1,-1,-1
177,281,2236.77,772.92,35.39,70.85,0.53,-1,-1,-1
177,296,1624.02,325.28,60.94,43.10,0.80,-1,-1,-1
177,297,1624.07,1090.91,275.21,253.16,0.67,-1,-1,-1
177,298,1952.28,877.24,49.77,85.83,0.54,-1,-1,-1
177,287,2261.31,889.24,114.36,106.29,0.17,-1,-1,-1
177,299,1342.87,946.42,49.85,125.12,0.31,-1,-1,-1
177,300,2195.72,757.84,45.29,88.01,0.64,-1,-1,-1
177,301,1559.72,499.64,45.28,63.37,0.38,-1,-1,-1
177,302,422.49,633.22,37.73,79.40,0.73,-1,-1,-1
178,122,1807.18,479.61,83.88,82.89,0.76,-1,-1,-1
178,123,498.31,699.05,164.44,134.54,0.87,-1,-1,-1
178,256,826.72,699.23,161.50,139.36,0.84,-1,-1,-1
178,230,1247.83,622.63,88.89,130.52,0.38,-1,-1,-1
178,257,1745.33,439.67,70.89,55.01,0.79,-1,-1,-1
178,274,773.61,882.73,83.58,125.19,0.16,-1,-1,-1
178,276,1704.52,398.59,74.94,50.95,0.76,-1,-1,-1
178,277,1575.65,274.19,69.61,50.58,0.57,-1,-1,-1
178,280,1945.56,590.48,140.57,108.07,0.75,-1,-1,-1
178,263,1072.62,392.16,68.34,65.08,0.69,-1,-1,-1
178,231,1180.05,1219.86,130.59,164.65,0.63,-1,-1,-1
178,290,269.72,888.51,48.01,90.34,0.47,-1,-1,-1
178,292,247.31,913.69,51.97,103.86,0.70,-1,-1,-1
178,295,2400.55,842.71,47.41,72.87,0.58,-1,-1,-1
178,281,2234.20,773.90,35.92,71.77,0.49,-1,-1,-1
178,296,1624.31,325.83,60.29,42.64,0.81,-1,-1,-1
178,297,1619.29,1068.43,252.29,234.24,0.64,-1,-1,-1
178,298,1946.46,869.47,49.49,85.50,0.57,-1,-1,-1
178,287,2260.17,890.82,112.04,103.54,0.23,-1,-1,-1
178,299,1340.43,941.50,51.93,130.74,0.37,-1,-1,-1
178,300,2194.94,760.44,45.51,88.83,0.62,-1,-1,-1
178,301,1556.78,496.73,44.49,62.06,0.62,-1,-1,-1
178,302,418.48,634.32,38.20,80.13,0.69,-1,-1,-1
179,122,1807.51,480.20,83.39,82.61,0.76,-1,-1,-1
179,123,497.08,699.46,165.67,135.87,0.86,-1,-1,-1
179,256,814.87,703.42,167.62,143.05,0.87,-1,-1,-1
179,230,1249.16,628.77,89.78,131.62,0.58,-1,-1,-1
179,257,1744.93,439.80,71.19,55.04,0.77,-1,-1,-1
179,274,774.06,886.68,81.49,123.32,0.46,-1,-1,-1
179,276,1704.22,398.80,74.95,51.21,0.81,-1,-1,-1
179,277,1575.91,274.47,69.21,50.43,0.60,-1,-1,-1
179,280,1946.19,590.71,139.98,107.94,0.72,-1,-1,-1
179,263,1071.13,395.76,68.63,65.67,0.66,-1,-1,-1
179,231,1180.50,1237.42,133.63,166.55,0.37,-1,-1,-1
179,290,263.87,888.75,47.82,89.72,0.54,-1,-1,-1
179,292,243.67,908.48,53.20,106.73,0.51,-1,-1,-1
179,295,2400.28,843.06,47.06,72.74,0.57,-1,-1,-1
179,281,2232.58,775.31,36.56,72.76,0.47,-1,-1,-1
179,296,1624.84,326.12,60.59,42.78,0.79,-1,-1,-1
179,297,1609.46,1043.76,256.32,240.83,0.69,-1,-1,-1
179,298,1944.11,862.53,48.26,83.54,0.46,-1,-1,-1
179,287,2259.96,892.48,108.75,100.04,0.13,-1,-1,-1
179,299,1339.07,942.45,51.34,129.20,0.43,-1,-1,-1
179,300,2194.64,762.56,45.08,88.43,0.64,-1,-1,-1
179,301,1554.48,494.41,44.50,61.86,0.63,-1,-1,-1
179,302,416.85,636.81,37.79,78.87,0.67,-1,-1,-1
179,303,299.55,802.82,43.57,86.63,0.52,-1,-1,-1
180,122,1807.07,480.34,84.44,83.17,0.75,-1,-1,-1
180,123,498.80,700.37,165.48,135.85,0.88,-1,-1,-1
180,256,807.00,708.83,171.03,144.34,0.93,-1,-1,-1
180,230,1251.05,634.77,89.83,132.08,0.72,-1,-1,-1
180,257,1746.71,439.69,71.56,55.30,0.77,-1,-1,-1
180,274,782.00,889.06,69.60,104.85,0.30,-1,-1,-1
180,276,1704.46,398.20,76.40,52.50,0.74,-1,-1,-1
180,277,1576.64,274.65,69.71,51.14,0.67,-1,-1,-1
180,280,1949.06,592.35,137.83,106.21,0.75,-1,-1,-1
180,263,1071.53,399.84,68.23,65.44,0.67,-1,-1,-1
180,231,1181.71,1256.31,139.08,171.73,0.67,-1,-1,-1
180,290,260.74,888.34,49.27,93.06,0.44,-1,-1,-1
180,292,241.90,902.26,55.00,110.92,0.49,-1,-1,-1
180,295,2402.48,843.14,47.29,73.53,0.62,-1,-1,-1
180,281,2232.37,777.93,35.90,71.15,0.54,-1,-1,-1
180,296,1628.05,325.67,61.64,43.12,0.71,-1,-1,-1
180,297,1604.14,1024.82,245.33,233.05,0.65,-1,-1,-1
180,298,1939.57,854.81,49.19,85.36,0.48,-1,-1,-1
180,287,2261.69,893.44,109.03,99.64,0.41,-1,-1,-1
180,299,1333.60,928.30,56.34,143.66,0.41,-1,-1,-1
180,300,2195.05,761.86,46.57,91.75,0.54,-1,-1,-1
180,301,1553.71,490.06,45.80,63.72,0.42,-1,-1,-1
180,302,416.29,635.42,39.41,81.89,0.57,-1,-1,-1
180,303,301.27,801.27,43.93,87.49,0.48,-1,-1,-1
180,304,2337.37,652.05,38.67,78.75,0.55,-1,-1,-1
181,122,1814.56,482.29,82.96,81.97,0.77,-1,-1,-1
181,123,503.22,700.75,162.68,133.26,0.87,-1,-1,-1
181,256,802.34,712.70,172.96,144.49,0.93,-1,-1,-1
181,230,1257.20,642.74,88.63,130.37,0.72,-1,-1,-1
181,257,1750.28,438.21,74.56,57.51,0.80,-1,-1,-1
181,274,784.76,891.30,74.45,113.39,0.26,-1,-1,-1
181,276,1708.56,397.90,76.80,53.24,0.72,-1,-1,-1
181,277,1580.16,274.19,70.13,51.62,0.21,-1,-1,-1
181,280,1955.75,594.01,138.32,106.59,0.79,-1,-1,-1
181,263,1074.29,404.61,69.36,66.97,0.60,-1,-1,-1
181,231,1184.54,1273.94,144.63,177.95,0.37,-1,-1,-1
181,290,262.69,888.42,51.79,99.21,0.38,-1,-1,-1
181,292,241.43,902.31,55.20,112.27,0.48,-1,-1,-1
181,295,2407.40,844.43,46.43,72.48,0.66,-1,-1,-1
181,281,2237.90,779.68,35.42,70.51,0.31,-1,-1,-1
181,296,1632.48,325.79,61.94,43.13,0.55,-1,-1,-1
181,297,1607.77,1008.37,237.01,225.41,0.79,-1,-1,-1
181,298,1941.74,848.21,46.55,80.14,0.55,-1,-1,-1
181,287,2266.36,897.71,107.49,97.59,0.31,-1,-1,-1
181,299,1333.83,924.86,56.43,146.21,0.42,-1,-1,-1
181,300,2200.64,765.25,44.15,86.63,0.58,-1,-1,-1
181,301,1556.20,487.17,45.34,62.84,0.47,-1,-1,-1
181,302,422.68,638.59,37.70,77.53,0.42,-1,-1,-1
181,303,308.09,799.26,44.33,88.61,0.44,-1,-1,-1
181,304,2345.18,653.51,37.70,76.78,0.60,-1,-1,-1
182,122,1816.91,479.84,86.27,85.03,0.77,-1,-1,-1
182,123,509.74,700.24,163.57,134.05,0.86,-1,-1,-1
182,256,797.78,715.69,176.36,146.12,0.91,-1,-1,-1
182,230,1261.94,648.90,90.51,133.45,0.53,-1,-1,-1
182,257,1757.16,440.13,72.48,55.59,0.77,-1,-1,-1
182,274,792.98,890.56,68.23,103.63,0.13,-1,-1,-1
182,276,1717.16,398.34,76.20,53.18,0.83,-1,-1,-1
182,277,1586.37,274.12,71.12,52.75,0.32,-1,-1,-1
182,280,1962.89,595.23,136.27,104.79,0.76,-1,-1,-1
182,263,1080.21,409.79,68.12,65.80,0.58,-1,-1,-1
182,231,1189.89,1291.90,147.44,180.64,0.46,-1,-1,-1
182,290,265.42,887.47,53.07,102.26,0.32,-1,-1,-1
182,292,242.70,895.00,59.35,121.74,0.55,-1,-1,-1
182,295,2414.84,845.16,47.12,74.13,0.49,-1,-1,-1
182,281,2241.56,783.65,35.27,70.63,0.35,-1,-1,-1
182,296,1642.48,325.34,65.38,44.68,0.51,-1,-1,-1
182,297,1604.76,993.10,228.65,219.72,0.75,-1,-1,-1
182,298,1942.05,840.45,48.61,83.78,0.52,-1,-1,-1
182,287,2271.78,897.18,108.26,97.23,0.11,-1,-1,-1
182,299,1340.93,937.55,50.53,132.18,0.38,-1,-1,-1
182,300,2206.27,765.76,44.73,87.21,0.59,-1,-1,-1
182,301,1560.80,482.71,45.21,62.70,0.60,-1,-1,-1
182,302,428.81,637.56,37.99,77.64,0.67,-1,-1,-1
182,303,314.83,798.24,43.89,87.95,0.58,-1,-1,-1
182,304,2353.01,655.86,36.68,74.65,0.55,-1,-1,-1
183,122,1821.78,480.41,86.99,85.06,0.79,-1,-1,-1
183,123,517.57,700.81,162.66,133.53,0.87,-1,-1,-1
183,256,794.34,719.88,179.47,147.64,0.87,-1,-1,-1
183,230,1268.44,655.21,91.73,135.91,0.66,-1,-1,-1
183,257,1764.91,441.20,72.66,55.57,0.76,-1,-1,-1
183,274,796.06,886.53,74.69,114.03,0.20,-1,-1,-1
183,276,1725.04,398.62,75.48,53.22,0.76,-1,-1,-1
183,277,1590.40,271.81,73.53,55.28,0.61,-1,-1,-1
183,280,1969.26,597.69,133.43,102.22,0.45,-1,-1,-1
183,263,1084.19,413.55,70.59,68.82,0.64,-1,-1,-1
183,231,1194.58,1307.83,154.14,188.71,0.42,-1,-1,-1
183,290,264.68,887.94,57.05,110.74,0.44,-1,-1,-1
183,295,2422.59,846.72,46.53,73.65,0.57,-1,-1,-1
183,281,2246.05,786.20,35.13,69.88,0.30,-1,-1,-1
183,296,1650.95,326.37,64.91,43.59,0.53,-1,-1,-1
183,297,1603.84,979.35,223.38,217.40,0.81,-1,-1,-1
183,298,1946.59,832.99,46.77,80.71,0.51,-1,-1,-1
183,287,2276.83,896.96,110.26,97.82,0.38,-1,-1,-1
183,299,1346.82,944.59,47.55,125.00,0.47,-1,-1,-1
183,300,2211.74,772.05,43.59,84.52,0.65,-1,-1,-1
183,301,1565.15,481.39,44.30,60.99,0.66,-1,-1,-1
183,302,433.95,638.02,38.42,77.77,0.55,-1,-1,-1
183,303,324.04,797.59,43.13,86.59,0.53,-1,-1,-1
183,304,2361.04,659.78,36.24,73.88,0.60,-1,-1,-1
183,306,1416.69,979.73,41.64,106.98,0.61,-1,-1,-1
184,122,1830.80,480.78,87.19,85.39,0.77,-1,-1,-1
184,123,522.72,701.44,161.67,132.93,0.88,-1,-1,-1
184,256,790.10,723.04,183.25,149.75,0.87,-1,-1,-1
184,230,1275.22,660.71,94.02,139.55,0.49,-1,-1,-1
184,257,1771.62,441.31,73.11,55.90,0.77,-1,-1,-1
184,274,800.93,890.37,76.58,117.29,0.43,-1,-1,-1
184,276,1732.32,398.89,75.52,53.35,0.78,-1,-1,-1
184,277,1597.94,271.65,73.50,55.90,0.36,-1,-1,-1
184,280,1978.97,601.28,132.24,100.37,0.54,-1,-1,-1
184,263,1088.58,419.67,70.90,69.56,0.70,-1,-1,-1
184,231,1204.94,1327.38,155.87,188.94,0.20,-1,-1,-1
184,290,261.26,886.25,61.59,119.43,0.50,-1,-1,-1
184,295,2432.06,848.52,44.62,70.69,0.46,-1,-1,-1
184,281,2249.91,790.34,36.42,71.62,0.46,-1,-1,-1
184,296,1656.73,327.27,64.30,42.60,0.72,-1,-1,-1
184,297,1606.37,961.46,214.13,211.53,0.73,-1,-1,-1
184,298,1949.35,826.51,48.40,83.80,0.56,-1,-1,-1
184,287,2287.41,897.30,109.96,97.05,0.47,-1,-1,-1
184,299,1347.50,944.85,46.71,121.64,0.45,-1,-1,-1
184,301,1569.61,478.58,44.80,61.46,0.63,-1,-1,-1
184,302,441.30,640.45,37.31,74.48,0.53,-1,-1,-1
184,303,330.48,796.09,43.02,86.44,0.62,-1,-1,-1
184,304,2368.17,658.21,37.99,77.41,0.55,-1,-1,-1
184,306,1422.57,981.25,43.10,110.90,0.55,-1,-1,-1
185,122,1838.19,482.35,87.37,84.66,0.75,-1,-1,-1
185,123,529.90,701.05,161.29,132.53,0.85,-1,-1,-1
185,256,788.60,726.94,184.05,149.40,0.87,-1,-1,-1
185,230,1282.62,668.20,93.35,138.73,0.60,-1,-1,-1
185,257,1778.93,440.02,75.65,58.08,0.78,-1,-1,-1
185,274,809.87,893.76,74.10,113.55,0.11,-1,-1,-1
185,276,1740.09,399.05,75.76,54.07,0.59,-1,-1,-1
185,277,1603.82,268.93,75.74,58.22,0.55,-1,-1,-1
185,280,1990.61,600.35,133.81,100.87,0.31,-1,-1,-1
185,263,1096.91,423.62,69.42,68.24,0.69,-1,-1,-1
185,290,260.85,897.33,55.32,107.80,0.52,-1,-1,-1
185,295,2441.48,850.36,44.78,70.58,0.58,-1,-1,-1
185,281,2257.50,792.37,37.22,72.91,0.38,-1,-1,-1
185,296,1663.02,326.67,66.15,43.77,0.45,-1,-1,-1
185,297,1605.91,949.18,204.29,203.43,0.84,-1,-1,-1
185,298,1953.75,818.93,47.99,83.08,0.49,-1,-1,-1
185,287,2295.36,903.66,109.01,94.93,0.26,-1,-1,-1
185,299,1350.00,946.53,45.54,118.11,0.44,-1,-1,-1
185,301,1574.47,473.53,46.23,63.78,0.46,-1,-1,-1
185,302,449.41,638.37,39.31,78.44,0.38,-1,-1,-1
185,303,340.44,793.29,43.76,88.54,0.32,-1,-1,-1
185,304,2378.57,660.78,37.74,76.98,0.51,-1,-1,-1
185,306,1432.00,981.68,41.71,107.53,0.52,-1,-1,-1
186,122,1853.24,482.46,87.80,85.13,0.68,-1,-1,-1
186,123,542.30,700.50,161.12,132.36,0.84,-1,-1,-1
186,256,791.62,731.73,182.58,146.55,0.89,-1,-1,-1
186,230,1293.51,675.45,94.26,141.02,0.62,-1,-1,-1
186,257,1791.24,439.96,77.18,59.82,0.49,-1,-1,-1
186,274,821.01,895.47,73.70,112.56,0.37,-1,-1,-1
186,276,1737.95,396.95,82.18,57.15,0.46,-1,-1,-1
186,277,1620.84,272.06,73.57,56.94,0.35,-1,-1,-1
186,280,2005.53,602.10,130.60,97.27,0.34,-1,-1,-1
186,263,1106.49,427.41,70.56,69.19,0.60,-1,-1,-1
186,296,1674.90,325.64,69.33,45.52,0.19,-1,-1,-1
186,297,1604.77,932.17,199.02,199.62,0.79,-1,-1,-1
186,287,2305.72,899.38,121.78,106.34,0.18,-1,-1,-1
186,299,1354.12,946.87,44.23,114.75,0.47,-1,-1,-1
186,301,1583.69,470.76,45.53,63.54,0.22,-1,-1,-1
186,303,354.96,795.60,41.37,83.84,0.56,-1,-1,-1
186,306,1444.79,982.04,40.66,104.70,0.59,-1,-1,-1
186,307,1085.70,134.09,46.05,54.57,0.71,-1,-1,-1
187,122,1867.57,483.67,88.42,85.71,0.73,-1,-1,-1
187,123,554.61,699.95,161.84,133.29,0.85,-1,-1,-1
187,256,793.27,735.15,186.97,148.76,0.91,-1,-1,-1
187,230,1307.42,680.98,95.22,142.78,0.40,-1,-1,-1
187,257,1803.96,439.80,79.07,61.59,0.66,-1,-1,-1
187,274,836.95,895.02,70.42,107.15,0.16,-1,-1,-1
187,276,1756.00,399.22,81.12,55.49,0.39,-1,-1,-1
187,277,1632.06,269.97,75.50,59.38,0.11,-1,-1,-1
187,280,2019.96,603.35,137.92,101.76,0.62,-1,-1,-1
187,263,1118.45,433.68,71.72,70.23,0.66,-1,-1,-1
187,296,1691.28,326.85,69.59,44.94,0.24,-1,-1,-1
187,297,1616.28,921.64,186.94,188.52,0.80,-1,-1,-1
187,299,1360.64,947.56,36.45,93.52,0.44,-1,-1,-1
187,303,371.57,793.41,41.32,83.94,0.52,-1,-1,-1
187,306,1458.04,986.27,40.69,105.20,0.61,-1,-1,-1
188,122,1878.94,486.57,87.83,84.93,0.77,-1,-1,-1
188,123,565.82,699.20,158.89,130.50,0.83,-1,-1,-1
188,256,794.60,737.98,190.33,150.34,0.93,-1,-1,-1
188,230,1316.41,684.46,95.44,143.26,0.64,-1,-1,-1
188,257,1814.45,440.46,78.80,61.24,0.76,-1,-1,-1
188,274,846.67,895.56,66.37,100.45,0.17,-1,-1,-1
188,276,1775.04,401.58,77.52,53.25,0.50,-1,-1,-1
188,280,2023.48,602.98,144.46,106.95,0.73,-1,-1,-1
188,263,1129.06,437.89,70.91,69.45,0.71,-1,-1,-1
188,296,1700.39,327.50,68.92,44.45,0.16,-1,-1,-1
188,297,1614.90,908.60,185.35,188.22,0.76,-1,-1,-1
188,303,381.67,792.63,41.90,85.40,0.47,-1,-1,-1
188,306,1466.35,985.48,40.30,104.18,0.64,-1,-1,-1
188,308,804.94,398.93,140.46,117.50,0.65,-1,-1,-1
189,122,1881.97,484.10,90.20,87.12,0.75,-1,-1,-1
189,123,569.99,699.70,159.82,131.43,0.88,-1,-1,-1
189,256,790.46,741.51,190.68,149.61,0.93,-1,-1,-1
189,230,1321.92,691.53,94.54,141.43,0.65,-1,-1,-1
189,257,1823.04,442.71,75.74,58.66,0.80,-1,-1,-1
189,274,855.32,895.15,61.00,90.64,0.11,-1,-1,-1
189,276,1785.84,402.85,75.33,52.16,0.80,-1,-1,-1
189,280,2026.91,602.27,146.11,108.88,0.69,-1,-1,-1
189,263,1135.07,442.90,69.17,67.88,0.66,-1,-1,-1
189,296,1706.71,327.60,68.14,44.10,0.61,-1,-1,-1
189,297,1617.09,893.27,179.01,182.22,0.62,-1,-1,-1
189,303,386.08,787.28,43.28,88.89,0.44,-1,-1,-1
189,306,1468.81,985.62,40.43,104.68,0.57,-1,-1,-1
189,308,823.66,399.89,135.08,113.50,0.58,-1,-1,-1
189,309,1618.98,893.58,174.83,189.90,0.52,-1,-1,-1
190,122,1882.19,482.49,91.41,88.48,0.74,-1,-1,-1
190,123,569.39,700.25,161.52,133.50,0.85,-1,-1,-1
190,256,781.07,746.41,192.98,150.04,0.88,-1,-1,-1
190,230,1323.56,699.32,94.32,140.71,0.63,-1,-1,-1
190,257,1826.44,443.37,74.18,57.43,0.79,-1,-1,-1
190,274,855.87,895.46,60.52,89.92,0.19,-1,-1,-1
190,276,1789.79,403.33,73.96,51.47,0.81,-1,-1,-1
190,280,2028.71,601.75,145.82,109.28,0.65,-1,-1,-1
190,263,1133.67,446.54,72.36,71.71,0.65,-1,-1,-1
190,296,1708.14,327.76,67.22,43.72,0.64,-1,-1,-1
190,297,1609.57,874.62,178.31,182.00,0.80,-1,-1,-1
190,303,387.10,785.10,44.40,91.71,0.60,-1,-1,-1
190,306,1467.84,985.03,41.20,106.74,0.55,-1,-1,-1
190,308,831.17,400.71,131.73,111.36,0.48,-1,-1,-1
190,309,1614.23,878.19,171.20,185.75,0.26,-1,-1,-1
190,304,2425.36,673.73,35.20,71.41,0.59,-1,-1,-1
191,122,1881.23,482.01,91.74,89.09,0.75,-1,-1,-1
191,123,567.37,700.35,162.66,135.10,0.86,-1,-1,-1
191,256,768.49,749.86,196.33,151.52,0.90,-1,-1,-1
191,230,1322.45,704.83,94.77,141.15,0.56,-1,-1,-1
191,257,1826.88,443.86,73.50,56.95,0.79,-1,-1,-1
191,274,855.03,897.98,62.22,92.44,0.11,-1,-1,-1
191,276,1791.29,404.05,72.34,50.45,0.79,-1,-1,-1
191,280,2028.31,600.94,146.30,110.05,0.71,-1,-1,-1
191,263,1133.12,452.83,71.51,71.46,0.65,-1,-1,-1
191,296,1706.87,328.74,64.89,42.54,0.77,-1,-1,-1
191,297,1604.87,863.97,170.51,173.78,0.73,-1,-1,-1
191,303,387.03,785.75,44.70,92.99,0.47,-1,-1,-1
191,306,1465.47,982.86,42.30,109.75,0.51,-1,-1,-1
191,308,832.88,402.13,128.19,109.23,0.48,-1,-1,-1
191,309,1607.39,867.61,162.12,175.52,0.38,-1,-1,-1
191,312,2486.96,856.90,46.98,77.64,0.57,-1,-1,-1
191,304,2428.64,674.21,35.36,72.00,0.57,-1,-1,-1
191,301,1604.93,462.71,42.66,59.29,0.64,-1,-1,-1
191,277,1643.29,267.01,78.38,61.92,0.57,-1,-1,-1
192,122,1881.17,483.20,89.85,87.50,0.77,-1,-1,-1
192,123,564.62,701.13,162.21,135.53,0.87,-1,-1,-1
192,256,753.66,753.12,201.40,154.58,0.89,-1,-1,-1
192,230,1320.72,708.53,97.51,145.47,0.63,-1,-1,-1
192,257,1825.97,443.86,73.24,56.76,0.79,-1,-1,-1
192,274,853.16,902.28,63.67,93.91,0.28,-1,-1,-1
192,276,1790.61,403.64,72.25,50.56,0.77,-1,-1,-1
192,280,2027.29,599.57,146.85,110.96,0.76,-1,-1,-1
192,263,1129.34,458.36,71.75,72.12,0.72,-1,-1,-1
192,296,1705.80,329.33,63.27,41.74,0.75,-1,-1,-1
192,297,1599.83,853.46,158.61,160.90,0.80,-1,-1,-1
192,303,385.72,785.91,43.53,90.88,0.51,-1,-1,-1
192,306,1464.01,982.75,41.78,109.17,0.51,-1,-1,-1
192,308,832.57,402.10,126.71,108.91,0.43,-1,-1,-1
192,312,2484.65,855.19,45.43,75.23,0.57,-1,-1,-1
192,304,2426.90,673.03,35.43,71.64,0.52,-1,-1,-1
192,313,1114.36,134.99,44.90,54.29,0.71,-1,-1,-1
192,301,1604.79,459.55,42.90,59.84,0.71,-1,-1,-1
192,277,1645.58,267.38,77.61,61.70,0.54,-1,-1,-1
193,122,1882.92,484.88,87.01,85.28,0.76,-1,-1,-1
193,123,561.84,701.50,161.78,135.87,0.88,-1,-1,-1
193,256,740.84,757.20,203.14,155.05,0.91,-1,-1,-1
193,230,1319.06,713.20,98.33,146.78,0.58,-1,-1,-1
193,257,1823.45,443.68,73.96,57.04,0.79,-1,-1,-1
193,274,857.05,903.01,63.22,94.63,0.30,-1,-1,-1
193,276,1788.89,403.89,71.81,50.20,0.75,-1,-1,-1
193,280,2026.42,599.32,145.76,110.40,0.78,-1,-1,-1
193,263,1125.49,463.83,73.49,74.51,0.78,-1,-1,-1
193,296,1707.00,329.19,63.93,41.86,0.59,-1,-1,-1
193,297,1589.65,838.70,158.17,160.25,0.81,-1,-1,-1
193,303,383.90,784.88,42.95,90.53,0.59,-1,-1,-1
193,306,1461.03,982.46,41.63,109.15,0.53,-1,-1,-1
193,308,833.17,403.68,122.68,106.29,0.48,-1,-1,-1
193,312,2482.57,856.33,45.23,74.84,0.50,-1,-1,-1
193,304,2425.97,674.61,34.50,69.57,0.54,-1,-1,-1
193,313,1114.07,135.10,44.51,53.83,0.69,-1,-1,-1
193,301,1601.81,455.96,43.16,60.10,0.66,-1,-1,-1
193,277,1648.55,269.86,74.31,59.51,0.65,-1,-1,-1
193,315,1974.34,779.45,42.58,73.96,0.53,-1,-1,-1
194,122,1884.48,486.39,84.83,83.53,0.78,-1,-1,-1
194,123,559.85,702.07,160.56,135.47,0.88,-1,-1,-1
194,256,727.78,762.01,203.47,154.29,0.91,-1,-1,-1
194,230,1316.25,719.98,99.12,148.44,0.63,-1,-1,-1
194,257,1822.39,444.13,73.80,56.66,0.77,-1,-1,-1
194,274,855.83,903.52,62.49,93.52,0.27,-1,-1,-1
194,276,1787.08,404.91,69.81,48.88,0.75,-1,-1,-1
194,280,2025.43,599.06,145.39,110.24,0.76,-1,-1,-1
194,263,1122.43,468.05,73.84,75.30,0.83,-1,-1,-1
194,296,1706.60,329.15,64.60,42.06,0.66,-1,-1,-1
194,297,1581.92,826.01,151.88,153.03,0.79,-1,-1,-1
194,303,382.66,784.53,42.58,90.55,0.51,-1,-1,-1
194,306,1459.42,982.20,39.83,104.32,0.48,-1,-1,-1
194,308,810.99,400.99,128.75,110.60,0.52,-1,-1,-1
194,304,2426.01,676.05,33.76,67.84,0.54,-1,-1,-1
194,313,1113.53,135.70,44.09,53.29,0.66,-1,-1,-1
194,301,1599.69,454.47,41.82,58.02,0.51,-1,-1,-1
194,277,1646.03,267.95,76.63,61.91,0.67,-1,-1,-1
194,315,1970.68,772.06,42.62,74.26,0.59,-1,-1,-1
194,302,483.06,640.86,40.16,80.52,0.52,-1,-1,-1
195,122,1883.12,487.09,83.83,82.50,0.78,-1,-1,-1
195,123,557.60,704.30,159.08,134.74,0.90,-1,-1,-1
195,256,712.62,766.69,207.16,156.10,0.91,-1,-1,-1
195,230,1314.02,724.09,101.09,152.25,0.61,-1,-1,-1
195,257,1821.06,443.77,74.57,57.18,0.77,-1,-1,-1
195,274,849.11,905.05,72.61,109.13,0.23,-1,-1,-1
195,276,1785.76,405.21,69.21,48.53,0.74,-1,-1,-1
195,280,2024.68,599.15,144.41,109.41,0.75,-1,-1,-1
195,263,1118.54,473.60,76.05,78.28,0.76,-1,-1,-1
195,296,1704.18,328.70,64.95,42.35,0.70,-1,-1,-1
195,297,1574.11,815.34,148.62,149.14,0.80,-1,-1,-1
195,303,382.83,788.59,40.38,86.16,0.57,-1,-1,-1
195,306,1456.59,981.19,39.52,103.34,0.51,-1,-1,-1
195,308,810.98,400.41,128.93,110.92,0.49,-1,-1,-1
195,304,2425.40,678.67,32.46,65.16,0.53,-1,-1,-1
195,313,1113.20,134.60,44.53,53.84,0.71,-1,-1,-1
195,301,1597.78,450.91,41.49,58.20,0.43,-1,-1,-1
195,277,1648.20,269.11,74.89,61.25,0.58,-1,-1,-1
195,315,1967.98,766.50,41.65,72.70,0.56,-1,-1,-1
195,302,482.20,640.57,41.08,82.57,0.60,-1,-1,-1
195,295,2477.77,856.34,47.89,76.51,0.64,-1,-1,-1
196,122,1882.59,487.45,83.28,82.01,0.79,-1,-1,-1
196,123,555.49,707.14,157.07,133.45,0.90,-1,-1,-1
196,256,697.95,772.68,211.57,158.37,0.91,-1,-1,-1
196,230,1313.87,733.57,98.20,147.87,0.75,-1,-1,-1
196,257,1819.22,443.57,75.52,57.86,0.76,-1,-1,-1
196,274,847.51,905.99,73.10,109.13,0.18,-1,-1,-1
196,276,1785.36,405.34,69.21,48.65,0.77,-1,-1,-1
196,280,2024.29,599.84,142.73,108.08,0.72,-1,-1,-1
196,263,1115.48,479.83,75.31,77.92,0.74,-1,-1,-1
196,296,1703.34,328.69,65.04,42.46,0.66,-1,-1,-1
196,297,1570.01,803.77,141.02,140.17,0.77,-1,-1,-1
196,303,381.82,788.35,39.89,85.82,0.60,-1,-1,-1
196,306,1455.89,981.45,38.92,101.82,0.51,-1,-1,-1
196,308,822.66,401.94,124.24,108.39,0.36,-1,-1,-1
196,304,2424.73,679.55,31.68,63.71,0.54,-1,-1,-1
196,313,1113.45,135.59,43.56,52.59,0.72,-1,-1,-1
196,301,1593.50,448.33,42.13,58.77,0.43,-1,-1,-1
196,277,1650.81,272.38,70.92,57.97,0.67,-1,-1,-1
196,315,1964.15,761.08,42.05,73.55,0.55,-1,-1,-1
196,302,481.21,641.88,40.83,81.74,0.43,-1,-1,-1
196,295,2479.02,856.97,47.31,76.75,0.70,-1,-1,-1
197,122,1882.12,487.77,82.50,81.31,0.78,-1,-1,-1
197,123,554.07,708.63,155.29,132.51,0.89,-1,-1,-1
197,256,684.90,777.95,215.06,160.14,0.92,-1,-1,-1
197,230,1315.66,751.44,92.44,137.84,0.78,-1,-1,-1
197,257,1818.82,443.53,75.28,57.60,0.76,-1,-1,-1
197,274,850.32,910.42,69.54,103.58,0.24,-1,-1,-1
197,276,1784.65,405.32,69.31,48.85,0.76,-1,-1,-1
197,280,2023.39,600.31,142.90,108.25,0.65,-1,-1,-1
197,263,1113.30,486.53,75.46,78.91,0.78,-1,-1,-1
197,296,1702.27,328.46,65.27,42.73,0.65,-1,-1,-1
197,297,1562.44,790.52,141.36,140.01,0.81,-1,-1,-1
197,303,381.48,788.24,39.26,84.96,0.58,-1,-1,-1
197,306,1455.38,980.99,38.43,100.49,0.53,-1,-1,-1
197,308,827.56,402.11,122.12,107.96,0.38,-1,-1,-1
197,304,2422.71,679.98,31.41,63.18,0.47,-1,-1,-1
197,313,1113.61,136.14,43.53,52.73,0.74,-1,-1,-1
197,301,1590.48,446.42,42.14,58.60,0.73,-1,-1,-1
197,277,1648.49,270.51,72.73,60.18,0.69,-1,-1,-1
197,315,1961.59,753.80,40.39,70.65,0.69,-1,-1,-1
197,302,480.14,642.77,40.53,80.58,0.47,-1,-1,-1
197,295,2479.57,856.85,46.97,76.77,0.71,-1,-1,-1
197,287,2320.91,895.43,128.35,115.27,0.56,-1,-1,-1
198,122,1880.21,488.40,81.64,80.49,0.73,-1,-1,-1
198,123,548.51,710.61,154.87,132.24,0.88,-1,-1,-1
198,256,668.30,782.95,218.23,161.31,0.89,-1,-1,-1
198,230,1309.54,745.64,100.32,150.87,0.59,-1,-1,-1
198,257,1816.37,443.37,75.97,58.22,0.74,-1,-1,-1
198,274,843.57,908.55,73.21,109.10,0.14,-1,-1,-1
198,276,1782.39,404.89,70.69,50.09,0.76,-1,-1,-1
198,280,2020.98,604.48,137.28,103.77,0.73,-1,-1,-1
198,263,1107.40,493.26,76.73,80.67,0.75,-1,-1,-1
198,296,1698.83,327.75,65.48,43.52,0.67,-1,-1,-1
198,297,1555.75,778.94,138.50,136.68,0.79,-1,-1,-1
198,303,379.16,792.66,37.98,81.91,0.60,-1,-1,-1
198,306,1452.73,981.32,37.96,98.86,0.62,-1,-1,-1
198,308,830.75,407.32,114.15,102.36,0.50,-1,-1,-1
198,304,2420.96,677.84,32.89,66.27,0.32,-1,-1,-1
198,313,1112.23,135.38,43.71,52.98,0.80,-1,-1,-1
198,301,1586.78,445.64,41.79,57.91,0.73,-1,-1,-1
198,277,1650.41,273.52,68.93,57.24,0.68,-1,-1,-1
198,315,1958.60,748.06,37.85,66.05,0.57,-1,-1,-1
198,302,476.84,645.11,39.24,76.44,0.44,-1,-1,-1
198,295,2476.67,856.41,46.35,75.68,0.63,-1,-1,-1
198,287,2321.01,892.63,130.69,117.95,0.11,-1,-1,-1
199,123,527.52,712.61,157.44,133.68,0.66,-1,-1,-1
199,256,636.30,786.72,234.37,171.23,0.82,-1,-1,-1
199,230,1293.03,743.70,106.74,161.05,0.39,-1,-1,-1
199,280,1999.44,604.42,141.15,106.73,0.15,-1,-1,-1
199,297,1537.82,764.86,140.01,139.14,0.64,-1,-1,-1
199,308,805.66,405.52,122.60,110.34,0.49,-1,-1,-1
200,123,488.41,715.36,162.95,136.98,0.64,-1,-1,-1
200,256,588.47,792.59,250.47,179.92,0.76,-1,-1,-1
200,297,1503.23,754.41,132.97,131.97,0.54,-1,-1,-1
201,123,451.20,723.37,158.54,133.07,0.81,-1,-1,-1
201,256,538.60,802.65,246.01,175.86,0.87,-1,-1,-1
201,297,1463.02,742.35,128.76,127.28,0.74,-1,-1,-1
202,123,431.52,728.48,160.47,135.28,0.83,-1,-1,-1
202,256,510.26,812.30,240.71,171.15,0.90,-1,-1,-1
202,297,1441.88,730.51,126.39,124.16,0.78,-1,-1,-1
202,316,1213.54,755.91,105.25,161.22,0.78,-1,-1,-1
202,318,1711.25,436.90,72.91,57.39,0.76,-1,-1,-1
202,319,1774.37,481.03,84.91,80.22,0.78,-1,-1,-1
202,320,112.84,881.31,76.30,126.01,0.57,-1,-1,-1
202,281,2306.93,833.68,37.79,69.35,0.55,-1,-1,-1
203,123,422.75,729.35,162.45,137.78,0.84,-1,-1,-1
203,256,489.01,817.37,242.43,171.78,0.90,-1,-1,-1
203,297,1431.82,718.31,121.80,118.89,0.78,-1,-1,-1
203,316,1214.03,762.83,103.62,158.75,0.65,-1,-1,-1
203,318,1710.69,437.92,71.27,56.05,0.77,-1,-1,-1
203,319,1774.21,482.27,82.90,78.42,0.79,-1,-1,-1
203,320,106.31,877.88,77.61,128.44,0.44,-1,-1,-1
203,321,1672.31,397.63,70.39,51.74,0.82,-1,-1,-1
203,322,1592.63,326.15,65.39,43.27,0.82,-1,-1,-1
203,323,1912.48,591.68,131.12,103.78,0.71,-1,-1,-1
203,324,2356.30,836.00,43.44,71.45,0.69,-1,-1,-1
203,325,993.52,524.50,73.34,86.37,0.78,-1,-1,-1
203,281,2307.05,833.95,39.33,69.35,0.56,-1,-1,-1
204,123,419.12,730.38,162.93,139.06,0.83,-1,-1,-1
204,256,467.48,822.98,253.21,179.81,0.90,-1,-1,-1
204,297,1425.26,707.45,122.66,119.66,0.82,-1,-1,-1
204,316,1214.22,768.09,103.61,158.67,0.76,-1,-1,-1
204,318,1710.18,438.26,70.71,55.53,0.78,-1,-1,-1
204,319,1773.79,482.10,82.43,78.13,0.79,-1,-1,-1
204,320,101.74,876.41,75.89,126.22,0.38,-1,-1,-1
204,321,1671.70,396.97,71.22,52.37,0.79,-1,-1,-1
204,322,1592.90,326.43,64.38,42.58,0.82,-1,-1,-1
204,323,1912.22,590.73,132.79,105.03,0.75,-1,-1,-1
204,324,2356.45,836.60,43.30,71.27,0.72,-1,-1,-1
204,325,989.04,529.70,77.23,90.87,0.52,-1,-1,-1
204,281,2307.86,834.76,39.05,67.42,0.56,-1,-1,-1
204,326,1208.84,962.22,44.32,102.80,0.64,-1,-1,-1
204,327,1545.50,274.59,62.88,50.93,0.55,-1,-1,-1
205,123,416.59,732.40,163.43,140.11,0.84,-1,-1,-1
205,256,452.97,828.62,253.08,179.21,0.90,-1,-1,-1
205,297,1422.24,698.49,118.39,115.25,0.79,-1,-1,-1
205,316,1213.62,771.29,105.71,161.92,0.75,-1,-1,-1
205,318,1709.87,438.02,70.71,55.43,0.77,-1,-1,-1
205,319,1774.67,482.81,81.01,76.98,0.79,-1,-1,-1
205,320,98.47,873.82,75.02,125.58,0.40,-1,-1,-1
205,321,1672.31,397.32,70.11,51.54,0.80,-1,-1,-1
205,322,1592.92,326.43,63.72,42.11,0.84,-1,-1,-1
205,323,1911.53,590.32,132.58,104.80,0.76,-1,-1,-1
205,324,2355.87,836.78,42.68,70.27,0.67,-1,-1,-1
205,325,985.52,536.77,79.06,92.96,0.69,-1,-1,-1
205,281,2307.62,834.75,39.38,66.91,0.56,-1,-1,-1
205,326,1204.64,960.27,44.50,103.36,0.62,-1,-1,-1
205,327,1544.27,273.97,63.26,51.21,0.55,-1,-1,-1
205,328,1163.63,926.72,37.11,89.87,0.60,-1,-1,-1
206,123,416.54,734.20,161.52,138.64,0.86,-1,-1,-1
206,256,440.83,836.00,249.52,175.55,0.88,-1,-1,-1
206,297,1418.73,689.40,115.76,112.27,0.76,-1,-1,-1
206,316,1211.55,775.59,108.49,166.60,0.88,-1,-1,-1
206,318,1710.05,438.20,70.49,55.12,0.78,-1,-1,-1
206,319,1775.01,482.76,80.56,76.82,0.80,-1,-1,-1
206,320,94.42,887.27,70.30,117.79,0.37,-1,-1,-1
206,321,1672.40,397.51,69.46,51.07,0.81,-1,-1,-1
206,322,1592.95,326.50,63.33,41.82,0.84,-1,-1,-1
206,323,1909.56,591.12,129.39,102.23,0.63,-1,-1,-1
206,324,2357.23,836.73,41.75,68.73,0.68,-1,-1,-1
206,325,983.06,544.23,76.11,89.17,0.73,-1,-1,-1
206,281,2307.29,834.42,39.87,66.76,0.56,-1,-1,-1
206,326,1199.62,961.49,43.53,100.99,0.60,-1,-1,-1
206,327,1545.69,274.55,62.37,50.46,0.63,-1,-1,-1
206,328,1158.62,927.78,38.99,94.33,0.56,-1,-1,-1
206,329,260.00,804.29,38.16,84.62,0.60,-1,-1,-1
207,123,414.91,734.73,161.98,139.41,0.86,-1,-1,-1
207,256,422.00,841.17,257.47,180.68,0.90,-1,-1,-1
207,297,1415.41,678.64,113.99,109.98,0.82,-1,-1,-1
207,316,1212.23,782.09,108.41,166.79,0.76,-1,-1,-1
207,318,1709.50,437.88,71.21,55.59,0.77,-1,-1,-1
207,319,1775.51,483.00,79.96,76.55,0.81,-1,-1,-1
207,320,91.45,890.05,70.62,118.50,0.41,-1,-1,-1
207,321,1672.38,397.38,69.52,51.14,0.81,-1,-1,-1
207,322,1593.19,326.75,63.08,41.60,0.83,-1,-1,-1
207,323,1909.06,592.29,127.44,100.62,0.71,-1,-1,-1
207,324,2357.42,836.95,41.60,68.49,0.64,-1,-1,-1
207,325,978.99,551.22,79.41,92.76,0.78,-1,-1,-1
207,281,2307.30,833.92,40.45,67.06,0.56,-1,-1,-1
207,326,1190.48,961.52,44.06,101.59,0.51,-1,-1,-1
207,327,1542.82,273.54,63.58,51.28,0.56,-1,-1,-1
207,328,1153.06,925.89,39.91,96.66,0.68,-1,-1,-1
207,329,259.79,801.37,39.19,86.91,0.60,-1,-1,-1
208,123,412.24,735.93,162.23,139.67,0.86,-1,-1,-1
208,256,407.19,847.24,259.78,181.64,0.90,-1,-1,-1
208,297,1413.17,669.69,110.54,105.98,0.79,-1,-1,-1
208,316,1212.78,786.84,109.04,168.12,0.78,-1,-1,-1
208,318,1709.81,437.88,71.19,55.43,0.77,-1,-1,-1
208,319,1775.12,482.38,80.23,77.16,0.80,-1,-1,-1
208,320,89.00,904.42,62.34,103.58,0.46,-1,-1,-1
208,321,1672.82,397.72,68.96,50.69,0.81,-1,-1,-1
208,322,1593.08,326.57,63.42,41.76,0.82,-1,-1,-1
208,323,1911.25,591.25,130.18,102.61,0.73,-1,-1,-1
208,324,2357.92,837.53,41.48,68.32,0.66,-1,-1,-1
208,325,976.84,557.33,78.81,91.57,0.81,-1,-1,-1
208,281,2307.64,833.48,40.89,67.33,0.57,-1,-1,-1
208,326,1179.61,962.92,43.46,99.65,0.50,-1,-1,-1
208,327,1543.34,274.10,63.77,51.37,0.31,-1,-1,-1
208,328,1147.62,929.09,39.46,95.55,0.53,-1,-1,-1
208,329,260.60,800.79,39.65,87.87,0.58,-1,-1,-1
209,123,409.88,738.12,163.41,140.66,0.85,-1,-1,-1
209,256,391.80,853.20,261.17,181.63,0.89,-1,-1,-1
209,297,1409.47,659.97,109.91,105.28,0.83,-1,-1,-1
209,316,1211.45,791.37,110.04,169.96,0.77,-1,-1,-1
209,318,1709.32,436.80,72.33,56.26,0.77,-1,-1,-1
209,319,1774.55,481.47,80.59,77.89,0.80,-1,-1,-1
209,320,87.56,901.01,64.47,106.90,0.44,-1,-1,-1
209,321,1672.46,397.17,69.59,51.15,0.78,-1,-1,-1
209,322,1593.30,326.71,63.59,41.76,0.82,-1,-1,-1
209,323,1912.47,591.43,130.89,102.92,0.70,-1,-1,-1
209,324,2357.84,837.52,41.09,67.69,0.66,-1,-1,-1
209,325,972.91,563.06,82.18,95.00,0.75,-1,-1,-1
209,281,2307.65,832.92,41.32,67.72,0.57,-1,-1,-1
209,326,1178.62,964.85,43.98,100.78,0.57,-1,-1,-1
209,327,1541.93,273.43,65.23,52.27,0.45,-1,-1,-1
209,328,1142.17,929.74,40.57,98.36,0.54,-1,-1,-1
209,329,258.97,798.00,41.21,91.41,0.61,-1,-1,-1
209,331,2144.24,479.44,23.85,54.35,0.67,-1,-1,-1
210,123,409.82,741.09,161.98,139.21,0.89,-1,-1,-1
210,256,377.51,859.93,260.07,179.91,0.87,-1,-1,-1
210,297,1408.25,650.31,105.63,100.96,0.83,-1,-1,-1
210,316,1212.04,797.69,109.94,169.98,0.78,-1,-1,-1
210,318,1709.91,436.61,72.48,56.32,0.76,-1,-1,-1
210,319,1775.61,480.33,80.46,78.37,0.79,-1,-1,-1
210,320,90.65,905.38,60.11,100.00,0.31,-1,-1,-1
210,321,1671.85,396.77,69.78,51.35,0.76,-1,-1,-1
210,322,1593.81,326.19,63.74,41.82,0.79,-1,-1,-1
210,323,1915.04,592.11,129.13,101.01,0.63,-1,-1,-1
210,324,2358.80,838.18,41.01,67.39,0.49,-1,-1,-1
210,325,969.16,568.24,84.59,97.15,0.77,-1,-1,-1
210,281,2308.13,832.53,42.24,68.15,0.52,-1,-1,-1
210,326,1173.46,963.66,45.10,103.59,0.55,-1,-1,-1
210,327,1538.10,272.16,67.22,53.44,0.49,-1,-1,-1
210,328,1137.88,928.91,40.82,98.98,0.58,-1,-1,-1
210,329,258.63,797.05,41.68,92.52,0.61,-1,-1,-1
210,331,2144.58,479.21,23.73,54.07,0.67,-1,-1,-1
211,123,413.52,742.49,160.78,137.84,0.90,-1,-1,-1
211,256,365.26,865.15,263.02,180.70,0.88,-1,-1,-1
211,297,1407.11,641.08,106.91,101.97,0.81,-1,-1,-1
211,316,1215.81,800.63,112.09,173.93,0.65,-1,-1,-1
211,318,1713.50,434.95,74.75,58.02,0.81,-1,-1,-1
211,319,1778.33,481.30,79.99,77.73,0.78,-1,-1,-1
211,320,85.68,895.07,66.14,110.08,0.47,-1,-1,-1
211,321,1676.71,396.15,70.94,52.22,0.78,-1,-1,-1
211,322,1598.00,324.51,66.12,43.21,0.57,-1,-1,-1
211,323,1922.03,592.85,129.64,101.29,0.54,-1,-1,-1
211,324,2366.62,839.52,39.84,65.22,0.48,-1,-1,-1
211,325,968.71,575.29,86.73,98.79,0.70,-1,-1,-1
211,281,2312.54,831.29,43.61,69.62,0.52,-1,-1,-1
211,326,1170.18,961.75,47.17,108.82,0.54,-1,-1,-1
211,327,1546.66,274.57,63.69,50.84,0.19,-1,-1,-1
211,328,1138.08,927.64,40.73,98.68,0.56,-1,-1,-1
211,329,264.45,795.42,41.51,92.13,0.57,-1,-1,-1
211,331,2148.68,477.93,23.34,53.19,0.45,-1,-1,-1
211,332,2292.43,618.71,32.95,66.33,0.61,-1,-1,-1
212,123,423.40,744.01,156.05,132.94,0.90,-1,-1,-1
212,256,355.28,870.28,270.49,185.05,0.90,-1,-1,-1
212,297,1410.21,631.87,109.98,105.18,0.67,-1,-1,-1
212,316,1225.83,804.78,111.91,174.47,0.20,-1,-1,-1
212,318,1723.05,433.85,76.10,59.57,0.68,-1,-1,-1
212,319,1782.61,478.27,84.89,82.08,0.80,-1,-1,-1
212,320,82.85,893.26,61.40,103.01,0.11,-1,-1,-1
212,321,1684.62,395.60,72.00,53.06,0.66,-1,-1,-1
212,322,1608.80,323.74,70.67,45.83,0.36,-1,-1,-1
212,323,1932.06,592.25,134.62,105.20,0.25,-1,-1,-1
212,325,971.31,581.19,90.48,102.38,0.76,-1,-1,-1
212,281,2323.34,830.09,45.32,72.05,0.51,-1,-1,-1
212,326,1174.02,960.26,46.22,107.03,0.55,-1,-1,-1
212,327,1545.02,268.99,71.62,57.20,0.32,-1,-1,-1
212,328,1140.93,928.18,39.35,95.06,0.54,-1,-1,-1
212,329,274.06,793.00,41.24,91.65,0.49,-1,-1,-1
212,332,2299.59,621.50,36.02,72.40,0.51,-1,-1,-1
212,333,1016.79,134.03,46.63,53.31,0.60,-1,-1,-1
213,123,436.93,743.11,155.81,131.43,0.87,-1,-1,-1
213,256,352.03,875.00,274.84,187.06,0.90,-1,-1,-1
213,297,1420.71,622.35,110.07,105.62,0.46,-1,-1,-1
213,316,1240.23,812.60,111.80,174.61,0.62,-1,-1,-1
213,318,1738.92,435.25,75.24,59.35,0.58,-1,-1,-1
213,319,1798.69,478.67,85.62,82.71,0.74,-1,-1,-1
213,323,1949.39,594.70,135.70,104.50,0.42,-1,-1,-1
213,325,979.18,586.07,95.13,106.94,0.73,-1,-1,-1
213,326,1180.47,960.58,46.60,108.01,0.56,-1,-1,-1
213,328,1148.50,927.82,37.64,90.51,0.59,-1,-1,-1
213,332,2314.68,622.05,36.21,72.44,0.52,-1,-1,-1
213,333,1033.77,134.61,45.90,52.51,0.73,-1,-1,-1
213,308,717.89,405.04,133.64,113.32,0.56,-1,-1,-1
214,123,452.26,741.96,155.94,130.62,0.85,-1,-1,-1
214,256,353.20,879.44,276.24,186.76,0.91,-1,-1,-1
214,297,1434.30,613.68,113.62,110.26,0.59,-1,-1,-1
214,316,1256.27,814.85,113.31,178.14,0.45,-1,-1,-1
214,318,1756.77,435.53,75.61,59.78,0.56,-1,-1,-1
214,319,1815.28,476.67,90.65,87.17,0.73,-1,-1,-1
214,323,1962.49,593.17,138.65,106.54,0.47,-1,-1,-1
214,325,991.96,591.94,95.28,105.88,0.74,-1,-1,-1
214,326,1191.72,958.90,45.65,105.77,0.54,-1,-1,-1
214,328,1157.41,926.95,38.49,92.15,0.61,-1,-1,-1
214,308,722.36,402.60,143.81,117.21,0.56,-1,-1,-1
215,123,470.48,739.21,157.22,130.22,0.84,-1,-1,-1
215,256,356.10,882.33,276.42,185.68,0.92,-1,-1,-1
215,297,1452.76,605.90,107.90,105.03,0.66,-1,-1,-1
215,318,1775.20,433.50,79.14,62.65,0.59,-1,-1,-1
215,319,1836.28,475.80,92.43,89.01,0.63,-1,-1,-1
215,323,1982.32,594.23,141.26,108.52,0.56,-1,-1,-1
215,325,1005.07,598.11,97.54,106.70,0.81,-1,-1,-1
215,326,1200.50,957.47,46.39,106.37,0.54,-1,-1,-1
215,328,1169.51,925.00,39.18,93.09,0.62,-1,-1,-1
215,308,734.83,399.33,150.83,118.68,0.69,-1,-1,-1
215,307,1079.12,132.71,47.36,54.51,0.58,-1,-1,-1
215,230,1276.59,820.20,123.39,189.31,0.70,-1,-1,-1
216,123,487.19,738.78,159.77,131.91,0.84,-1,-1,-1
216,256,361.83,884.81,277.92,185.91,0.91,-1,-1,-1
216,297,1462.22,597.97,112.11,109.36,0.64,-1,-1,-1
216,318,1796.16,435.99,77.09,60.85,0.52,-1,-1,-1
216,319,1856.58,477.88,91.55,87.88,0.72,-1,-1,-1
216,323,2003.70,598.47,138.55,106.22,0.29,-1,-1,-1
216,325,1017.81,602.66,101.04,109.45,0.77,-1,-1,-1
216,326,1211.47,956.88,45.71,104.99,0.54,-1,-1,-1
216,328,1181.23,922.81,38.30,90.14,0.62,-1,-1,-1
216,308,753.35,399.77,152.96,117.16,0.57,-1,-1,-1
216,230,1288.57,825.01,120.99,187.90,0.63,-1,-1,-1
216,306,1446.17,966.72,40.21,104.42,0.56,-1,-1,-1
216,313,1101.79,133.95,45.08,53.22,0.53,-1,-1,-1
216,315,1898.10,655.46,35.43,59.60,0.63,-1,-1,-1
217,123,500.38,738.48,163.15,134.41,0.88,-1,-1,-1
217,256,358.78,887.55,281.02,186.59,0.90,-1,-1,-1
217,297,1478.46,589.71,106.34,103.82,0.76,-1,-1,-1
217,318,1816.45,438.27,74.97,59.02,0.80,-1,-1,-1
217,319,1876.66,479.43,89.80,86.43,0.76,-1,-1,-1
217,323,2023.43,598.34,138.02,105.49,0.70,-1,-1,-1
217,325,1027.21,608.73,102.49,110.12,0.86,-1,-1,-1
217,326,1218.42,955.49,45.86,105.20,0.48,-1,-1,-1
217,328,1190.75,922.08,38.85,91.56,0.63,-1,-1,-1
217,308,800.45,398.48,144.33,114.34,0.70,-1,-1,-1
217,230,1301.02,829.53,119.23,186.21,0.85,-1,-1,-1
217,306,1454.66,972.18,37.54,96.15,0.54,-1,-1,-1
217,313,1112.81,134.28,44.83,52.43,0.57,-1,-1,-1
217,315,1903.69,650.31,37.18,62.85,0.57,-1,-1,-1
217,301,1563.47,399.06,41.19,58.91,0.54,-1,-1,-1
218,123,504.18,739.06,164.04,134.60,0.90,-1,-1,-1
218,256,345.87,891.13,286.05,188.93,0.87,-1,-1,-1
218,297,1485.42,582.66,100.33,97.62,0.78,-1,-1,-1
218,318,1826.22,440.09,72.96,57.12,0.80,-1,-1,-1
218,319,1884.99,478.61,90.00,87.01,0.77,-1,-1,-1
218,323,2029.84,598.05,140.02,107.03,0.70,-1,-1,-1
218,325,1027.59,614.86,103.02,109.41,0.83,-1,-1,-1
218,326,1217.97,955.82,45.27,104.41,0.62,-1,-1,-1
218,328,1191.21,921.14,36.37,84.49,0.66,-1,-1,-1
218,308,821.18,399.11,136.23,110.92,0.57,-1,-1,-1
218,230,1304.97,833.37,119.27,186.96,0.71,-1,-1,-1
218,306,1456.94,975.35,37.84,95.86,0.53,-1,-1,-1
218,315,1905.55,646.43,36.59,61.92,0.55,-1,-1,-1
218,337,2386.88,757.93,44.00,65.12,0.62,-1,-1,-1
218,338,382.47,778.76,38.46,88.67,0.62,-1,-1,-1
218,301,1565.20,397.41,38.98,57.09,0.52,-1,-1,-1
218,276,1790.24,398.82,73.47,52.66,0.82,-1,-1,-1
218,296,1711.86,326.06,69.08,44.89,0.63,-1,-1,-1
219,123,501.29,740.44,165.24,134.84,0.90,-1,-1,-1
219,256,322.33,895.54,293.88,193.00,0.88,-1,-1,-1
219,297,1482.57,574.96,99.81,97.27,0.81,-1,-1,-1
219,318,1828.38,439.64,73.05,56.99,0.80,-1,-1,-1
219,319,1886.84,478.66,89.07,86.38,0.77,-1,-1,-1
219,323,2032.25,597.08,139.90,106.79,0.71,-1,-1,-1
219,325,1018.78,620.80,105.73,111.01,0.85,-1,-1,-1
219,326,1210.76,955.93,45.17,104.26,0.46,-1,-1,-1
219,308,829.84,399.44,130.48,108.80,0.51,-1,-1,-1
219,230,1305.15,838.56,119.58,188.35,0.76,-1,-1,-1
219,306,1455.43,976.29,38.18,96.35,0.54,-1,-1,-1
219,315,1905.41,642.69,34.98,59.61,0.43,-1,-1,-1
219,337,2383.62,751.70,47.67,70.75,0.64,-1,-1,-1
219,338,381.01,776.50,39.07,90.11,0.62,-1,-1,-1
219,301,1564.57,394.79,36.52,54.96,0.61,-1,-1,-1
219,339,2263.54,483.64,25.30,56.28,0.61,-1,-1,-1
219,276,1789.79,397.35,74.37,53.90,0.80,-1,-1,-1
219,296,1709.85,327.07,66.65,43.20,0.61,-1,-1,-1
220,123,492.84,741.93,171.89,140.34,0.90,-1,-1,-1
220,256,296.22,901.81,301.12,196.81,0.83,-1,-1,-1
220,297,1480.84,566.79,96.45,93.93,0.82,-1,-1,-1
220,318,1826.74,438.11,73.79,57.44,0.83,-1,-1,-1
220,319,1888.94,481.22,84.60,82.73,0.79,-1,-1,-1
220,323,2030.69,595.84,141.02,107.82,0.74,-1,-1,-1
220,325,1008.87,626.56,106.89,110.68,0.87,-1,-1,-1
220,326,1200.50,955.88,44.18,101.51,0.51,-1,-1,-1
220,308,833.04,399.90,125.81,107.07,0.47,-1,-1,-1
220,230,1303.14,845.67,118.06,187.88,0.61,-1,-1,-1
220,306,1453.58,976.56,37.28,93.83,0.54,-1,-1,-1
220,315,1901.70,638.41,35.43,60.22,0.61,-1,-1,-1
220,337,2382.37,749.04,49.36,73.52,0.59,-1,-1,-1
220,338,379.56,775.78,39.73,91.75,0.54,-1,-1,-1
220,301,1562.71,393.15,35.95,54.87,0.61,-1,-1,-1
220,339,2260.38,481.92,25.24,56.13,0.60,-1,-1,-1
220,276,1787.45,396.40,74.67,54.76,0.74,-1,-1,-1
220,296,1708.89,327.13,66.19,42.57,0.54,-1,-1,-1
220,340,535.50,651.87,36.14,77.37,0.61,-1,-1,-1
221,123,483.81,742.37,178.51,146.11,0.89,-1,-1,-1
221,256,273.42,910.67,299.59,194.53,0.88,-1,-1,-1
221,297,1475.96,559.49,94.39,91.74,0.79,-1,-1,-1
221,318,1824.63,436.83,74.98,58.31,0.83,-1,-1,-1
221,319,1888.41,481.44,82.48,81.31,0.78,-1,-1,-1
221,323,2027.82,596.09,137.77,105.33,0.70,-1,-1,-1
221,325,998.44,632.64,108.98,111.46,0.86,-1,-1,-1
221,326,1195.28,956.27,44.79,101.83,0.46,-1,-1,-1
221,308,833.12,398.63,122.30,106.11,0.50,-1,-1,-1
221,230,1300.77,851.42,117.38,188.53,0.69,-1,-1,-1
221,306,1450.94,971.72,37.72,95.19,0.53,-1,-1,-1
221,315,1896.53,634.00,35.04,59.37,0.54,-1,-1,-1
221,337,2379.84,745.59,50.24,75.13,0.56,-1,-1,-1
221,338,376.30,775.49,39.58,91.29,0.60,-1,-1,-1
221,301,1559.25,390.55,35.85,55.75,0.59,-1,-1,-1
221,339,2257.23,480.23,25.17,55.90,0.59,-1,-1,-1
221,276,1784.61,396.50,73.95,54.67,0.77,-1,-1,-1
221,296,1707.16,325.44,67.57,43.24,0.54,-1,-1,-1
221,340,533.01,651.96,36.68,78.54,0.56,-1,-1,-1
221,341,461.60,654.52,45.36,87.49,0.68,-1,-1,-1
221,342,1110.72,938.53,39.40,85.07,0.64,-1,-1,-1
222,123,476.05,744.05,180.65,147.71,0.90,-1,-1,-1
222,256,246.80,917.45,303.61,196.07,0.80,-1,-1,-1
222,297,1470.64,551.05,93.86,91.34,0.72,-1,-1,-1
222,318,1822.57,436.46,74.84,58.03,0.83,-1,-1,-1
222,319,1884.41,481.77,82.08,80.85,0.78,-1,-1,-1
222,323,2023.47,594.14,138.15,105.95,0.72,-1,-1,-1
222,325,985.88,639.20,111.60,112.40,0.87,-1,-1,-1
222,326,1184.80,956.31,45.15,102.75,0.54,-1,-1,-1
222,308,832.28,398.55,120.02,105.89,0.43,-1,-1,-1
222,306,1445.04,969.97,40.87,103.99,0.52,-1,-1,-1
222,315,1892.59,629.79,34.14,58.29,0.58,-1,-1,-1
222,337,2380.17,744.69,49.65,74.98,0.53,-1,-1,-1
222,338,372.85,775.30,39.70,91.57,0.61,-1,-1,-1
222,301,1556.34,387.82,34.45,54.41,0.55,-1,-1,-1
222,339,2254.15,481.51,24.57,54.51,0.54,-1,-1,-1
222,276,1783.31,396.37,72.98,54.33,0.76,-1,-1,-1
222,296,1704.87,325.01,67.53,43.13,0.62,-1,-1,-1
222,340,530.42,651.67,35.73,76.58,0.61,-1,-1,-1
222,341,459.60,654.18,45.32,87.49,0.66,-1,-1,-1
222,342,1097.56,937.44,44.68,96.64,0.57,-1,-1,-1
223,123,466.87,745.06,181.54,147.86,0.88,-1,-1,-1
223,256,218.88,922.00,311.06,199.83,0.86,-1,-1,-1
223,297,1465.98,543.48,92.70,90.30,0.78,-1,-1,-1
223,318,1820.21,437.14,73.92,57.36,0.79,-1,-1,-1
223,319,1885.63,482.08,80.27,79.66,0.77,-1,-1,-1
223,323,2019.82,592.83,137.94,106.10,0.61,-1,-1,-1
223,325,971.24,645.40,116.10,115.36,0.85,-1,-1,-1
223,308,831.32,399.45,117.56,105.34,0.43,-1,-1,-1
223,306,1440.17,968.83,41.25,105.65,0.45,-1,-1,-1
223,315,1885.98,625.70,35.75,61.38,0.58,-1,-1,-1
223,337,2378.09,743.05,49.12,74.95,0.49,-1,-1,-1
223,338,368.13,776.38,38.83,89.22,0.61,-1,-1,-1
223,301,1553.22,385.35,35.07,55.86,0.58,-1,-1,-1
223,339,2251.28,480.84,24.81,55.03,0.49,-1,-1,-1
223,276,1781.82,396.53,71.09,53.30,0.77,-1,-1,-1
223,296,1699.82,324.84,65.87,42.84,0.70,-1,-1,-1
223,340,526.93,651.84,36.52,78.23,0.63,-1,-1,-1
223,341,455.28,654.29,45.51,87.95,0.65,-1,-1,-1
223,342,1085.74,937.48,47.69,103.53,0.53,-1,-1,-1
223,345,1136.46,923.01,38.21,90.77,0.66,-1,-1,-1
223,230,1291.18,862.22,119.55,193.14,0.61,-1,-1,-1
224,123,460.25,746.43,181.58,147.30,0.89,-1,-1,-1
224,256,187.32,927.23,321.23,205.49,0.84,-1,-1,-1
224,297,1460.83,536.82,90.71,88.34,0.77,-1,-1,-1
224,318,1818.12,437.66,72.66,56.33,0.78,-1,-1,-1
224,319,1882.76,480.58,80.02,80.36,0.81,-1,-1,-1
224,323,2014.64,591.19,140.52,108.35,0.61,-1,-1,-1
224,325,957.16,649.54,120.84,118.80,0.86,-1,-1,-1
224,308,829.03,397.94,117.50,106.70,0.42,-1,-1,-1
224,306,1434.28,966.69,43.43,111.98,0.29,-1,-1,-1
224,315,1879.29,620.87,35.37,60.59,0.61,-1,-1,-1
224,337,2369.84,750.26,45.01,69.36,0.52,-1,-1,-1
224,338,364.60,777.26,38.06,87.29,0.57,-1,-1,-1
224,301,1550.28,383.76,35.46,56.65,0.49,-1,-1,-1
224,339,2248.25,479.01,24.95,55.23,0.54,-1,-1,-1
224,276,1779.49,396.44,70.86,53.24,0.81,-1,-1,-1
224,296,1697.68,324.24,65.91,43.49,0.68,-1,-1,-1
224,340,523.59,651.57,36.52,78.20,0.67,-1,-1,-1
224,341,451.55,653.77,45.60,88.19,0.67,-1,-1,-1
224,342,1074.83,938.31,45.39,98.73,0.40,-1,-1,-1
224,345,1128.79,922.70,38.62,91.61,0.53,-1,-1,-1
224,230,1285.03,866.78,119.42,194.93,0.68,-1,-1,-1
225,123,453.08,748.51,179.35,144.65,0.90,-1,-1,-1
225,256,155.53,934.63,325.37,207.24,0.85,-1,-1,-1
225,297,1455.65,528.75,88.94,86.36,0.76,-1,-1,-1
225,318,1815.63,436.50,73.16,56.90,0.77,-1,-1,-1
225,319,1880.20,481.22,78.87,79.44,0.82,-1,-1,-1
225,323,2012.14,590.70,138.39,106.86,0.79,-1,-1,-1
225,325,943.76,657.20,121.79,118.03,0.87,-1,-1,-1
225,308,830.32,397.88,109.24,99.46,0.45,-1,-1,-1
225,306,1429.64,966.20,42.45,110.00,0.52,-1,-1,-1
225,315,1874.90,616.35,33.42,57.13,0.50,-1,-1,-1
225,337,2364.16,747.06,46.18,71.85,0.53,-1,-1,-1
225,338,360.17,775.24,39.13,89.58,0.56,-1,-1,-1
225,301,1546.27,381.74,35.89,57.36,0.16,-1,-1,-1
225,339,2244.64,478.06,24.84,54.80,0.64,-1,-1,-1
225,276,1776.58,395.82,70.13,52.71,0.82,-1,-1,-1
225,296,1696.64,324.40,64.87,43.22,0.81,-1,-1,-1
225,340,519.31,650.14,36.96,79.13,0.62,-1,-1,-1
225,341,446.36,654.30,45.49,88.06,0.65,-1,-1,-1
225,342,1062.73,937.88,41.62,90.40,0.40,-1,-1,-1
225,345,1115.01,923.47,37.88,89.67,0.66,-1,-1,-1
225,230,1280.08,872.01,119.90,196.58,0.76,-1,-1,-1
226,123,442.33,748.85,182.02,145.92,0.89,-1,-1,-1
226,256,119.75,944.78,335.59,213.67,0.80,-1,-1,-1
226,297,1451.81,523.63,86.23,83.78,0.72,-1,-1,-1
226,318,1812.28,435.65,74.44,57.91,0.77,-1,-1,-1
226,319,1876.52,482.10,78.01,78.67,0.81,-1,-1,-1
226,323,2007.41,589.85,139.92,108.30,0.75,-1,-1,-1
226,325,930.57,663.54,123.25,117.51,0.86,-1,-1,-1
226,308,829.29,397.88,106.08,96.76,0.48,-1,-1,-1
226,306,1425.29,965.90,41.51,107.69,0.61,-1,-1,-1
226,315,1869.35,612.83,33.91,58.13,0.55,-1,-1,-1
226,337,2359.36,750.43,44.17,69.21,0.52,-1,-1,-1
226,338,355.05,774.03,40.05,92.02,0.55,-1,-1,-1
226,301,1542.67,379.35,35.95,57.42,0.27,-1,-1,-1
226,339,2239.76,477.61,25.24,55.38,0.64,-1,-1,-1
226,276,1774.95,395.58,70.52,52.96,0.82,-1,-1,-1
226,296,1695.08,323.61,65.69,43.96,0.81,-1,-1,-1
226,340,515.49,650.51,36.45,77.97,0.48,-1,-1,-1
226,341,442.68,657.91,44.45,86.01,0.64,-1,-1,-1
226,342,1050.82,937.54,38.10,82.24,0.56,-1,-1,-1
226,345,1101.02,924.90,37.48,88.39,0.62,-1,-1,-1
226,230,1275.51,879.69,118.34,195.04,0.80,-1,-1,-1
227,123,431.51,750.78,185.04,147.40,0.88,-1,-1,-1
227,256,92.04,952.32,340.45,216.54,0.84,-1,-1,-1
227,297,1446.32,516.78,84.89,82.20,0.66,-1,-1,-1
227,318,1811.92,437.21,71.82,56.20,0.72,-1,-1,-1
227,319,1869.24,479.73,79.16,79.79,0.78,-1,-1,-1
227,323,2003.44,590.45,137.61,106.88,0.78,-1,-1,-1
227,325,914.94,667.94,126.65,118.93,0.90,-1,-1,-1
227,308,823.64,397.44,111.37,102.24,0.29,-1,-1,-1
227,306,1419.46,966.70,38.84,100.13,0.42,-1,-1,-1
227,315,1862.18,609.09,35.06,59.80,0.51,-1,-1,-1
227,337,2354.47,755.21,39.55,62.39,0.54,-1,-1,-1
227,338,350.45,773.99,39.71,90.96,0.61,-1,-1,-1
227,301,1538.71,377.95,33.65,54.65,0.51,-1,-1,-1
227,339,2235.33,477.30,25.39,55.93,0.57,-1,-1,-1
227,276,1773.64,396.22,70.69,53.00,0.79,-1,-1,-1
227,296,1692.01,323.45,65.85,44.43,0.72,-1,-1,-1
227,340,510.81,651.87,36.28,77.41,0.55,-1,-1,-1
227,341,437.29,658.35,44.71,86.60,0.66,-1,-1,-1
227,342,1037.86,937.88,34.42,73.65,0.42,-1,-1,-1
227,345,1089.14,925.43,38.65,90.84,0.55,-1,-1,-1
227,230,1267.47,886.22,119.46,197.03,0.73,-1,-1,-1
227,324,2398.00,839.50,45.67,72.91,0.55,-1,-1,-1
228,123,422.60,752.67,185.57,146.95,0.87,-1,-1,-1
228,256,57.89,957.75,346.45,219.62,0.81,-1,-1,-1
228,297,1439.00,510.36,83.84,80.85,0.70,-1,-1,-1
228,318,1807.28,436.87,72.18,56.31,0.72,-1,-1,-1
228,319,1863.86,479.03,80.82,81.28,0.80,-1,-1,-1
228,323,1998.08,589.19,139.80,109.01,0.81,-1,-1,-1
228,325,897.49,673.08,131.67,121.67,0.89,-1,-1,-1
228,308,818.36,397.50,113.21,104.37,0.25,-1,-1,-1
228,306,1411.23,964.51,41.44,107.94,0.53,-1,-1,-1
228,315,1857.01,614.65,38.83,64.90,0.51,-1,-1,-1
228,337,2351.90,753.03,40.96,65.03,0.54,-1,-1,-1
228,338,346.92,773.69,40.53,93.10,0.53,-1,-1,-1
228,301,1535.99,377.02,32.12,52.68,0.59,-1,-1,-1
228,339,2231.54,476.44,25.49,56.10,0.49,-1,-1,-1
228,276,1771.01,396.02,70.19,52.59,0.76,-1,-1,-1
228,296,1690.16,323.56,64.96,44.09,0.62,-1,-1,-1
228,340,505.60,651.29,36.57,77.63,0.53,-1,-1,-1
228,341,432.12,659.36,44.35,85.51,0.69,-1,-1,-1
228,342,1026.69,936.87,35.36,75.14,0.37,-1,-1,-1
228,345,1074.37,924.42,41.01,96.00,0.52,-1,-1,-1
228,230,1261.27,892.72,121.12,199.95,0.70,-1,-1,-1
228,324,2396.15,839.20,45.08,70.95,0.55,-1,-1,-1
229,123,411.75,752.64,187.57,148.24,0.86,-1,-1,-1
229,256,25.08,963.62,347.94,219.33,0.73,-1,-1,-1
229,297,1433.50,505.11,81.88,78.86,0.62,-1,-1,-1
229,318,1807.05,436.79,70.45,55.61,0.71,-1,-1,-1
229,319,1854.66,476.12,84.12,84.07,0.80,-1,-1,-1
229,323,1993.77,588.26,140.12,109.71,0.81,-1,-1,-1
229,325,880.71,678.62,136.09,124.11,0.89,-1,-1,-1
229,308,811.73,397.12,113.22,104.16,0.31,-1,-1,-1
229,306,1407.15,961.81,37.52,96.56,0.38,-1,-1,-1
229,315,1852.49,619.99,39.25,63.51,0.65,-1,-1,-1
229,337,2347.25,748.87,42.46,67.43,0.40,-1,-1,-1
229,338,339.30,772.74,40.33,92.89,0.49,-1,-1,-1
229,301,1531.51,373.97,33.74,55.32,0.10,-1,-1,-1
229,339,2226.37,477.67,24.90,54.91,0.65,-1,-1,-1
229,276,1767.29,395.31,69.43,52.24,0.77,-1,-1,-1
229,296,1685.80,322.10,65.81,45.28,0.61,-1,-1,-1
229,340,499.63,650.03,37.31,79.04,0.56,-1,-1,-1
229,341,426.80,659.30,44.56,85.82,0.65,-1,-1,-1
229,342,1012.92,936.42,34.18,72.39,0.53,-1,-1,-1
229,345,1060.49,922.76,39.73,93.01,0.55,-1,-1,-1
229,230,1254.15,898.70,122.58,201.11,0.72,-1,-1,-1
229,324,2391.02,839.03,45.11,70.50,0.52,-1,-1,-1
230,123,402.22,752.80,186.74,146.51,0.83,-1,-1,-1
230,256,0.00,973.70,349.76,225.26,0.38,-1,-1,-1
230,297,1428.62,497.99,80.39,77.16,0.80,-1,-1,-1
230,318,1800.32,435.27,71.99,56.87,0.76,-1,-1,-1
230,319,1854.03,476.12,84.02,84.12,0.80,-1,-1,-1
230,323,1993.49,590.39,137.14,107.24,0.72,-1,-1,-1
230,325,863.95,683.04,138.84,124.93,0.89,-1,-1,-1
230,308,811.63,396.71,106.88,98.17,0.47,-1,-1,-1
230,306,1400.73,960.55,36.18,92.49,0.46,-1,-1,-1
230,315,1844.15,610.94,44.65,72.29,0.38,-1,-1,-1
230,337,2345.90,743.72,43.55,69.12,0.24,-1,-1,-1
230,338,332.88,772.39,40.10,91.47,0.57,-1,-1,-1
230,301,1527.87,371.64,33.63,54.95,0.24,-1,-1,-1
230,339,2220.87,476.18,24.19,53.36,0.51,-1,-1,-1
230,276,1765.12,395.40,68.74,51.89,0.79,-1,-1,-1
230,296,1683.68,321.53,65.36,45.29,0.72,-1,-1,-1
230,340,496.52,652.19,35.95,75.45,0.60,-1,-1,-1
230,341,421.28,658.60,44.98,86.63,0.67,-1,-1,-1
230,342,996.92,937.10,35.35,74.22,0.41,-1,-1,-1
230,345,1046.47,921.58,40.67,94.92,0.58,-1,-1,-1
230,230,1246.32,904.13,123.15,202.90,0.78,-1,-1,-1
230,349,1554.74,844.05,157.31,179.99,0.79,-1,-1,-1
230,350,1363.14,889.13,39.18,98.21,0.53,-1,-1,-1
230,281,2381.56,837.57,46.84,73.69,0.53,-1,-1,-1
231,123,392.36,753.48,191.57,149.40,0.83,-1,-1,-1
231,256,0.00,982.58,331.72,227.39,0.63,-1,-1,-1
231,297,1423.03,492.99,78.82,75.30,0.68,-1,-1,-1
231,318,1795.48,434.10,72.70,57.57,0.77,-1,-1,-1
231,319,1849.65,475.72,83.00,83.08,0.79,-1,-1,-1
231,323,1989.95,589.87,137.85,108.02,0.47,-1,-1,-1
231,325,848.78,690.50,139.36,123.33,0.86,-1,-1,-1
231,308,806.54,398.12,108.66,99.99,0.51,-1,-1,-1
231,306,1391.69,961.13,36.81,93.77,0.62,-1,-1,-1
231,315,1838.59,599.34,39.63,64.96,0.52,-1,-1,-1
231,337,2342.10,738.71,43.92,70.32,0.29,-1,-1,-1
231,338,327.44,773.24,39.28,89.34,0.53,-1,-1,-1
231,301,1524.12,369.43,33.96,55.22,0.20,-1,-1,-1
231,339,2216.34,475.14,24.51,54.17,0.54,-1,-1,-1
231,276,1761.13,395.12,68.09,51.35,0.80,-1,-1,-1
231,296,1681.55,319.95,67.27,47.08,0.55,-1,-1,-1
231,340,491.64,651.56,36.27,76.01,0.70,-1,-1,-1
231,341,414.81,660.43,44.21,84.60,0.54,-1,-1,-1
231,342,981.99,937.55,35.31,73.29,0.52,-1,-1,-1
231,345,1034.70,922.34,39.15,91.37,0.50,-1,-1,-1
231,230,1238.84,911.91,123.17,203.56,0.69,-1,-1,-1
231,349,1541.11,827.95,155.83,178.52,0.70,-1,-1,-1
231,350,1352.19,889.37,38.60,96.85,0.55,-1,-1,-1
231,281,2378.78,837.45,46.51,73.08,0.61,-1,-1,-1
232,123,383.84,754.50,191.72,148.36,0.86,-1,-1,-1
232,256,0.00,990.87,301.87,212.55,0.51,-1,-1,-1
232,297,1417.34,487.01,78.02,74.35,0.67,-1,-1,-1
232,318,1789.87,432.85,73.64,58.34,0.84,-1,-1,-1
232,319,1850.02,477.53,79.35,79.64,0.80,-1,-1,-1
232,323,1983.56,591.09,135.88,106.31,0.63,-1,-1,-1
232,325,832.27,695.62,143.38,124.84,0.91,-1,-1,-1
232,308,802.75,398.28,111.75,103.38,0.42,-1,-1,-1
232,306,1384.81,960.87,37.05,94.36,0.54,-1,-1,-1
232,315,1831.96,592.09,37.15,61.01,0.58,-1,-1,-1
232,337,2333.42,741.82,43.69,70.47,0.40,-1,-1,-1
232,338,320.41,772.09,40.41,91.93,0.39,-1,-1,-1
232,301,1520.47,367.50,33.20,54.09,0.43,-1,-1,-1
232,339,2211.62,476.68,22.87,50.30,0.57,-1,-1,-1
232,276,1759.01,394.50,68.28,51.51,0.74,-1,-1,-1
232,296,1678.31,319.69,67.91,48.14,0.20,-1,-1,-1
232,340,486.38,651.02,36.74,76.88,0.66,-1,-1,-1
232,341,408.98,662.49,43.27,82.36,0.50,-1,-1,-1
232,342,965.64,937.25,42.53,88.65,0.43,-1,-1,-1
232,345,1022.26,922.99,38.53,89.67,0.53,-1,-1,-1
232,230,1229.45,917.63,127.14,209.80,0.70,-1,-1,-1
232,349,1530.18,810.99,147.52,168.70,0.50,-1,-1,-1
232,350,1335.61,888.21,40.49,101.65,0.64,-1,-1,-1
232,281,2373.51,837.27,46.32,72.22,0.47,-1,-1,-1
232,351,1233.60,915.97,119.95,213.41,0.56,-1,-1,-1
232,352,2175.06,790.31,43.24,92.12,0.58,-1,-1,-1
233,123,372.60,753.99,193.31,148.70,0.88,-1,-1,-1
233,256,0.00,999.97,278.72,204.15,0.58,-1,-1,-1
233,297,1410.50,481.66,76.91,72.76,0.68,-1,-1,-1
233,318,1786.25,432.69,73.49,58.34,0.82,-1,-1,-1
233,319,1847.22,478.83,77.84,78.22,0.81,-1,-1,-1
233,323,1979.05,588.77,133.13,103.87,0.54,-1,-1,-1
233,325,812.40,700.05,148.51,127.39,0.87,-1,-1,-1
233,308,799.20,399.43,111.09,103.66,0.49,-1,-1,-1
233,306,1374.35,960.51,41.11,105.26,0.55,-1,-1,-1
233,315,1825.14,586.26,35.63,59.18,0.51,-1,-1,-1
233,337,2327.18,743.45,42.86,69.08,0.37,-1,-1,-1
233,338,313.83,771.74,39.60,90.11,0.56,-1,-1,-1
233,301,1515.91,365.20,33.37,54.55,0.36,-1,-1,-1
233,339,2206.92,476.97,22.45,49.48,0.51,-1,-1,-1
233,276,1754.90,394.03,68.65,51.70,0.76,-1,-1,-1
233,296,1677.20,321.66,63.96,45.07,0.63,-1,-1,-1
233,340,480.33,651.75,36.35,75.87,0.54,-1,-1,-1
233,341,402.90,662.20,43.77,83.23,0.63,-1,-1,-1
233,342,952.30,934.86,40.29,83.19,0.45,-1,-1,-1
233,345,1010.30,922.85,39.39,91.34,0.56,-1,-1,-1
233,230,1219.61,923.48,133.49,219.91,0.53,-1,-1,-1
233,349,1517.80,794.76,145.93,166.93,0.77,-1,-1,-1
233,350,1323.07,888.13,41.59,104.48,0.60,-1,-1,-1
233,281,2368.50,835.59,46.51,72.62,0.52,-1,-1,-1
233,351,1227.22,920.45,123.32,218.79,0.44,-1,-1,-1
233,352,2168.94,788.07,44.26,94.08,0.53,-1,-1,-1
233,353,1823.90,605.25,47.64,63.95,0.58,-1,-1,-1
234,123,360.98,754.52,194.36,148.46,0.85,-1,-1,-1
234,256,0.00,1010.99,232.17,167.32,0.66,-1,-1,-1
234,297,1404.44,475.35,76.68,72.21,0.68,-1,-1,-1
234,318,1783.80,433.76,71.81,57.25,0.79,-1,-1,-1
234,319,1843.74,478.39,78.39,78.92,0.78,-1,-1,-1
234,323,1970.29,587.82,137.43,108.21,0.54,-1,-1,-1
234,325,793.10,704.76,153.70,129.86,0.90,-1,-1,-1
234,308,797.03,399.69,111.16,104.22,0.38,-1,-1,-1
234,306,1365.60,956.93,42.06,108.69,0.41,-1,-1,-1
234,315,1817.95,583.61,36.04,60.19,0.55,-1,-1,-1
234,337,2320.45,743.96,42.53,68.30,0.41,-1,-1,-1
234,338,306.45,770.66,39.52,90.10,0.45,-1,-1,-1
234,301,1511.96,363.33,33.11,54.00,0.54,-1,-1,-1
234,339,2201.32,476.02,22.99,51.03,0.48,-1,-1,-1
234,276,1750.52,393.70,68.90,52.07,0.79,-1,-1,-1
234,296,1675.59,321.94,63.34,44.51,0.64,-1,-1,-1
234,340,474.89,651.70,36.79,76.46,0.57,-1,-1,-1
234,341,396.37,661.77,44.25,84.33,0.60,-1,-1,-1
234,342,938.25,932.91,38.58,79.27,0.43,-1,-1,-1
234,345,996.00,923.34,39.99,92.48,0.59,-1,-1,-1
234,230,1210.50,929.05,131.55,217.43,0.69,-1,-1,-1
234,349,1501.36,777.79,146.61,167.60,0.66,-1,-1,-1
234,350,1310.47,888.60,42.43,106.83,0.49,-1,-1,-1
234,281,2362.72,835.56,44.90,69.86,0.57,-1,-1,-1
234,351,1214.85,930.61,120.78,213.90,0.36,-1,-1,-1
234,352,2161.11,785.87,44.50,94.24,0.53,-1,-1,-1
234,353,1816.23,598.01,50.67,68.22,0.53,-1,-1,-1
234,354,2282.99,722.91,35.69,73.25,0.61,-1,-1,-1
234,324,2408.73,849.51,42.56,66.46,0.56,-1,-1,-1
235,123,353.29,755.96,195.75,148.24,0.84,-1,-1,-1
235,297,1401.11,470.12,73.85,69.18,0.71,-1,-1,-1
235,318,1779.55,433.00,72.87,58.33,0.79,-1,-1,-1
235,319,1838.76,477.37,78.74,79.50,0.80,-1,-1,-1
235,323,1965.94,589.14,136.16,107.34,0.66,-1,-1,-1
235,325,773.28,711.12,155.44,129.16,0.93,-1,-1,-1
235,308,793.83,398.75,110.61,103.76,0.19,-1,-1,-1
235,306,1355.81,958.51,43.21,111.60,0.52,-1,-1,-1
235,315,1809.21,579.91,37.99,64.36,0.56,-1,-1,-1
235,337,2314.38,745.42,41.05,66.37,0.37,-1,-1,-1
235,338,300.26,769.80,39.00,87.93,0.42,-1,-1,-1
235,301,1507.64,361.97,32.52,52.80,0.48,-1,-1,-1
235,339,2197.20,474.35,23.43,52.01,0.48,-1,-1,-1
235,276,1747.05,393.51,68.48,51.80,0.79,-1,-1,-1
235,296,1673.87,322.15,63.98,44.68,0.60,-1,-1,-1
235,340,466.99,649.83,36.97,76.94,0.61,-1,-1,-1
235,341,390.37,662.00,45.08,86.34,0.56,-1,-1,-1
235,342,922.96,933.38,39.44,80.50,0.49,-1,-1,-1
235,345,980.28,923.30,43.39,101.07,0.58,-1,-1,-1
235,349,1488.41,762.57,145.92,167.13,0.62,-1,-1,-1
235,350,1298.92,889.92,38.93,97.89,0.57,-1,-1,-1
235,281,2354.02,834.60,45.31,70.47,0.52,-1,-1,-1
235,352,2151.24,787.89,44.35,93.37,0.59,-1,-1,-1
235,353,1806.52,586.80,53.12,71.99,0.24,-1,-1,-1
235,354,2279.02,723.89,35.18,72.27,0.57,-1,-1,-1
235,355,2367.84,562.10,30.17,60.63,0.59,-1,-1,-1
235,324,2405.78,849.35,41.91,64.95,0.49,-1,-1,-1
236,123,343.84,756.41,197.34,148.45,0.84,-1,-1,-1
236,297,1396.49,464.55,71.33,66.63,0.68,-1,-1,-1
236,318,1774.51,432.28,73.14,58.70,0.80,-1,-1,-1
236,319,1834.14,477.86,77.83,78.62,0.82,-1,-1,-1
236,323,1960.32,586.79,138.30,109.61,0.59,-1,-1,-1
236,325,753.98,717.00,158.85,129.63,0.87,-1,-1,-1
236,308,789.45,398.60,110.89,104.08,0.31,-1,-1,-1
236,306,1348.79,958.89,41.26,106.58,0.48,-1,-1,-1
236,315,1805.32,575.96,34.45,58.67,0.54,-1,-1,-1
236,337,2307.67,743.01,41.99,67.69,0.40,-1,-1,-1
236,338,293.27,769.82,39.52,88.83,0.46,-1,-1,-1
236,301,1503.72,360.97,30.56,50.33,0.57,-1,-1,-1
236,339,2190.79,473.69,23.21,51.76,0.46,-1,-1,-1
236,276,1742.35,393.35,68.88,52.23,0.77,-1,-1,-1
236,296,1669.76,322.10,64.65,45.01,0.38,-1,-1,-1
236,340,461.56,649.97,37.12,76.98,0.56,-1,-1,-1
236,341,382.92,660.72,45.63,87.15,0.59,-1,-1,-1
236,342,905.96,935.25,42.39,86.83,0.31,-1,-1,-1
236,345,965.24,923.82,41.47,96.93,0.53,-1,-1,-1
236,349,1478.16,747.99,143.36,164.90,0.79,-1,-1,-1
236,350,1286.83,890.18,38.87,96.81,0.59,-1,-1,-1
236,281,2345.18,834.92,45.52,70.11,0.49,-1,-1,-1
236,352,2142.23,784.30,46.29,97.00,0.59,-1,-1,-1
236,353,1801.05,586.06,49.81,67.75,0.48,-1,-1,-1
236,354,2272.08,721.82,36.03,73.97,0.55,-1,-1,-1
236,355,2363.71,562.19,31.98,64.35,0.56,-1,-1,-1
236,324,2398.59,849.04,43.19,66.30,0.46,-1,-1,-1
236,356,1563.72,223.50,57.72,38.27,0.69,-1,-1,-1
236,230,1188.71,945.13,134.70,222.53,0.71,-1,-1,-1
237,123,330.74,756.27,200.19,149.70,0.86,-1,-1,-1
237,297,1389.38,458.76,71.38,66.39,0.58,-1,-1,-1
237,318,1769.49,432.25,73.10,58.84,0.77,-1,-1,-1
237,319,1827.60,476.51,80.46,81.06,0.80,-1,-1,-1
237,323,1956.29,588.24,134.92,107.38,0.66,-1,-1,-1
237,325,731.50,723.00,164.53,132.60,0.90,-1,-1,-1
237,308,784.59,397.71,112.25,105.67,0.21,-1,-1,-1
237,306,1338.51,956.03,41.50,106.87,0.39,-1,-1,-1
237,315,1798.36,572.51,35.66,60.85,0.56,-1,-1,-1
237,337,2301.02,742.81,41.80,67.62,0.43,-1,-1,-1
237,338,285.33,771.55,39.97,89.56,0.47,-1,-1,-1
237,301,1499.69,359.36,30.28,50.23,0.53,-1,-1,-1
237,339,2185.58,465.76,25.79,58.24,0.46,-1,-1,-1
237,276,1738.79,393.72,68.35,52.05,0.69,-1,-1,-1
237,296,1668.50,322.01,64.69,44.64,0.55,-1,-1,-1
237,340,456.00,650.32,36.98,76.79,0.66,-1,-1,-1
237,341,376.38,662.31,44.96,86.13,0.62,-1,-1,-1
237,342,888.93,936.72,40.33,81.61,0.41,-1,-1,-1
237,345,952.84,924.15,41.21,95.93,0.51,-1,-1,-1
237,349,1470.33,735.18,137.60,158.93,0.77,-1,-1,-1
237,350,1270.47,889.60,36.82,91.47,0.61,-1,-1,-1
237,281,2336.87,834.43,46.55,71.49,0.50,-1,-1,-1
237,352,2134.25,788.14,44.39,91.95,0.58,-1,-1,-1
237,353,1794.90,581.96,49.24,67.29,0.65,-1,-1,-1
237,354,2265.61,723.24,35.71,73.40,0.53,-1,-1,-1
237,355,2360.63,562.86,31.28,63.01,0.43,-1,-1,-1
237,324,2392.69,848.56,42.77,65.56,0.56,-1,-1,-1
237,356,1565.83,222.72,57.43,38.26,0.72,-1,-1,-1
237,230,1178.57,950.51,137.57,226.51,0.70,-1,-1,-1
238,123,322.36,756.91,200.82,149.23,0.85,-1,-1,-1
238,297,1384.82,452.68,70.81,65.74,0.76,-1,-1,-1
238,318,1766.98,433.11,71.17,57.53,0.79,-1,-1,-1
238,319,1823.05,475.83,80.61,81.46,0.78,-1,-1,-1
238,323,1950.76,588.60,134.04,106.51,0.51,-1,-1,-1
238,325,707.58,729.16,172.09,137.10,0.90,-1,-1,-1
238,308,779.06,396.35,113.31,107.55,0.12,-1,-1,-1
238,306,1332.50,956.76,37.37,94.55,0.41,-1,-1,-1
238,315,1791.58,568.80,34.84,59.61,0.58,-1,-1,-1
238,337,2294.55,736.50,45.01,73.10,0.41,-1,-1,-1
238,338,277.75,771.79,39.85,89.68,0.49,-1,-1,-1
238,301,1495.18,357.01,30.67,50.67,0.49,-1,-1,-1
238,339,2180.75,467.43,25.03,56.15,0.46,-1,-1,-1
238,276,1734.34,393.36,68.76,52.51,0.75,-1,-1,-1
238,296,1663.41,323.11,62.24,43.31,0.18,-1,-1,-1
238,340,449.10,648.72,37.07,77.13,0.61,-1,-1,-1
238,341,369.04,661.70,45.83,87.97,0.59,-1,-1,-1
238,342,872.09,938.72,38.18,76.31,0.45,-1,-1,-1
238,345,939.30,924.51,42.10,98.32,0.41,-1,-1,-1
238,349,1458.68,722.04,135.72,157.21,0.55,-1,-1,-1
238,350,1256.04,888.45,34.34,84.45,0.57,-1,-1,-1
238,281,2329.85,833.44,45.75,69.27,0.50,-1,-1,-1
238,352,2126.70,783.62,45.96,94.56,0.49,-1,-1,-1
238,353,1786.38,575.70,49.57,68.26,0.40,-1,-1,-1
238,354,2257.05,719.60,37.02,76.37,0.53,-1,-1,-1
238,355,2357.92,561.41,31.56,63.69,0.62,-1,-1,-1
238,356,1566.80,224.66,53.62,35.90,0.69,-1,-1,-1
238,230,1166.44,959.15,138.70,227.81,0.80,-1,-1,-1
239,123,314.36,757.08,201.74,148.82,0.84,-1,-1,-1
239,297,1378.50,448.00,70.30,64.75,0.67,-1,-1,-1
239,318,1762.76,432.07,72.58,59.12,0.72,-1,-1,-1
239,319,1816.47,474.74,80.52,81.44,0.79,-1,-1,-1
239,323,1947.42,587.69,130.80,103.13,0.18,-1,-1,-1
239,325,684.64,734.32,177.51,140.07,0.89,-1,-1,-1
239,308,773.26,397.13,111.19,105.45,0.37,-1,-1,-1
239,306,1320.62,957.37,40.88,103.45,0.50,-1,-1,-1
239,315,1785.29,565.76,36.52,63.13,0.53,-1,-1,-1
239,337,2286.63,738.04,42.35,69.92,0.37,-1,-1,-1
239,338,271.26,772.71,38.59,87.20,0.37,-1,-1,-1
239,301,1491.46,355.23,30.52,50.27,0.38,-1,-1,-1
239,339,2175.13,470.56,23.46,52.47,0.47,-1,-1,-1
239,276,1731.65,393.22,67.82,51.85,0.77,-1,-1,-1
239,296,1659.60,322.34,62.73,43.86,0.53,-1,-1,-1
239,340,442.71,650.23,36.69,75.88,0.62,-1,-1,-1
239,341,363.32,663.54,44.51,85.42,0.62,-1,-1,-1
239,342,851.04,939.17,48.58,98.21,0.48,-1,-1,-1
239,345,923.15,924.53,41.75,97.39,0.50,-1,-1,-1
239,349,1449.08,708.74,131.43,152.96,0.78,-1,-1,-1
239,350,1240.28,888.19,33.89,82.73,0.57,-1,-1,-1
239,281,2322.92,834.32,45.71,68.76,0.48,-1,-1,-1
239,352,2116.63,788.87,44.06,90.41,0.59,-1,-1,-1
239,353,1780.40,571.49,49.14,68.34,0.50,-1,-1,-1
239,354,2250.57,721.82,35.58,73.52,0.58,-1,-1,-1
239,355,2353.30,560.67,33.04,66.92,0.45,-1,-1,-1
239,356,1559.96,218.91,61.46,41.57,0.62,-1,-1,-1
239,230,1155.02,965.75,141.66,232.45,0.75,-1,-1,-1
240,123,305.87,756.62,202.07,147.86,0.85,-1,-1,-1
240,297,1370.97,440.97,72.92,67.12,0.64,-1,-1,-1
240,318,1758.56,431.95,72.14,59.06,0.78,-1,-1,-1
240,319,1814.47,476.35,78.77,79.60,0.83,-1,-1,-1
240,323,1939.70,587.61,132.93,104.90,0.47,-1,-1,-1
240,325,662.85,740.50,181.17,141.50,0.89,-1,-1,-1
240,308,769.95,396.98,110.26,104.79,0.50,-1,-1,-1
240,306,1313.92,958.68,38.97,99.01,0.52,-1,-1,-1
240,315,1778.27,563.25,35.96,62.71,0.61,-1,-1,-1
240,337,2279.97,740.62,41.06,68.77,0.42,-1,-1,-1
240,338,262.88,771.89,38.12,85.81,0.44,-1,-1,-1
240,301,1487.59,353.85,30.18,49.70,0.43,-1,-1,-1
240,339,2170.55,467.57,24.69,55.46,0.44,-1,-1,-1
240,276,1727.83,393.45,68.31,52.22,0.77,-1,-1,-1
240,296,1659.34,323.77,62.14,43.14,0.11,-1,-1,-1
240,340,434.83,647.17,37.88,78.09,0.60,-1,-1,-1
240,341,357.74,664.96,44.09,84.21,0.51,-1,-1,-1
240,342,838.34,936.72,47.18,95.92,0.47,-1,-1,-1
240,345,908.48,923.95,41.66,97.41,0.65,-1,-1,-1
240,349,1443.50,697.28,122.89,142.82,0.73,-1,-1,-1
240,350,1222.84,890.91,36.22,87.19,0.51,-1,-1,-1
240,281,2313.77,833.32,47.19,70.84,0.47,-1,-1,-1
240,352,2107.09,790.21,44.75,91.72,0.59,-1,-1,-1
240,353,1776.07,572.29,45.39,63.33,0.56,-1,-1,-1
240,354,2243.07,717.36,38.04,78.74,0.50,-1,-1,-1
240,355,2348.82,558.57,34.79,70.92,0.51,-1,-1,-1
240,230,1138.55,969.29,150.55,248.39,0.72,-1,-1,-1
240,357,2214.86,881.29,113.12,108.31,0.61,-1,-1,-1
241,123,296.19,755.47,203.49,147.73,0.85,-1,-1,-1
241,297,1366.57,435.81,71.92,66.10,0.73,-1,-1,-1
241,318,1754.10,432.09,72.25,59.19,0.79,-1,-1,-1
241,319,1809.85,477.03,78.91,79.98,0.79,-1,-1,-1
241,323,1933.34,588.21,133.79,105.84,0.68,-1,-1,-1
241,325,640.13,746.85,183.57,141.81,0.89,-1,-1,-1
241,308,766.02,396.47,111.14,106.06,0.24,-1,-1,-1
241,306,1303.54,957.77,40.82,104.11,0.57,-1,-1,-1
241,315,1772.59,560.39,33.86,59.57,0.54,-1,-1,-1
241,337,2275.67,739.84,41.85,70.32,0.48,-1,-1,-1
241,338,255.45,771.84,38.45,86.54,0.26,-1,-1,-1
241,301,1483.42,352.23,30.58,50.31,0.26,-1,-1,-1
241,339,2165.34,466.24,25.32,57.24,0.39,-1,-1,-1
241,276,1724.10,393.46,68.44,52.51,0.76,-1,-1,-1
241,296,1651.25,319.64,65.45,47.03,0.20,-1,-1,-1
241,340,430.13,646.47,37.40,77.17,0.59,-1,-1,-1
241,341,350.34,662.67,45.11,86.08,0.50,-1,-1,-1
241,342,822.44,939.01,49.84,101.56,0.54,-1,-1,-1
241,345,893.49,923.46,38.90,90.25,0.69,-1,-1,-1
241,349,1433.30,685.95,118.25,137.48,0.78,-1,-1,-1
241,350,1207.33,890.59,34.12,80.14,0.37,-1,-1,-1
241,281,2308.43,834.32,46.08,69.47,0.51,-1,-1,-1
241,352,2098.46,790.97,44.81,91.75,0.62,-1,-1,-1
241,353,1770.66,572.90,42.70,59.82,0.52,-1,-1,-1
241,354,2236.83,717.20,37.81,78.32,0.52,-1,-1,-1
241,355,2346.44,561.99,33.79,69.20,0.47,-1,-1,-1
241,230,1130.48,975.90,149.08,244.42,0.65,-1,-1,-1
241,357,2221.54,872.29,122.34,116.48,0.11,-1,-1,-1
241,356,1562.00,225.77,52.07,35.52,0.59,-1,-1,-1
242,123,287.52,754.29,206.10,149.14,0.85,-1,-1,-1
242,297,1363.95,431.89,70.03,64.21,0.72,-1,-1,-1
242,318,1751.34,432.44,71.47,58.72,0.81,-1,-1,-1
242,319,1809.20,478.12,77.93,79.47,0.78,-1,-1,-1
242,323,1929.19,588.15,135.61,107.75,0.76,-1,-1,-1
242,325,620.36,752.46,186.16,142.48,0.87,-1,-1,-1
242,308,763.45,396.78,110.20,105.18,0.37,-1,-1,-1
242,306,1296.15,957.44,42.17,108.40,0.61,-1,-1,-1
242,315,1767.51,558.61,32.41,56.94,0.55,-1,-1,-1
242,337,2269.59,744.32,40.15,67.76,0.37,-1,-1,-1
242,338,250.57,772.45,37.86,84.99,0.28,-1,-1,-1
242,301,1480.25,351.33,30.60,49.85,0.56,-1,-1,-1
242,339,2161.15,469.60,24.03,54.06,0.33,-1,-1,-1
242,276,1721.55,394.22,68.37,52.69,0.70,-1,-1,-1
242,340,426.16,649.05,36.58,75.05,0.61,-1,-1,-1
242,341,344.49,664.78,44.83,85.51,0.29,-1,-1,-1
242,342,810.64,939.11,47.80,97.51,0.54,-1,-1,-1
242,345,879.29,923.59,38.05,87.94,0.61,-1,-1,-1
242,349,1422.32,676.21,119.81,139.95,0.75,-1,-1,-1
242,350,1196.72,892.42,37.05,86.48,0.47,-1,-1,-1
242,281,2300.88,834.55,46.10,68.99,0.54,-1,-1,-1
242,352,2092.63,790.25,45.81,93.70,0.66,-1,-1,-1
242,353,1766.34,572.42,40.77,56.95,0.64,-1,-1,-1
242,354,2231.35,712.84,39.01,80.78,0.50,-1,-1,-1
242,355,2343.33,563.61,34.04,69.91,0.48,-1,-1,-1
242,230,1118.81,982.88,149.36,245.72,0.77,-1,-1,-1
242,357,2209.23,887.84,106.07,100.97,0.55,-1,-1,-1
242,356,1561.10,227.83,50.62,35.00,0.66,-1,-1,-1
243,123,283.38,754.79,208.52,150.51,0.84,-1,-1,-1
243,297,1361.12,427.89,67.50,61.76,0.72,-1,-1,-1
243,318,1750.81,433.91,70.07,58.08,0.80,-1,-1,-1
243,319,1807.40,479.57,77.06,78.89,0.81,-1,-1,-1
243,323,1925.59,587.93,136.15,108.57,0.74,-1,-1,-1
243,325,598.72,758.68,190.84,144.95,0.87,-1,-1,-1
243,308,761.54,396.75,109.80,104.73,0.20,-1,-1,-1
243,306,1289.53,956.85,42.97,111.20,0.59,-1,-1,-1
243,315,1762.36,556.13,33.07,58.42,0.56,-1,-1,-1
243,337,2265.38,741.63,41.42,70.41,0.41,-1,-1,-1
243,338,245.02,771.24,37.59,83.74,0.38,-1,-1,-1
243,301,1478.01,351.07,30.31,49.04,0.61,-1,-1,-1
243,339,2156.95,473.58,22.29,49.47,0.47,-1,-1,-1
243,276,1719.28,395.11,67.69,52.24,0.75,-1,-1,-1
243,340,422.49,650.40,36.89,75.57,0.63,-1,-1,-1
243,341,339.36,665.07,45.63,87.48,0.31,-1,-1,-1
243,342,796.46,940.66,51.51,104.62,0.49,-1,-1,-1
243,345,871.36,923.77,37.83,87.39,0.48,-1,-1,-1
243,349,1418.98,665.04,113.25,132.31,0.76,-1,-1,-1
243,350,1183.48,894.08,39.31,91.92,0.55,-1,-1,-1
243,281,2297.11,834.90,46.82,70.12,0.56,-1,-1,-1
243,352,2087.25,790.22,47.95,98.08,0.64,-1,-1,-1
243,353,1763.82,575.18,37.23,51.29,0.60,-1,-1,-1
243,354,2225.23,712.94,39.46,82.11,0.45,-1,-1,-1
243,355,2341.72,564.14,34.45,71.16,0.50,-1,-1,-1
243,230,1108.68,992.52,148.32,245.63,0.75,-1,-1,-1
243,357,2198.57,890.22,105.59,100.53,0.46,-1,-1,-1
243,356,1559.88,228.59,49.66,34.82,0.76,-1,-1,-1
243,358,1670.41,1392.76,273.58,135.89,0.73,-1,-1,-1
244,123,279.50,754.88,210.08,151.26,0.84,-1,-1,-1
244,297,1355.96,420.54,71.24,65.58,0.74,-1,-1,-1
244,318,1752.05,435.58,67.91,56.88,0.75,-1,-1,-1
244,319,1804.59,481.15,75.08,77.36,0.81,-1,-1,-1
244,323,1923.52,588.27,137.52,110.20,0.64,-1,-1,-1
244,325,578.90,765.33,191.77,144.14,0.89,-1,-1,-1
244,308,759.54,396.49,109.62,104.51,0.23,-1,-1,-1
244,306,1284.10,957.77,41.61,108.15,0.55,-1,-1,-1
244,315,1757.83,553.26,33.35,59.48,0.55,-1,-1,-1
244,337,2261.90,743.03,40.25,69.13,0.40,-1,-1,-1
244,338,241.26,770.58,38.20,84.77,0.39,-1,-1,-1
244,301,1475.26,349.41,30.06,48.65,0.28,-1,-1,-1
244,339,2153.32,475.08,22.20,49.17,0.45,-1,-1,-1
244,276,1716.90,395.40,67.23,52.00,0.78,-1,-1,-1
244,340,418.81,649.80,37.58,76.93,0.64,-1,-1,-1
244,341,335.66,665.66,46.05,88.81,0.59,-1,-1,-1
244,342,784.97,941.23,46.29,93.62,0.56,-1,-1,-1
244,345,858.14,923.97,40.15,92.71,0.62,-1,-1,-1
244,349,1415.07,654.48,108.18,126.21,0.74,-1,-1,-1
244,350,1173.61,895.09,41.72,98.97,0.52,-1,-1,-1
244,281,2293.63,835.65,46.43,69.49,0.50,-1,-1,-1
244,352,2082.03,792.99,48.73,99.40,0.54,-1,-1,-1
244,353,1757.93,569.58,38.67,53.68,0.39,-1,-1,-1
244,354,2220.56,714.01,38.51,80.42,0.49,-1,-1,-1
244,355,2340.26,563.34,35.48,73.56,0.44,-1,-1,-1
244,230,1102.46,1002.06,148.33,246.93,0.81,-1,-1,-1
244,357,2191.56,888.50,108.61,103.52,0.21,-1,-1,-1
244,356,1558.78,228.33,49.50,35.28,0.77,-1,-1,-1
244,358,1636.16,1369.82,317.75,158.89,0.75,-1,-1,-1
245,123,276.58,755.41,211.14,151.77,0.85,-1,-1,-1
245,297,1355.64,417.58,67.67,62.21,0.72,-1,-1,-1
245,318,1750.94,437.44,66.01,55.21,0.71,-1,-1,-1
245,319,1800.77,481.65,74.00,76.08,0.81,-1,-1,-1
245,323,1921.97,589.13,136.45,110.01,0.59,-1,-1,-1
245,325,560.10,773.65,192.97,143.28,0.91,-1,-1,-1
245,308,756.24,397.65,109.30,104.10,0.10,-1,-1,-1
245,306,1281.75,958.34,38.07,98.25,0.48,-1,-1,-1
245,315,1755.90,551.03,32.87,59.52,0.54,-1,-1,-1
245,337,2260.92,742.10,41.37,70.94,0.45,-1,-1,-1
245,338,238.75,769.44,39.03,86.51,0.39,-1,-1,-1
245,301,1473.10,348.47,29.85,48.06,0.44,-1,-1,-1
245,339,2149.81,475.28,22.32,49.54,0.17,-1,-1,-1
245,276,1715.15,395.37,68.37,53.03,0.77,-1,-1,-1
245,340,415.76,648.35,38.25,78.35,0.64,-1,-1,-1
245,341,332.40,667.79,45.69,88.35,0.69,-1,-1,-1
245,342,770.56,941.03,49.23,100.90,0.55,-1,-1,-1
245,345,850.49,926.27,37.97,86.02,0.56,-1,-1,-1
245,349,1410.34,644.24,104.99,122.47,0.85,-1,-1,-1
245,350,1166.03,895.00,36.32,85.88,0.58,-1,-1,-1
245,281,2290.40,836.17,46.71,69.85,0.53,-1,-1,-1
245,352,2077.45,797.10,48.11,98.06,0.70,-1,-1,-1
245,353,1752.88,561.88,40.59,57.01,0.45,-1,-1,-1
245,354,2218.13,713.55,38.08,79.89,0.55,-1,-1,-1
245,355,2339.48,564.14,36.02,75.25,0.34,-1,-1,-1
245,230,1095.51,1009.96,149.94,251.58,0.83,-1,-1,-1
245,357,2191.99,893.91,101.29,96.62,0.36,-1,-1,-1
245,356,1557.45,226.42,51.04,37.08,0.74,-1,-1,-1
245,358,1596.12,1339.66,375.21,189.95,0.62,-1,-1,-1
246,123,275.02,755.04,211.68,151.75,0.86,-1,-1,-1
246,297,1354.72,413.44,67.54,62.30,0.72,-1,-1,-1
246,318,1748.94,437.77,66.30,55.04,0.76,-1,-1,-1
246,319,1797.04,480.19,75.64,77.41,0.82,-1,-1,-1
246,323,1921.18,589.69,134.10,108.62,0.60,-1,-1,-1
246,325,539.67,781.69,197.87,145.14,0.91,-1,-1,-1
246,308,755.07,398.16,109.11,103.82,0.18,-1,-1,-1
246,306,1278.45,958.92,37.59,96.33,0.48,-1,-1,-1
246,315,1754.40,548.83,32.65,60.03,0.51,-1,-1,-1
246,337,2259.68,742.60,40.70,70.06,0.40,-1,-1,-1
246,338,237.49,769.76,38.75,85.65,0.41,-1,-1,-1
246,301,1471.58,347.53,29.75,47.66,0.53,-1,-1,-1
246,339,2149.05,475.80,22.89,49.86,0.24,-1,-1,-1
246,276,1714.06,395.51,68.91,53.53,0.78,-1,-1,-1
246,340,414.21,648.40,38.29,78.52,0.61,-1,-1,-1
246,341,330.46,668.99,45.58,88.25,0.68,-1,-1,-1
246,342,762.83,941.67,47.66,98.43,0.45,-1,-1,-1
246,345,843.22,928.50,38.33,86.52,0.53,-1,-1,-1
246,349,1406.69,633.00,104.30,121.87,0.76,-1,-1,-1
246,350,1157.35,896.43,37.05,87.81,0.46,-1,-1,-1
246,281,2288.61,836.04,46.71,70.09,0.55,-1,-1,-1
246,352,2075.54,797.73,48.09,98.12,0.73,-1,-1,-1
246,353,1749.75,559.12,40.66,57.49,0.43,-1,-1,-1
246,354,2217.92,716.32,37.34,78.55,0.57,-1,-1,-1
246,355,2341.14,570.77,33.64,70.43,0.38,-1,-1,-1
246,230,1092.26,1019.23,150.55,254.33,0.83,-1,-1,-1
246,357,2188.87,892.31,102.42,97.98,0.44,-1,-1,-1
246,356,1557.63,226.69,50.25,37.14,0.76,-1,-1,-1
246,358,1555.11,1304.72,436.21,224.94,0.57,-1,-1,-1
246,360,2344.53,852.67,42.54,63.72,0.62,-1,-1,-1
247,123,275.34,755.46,209.38,149.50,0.84,-1,-1,-1
247,297,1349.11,402.74,73.41,68.42,0.62,-1,-1,-1
247,318,1747.09,437.55,67.28,55.51,0.78,-1,-1,-1
247,319,1794.61,478.52,77.92,79.55,0.81,-1,-1,-1
247,323,1920.39,590.34,132.21,107.06,0.67,-1,-1,-1
247,325,519.98,788.70,204.93,149.21,0.87,-1,-1,-1
247,308,754.87,398.75,108.68,103.53,0.10,-1,-1,-1
247,306,1272.83,959.20,40.81,104.91,0.61,-1,-1,-1
247,315,1750.94,546.84,32.67,60.85,0.54,-1,-1,-1
247,337,2257.83,742.40,40.50,70.14,0.45,-1,-1,-1
247,338,236.83,770.53,38.58,86.09,0.30,-1,-1,-1
247,301,1470.53,346.71,29.33,46.83,0.49,-1,-1,-1
247,339,2146.96,476.65,23.01,49.64,0.38,-1,-1,-1
247,276,1713.45,395.67,68.76,53.48,0.80,-1,-1,-1
247,340,413.02,648.40,38.46,78.91,0.51,-1,-1,-1
247,341,328.70,670.72,45.45,87.89,0.60,-1,-1,-1
247,342,755.70,940.14,44.72,92.30,0.36,-1,-1,-1
247,345,836.59,928.92,37.93,85.81,0.37,-1,-1,-1
247,349,1403.76,623.68,100.81,118.43,0.83,-1,-1,-1
247,350,1149.45,897.74,34.86,82.05,0.52,-1,-1,-1
247,281,2288.25,837.91,45.78,68.76,0.55,-1,-1,-1
247,352,2074.42,797.93,48.30,98.56,0.72,-1,-1,-1
247,353,1747.24,554.62,41.00,58.44,0.39,-1,-1,-1
247,354,2217.20,715.31,37.33,78.81,0.57,-1,-1,-1
247,355,2343.22,574.38,32.46,68.10,0.43,-1,-1,-1
247,230,1089.88,1030.76,148.73,252.32,0.83,-1,-1,-1
247,357,2184.18,893.04,104.87,100.40,0.31,-1,-1,-1
247,356,1557.66,227.68,48.69,36.57,0.77,-1,-1,-1
247,358,1531.15,1279.91,467.10,246.48,0.59,-1,-1,-1
247,360,2343.33,852.85,43.01,64.47,0.64,-1,-1,-1
248,123,274.69,755.98,209.61,149.23,0.85,-1,-1,-1
248,297,1348.67,400.88,69.96,65.14,0.75,-1,-1,-1
248,318,1745.85,437.15,68.37,56.18,0.78,-1,-1,-1
248,319,1793.91,478.92,78.20,79.47,0.80,-1,-1,-1
248,323,1919.61,590.97,131.01,106.20,0.66,-1,-1,-1
248,325,500.32,795.32,211.03,151.59,0.92,-1,-1,-1
248,308,755.21,399.09,107.67,102.57,0.18,-1,-1,-1
248,306,1268.10,960.13,42.93,109.94,0.65,-1,-1,-1
248,315,1748.70,545.37,31.04,58.04,0.59,-1,-1,-1
248,337,2257.33,744.17,39.77,68.94,0.42,-1,-1,-1
248,338,235.72,770.02,37.70,84.27,0.49,-1,-1,-1
248,301,1470.28,345.75,28.71,45.72,0.15,-1,-1,-1
248,339,2145.41,475.49,24.08,51.66,0.43,-1,-1,-1
248,276,1713.52,396.02,68.63,53.41,0.80,-1,-1,-1
248,340,412.28,648.16,38.58,79.38,0.51,-1,-1,-1
248,341,328.90,671.97,44.85,86.72,0.56,-1,-1,-1
248,342,746.27,943.23,48.51,100.09,0.51,-1,-1,-1
248,345,831.59,929.51,39.52,87.66,0.47,-1,-1,-1
248,349,1401.08,614.29,97.99,115.20,0.79,-1,-1,-1
248,350,1141.83,899.76,33.65,77.80,0.14,-1,-1,-1
248,281,2286.33,837.02,46.99,70.22,0.52,-1,-1,-1
248,352,2073.53,798.35,48.46,98.82,0.67,-1,-1,-1
248,353,1746.05,553.23,39.41,56.43,0.43,-1,-1,-1
248,354,2216.75,715.38,36.39,76.97,0.57,-1,-1,-1
248,355,2345.25,576.07,32.53,68.50,0.39,-1,-1,-1
248,230,1087.18,1041.29,150.75,257.31,0.81,-1,-1,-1
248,357,2181.97,891.23,105.97,101.42,0.20,-1,-1,-1
248,356,1557.81,228.71,47.22,36.01,0.75,-1,-1,-1
248,358,1501.80,1253.87,501.22,272.55,0.69,-1,-1,-1
248,360,2343.66,853.35,43.09,64.55,0.63,-1,-1,-1
249,123,275.26,757.51,209.90,149.12,0.85,-1,-1,-1
249,297,1347.27,397.29,68.69,63.78,0.65,-1,-1,-1
249,318,1745.18,437.10,68.65,56.13,0.79,-1,-1,-1
249,319,1791.91,477.66,80.29,81.15,0.78,-1,-1,-1
249,323,1919.49,591.54,130.64,105.78,0.64,-1,-1,-1
249,325,479.30,803.58,216.55,154.08,0.91,-1,-1,-1
249,308,756.27,401.26,105.50,100.18,0.15,-1,-1,-1
249,306,1265.75,959.71,41.53,105.61,0.52,-1,-1,-1
249,315,1746.32,542.68,30.05,56.28,0.54,-1,-1,-1
249,337,2257.27,744.79,39.38,68.49,0.41,-1,-1,-1
249,338,235.08,769.98,37.67,84.12,0.53,-1,-1,-1
249,301,1469.66,344.06,27.98,44.94,0.43,-1,-1,-1
249,339,2144.07,474.04,24.99,53.55,0.37,-1,-1,-1
249,276,1713.16,395.59,68.60,53.52,0.81,-1,-1,-1
249,340,412.45,646.76,37.63,78.15,0.30,-1,-1,-1
249,341,328.77,672.16,45.19,87.33,0.59,-1,-1,-1
249,342,732.57,940.82,43.11,88.05,0.11,-1,-1,-1
249,345,824.08,928.63,38.43,85.46,0.54,-1,-1,-1
249,349,1397.36,604.65,98.61,116.25,0.69,-1,-1,-1
249,350,1128.48,900.78,39.96,92.73,0.57,-1,-1,-1
249,281,2286.85,836.91,46.53,70.04,0.54,-1,-1,-1
249,352,2072.38,797.77,48.73,99.47,0.63,-1,-1,-1
249,353,1745.30,553.93,37.33,53.45,0.37,-1,-1,-1
249,354,2216.97,713.67,36.49,77.40,0.51,-1,-1,-1
249,355,2348.89,574.98,32.20,67.90,0.49,-1,-1,-1
249,230,1085.41,1049.42,152.40,261.54,0.85,-1,-1,-1
249,357,2183.87,894.24,102.38,97.90,0.48,-1,-1,-1
249,356,1558.01,229.08,46.21,35.76,0.75,-1,-1,-1
249,358,1502.66,1227.29,481.34,269.88,0.64,-1,-1,-1
249,360,2343.65,853.50,43.51,65.14,0.65,-1,-1,-1
249,361,844.90,963.82,54.51,104.07,0.51,-1,-1,-1
250,123,275.34,757.64,210.72,149.34,0.86,-1,-1,-1
250,297,1346.22,393.17,69.24,63.89,0.67,-1,-1,-1
250,318,1745.14,437.94,68.59,55.76,0.77,-1,-1,-1
250,319,1791.42,478.10,80.74,81.25,0.77,-1,-1,-1
250,323,1918.32,591.32,131.18,106.21,0.66,-1,-1,-1
250,325,456.03,811.64,219.39,155.11,0.89,-1,-1,-1
250,308,756.38,401.44,104.99,99.46,0.19,-1,-1,-1
250,306,1262.00,960.48,41.53,104.96,0.51,-1,-1,-1
250,315,1744.63,540.91,30.33,56.83,0.58,-1,-1,-1
250,337,2257.10,746.07,38.95,68.30,0.40,-1,-1,-1
250,338,236.24,770.45,37.80,83.88,0.35,-1,-1,-1
250,301,1468.97,342.86,27.83,44.93,0.32,-1,-1,-1
250,339,2142.38,474.60,24.77,53.02,0.42,-1,-1,-1
250,276,1712.58,395.49,69.34,54.37,0.80,-1,-1,-1
250,340,412.77,648.35,37.79,78.46,0.33,-1,-1,-1
250,341,329.10,673.14,45.28,87.20,0.63,-1,-1,-1
250,342,714.49,942.63,40.95,79.79,0.14,-1,-1,-1
250,345,814.31,930.03,44.80,100.06,0.52,-1,-1,-1
250,349,1397.31,595.38,94.47,110.83,0.76,-1,-1,-1
250,350,1119.50,902.45,42.43,100.05,0.50,-1,-1,-1
250,281,2286.46,837.16,46.38,69.98,0.52,-1,-1,-1
250,352,2071.69,798.76,48.15,98.65,0.67,-1,-1,-1
250,353,1741.36,546.55,39.92,58.14,0.34,-1,-1,-1
250,354,2217.23,713.38,36.73,78.01,0.52,-1,-1,-1
250,355,2350.70,576.00,32.47,68.69,0.46,-1,-1,-1
250,230,1083.01,1058.23,154.24,266.36,0.85,-1,-1,-1
250,357,2183.14,894.45,106.83,101.91,0.39,-1,-1,-1
250,356,1557.86,228.64,46.62,36.69,0.74,-1,-1,-1
250,358,1508.57,1203.32,442.61,256.18,0.71,-1,-1,-1
250,360,2343.61,853.72,43.32,64.83,0.68,-1,-1,-1
250,361,840.59,966.07,51.88,99.45,0.62,-1,-1,-1
251,123,275.49,758.48,210.38,148.76,0.88,-1,-1,-1
251,297,1345.96,389.49,69.53,64.09,0.71,-1,-1,-1
251,318,1744.70,438.27,68.90,55.76,0.75,-1,-1,-1
251,319,1790.98,478.22,81.66,81.88,0.78,-1,-1,-1
251,323,1917.43,591.70,131.19,106.35,0.69,-1,-1,-1
251,325,432.56,818.99,224.64,157.71,0.84,-1,-1,-1
251,308,755.95,400.48,107.20,101.71,0.32,-1,-1,-1
251,306,1256.12,961.71,40.48,101.23,0.51,-1,-1,-1
251,315,1743.05,539.25,30.04,56.29,0.54,-1,-1,-1
251,337,2256.88,744.53,39.41,69.65,0.33,-1,-1,-1
251,338,236.24,771.93,38.36,85.77,0.43,-1,-1,-1
251,301,1468.70,341.77,27.53,44.59,0.26,-1,-1,-1
251,339,2140.33,474.99,24.56,52.72,0.46,-1,-1,-1
251,276,1712.10,395.68,69.52,54.91,0.81,-1,-1,-1
251,340,412.78,649.28,37.95,78.79,0.47,-1,-1,-1
251,341,329.71,673.37,45.76,88.23,0.66,-1,-1,-1
251,342,703.90,942.05,44.62,83.03,0.21,-1,-1,-1
251,345,806.41,933.38,44.72,100.19,0.52,-1,-1,-1
251,349,1395.35,586.63,92.28,108.34,0.75,-1,-1,-1
251,350,1111.59,901.43,44.27,105.62,0.52,-1,-1,-1
251,281,2287.44,839.52,45.45,68.43,0.58,-1,-1,-1
251,352,2070.76,797.54,49.47,101.77,0.64,-1,-1,-1
251,353,1739.20,541.78,39.81,58.95,0.33,-1,-1,-1
251,354,2217.78,713.58,36.76,78.30,0.59,-1,-1,-1
251,355,2352.30,576.14,32.92,69.45,0.41,-1,-1,-1
251,230,1081.43,1067.53,156.17,270.82,0.79,-1,-1,-1
251,357,2183.02,894.58,104.67,99.48,0.38,-1,-1,-1
251,356,1558.28,229.20,45.72,36.46,0.75,-1,-1,-1
251,358,1505.44,1180.14,425.12,254.83,0.52,-1,-1,-1
251,360,2343.30,854.00,43.29,64.82,0.66,-1,-1,-1
251,361,834.78,968.71,52.61,101.09,0.50,-1,-1,-1
252,123,276.94,759.92,208.62,146.99,0.89,-1,-1,-1
252,297,1344.49,382.59,71.45,66.27,0.71,-1,-1,-1
252,318,1744.52,438.55,69.04,55.69,0.76,-1,-1,-1
252,319,1790.94,477.86,82.65,82.64,0.75,-1,-1,-1
252,323,1917.85,591.50,131.24,106.54,0.74,-1,-1,-1
252,325,410.92,825.84,230.73,161.17,0.90,-1,-1,-1
252,308,755.57,400.72,106.54,100.96,0.15,-1,-1,-1
252,306,1252.69,960.67,36.71,90.01,0.53,-1,-1,-1
252,315,1742.11,536.72,30.19,56.92,0.48,-1,-1,-1
252,337,2255.93,745.11,39.49,70.01,0.40,-1,-1,-1
252,338,236.19,772.35,38.23,85.91,0.43,-1,-1,-1
252,301,1467.08,339.78,28.77,46.33,0.39,-1,-1,-1
252,339,2139.27,475.29,24.74,53.00,0.44,-1,-1,-1
252,276,1711.85,395.47,69.85,55.57,0.82,-1,-1,-1
252,340,412.65,650.45,37.69,78.36,0.37,-1,-1,-1
252,341,331.80,676.13,44.45,85.88,0.72,-1,-1,-1
252,345,802.41,934.99,41.72,92.65,0.42,-1,-1,-1
252,349,1391.06,578.14,93.59,110.10,0.67,-1,-1,-1
252,350,1104.76,903.22,44.77,108.15,0.52,-1,-1,-1
252,281,2286.86,839.67,46.03,69.35,0.54,-1,-1,-1
252,352,2070.24,801.55,48.07,99.21,0.69,-1,-1,-1
252,353,1738.20,540.51,38.22,57.39,0.35,-1,-1,-1
252,354,2218.28,711.69,37.67,80.54,0.62,-1,-1,-1
252,355,2355.20,580.95,32.20,67.01,0.46,-1,-1,-1
252,230,1079.71,1078.08,157.23,274.17,0.82,-1,-1,-1
252,357,2183.57,895.92,102.81,97.64,0.57,-1,-1,-1
252,356,1558.56,229.16,45.19,36.47,0.74,-1,-1,-1
252,358,1505.02,1155.16,402.71,250.38,0.69,-1,-1,-1
252,360,2343.02,854.53,43.16,64.59,0.66,-1,-1,-1
252,361,827.04,967.53,55.00,105.57,0.47,-1,-1,-1
253,123,277.22,760.42,209.43,147.19,0.88,-1,-1,-1
253,297,1344.57,379.84,69.67,64.95,0.74,-1,-1,-1
253,318,1744.39,438.86,69.28,55.75,0.74,-1,-1,-1
253,319,1791.78,478.21,83.15,83.21,0.74,-1,-1,-1
253,323,1918.09,592.10,131.03,106.40,0.67,-1,-1,-1
253,325,387.90,833.54,239.22,166.65,0.88,-1,-1,-1
253,308,756.79,401.60,104.34,98.55,0.13,-1,-1,-1
253,306,1248.13,959.85,38.79,93.61,0.47,-1,-1,-1
253,315,1741.03,534.37,29.83,56.56,0.43,-1,-1,-1
253,337,2256.28,746.92,38.69,68.80,0.40,-1,-1,-1
253,338,237.23,774.78,36.91,83.72,0.34,-1,-1,-1
253,301,1466.53,338.53,29.02,46.46,0.35,-1,-1,-1
253,339,2137.89,474.57,24.87,53.26,0.48,-1,-1,-1
253,276,1711.83,395.59,69.84,55.91,0.80,-1,-1,-1
253,340,412.27,649.39,38.38,80.50,0.24,-1,-1,-1
253,341,333.91,677.21,43.84,85.16,0.68,-1,-1,-1
253,345,790.82,934.36,45.24,100.64,0.53,-1,-1,-1
253,349,1391.07,569.56,88.53,104.15,0.76,-1,-1,-1
253,350,1099.39,906.27,44.43,106.16,0.45,-1,-1,-1
253,281,2287.04,838.43,45.94,69.96,0.54,-1,-1,-1
253,352,2070.94,807.23,45.17,93.79,0.69,-1,-1,-1
253,353,1736.21,537.31,38.67,58.69,0.21,-1,-1,-1
253,354,2219.46,714.54,36.06,77.11,0.63,-1,-1,-1
253,355,2357.83,584.96,31.52,65.45,0.50,-1,-1,-1
253,230,1076.72,1086.59,160.80,282.90,0.79,-1,-1,-1
253,357,2181.00,892.81,108.06,102.49,0.50,-1,-1,-1
253,356,1558.69,229.26,44.51,36.27,0.75,-1,-1,-1
253,358,1512.28,1132.92,367.12,236.67,0.71,-1,-1,-1
253,360,2342.20,854.57,43.34,64.95,0.63,-1,-1,-1
253,361,819.95,967.63,52.54,101.08,0.46,-1,-1,-1
254,123,277.77,760.36,208.83,146.21,0.87,-1,-1,-1
254,297,1342.59,374.36,69.64,65.14,0.70,-1,-1,-1
254,318,1743.93,438.65,69.81,56.18,0.75,-1,-1,-1
254,319,1791.96,478.53,83.40,83.57,0.74,-1,-1,-1
254,323,1917.60,591.17,131.56,107.08,0.76,-1,-1,-1
254,325,364.50,843.74,240.13,165.50,0.87,-1,-1,-1
254,308,755.83,401.27,105.97,99.97,0.13,-1,-1,-1
254,306,1238.49,959.81,37.63,89.19,0.28,-1,-1,-1
254,315,1739.25,531.61,28.20,53.53,0.48,-1,-1,-1
254,337,2256.41,746.48,39.01,69.53,0.40,-1,-1,-1
254,338,236.86,774.43,37.43,85.08,0.45,-1,-1,-1
254,301,1466.50,338.96,28.42,44.92,0.29,-1,-1,-1
254,339,2136.93,474.44,23.96,51.51,0.44,-1,-1,-1
254,276,1712.24,395.83,69.12,55.59,0.81,-1,-1,-1
254,340,412.31,649.32,38.11,80.64,0.34,-1,-1,-1
254,341,335.58,677.47,43.68,85.26,0.66,-1,-1,-1
254,345,782.06,937.18,45.72,101.78,0.59,-1,-1,-1
254,349,1389.39,561.17,87.12,102.40,0.76,-1,-1,-1
254,350,1091.35,904.94,45.75,107.74,0.42,-1,-1,-1
254,281,2286.60,839.81,45.49,69.01,0.58,-1,-1,-1
254,352,2069.84,808.08,44.38,92.53,0.67,-1,-1,-1
254,353,1734.62,537.35,36.63,56.08,0.34,-1,-1,-1
254,354,2220.42,712.96,36.20,77.64,0.58,-1,-1,-1
254,355,2361.25,584.61,31.23,64.84,0.58,-1,-1,-1
254,230,1075.34,1096.73,161.58,286.35,0.77,-1,-1,-1
254,357,2178.14,887.12,113.02,107.99,0.48,-1,-1,-1
254,356,1558.51,228.90,44.64,36.73,0.75,-1,-1,-1
254,358,1513.61,1112.00,343.03,228.86,0.71,-1,-1,-1
254,360,2342.09,854.88,42.74,63.91,0.66,-1,-1,-1
254,361,809.87,966.95,52.19,101.17,0.34,-1,-1,-1
255,123,276.31,759.15,212.76,148.74,0.86,-1,-1,-1
255,297,1343.74,373.08,66.91,62.70,0.65,-1,-1,-1
255,318,1743.92,439.19,69.29,55.63,0.73,-1,-1,-1
255,319,1791.87,478.89,83.25,83.51,0.75,-1,-1,-1
255,323,1917.93,591.48,131.15,106.96,0.76,-1,-1,-1
255,325,338.89,850.29,248.80,170.43,0.92,-1,-1,-1
255,308,755.60,400.86,108.03,101.89,0.31,-1,-1,-1
255,306,1233.71,963.82,43.43,104.19,0.42,-1,-1,-1
255,315,1738.20,529.84,27.38,52.05,0.51,-1,-1,-1
255,337,2257.54,745.75,39.37,70.21,0.53,-1,-1,-1
255,338,236.68,773.87,37.26,84.43,0.49,-1,-1,-1
255,301,1465.94,337.70,28.35,44.37,0.39,-1,-1,-1
255,339,2134.41,474.59,24.14,52.29,0.47,-1,-1,-1
255,276,1712.30,395.72,68.98,55.74,0.82,-1,-1,-1
255,340,412.11,648.10,38.43,81.95,0.32,-1,-1,-1
255,341,336.31,677.28,43.97,86.36,0.65,-1,-1,-1
255,345,777.17,936.32,46.29,101.99,0.49,-1,-1,-1
255,349,1388.37,552.40,86.09,101.24,0.77,-1,-1,-1
255,350,1083.42,904.96,45.84,106.66,0.42,-1,-1,-1
255,281,2285.58,839.16,45.89,69.97,0.56,-1,-1,-1
255,352,2068.65,811.54,41.99,87.77,0.69,-1,-1,-1
255,353,1733.30,534.95,35.85,55.27,0.23,-1,-1,-1
255,354,2221.82,714.73,34.93,75.05,0.49,-1,-1,-1
255,355,2363.64,587.81,30.19,62.92,0.62,-1,-1,-1
255,230,1073.95,1106.79,162.19,288.98,0.78,-1,-1,-1
255,357,2178.46,888.02,111.40,106.69,0.48,-1,-1,-1
255,356,1558.55,229.11,44.16,36.64,0.75,-1,-1,-1
255,358,1510.78,1087.69,326.24,225.41,0.63,-1,-1,-1
255,360,2341.88,854.85,42.11,62.99,0.61,-1,-1,-1
255,361,803.65,967.73,50.80,99.49,0.50,-1,-1,-1
256,123,275.46,758.63,214.32,149.68,0.87,-1,-1,-1
256,297,1343.97,372.07,64.31,59.78,0.66,-1,-1,-1
256,318,1743.86,439.39,69.31,55.62,0.74,-1,-1,-1
256,319,1791.61,478.99,83.00,83.21,0.75,-1,-1,-1
256,323,1918.00,591.61,130.59,106.61,0.77,-1,-1,-1
256,325,313.74,858.83,251.17,170.84,0.90,-1,-1,-1
256,308,754.68,400.15,108.91,102.82,0.21,-1,-1,-1
256,306,1229.17,963.40,44.08,105.64,0.45,-1,-1,-1
256,315,1735.80,527.52,25.97,48.44,0.51,-1,-1,-1
256,337,2257.65,744.86,39.89,71.27,0.51,-1,-1,-1
256,338,236.80,774.41,37.13,84.76,0.42,-1,-1,-1
256,301,1465.46,336.28,28.15,43.60,0.14,-1,-1,-1
256,339,2132.99,474.08,23.77,51.92,0.44,-1,-1,-1
256,276,1712.23,395.78,68.43,55.54,0.81,-1,-1,-1
256,340,412.67,649.46,37.49,79.68,0.32,-1,-1,-1
256,341,336.92,677.18,44.41,87.61,0.50,-1,-1,-1
256,345,772.13,937.86,44.09,95.43,0.44,-1,-1,-1
256,349,1385.63,544.10,83.91,98.68,0.79,-1,-1,-1
256,350,1074.85,907.97,43.36,101.86,0.55,-1,-1,-1
256,281,2286.18,840.12,44.82,67.98,0.57,-1,-1,-1
256,352,2067.06,812.46,41.61,87.45,0.67,-1,-1,-1
256,353,1731.50,532.57,34.61,53.61,0.13,-1,-1,-1
256,354,2224.01,721.81,31.31,66.71,0.45,-1,-1,-1
256,355,2366.28,587.91,30.77,64.23,0.54,-1,-1,-1
256,230,1072.02,1117.22,162.84,291.98,0.72,-1,-1,-1
256,357,2176.53,887.06,113.56,109.27,0.47,-1,-1,-1
256,356,1558.53,228.58,44.31,37.06,0.74,-1,-1,-1
256,358,1514.10,1067.68,299.94,214.13,0.70,-1,-1,-1
256,360,2341.56,854.58,42.19,63.24,0.63,-1,-1,-1
256,361,792.42,967.85,53.65,105.50,0.52,-1,-1,-1
256,362,2043.56,683.79,115.10,142.96,0.64,-1,-1,-1
257,123,275.78,758.03,215.04,150.04,0.87,-1,-1,-1
257,297,1343.30,367.42,63.62,58.82,0.68,-1,-1,-1
257,318,1743.70,439.36,69.38,55.56,0.73,-1,-1,-1
257,319,1795.28,480.37,80.70,81.25,0.75,-1,-1,-1
257,323,1918.26,591.81,130.82,106.83,0.74,-1,-1,-1
257,325,286.37,867.39,254.72,172.29,0.86,-1,-1,-1
257,308,754.08,400.42,109.31,103.25,0.14,-1,-1,-1
257,306,1221.96,961.39,44.53,105.58,0.45,-1,-1,-1
257,315,1732.50,524.95,27.64,51.28,0.52,-1,-1,-1
257,337,2257.91,744.36,40.10,71.61,0.53,-1,-1,-1
257,338,235.64,774.01,37.63,86.10,0.56,-1,-1,-1
257,301,1464.92,334.32,27.99,43.65,0.34,-1,-1,-1
257,339,2132.19,473.76,23.69,52.14,0.42,-1,-1,-1
257,276,1712.29,395.95,68.11,55.45,0.80,-1,-1,-1
257,340,413.20,649.99,37.29,79.09,0.46,-1,-1,-1
257,341,336.88,676.06,45.55,90.44,0.42,-1,-1,-1
257,345,763.82,937.68,40.03,85.94,0.48,-1,-1,-1
257,349,1382.84,535.76,84.36,99.53,0.73,-1,-1,-1
257,350,1065.59,907.35,43.17,102.08,0.47,-1,-1,-1
257,281,2287.08,840.51,44.33,67.08,0.55,-1,-1,-1
257,352,2065.67,813.10,41.23,87.00,0.66,-1,-1,-1
257,353,1729.49,531.84,34.00,52.69,0.28,-1,-1,-1
257,354,2226.46,718.83,32.68,69.41,0.37,-1,-1,-1
257,355,2368.89,590.65,29.88,61.98,0.56,-1,-1,-1
257,230,1069.31,1127.94,162.83,293.31,0.62,-1,-1,-1
257,357,2176.68,891.32,110.94,106.37,0.46,-1,-1,-1
257,356,1558.78,228.67,43.86,36.96,0.75,-1,-1,-1
257,358,1519.29,1048.31,273.78,200.93,0.37,-1,-1,-1
257,360,2341.32,854.51,42.18,63.34,0.66,-1,-1,-1
257,361,785.72,968.02,54.13,107.01,0.60,-1,-1,-1
257,362,2043.90,684.20,114.09,141.76,0.61,-1,-1,-1
258,123,276.27,756.87,213.97,149.05,0.84,-1,-1,-1
258,297,1340.61,362.81,66.36,61.16,0.61,-1,-1,-1
258,318,1743.99,439.20,69.62,55.61,0.73,-1,-1,-1
258,319,1795.50,480.59,80.17,80.74,0.76,-1,-1,-1
258,323,1918.62,592.33,130.16,106.27,0.75,-1,-1,-1
258,325,262.35,877.74,259.39,173.49,0.90,-1,-1,-1
258,308,753.62,400.10,109.81,103.90,0.14,-1,-1,-1
258,306,1214.28,958.26,44.32,103.86,0.49,-1,-1,-1
258,315,1731.00,522.61,26.82,49.09,0.51,-1,-1,-1
258,337,2257.86,745.19,39.21,70.16,0.44,-1,-1,-1
258,338,235.01,773.42,38.42,88.06,0.54,-1,-1,-1
258,301,1464.29,333.15,27.75,43.30,0.31,-1,-1,-1
258,339,2131.37,473.50,23.46,52.01,0.40,-1,-1,-1
258,276,1712.48,395.99,67.66,55.27,0.80,-1,-1,-1
258,340,412.84,649.79,37.72,79.86,0.43,-1,-1,-1
258,341,336.94,677.09,45.41,90.61,0.41,-1,-1,-1
258,345,753.71,938.75,43.05,91.71,0.39,-1,-1,-1
258,349,1381.52,528.18,82.10,96.80,0.76,-1,-1,-1
258,350,1057.06,908.37,43.27,102.97,0.55,-1,-1,-1
258,281,2286.36,840.48,44.67,67.13,0.56,-1,-1,-1
258,352,2064.41,813.41,42.34,89.95,0.67,-1,-1,-1
258,353,1728.38,531.76,32.11,49.66,0.25,-1,-1,-1
258,354,2227.49,720.47,31.95,67.61,0.41,-1,-1,-1
258,355,2372.01,590.34,30.47,62.60,0.53,-1,-1,-1
258,230,1065.02,1137.44,166.72,302.67,0.37,-1,-1,-1
258,357,2178.05,890.93,109.57,104.99,0.51,-1,-1,-1
258,356,1558.94,228.52,43.77,37.15,0.74,-1,-1,-1
258,358,1513.12,1020.91,269.01,204.05,0.70,-1,-1,-1
258,360,2341.69,854.26,41.97,62.84,0.63,-1,-1,-1
258,361,780.53,970.47,54.11,106.12,0.57,-1,-1,-1
258,362,2043.69,685.09,114.09,141.85,0.62,-1,-1,-1
258,363,685.49,892.93,67.88,113.38,0.65,-1,-1,-1
259,123,277.03,755.18,214.59,149.42,0.83,-1,-1,-1
259,297,1336.35,357.15,70.42,64.43,0.59,-1,-1,-1
259,318,1743.38,438.35,70.58,56.30,0.74,-1,-1,-1
259,319,1797.32,481.63,78.82,79.59,0.76,-1,-1,-1
259,323,1918.76,592.27,129.75,105.96,0.76,-1,-1,-1
259,325,231.79,884.59,266.45,177.23,0.88,-1,-1,-1
259,308,754.26,400.70,109.01,103.20,0.15,-1,-1,-1
259,306,1208.83,955.99,42.69,100.57,0.39,-1,-1,-1
259,315,1728.35,519.86,28.74,52.60,0.55,-1,-1,-1
259,337,2257.16,744.59,39.53,70.72,0.48,-1,-1,-1
259,338,234.90,774.98,38.07,87.46,0.49,-1,-1,-1
259,301,1463.66,331.58,28.27,43.84,0.39,-1,-1,-1
259,339,2130.53,473.32,23.56,52.54,0.37,-1,-1,-1
259,276,1712.76,395.95,66.91,54.78,0.80,-1,-1,-1
259,340,412.91,649.90,37.68,79.76,0.49,-1,-1,-1
259,341,338.57,679.20,44.91,90.06,0.42,-1,-1,-1
259,345,744.31,939.60,49.89,107.19,0.28,-1,-1,-1
259,349,1379.24,519.55,83.26,98.77,0.79,-1,-1,-1
259,350,1050.95,909.41,45.05,106.23,0.59,-1,-1,-1
259,281,2286.03,840.21,44.96,67.02,0.55,-1,-1,-1
259,352,2063.16,813.72,42.88,91.81,0.65,-1,-1,-1
259,353,1726.81,530.98,30.95,47.79,0.27,-1,-1,-1
259,354,2228.09,722.04,31.07,65.38,0.40,-1,-1,-1
259,355,2375.14,592.10,29.51,59.93,0.58,-1,-1,-1
259,230,1063.57,1150.98,166.13,302.78,0.59,-1,-1,-1
259,357,2177.44,889.41,112.09,107.95,0.48,-1,-1,-1
259,356,1559.24,228.72,43.23,36.96,0.75,-1,-1,-1
259,358,1516.33,1006.73,247.38,192.97,0.60,-1,-1,-1
259,360,2341.27,853.66,42.01,62.75,0.62,-1,-1,-1
259,361,771.97,969.53,58.00,111.67,0.55,-1,-1,-1
259,362,2044.31,685.57,114.07,141.90,0.66,-1,-1,-1
259,363,687.66,892.64,62.15,103.09,0.57,-1,-1,-1
260,123,279.32,754.38,212.48,147.39,0.85,-1,-1,-1
260,297,1331.22,353.70,72.46,65.39,0.59,-1,-1,-1
260,318,1743.54,438.61,70.10,55.87,0.75,-1,-1,-1
260,319,1797.16,481.29,78.96,79.79,0.74,-1,-1,-1
260,323,1919.09,592.89,129.21,105.48,0.75,-1,-1,-1
260,325,197.49,891.24,275.68,181.96,0.84,-1,-1,-1
260,308,754.35,400.82,108.83,103.01,0.17,-1,-1,-1
260,306,1202.32,954.36,38.69,90.98,0.50,-1,-1,-1
260,315,1726.65,515.77,28.05,51.89,0.44,-1,-1,-1
260,337,2256.41,745.23,39.08,69.85,0.42,-1,-1,-1
260,338,234.37,775.69,38.31,88.15,0.39,-1,-1,-1
260,301,1463.12,330.66,27.51,42.66,0.25,-1,-1,-1
260,339,2129.78,472.61,23.95,53.76,0.31,-1,-1,-1
260,276,1713.09,396.05,66.46,54.56,0.79,-1,-1,-1
260,340,411.81,648.80,37.29,79.33,0.44,-1,-1,-1
260,341,337.22,677.59,46.39,93.86,0.46,-1,-1,-1
260,345,741.20,945.29,54.11,115.99,0.15,-1,-1,-1
260,349,1379.74,512.48,78.87,93.52,0.81,-1,-1,-1
260,350,1044.16,911.03,43.42,102.27,0.46,-1,-1,-1
260,281,2284.95,840.85,44.97,66.26,0.53,-1,-1,-1
260,352,2062.24,814.48,43.54,93.98,0.64,-1,-1,-1
260,353,1723.86,528.37,31.24,47.95,0.15,-1,-1,-1
260,354,2227.72,720.57,31.76,66.98,0.45,-1,-1,-1
260,355,2377.71,592.51,30.04,60.90,0.50,-1,-1,-1
260,230,1060.19,1159.56,168.81,309.14,0.41,-1,-1,-1
260,357,2176.68,885.32,114.35,110.80,0.43,-1,-1,-1
260,356,1559.10,228.10,43.60,37.62,0.77,-1,-1,-1
260,358,1517.19,987.88,231.60,184.64,0.19,-1,-1,-1
260,360,2340.60,852.82,42.55,63.13,0.58,-1,-1,-1
260,361,766.97,968.85,60.48,114.88,0.44,-1,-1,-1
260,362,2042.43,682.05,117.13,146.00,0.75,-1,-1,-1
260,363,686.53,892.97,61.33,100.56,0.58,-1,-1,-1
261,123,281.78,752.17,210.54,145.23,0.85,-1,-1,-1
261,297,1336.41,351.65,67.97,61.52,0.59,-1,-1,-1
261,318,1743.35,438.24,70.36,56.04,0.74,-1,-1,-1
261,319,1793.70,479.32,81.38,82.18,0.72,-1,-1,-1
261,323,1919.52,593.10,128.25,104.58,0.72,-1,-1,-1
261,325,167.49,900.01,279.79,183.03,0.80,-1,-1,-1
261,308,754.39,400.99,108.05,102.22,0.14,-1,-1,-1
261,306,1195.74,952.97,39.71,93.00,0.52,-1,-1,-1
261,315,1725.38,513.59,27.11,50.42,0.46,-1,-1,-1
261,337,2256.21,746.04,38.82,69.37,0.38,-1,-1,-1
261,338,233.22,772.46,39.14,90.30,0.38,-1,-1,-1
261,301,1462.41,328.57,26.46,41.33,0.34,-1,-1,-1
261,339,2128.79,470.58,24.03,54.11,0.31,-1,-1,-1
261,276,1713.41,396.01,66.00,54.25,0.80,-1,-1,-1
261,340,411.96,649.16,37.44,79.78,0.47,-1,-1,-1
261,341,336.84,679.15,45.95,93.44,0.46,-1,-1,-1
261,345,732.42,957.73,52.08,110.14,0.10,-1,-1,-1
261,349,1378.03,504.89,77.72,92.54,0.80,-1,-1,-1
261,350,1035.00,911.41,41.07,96.47,0.52,-1,-1,-1
261,281,2284.10,841.21,45.25,65.78,0.52,-1,-1,-1
261,352,2061.65,814.69,44.17,96.06,0.66,-1,-1,-1
261,353,1722.72,525.79,31.23,47.62,0.30,-1,-1,-1
261,354,2227.11,716.19,33.48,70.97,0.39,-1,-1,-1
261,355,2380.57,592.74,30.66,62.32,0.35,-1,-1,-1
261,230,1056.78,1168.77,169.42,312.44,0.63,-1,-1,-1
261,357,2183.17,893.46,103.18,99.32,0.50,-1,-1,-1
261,356,1559.35,228.15,43.24,37.62,0.76,-1,-1,-1
261,358,1516.20,971.81,215.48,175.96,0.50,-1,-1,-1
261,360,2340.41,852.61,43.12,63.47,0.59,-1,-1,-1
261,361,754.53,968.29,59.00,112.00,0.54,-1,-1,-1
261,362,2040.80,680.90,118.33,147.84,0.73,-1,-1,-1
261,363,690.40,896.57,53.22,85.67,0.24,-1,-1,-1
262,123,281.50,750.78,213.38,147.01,0.88,-1,-1,-1
262,297,1336.50,349.21,66.64,60.23,0.57,-1,-1,-1
262,318,1742.79,437.27,71.30,56.77,0.76,-1,-1,-1
262,319,1792.62,478.85,82.16,82.82,0.73,-1,-1,-1
262,323,1919.56,592.87,128.88,104.96,0.66,-1,-1,-1
262,325,131.75,911.20,284.76,184.79,0.85,-1,-1,-1
262,308,753.55,401.49,107.29,101.52,0.18,-1,-1,-1
262,306,1187.35,952.57,42.73,99.00,0.57,-1,-1,-1
262,315,1724.80,511.89,26.77,50.19,0.48,-1,-1,-1
262,337,2256.57,745.17,39.01,69.55,0.43,-1,-1,-1
262,338,234.30,774.81,38.07,88.03,0.39,-1,-1,-1
262,301,1461.97,327.97,25.48,40.00,0.32,-1,-1,-1
262,339,2128.31,469.53,24.28,54.90,0.40,-1,-1,-1
262,276,1713.79,395.92,65.42,53.76,0.78,-1,-1,-1
262,340,412.38,649.40,37.21,79.18,0.53,-1,-1,-1
262,341,337.68,679.82,44.28,90.11,0.53,-1,-1,-1
262,349,1375.87,497.20,77.49,92.66,0.81,-1,-1,-1
262,350,1026.65,911.62,42.27,100.21,0.54,-1,-1,-1
262,281,2283.38,841.02,45.87,66.02,0.59,-1,-1,-1
262,352,2062.04,815.17,43.97,96.16,0.67,-1,-1,-1
262,353,1721.60,524.08,31.03,46.88,0.32,-1,-1,-1
262,354,2227.39,717.92,32.11,67.86,0.36,-1,-1,-1
262,355,2383.73,594.17,31.15,63.41,0.31,-1,-1,-1
262,230,1055.17,1181.24,168.51,313.53,0.53,-1,-1,-1
262,357,2183.34,891.67,102.53,98.83,0.31,-1,-1,-1
262,356,1559.52,228.47,42.58,37.24,0.75,-1,-1,-1
262,358,1520.58,955.72,189.25,156.25,0.70,-1,-1,-1
262,360,2339.76,852.19,43.64,63.94,0.66,-1,-1,-1
262,361,747.23,968.87,57.09,109.12,0.46,-1,-1,-1
262,362,2040.72,681.46,117.80,147.53,0.69,-1,-1,-1
262,363,691.77,897.19,50.47,79.69,0.32,-1,-1,-1
263,123,280.84,750.70,217.70,150.11,0.86,-1,-1,-1
263,297,1324.55,344.84,71.18,62.34,0.41,-1,-1,-1
263,318,1742.88,437.22,71.31,56.73,0.76,-1,-1,-1
263,319,1792.19,478.87,82.12,82.62,0.74,-1,-1,-1
263,323,1919.47,592.79,128.96,104.93,0.70,-1,-1,-1
263,325,102.69,919.73,287.14,184.56,0.80,-1,-1,-1
263,308,754.10,401.46,107.37,101.56,0.17,-1,-1,-1
263,306,1180.70,953.38,44.96,104.14,0.53,-1,-1,-1
263,315,1724.06,509.81,26.44,49.99,0.46,-1,-1,-1
263,337,2257.01,743.82,39.20,69.69,0.41,-1,-1,-1
263,338,233.78,773.82,38.75,89.87,0.47,-1,-1,-1
263,301,1460.67,325.85,25.60,40.43,0.43,-1,-1,-1
263,339,2128.09,468.91,24.07,54.37,0.43,-1,-1,-1
263,276,1713.88,395.90,65.19,53.54,0.78,-1,-1,-1
263,340,412.19,649.58,37.07,78.54,0.54,-1,-1,-1
263,341,338.01,680.73,43.62,88.71,0.63,-1,-1,-1
263,349,1374.66,489.87,76.94,92.43,0.82,-1,-1,-1
263,350,1017.44,910.27,44.87,108.04,0.52,-1,-1,-1
263,281,2283.24,841.02,46.11,65.87,0.56,-1,-1,-1
263,352,2062.41,815.71,43.39,95.05,0.63,-1,-1,-1
263,353,1719.70,519.41,32.29,48.85,0.33,-1,-1,-1
263,354,2225.41,711.68,33.79,71.59,0.40,-1,-1,-1
263,355,2385.68,593.91,32.57,66.38,0.34,-1,-1,-1
263,230,1053.83,1193.00,167.94,314.99,0.23,-1,-1,-1
263,357,2184.96,895.36,98.84,94.83,0.51,-1,-1,-1
263,356,1559.83,228.90,41.96,36.80,0.75,-1,-1,-1
263,358,1517.74,940.70,179.29,149.93,0.67,-1,-1,-1
263,360,2339.46,852.51,43.59,63.76,0.62,-1,-1,-1
263,361,741.93,973.29,54.70,105.38,0.53,-1,-1,-1
263,362,2041.34,680.55,117.30,147.18,0.71,-1,-1,-1
263,363,686.76,898.38,55.39,86.24,0.13,-1,-1,-1
264,123,281.42,750.07,218.69,150.83,0.87,-1,-1,-1
264,297,1316.56,340.56,75.15,63.46,0.50,-1,-1,-1
264,318,1743.11,437.80,70.72,56.20,0.77,-1,-1,-1
264,319,1792.20,478.93,82.45,82.88,0.75,-1,-1,-1
264,323,1919.18,593.07,129.22,105.11,0.68,-1,-1,-1
264,325,64.43,928.18,290.17,185.79,0.80,-1,-1,-1
264,308,753.70,401.39,106.89,101.09,0.14,-1,-1,-1
264,306,1173.07,953.61,48.65,112.28,0.43,-1,-1,-1
264,315,1722.74,508.23,26.36,49.85,0.34,-1,-1,-1
264,337,2257.09,743.52,39.90,70.51,0.51,-1,-1,-1
264,338,233.34,773.12,38.76,89.65,0.58,-1,-1,-1
264,301,1460.21,324.04,25.72,40.51,0.31,-1,-1,-1
264,339,2127.91,468.19,24.10,54.45,0.44,-1,-1,-1
264,276,1713.88,396.12,65.00,53.43,0.80,-1,-1,-1
264,340,412.12,649.55,37.06,78.70,0.56,-1,-1,-1
264,341,337.52,680.95,44.48,90.89,0.56,-1,-1,-1
264,349,1373.01,482.49,75.70,91.36,0.77,-1,-1,-1
264,350,1009.53,911.64,45.24,109.83,0.57,-1,-1,-1
264,281,2284.09,840.48,46.33,66.01,0.53,-1,-1,-1
264,352,2063.47,816.95,41.86,91.81,0.64,-1,-1,-1
264,353,1717.30,515.35,33.24,50.38,0.33,-1,-1,-1
264,354,2224.28,707.41,35.34,74.86,0.50,-1,-1,-1
264,355,2388.09,592.68,34.17,69.19,0.47,-1,-1,-1
264,230,1052.59,1207.88,166.87,315.60,0.41,-1,-1,-1
264,357,2185.78,896.86,96.22,92.09,0.20,-1,-1,-1
264,356,1559.91,228.92,41.89,36.88,0.75,-1,-1,-1
264,358,1517.17,922.68,167.28,140.66,0.65,-1,-1,-1
264,360,2339.21,852.38,43.55,63.79,0.62,-1,-1,-1
264,361,738.29,973.15,55.13,107.08,0.46,-1,-1,-1
264,362,2041.16,680.16,117.46,147.81,0.70,-1,-1,-1
264,363,688.89,898.08,54.73,83.19,0.29,-1,-1,-1
265,123,282.51,750.08,219.59,151.54,0.87,-1,-1,-1
265,297,1324.39,337.63,72.97,61.47,0.67,-1,-1,-1
265,318,1744.22,438.33,69.60,55.51,0.74,-1,-1,-1
265,319,1792.24,478.87,82.49,82.86,0.75,-1,-1,-1
265,323,1919.78,593.74,127.98,104.00,0.74,-1,-1,-1
265,325,26.70,937.02,296.32,189.59,0.82,-1,-1,-1
265,308,753.76,401.39,106.38,100.56,0.11,-1,-1,-1
265,306,1165.39,952.96,46.96,109.45,0.46,-1,-1,-1
265,315,1721.13,506.48,26.97,51.04,0.39,-1,-1,-1
265,337,2256.46,743.96,40.17,70.90,0.45,-1,-1,-1
265,338,233.08,772.46,39.35,90.62,0.54,-1,-1,-1
265,301,1460.21,322.15,25.58,40.25,0.35,-1,-1,-1
265,339,2127.58,467.05,24.65,55.80,0.47,-1,-1,-1
265,276,1713.57,396.03,65.30,53.76,0.80,-1,-1,-1
265,340,411.89,648.91,37.49,79.53,0.49,-1,-1,-1
265,341,337.34,680.16,44.85,91.94,0.55,-1,-1,-1
265,349,1372.02,476.10,73.64,89.00,0.76,-1,-1,-1
265,350,1002.44,915.69,48.59,117.51,0.32,-1,-1,-1
265,281,2283.80,840.61,46.22,65.33,0.53,-1,-1,-1
265,352,2064.62,817.30,40.47,88.80,0.61,-1,-1,-1
265,353,1716.51,516.63,31.57,47.45,0.29,-1,-1,-1
265,354,2223.66,705.51,35.84,76.24,0.42,-1,-1,-1
265,355,2391.41,593.35,34.31,69.27,0.47,-1,-1,-1
265,230,1052.75,1221.52,162.88,308.48,0.38,-1,-1,-1
265,357,2184.46,895.89,99.54,95.09,0.44,-1,-1,-1
265,356,1559.83,229.00,41.89,36.98,0.76,-1,-1,-1
265,358,1510.02,906.65,166.08,141.12,0.72,-1,-1,-1
265,360,2339.62,852.86,43.19,63.23,0.61,-1,-1,-1
265,361,732.50,976.64,54.85,105.01,0.49,-1,-1,-1
265,362,2042.14,680.67,116.30,146.75,0.66,-1,-1,-1
265,363,688.74,897.45,56.60,84.36,0.23,-1,-1,-1
266,123,284.55,747.65,220.87,152.55,0.87,-1,-1,-1
266,297,1319.54,334.71,74.11,60.51,0.56,-1,-1,-1
266,318,1744.28,438.52,69.79,55.60,0.74,-1,-1,-1
266,319,1791.79,478.81,82.60,82.66,0.76,-1,-1,-1
266,323,1919.93,593.95,127.93,103.92,0.71,-1,-1,-1
266,325,0.00,947.81,308.34,201.24,0.79,-1,-1,-1
266,308,754.84,401.28,106.73,100.70,0.36,-1,-1,-1
266,306,1160.31,952.75,47.07,111.01,0.55,-1,-1,-1
266,315,1720.47,503.99,27.09,51.44,0.34,-1,-1,-1
266,337,2257.07,742.23,40.66,71.68,0.46,-1,-1,-1
266,338,233.65,771.87,38.80,89.05,0.52,-1,-1,-1
266,301,1460.46,321.21,25.65,40.15,0.32,-1,-1,-1
266,339,2127.20,467.30,24.86,56.31,0.37,-1,-1,-1
266,276,1713.51,395.92,65.77,54.23,0.79,-1,-1,-1
266,340,411.59,647.43,37.75,80.68,0.48,-1,-1,-1
266,341,340.46,681.12,44.64,91.64,0.57,-1,-1,-1
266,349,1372.03,469.31,71.56,86.66,0.73,-1,-1,-1
266,350,994.13,917.36,46.57,110.84,0.46,-1,-1,-1
266,281,2283.98,839.01,47.57,67.81,0.58,-1,-1,-1
266,352,2064.57,818.24,40.28,88.00,0.63,-1,-1,-1
266,353,1716.03,515.30,30.97,46.08,0.32,-1,-1,-1
266,354,2225.18,707.22,34.27,73.07,0.48,-1,-1,-1
266,355,2395.13,594.54,33.74,68.51,0.54,-1,-1,-1
266,230,1054.09,1233.74,157.40,295.46,0.48,-1,-1,-1
266,357,2182.06,890.45,105.00,100.72,0.33,-1,-1,-1
266,356,1559.96,228.75,41.81,37.05,0.77,-1,-1,-1
266,358,1507.12,890.60,161.48,138.59,0.76,-1,-1,-1
266,360,2339.44,852.51,43.13,63.20,0.62,-1,-1,-1
266,361,726.31,976.55,54.22,103.23,0.26,-1,-1,-1
266,362,2042.52,680.16,116.24,146.98,0.77,-1,-1,-1
266,363,687.40,899.12,62.11,91.05,0.22,-1,-1,-1
266,364,2373.79,644.97,30.44,69.27,0.61,-1,-1,-1
266,365,2343.16,648.63,31.57,73.41,0.55,-1,-1,-1
266,366,2301.09,650.47,37.61,78.05,0.57,-1,-1,-1
267,123,286.66,746.01,219.65,151.70,0.88,-1,-1,-1
267,297,1326.95,333.13,70.21,57.05,0.65,-1,-1,-1
267,318,1744.63,438.61,69.60,55.41,0.73,-1,-1,-1
267,319,1792.32,479.42,81.71,81.48,0.77,-1,-1,-1
267,323,1920.30,594.49,127.62,103.58,0.66,-1,-1,-1
267,325,7.27,959.11,255.47,159.54,0.81,-1,-1,-1
267,308,754.92,401.07,107.27,101.04,0.26,-1,-1,-1
267,306,1153.67,952.01,47.74,113.08,0.59,-1,-1,-1
267,315,1717.20,501.93,27.65,52.30,0.26,-1,-1,-1
267,337,2258.15,742.36,40.38,70.77,0.51,-1,-1,-1
267,338,233.41,771.80,39.04,89.48,0.50,-1,-1,-1
267,301,1460.19,320.98,25.50,39.57,0.21,-1,-1,-1
267,339,2127.12,467.10,24.92,56.51,0.34,-1,-1,-1
267,276,1713.95,396.03,65.32,53.81,0.79,-1,-1,-1
267,340,411.73,648.18,37.22,79.38,0.53,-1,-1,-1
267,341,341.72,683.05,43.90,89.80,0.58,-1,-1,-1
267,349,1372.18,463.14,69.95,84.61,0.70,-1,-1,-1
267,350,985.94,919.07,43.95,102.98,0.45,-1,-1,-1
267,281,2284.63,840.15,46.95,66.62,0.54,-1,-1,-1
267,352,2064.38,819.49,40.34,87.90,0.64,-1,-1,-1
267,353,1715.15,513.36,30.49,45.12,0.31,-1,-1,-1
267,354,2225.10,707.33,33.81,72.17,0.51,-1,-1,-1
267,355,2397.32,595.46,34.96,71.31,0.62,-1,-1,-1
267,357,2183.80,894.27,102.42,97.77,0.31,-1,-1,-1
267,356,1560.23,228.10,41.78,37.20,0.77,-1,-1,-1
267,358,1506.89,875.71,149.52,128.54,0.72,-1,-1,-1
267,360,2339.71,852.52,43.26,63.45,0.62,-1,-1,-1
267,361,716.04,975.10,54.47,103.79,0.33,-1,-1,-1
267,362,2043.62,680.91,116.26,147.14,0.65,-1,-1,-1
267,363,684.17,896.33,69.89,101.06,0.66,-1,-1,-1
267,364,2374.55,645.51,29.36,66.82,0.55,-1,-1,-1
267,365,2343.50,648.41,31.08,72.25,0.47,-1,-1,-1
267,366,2300.92,650.48,37.58,78.04,0.60,-1,-1,-1
268,123,290.64,745.27,218.36,150.64,0.89,-1,-1,-1
268,297,1329.69,329.34,70.65,57.55,0.60,-1,-1,-1
268,318,1744.98,438.99,68.81,54.78,0.73,-1,-1,-1
268,319,1792.80,479.81,81.46,80.98,0.77,-1,-1,-1
268,323,1920.23,595.06,127.06,103.03,0.48,-1,-1,-1
268,325,0.00,969.87,240.11,150.39,0.69,-1,-1,-1
268,308,755.08,401.18,107.37,100.99,0.32,-1,-1,-1
268,306,1146.22,952.87,47.26,111.07,0.61,-1,-1,-1
268,315,1715.52,499.86,27.28,51.65,0.32,-1,-1,-1
268,337,2258.50,742.45,40.65,71.15,0.51,-1,-1,-1
268,338,234.69,771.46,38.13,87.27,0.56,-1,-1,-1
268,301,1460.47,320.34,25.92,39.35,0.21,-1,-1,-1
268,339,2127.05,467.36,25.27,57.46,0.29,-1,-1,-1
268,276,1714.70,396.35,65.34,53.74,0.79,-1,-1,-1
268,340,411.90,647.02,37.49,79.94,0.60,-1,-1,-1
268,341,343.74,683.01,43.45,88.83,0.61,-1,-1,-1
268,349,1371.17,456.35,68.27,82.46,0.75,-1,-1,-1
268,350,978.28,921.64,44.57,105.79,0.61,-1,-1,-1
268,281,2284.51,839.26,47.47,67.71,0.56,-1,-1,-1
268,352,2063.95,819.17,41.26,89.56,0.71,-1,-1,-1
268,353,1713.77,509.37,31.14,46.44,0.30,-1,-1,-1
268,354,2228.00,705.81,33.73,72.10,0.51,-1,-1,-1
268,355,2399.68,596.07,36.82,75.85,0.63,-1,-1,-1
268,357,2185.11,895.29,100.40,95.23,0.41,-1,-1,-1
268,356,1560.33,227.69,41.88,37.54,0.76,-1,-1,-1
268,358,1500.34,861.14,153.65,133.74,0.66,-1,-1,-1
268,360,2341.12,853.26,43.22,63.31,0.60,-1,-1,-1
268,361,711.56,984.86,49.43,94.28,0.45,-1,-1,-1
268,362,2045.01,680.83,114.90,145.93,0.62,-1,-1,-1
268,363,685.56,899.95,74.10,104.70,0.81,-1,-1,-1
268,364,2374.80,644.53,29.90,68.17,0.46,-1,-1,-1
268,365,2343.73,648.27,31.10,72.24,0.38,-1,-1,-1
268,366,2300.33,650.11,37.78,78.57,0.55,-1,-1,-1
268,367,1661.56,1309.10,274.94,220.90,0.58,-1,-1,-1
269,123,296.31,744.86,214.24,147.52,0.89,-1,-1,-1
269,297,1328.31,325.44,70.75,57.33,0.70,-1,-1,-1
269,318,1744.93,438.33,69.14,54.98,0.72,-1,-1,-1
269,319,1792.73,479.54,81.58,80.77,0.78,-1,-1,-1
269,323,1921.15,594.73,127.02,102.76,0.57,-1,-1,-1
269,325,0.00,982.46,193.41,126.23,0.80,-1,-1,-1
269,308,755.52,401.41,107.33,100.87,0.38,-1,-1,-1
269,306,1139.27,954.50,49.69,113.90,0.55,-1,-1,-1
269,315,1715.69,496.75,25.52,48.26,0.41,-1,-1,-1
269,337,2259.07,744.61,39.08,68.68,0.43,-1,-1,-1
269,338,234.84,768.42,37.42,85.18,0.45,-1,-1,-1
269,301,1460.78,319.40,25.00,37.59,0.20,-1,-1,-1
269,339,2127.50,467.41,25.06,56.84,0.27,-1,-1,-1
269,276,1715.14,396.43,65.27,53.57,0.80,-1,-1,-1
269,340,412.72,647.25,37.26,79.41,0.59,-1,-1,-1
269,341,347.27,683.49,42.82,87.16,0.45,-1,-1,-1
269,349,1369.94,449.20,67.31,81.37,0.74,-1,-1,-1
269,350,973.46,920.11,40.43,95.45,0.52,-1,-1,-1
269,281,2286.33,838.12,47.67,68.93,0.55,-1,-1,-1
269,352,2064.19,820.44,40.83,88.35,0.70,-1,-1,-1
269,353,1712.70,506.70,31.44,46.86,0.27,-1,-1,-1
269,354,2229.91,703.87,33.96,72.77,0.50,-1,-1,-1
269,355,2403.07,596.12,36.97,76.64,0.57,-1,-1,-1
269,357,2184.12,890.28,105.97,100.61,0.30,-1,-1,-1
269,356,1560.63,228.04,41.21,37.15,0.77,-1,-1,-1
269,358,1497.55,846.91,150.72,132.68,0.77,-1,-1,-1
269,360,2342.10,852.81,43.59,63.85,0.59,-1,-1,-1
269,361,712.08,981.52,49.76,94.83,0.32,-1,-1,-1
269,362,2045.31,679.88,115.19,146.30,0.68,-1,-1,-1
269,363,686.30,901.64,75.20,103.47,0.73,-1,-1,-1
269,364,2375.48,644.37,30.38,69.45,0.38,-1,-1,-1
269,365,2344.83,647.72,31.38,72.85,0.27,-1,-1,-1
269,366,2300.05,649.83,37.83,78.81,0.38,-1,-1,-1
269,367,1637.32,1279.97,305.56,246.42,0.45,-1,-1,-1
270,123,301.55,743.72,213.48,146.76,0.90,-1,-1,-1
270,297,1329.94,322.63,69.37,56.23,0.72,-1,-1,-1
270,318,1744.90,438.19,69.39,55.09,0.71,-1,-1,-1
270,319,1791.56,478.14,83.02,82.01,0.79,-1,-1,-1
270,323,1920.07,593.13,129.44,104.88,0.61,-1,-1,-1
270,325,0.00,995.81,156.80,111.02,0.77,-1,-1,-1
270,308,755.90,400.32,108.57,101.93,0.37,-1,-1,-1
270,306,1136.03,955.10,51.96,116.68,0.50,-1,-1,-1
270,315,1713.34,494.13,26.53,50.41,0.51,-1,-1,-1
270,337,2259.17,745.09,38.29,67.78,0.42,-1,-1,-1
270,338,236.47,771.24,37.05,84.04,0.39,-1,-1,-1
270,301,1460.53,318.05,24.74,36.91,0.18,-1,-1,-1
270,339,2126.13,467.18,24.67,55.33,0.27,-1,-1,-1
270,276,1715.15,396.13,65.74,53.90,0.79,-1,-1,-1
270,340,413.25,647.26,37.23,79.34,0.64,-1,-1,-1
270,341,350.58,686.59,41.20,83.21,0.61,-1,-1,-1
270,349,1369.34,443.71,65.69,79.24,0.73,-1,-1,-1
270,350,963.56,921.30,43.60,102.47,0.53,-1,-1,-1
270,281,2287.40,837.75,47.42,69.23,0.54,-1,-1,-1
270,352,2064.17,819.42,41.60,89.73,0.70,-1,-1,-1
270,353,1712.05,505.73,30.59,45.54,0.30,-1,-1,-1
270,354,2230.34,700.43,35.69,76.95,0.49,-1,-1,-1
270,355,2405.53,599.48,37.60,78.29,0.45,-1,-1,-1
270,357,2186.09,892.43,104.00,98.12,0.31,-1,-1,-1
270,356,1560.65,227.24,41.65,37.78,0.77,-1,-1,-1
270,358,1493.28,831.96,149.37,132.82,0.71,-1,-1,-1
270,360,2343.04,852.98,43.72,63.76,0.55,-1,-1,-1
270,361,711.20,985.55,48.67,92.81,0.35,-1,-1,-1
270,362,2045.00,680.34,116.79,147.94,0.37,-1,-1,-1
270,363,683.79,904.47,79.49,106.64,0.51,-1,-1,-1
270,364,2375.77,643.93,30.59,70.19,0.42,-1,-1,-1
270,365,2345.05,647.68,32.04,74.38,0.25,-1,-1,-1
270,366,2300.07,650.04,37.68,78.78,0.50,-1,-1,-1
270,367,1613.83,1244.70,324.75,263.93,0.47,-1,-1,-1
271,123,305.55,742.81,215.14,147.66,0.91,-1,-1,-1
271,297,1330.31,319.51,67.42,54.38,0.72,-1,-1,-1
271,318,1745.37,437.81,69.68,55.26,0.69,-1,-1,-1
271,319,1793.40,479.22,81.93,80.89,0.78,-1,-1,-1
271,323,1920.81,592.54,129.63,104.98,0.67,-1,-1,-1
271,325,0.00,1006.54,133.36,99.26,0.70,-1,-1,-1
271,308,755.92,400.59,108.48,101.84,0.37,-1,-1,-1
271,306,1129.61,952.53,52.45,119.11,0.59,-1,-1,-1
271,315,1712.84,492.70,25.61,48.54,0.44,-1,-1,-1
271,337,2259.84,745.97,37.53,66.96,0.45,-1,-1,-1
271,338,237.38,772.04,37.53,85.42,0.39,-1,-1,-1
271,301,1459.56,314.42,25.28,38.11,0.15,-1,-1,-1
271,339,2125.99,466.60,24.66,54.84,0.27,-1,-1,-1
271,276,1715.57,396.14,65.66,53.73,0.80,-1,-1,-1
271,340,413.73,646.87,37.39,79.81,0.64,-1,-1,-1
271,341,353.53,687.64,41.59,83.76,0.59,-1,-1,-1
271,349,1369.49,438.78,63.67,76.56,0.79,-1,-1,-1
271,350,959.72,922.86,43.64,101.48,0.51,-1,-1,-1
271,281,2288.47,837.16,46.92,68.99,0.56,-1,-1,-1
271,352,2064.07,820.17,41.51,89.42,0.71,-1,-1,-1
271,353,1711.16,504.70,29.84,44.44,0.36,-1,-1,-1
271,354,2231.40,699.21,36.51,78.96,0.49,-1,-1,-1
271,355,2409.16,604.82,35.67,74.45,0.56,-1,-1,-1
271,357,2188.12,898.60,98.07,91.81,0.30,-1,-1,-1
271,356,1560.89,227.45,41.31,37.64,0.76,-1,-1,-1
271,358,1490.58,819.41,147.21,132.33,0.70,-1,-1,-1
271,360,2342.93,852.94,43.25,62.91,0.60,-1,-1,-1
271,361,712.11,991.89,45.68,86.94,0.41,-1,-1,-1
271,362,2045.87,681.00,116.47,147.01,0.33,-1,-1,-1
271,363,683.88,906.31,81.14,104.50,0.74,-1,-1,-1
271,364,2375.76,643.35,30.68,70.59,0.52,-1,-1,-1
271,365,2346.91,648.05,30.79,71.27,0.31,-1,-1,-1
271,366,2299.98,650.89,37.11,77.98,0.54,-1,-1,-1
271,367,1606.56,1215.36,315.15,258.07,0.20,-1,-1,-1
272,123,307.94,741.16,216.77,148.77,0.91,-1,-1,-1
272,297,1333.49,317.53,64.76,52.73,0.76,-1,-1,-1
272,318,1745.77,438.20,69.67,55.07,0.74,-1,-1,-1
272,319,1794.37,479.37,81.58,80.65,0.79,-1,-1,-1
272,323,1921.01,592.43,129.54,105.01,0.73,-1,-1,-1
272,325,0.00,1019.10,109.61,89.57,0.42,-1,-1,-1
272,308,756.07,401.21,107.87,101.22,0.19,-1,-1,-1
272,306,1125.97,949.38,51.67,119.30,0.58,-1,-1,-1
272,315,1711.61,490.76,26.02,49.39,0.45,-1,-1,-1
272,337,2260.66,747.23,37.04,66.30,0.46,-1,-1,-1
272,338,238.94,768.87,36.79,83.88,0.25,-1,-1,-1
272,301,1458.98,313.07,25.13,37.89,0.18,-1,-1,-1
272,339,2127.79,467.23,24.83,55.16,0.32,-1,-1,-1
272,276,1715.61,396.18,65.53,53.51,0.78,-1,-1,-1
272,340,414.19,647.49,37.01,79.15,0.57,-1,-1,-1
272,341,356.84,689.12,41.40,83.17,0.61,-1,-1,-1
272,349,1368.38,431.70,63.72,76.39,0.80,-1,-1,-1
272,350,955.67,925.97,43.06,99.07,0.49,-1,-1,-1
272,281,2289.34,837.16,46.03,68.03,0.53,-1,-1,-1
272,352,2063.65,819.02,42.48,91.29,0.73,-1,-1,-1
272,353,1709.62,501.54,30.80,46.20,0.31,-1,-1,-1
272,354,2232.48,699.41,36.46,78.78,0.53,-1,-1,-1
272,355,2414.25,609.27,33.67,69.97,0.43,-1,-1,-1
272,357,2188.88,898.57,99.07,92.07,0.25,-1,-1,-1
272,356,1561.16,227.67,41.00,37.53,0.77,-1,-1,-1
272,358,1487.44,806.19,143.89,130.93,0.71,-1,-1,-1
272,360,2343.04,853.27,42.91,62.27,0.57,-1,-1,-1
272,361,698.35,983.28,51.75,96.38,0.46,-1,-1,-1
272,362,2046.76,682.73,115.98,145.96,0.25,-1,-1,-1
272,363,686.87,906.55,83.92,104.19,0.53,-1,-1,-1
272,364,2376.02,643.80,30.54,70.49,0.49,-1,-1,-1
272,365,2347.81,647.93,30.70,70.82,0.37,-1,-1,-1
272,366,2299.80,651.23,36.79,77.72,0.55,-1,-1,-1
272,367,1599.28,1185.61,307.14,254.06,0.19,-1,-1,-1
273,123,309.53,738.77,218.08,149.69,0.89,-1,-1,-1
273,297,1333.14,315.14,63.55,51.85,0.70,-1,-1,-1
273,318,1746.20,438.37,70.16,55.41,0.69,-1,-1,-1
273,319,1795.86,479.62,81.05,80.31,0.80,-1,-1,-1
273,323,1921.38,591.68,130.90,106.20,0.66,-1,-1,-1
273,308,755.52,400.76,108.49,102.00,0.17,-1,-1,-1
273,306,1120.62,947.40,51.31,120.37,0.63,-1,-1,-1
273,315,1710.57,488.50,27.06,51.58,0.46,-1,-1,-1
273,337,2261.75,746.23,37.39,66.96,0.48,-1,-1,-1
273,338,238.60,766.49,32.03,71.50,0.15,-1,-1,-1
273,301,1458.23,311.85,25.53,38.31,0.20,-1,-1,-1
273,339,2128.95,468.47,24.77,55.21,0.27,-1,-1,-1
273,276,1716.13,395.91,65.72,53.61,0.78,-1,-1,-1
273,340,414.98,647.59,36.80,78.89,0.65,-1,-1,-1
273,341,359.87,690.06,40.12,80.03,0.57,-1,-1,-1
273,349,1367.53,426.07,62.95,75.33,0.79,-1,-1,-1
273,350,947.08,927.94,43.86,101.10,0.57,-1,-1,-1
273,281,2290.26,836.70,46.00,68.26,0.51,-1,-1,-1
273,352,2063.08,818.67,42.99,92.16,0.73,-1,-1,-1
273,353,1709.10,500.80,30.22,45.27,0.25,-1,-1,-1
273,354,2233.96,702.40,34.78,75.03,0.51,-1,-1,-1
273,355,2419.11,602.47,36.65,75.67,0.51,-1,-1,-1
273,357,2188.51,894.59,102.82,95.25,0.40,-1,-1,-1
273,356,1561.84,226.88,40.87,37.56,0.78,-1,-1,-1
273,358,1483.35,792.56,144.04,132.58,0.74,-1,-1,-1
273,360,2342.97,852.93,43.26,63.00,0.57,-1,-1,-1
273,361,682.51,966.72,58.60,110.25,0.31,-1,-1,-1
273,362,2048.66,682.41,114.98,144.64,0.18,-1,-1,-1
273,363,685.48,906.81,82.49,98.54,0.51,-1,-1,-1
273,364,2377.42,642.25,30.06,69.76,0.39,-1,-1,-1
273,365,2349.08,647.66,30.63,70.38,0.34,-1,-1,-1
273,366,2299.97,650.99,36.32,76.85,0.46,-1,-1,-1
273,367,1591.54,1153.95,299.72,250.86,0.47,-1,-1,-1
274,123,313.92,736.69,215.46,147.71,0.91,-1,-1,-1
274,297,1330.56,311.05,63.84,51.72,0.71,-1,-1,-1
274,318,1749.79,438.67,68.58,54.78,0.71,-1,-1,-1
274,319,1796.91,479.84,80.31,79.98,0.79,-1,-1,-1
274,323,1923.16,590.98,133.33,108.49,0.57,-1,-1,-1
274,308,756.49,401.06,107.46,100.83,0.12,-1,-1,-1
274,306,1115.05,946.35,52.99,126.90,0.62,-1,-1,-1
274,315,1711.05,486.14,26.78,51.42,0.38,-1,-1,-1
274,337,2262.77,747.43,36.82,66.08,0.48,-1,-1,-1
274,338,239.83,770.87,36.33,81.61,0.44,-1,-1,-1
274,301,1457.73,310.42,26.22,39.25,0.25,-1,-1,-1
274,339,2129.74,468.19,24.70,55.30,0.39,-1,-1,-1
274,276,1716.70,396.01,65.57,53.36,0.78,-1,-1,-1
274,340,415.92,647.97,36.74,78.79,0.67,-1,-1,-1
274,341,362.71,687.54,38.97,77.15,0.53,-1,-1,-1
274,349,1366.26,420.54,62.08,74.00,0.79,-1,-1,-1
274,350,939.31,928.10,44.36,103.65,0.62,-1,-1,-1
274,281,2291.13,836.65,46.23,69.01,0.57,-1,-1,-1
274,352,2062.59,818.49,43.26,92.70,0.72,-1,-1,-1
274,353,1707.46,496.80,30.50,45.71,0.15,-1,-1,-1
274,354,2235.86,706.09,32.67,70.20,0.48,-1,-1,-1
274,355,2423.70,613.01,33.60,67.97,0.42,-1,-1,-1
274,357,2188.00,893.99,102.30,94.97,0.24,-1,-1,-1
274,356,1562.60,226.88,40.42,37.19,0.76,-1,-1,-1
274,358,1482.07,779.74,139.24,129.52,0.62,-1,-1,-1
274,360,2344.14,852.85,42.80,62.53,0.57,-1,-1,-1
274,361,676.81,972.24,54.38,103.02,0.45,-1,-1,-1
274,362,2049.83,680.06,115.61,145.63,0.33,-1,-1,-1
274,363,688.37,905.59,88.62,102.91,0.54,-1,-1,-1
274,364,2378.80,641.95,29.26,68.16,0.41,-1,-1,-1
274,365,2350.17,648.33,30.32,69.38,0.32,-1,-1,-1
274,366,2299.72,651.00,36.33,77.41,0.53,-1,-1,-1
274,367,1585.50,1125.96,285.29,241.83,0.47,-1,-1,-1
275,123,318.29,735.16,216.19,147.95,0.89,-1,-1,-1
275,297,1329.80,307.65,64.30,51.80,0.72,-1,-1,-1
275,318,1751.53,439.27,67.32,54.23,0.71,-1,-1,-1
275,319,1800.00,481.54,77.75,77.95,0.79,-1,-1,-1
275,323,1923.88,590.40,134.60,109.72,0.61,-1,-1,-1
275,308,756.44,400.94,107.81,100.79,0.12,-1,-1,-1
275,306,1113.17,946.72,48.34,116.11,0.53,-1,-1,-1
275,315,1710.14,484.55,26.30,50.77,0.36,-1,-1,-1
275,337,2262.74,748.94,36.19,64.98,0.48,-1,-1,-1
275,338,241.32,771.35,37.58,84.25,0.57,-1,-1,-1
275,301,1458.20,309.79,25.64,38.12,0.23,-1,-1,-1
275,339,2129.97,466.98,25.39,57.21,0.41,-1,-1,-1
275,276,1716.87,396.03,65.90,53.53,0.77,-1,-1,-1
275,340,416.46,647.94,36.65,78.63,0.62,-1,-1,-1
275,341,364.26,685.93,37.40,73.19,0.46,-1,-1,-1
275,349,1365.19,414.09,61.35,72.81,0.79,-1,-1,-1
275,350,930.85,927.91,42.88,101.14,0.49,-1,-1,-1
275,281,2291.44,836.28,46.72,69.91,0.55,-1,-1,-1
275,352,2063.04,818.45,43.38,92.83,0.71,-1,-1,-1
275,353,1706.23,493.17,31.02,46.74,0.15,-1,-1,-1
275,354,2238.20,710.03,31.65,67.58,0.47,-1,-1,-1
275,355,2427.41,624.36,30.19,60.28,0.44,-1,-1,-1
275,357,2188.72,893.94,102.14,95.02,0.31,-1,-1,-1
275,356,1562.68,225.78,40.83,37.67,0.75,-1,-1,-1
275,358,1480.37,768.08,132.92,124.40,0.74,-1,-1,-1
275,360,2344.32,852.48,43.44,63.74,0.62,-1,-1,-1
275,361,670.85,966.23,54.73,104.74,0.45,-1,-1,-1
275,362,2051.92,682.21,113.75,143.21,0.25,-1,-1,-1
275,363,687.09,905.88,83.79,95.93,0.35,-1,-1,-1
275,364,2379.69,641.59,29.57,68.89,0.47,-1,-1,-1
275,365,2350.48,648.00,30.63,69.89,0.42,-1,-1,-1
275,366,2300.02,651.21,36.09,77.40,0.52,-1,-1,-1
275,367,1581.54,1103.55,270.18,231.67,0.64,-1,-1,-1
275,368,1650.16,322.50,58.96,46.11,0.65,-1,-1,-1
276,123,321.16,733.35,217.54,148.60,0.88,-1,-1,-1
276,297,1326.45,304.95,64.23,50.62,0.67,-1,-1,-1
276,318,1752.60,439.90,66.44,53.90,0.70,-1,-1,-1
276,319,1801.07,482.28,76.59,77.08,0.80,-1,-1,-1
276,323,1924.89,590.29,133.71,109.12,0.58,-1,-1,-1
276,308,757.86,400.59,108.27,101.14,0.24,-1,-1,-1
276,306,1109.70,948.56,46.69,112.07,0.60,-1,-1,-1
276,315,1708.40,483.79,26.91,51.29,0.13,-1,-1,-1
276,337,2262.44,748.61,36.13,65.09,0.45,-1,-1,-1
276,338,242.19,772.02,37.79,84.70,0.57,-1,-1,-1
276,301,1458.24,308.47,25.91,38.33,0.23,-1,-1,-1
276,339,2130.56,467.06,25.02,56.69,0.46,-1,-1,-1
276,276,1717.14,396.10,66.05,53.52,0.76,-1,-1,-1
276,340,416.86,647.35,36.86,79.22,0.63,-1,-1,-1
276,341,365.55,685.48,36.60,70.66,0.45,-1,-1,-1
276,349,1364.15,407.68,61.47,72.66,0.78,-1,-1,-1
276,350,925.18,930.32,38.06,88.99,0.34,-1,-1,-1
276,281,2292.56,836.20,46.70,70.13,0.52,-1,-1,-1
276,352,2063.87,818.75,43.34,92.51,0.71,-1,-1,-1
276,353,1705.20,490.47,31.18,47.37,0.16,-1,-1,-1
276,354,2240.93,713.55,30.39,64.02,0.41,-1,-1,-1
276,355,2432.49,606.25,38.09,76.88,0.56,-1,-1,-1
276,357,2190.69,893.29,103.34,96.65,0.30,-1,-1,-1
276,356,1562.87,226.26,40.53,37.37,0.75,-1,-1,-1
276,358,1478.64,756.44,127.67,119.84,0.56,-1,-1,-1
276,360,2344.49,852.34,43.75,64.46,0.57,-1,-1,-1
276,361,666.07,962.58,54.51,105.12,0.30,-1,-1,-1
276,362,2052.13,684.29,112.50,141.45,0.21,-1,-1,-1
276,363,690.96,905.27,84.59,94.83,0.35,-1,-1,-1
276,364,2379.29,642.54,29.93,69.75,0.46,-1,-1,-1
276,365,2350.85,647.86,30.67,69.96,0.44,-1,-1,-1
276,366,2300.60,651.82,35.61,76.65,0.57,-1,-1,-1
276,367,1577.48,1081.40,259.08,225.10,0.61,-1,-1,-1
276,368,1650.20,322.38,59.44,46.45,0.46,-1,-1,-1
277,123,327.79,732.31,213.48,145.34,0.87,-1,-1,-1
277,297,1326.79,303.33,63.23,49.13,0.71,-1,-1,-1
277,318,1753.59,440.20,66.05,54.02,0.70,-1,-1,-1
277,319,1802.62,483.27,75.36,76.25,0.80,-1,-1,-1
277,323,1926.97,590.51,132.86,108.24,0.62,-1,-1,-1
277,308,758.75,399.83,108.99,101.95,0.29,-1,-1,-1
277,306,1104.99,949.78,48.05,114.93,0.55,-1,-1,-1
277,315,1707.75,482.72,26.73,50.25,0.18,-1,-1,-1
277,337,2263.31,750.32,35.37,63.66,0.48,-1,-1,-1
277,338,243.08,772.85,38.41,86.16,0.63,-1,-1,-1
277,301,1458.20,307.00,26.04,38.43,0.26,-1,-1,-1
277,339,2130.90,466.08,25.39,57.82,0.50,-1,-1,-1
277,276,1717.32,395.96,66.41,53.80,0.77,-1,-1,-1
277,340,417.42,646.87,36.74,79.07,0.63,-1,-1,-1
277,341,366.63,685.27,35.88,68.38,0.44,-1,-1,-1
277,349,1363.82,403.23,60.87,71.67,0.74,-1,-1,-1
277,350,920.58,937.93,43.18,99.20,0.54,-1,-1,-1
277,281,2293.49,836.20,47.45,71.50,0.52,-1,-1,-1
277,352,2065.05,819.87,44.05,93.97,0.66,-1,-1,-1
277,353,1704.78,487.12,31.23,47.89,0.17,-1,-1,-1
277,354,2242.28,717.78,29.31,60.78,0.36,-1,-1,-1
277,355,2435.35,600.86,40.58,82.86,0.61,-1,-1,-1
277,357,2193.99,897.23,100.54,93.52,0.39,-1,-1,-1
277,356,1563.10,227.08,39.74,36.58,0.76,-1,-1,-1
277,358,1476.84,743.63,124.34,117.30,0.50,-1,-1,-1
277,360,2346.76,852.90,43.13,63.85,0.58,-1,-1,-1
277,361,660.07,960.47,55.24,108.28,0.32,-1,-1,-1
277,362,2053.29,686.16,111.45,139.27,0.21,-1,-1,-1
277,363,691.74,906.16,86.56,94.37,0.35,-1,-1,-1
277,364,2379.65,642.80,30.19,70.35,0.46,-1,-1,-1
277,365,2351.22,648.18,30.71,69.92,0.45,-1,-1,-1
277,366,2300.97,651.71,35.70,77.15,0.50,-1,-1,-1
277,367,1557.81,1038.60,277.38,246.15,0.36,-1,-1,-1
277,368,1649.96,323.21,58.61,45.76,0.35,-1,-1,-1
278,123,333.25,730.20,214.71,145.89,0.84,-1,-1,-1
278,297,1329.74,301.66,62.24,48.27,0.74,-1,-1,-1
278,318,1753.78,440.14,65.84,54.05,0.74,-1,-1,-1
278,319,1802.96,483.43,75.46,76.67,0.80,-1,-1,-1
278,323,1927.81,590.06,132.17,107.60,0.68,-1,-1,-1
278,308,759.45,399.28,109.52,102.55,0.22,-1,-1,-1
278,306,1101.13,951.49,47.31,113.56,0.40,-1,-1,-1
278,315,1707.44,479.32,26.33,50.46,0.48,-1,-1,-1
278,337,2264.47,749.83,36.28,64.71,0.47,-1,-1,-1
278,338,243.74,772.79,38.46,86.30,0.61,-1,-1,-1
278,301,1457.86,306.23,25.98,37.91,0.37,-1,-1,-1
278,339,2131.62,464.53,25.06,57.37,0.53,-1,-1,-1
278,276,1718.31,396.55,65.54,52.99,0.79,-1,-1,-1
278,340,418.55,647.05,36.34,78.06,0.65,-1,-1,-1
278,341,365.41,686.75,41.20,78.84,0.46,-1,-1,-1
278,349,1364.19,397.98,59.82,70.28,0.79,-1,-1,-1
278,350,913.58,938.73,46.48,105.02,0.53,-1,-1,-1
278,281,2294.23,837.49,46.98,70.58,0.53,-1,-1,-1
278,352,2068.35,821.30,44.29,94.70,0.64,-1,-1,-1
278,353,1704.32,482.55,31.58,49.13,0.10,-1,-1,-1
278,354,2243.38,719.04,29.34,60.02,0.34,-1,-1,-1
278,355,2439.69,602.90,39.93,81.78,0.61,-1,-1,-1
278,357,2196.99,901.40,97.31,89.40,0.43,-1,-1,-1
278,356,1563.86,227.16,39.73,36.58,0.75,-1,-1,-1
278,358,1476.38,734.06,119.94,113.39,0.53,-1,-1,-1
278,360,2348.69,852.96,42.89,63.88,0.60,-1,-1,-1
278,361,655.97,963.18,56.85,111.70,0.38,-1,-1,-1
278,362,2055.27,690.22,108.88,135.27,0.30,-1,-1,-1
278,363,701.71,909.86,79.08,85.16,0.11,-1,-1,-1
278,364,2381.83,644.08,29.16,67.80,0.47,-1,-1,-1
278,365,2351.79,648.48,31.09,70.65,0.41,-1,-1,-1
278,366,2301.83,651.65,35.84,77.14,0.50,-1,-1,-1
278,367,1558.95,1027.57,259.96,234.44,0.43,-1,-1,-1
278,368,1651.90,324.35,56.79,44.18,0.41,-1,-1,-1
279,123,340.87,728.33,212.91,144.39,0.85,-1,-1,-1
279,297,1327.30,298.91,62.64,47.77,0.74,-1,-1,-1
279,318,1753.47,439.38,66.92,55.23,0.75,-1,-1,-1
279,319,1803.75,483.54,75.76,76.90,0.80,-1,-1,-1
279,323,1927.47,589.97,132.69,108.22,0.74,-1,-1,-1
279,308,760.40,399.81,109.38,102.50,0.29,-1,-1,-1
279,306,1095.04,952.19,48.46,116.78,0.59,-1,-1,-1
279,315,1707.54,477.59,25.78,50.20,0.46,-1,-1,-1
279,337,2265.73,750.33,36.42,64.23,0.45,-1,-1,-1
279,338,243.67,771.65,39.68,88.89,0.52,-1,-1,-1
279,301,1457.61,305.34,26.34,38.09,0.35,-1,-1,-1
279,339,2132.44,463.70,24.74,56.99,0.55,-1,-1,-1
279,276,1719.56,396.51,65.04,52.47,0.77,-1,-1,-1
279,340,419.90,648.24,36.06,77.32,0.69,-1,-1,-1
279,341,365.82,687.86,43.24,83.33,0.50,-1,-1,-1
279,349,1364.83,394.26,57.59,67.24,0.75,-1,-1,-1
279,350,904.79,940.43,46.27,105.90,0.56,-1,-1,-1
279,281,2295.85,837.32,46.31,69.65,0.49,-1,-1,-1
279,352,2071.64,822.40,43.95,94.17,0.64,-1,-1,-1
279,354,2248.87,723.55,28.92,58.54,0.37,-1,-1,-1
279,355,2443.70,605.97,39.44,80.88,0.53,-1,-1,-1
279,357,2197.84,901.53,96.90,88.05,0.28,-1,-1,-1
279,356,1564.55,228.39,39.14,35.91,0.72,-1,-1,-1
279,358,1472.75,722.05,120.34,114.40,0.64,-1,-1,-1
279,360,2349.93,853.42,42.69,63.79,0.55,-1,-1,-1
279,361,652.29,964.42,53.79,107.10,0.55,-1,-1,-1
279,362,2055.81,690.70,109.74,135.60,0.44,-1,-1,-1
279,363,712.84,910.15,85.65,94.00,0.19,-1,-1,-1
279,364,2383.64,644.16,29.52,68.55,0.49,-1,-1,-1
279,365,2352.52,648.38,31.02,70.16,0.45,-1,-1,-1
279,366,2302.57,652.09,35.56,76.33,0.48,-1,-1,-1
279,367,1557.94,1010.57,242.79,222.21,0.73,-1,-1,-1
279,368,1652.59,324.99,56.36,43.67,0.62,-1,-1,-1
280,123,345.45,727.09,214.40,145.62,0.86,-1,-1,-1
280,297,1319.45,295.34,66.15,48.92,0.74,-1,-1,-1
280,318,1753.95,438.97,67.49,55.94,0.78,-1,-1,-1
280,319,1804.87,483.02,76.65,77.56,0.80,-1,-1,-1
280,323,1928.10,589.91,132.54,108.13,0.71,-1,-1,-1
280,308,762.16,400.70,108.40,101.67,0.23,-1,-1,-1
280,306,1088.99,951.60,49.65,118.36,0.59,-1,-1,-1
280,315,1707.11,480.08,24.76,47.89,0.11,-1,-1,-1
280,337,2266.46,751.76,36.01,63.07,0.51,-1,-1,-1
280,338,244.73,772.08,39.67,88.34,0.63,-1,-1,-1
280,301,1457.60,304.20,26.81,38.59,0.35,-1,-1,-1
280,339,2133.67,463.73,24.20,55.96,0.51,-1,-1,-1
280,276,1720.57,396.68,64.52,51.88,0.78,-1,-1,-1
280,340,421.16,648.41,36.09,77.62,0.71,-1,-1,-1
280,341,365.72,688.81,43.99,84.93,0.52,-1,-1,-1
280,349,1364.70,389.08,57.49,66.81,0.72,-1,-1,-1
280,350,897.08,939.57,47.11,109.11,0.60,-1,-1,-1
280,281,2296.98,837.46,46.65,70.00,0.49,-1,-1,-1
280,352,2074.09,823.54,43.42,93.01,0.69,-1,-1,-1
280,355,2446.06,606.25,39.96,82.31,0.45,-1,-1,-1
280,357,2196.50,897.19,101.18,91.71,0.36,-1,-1,-1
280,356,1565.31,228.75,38.76,35.52,0.67,-1,-1,-1
280,358,1471.17,711.00,118.29,113.02,0.57,-1,-1,-1
280,360,2350.94,853.09,42.72,64.11,0.51,-1,-1,-1
280,361,649.44,966.53,50.19,100.85,0.63,-1,-1,-1
280,362,2057.20,689.28,111.47,136.84,0.25,-1,-1,-1
280,363,711.49,912.69,87.35,96.87,0.17,-1,-1,-1
280,364,2385.18,642.56,29.89,69.74,0.46,-1,-1,-1
280,365,2354.40,648.27,31.23,70.30,0.37,-1,-1,-1
280,366,2303.04,651.87,35.95,76.82,0.41,-1,-1,-1
280,367,1555.56,993.85,229.84,213.22,0.63,-1,-1,-1
280,368,1652.29,324.94,57.08,44.12,0.44,-1,-1,-1
281,123,350.72,725.56,215.30,146.40,0.87,-1,-1,-1
281,297,1316.31,291.49,69.06,49.95,0.71,-1,-1,-1
281,318,1754.88,438.44,67.14,55.95,0.76,-1,-1,-1
281,319,1806.42,482.92,77.14,77.90,0.80,-1,-1,-1
281,323,1928.63,589.59,132.38,107.93,0.69,-1,-1,-1
281,308,762.30,401.58,107.53,100.65,0.14,-1,-1,-1
281,306,1084.42,951.85,50.03,117.67,0.62,-1,-1,-1
281,315,1707.29,484.86,22.53,42.62,0.10,-1,-1,-1
281,337,2267.59,752.14,36.10,62.65,0.51,-1,-1,-1
281,338,245.63,772.97,38.63,85.43,0.60,-1,-1,-1
281,301,1457.68,303.24,26.50,37.81,0.30,-1,-1,-1
281,339,2134.42,463.57,23.97,55.57,0.55,-1,-1,-1
281,276,1721.55,397.10,63.86,51.23,0.77,-1,-1,-1
281,340,421.91,647.89,36.10,77.73,0.69,-1,-1,-1
281,341,365.36,689.44,44.85,86.81,0.49,-1,-1,-1
281,349,1364.34,384.10,57.79,67.01,0.80,-1,-1,-1
281,350,890.46,939.39,43.67,101.20,0.59,-1,-1,-1
281,281,2296.94,838.00,45.93,68.56,0.51,-1,-1,-1
281,352,2075.03,824.34,43.00,91.83,0.73,-1,-1,-1
281,355,2448.05,606.42,38.68,79.62,0.41,-1,-1,-1
281,357,2197.33,897.43,101.12,91.29,0.29,-1,-1,-1
281,356,1565.22,228.77,38.89,35.57,0.67,-1,-1,-1
281,358,1470.52,701.96,114.88,110.16,0.71,-1,-1,-1
281,360,2350.80,853.14,43.80,66.25,0.49,-1,-1,-1
281,361,645.64,966.43,49.03,99.20,0.60,-1,-1,-1
281,362,2054.69,683.66,116.01,142.28,0.37,-1,-1,-1
281,363,717.21,912.84,89.20,94.21,0.12,-1,-1,-1
281,364,2386.34,642.39,29.52,69.32,0.50,-1,-1,-1
281,365,2355.91,649.01,31.06,69.62,0.46,-1,-1,-1
281,366,2303.58,651.74,35.88,76.32,0.53,-1,-1,-1
281,367,1552.46,975.90,223.31,210.49,0.62,-1,-1,-1
281,368,1652.29,325.10,57.61,44.36,0.38,-1,-1,-1
282,123,356.30,724.27,213.08,144.75,0.85,-1,-1,-1
282,297,1316.73,287.87,69.74,49.77,0.72,-1,-1,-1
282,318,1754.65,438.16,67.18,56.09,0.78,-1,-1,-1
282,319,1805.58,481.67,78.55,79.02,0.80,-1,-1,-1
282,323,1929.10,589.92,132.14,107.69,0.74,-1,-1,-1
282,308,763.01,401.47,107.85,101.04,0.15,-1,-1,-1
282,306,1081.68,953.48,50.29,117.48,0.62,-1,-1,-1
282,315,1706.83,487.92,20.59,37.39,0.10,-1,-1,-1
282,337,2267.86,751.96,36.69,63.30,0.51,-1,-1,-1
282,338,246.02,772.51,40.27,88.55,0.51,-1,-1,-1
282,301,1457.65,302.47,26.21,36.87,0.20,-1,-1,-1
282,339,2135.25,463.59,23.61,54.86,0.56,-1,-1,-1
282,276,1721.77,396.85,65.16,52.33,0.74,-1,-1,-1
282,340,422.32,647.37,36.38,78.47,0.69,-1,-1,-1
282,341,364.64,690.72,44.65,86.17,0.58,-1,-1,-1
282,349,1362.89,378.06,58.47,67.42,0.73,-1,-1,-1
282,350,884.88,940.50,46.08,106.08,0.52,-1,-1,-1
282,281,2297.44,836.98,46.80,69.72,0.56,-1,-1,-1
282,352,2075.55,824.60,42.36,90.21,0.73,-1,-1,-1
282,355,2457.61,609.07,31.17,63.02,0.17,-1,-1,-1
282,357,2197.28,896.61,103.12,92.97,0.35,-1,-1,-1
282,356,1565.17,228.26,39.00,35.58,0.72,-1,-1,-1
282,358,1467.75,691.06,113.33,109.09,0.81,-1,-1,-1
282,360,2351.45,852.83,43.53,66.10,0.51,-1,-1,-1
282,361,640.20,966.99,51.37,104.03,0.47,-1,-1,-1
282,362,2053.76,679.39,119.10,146.33,0.47,-1,-1,-1
282,364,2386.86,642.03,29.54,69.81,0.52,-1,-1,-1
282,365,2357.19,648.78,31.03,69.22,0.49,-1,-1,-1
282,366,2304.21,651.34,36.44,77.09,0.56,-1,-1,-1
282,367,1547.13,959.33,217.19,208.06,0.71,-1,-1,-1
282,368,1651.60,325.04,58.07,44.61,0.34,-1,-1,-1
282,369,534.78,941.34,46.56,104.78,0.52,-1,-1,-1
282,370,599.72,952.02,43.08,96.40,0.52,-1,-1,-1
283,123,360.63,723.59,212.61,143.98,0.86,-1,-1,-1
283,297,1318.19,286.28,68.73,48.37,0.74,-1,-1,-1
283,318,1754.07,437.92,67.55,56.48,0.78,-1,-1,-1
283,319,1804.62,480.67,80.13,80.18,0.78,-1,-1,-1
283,323,1929.32,589.73,132.16,107.65,0.69,-1,-1,-1
283,308,764.36,402.34,106.39,99.75,0.16,-1,-1,-1
283,306,1080.62,952.59,50.85,118.56,0.53,-1,-1,-1
283,315,1702.80,485.62,21.23,38.31,0.13,-1,-1,-1
283,337,2268.20,754.44,35.82,61.34,0.51,-1,-1,-1
283,338,246.07,771.95,40.87,89.66,0.59,-1,-1,-1
283,301,1458.50,300.99,26.04,36.78,0.29,-1,-1,-1
283,339,2136.07,463.32,23.50,54.59,0.60,-1,-1,-1
283,276,1722.09,396.89,65.38,52.51,0.75,-1,-1,-1
283,340,423.29,646.78,36.53,78.73,0.63,-1,-1,-1
283,341,364.12,691.18,44.48,85.69,0.61,-1,-1,-1
283,349,1362.77,375.02,56.29,64.55,0.75,-1,-1,-1
283,350,878.93,941.29,43.18,98.36,0.56,-1,-1,-1
283,281,2298.11,837.40,46.85,69.64,0.53,-1,-1,-1
283,352,2075.58,825.04,42.42,90.22,0.75,-1,-1,-1
283,355,2461.01,605.68,36.34,73.70,0.19,-1,-1,-1
283,357,2196.81,894.61,105.43,95.29,0.40,-1,-1,-1
283,356,1565.36,228.24,38.81,35.35,0.69,-1,-1,-1
283,358,1465.23,680.58,111.97,108.12,0.72,-1,-1,-1
283,360,2352.07,852.55,43.27,65.76,0.53,-1,-1,-1
283,361,636.24,969.27,49.63,100.30,0.46,-1,-1,-1
283,362,2054.52,678.81,119.11,146.74,0.43,-1,-1,-1
283,364,2387.33,642.45,29.44,69.80,0.50,-1,-1,-1
283,365,2357.67,649.28,31.75,70.43,0.55,-1,-1,-1
283,366,2304.48,651.37,36.69,77.15,0.56,-1,-1,-1
283,367,1543.27,940.84,207.99,201.84,0.77,-1,-1,-1
283,368,1652.73,325.80,57.25,43.75,0.51,-1,-1,-1
283,369,528.66,940.62,46.36,104.19,0.42,-1,-1,-1
283,370,596.31,952.63,37.78,84.11,0.46,-1,-1,-1
284,123,366.16,723.38,209.93,141.70,0.87,-1,-1,-1
284,297,1319.01,284.80,68.51,47.76,0.72,-1,-1,-1
284,318,1753.39,437.62,67.89,56.36,0.82,-1,-1,-1
284,319,1804.43,480.07,81.32,81.02,0.79,-1,-1,-1
284,323,1930.25,591.26,129.76,105.38,0.77,-1,-1,-1
284,308,764.88,401.79,107.26,100.79,0.15,-1,-1,-1
284,306,1076.76,951.97,51.49,120.33,0.66,-1,-1,-1
284,337,2268.51,755.27,35.15,59.99,0.48,-1,-1,-1
284,338,248.21,773.22,40.12,87.99,0.61,-1,-1,-1
284,301,1458.54,299.05,26.33,37.32,0.26,-1,-1,-1
284,339,2137.20,464.93,23.36,54.15,0.53,-1,-1,-1
284,276,1723.56,397.56,65.12,52.10,0.73,-1,-1,-1
284,340,423.60,646.30,36.69,79.16,0.66,-1,-1,-1
284,341,364.68,692.72,44.04,84.00,0.42,-1,-1,-1
284,349,1362.23,370.97,56.61,64.91,0.77,-1,-1,-1
284,350,869.50,942.47,41.17,92.74,0.54,-1,-1,-1
284,281,2298.49,838.01,47.12,69.71,0.51,-1,-1,-1
284,352,2075.86,824.98,43.28,92.11,0.73,-1,-1,-1
284,355,2462.21,601.18,40.88,83.78,0.13,-1,-1,-1
284,357,2197.70,894.43,104.93,94.81,0.28,-1,-1,-1
284,356,1565.61,228.43,38.97,35.58,0.66,-1,-1,-1
284,358,1464.10,671.97,109.18,105.67,0.79,-1,-1,-1
284,360,2352.87,852.80,42.95,65.18,0.53,-1,-1,-1
284,361,626.84,970.67,49.60,99.15,0.29,-1,-1,-1
284,362,2054.72,678.27,119.93,147.71,0.55,-1,-1,-1
284,364,2387.95,642.82,29.57,70.66,0.50,-1,-1,-1
284,365,2357.72,649.69,32.25,71.27,0.55,-1,-1,-1
284,366,2304.93,651.23,36.57,76.81,0.51,-1,-1,-1
284,367,1539.64,923.87,197.31,192.66,0.74,-1,-1,-1
284,368,1654.48,326.40,57.35,43.54,0.13,-1,-1,-1
284,369,520.07,942.15,45.54,102.39,0.46,-1,-1,-1
284,370,584.02,953.79,41.39,92.15,0.40,-1,-1,-1
285,123,373.81,722.85,205.40,137.94,0.86,-1,-1,-1
285,297,1318.59,282.93,68.97,47.55,0.68,-1,-1,-1
285,318,1752.91,437.37,68.53,56.66,0.80,-1,-1,-1
285,319,1803.77,479.78,82.14,81.46,0.79,-1,-1,-1
285,323,1929.97,590.25,131.94,107.20,0.77,-1,-1,-1
285,308,765.05,401.99,107.14,100.86,0.22,-1,-1,-1
285,306,1074.22,950.14,51.77,122.73,0.63,-1,-1,-1
285,337,2268.78,755.40,35.17,59.74,0.46,-1,-1,-1
285,338,249.12,772.71,40.47,88.68,0.56,-1,-1,-1
285,301,1457.14,297.90,26.41,37.02,0.16,-1,-1,-1
285,339,2138.23,465.43,23.05,53.14,0.54,-1,-1,-1
285,276,1723.50,397.32,65.86,52.75,0.73,-1,-1,-1
285,340,424.26,647.09,36.39,78.32,0.62,-1,-1,-1
285,341,364.60,693.66,44.62,84.51,0.59,-1,-1,-1
285,349,1360.90,366.46,57.71,66.42,0.69,-1,-1,-1
285,350,861.90,942.88,38.42,86.37,0.49,-1,-1,-1
285,281,2296.99,839.31,48.10,70.42,0.56,-1,-1,-1
285,352,2076.94,826.55,43.00,91.59,0.71,-1,-1,-1
285,357,2198.71,895.63,105.16,94.86,0.45,-1,-1,-1
285,356,1566.10,228.42,39.02,35.77,0.63,-1,-1,-1
285,358,1463.03,662.60,106.73,103.61,0.76,-1,-1,-1
285,360,2353.64,852.63,43.07,65.26,0.46,-1,-1,-1
285,361,621.68,970.99,49.12,97.86,0.39,-1,-1,-1
285,362,2054.96,676.98,122.00,150.25,0.47,-1,-1,-1
285,364,2388.14,642.72,30.14,72.30,0.59,-1,-1,-1
285,365,2358.03,650.35,32.44,71.47,0.60,-1,-1,-1
285,366,2306.16,652.07,36.03,75.35,0.52,-1,-1,-1
285,367,1534.25,907.24,193.38,190.18,0.83,-1,-1,-1
285,368,1654.26,326.14,57.38,43.51,0.28,-1,-1,-1
285,369,514.42,941.12,45.60,102.58,0.51,-1,-1,-1
285,370,573.63,966.98,42.94,95.57,0.34,-1,-1,-1
286,123,379.21,721.89,206.33,137.99,0.87,-1,-1,-1
286,297,1316.91,279.00,71.33,48.75,0.75,-1,-1,-1
286,318,1753.64,437.59,68.54,56.34,0.78,-1,-1,-1
286,319,1806.11,480.33,81.45,80.82,0.81,-1,-1,-1
286,323,1930.38,590.00,133.05,108.27,0.75,-1,-1,-1
286,308,765.48,402.07,106.94,100.92,0.39,-1,-1,-1
286,306,1071.18,948.32,49.91,120.41,0.54,-1,-1,-1
286,337,2267.44,759.27,33.30,56.48,0.12,-1,-1,-1
286,338,250.69,772.02,40.25,88.38,0.54,-1,-1,-1
286,301,1458.00,297.15,26.20,36.72,0.23,-1,-1,-1
286,339,2139.43,464.77,23.35,53.62,0.56,-1,-1,-1
286,276,1724.56,397.61,65.65,52.45,0.72,-1,-1,-1
286,340,425.40,648.25,35.97,77.49,0.50,-1,-1,-1
286,341,365.34,693.88,44.54,84.09,0.34,-1,-1,-1
286,349,1360.39,361.98,57.44,66.07,0.72,-1,-1,-1
286,350,851.89,933.22,38.10,84.58,0.18,-1,-1,-1
286,281,2300.37,840.09,47.29,69.11,0.57,-1,-1,-1
286,352,2077.96,827.96,42.78,91.14,0.68,-1,-1,-1
286,357,2200.96,898.21,103.72,93.10,0.28,-1,-1,-1
286,356,1566.41,228.23,39.41,36.20,0.52,-1,-1,-1
286,358,1461.08,652.57,107.28,104.91,0.65,-1,-1,-1
286,360,2356.28,853.29,42.96,64.80,0.52,-1,-1,-1
286,361,617.72,970.93,48.88,97.75,0.40,-1,-1,-1
286,362,2055.96,678.02,121.13,149.12,0.58,-1,-1,-1
286,364,2388.86,643.32,30.39,72.97,0.62,-1,-1,-1
286,365,2358.10,650.31,32.54,71.45,0.66,-1,-1,-1
286,366,2307.23,652.33,36.93,77.29,0.48,-1,-1,-1
286,367,1531.14,891.69,184.71,182.12,0.78,-1,-1,-1
286,368,1653.92,326.98,56.16,42.63,0.24,-1,-1,-1
286,369,508.35,941.59,45.73,102.11,0.57,-1,-1,-1
286,370,569.97,959.61,43.49,96.82,0.40,-1,-1,-1
287,123,384.28,721.08,208.33,139.12,0.88,-1,-1,-1
287,297,1317.22,276.59,71.51,48.41,0.70,-1,-1,-1
287,318,1754.16,437.24,68.94,56.40,0.82,-1,-1,-1
287,319,1808.16,480.09,81.21,80.97,0.80,-1,-1,-1
287,323,1932.63,590.89,131.89,107.44,0.78,-1,-1,-1
287,308,766.46,404.43,105.09,99.24,0.26,-1,-1,-1
287,306,1068.21,948.24,48.04,117.01,0.49,-1,-1,-1
287,338,250.97,771.85,40.29,88.36,0.62,-1,-1,-1
287,301,1457.63,294.29,26.63,37.43,0.22,-1,-1,-1
287,339,2141.16,463.89,23.22,53.07,0.60,-1,-1,-1
287,276,1725.40,397.74,65.54,52.25,0.74,-1,-1,-1
287,340,427.55,647.99,35.99,77.28,0.56,-1,-1,-1
287,341,368.30,695.86,43.27,81.95,0.50,-1,-1,-1
287,349,1361.20,358.32,56.22,64.52,0.75,-1,-1,-1
287,350,846.98,924.90,39.20,85.40,0.36,-1,-1,-1
287,281,2302.30,838.92,47.71,69.81,0.56,-1,-1,-1
287,352,2079.84,828.78,41.69,88.07,0.66,-1,-1,-1
287,357,2203.79,899.40,102.79,91.42,0.26,-1,-1,-1
287,356,1566.97,228.05,39.55,36.43,0.49,-1,-1,-1
287,358,1461.52,643.56,102.53,99.96,0.72,-1,-1,-1
287,360,2358.05,853.38,43.41,65.41,0.54,-1,-1,-1
287,361,612.21,970.43,48.58,98.36,0.44,-1,-1,-1
287,362,2056.83,679.40,120.24,147.99,0.32,-1,-1,-1
287,364,2390.32,643.85,30.01,71.90,0.67,-1,-1,-1
287,365,2358.40,650.69,32.70,71.59,0.66,-1,-1,-1
287,366,2309.39,653.28,36.86,77.42,0.50,-1,-1,-1
287,367,1524.28,874.84,183.43,182.16,0.82,-1,-1,-1
287,369,504.76,940.83,46.32,103.15,0.61,-1,-1,-1
287,370,569.60,956.27,43.82,97.65,0.43,-1,-1,-1
288,123,388.25,718.69,213.51,142.77,0.85,-1,-1,-1
288,297,1317.27,275.37,70.51,47.07,0.66,-1,-1,-1
288,318,1755.97,438.41,68.29,55.54,0.80,-1,-1,-1
288,319,1810.67,480.55,79.75,80.15,0.80,-1,-1,-1
288,323,1934.52,591.46,131.17,107.12,0.82,-1,-1,-1
288,308,772.17,405.34,102.88,98.53,0.31,-1,-1,-1
288,306,1064.71,948.64,48.25,118.39,0.50,-1,-1,-1
288,338,255.04,770.93,40.54,88.85,0.57,-1,-1,-1
288,301,1458.27,293.02,26.11,36.63,0.27,-1,-1,-1
288,339,2143.36,463.87,23.07,52.45,0.58,-1,-1,-1
288,276,1725.57,397.55,66.05,52.41,0.77,-1,-1,-1
288,340,429.34,647.98,36.13,77.54,0.57,-1,-1,-1
288,341,370.44,698.11,42.34,80.52,0.47,-1,-1,-1
288,349,1361.59,353.82,56.29,64.68,0.74,-1,-1,-1
288,281,2305.14,837.84,48.35,71.27,0.55,-1,-1,-1
288,352,2083.03,830.62,41.93,88.46,0.60,-1,-1,-1
288,357,2209.42,900.98,101.67,89.62,0.17,-1,-1,-1
288,356,1566.67,226.19,41.47,38.29,0.46,-1,-1,-1
288,358,1459.97,635.02,100.88,97.85,0.74,-1,-1,-1
288,360,2359.28,853.37,43.88,66.36,0.55,-1,-1,-1
288,361,609.94,969.36,44.38,90.02,0.43,-1,-1,-1
288,362,2070.18,698.79,105.74,128.98,0.29,-1,-1,-1
288,364,2393.01,643.08,29.14,69.82,0.66,-1,-1,-1
288,365,2359.88,649.80,32.56,71.22,0.56,-1,-1,-1
288,366,2312.35,652.72,36.67,77.76,0.55,-1,-1,-1
288,367,1522.82,859.80,172.63,171.49,0.83,-1,-1,-1
288,369,501.39,939.46,48.16,107.09,0.64,-1,-1,-1
288,370,564.38,953.48,43.08,96.20,0.40,-1,-1,-1
288,371,2305.35,581.78,32.73,71.52,0.75,-1,-1,-1
289,123,398.56,716.84,209.78,140.11,0.88,-1,-1,-1
289,297,1315.81,274.02,70.51,46.24,0.67,-1,-1,-1
289,318,1759.39,439.62,66.62,53.94,0.78,-1,-1,-1
289,319,1813.05,481.91,78.30,78.61,0.78,-1,-1,-1
289,323,1934.38,591.82,131.81,107.79,0.67,-1,-1,-1
289,308,772.79,405.15,103.12,99.06,0.17,-1,-1,-1
289,306,1063.67,948.80,48.48,119.66,0.45,-1,-1,-1
289,338,258.27,772.41,40.00,87.51,0.60,-1,-1,-1
289,301,1458.86,291.57,26.24,36.77,0.23,-1,-1,-1
289,339,2145.28,464.11,23.21,52.58,0.48,-1,-1,-1
289,276,1725.79,397.28,66.53,52.75,0.81,-1,-1,-1
289,340,431.72,647.40,36.65,78.96,0.56,-1,-1,-1
289,341,371.94,696.88,43.47,83.40,0.22,-1,-1,-1
289,349,1362.79,350.53,55.93,64.40,0.75,-1,-1,-1
289,281,2306.83,837.34,48.88,72.48,0.54,-1,-1,-1
289,352,2087.27,830.94,41.90,87.82,0.62,-1,-1,-1
289,357,2211.50,901.39,99.86,88.10,0.11,-1,-1,-1
289,356,1569.34,228.11,39.86,36.54,0.35,-1,-1,-1
289,358,1458.91,626.53,99.90,96.65,0.81,-1,-1,-1
289,360,2362.82,853.24,42.53,64.23,0.46,-1,-1,-1
289,361,604.74,970.14,45.66,93.93,0.44,-1,-1,-1
289,362,2062.68,683.12,117.78,144.18,0.46,-1,-1,-1
289,364,2394.81,642.16,29.40,70.34,0.53,-1,-1,-1
289,365,2361.83,649.37,32.40,70.78,0.46,-1,-1,-1
289,366,2314.35,651.13,36.80,79.09,0.55,-1,-1,-1
289,367,1518.64,844.91,166.67,165.67,0.83,-1,-1,-1
289,369,499.00,941.34,47.70,105.24,0.64,-1,-1,-1
289,370,560.46,953.78,42.38,94.96,0.42,-1,-1,-1
289,371,2307.43,583.06,32.93,71.96,0.71,-1,-1,-1
289,355,2488.57,626.60,37.86,77.62,0.54,-1,-1,-1
289,368,1658.58,327.93,56.51,42.29,0.50,-1,-1,-1
290,123,405.38,715.12,210.19,140.55,0.86,-1,-1,-1
290,297,1316.51,273.00,70.21,45.49,0.65,-1,-1,-1
290,318,1759.64,439.34,67.91,54.64,0.78,-1,-1,-1
290,319,1811.25,480.27,80.83,80.95,0.77,-1,-1,-1
290,323,1935.90,591.63,131.34,107.60,0.74,-1,-1,-1
290,308,772.44,405.56,102.82,98.52,0.34,-1,-1,-1
290,306,1061.75,950.75,46.04,113.35,0.48,-1,-1,-1
290,338,260.08,773.49,40.08,87.27,0.62,-1,-1,-1
290,301,1459.19,290.49,26.44,37.07,0.24,-1,-1,-1
290,339,2146.41,463.66,23.44,53.01,0.41,-1,-1,-1
290,276,1726.29,397.10,66.94,52.99,0.82,-1,-1,-1
290,340,433.44,648.51,36.18,78.13,0.55,-1,-1,-1
290,341,374.29,696.90,40.76,77.24,0.28,-1,-1,-1
290,349,1361.98,346.09,56.71,65.46,0.71,-1,-1,-1
290,281,2309.40,838.56,47.74,70.48,0.58,-1,-1,-1
290,352,2090.33,830.89,42.80,89.11,0.66,-1,-1,-1
290,357,2211.49,900.64,101.76,89.50,0.32,-1,-1,-1
290,356,1569.87,227.63,40.44,36.90,0.38,-1,-1,-1
290,358,1458.40,619.32,97.98,94.44,0.58,-1,-1,-1
290,360,2365.41,853.47,42.12,63.52,0.49,-1,-1,-1
290,361,599.33,970.14,47.36,98.42,0.53,-1,-1,-1
290,362,2074.41,701.15,104.64,125.93,0.44,-1,-1,-1
290,364,2396.46,640.93,29.48,70.37,0.44,-1,-1,-1
290,365,2364.02,647.67,32.14,69.97,0.38,-1,-1,-1
290,366,2315.84,651.88,35.96,77.96,0.52,-1,-1,-1
290,367,1513.89,829.68,165.51,164.87,0.83,-1,-1,-1
290,369,495.21,942.40,49.06,106.81,0.52,-1,-1,-1
290,370,556.13,954.26,41.20,90.99,0.51,-1,-1,-1
290,371,2309.04,582.67,34.10,74.50,0.60,-1,-1,-1
290,355,2491.97,631.37,36.53,74.33,0.47,-1,-1,-1
290,368,1660.63,329.10,56.85,41.75,0.51,-1,-1,-1
291,123,414.63,713.16,208.06,138.55,0.90,-1,-1,-1
291,297,1318.64,271.75,68.60,43.91,0.63,-1,-1,-1
291,318,1760.37,439.42,68.25,54.60,0.76,-1,-1,-1
291,319,1812.13,480.85,80.18,80.15,0.77,-1,-1,-1
291,323,1937.18,591.18,130.53,106.99,0.56,-1,-1,-1
291,308,772.69,406.02,102.63,98.09,0.31,-1,-1,-1
291,306,1059.02,951.16,47.75,117.71,0.58,-1,-1,-1
291,338,261.90,772.65,40.51,88.16,0.63,-1,-1,-1
291,301,1459.61,289.63,26.35,36.99,0.30,-1,-1,-1
291,339,2148.71,464.07,22.96,51.39,0.37,-1,-1,-1
291,276,1727.47,396.79,67.18,53.19,0.80,-1,-1,-1
291,340,435.62,648.10,35.86,77.24,0.25,-1,-1,-1
291,341,377.29,698.19,41.84,79.50,0.24,-1,-1,-1
291,349,1363.14,341.57,55.99,64.78,0.76,-1,-1,-1
291,281,2311.67,838.22,47.36,69.86,0.49,-1,-1,-1
291,352,2093.61,831.83,41.51,85.69,0.70,-1,-1,-1
291,357,2212.27,903.48,100.35,87.75,0.39,-1,-1,-1
291,356,1570.44,229.19,39.40,35.49,0.47,-1,-1,-1
291,358,1457.17,610.03,96.96,93.45,0.77,-1,-1,-1
291,360,2367.19,853.20,41.98,63.09,0.57,-1,-1,-1
291,361,594.71,969.95,47.71,99.67,0.52,-1,-1,-1
291,362,2069.28,684.55,116.56,141.43,0.48,-1,-1,-1
291,364,2397.21,642.35,29.72,70.71,0.41,-1,-1,-1
291,365,2365.96,647.93,31.72,68.95,0.44,-1,-1,-1
291,366,2317.23,652.31,35.33,77.15,0.56,-1,-1,-1
291,367,1508.94,815.40,160.06,159.57,0.84,-1,-1,-1
291,369,490.74,943.13,47.45,103.10,0.56,-1,-1,-1
291,370,549.38,953.93,41.31,91.09,0.39,-1,-1,-1
291,371,2312.02,583.99,34.13,74.58,0.55,-1,-1,-1
291,355,2500.01,634.29,34.57,69.73,0.32,-1,-1,-1
291,368,1661.19,329.39,56.87,41.17,0.23,-1,-1,-1
292,123,422.37,712.29,205.95,136.75,0.88,-1,-1,-1
292,297,1316.12,267.94,72.46,46.01,0.62,-1,-1,-1
292,318,1760.31,438.95,69.36,55.28,0.75,-1,-1,-1
292,319,1813.04,481.10,80.08,79.82,0.76,-1,-1,-1
292,323,1939.13,592.42,129.44,106.08,0.65,-1,-1,-1
292,308,772.90,404.26,103.69,98.97,0.28,-1,-1,-1
292,306,1054.69,951.58,49.58,121.40,0.50,-1,-1,-1
292,338,263.61,772.27,40.93,88.78,0.59,-1,-1,-1
292,301,1460.00,288.63,26.39,37.06,0.22,-1,-1,-1
292,339,2150.20,464.64,23.02,51.22,0.47,-1,-1,-1
292,276,1728.22,396.18,67.53,53.59,0.81,-1,-1,-1
292,340,437.86,647.97,35.74,77.17,0.60,-1,-1,-1
292,341,379.87,698.36,43.50,82.82,0.35,-1,-1,-1
292,349,1364.43,338.58,54.99,63.76,0.76,-1,-1,-1
292,281,2313.39,839.29,45.95,67.30,0.53,-1,-1,-1
292,352,2095.31,831.50,42.12,86.28,0.66,-1,-1,-1
292,357,2213.67,902.19,101.51,88.37,0.39,-1,-1,-1
292,356,1572.52,231.61,37.29,33.18,0.47,-1,-1,-1
292,358,1455.18,602.65,96.37,92.56,0.75,-1,-1,-1
292,360,2368.35,853.38,42.08,63.30,0.59,-1,-1,-1
292,361,590.88,969.89,47.91,100.42,0.51,-1,-1,-1
292,362,2071.16,682.82,117.30,143.16,0.55,-1,-1,-1
292,364,2399.39,643.97,29.11,68.94,0.48,-1,-1,-1
292,365,2367.79,648.56,31.11,67.54,0.45,-1,-1,-1
292,366,2317.91,651.57,35.56,78.30,0.44,-1,-1,-1
292,367,1503.53,801.09,155.54,155.47,0.87,-1,-1,-1
292,369,485.69,947.00,47.85,104.21,0.12,-1,-1,-1
292,370,543.24,953.80,42.69,94.31,0.38,-1,-1,-1
292,371,2315.19,584.30,33.78,74.06,0.46,-1,-1,-1
292,355,2503.99,637.34,34.11,68.53,0.33,-1,-1,-1
292,368,1660.91,329.45,57.51,41.28,0.40,-1,-1,-1
293,123,429.47,710.40,204.16,135.16,0.86,-1,-1,-1
293,297,1315.64,266.64,72.39,45.38,0.51,-1,-1,-1
293,318,1762.08,438.92,69.50,55.12,0.76,-1,-1,-1
293,319,1817.22,482.11,78.76,78.71,0.76,-1,-1,-1
293,323,1941.66,592.86,128.41,105.06,0.70,-1,-1,-1
293,308,773.78,403.83,104.19,99.19,0.37,-1,-1,-1
293,306,1050.90,952.14,49.20,120.90,0.51,-1,-1,-1
293,338,267.99,773.44,39.99,86.66,0.62,-1,-1,-1
293,301,1460.46,287.67,26.29,37.10,0.28,-1,-1,-1
293,339,2151.38,464.31,23.11,51.22,0.49,-1,-1,-1
293,276,1729.74,396.04,67.78,53.97,0.80,-1,-1,-1
293,340,440.32,647.30,35.77,77.24,0.32,-1,-1,-1
293,341,383.31,698.48,44.18,84.42,0.29,-1,-1,-1
293,349,1365.95,336.15,52.85,61.20,0.79,-1,-1,-1
293,281,2315.25,838.72,46.97,68.59,0.51,-1,-1,-1
293,352,2096.59,832.41,42.06,85.35,0.69,-1,-1,-1
293,357,2215.86,903.46,98.99,85.45,0.26,-1,-1,-1
293,356,1572.04,233.19,38.15,33.51,0.57,-1,-1,-1
293,358,1454.95,594.93,95.38,91.70,0.78,-1,-1,-1
293,360,2369.96,852.51,42.88,64.54,0.56,-1,-1,-1
293,361,589.13,969.31,46.90,98.88,0.52,-1,-1,-1
293,362,2075.00,685.28,114.69,140.82,0.55,-1,-1,-1
293,364,2401.43,644.13,29.23,68.94,0.52,-1,-1,-1
293,365,2370.69,648.60,30.93,67.11,0.50,-1,-1,-1
293,366,2319.59,649.66,36.04,79.66,0.62,-1,-1,-1
293,367,1502.18,788.24,147.80,147.08,0.87,-1,-1,-1
293,369,480.19,942.66,47.09,102.60,0.42,-1,-1,-1
293,370,539.79,951.71,42.28,93.32,0.47,-1,-1,-1
293,371,2319.59,586.06,32.23,70.42,0.60,-1,-1,-1
293,355,2506.52,637.51,35.81,71.09,0.56,-1,-1,-1
293,368,1658.80,327.91,58.87,42.56,0.66,-1,-1,-1
294,123,437.39,708.07,204.76,135.28,0.85,-1,-1,-1
294,297,1315.26,264.23,73.86,45.88,0.49,-1,-1,-1
294,318,1763.35,439.70,69.25,54.87,0.68,-1,-1,-1
294,319,1818.77,481.65,78.66,79.14,0.77,-1,-1,-1
294,323,1943.15,593.11,127.60,104.15,0.58,-1,-1,-1
294,308,773.95,401.16,106.60,101.29,0.24,-1,-1,-1
294,306,1049.15,953.49,47.19,115.24,0.58,-1,-1,-1
294,338,270.34,771.48,40.78,88.33,0.61,-1,-1,-1
294,301,1460.79,286.19,26.54,37.65,0.30,-1,-1,-1
294,339,2152.67,464.17,23.53,52.19,0.51,-1,-1,-1
294,276,1731.36,396.58,67.44,53.83,0.78,-1,-1,-1
294,340,442.23,647.50,36.34,78.30,0.47,-1,-1,-1
294,341,387.40,698.67,44.22,85.05,0.47,-1,-1,-1
294,349,1366.24,333.00,52.39,60.62,0.76,-1,-1,-1
294,281,2319.69,840.25,45.93,66.74,0.50,-1,-1,-1
294,352,2096.85,832.82,42.42,85.54,0.68,-1,-1,-1
294,357,2218.82,904.90,96.44,82.81,0.34,-1,-1,-1
294,356,1573.78,234.56,36.08,31.14,0.61,-1,-1,-1
294,358,1453.95,587.15,93.69,89.97,0.62,-1,-1,-1
294,360,2373.06,853.21,43.09,64.88,0.59,-1,-1,-1
294,361,585.92,968.21,49.60,105.35,0.58,-1,-1,-1
294,362,2074.49,680.08,117.11,145.16,0.70,-1,-1,-1
294,364,2403.64,644.33,29.09,68.86,0.52,-1,-1,-1
294,365,2373.28,648.93,30.79,66.79,0.53,-1,-1,-1
294,366,2321.61,651.24,35.22,77.83,0.60,-1,-1,-1
294,367,1498.21,774.79,144.39,143.08,0.85,-1,-1,-1
294,369,477.45,940.25,47.70,103.61,0.52,-1,-1,-1
294,370,537.46,948.69,40.45,88.42,0.52,-1,-1,-1
294,371,2323.03,588.30,32.65,71.07,0.59,-1,-1,-1
294,355,2510.42,640.42,34.81,68.69,0.57,-1,-1,-1
294,368,1659.38,327.94,57.98,42.09,0.75,-1,-1,-1
295,123,444.15,706.38,207.62,137.19,0.88,-1,-1,-1
295,297,1322.64,261.26,71.30,44.59,0.31,-1,-1,-1
295,318,1765.71,440.49,68.25,53.97,0.69,-1,-1,-1
295,319,1820.48,481.14,79.41,80.04,0.78,-1,-1,-1
295,323,1945.64,593.87,126.03,102.38,0.68,-1,-1,-1
295,308,776.35,401.28,107.59,101.96,0.33,-1,-1,-1
295,306,1048.94,957.16,45.74,110.23,0.56,-1,-1,-1
295,338,274.13,771.18,40.82,88.49,0.62,-1,-1,-1
295,301,1461.46,285.01,27.05,38.53,0.35,-1,-1,-1
295,339,2154.36,465.12,23.99,53.19,0.53,-1,-1,-1
295,276,1732.70,396.97,67.35,53.87,0.75,-1,-1,-1
295,340,444.64,645.28,36.93,79.62,0.54,-1,-1,-1
295,341,389.75,698.20,44.86,87.01,0.45,-1,-1,-1
295,349,1366.43,329.23,52.64,60.98,0.64,-1,-1,-1
295,281,2323.62,839.95,46.36,67.65,0.56,-1,-1,-1
295,352,2098.39,834.09,43.31,87.05,0.71,-1,-1,-1
295,357,2223.07,904.10,97.56,83.62,0.31,-1,-1,-1
295,356,1572.76,233.07,38.85,33.25,0.62,-1,-1,-1
295,358,1454.69,580.16,92.52,88.38,0.67,-1,-1,-1
295,360,2376.97,853.92,42.37,63.52,0.63,-1,-1,-1
295,361,584.78,969.31,50.25,107.08,0.48,-1,-1,-1
295,362,2076.14,680.48,116.38,144.56,0.80,-1,-1,-1
295,364,2405.04,643.23,29.57,70.22,0.64,-1,-1,-1
295,365,2375.07,648.96,31.90,69.41,0.58,-1,-1,-1
295,366,2323.65,652.61,34.74,76.69,0.63,-1,-1,-1
295,367,1494.25,760.03,144.25,143.07,0.83,-1,-1,-1
295,369,476.43,942.29,49.45,106.29,0.52,-1,-1,-1
295,370,534.61,947.73,40.87,89.03,0.54,-1,-1,-1
295,371,2326.69,586.92,33.32,72.24,0.56,-1,-1,-1
295,355,2516.57,643.45,32.88,64.25,0.33,-1,-1,-1
295,368,1661.00,327.20,59.50,43.20,0.72,-1,-1,-1
296,123,450.41,702.72,209.10,138.14,0.83,-1,-1,-1
296,297,1331.57,258.16,69.41,44.65,0.46,-1,-1,-1
296,318,1767.06,440.85,67.81,53.40,0.79,-1,-1,-1
296,319,1818.63,479.45,82.48,82.77,0.78,-1,-1,-1
296,323,1948.49,592.54,128.70,104.38,0.80,-1,-1,-1
296,308,779.15,401.31,106.86,101.05,0.17,-1,-1,-1
296,306,1046.11,955.19,42.75,101.14,0.48,-1,-1,-1
296,338,277.39,773.04,40.74,88.69,0.60,-1,-1,-1
296,301,1462.61,284.40,26.68,37.92,0.24,-1,-1,-1
296,339,2156.69,464.31,24.18,53.31,0.54,-1,-1,-1
296,276,1734.50,396.95,67.03,53.71,0.75,-1,-1,-1
296,340,447.17,645.97,37.01,79.96,0.57,-1,-1,-1
296,341,392.35,698.88,45.09,88.23,0.51,-1,-1,-1
296,349,1368.24,326.15,51.19,59.22,0.78,-1,-1,-1
296,281,2325.48,837.84,47.29,69.27,0.53,-1,-1,-1
296,352,2100.52,833.45,45.05,90.24,0.66,-1,-1,-1
296,357,2225.75,904.10,98.54,84.50,0.32,-1,-1,-1
296,356,1571.90,232.28,40.36,34.31,0.56,-1,-1,-1
296,358,1453.31,572.51,92.17,87.82,0.65,-1,-1,-1
296,360,2377.74,853.06,43.23,64.98,0.50,-1,-1,-1
296,361,583.22,970.04,50.02,105.80,0.43,-1,-1,-1
296,362,2080.87,682.95,114.61,142.78,0.63,-1,-1,-1
296,364,2406.91,643.28,28.92,68.40,0.64,-1,-1,-1
296,365,2376.03,648.64,32.52,70.79,0.61,-1,-1,-1
296,366,2327.06,653.78,34.27,75.25,0.59,-1,-1,-1
296,367,1492.83,750.41,137.93,136.28,0.84,-1,-1,-1
296,369,472.52,940.85,49.38,105.53,0.56,-1,-1,-1
296,370,530.47,949.74,43.52,95.14,0.50,-1,-1,-1
296,371,2328.08,587.48,34.93,75.85,0.50,-1,-1,-1
296,355,2521.47,643.25,33.98,65.65,0.41,-1,-1,-1
296,368,1663.79,328.07,58.80,42.58,0.63,-1,-1,-1
297,123,458.63,699.03,208.34,138.26,0.84,-1,-1,-1
297,297,1334.79,257.12,66.88,43.90,0.35,-1,-1,-1
297,318,1767.46,440.08,69.45,54.62,0.75,-1,-1,-1
297,319,1821.41,479.23,82.20,82.39,0.79,-1,-1,-1
297,323,1952.35,593.36,128.45,103.98,0.59,-1,-1,-1
297,308,780.83,402.77,106.34,100.31,0.27,-1,-1,-1
297,306,1040.30,952.91,49.05,113.55,0.49,-1,-1,-1
297,338,280.37,773.39,40.02,86.54,0.64,-1,-1,-1
297,301,1463.30,283.90,26.04,36.92,0.27,-1,-1,-1
297,339,2158.93,464.25,24.07,52.89,0.55,-1,-1,-1
297,276,1736.86,396.76,67.82,54.43,0.76,-1,-1,-1
297,340,450.43,646.92,36.97,79.63,0.69,-1,-1,-1
297,341,394.73,699.47,45.26,89.12,0.50,-1,-1,-1
297,349,1369.98,322.24,50.04,57.84,0.84,-1,-1,-1
297,281,2327.85,836.73,47.41,69.43,0.55,-1,-1,-1
297,352,2103.52,833.26,45.21,90.49,0.57,-1,-1,-1
297,357,2231.80,905.21,98.15,84.12,0.32,-1,-1,-1
297,356,1571.88,232.80,40.61,34.10,0.54,-1,-1,-1
297,358,1453.04,565.48,92.71,88.37,0.50,-1,-1,-1
297,360,2381.54,852.82,42.68,64.20,0.59,-1,-1,-1
297,361,577.37,972.65,50.32,105.35,0.37,-1,-1,-1
297,362,2082.21,681.75,115.38,143.30,0.67,-1,-1,-1
297,364,2408.46,643.06,28.97,68.38,0.63,-1,-1,-1
297,365,2377.32,648.37,33.07,72.13,0.49,-1,-1,-1
297,366,2330.65,653.91,34.40,75.89,0.61,-1,-1,-1
297,367,1488.97,738.50,136.60,135.06,0.85,-1,-1,-1
297,369,468.99,940.29,47.54,101.14,0.57,-1,-1,-1
297,370,526.16,949.73,45.38,98.80,0.30,-1,-1,-1
297,371,2331.02,590.29,32.52,69.81,0.56,-1,-1,-1
297,355,2525.56,642.61,34.55,65.75,0.49,-1,-1,-1
297,368,1665.49,328.00,59.06,42.81,0.58,-1,-1,-1
298,123,467.15,696.90,208.26,138.74,0.86,-1,-1,-1
298,297,1341.24,258.54,59.96,40.21,0.52,-1,-1,-1
298,318,1767.83,439.86,70.06,54.91,0.77,-1,-1,-1
298,319,1819.87,478.87,83.84,83.48,0.80,-1,-1,-1
298,323,1952.87,593.99,128.67,104.16,0.48,-1,-1,-1
298,308,782.52,402.41,106.55,100.66,0.22,-1,-1,-1
298,306,1039.99,949.90,51.11,116.84,0.61,-1,-1,-1
298,338,283.14,772.29,39.46,84.43,0.58,-1,-1,-1
298,301,1463.56,283.45,25.72,36.35,0.23,-1,-1,-1
298,339,2159.92,464.37,24.09,52.84,0.58,-1,-1,-1
298,276,1738.06,396.58,67.58,54.29,0.76,-1,-1,-1
298,340,453.72,647.87,36.14,77.69,0.71,-1,-1,-1
298,341,396.03,699.80,45.44,90.03,0.55,-1,-1,-1
298,349,1370.49,319.01,49.81,57.47,0.82,-1,-1,-1
298,281,2330.28,835.65,46.78,68.81,0.50,-1,-1,-1
298,352,2104.86,833.44,45.04,90.24,0.61,-1,-1,-1
298,357,2233.37,906.15,97.43,83.07,0.38,-1,-1,-1
298,356,1572.71,233.71,40.41,33.52,0.55,-1,-1,-1
298,358,1453.19,559.45,91.15,86.81,0.64,-1,-1,-1
298,360,2384.13,852.67,42.08,63.09,0.54,-1,-1,-1
298,361,567.69,968.79,49.81,104.13,0.41,-1,-1,-1
298,362,2085.68,689.46,111.49,137.29,0.17,-1,-1,-1
298,364,2409.26,643.60,28.88,67.96,0.63,-1,-1,-1
298,365,2378.43,647.71,33.07,72.28,0.53,-1,-1,-1
298,366,2332.39,652.88,34.66,77.03,0.64,-1,-1,-1
298,367,1485.28,724.81,134.66,133.09,0.87,-1,-1,-1
298,369,466.17,939.32,47.24,100.84,0.57,-1,-1,-1
298,370,519.75,951.00,46.00,99.30,0.44,-1,-1,-1
298,371,2334.29,591.82,30.99,65.97,0.52,-1,-1,-1
298,355,2529.81,643.34,33.60,63.32,0.46,-1,-1,-1
298,368,1666.38,327.96,58.58,42.52,0.63,-1,-1,-1
299,123,477.08,694.89,208.61,139.13,0.84,-1,-1,-1
299,297,1341.92,256.18,59.13,40.47,0.60,-1,-1,-1
299,318,1769.68,439.62,70.08,54.76,0.74,-1,-1,-1
299,319,1818.86,477.99,85.17,84.61,0.78,-1,-1,-1
299,323,1954.64,591.68,132.04,107.11,0.52,-1,-1,-1
299,308,784.76,402.05,107.53,101.41,0.32,-1,-1,-1
299,306,1040.69,954.16,48.61,109.22,0.49,-1,-1,-1
299,338,286.13,771.89,39.68,84.19,0.56,-1,-1,-1
299,301,1464.02,281.94,26.22,36.92,0.16,-1,-1,-1
299,339,2160.69,464.39,24.23,52.96,0.52,-1,-1,-1
299,276,1739.46,396.60,68.12,54.73,0.78,-1,-1,-1
299,340,455.98,647.64,36.40,78.14,0.65,-1,-1,-1
299,341,396.70,700.34,44.70,89.34,0.48,-1,-1,-1
299,349,1371.45,316.12,48.83,56.24,0.80,-1,-1,-1
299,281,2331.62,835.93,47.07,69.20,0.54,-1,-1,-1
299,352,2106.74,833.94,44.32,89.16,0.63,-1,-1,-1
299,357,2236.73,907.25,95.79,81.89,0.39,-1,-1,-1
299,356,1570.95,231.07,43.75,36.10,0.46,-1,-1,-1
299,358,1451.41,552.20,91.06,86.45,0.36,-1,-1,-1
299,360,2386.35,852.33,41.74,62.41,0.59,-1,-1,-1
299,361,563.85,969.33,49.32,104.13,0.51,-1,-1,-1
299,362,2088.21,689.76,111.24,136.03,0.34,-1,-1,-1
299,364,2409.78,643.87,28.59,67.15,0.59,-1,-1,-1
299,365,2381.38,646.73,32.15,69.98,0.44,-1,-1,-1
299,366,2333.26,651.57,35.00,78.43,0.61,-1,-1,-1
299,367,1481.83,712.78,132.03,130.25,0.85,-1,-1,-1
299,369,462.15,936.31,49.68,106.68,0.50,-1,-1,-1
299,370,516.65,950.75,44.47,95.47,0.52,-1,-1,-1
299,371,2337.15,593.23,31.08,66.20,0.48,-1,-1,-1
299,355,2535.22,644.39,34.92,66.34,0.19,-1,-1,-1
299,368,1668.80,328.74,58.31,41.78,0.76,-1,-1,-1
299,363,774.70,941.78,88.05,106.02,0.57,-1,-1,-1
300,123,485.88,692.88,206.55,137.76,0.84,-1,-1,-1
300,297,1340.27,253.10,58.79,40.72,0.51,-1,-1,-1
300,318,1772.87,439.46,69.83,54.73,0.76,-1,-1,-1
300,319,1820.28,478.19,85.36,84.36,0.79,-1,-1,-1
300,323,1956.52,591.23,133.25,108.50,0.52,-1,-1,-1
300,308,787.56,401.47,107.96,101.82,0.30,-1,-1,-1
300,306,1038.78,950.98,49.06,110.10,0.59,-1,-1,-1
300,338,290.80,770.83,40.37,85.52,0.61,-1,-1,-1
300,301,1464.45,279.92,27.15,38.32,0.20,-1,-1,-1
300,339,2162.78,464.25,23.81,52.09,0.50,-1,-1,-1
300,276,1741.13,397.42,67.37,53.90,0.81,-1,-1,-1
300,340,457.97,646.15,37.32,80.05,0.48,-1,-1,-1
300,341,400.88,700.53,44.73,89.94,0.60,-1,-1,-1
300,349,1372.56,312.73,48.50,55.66,0.79,-1,-1,-1
300,281,2333.67,835.45,47.44,70.05,0.49,-1,-1,-1
300,352,2109.40,834.33,44.14,88.94,0.69,-1,-1,-1
300,357,2244.81,909.10,92.91,78.15,0.12,-1,-1,-1
300,356,1572.27,231.28,43.78,35.90,0.53,-1,-1,-1
300,358,1451.73,544.61,89.09,84.15,0.65,-1,-1,-1
300,360,2389.65,850.83,41.58,62.70,0.50,-1,-1,-1
300,361,562.31,968.83,48.62,103.62,0.55,-1,-1,-1
300,362,2096.39,699.10,104.11,125.94,0.52,-1,-1,-1
300,364,2410.57,643.93,28.81,67.65,0.55,-1,-1,-1
300,365,2384.15,646.24,31.61,68.87,0.59,-1,-1,-1
300,366,2334.75,652.11,34.67,77.71,0.59,-1,-1,-1
300,367,1479.50,701.77,129.95,128.08,0.84,-1,-1,-1
300,369,460.27,936.24,47.19,101.58,0.54,-1,-1,-1
300,370,513.41,950.71,45.94,99.33,0.53,-1,-1,-1
300,371,2339.32,593.04,32.80,70.37,0.40,-1,-1,-1
300,355,2538.54,644.30,34.01,64.96,0.12,-1,-1,-1
300,368,1669.10,329.40,58.29,41.46,0.77,-1,-1,-1
300,363,778.73,942.25,79.43,105.39,0.67,-1,-1,-1
301,123,494.11,691.74,205.40,136.86,0.85,-1,-1,-1
301,297,1334.43,249.90,61.88,42.55,0.36,-1,-1,-1
301,318,1775.41,439.70,68.55,53.80,0.77,-1,-1,-1
301,319,1825.91,480.24,82.41,81.26,0.77,-1,-1,-1
301,323,1960.15,590.89,132.47,107.84,0.61,-1,-1,-1
301,308,789.34,402.41,107.18,100.82,0.36,-1,-1,-1
301,306,1037.31,949.26,49.80,110.44,0.50,-1,-1,-1
301,338,293.16,770.74,40.50,85.71,0.61,-1,-1,-1
301,301,1464.71,278.77,27.37,38.72,0.17,-1,-1,-1
301,339,2164.97,464.17,23.98,52.40,0.49,-1,-1,-1
301,276,1742.85,398.30,65.76,52.19,0.81,-1,-1,-1
301,340,460.83,645.10,37.42,80.61,0.41,-1,-1,-1
301,341,403.84,701.54,43.90,88.45,0.65,-1,-1,-1
301,349,1372.95,309.33,48.34,55.26,0.65,-1,-1,-1
301,281,2335.91,834.86,47.11,69.67,0.46,-1,-1,-1
301,352,2111.29,834.06,44.71,90.41,0.63,-1,-1,-1
301,356,1572.73,230.88,44.59,36.40,0.47,-1,-1,-1
301,358,1451.68,536.99,87.88,82.97,0.47,-1,-1,-1
301,360,2391.05,848.84,42.19,63.85,0.51,-1,-1,-1
301,361,560.64,967.53,49.83,106.19,0.58,-1,-1,-1
301,362,2101.25,702.26,101.69,121.72,0.32,-1,-1,-1
301,364,2410.84,641.81,29.45,69.30,0.58,-1,-1,-1
301,365,2385.71,646.07,31.35,68.51,0.60,-1,-1,-1
301,366,2336.38,650.73,35.15,78.42,0.58,-1,-1,-1
301,367,1477.56,689.42,127.05,124.86,0.87,-1,-1,-1
301,369,458.27,934.67,47.61,103.00,0.55,-1,-1,-1
301,370,510.65,949.64,47.93,104.41,0.44,-1,-1,-1
301,371,2341.88,594.01,31.93,68.99,0.15,-1,-1,-1
301,368,1668.62,329.36,58.23,41.31,0.59,-1,-1,-1
301,363,778.29,941.02,74.61,106.05,0.59,-1,-1,-1
301,374,2510.80,923.85,37.68,75.35,0.55,-1,-1,-1
302,123,502.52,690.47,204.82,136.73,0.85,-1,-1,-1
302,297,1338.50,248.67,60.10,41.72,0.32,-1,-1,-1
302,318,1776.76,438.43,69.53,54.65,0.72,-1,-1,-1
302,319,1826.61,477.11,83.42,82.25,0.79,-1,-1,-1
302,323,1960.65,587.95,135.59,110.63,0.63,-1,-1,-1
302,308,790.99,402.65,106.66,100.27,0.33,-1,-1,-1
302,306,1032.12,943.31,51.83,115.03,0.59,-1,-1,-1
302,338,296.81,768.81,40.72,86.09,0.64,-1,-1,-1
302,301,1465.10,276.90,27.88,39.56,0.25,-1,-1,-1
302,339,2166.04,462.30,24.43,53.37,0.48,-1,-1,-1
302,276,1742.67,396.62,66.93,53.01,0.83,-1,-1,-1
302,340,464.10,643.43,35.35,76.69,0.43,-1,-1,-1
302,341,406.06,701.68,43.50,88.00,0.64,-1,-1,-1
302,349,1374.64,305.21,47.55,54.36,0.79,-1,-1,-1
302,281,2338.59,834.40,46.51,68.92,0.48,-1,-1,-1
302,352,2113.53,834.23,44.77,90.75,0.57,-1,-1,-1
302,356,1573.26,232.74,43.25,34.58,0.50,-1,-1,-1
302,358,1452.18,530.90,85.22,79.92,0.36,-1,-1,-1
302,360,2393.83,847.63,42.14,63.75,0.61,-1,-1,-1
302,361,557.77,966.65,49.73,106.41,0.44,-1,-1,-1
302,362,2104.56,705.95,100.21,118.07,0.31,-1,-1,-1
302,364,2412.39,638.59,29.79,70.27,0.53,-1,-1,-1
302,365,2388.27,644.77,31.63,69.85,0.49,-1,-1,-1
302,366,2338.12,649.69,35.43,78.98,0.58,-1,-1,-1
302,367,1475.50,676.93,125.59,123.35,0.82,-1,-1,-1
302,369,453.78,933.77,50.05,109.55,0.50,-1,-1,-1
302,370,508.22,948.92,49.10,107.68,0.52,-1,-1,-1
302,371,2345.03,591.32,32.31,69.89,0.45,-1,-1,-1
302,368,1669.15,327.67,59.95,42.44,0.60,-1,-1,-1
302,363,777.72,940.74,70.28,105.83,0.54,-1,-1,-1
302,374,2518.06,923.28,36.74,73.36,0.49,-1,-1,-1
303,123,510.82,689.13,203.68,136.15,0.87,-1,-1,-1
303,297,1341.50,246.24,58.31,40.83,0.42,-1,-1,-1
303,318,1774.96,435.65,71.58,56.40,0.79,-1,-1,-1
303,319,1826.87,475.95,83.65,82.27,0.81,-1,-1,-1
303,323,1961.13,586.87,137.17,112.09,0.69,-1,-1,-1
303,308,792.89,401.91,106.29,99.90,0.37,-1,-1,-1
303,306,1030.52,947.07,49.69,109.35,0.49,-1,-1,-1
303,338,300.43,766.30,40.34,85.15,0.57,-1,-1,-1
303,301,1466.06,274.96,27.49,39.11,0.15,-1,-1,-1
303,339,2166.53,460.64,24.74,54.16,0.41,-1,-1,-1
303,276,1743.70,396.15,66.32,52.39,0.84,-1,-1,-1
303,340,466.44,643.80,35.79,77.70,0.49,-1,-1,-1
303,341,407.17,701.63,43.88,88.81,0.65,-1,-1,-1
303,349,1376.11,302.14,45.88,52.41,0.74,-1,-1,-1
303,281,2340.39,833.34,47.08,69.68,0.46,-1,-1,-1
303,352,2116.12,835.41,44.62,90.66,0.54,-1,-1,-1
303,356,1572.85,231.54,45.22,35.94,0.51,-1,-1,-1
303,358,1451.42,524.12,84.82,79.17,0.62,-1,-1,-1
303,360,2394.80,846.55,40.96,61.66,0.52,-1,-1,-1
303,361,554.64,965.25,49.16,106.05,0.37,-1,-1,-1
303,362,2093.50,682.76,120.00,142.11,0.40,-1,-1,-1
303,364,2413.04,636.19,30.05,71.25,0.49,-1,-1,-1
303,365,2391.48,642.36,31.32,69.34,0.38,-1,-1,-1
303,366,2339.66,649.76,35.10,78.17,0.50,-1,-1,-1
303,367,1474.64,666.28,122.15,119.79,0.83,-1,-1,-1
303,369,452.29,934.62,48.14,105.08,0.56,-1,-1,-1
303,370,506.42,947.53,47.43,104.53,0.39,-1,-1,-1
303,371,2347.36,593.09,31.98,69.52,0.25,-1,-1,-1
303,368,1669.79,326.31,59.99,42.48,0.68,-1,-1,-1
303,363,775.41,940.09,66.39,104.77,0.60,-1,-1,-1
303,374,2524.98,923.72,36.21,71.98,0.54,-1,-1,-1
303,375,2246.55,998.59,53.83,78.61,0.56,-1,-1,-1
304,123,516.95,687.23,204.45,137.01,0.87,-1,-1,-1
304,297,1341.05,244.65,56.87,39.88,0.42,-1,-1,-1
304,318,1774.47,433.47,73.30,58.03,0.79,-1,-1,-1
304,319,1829.53,476.04,82.16,80.81,0.81,-1,-1,-1
304,323,1961.73,585.47,136.92,112.00,0.67,-1,-1,-1
304,308,793.65,402.85,105.89,99.31,0.40,-1,-1,-1
304,306,1026.39,945.13,51.76,112.23,0.53,-1,-1,-1
304,338,301.95,763.40,40.68,85.82,0.59,-1,-1,-1
304,301,1465.73,274.36,27.28,38.86,0.17,-1,-1,-1
304,339,2167.11,459.19,24.51,53.73,0.37,-1,-1,-1
304,276,1744.49,395.41,66.34,52.27,0.82,-1,-1,-1
304,340,468.04,641.49,36.02,78.59,0.52,-1,-1,-1
304,341,407.96,700.54,44.27,89.41,0.67,-1,-1,-1
304,349,1376.24,297.73,45.83,52.32,0.77,-1,-1,-1
304,281,2338.69,830.99,48.40,71.33,0.55,-1,-1,-1
304,352,2118.23,837.49,43.96,89.03,0.56,-1,-1,-1
304,356,1572.12,229.60,46.51,36.81,0.56,-1,-1,-1
304,358,1450.81,516.24,84.65,78.68,0.53,-1,-1,-1
304,360,2397.25,846.38,40.06,59.93,0.48,-1,-1,-1
304,361,550.53,964.26,49.45,107.21,0.49,-1,-1,-1
304,362,2090.68,674.64,125.29,149.03,0.25,-1,-1,-1
304,364,2412.86,633.73,30.55,72.90,0.47,-1,-1,-1
304,365,2391.93,641.64,31.85,70.56,0.45,-1,-1,-1
304,366,2340.77,649.39,34.39,76.41,0.57,-1,-1,-1
304,367,1470.36,654.75,121.36,118.99,0.82,-1,-1,-1
304,369,449.23,933.65,49.57,107.66,0.41,-1,-1,-1
304,370,500.86,944.30,45.21,99.27,0.45,-1,-1,-1
304,371,2351.94,594.81,28.36,61.25,0.18,-1,-1,-1
304,368,1670.36,324.95,60.31,42.59,0.75,-1,-1,-1
304,363,772.13,938.72,62.49,103.03,0.64,-1,-1,-1
304,374,2533.37,920.72,37.58,74.80,0.49,-1,-1,-1
304,375,2242.76,998.26,58.05,85.14,0.54,-1,-1,-1
305,123,518.21,684.62,204.11,136.72,0.86,-1,-1,-1
305,297,1331.47,241.67,58.87,40.79,0.26,-1,-1,-1
305,318,1768.36,432.15,74.24,59.06,0.70,-1,-1,-1
305,319,1825.30,474.76,83.95,82.73,0.78,-1,-1,-1
305,323,1960.31,587.15,130.65,105.82,0.24,-1,-1,-1
305,308,787.67,401.11,106.90,99.42,0.23,-1,-1,-1
305,306,1017.06,957.96,48.50,102.72,0.55,-1,-1,-1
305,339,2162.36,457.86,24.86,53.62,0.50,-1,-1,-1
305,276,1741.69,393.50,66.59,52.12,0.67,-1,-1,-1
305,340,466.55,644.54,35.14,75.64,0.10,-1,-1,-1
305,341,405.26,703.04,43.23,85.87,0.34,-1,-1,-1
305,349,1371.33,294.17,44.63,50.50,0.64,-1,-1,-1
305,281,2333.46,826.62,49.00,71.99,0.40,-1,-1,-1
305,352,2113.71,837.42,42.94,87.21,0.38,-1,-1,-1
305,356,1569.01,227.47,48.67,38.71,0.48,-1,-1,-1
305,358,1444.88,510.59,83.39,77.15,0.73,-1,-1,-1
305,361,539.59,965.76,48.15,104.46,0.50,-1,-1,-1
305,362,2102.32,703.30,103.31,118.46,0.39,-1,-1,-1
305,365,2393.96,635.30,32.41,70.16,0.37,-1,-1,-1
305,367,1461.26,643.15,120.67,118.40,0.79,-1,-1,-1
305,369,436.10,930.62,50.49,110.28,0.34,-1,-1,-1
305,370,491.95,942.75,48.93,108.92,0.21,-1,-1,-1
305,368,1665.85,322.65,63.11,44.51,0.16,-1,-1,-1
305,363,762.05,938.27,59.91,102.13,0.63,-1,-1,-1
305,374,2534.64,918.83,35.75,70.99,0.30,-1,-1,-1
305,375,2230.91,994.39,59.62,87.98,0.40,-1,-1,-1
306,123,514.56,684.07,201.92,135.31,0.87,-1,-1,-1
306,297,1320.78,239.09,58.40,40.49,0.55,-1,-1,-1
306,318,1757.03,432.64,73.68,58.33,0.72,-1,-1,-1
306,319,1817.29,474.45,82.17,81.04,0.82,-1,-1,-1
306,323,1950.23,587.44,127.01,102.06,0.27,-1,-1,-1
306,308,774.95,399.38,109.27,102.17,0.32,-1,-1,-1
306,306,1019.15,973.07,42.75,87.87,0.36,-1,-1,-1
306,276,1728.87,392.96,66.04,51.69,0.67,-1,-1,-1
306,349,1358.08,290.42,45.35,50.92,0.80,-1,-1,-1
306,281,2324.93,822.10,47.83,70.87,0.51,-1,-1,-1
306,352,2105.40,835.67,43.35,87.92,0.56,-1,-1,-1
306,356,1557.08,223.75,50.94,41.20,0.57,-1,-1,-1
306,358,1430.90,503.65,84.51,78.23,0.58,-1,-1,-1
306,362,2091.66,697.87,103.69,119.29,0.15,-1,-1,-1
306,367,1448.53,633.97,117.25,114.80,0.80,-1,-1,-1
306,369,437.79,932.77,47.88,104.51,0.11,-1,-1,-1
306,368,1653.92,321.91,63.45,45.00,0.40,-1,-1,-1
306,363,745.77,937.51,59.91,105.74,0.62,-1,-1,-1
307,123,517.92,683.67,195.22,130.43,0.90,-1,-1,-1
307,297,1317.23,238.85,55.81,38.51,0.59,-1,-1,-1
307,318,1753.27,432.36,73.15,58.31,0.75,-1,-1,-1
307,319,1814.31,475.29,80.00,79.21,0.82,-1,-1,-1
307,323,1944.19,586.75,126.64,101.52,0.47,-1,-1,-1
307,308,771.15,401.49,107.68,101.03,0.23,-1,-1,-1
307,306,1022.20,979.60,41.18,82.81,0.32,-1,-1,-1
307,276,1723.60,393.44,65.66,51.36,0.74,-1,-1,-1
307,349,1352.51,286.92,45.19,50.77,0.83,-1,-1,-1
307,281,2320.98,820.04,47.46,70.85,0.48,-1,-1,-1
307,352,2102.57,834.40,43.73,88.77,0.50,-1,-1,-1
307,356,1550.75,225.33,48.44,39.08,0.60,-1,-1,-1
307,358,1424.50,498.49,82.66,76.59,0.59,-1,-1,-1
307,362,2081.46,686.90,110.10,126.86,0.29,-1,-1,-1
307,367,1441.00,624.78,115.35,112.95,0.82,-1,-1,-1
307,368,1649.29,322.05,63.75,45.19,0.47,-1,-1,-1
307,363,737.35,938.28,60.70,108.96,0.57,-1,-1,-1
307,354,2285.93,734.28,35.74,67.46,0.51,-1,-1,-1
307,361,520.39,970.57,47.73,102.06,0.51,-1,-1,-1
307,375,2209.61,991.71,59.58,88.70,0.56,-1,-1,-1
308,123,522.30,682.05,193.55,128.85,0.90,-1,-1,-1
308,297,1318.13,237.58,54.29,37.72,0.62,-1,-1,-1
308,318,1751.46,432.09,73.00,58.42,0.79,-1,-1,-1
308,319,1808.02,474.22,82.13,81.12,0.82,-1,-1,-1
308,323,1940.34,585.86,129.29,103.81,0.57,-1,-1,-1
308,308,769.22,401.77,107.51,101.22,0.23,-1,-1,-1
308,276,1721.67,393.79,65.48,51.20,0.77,-1,-1,-1
308,349,1350.21,284.71,44.51,50.19,0.84,-1,-1,-1
308,281,2318.60,820.50,47.52,70.97,0.51,-1,-1,-1
308,352,2100.54,835.31,43.03,87.78,0.54,-1,-1,-1
308,356,1549.78,227.05,46.05,37.17,0.60,-1,-1,-1
308,358,1423.13,494.66,79.62,73.73,0.66,-1,-1,-1
308,367,1436.92,616.83,111.29,108.80,0.85,-1,-1,-1
308,368,1647.71,322.10,64.07,45.47,0.49,-1,-1,-1
308,363,726.16,935.65,58.11,107.12,0.52,-1,-1,-1
308,354,2285.96,733.62,37.90,69.02,0.56,-1,-1,-1
308,361,514.17,972.71,49.05,102.69,0.48,-1,-1,-1
308,375,2203.84,991.07,57.79,86.58,0.47,-1,-1,-1
309,123,527.21,680.25,195.56,130.04,0.89,-1,-1,-1
309,297,1317.61,236.44,52.79,36.47,0.47,-1,-1,-1
309,318,1750.89,431.88,73.08,58.69,0.78,-1,-1,-1
309,319,1806.15,473.85,83.28,81.95,0.82,-1,-1,-1
309,323,1939.63,585.99,130.38,104.68,0.58,-1,-1,-1
309,308,769.52,402.03,107.09,101.21,0.25,-1,-1,-1
309,276,1721.50,393.90,65.91,51.49,0.76,-1,-1,-1
309,349,1349.68,282.59,43.53,49.13,0.83,-1,-1,-1
309,281,2319.14,820.15,47.43,71.38,0.52,-1,-1,-1
309,352,2100.29,834.98,43.46,88.70,0.60,-1,-1,-1
309,356,1549.35,227.44,45.32,36.64,0.60,-1,-1,-1
309,358,1421.05,489.12,78.17,72.27,0.65,-1,-1,-1
309,367,1433.92,606.93,108.88,106.37,0.82,-1,-1,-1
309,368,1647.38,322.58,63.77,45.10,0.43,-1,-1,-1
309,363,720.85,934.60,54.87,103.68,0.60,-1,-1,-1
309,354,2286.96,734.90,38.14,67.31,0.57,-1,-1,-1
309,361,500.97,969.35,50.23,105.32,0.45,-1,-1,-1
309,375,2199.37,989.28,59.81,90.52,0.49,-1,-1,-1
309,377,279.90,771.34,39.50,85.40,0.66,-1,-1,-1
310,123,533.02,678.83,195.79,130.00,0.90,-1,-1,-1
310,297,1319.14,234.63,50.51,35.27,0.35,-1,-1,-1
310,318,1751.88,432.34,71.77,57.74,0.78,-1,-1,-1
310,319,1810.61,474.44,81.46,80.29,0.83,-1,-1,-1
310,323,1939.71,585.72,129.85,104.49,0.52,-1,-1,-1
310,308,770.29,402.62,105.81,100.07,0.25,-1,-1,-1
310,276,1721.77,393.75,65.97,51.56,0.75,-1,-1,-1
310,349,1350.11,279.31,42.43,47.80,0.82,-1,-1,-1
310,281,2320.09,821.28,46.61,70.44,0.53,-1,-1,-1
310,352,2100.16,837.97,42.17,85.97,0.54,-1,-1,-1
310,356,1546.58,225.17,47.66,38.58,0.60,-1,-1,-1
310,358,1418.77,482.60,79.03,72.88,0.63,-1,-1,-1
310,367,1431.51,598.76,107.45,105.03,0.79,-1,-1,-1
310,368,1646.71,322.27,64.47,45.63,0.26,-1,-1,-1
310,363,715.58,931.95,52.81,102.60,0.59,-1,-1,-1
310,354,2286.72,736.73,38.09,65.97,0.55,-1,-1,-1
310,361,491.91,967.10,52.17,108.17,0.43,-1,-1,-1
310,375,2197.49,989.30,59.12,90.41,0.46,-1,-1,-1
310,377,279.13,770.34,40.01,86.47,0.65,-1,-1,-1
310,378,984.03,944.73,49.95,119.88,0.61,-1,-1,-1
311,123,540.67,677.87,194.01,128.76,0.91,-1,-1,-1
311,297,1319.03,231.72,51.05,36.03,0.24,-1,-1,-1
311,318,1752.86,432.75,70.52,56.76,0.79,-1,-1,-1
311,319,1813.44,474.80,80.43,79.43,0.82,-1,-1,-1
311,323,1941.99,586.58,127.56,102.43,0.50,-1,-1,-1
311,308,771.36,403.42,104.73,99.22,0.26,-1,-1,-1
311,276,1722.32,393.63,65.58,51.20,0.74,-1,-1,-1
311,349,1350.84,277.35,41.25,46.43,0.81,-1,-1,-1
311,281,2321.82,820.42,46.30,70.42,0.56,-1,-1,-1
311,352,2100.45,837.68,42.47,86.65,0.58,-1,-1,-1
311,356,1546.55,225.81,47.37,38.22,0.63,-1,-1,-1
311,358,1417.33,477.34,78.72,72.45,0.67,-1,-1,-1
311,367,1429.64,591.71,104.69,102.31,0.81,-1,-1,-1
311,368,1647.46,322.58,62.37,44.08,0.32,-1,-1,-1
311,363,710.93,929.04,51.48,102.12,0.61,-1,-1,-1
311,354,2287.43,737.68,38.22,64.90,0.59,-1,-1,-1
311,361,481.82,968.01,51.29,107.18,0.52,-1,-1,-1
311,375,2200.25,990.28,54.67,84.54,0.42,-1,-1,-1
311,377,279.52,769.76,40.35,87.29,0.66,-1,-1,-1
311,378,982.20,942.38,48.72,116.80,0.57,-1,-1,-1
312,123,546.20,676.66,193.17,128.19,0.91,-1,-1,-1
312,297,1315.01,230.45,50.65,35.55,0.45,-1,-1,-1
312,318,1753.80,432.66,69.39,55.96,0.77,-1,-1,-1
312,319,1814.31,475.01,80.01,79.11,0.80,-1,-1,-1
312,323,1943.98,586.32,127.12,101.57,0.52,-1,-1,-1
312,308,772.18,403.66,103.96,98.59,0.29,-1,-1,-1
312,276,1722.84,393.54,65.58,51.16,0.73,-1,-1,-1
312,349,1350.47,274.40,41.64,46.81,0.80,-1,-1,-1
312,281,2323.19,819.68,46.75,71.63,0.54,-1,-1,-1
312,352,2099.18,841.53,39.90,82.17,0.50,-1,-1,-1
312,356,1548.40,225.98,46.56,37.72,0.66,-1,-1,-1
312,358,1416.45,472.58,78.04,72.08,0.67,-1,-1,-1
312,367,1427.29,582.60,103.39,101.29,0.78,-1,-1,-1
312,368,1647.76,323.00,60.96,43.09,0.32,-1,-1,-1
312,363,705.98,929.10,50.62,101.65,0.67,-1,-1,-1
312,354,2287.11,734.90,39.40,66.55,0.57,-1,-1,-1
312,361,478.85,966.84,50.23,105.40,0.49,-1,-1,-1
312,375,2194.28,985.49,45.40,69.46,0.59,-1,-1,-1
312,377,279.90,769.33,40.83,88.39,0.62,-1,-1,-1
312,378,975.06,940.60,49.13,117.93,0.64,-1,-1,-1
312,362,2083.16,692.83,103.93,119.18,0.52,-1,-1,-1
313,123,551.00,674.43,194.79,129.27,0.88,-1,-1,-1
313,297,1315.33,229.15,49.75,34.80,0.28,-1,-1,-1
313,318,1754.49,432.58,68.92,55.38,0.78,-1,-1,-1
313,319,1810.81,474.22,80.98,79.53,0.76,-1,-1,-1
313,323,1944.98,585.69,127.96,101.75,0.57,-1,-1,-1
313,308,771.38,402.20,105.33,100.11,0.34,-1,-1,-1
313,276,1723.26,393.20,65.68,51.26,0.75,-1,-1,-1
313,349,1350.00,270.97,41.66,46.94,0.80,-1,-1,-1
313,281,2324.17,819.26,47.03,72.50,0.60,-1,-1,-1
313,352,2099.80,842.33,39.89,82.27,0.52,-1,-1,-1
313,356,1550.70,227.33,45.25,36.84,0.58,-1,-1,-1
313,358,1413.68,466.77,77.91,71.68,0.71,-1,-1,-1
313,367,1427.30,575.39,99.59,97.62,0.79,-1,-1,-1
313,368,1647.99,321.74,61.91,43.96,0.46,-1,-1,-1
313,363,701.28,928.71,50.96,103.14,0.58,-1,-1,-1
313,354,2287.77,733.29,40.37,67.87,0.57,-1,-1,-1
313,361,472.02,966.07,52.01,109.64,0.48,-1,-1,-1
313,375,2191.14,977.41,47.10,71.80,0.52,-1,-1,-1
313,377,280.87,769.81,40.31,87.22,0.72,-1,-1,-1
313,378,970.39,940.72,48.47,116.53,0.63,-1,-1,-1
313,379,2263.85,974.88,45.36,85.71,0.56,-1,-1,-1
313,362,2085.56,693.85,103.52,118.70,0.52,-1,-1,-1
314,123,557.88,671.37,195.59,129.91,0.84,-1,-1,-1
314,297,1314.94,228.15,48.55,33.56,0.38,-1,-1,-1
314,318,1754.82,432.17,69.42,55.56,0.77,-1,-1,-1
314,319,1809.76,474.14,81.40,79.37,0.77,-1,-1,-1
314,323,1945.22,585.09,129.37,102.46,0.59,-1,-1,-1
314,308,771.80,402.52,104.53,99.49,0.33,-1,-1,-1
314,276,1723.79,393.11,65.87,51.37,0.75,-1,-1,-1
314,349,1349.85,268.19,41.41,46.75,0.79,-1,-1,-1
314,281,2325.80,819.27,46.14,71.50,0.59,-1,-1,-1
314,352,2099.40,844.36,38.84,80.29,0.53,-1,-1,-1
314,356,1551.03,225.62,46.01,37.73,0.59,-1,-1,-1
314,358,1413.93,462.69,74.53,68.27,0.71,-1,-1,-1
314,367,1426.10,568.10,96.63,94.80,0.70,-1,-1,-1
314,368,1647.04,320.87,62.48,44.82,0.43,-1,-1,-1
314,363,692.25,927.44,50.69,104.00,0.51,-1,-1,-1
314,354,2286.62,734.31,39.60,66.87,0.50,-1,-1,-1
314,361,464.01,966.90,51.69,108.62,0.45,-1,-1,-1
314,377,281.51,770.34,40.17,86.82,0.71,-1,-1,-1
314,378,966.38,940.92,48.24,115.80,0.52,-1,-1,-1
314,379,2261.69,975.05,46.96,88.80,0.61,-1,-1,-1
314,362,2086.70,693.69,105.10,120.68,0.37,-1,-1,-1
315,123,563.95,669.51,195.03,129.60,0.85,-1,-1,-1
315,297,1312.88,226.94,49.08,33.36,0.45,-1,-1,-1
315,318,1754.36,431.61,70.20,55.97,0.79,-1,-1,-1
315,319,1809.03,473.54,82.39,79.82,0.75,-1,-1,-1
315,323,1946.52,585.82,129.92,102.24,0.64,-1,-1,-1
315,308,772.04,401.74,104.85,100.04,0.23,-1,-1,-1
315,276,1725.20,393.19,65.11,50.58,0.76,-1,-1,-1
315,349,1349.80,265.52,41.57,46.84,0.39,-1,-1,-1
315,281,2326.80,819.25,45.99,71.43,0.56,-1,-1,-1
315,352,2100.36,842.46,39.83,81.96,0.51,-1,-1,-1
315,356,1549.89,223.32,46.89,38.54,0.53,-1,-1,-1
315,358,1413.88,457.95,73.56,67.46,0.66,-1,-1,-1
315,367,1422.74,559.97,97.05,95.38,0.76,-1,-1,-1
315,368,1648.01,320.64,62.09,44.67,0.38,-1,-1,-1
315,363,685.64,926.27,49.04,101.85,0.60,-1,-1,-1
315,354,2286.87,736.51,38.03,64.15,0.47,-1,-1,-1
315,361,458.81,967.92,53.82,111.71,0.43,-1,-1,-1
315,377,281.82,770.37,40.00,86.52,0.71,-1,-1,-1
315,378,962.36,940.21,49.54,118.09,0.44,-1,-1,-1
315,379,2259.50,976.22,47.43,89.76,0.67,-1,-1,-1
315,362,2084.75,691.37,105.71,121.37,0.35,-1,-1,-1
315,380,367.10,930.91,52.20,112.16,0.57,-1,-1,-1
316,123,569.69,668.24,194.55,129.44,0.87,-1,-1,-1
316,297,1314.85,224.10,49.94,34.23,0.49,-1,-1,-1
316,318,1754.94,431.75,69.92,55.55,0.78,-1,-1,-1
316,319,1809.98,473.27,83.15,80.44,0.76,-1,-1,-1
316,323,1945.97,585.35,131.54,103.01,0.64,-1,-1,-1
316,308,772.32,401.45,104.34,99.58,0.23,-1,-1,-1
316,276,1724.90,392.61,64.82,50.25,0.77,-1,-1,-1
316,349,1348.75,262.14,41.54,46.74,0.19,-1,-1,-1
316,281,2327.59,819.23,45.81,71.17,0.55,-1,-1,-1
316,352,2101.97,839.22,41.64,85.29,0.51,-1,-1,-1
316,356,1550.30,224.99,45.69,37.41,0.44,-1,-1,-1
316,358,1411.56,452.39,73.87,67.70,0.64,-1,-1,-1
316,367,1419.89,552.95,95.63,93.89,0.63,-1,-1,-1
316,368,1648.60,320.53,61.82,44.59,0.40,-1,-1,-1
316,363,678.33,923.28,49.59,104.71,0.55,-1,-1,-1
316,354,2288.37,735.91,38.26,64.30,0.45,-1,-1,-1
316,361,449.16,967.20,51.70,108.06,0.41,-1,-1,-1
316,377,281.65,769.67,40.25,87.00,0.64,-1,-1,-1
316,378,959.78,940.19,47.69,113.56,0.48,-1,-1,-1
316,379,2256.26,975.14,48.22,91.28,0.61,-1,-1,-1
316,362,2082.81,685.08,111.28,129.02,0.41,-1,-1,-1
316,380,361.82,928.91,53.00,113.45,0.42,-1,-1,-1
316,369,393.63,944.61,45.05,98.03,0.52,-1,-1,-1
317,123,574.89,666.59,195.34,130.47,0.89,-1,-1,-1
317,297,1312.97,221.97,49.85,33.85,0.42,-1,-1,-1
317,318,1755.77,431.80,69.30,54.80,0.77,-1,-1,-1
317,319,1811.33,473.04,82.88,80.24,0.77,-1,-1,-1
317,323,1946.50,585.38,130.29,101.41,0.68,-1,-1,-1
317,308,772.37,399.09,105.67,101.00,0.28,-1,-1,-1
317,276,1726.25,392.70,64.23,49.64,0.77,-1,-1,-1
317,349,1349.86,259.75,40.48,45.42,0.79,-1,-1,-1
317,281,2328.47,819.29,45.53,70.53,0.53,-1,-1,-1
317,352,2103.48,836.55,42.37,86.50,0.45,-1,-1,-1
317,356,1548.17,222.06,48.17,39.57,0.66,-1,-1,-1
317,358,1410.10,447.32,73.16,66.87,0.64,-1,-1,-1
317,367,1419.50,546.89,92.27,90.06,0.69,-1,-1,-1
317,368,1650.50,321.09,61.09,43.76,0.32,-1,-1,-1
317,363,672.36,922.36,50.62,108.31,0.60,-1,-1,-1
317,354,2288.82,735.24,38.33,64.50,0.47,-1,-1,-1
317,361,442.44,966.61,51.34,107.97,0.46,-1,-1,-1
317,377,281.46,769.52,40.44,87.26,0.72,-1,-1,-1
317,378,954.02,938.37,48.04,113.65,0.43,-1,-1,-1
317,379,2253.00,972.90,49.05,92.97,0.60,-1,-1,-1
317,362,2086.52,687.94,107.41,125.11,0.39,-1,-1,-1
317,380,350.50,930.47,51.32,109.92,0.50,-1,-1,-1
317,369,391.85,946.06,43.56,95.21,0.41,-1,-1,-1
318,123,578.97,662.88,196.83,132.45,0.91,-1,-1,-1
318,297,1312.50,220.65,49.11,32.85,0.31,-1,-1,-1
318,318,1756.62,431.59,69.13,54.45,0.77,-1,-1,-1
318,319,1813.33,473.32,82.29,79.72,0.79,-1,-1,-1
318,323,1947.48,586.05,130.35,100.72,0.65,-1,-1,-1
318,308,772.53,400.21,104.91,100.45,0.27,-1,-1,-1
318,276,1726.85,392.39,64.19,49.50,0.78,-1,-1,-1
318,349,1350.16,256.87,40.40,45.24,0.77,-1,-1,-1
318,281,2329.25,819.48,45.01,69.33,0.56,-1,-1,-1
318,352,2106.49,832.34,40.30,81.86,0.52,-1,-1,-1
318,356,1546.89,220.73,49.11,40.40,0.72,-1,-1,-1
318,358,1407.07,442.15,73.43,66.76,0.38,-1,-1,-1
318,367,1418.31,539.07,90.81,88.61,0.67,-1,-1,-1
318,368,1649.49,320.92,60.53,43.51,0.32,-1,-1,-1
318,363,668.22,919.88,51.02,109.76,0.57,-1,-1,-1
318,354,2290.51,731.85,40.22,67.52,0.50,-1,-1,-1
318,361,438.29,965.89,50.05,105.75,0.51,-1,-1,-1
318,377,281.62,768.72,40.98,88.13,0.71,-1,-1,-1
318,378,948.60,937.65,46.51,109.33,0.45,-1,-1,-1
318,379,2249.12,973.62,47.78,90.69,0.56,-1,-1,-1
318,362,2087.19,684.62,109.70,128.17,0.35,-1,-1,-1
318,380,342.20,929.77,52.09,111.95,0.54,-1,-1,-1
318,369,384.62,944.57,44.15,97.73,0.52,-1,-1,-1
319,123,584.68,660.43,196.88,133.37,0.89,-1,-1,-1
319,297,1310.80,218.66,50.33,33.25,0.28,-1,-1,-1
319,318,1756.55,430.97,69.96,54.98,0.77,-1,-1,-1
319,319,1813.65,472.81,82.36,79.94,0.79,-1,-1,-1
319,323,1948.60,586.68,130.96,100.37,0.63,-1,-1,-1
319,308,772.72,400.76,104.69,100.60,0.29,-1,-1,-1
319,276,1726.95,391.76,65.03,50.03,0.78,-1,-1,-1
319,349,1349.06,253.78,41.88,46.87,0.62,-1,-1,-1
319,281,2329.76,819.24,45.34,69.63,0.51,-1,-1,-1
319,352,2107.89,830.26,39.40,79.77,0.57,-1,-1,-1
319,356,1547.07,220.33,49.19,40.59,0.74,-1,-1,-1
319,358,1405.69,437.49,73.22,66.43,0.45,-1,-1,-1
319,367,1416.18,531.10,90.88,88.96,0.76,-1,-1,-1
319,368,1649.99,320.35,61.42,44.08,0.36,-1,-1,-1
319,363,661.84,918.77,49.68,106.80,0.50,-1,-1,-1
319,354,2292.25,730.27,40.66,68.33,0.54,-1,-1,-1
319,361,432.32,964.00,49.62,105.24,0.47,-1,-1,-1
319,377,282.07,768.69,40.93,87.85,0.69,-1,-1,-1
319,378,943.11,943.03,46.22,109.07,0.48,-1,-1,-1
319,379,2246.69,962.62,47.10,89.10,0.39,-1,-1,-1
319,362,2083.43,678.14,114.89,134.35,0.28,-1,-1,-1
319,380,335.31,929.57,50.71,108.51,0.60,-1,-1,-1
319,369,378.63,944.56,43.59,96.90,0.64,-1,-1,-1
320,123,589.38,658.92,197.99,134.87,0.89,-1,-1,-1
320,297,1309.59,216.45,52.01,34.10,0.37,-1,-1,-1
320,318,1756.85,430.94,69.62,54.54,0.75,-1,-1,-1
320,319,1813.98,472.69,82.02,79.69,0.78,-1,-1,-1
320,323,1949.42,587.54,129.75,98.68,0.71,-1,-1,-1
320,308,773.96,402.46,102.74,98.84,0.22,-1,-1,-1
320,276,1727.04,391.51,65.49,50.25,0.79,-1,-1,-1
320,349,1348.13,250.17,42.97,48.12,0.75,-1,-1,-1
320,281,2329.86,818.90,45.58,69.90,0.53,-1,-1,-1
320,352,2109.74,830.28,37.91,76.58,0.59,-1,-1,-1
320,356,1547.39,220.88,48.40,39.80,0.74,-1,-1,-1
320,358,1404.49,431.96,73.25,66.35,0.48,-1,-1,-1
320,367,1415.72,524.56,87.66,85.75,0.72,-1,-1,-1
320,368,1649.85,319.57,62.33,44.77,0.43,-1,-1,-1
320,363,655.79,918.33,48.02,103.27,0.61,-1,-1,-1
320,354,2293.96,729.32,40.67,68.23,0.51,-1,-1,-1
320,361,426.07,965.19,50.57,106.68,0.50,-1,-1,-1
320,377,282.34,768.70,40.84,87.36,0.71,-1,-1,-1
320,378,935.99,942.25,45.34,107.73,0.49,-1,-1,-1
320,379,2240.10,967.86,49.13,93.56,0.57,-1,-1,-1
320,362,2086.12,680.29,112.23,131.16,0.56,-1,-1,-1
320,380,331.00,929.52,52.54,112.06,0.52,-1,-1,-1
320,369,372.01,943.81,47.55,106.25,0.58,-1,-1,-1
320,381,449.76,645.34,36.75,79.74,0.64,-1,-1,-1
320,366,2373.44,631.55,30.85,68.28,0.51,-1,-1,-1
321,123,594.66,657.59,197.64,135.43,0.89,-1,-1,-1
321,297,1308.28,215.45,52.82,34.31,0.38,-1,-1,-1
321,318,1756.75,431.20,70.11,54.78,0.76,-1,-1,-1
321,319,1813.07,471.74,82.86,80.49,0.79,-1,-1,-1
321,323,1948.11,586.00,133.21,101.00,0.63,-1,-1,-1
321,308,772.74,400.76,104.39,100.81,0.35,-1,-1,-1
321,276,1727.10,391.10,66.42,50.88,0.81,-1,-1,-1
321,349,1347.85,246.82,43.16,48.14,0.54,-1,-1,-1
321,281,2329.86,818.36,46.11,70.46,0.45,-1,-1,-1
321,352,2109.78,829.55,38.43,77.58,0.64,-1,-1,-1
321,356,1547.31,220.84,48.34,39.67,0.73,-1,-1,-1
321,358,1404.69,428.69,71.31,64.49,0.51,-1,-1,-1
321,367,1414.62,518.00,87.32,85.82,0.76,-1,-1,-1
321,368,1649.85,318.51,63.59,45.78,0.48,-1,-1,-1
321,363,649.32,916.59,47.50,103.12,0.53,-1,-1,-1
321,354,2294.28,729.93,39.83,67.13,0.52,-1,-1,-1
321,361,421.83,965.52,52.41,108.52,0.55,-1,-1,-1
321,377,282.73,767.19,41.25,88.17,0.70,-1,-1,-1
321,378,930.98,942.00,45.99,109.46,0.48,-1,-1,-1
321,379,2238.10,965.16,46.78,88.82,0.51,-1,-1,-1
321,362,2090.34,683.51,110.11,128.45,0.54,-1,-1,-1
321,380,324.97,926.22,54.32,115.91,0.42,-1,-1,-1
321,369,366.55,942.55,50.27,113.05,0.56,-1,-1,-1
321,381,449.73,644.23,37.41,81.12,0.60,-1,-1,-1
321,383,856.56,367.98,62.70,69.13,0.68,-1,-1,-1
321,366,2374.07,631.16,31.44,69.38,0.51,-1,-1,-1
322,123,604.05,656.42,189.37,129.94,0.87,-1,-1,-1
322,297,1309.13,212.20,53.60,34.86,0.33,-1,-1,-1
322,318,1756.57,431.03,70.61,55.06,0.73,-1,-1,-1
322,319,1811.83,470.50,83.60,81.02,0.79,-1,-1,-1
322,323,1946.37,583.58,136.49,103.61,0.74,-1,-1,-1
322,308,773.42,400.90,103.80,100.64,0.28,-1,-1,-1
322,276,1726.84,390.66,67.09,51.41,0.79,-1,-1,-1
322,349,1347.22,244.40,43.25,48.01,0.49,-1,-1,-1
322,281,2330.67,817.81,45.99,69.93,0.48,-1,-1,-1
322,352,2109.59,829.21,39.24,79.11,0.64,-1,-1,-1
322,356,1546.72,219.03,49.74,40.91,0.74,-1,-1,-1
322,358,1403.56,424.20,70.55,63.67,0.50,-1,-1,-1
322,367,1413.21,511.98,84.52,82.69,0.70,-1,-1,-1
322,368,1650.47,318.56,63.18,45.41,0.51,-1,-1,-1
322,363,643.04,914.09,47.48,104.79,0.61,-1,-1,-1
322,354,2294.73,729.14,39.93,67.64,0.53,-1,-1,-1
322,361,414.26,965.90,52.55,109.64,0.51,-1,-1,-1
322,377,283.22,765.96,41.94,89.59,0.67,-1,-1,-1
322,378,926.99,940.46,45.58,107.75,0.51,-1,-1,-1
322,379,2232.71,964.99,50.02,95.18,0.53,-1,-1,-1
322,362,2092.01,684.23,108.57,126.84,0.61,-1,-1,-1
322,380,319.31,925.74,52.40,112.43,0.56,-1,-1,-1
322,369,357.14,940.76,50.72,114.37,0.47,-1,-1,-1
322,381,449.03,641.30,38.63,83.77,0.51,-1,-1,-1
322,383,856.31,367.32,63.34,69.85,0.55,-1,-1,-1
322,366,2374.31,631.13,32.01,69.95,0.53,-1,-1,-1
323,123,611.30,655.75,184.60,126.79,0.86,-1,-1,-1
323,297,1310.11,210.42,52.68,34.32,0.33,-1,-1,-1
323,318,1756.64,430.76,70.93,55.23,0.74,-1,-1,-1
323,319,1812.21,470.96,82.77,79.97,0.80,-1,-1,-1
323,323,1946.24,583.23,136.51,103.59,0.73,-1,-1,-1
323,308,772.70,398.57,105.07,102.28,0.35,-1,-1,-1
323,276,1726.95,390.55,66.75,51.10,0.79,-1,-1,-1
323,349,1347.74,243.69,42.20,46.65,0.66,-1,-1,-1
323,281,2332.37,816.54,46.81,71.85,0.53,-1,-1,-1
323,352,2109.71,828.87,39.09,78.66,0.59,-1,-1,-1
323,356,1545.30,217.26,51.50,42.42,0.70,-1,-1,-1
323,358,1401.97,420.62,69.93,63.04,0.50,-1,-1,-1
323,367,1409.17,506.15,85.60,83.44,0.67,-1,-1,-1
323,368,1651.08,317.72,64.22,45.99,0.52,-1,-1,-1
323,363,637.31,911.58,46.62,103.49,0.64,-1,-1,-1
323,354,2294.98,728.21,40.18,68.28,0.53,-1,-1,-1
323,361,405.22,964.82,51.81,108.32,0.52,-1,-1,-1
323,377,284.34,765.04,41.31,88.05,0.67,-1,-1,-1
323,378,921.02,939.27,49.22,114.81,0.57,-1,-1,-1
323,379,2228.21,964.00,51.32,98.11,0.60,-1,-1,-1
323,362,2091.33,684.21,108.15,126.03,0.57,-1,-1,-1
323,380,313.16,927.18,51.49,110.26,0.60,-1,-1,-1
323,369,358.02,943.92,51.56,115.12,0.26,-1,-1,-1
323,381,449.52,639.47,38.92,84.34,0.63,-1,-1,-1
323,383,855.48,366.17,63.36,69.88,0.57,-1,-1,-1
323,366,2374.56,630.89,32.41,70.38,0.53,-1,-1,-1
324,123,618.55,654.11,179.42,123.27,0.88,-1,-1,-1
324,297,1312.21,209.00,51.53,34.01,0.34,-1,-1,-1
324,318,1756.48,430.53,70.72,54.85,0.70,-1,-1,-1
324,319,1811.97,469.84,83.79,80.86,0.80,-1,-1,-1
324,323,1945.16,581.83,138.65,105.41,0.77,-1,-1,-1
324,308,773.19,399.19,104.16,101.57,0.27,-1,-1,-1
324,276,1726.73,390.30,66.88,51.21,0.77,-1,-1,-1
324,349,1347.25,240.03,43.26,47.90,0.57,-1,-1,-1
324,281,2332.38,816.16,46.67,71.80,0.53,-1,-1,-1
324,352,2109.78,828.93,38.81,78.14,0.57,-1,-1,-1
324,356,1545.37,216.46,51.65,42.66,0.71,-1,-1,-1
324,358,1400.25,415.62,68.51,61.72,0.55,-1,-1,-1
324,367,1408.61,499.56,84.05,81.56,0.63,-1,-1,-1
324,368,1652.10,317.80,64.22,45.70,0.55,-1,-1,-1
324,363,632.71,911.49,46.40,102.44,0.65,-1,-1,-1
324,354,2294.93,727.86,39.91,68.10,0.55,-1,-1,-1
324,361,397.90,964.56,51.93,108.47,0.54,-1,-1,-1
324,377,284.20,765.14,41.73,88.89,0.64,-1,-1,-1
324,378,914.26,938.20,48.71,113.16,0.54,-1,-1,-1
324,379,2222.86,965.37,52.24,100.63,0.62,-1,-1,-1
324,362,2093.26,686.58,106.56,124.05,0.62,-1,-1,-1
324,380,307.41,927.23,50.59,108.71,0.61,-1,-1,-1
324,369,351.77,946.73,54.47,119.41,0.26,-1,-1,-1
324,381,449.13,637.91,39.28,85.11,0.63,-1,-1,-1
324,383,855.85,365.85,61.22,67.55,0.43,-1,-1,-1
324,366,2374.73,630.73,32.78,70.96,0.54,-1,-1,-1
324,385,127.47,831.19,66.57,96.15,0.53,-1,-1,-1
325,123,623.05,653.39,177.70,122.59,0.89,-1,-1,-1
325,297,1312.39,207.66,50.66,33.69,0.29,-1,-1,-1
325,318,1756.42,430.56,71.21,55.11,0.71,-1,-1,-1
325,319,1812.24,469.76,83.94,80.94,0.80,-1,-1,-1
325,323,1945.62,582.37,136.87,104.04,0.75,-1,-1,-1
325,308,773.09,398.14,104.57,102.16,0.30,-1,-1,-1
325,276,1726.61,389.91,66.54,50.90,0.78,-1,-1,-1
325,349,1346.53,237.33,43.37,48.20,0.30,-1,-1,-1
325,281,2332.99,816.60,46.22,71.35,0.52,-1,-1,-1
325,352,2109.71,828.93,38.66,78.05,0.63,-1,-1,-1
325,356,1546.03,215.96,51.48,42.73,0.70,-1,-1,-1
325,358,1399.56,411.97,67.16,60.43,0.70,-1,-1,-1
325,367,1407.57,494.46,81.42,78.29,0.63,-1,-1,-1
325,368,1652.44,317.81,64.74,45.81,0.57,-1,-1,-1
325,363,627.92,911.04,48.13,104.57,0.55,-1,-1,-1
325,354,2294.79,728.46,39.59,68.05,0.56,-1,-1,-1
325,361,392.72,964.69,52.55,109.51,0.55,-1,-1,-1
325,377,283.85,765.18,42.05,89.59,0.70,-1,-1,-1
325,378,907.92,937.86,47.24,109.76,0.48,-1,-1,-1
325,379,2216.14,965.62,52.83,101.66,0.65,-1,-1,-1
325,362,2093.06,685.81,108.19,125.60,0.65,-1,-1,-1
325,380,303.66,927.12,53.85,114.07,0.61,-1,-1,-1
325,369,348.91,946.39,56.64,125.15,0.16,-1,-1,-1
325,381,449.73,639.71,38.69,83.57,0.35,-1,-1,-1
325,383,855.02,365.74,60.36,66.77,0.49,-1,-1,-1
325,366,2374.48,631.08,32.80,70.51,0.55,-1,-1,-1
325,385,128.49,837.36,62.57,90.10,0.49,-1,-1,-1
325,387,2324.74,643.04,31.99,72.17,0.52,-1,-1,-1
325,388,401.63,717.01,43.11,96.44,0.62,-1,-1,-1
326,123,626.73,652.19,176.81,122.51,0.88,-1,-1,-1
326,297,1304.07,200.22,58.94,39.63,0.20,-1,-1,-1
326,318,1756.63,430.50,71.29,55.03,0.75,-1,-1,-1
326,319,1812.13,469.21,84.63,81.52,0.79,-1,-1,-1
326,323,1946.46,582.51,136.14,103.41,0.73,-1,-1,-1
326,308,773.23,398.59,104.16,101.74,0.29,-1,-1,-1
326,276,1726.71,390.34,66.12,50.49,0.77,-1,-1,-1
326,349,1345.62,234.24,44.34,49.62,0.21,-1,-1,-1
326,281,2332.13,816.51,46.45,71.69,0.52,-1,-1,-1
326,352,2110.02,829.24,38.52,78.26,0.58,-1,-1,-1
326,356,1547.75,217.81,49.21,40.85,0.72,-1,-1,-1
326,358,1397.39,407.53,67.31,60.83,0.77,-1,-1,-1
326,367,1405.51,490.14,80.93,77.58,0.66,-1,-1,-1
326,368,1652.24,317.76,64.88,45.70,0.55,-1,-1,-1
326,363,618.85,910.40,47.99,104.47,0.57,-1,-1,-1
326,354,2295.64,728.00,39.81,68.33,0.56,-1,-1,-1
326,361,389.51,965.06,54.09,110.79,0.51,-1,-1,-1
326,377,283.23,764.98,42.14,90.06,0.71,-1,-1,-1
326,378,898.91,936.95,45.66,106.76,0.50,-1,-1,-1
326,379,2211.99,965.73,51.71,100.01,0.64,-1,-1,-1
326,362,2094.23,687.82,105.91,122.41,0.65,-1,-1,-1
326,380,294.24,925.21,54.01,115.46,0.55,-1,-1,-1
326,369,337.79,943.60,56.82,127.39,0.28,-1,-1,-1
326,381,449.76,638.75,38.63,83.29,0.43,-1,-1,-1
326,383,854.98,366.08,61.04,67.63,0.59,-1,-1,-1
326,366,2374.42,631.28,32.96,70.32,0.55,-1,-1,-1
326,385,127.47,829.29,65.55,94.16,0.36,-1,-1,-1
326,387,2327.54,655.60,26.96,60.54,0.39,-1,-1,-1
326,388,402.61,717.66,42.88,95.97,0.64,-1,-1,-1
327,123,631.94,650.82,175.31,121.99,0.88,-1,-1,-1
327,297,1308.51,201.88,53.38,35.67,0.26,-1,-1,-1
327,318,1756.66,430.59,71.51,55.11,0.76,-1,-1,-1
327,319,1811.57,469.26,85.13,81.90,0.80,-1,-1,-1
327,323,1946.68,582.86,135.59,103.06,0.77,-1,-1,-1
327,308,772.99,399.14,104.06,101.69,0.25,-1,-1,-1
327,276,1726.79,390.59,66.03,50.36,0.79,-1,-1,-1
327,349,1344.92,231.06,44.56,50.47,0.48,-1,-1,-1
327,281,2331.42,816.02,47.03,72.63,0.50,-1,-1,-1
327,352,2109.43,829.46,39.32,80.60,0.54,-1,-1,-1
327,356,1549.01,219.55,47.33,39.22,0.72,-1,-1,-1
327,358,1394.73,403.24,67.94,61.72,0.76,-1,-1,-1
327,367,1403.37,483.73,80.06,76.37,0.60,-1,-1,-1
327,368,1651.68,317.80,64.92,45.67,0.48,-1,-1,-1
327,363,609.77,909.04,48.60,105.69,0.70,-1,-1,-1
327,354,2295.47,728.05,39.82,68.31,0.53,-1,-1,-1
327,361,378.99,965.19,53.35,110.35,0.45,-1,-1,-1
327,377,283.64,765.60,41.93,89.89,0.65,-1,-1,-1
327,378,892.02,937.54,45.20,106.27,0.49,-1,-1,-1
327,379,2205.88,965.85,52.07,101.00,0.56,-1,-1,-1
327,362,2092.52,686.20,107.15,123.82,0.54,-1,-1,-1
327,380,289.56,922.24,54.51,117.13,0.63,-1,-1,-1
327,369,330.59,946.08,52.24,116.69,0.40,-1,-1,-1
327,381,450.03,640.41,37.98,81.70,0.72,-1,-1,-1
327,383,855.14,367.67,60.20,66.72,0.53,-1,-1,-1
327,366,2374.61,631.67,32.92,70.14,0.64,-1,-1,-1
327,385,137.93,805.02,77.32,111.94,0.63,-1,-1,-1
327,387,2327.99,658.15,25.90,57.81,0.35,-1,-1,-1
327,388,404.47,718.65,42.87,95.99,0.72,-1,-1,-1
328,123,635.56,648.80,176.43,123.74,0.89,-1,-1,-1
328,297,1309.09,201.38,51.71,34.53,0.31,-1,-1,-1
328,318,1756.49,430.96,71.59,55.08,0.74,-1,-1,-1
328,319,1809.96,467.97,86.79,83.61,0.79,-1,-1,-1
328,323,1947.46,583.84,135.38,102.77,0.68,-1,-1,-1
328,308,772.09,398.04,104.79,102.58,0.33,-1,-1,-1
328,276,1727.19,390.77,65.79,50.13,0.79,-1,-1,-1
328,349,1344.78,228.99,43.47,49.69,0.63,-1,-1,-1
328,281,2330.44,816.42,47.67,73.51,0.53,-1,-1,-1
328,352,2104.84,831.04,45.44,94.91,0.53,-1,-1,-1
328,356,1548.71,219.30,47.64,39.54,0.72,-1,-1,-1
328,358,1392.92,399.51,68.05,62.05,0.67,-1,-1,-1
328,367,1400.42,477.27,81.20,77.63,0.75,-1,-1,-1
328,368,1651.81,318.65,64.03,44.88,0.53,-1,-1,-1
328,363,602.29,908.60,48.05,105.78,0.64,-1,-1,-1
328,354,2294.64,728.90,39.13,67.71,0.46,-1,-1,-1
328,361,371.67,965.15,52.37,109.52,0.52,-1,-1,-1
328,377,284.02,765.34,42.20,90.45,0.63,-1,-1,-1
328,378,888.84,938.60,46.45,109.09,0.52,-1,-1,-1
328,379,2200.80,965.83,50.83,98.00,0.52,-1,-1,-1
328,362,2091.69,686.02,108.11,124.71,0.33,-1,-1,-1
328,380,281.50,922.88,52.18,111.80,0.66,-1,-1,-1
328,369,331.69,965.22,45.14,99.58,0.47,-1,-1,-1
328,381,449.50,641.61,37.24,80.01,0.50,-1,-1,-1
328,383,855.78,368.37,60.02,66.40,0.38,-1,-1,-1
328,366,2374.67,631.51,32.91,70.11,0.67,-1,-1,-1
328,385,143.63,797.14,79.46,116.43,0.68,-1,-1,-1
328,387,2326.80,655.00,27.87,61.98,0.36,-1,-1,-1
328,388,406.53,718.55,43.68,98.00,0.71,-1,-1,-1
329,123,640.73,647.40,175.72,123.88,0.89,-1,-1,-1
329,297,1310.82,201.01,50.02,33.37,0.41,-1,-1,-1
329,318,1756.41,430.88,71.92,55.32,0.73,-1,-1,-1
329,319,1810.45,468.75,86.55,83.23,0.80,-1,-1,-1
329,323,1947.75,583.90,134.62,102.07,0.70,-1,-1,-1
329,308,772.31,398.97,103.86,101.64,0.33,-1,-1,-1
329,276,1727.54,391.24,65.76,50.04,0.78,-1,-1,-1
329,349,1344.75,227.92,42.07,48.19,0.67,-1,-1,-1
329,281,2331.39,816.94,47.44,73.35,0.53,-1,-1,-1
329,352,2105.68,830.12,43.56,91.51,0.54,-1,-1,-1
329,356,1548.83,220.13,47.19,39.03,0.71,-1,-1,-1
329,358,1391.51,396.71,67.30,61.44,0.65,-1,-1,-1
329,367,1399.60,472.56,79.81,76.17,0.70,-1,-1,-1
329,368,1651.83,318.72,64.29,44.89,0.48,-1,-1,-1
329,363,595.65,907.65,47.71,106.25,0.62,-1,-1,-1
329,354,2295.23,728.53,39.29,68.08,0.53,-1,-1,-1
329,361,360.24,964.13,52.68,110.45,0.58,-1,-1,-1
329,377,283.36,765.29,42.91,92.00,0.62,-1,-1,-1
329,378,883.09,941.55,47.71,110.44,0.57,-1,-1,-1
329,379,2196.86,965.62,49.84,96.42,0.62,-1,-1,-1
329,362,2091.45,685.50,109.25,125.79,0.34,-1,-1,-1
329,380,276.72,924.71,53.93,114.72,0.49,-1,-1,-1
329,369,321.22,955.75,50.42,111.24,0.26,-1,-1,-1
329,381,448.72,641.01,37.95,81.55,0.68,-1,-1,-1
329,383,855.66,367.89,59.90,66.17,0.30,-1,-1,-1
329,366,2374.74,631.81,33.25,70.75,0.67,-1,-1,-1
329,385,147.03,794.60,80.01,118.50,0.68,-1,-1,-1
329,387,2328.62,656.97,26.48,58.56,0.17,-1,-1,-1
329,388,408.29,718.80,44.43,99.95,0.62,-1,-1,-1
329,389,2358.00,589.12,30.13,71.93,0.62,-1,-1,-1
330,123,645.77,646.24,174.85,124.15,0.90,-1,-1,-1
330,297,1310.57,200.29,51.32,34.20,0.25,-1,-1,-1
330,318,1756.53,430.87,72.31,55.61,0.72,-1,-1,-1
330,319,1810.06,469.33,86.41,83.08,0.79,-1,-1,-1
330,323,1948.20,585.06,133.90,101.34,0.67,-1,-1,-1
330,308,772.46,400.12,103.15,100.81,0.32,-1,-1,-1
330,276,1727.42,390.96,66.30,50.43,0.79,-1,-1,-1
330,349,1344.41,226.24,41.57,47.90,0.73,-1,-1,-1
330,281,2330.94,817.80,47.20,72.79,0.54,-1,-1,-1
330,352,2107.66,829.36,41.40,87.54,0.57,-1,-1,-1
330,356,1549.53,221.09,46.52,38.41,0.73,-1,-1,-1
330,358,1390.95,392.28,66.38,60.84,0.71,-1,-1,-1
330,367,1399.01,467.76,78.53,74.99,0.66,-1,-1,-1
330,368,1651.17,318.47,65.04,45.38,0.52,-1,-1,-1
330,363,588.78,906.89,48.30,108.19,0.62,-1,-1,-1
330,354,2295.03,727.95,39.55,68.75,0.53,-1,-1,-1
330,361,356.31,962.91,52.34,109.36,0.62,-1,-1,-1
330,377,283.27,766.20,42.14,89.79,0.68,-1,-1,-1
330,378,876.22,942.91,50.31,113.34,0.48,-1,-1,-1
330,379,2196.70,964.30,43.67,83.61,0.54,-1,-1,-1
330,362,2092.43,688.84,106.43,122.18,0.25,-1,-1,-1
330,380,268.04,927.03,52.48,109.64,0.55,-1,-1,-1
330,369,318.21,954.20,53.89,115.60,0.27,-1,-1,-1
330,381,447.87,640.58,38.45,82.49,0.55,-1,-1,-1
330,383,855.80,369.97,59.46,65.65,0.29,-1,-1,-1
330,366,2374.67,631.99,33.66,71.70,0.65,-1,-1,-1
330,385,146.76,792.24,81.88,122.90,0.64,-1,-1,-1
330,387,2326.18,646.57,31.32,69.21,0.37,-1,-1,-1
330,388,410.44,720.47,43.34,97.72,0.60,-1,-1,-1
330,389,2357.86,589.73,31.01,74.14,0.65,-1,-1,-1
331,123,650.98,645.26,171.53,122.69,0.90,-1,-1,-1
331,297,1308.03,197.57,52.34,35.08,0.39,-1,-1,-1
331,318,1756.20,430.80,72.74,56.03,0.71,-1,-1,-1
331,319,1809.72,468.64,87.53,84.18,0.79,-1,-1,-1
331,323,1948.41,585.64,133.36,100.75,0.68,-1,-1,-1
331,308,772.74,400.64,102.64,100.32,0.24,-1,-1,-1
331,276,1727.00,390.72,67.01,51.02,0.80,-1,-1,-1
331,349,1345.28,225.32,39.81,45.87,0.62,-1,-1,-1
331,281,2330.77,818.54,47.35,72.84,0.53,-1,-1,-1
331,352,2109.23,829.02,39.31,83.31,0.61,-1,-1,-1
331,356,1548.78,219.60,48.09,39.85,0.71,-1,-1,-1
331,358,1390.95,388.25,63.28,57.95,0.72,-1,-1,-1
331,367,1397.60,463.25,77.98,74.36,0.73,-1,-1,-1
331,368,1651.26,318.58,65.34,45.50,0.50,-1,-1,-1
331,363,581.87,905.56,48.63,110.24,0.57,-1,-1,-1
331,354,2295.19,727.97,39.79,69.16,0.53,-1,-1,-1
331,361,350.81,963.43,54.11,112.04,0.55,-1,-1,-1
331,377,282.42,766.90,41.89,88.74,0.61,-1,-1,-1
331,378,867.96,943.94,50.59,112.87,0.51,-1,-1,-1
331,379,2189.50,965.89,47.32,90.82,0.50,-1,-1,-1
331,362,2090.19,684.51,111.06,127.73,0.27,-1,-1,-1
331,380,264.82,928.35,52.59,108.17,0.59,-1,-1,-1
331,369,322.78,958.43,55.70,118.89,0.11,-1,-1,-1
331,381,447.42,640.88,38.62,82.86,0.59,-1,-1,-1
331,383,855.18,371.33,58.70,64.91,0.27,-1,-1,-1
331,366,2374.63,631.78,33.72,71.83,0.62,-1,-1,-1
331,385,151.71,792.59,79.96,121.94,0.60,-1,-1,-1
331,387,2325.50,645.94,32.14,70.82,0.39,-1,-1,-1
331,388,411.52,723.84,42.23,95.17,0.67,-1,-1,-1
331,389,2358.52,590.04,31.42,75.13,0.71,-1,-1,-1
332,123,656.74,644.55,167.89,121.03,0.89,-1,-1,-1
332,297,1302.34,192.47,57.32,38.70,0.30,-1,-1,-1
332,318,1756.10,430.76,71.73,55.18,0.74,-1,-1,-1
332,319,1810.87,470.85,85.70,82.32,0.80,-1,-1,-1
332,323,1948.92,586.43,132.21,99.58,0.65,-1,-1,-1
332,308,773.83,401.26,102.01,99.77,0.28,-1,-1,-1
332,276,1726.60,390.54,67.33,51.28,0.80,-1,-1,-1
332,349,1341.87,214.80,46.09,54.34,0.55,-1,-1,-1
332,281,2330.95,820.09,46.77,71.57,0.51,-1,-1,-1
332,352,2109.43,828.78,38.78,82.45,0.57,-1,-1,-1
332,356,1549.53,220.68,47.15,39.05,0.69,-1,-1,-1
332,358,1388.78,384.24,62.86,57.58,0.76,-1,-1,-1
332,367,1396.91,459.26,75.10,71.34,0.77,-1,-1,-1
332,368,1651.57,318.82,65.35,45.38,0.53,-1,-1,-1
332,363,572.95,903.62,47.71,109.52,0.57,-1,-1,-1
332,354,2295.29,728.06,40.15,69.49,0.50,-1,-1,-1
332,361,346.61,964.54,55.03,111.47,0.54,-1,-1,-1
332,377,282.76,767.15,41.83,88.69,0.56,-1,-1,-1
332,378,859.26,945.47,49.45,110.80,0.51,-1,-1,-1
332,379,2180.86,966.35,49.25,94.87,0.57,-1,-1,-1
332,362,2087.09,681.88,114.12,131.54,0.55,-1,-1,-1
332,380,255.97,927.90,54.46,111.21,0.62,-1,-1,-1
332,369,309.72,954.47,56.96,119.33,0.22,-1,-1,-1
332,381,447.15,641.49,38.69,82.79,0.47,-1,-1,-1
332,383,854.53,370.68,61.91,69.10,0.23,-1,-1,-1
332,366,2375.22,631.78,33.30,71.24,0.59,-1,-1,-1
332,385,155.11,793.20,78.05,120.73,0.55,-1,-1,-1
332,387,2325.45,647.42,31.71,69.60,0.41,-1,-1,-1
332,388,411.87,725.47,42.73,96.39,0.66,-1,-1,-1
332,389,2359.00,590.88,30.78,73.58,0.69,-1,-1,-1
333,123,662.25,643.86,165.63,120.29,0.90,-1,-1,-1
333,297,1306.66,193.26,53.66,35.73,0.44,-1,-1,-1
333,318,1755.95,430.70,71.71,55.14,0.73,-1,-1,-1
333,319,1812.08,472.39,84.67,81.18,0.80,-1,-1,-1
333,323,1948.22,586.98,132.84,99.95,0.60,-1,-1,-1
333,308,773.78,401.08,102.35,100.21,0.27,-1,-1,-1
333,276,1726.36,390.30,67.74,51.67,0.81,-1,-1,-1
333,349,1343.09,216.30,42.61,50.44,0.58,-1,-1,-1
333,281,2330.65,820.63,46.71,71.03,0.53,-1,-1,-1
333,352,2110.50,828.60,37.56,79.95,0.57,-1,-1,-1
333,356,1549.17,219.26,48.44,40.45,0.71,-1,-1,-1
333,358,1387.95,380.92,61.86,56.67,0.69,-1,-1,-1
333,367,1396.42,455.72,73.13,69.04,0.68,-1,-1,-1
333,368,1650.89,318.87,65.26,45.36,0.49,-1,-1,-1
333,363,566.79,902.02,46.85,108.60,0.61,-1,-1,-1
333,354,2295.08,728.27,40.24,69.57,0.50,-1,-1,-1
333,361,339.77,966.35,55.64,110.31,0.60,-1,-1,-1
333,377,283.06,767.25,41.67,88.29,0.66,-1,-1,-1
333,378,853.12,946.95,48.03,108.58,0.54,-1,-1,-1
333,379,2175.65,966.34,49.68,96.07,0.53,-1,-1,-1
333,362,2088.71,684.85,111.83,128.82,0.39,-1,-1,-1
333,380,248.38,928.65,54.56,110.27,0.46,-1,-1,-1
333,381,447.21,642.87,38.36,81.88,0.63,-1,-1,-1
333,383,855.54,368.31,60.13,67.23,0.57,-1,-1,-1
333,366,2375.17,632.43,33.04,70.80,0.60,-1,-1,-1
333,385,157.37,793.57,76.02,119.12,0.54,-1,-1,-1
333,387,2325.52,647.49,32.05,70.05,0.46,-1,-1,-1
333,388,413.33,724.98,42.73,96.76,0.65,-1,-1,-1
333,389,2359.86,592.01,30.57,72.92,0.70,-1,-1,-1
334,123,664.72,642.46,165.68,121.37,0.87,-1,-1,-1
334,297,1306.27,191.59,53.10,35.17,0.53,-1,-1,-1
334,318,1755.72,430.91,71.65,55.10,0.73,-1,-1,-1
334,319,1812.49,473.54,83.89,80.09,0.81,-1,-1,-1
334,323,1948.02,586.87,133.37,100.18,0.58,-1,-1,-1
334,308,773.11,400.27,103.00,100.86,0.36,-1,-1,-1
334,276,1726.40,390.50,67.41,51.42,0.80,-1,-1,-1
334,349,1343.26,213.71,42.16,50.49,0.59,-1,-1,-1
334,281,2329.19,820.60,47.27,71.16,0.48,-1,-1,-1
334,352,2110.79,828.08,36.61,77.75,0.61,-1,-1,-1
334,356,1549.32,219.08,48.41,40.68,0.71,-1,-1,-1
334,358,1386.23,377.63,61.34,56.10,0.52,-1,-1,-1
334,367,1393.41,448.24,76.26,71.79,0.68,-1,-1,-1
334,368,1649.11,318.54,65.54,45.95,0.42,-1,-1,-1
334,363,558.92,901.39,45.53,106.44,0.56,-1,-1,-1
334,354,2294.96,728.33,40.43,70.12,0.52,-1,-1,-1
334,361,327.26,967.31,55.15,110.61,0.55,-1,-1,-1
334,377,282.44,767.73,42.06,89.02,0.65,-1,-1,-1
334,378,846.89,946.95,47.92,108.14,0.57,-1,-1,-1
334,379,2166.92,966.24,51.21,98.77,0.52,-1,-1,-1
334,362,2088.92,684.11,111.78,129.24,0.47,-1,-1,-1
334,380,249.54,933.92,53.10,107.02,0.42,-1,-1,-1
334,381,446.45,643.04,38.31,81.58,0.53,-1,-1,-1
334,383,856.38,367.98,58.54,65.32,0.44,-1,-1,-1
334,366,2375.38,633.09,32.61,69.85,0.54,-1,-1,-1
334,385,157.56,791.45,73.76,116.36,0.55,-1,-1,-1
334,387,2325.33,647.69,32.12,69.98,0.35,-1,-1,-1
334,388,414.20,724.82,42.70,96.72,0.61,-1,-1,-1
334,389,2360.76,591.75,31.22,74.25,0.69,-1,-1,-1
335,123,667.31,641.31,163.48,120.52,0.84,-1,-1,-1
335,297,1307.88,191.13,51.67,33.86,0.44,-1,-1,-1
335,318,1755.69,430.56,71.79,55.17,0.73,-1,-1,-1
335,319,1812.82,474.30,83.26,79.17,0.80,-1,-1,-1
335,323,1947.45,586.57,134.44,100.79,0.64,-1,-1,-1
335,308,772.46,398.99,104.21,102.22,0.39,-1,-1,-1
335,276,1726.36,390.52,67.43,51.45,0.79,-1,-1,-1
335,349,1343.06,212.07,41.27,49.58,0.64,-1,-1,-1
335,281,2328.87,819.90,47.92,71.66,0.54,-1,-1,-1
335,352,2109.29,827.62,37.02,78.33,0.60,-1,-1,-1
335,356,1549.65,218.47,48.42,41.02,0.71,-1,-1,-1
335,358,1384.17,374.57,61.22,56.04,0.69,-1,-1,-1
335,367,1392.78,444.32,73.04,68.59,0.71,-1,-1,-1
335,368,1649.02,318.22,64.93,45.73,0.42,-1,-1,-1
335,363,553.75,898.57,46.66,109.82,0.67,-1,-1,-1
335,354,2294.97,727.47,40.72,70.32,0.48,-1,-1,-1
335,361,319.92,966.38,56.00,111.57,0.57,-1,-1,-1
335,377,280.46,765.16,43.76,92.27,0.49,-1,-1,-1
335,378,838.52,946.14,50.75,112.75,0.61,-1,-1,-1
335,379,2162.15,965.24,49.95,96.57,0.55,-1,-1,-1
335,362,2085.95,681.64,112.47,130.38,0.64,-1,-1,-1
335,380,235.72,929.12,53.53,107.35,0.57,-1,-1,-1
335,381,445.62,642.18,38.79,82.45,0.49,-1,-1,-1
335,383,857.07,368.47,57.21,63.48,0.39,-1,-1,-1
335,366,2374.75,633.41,32.00,68.51,0.55,-1,-1,-1
335,385,158.39,790.10,73.06,116.57,0.52,-1,-1,-1
335,387,2324.98,646.92,32.28,69.99,0.47,-1,-1,-1
335,388,414.50,725.99,43.43,98.00,0.63,-1,-1,-1
335,389,2361.70,591.87,31.51,74.59,0.64,-1,-1,-1
336,123,670.39,639.80,161.25,119.61,0.85,-1,-1,-1
336,297,1307.60,190.34,50.87,32.83,0.54,-1,-1,-1
336,318,1755.65,430.50,71.95,55.27,0.73,-1,-1,-1
336,319,1812.09,473.75,84.03,79.59,0.80,-1,-1,-1
336,323,1947.29,586.60,134.54,100.61,0.56,-1,-1,-1
336,308,772.03,397.77,105.76,104.02,0.42,-1,-1,-1
336,276,1726.80,390.95,67.05,51.13,0.79,-1,-1,-1
336,349,1342.12,208.20,41.93,50.61,0.65,-1,-1,-1
336,281,2328.78,820.19,47.42,70.53,0.52,-1,-1,-1
336,352,2106.86,826.54,39.08,82.59,0.61,-1,-1,-1
336,356,1550.68,220.13,46.17,39.18,0.72,-1,-1,-1
336,358,1382.78,371.30,61.70,56.58,0.72,-1,-1,-1
336,367,1391.99,440.64,71.73,67.41,0.73,-1,-1,-1
336,368,1648.01,317.43,64.75,46.04,0.45,-1,-1,-1
336,363,548.78,899.14,46.58,110.30,0.57,-1,-1,-1
336,354,2294.85,728.54,39.95,69.22,0.50,-1,-1,-1
336,361,311.69,965.73,55.72,112.14,0.57,-1,-1,-1
336,377,280.11,765.10,43.63,92.03,0.54,-1,-1,-1
336,378,831.83,945.85,54.52,118.99,0.48,-1,-1,-1
336,379,2157.38,961.06,50.04,96.73,0.50,-1,-1,-1
336,362,2084.29,679.03,114.31,132.81,0.56,-1,-1,-1
336,380,229.91,929.58,54.68,107.73,0.43,-1,-1,-1
336,381,445.05,642.21,38.51,81.98,0.61,-1,-1,-1
336,383,855.94,367.30,58.47,65.01,0.38,-1,-1,-1
336,366,2374.44,634.55,31.55,67.07,0.54,-1,-1,-1
336,385,158.59,787.48,73.25,117.80,0.42,-1,-1,-1
336,387,2324.10,644.63,33.30,72.15,0.43,-1,-1,-1
336,388,415.35,727.11,43.93,99.00,0.59,-1,-1,-1
336,389,2362.76,592.11,31.50,74.33,0.59,-1,-1,-1
337,123,672.49,638.93,160.86,120.44,0.86,-1,-1,-1
337,297,1307.10,189.17,51.64,32.72,0.56,-1,-1,-1
337,318,1756.26,430.27,72.02,55.17,0.75,-1,-1,-1
337,319,1811.76,473.13,84.77,80.07,0.80,-1,-1,-1
337,323,1946.85,586.40,135.16,100.83,0.59,-1,-1,-1
337,308,773.21,399.10,103.97,102.28,0.36,-1,-1,-1
337,276,1726.72,391.05,66.76,50.92,0.81,-1,-1,-1
337,349,1342.48,209.09,39.39,47.16,0.70,-1,-1,-1
337,281,2328.23,820.26,47.61,70.48,0.53,-1,-1,-1
337,352,2104.35,824.50,41.16,87.10,0.57,-1,-1,-1
337,356,1551.34,221.60,44.62,37.73,0.72,-1,-1,-1
337,358,1380.72,366.49,62.57,57.51,0.72,-1,-1,-1
337,367,1389.42,434.55,73.19,68.95,0.68,-1,-1,-1
337,368,1645.92,317.58,62.91,45.54,0.43,-1,-1,-1
337,363,543.18,899.48,46.59,109.92,0.60,-1,-1,-1
337,354,2294.66,729.05,39.77,69.03,0.47,-1,-1,-1
337,361,302.61,964.73,57.41,115.30,0.47,-1,-1,-1
337,377,280.21,766.75,42.72,89.96,0.62,-1,-1,-1
337,378,819.88,942.66,55.48,122.94,0.59,-1,-1,-1
337,379,2152.14,960.54,49.96,96.86,0.61,-1,-1,-1
337,362,2086.67,682.85,111.15,128.83,0.55,-1,-1,-1
337,380,223.24,933.88,60.17,116.65,0.43,-1,-1,-1
337,381,444.53,641.35,38.27,81.85,0.60,-1,-1,-1
337,383,855.29,368.38,58.88,65.75,0.48,-1,-1,-1
337,366,2373.71,634.56,31.65,66.87,0.53,-1,-1,-1
337,385,160.32,786.71,71.85,115.99,0.49,-1,-1,-1
337,387,2323.63,643.60,33.73,72.94,0.43,-1,-1,-1
337,388,416.09,726.95,44.79,100.71,0.62,-1,-1,-1
337,389,2363.69,592.03,31.98,75.16,0.61,-1,-1,-1
337,391,2385.15,836.31,40.99,63.43,0.60,-1,-1,-1
338,123,676.32,636.98,159.92,121.18,0.86,-1,-1,-1
338,297,1306.26,188.01,56.49,35.13,0.40,-1,-1,-1
338,318,1756.34,430.09,72.27,55.31,0.75,-1,-1,-1
338,319,1811.22,472.47,85.53,80.64,0.80,-1,-1,-1
338,323,1947.26,586.73,135.32,100.46,0.56,-1,-1,-1
338,308,771.46,395.03,107.11,105.93,0.49,-1,-1,-1
338,276,1726.71,391.14,66.72,50.89,0.81,-1,-1,-1
338,349,1340.95,205.81,40.54,48.45,0.80,-1,-1,-1
338,281,2328.23,820.46,47.56,70.29,0.53,-1,-1,-1
338,352,2102.01,823.56,42.59,90.27,0.56,-1,-1,-1
338,356,1550.03,221.01,45.47,38.36,0.73,-1,-1,-1
338,358,1378.80,362.88,61.58,56.30,0.67,-1,-1,-1
338,367,1388.33,429.99,72.38,68.17,0.67,-1,-1,-1
338,368,1645.48,318.84,59.90,44.08,0.41,-1,-1,-1
338,363,535.81,900.17,45.13,106.12,0.66,-1,-1,-1
338,354,2293.31,729.39,39.91,69.77,0.45,-1,-1,-1
338,361,295.50,966.92,57.96,114.16,0.55,-1,-1,-1
338,377,279.83,766.17,43.23,91.08,0.47,-1,-1,-1
338,378,812.67,941.62,55.54,124.22,0.62,-1,-1,-1
338,379,2146.81,961.17,48.18,93.19,0.60,-1,-1,-1
338,362,2084.62,680.68,112.75,131.04,0.60,-1,-1,-1
338,380,214.19,931.02,56.22,108.41,0.38,-1,-1,-1
338,381,444.27,641.12,38.18,82.03,0.68,-1,-1,-1
338,383,855.35,368.07,59.65,66.79,0.69,-1,-1,-1
338,366,2373.14,634.41,31.67,66.35,0.48,-1,-1,-1
338,385,160.95,785.79,72.95,117.86,0.34,-1,-1,-1
338,387,2323.02,642.22,34.49,74.44,0.63,-1,-1,-1
338,388,417.77,725.64,45.36,101.80,0.64,-1,-1,-1
338,389,2367.87,593.96,28.76,66.60,0.48,-1,-1,-1
338,391,2384.55,835.89,41.30,63.92,0.58,-1,-1,-1
339,123,679.43,635.46,159.30,122.37,0.87,-1,-1,-1
339,297,1306.17,186.80,58.50,35.66,0.40,-1,-1,-1
339,318,1755.81,430.49,71.96,55.03,0.75,-1,-1,-1
339,319,1811.16,472.99,85.48,80.31,0.81,-1,-1,-1
339,323,1946.82,586.55,134.98,99.80,0.60,-1,-1,-1
339,308,771.71,395.14,106.54,105.68,0.44,-1,-1,-1
339,276,1726.46,390.86,66.85,51.00,0.80,-1,-1,-1
339,349,1339.41,201.69,42.16,50.46,0.75,-1,-1,-1
339,281,2328.13,819.81,48.07,70.92,0.49,-1,-1,-1
339,352,2097.96,824.80,43.51,90.96,0.59,-1,-1,-1
339,356,1550.24,221.74,44.94,37.73,0.73,-1,-1,-1
339,358,1377.41,359.60,60.11,54.85,0.58,-1,-1,-1
339,367,1385.58,424.59,73.19,68.71,0.70,-1,-1,-1
339,368,1646.10,318.52,60.53,45.04,0.37,-1,-1,-1
339,363,525.49,897.84,45.46,107.40,0.60,-1,-1,-1
339,354,2293.67,729.05,40.45,70.56,0.45,-1,-1,-1
339,361,289.34,967.52,59.07,114.15,0.57,-1,-1,-1
339,377,280.18,765.17,43.43,91.76,0.50,-1,-1,-1
339,378,802.62,941.46,56.15,128.50,0.56,-1,-1,-1
339,379,2140.22,959.52,49.26,95.67,0.66,-1,-1,-1
339,362,2087.08,684.65,110.00,127.50,0.64,-1,-1,-1
339,380,214.61,944.62,59.99,114.92,0.55,-1,-1,-1
339,381,443.90,640.84,38.14,82.53,0.68,-1,-1,-1
339,383,855.47,367.88,60.05,67.31,0.42,-1,-1,-1
339,366,2372.06,635.27,32.77,68.85,0.39,-1,-1,-1
339,385,165.74,787.43,71.73,115.51,0.38,-1,-1,-1
339,387,2322.28,641.43,35.53,76.64,0.57,-1,-1,-1
339,388,420.68,727.28,44.86,100.39,0.57,-1,-1,-1
339,389,2369.12,594.77,28.40,64.73,0.50,-1,-1,-1
339,391,2383.91,835.96,42.28,65.52,0.55,-1,-1,-1
340,123,680.24,633.45,159.99,124.81,0.86,-1,-1,-1
340,297,1303.55,186.45,57.93,35.06,0.40,-1,-1,-1
340,318,1755.54,430.53,72.13,55.18,0.75,-1,-1,-1
340,319,1810.46,472.93,86.11,80.65,0.81,-1,-1,-1
340,323,1946.72,586.83,135.35,99.69,0.41,-1,-1,-1
340,308,772.37,396.56,105.53,104.81,0.46,-1,-1,-1
340,276,1726.04,390.49,67.21,51.38,0.80,-1,-1,-1
340,349,1338.73,199.35,42.76,51.38,0.54,-1,-1,-1
340,281,2327.76,820.10,48.60,71.84,0.53,-1,-1,-1
340,352,2095.85,824.09,43.48,90.30,0.62,-1,-1,-1
340,356,1551.47,222.52,44.17,36.99,0.74,-1,-1,-1
340,358,1375.38,355.40,60.03,54.69,0.36,-1,-1,-1
340,367,1385.63,421.30,71.51,66.84,0.67,-1,-1,-1
340,368,1646.58,318.33,60.10,45.18,0.41,-1,-1,-1
340,363,519.36,896.46,45.58,107.93,0.68,-1,-1,-1
340,354,2293.73,729.60,40.05,69.77,0.49,-1,-1,-1
340,361,284.35,965.18,61.15,116.78,0.68,-1,-1,-1
340,377,280.16,766.12,42.23,89.06,0.55,-1,-1,-1
340,378,794.41,942.08,55.36,128.48,0.39,-1,-1,-1
340,379,2132.61,959.96,50.56,98.64,0.71,-1,-1,-1
340,362,2085.48,682.97,112.66,130.92,0.52,-1,-1,-1
340,380,210.65,944.09,64.00,120.99,0.58,-1,-1,-1
340,381,443.51,639.60,38.60,84.13,0.66,-1,-1,-1
340,383,854.90,367.46,60.59,67.92,0.51,-1,-1,-1
340,366,2371.66,635.78,32.61,68.37,0.32,-1,-1,-1
340,385,172.09,787.86,69.47,111.91,0.41,-1,-1,-1
340,387,2321.81,641.02,35.75,76.99,0.53,-1,-1,-1
340,388,424.47,726.38,46.78,104.08,0.51,-1,-1,-1
340,389,2370.27,594.04,29.62,66.76,0.50,-1,-1,-1
340,391,2383.77,835.89,41.93,65.03,0.60,-1,-1,-1
341,123,685.78,632.83,153.28,121.05,0.86,-1,-1,-1
341,297,1305.53,185.79,59.33,35.11,0.51,-1,-1,-1
341,318,1755.22,430.85,72.15,55.23,0.75,-1,-1,-1
341,319,1808.96,472.16,87.23,81.43,0.80,-1,-1,-1
341,323,1945.70,586.53,136.93,100.60,0.51,-1,-1,-1
341,308,771.67,395.19,107.08,106.68,0.45,-1,-1,-1
341,276,1725.82,390.53,67.47,51.66,0.80,-1,-1,-1
341,349,1339.20,200.11,40.43,48.27,0.73,-1,-1,-1
341,281,2327.10,820.25,48.32,71.31,0.58,-1,-1,-1
341,352,2091.97,824.57,44.07,90.70,0.60,-1,-1,-1
341,356,1551.34,223.51,43.53,36.14,0.71,-1,-1,-1
341,358,1373.39,351.55,60.33,54.87,0.26,-1,-1,-1
341,367,1383.54,416.62,71.28,66.32,0.54,-1,-1,-1
341,368,1644.87,317.72,60.52,46.24,0.26,-1,-1,-1
341,363,514.15,895.39,44.77,106.93,0.68,-1,-1,-1
341,354,2293.69,729.59,40.30,70.07,0.47,-1,-1,-1
341,361,276.30,964.92,58.80,113.47,0.58,-1,-1,-1
341,377,279.59,766.09,42.41,89.29,0.30,-1,-1,-1
341,378,783.61,944.39,57.85,134.73,0.49,-1,-1,-1
341,379,2128.04,962.74,49.44,97.35,0.64,-1,-1,-1
341,362,2081.97,678.32,117.23,135.99,0.24,-1,-1,-1
341,380,204.59,936.00,70.91,132.79,0.54,-1,-1,-1
341,381,443.49,639.85,38.36,84.00,0.60,-1,-1,-1
341,383,854.84,366.35,59.79,67.05,0.42,-1,-1,-1
341,366,2371.22,636.52,32.34,67.44,0.43,-1,-1,-1
341,385,176.43,788.32,68.20,110.42,0.27,-1,-1,-1
341,387,2321.06,641.59,35.70,76.81,0.54,-1,-1,-1
341,388,426.95,727.60,46.15,102.15,0.57,-1,-1,-1
341,389,2370.76,593.99,30.34,67.76,0.53,-1,-1,-1
341,391,2383.20,835.74,41.79,64.84,0.56,-1,-1,-1
342,123,688.27,631.31,150.17,120.38,0.85,-1,-1,-1
342,297,1307.24,185.15,60.15,35.01,0.37,-1,-1,-1
342,318,1755.21,431.03,71.81,54.97,0.76,-1,-1,-1
342,319,1807.86,471.01,88.67,82.70,0.80,-1,-1,-1
342,323,1944.63,586.08,136.94,100.41,0.54,-1,-1,-1
342,308,771.69,395.02,106.85,106.64,0.52,-1,-1,-1
342,276,1725.89,390.78,67.02,51.37,0.80,-1,-1,-1
342,349,1337.17,195.72,42.57,51.08,0.55,-1,-1,-1
342,281,2326.63,820.54,48.41,71.33,0.58,-1,-1,-1
342,352,2091.45,824.66,43.43,89.52,0.65,-1,-1,-1
342,356,1551.56,223.69,43.23,35.68,0.72,-1,-1,-1
342,358,1372.44,348.89,59.24,53.90,0.25,-1,-1,-1
342,367,1381.64,412.11,71.12,66.04,0.52,-1,-1,-1
342,368,1645.96,318.34,59.01,45.66,0.26,-1,-1,-1
342,363,508.94,895.21,45.74,109.84,0.67,-1,-1,-1
342,354,2293.58,729.39,40.43,69.78,0.47,-1,-1,-1
342,361,268.05,964.69,55.72,108.59,0.60,-1,-1,-1
342,377,280.01,765.81,42.39,89.42,0.40,-1,-1,-1
342,378,778.59,945.20,57.63,132.90,0.57,-1,-1,-1
342,379,2123.01,961.72,49.95,99.06,0.57,-1,-1,-1
342,362,2079.64,675.20,119.67,139.11,0.30,-1,-1,-1
342,380,213.07,950.51,63.26,119.33,0.53,-1,-1,-1
342,381,443.23,639.00,38.26,84.04,0.67,-1,-1,-1
342,383,857.58,365.20,52.37,57.66,0.50,-1,-1,-1
342,366,2370.26,636.61,32.73,67.91,0.39,-1,-1,-1
342,385,181.55,789.39,66.54,108.12,0.52,-1,-1,-1
342,387,2320.54,641.36,35.93,76.99,0.62,-1,-1,-1
342,388,429.73,729.00,45.70,100.56,0.57,-1,-1,-1
342,389,2370.05,594.14,32.32,71.90,0.55,-1,-1,-1
342,391,2383.28,836.09,40.98,63.60,0.58,-1,-1,-1
342,392,1234.81,117.17,27.24,30.98,0.72,-1,-1,-1
342,393,2291.11,617.68,31.19,73.89,0.61,-1,-1,-1
342,394,2343.50,526.36,30.62,65.52,0.65,-1,-1,-1
343,123,693.74,630.84,145.35,118.12,0.85,-1,-1,-1
343,297,1305.54,184.59,65.40,37.81,0.48,-1,-1,-1
343,318,1754.96,431.27,71.85,55.01,0.77,-1,-1,-1
343,319,1807.68,471.02,89.01,82.90,0.79,-1,-1,-1
343,323,1944.68,586.60,136.42,99.76,0.55,-1,-1,-1
343,308,771.41,394.09,107.32,107.45,0.37,-1,-1,-1
343,276,1725.91,390.83,67.13,51.48,0.80,-1,-1,-1
343,349,1337.79,195.16,40.65,48.85,0.71,-1,-1,-1
343,281,2326.16,821.30,48.39,71.17,0.56,-1,-1,-1
343,352,2093.69,825.09,41.28,85.94,0.70,-1,-1,-1
343,356,1550.09,222.43,45.09,37.05,0.70,-1,-1,-1
343,358,1372.86,346.34,57.32,52.21,0.16,-1,-1,-1
343,367,1382.00,408.70,69.07,64.01,0.62,-1,-1,-1
343,368,1646.27,318.54,58.27,45.62,0.34,-1,-1,-1
343,363,503.60,896.46,44.96,107.06,0.63,-1,-1,-1
343,354,2293.33,729.67,40.85,70.10,0.45,-1,-1,-1
343,361,260.82,965.77,55.87,109.19,0.62,-1,-1,-1
343,377,280.54,765.08,42.70,89.37,0.27,-1,-1,-1
343,378,769.79,946.12,60.38,139.20,0.60,-1,-1,-1
343,379,2116.58,961.87,50.82,100.56,0.57,-1,-1,-1
343,362,2080.46,677.72,117.40,136.51,0.40,-1,-1,-1
343,380,197.08,950.26,64.61,119.18,0.42,-1,-1,-1
343,381,443.29,638.13,37.90,83.34,0.67,-1,-1,-1
343,383,855.95,365.95,55.67,61.25,0.28,-1,-1,-1
343,366,2370.15,638.56,32.32,66.61,0.34,-1,-1,-1
343,385,183.11,787.81,66.50,108.33,0.25,-1,-1,-1
343,387,2320.14,641.84,35.98,76.77,0.56,-1,-1,-1
343,388,432.06,729.89,45.84,100.49,0.61,-1,-1,-1
343,389,2370.82,594.65,32.19,71.09,0.56,-1,-1,-1
343,391,2382.50,836.25,41.03,63.73,0.51,-1,-1,-1
343,392,1234.98,117.28,26.60,30.19,0.73,-1,-1,-1
343,393,2290.19,619.39,29.07,68.81,0.48,-1,-1,-1
343,394,2343.23,526.39,30.62,65.51,0.65,-1,-1,-1
343,396,2547.69,817.79,33.38,71.04,0.61,-1,-1,-1
344,123,696.27,629.45,143.77,118.72,0.85,-1,-1,-1
344,297,1306.25,183.87,64.12,36.46,0.28,-1,-1,-1
344,318,1755.34,431.29,71.50,54.75,0.77,-1,-1,-1
344,319,1807.34,470.38,89.83,83.67,0.79,-1,-1,-1
344,323,1943.86,586.42,137.71,100.75,0.56,-1,-1,-1
344,308,772.63,396.56,104.88,104.99,0.44,-1,-1,-1
344,276,1726.41,391.28,66.20,50.79,0.79,-1,-1,-1
344,349,1333.63,189.55,43.59,52.24,0.55,-1,-1,-1
344,281,2326.11,821.56,48.98,72.12,0.55,-1,-1,-1
344,352,2092.54,825.45,41.41,86.86,0.64,-1,-1,-1
344,356,1548.16,220.59,47.24,38.71,0.72,-1,-1,-1
344,358,1371.27,343.46,57.12,51.86,0.50,-1,-1,-1
344,367,1381.06,404.77,69.44,64.40,0.53,-1,-1,-1
344,368,1646.96,319.07,57.11,45.10,0.28,-1,-1,-1
344,363,496.76,894.04,45.02,107.64,0.58,-1,-1,-1
344,354,2292.73,729.44,41.28,70.72,0.45,-1,-1,-1
344,361,254.40,967.19,56.87,109.39,0.60,-1,-1,-1
344,377,280.00,765.60,43.53,89.54,0.17,-1,-1,-1
344,378,765.01,945.48,58.91,136.95,0.61,-1,-1,-1
344,379,2111.73,962.56,50.23,99.31,0.60,-1,-1,-1
344,362,2079.83,680.50,115.08,133.84,0.41,-1,-1,-1
344,380,187.22,953.79,66.38,117.64,0.45,-1,-1,-1
344,381,443.25,637.30,37.74,82.95,0.63,-1,-1,-1
344,383,853.96,366.43,59.01,65.31,0.57,-1,-1,-1
344,366,2371.57,640.49,30.66,62.29,0.24,-1,-1,-1
344,387,2319.60,642.41,35.89,76.40,0.47,-1,-1,-1
344,388,434.18,728.52,46.60,102.63,0.65,-1,-1,-1
344,389,2372.17,594.24,31.43,69.21,0.54,-1,-1,-1
344,391,2382.20,836.01,41.28,64.28,0.53,-1,-1,-1
344,392,1235.29,117.79,26.67,30.16,0.75,-1,-1,-1
344,393,2287.39,618.48,28.09,66.53,0.41,-1,-1,-1
344,394,2343.56,527.48,30.28,64.78,0.63,-1,-1,-1
344,396,2547.78,818.01,32.90,70.00,0.63,-1,-1,-1
345,123,699.07,629.72,140.35,117.40,0.84,-1,-1,-1
345,297,1306.17,182.99,64.91,36.90,0.29,-1,-1,-1
345,318,1755.03,431.58,71.39,54.69,0.79,-1,-1,-1
345,319,1805.50,469.10,91.08,84.80,0.80,-1,-1,-1
345,323,1942.83,586.42,138.42,101.41,0.61,-1,-1,-1
345,308,772.59,396.94,104.77,104.87,0.52,-1,-1,-1
345,276,1726.14,390.92,66.70,51.27,0.81,-1,-1,-1
345,349,1337.41,193.06,39.40,47.08,0.59,-1,-1,-1
345,281,2325.41,822.07,49.08,72.23,0.56,-1,-1,-1
345,352,2089.09,824.60,42.73,89.64,0.52,-1,-1,-1
345,356,1547.40,221.03,47.47,38.62,0.71,-1,-1,-1
345,358,1371.34,341.03,55.00,49.60,0.72,-1,-1,-1
345,367,1379.74,401.12,68.06,62.87,0.50,-1,-1,-1
345,368,1647.22,319.42,56.10,44.72,0.31,-1,-1,-1
345,363,489.28,892.30,45.35,108.87,0.65,-1,-1,-1
345,354,2292.17,729.12,41.83,71.32,0.46,-1,-1,-1
345,361,249.31,968.09,58.86,111.53,0.65,-1,-1,-1
345,377,279.92,765.95,42.83,88.15,0.37,-1,-1,-1
345,378,759.43,944.62,54.23,126.22,0.62,-1,-1,-1
345,379,2106.38,961.28,49.40,98.09,0.60,-1,-1,-1
345,362,2082.70,685.20,112.81,131.36,0.41,-1,-1,-1
345,381,443.09,636.80,37.52,82.41,0.39,-1,-1,-1
345,383,853.97,366.93,59.49,65.93,0.28,-1,-1,-1
345,366,2372.17,641.34,30.04,60.25,0.25,-1,-1,-1
345,387,2319.07,642.54,36.06,76.40,0.52,-1,-1,-1
345,388,436.85,728.54,46.76,103.40,0.69,-1,-1,-1
345,389,2372.97,593.33,31.15,68.41,0.58,-1,-1,-1
345,391,2382.58,836.17,41.16,64.17,0.54,-1,-1,-1
345,392,1235.22,119.07,26.93,30.30,0.70,-1,-1,-1
345,393,2284.61,616.38,27.77,65.75,0.46,-1,-1,-1
345,394,2343.30,528.57,30.16,64.54,0.55,-1,-1,-1
345,396,2546.71,818.25,33.72,71.83,0.48,-1,-1,-1
346,123,700.06,628.17,140.28,119.06,0.82,-1,-1,-1
346,297,1306.51,181.97,64.84,36.63,0.27,-1,-1,-1
346,318,1754.96,431.59,71.58,54.87,0.76,-1,-1,-1
346,319,1806.53,470.58,89.91,83.56,0.80,-1,-1,-1
346,323,1942.47,586.46,139.24,102.13,0.59,-1,-1,-1
346,308,772.53,397.32,104.09,104.01,0.48,-1,-1,-1
346,276,1725.93,390.78,67.00,51.55,0.80,-1,-1,-1
346,349,1338.09,193.11,38.00,45.14,0.45,-1,-1,-1
346,281,2325.56,821.75,48.99,72.15,0.57,-1,-1,-1
346,352,2088.37,822.50,42.93,90.67,0.68,-1,-1,-1
346,356,1546.74,220.09,48.57,39.36,0.71,-1,-1,-1
346,358,1369.25,337.48,56.87,51.10,0.49,-1,-1,-1
346,367,1377.01,397.06,68.35,62.98,0.42,-1,-1,-1
346,368,1648.09,319.51,55.67,44.48,0.35,-1,-1,-1
346,363,482.46,890.21,44.75,107.86,0.62,-1,-1,-1
346,354,2291.98,728.50,42.61,72.59,0.45,-1,-1,-1
346,361,241.71,968.46,58.21,110.06,0.52,-1,-1,-1
346,377,278.08,765.49,42.91,88.15,0.39,-1,-1,-1
346,378,753.42,944.52,53.06,123.82,0.63,-1,-1,-1
346,379,2100.70,961.09,49.15,98.52,0.62,-1,-1,-1
346,362,2083.54,688.41,109.84,127.95,0.47,-1,-1,-1
346,381,443.40,634.89,38.04,83.28,0.59,-1,-1,-1
346,383,855.00,368.22,57.44,63.57,0.21,-1,-1,-1
346,366,2371.72,641.32,30.75,61.08,0.30,-1,-1,-1
346,387,2319.07,642.43,36.28,76.68,0.53,-1,-1,-1
346,388,440.93,731.09,45.49,100.87,0.71,-1,-1,-1
346,389,2373.32,592.87,31.20,68.23,0.56,-1,-1,-1
346,391,2382.11,836.08,41.38,64.64,0.52,-1,-1,-1
346,392,1232.48,121.31,30.48,34.37,0.63,-1,-1,-1
346,393,2282.20,615.36,28.69,67.96,0.46,-1,-1,-1
346,394,2343.27,529.54,29.77,63.66,0.58,-1,-1,-1
346,396,2546.87,819.16,33.59,71.53,0.57,-1,-1,-1
347,123,701.93,625.94,139.12,119.75,0.82,-1,-1,-1
347,297,1305.87,178.94,60.92,33.92,0.27,-1,-1,-1
347,318,1754.84,431.54,71.77,55.03,0.77,-1,-1,-1
347,319,1806.75,470.89,89.91,83.45,0.80,-1,-1,-1
347,323,1942.75,586.39,138.99,101.97,0.45,-1,-1,-1
347,308,772.00,396.09,105.31,105.35,0.49,-1,-1,-1
347,276,1726.16,390.92,66.76,51.32,0.80,-1,-1,-1
347,349,1339.48,192.81,36.35,42.83,0.35,-1,-1,-1
347,281,2324.85,821.28,49.91,73.90,0.56,-1,-1,-1
347,352,2088.45,821.48,42.52,90.82,0.69,-1,-1,-1
347,356,1544.82,217.94,51.16,41.44,0.70,-1,-1,-1
347,358,1369.27,334.20,55.64,49.65,0.41,-1,-1,-1
347,367,1376.79,392.36,68.46,62.84,0.63,-1,-1,-1
347,368,1648.39,319.67,55.20,44.22,0.36,-1,-1,-1
347,363,477.78,889.52,43.84,105.83,0.61,-1,-1,-1
347,354,2291.66,728.98,42.69,72.33,0.49,-1,-1,-1
347,361,234.14,967.05,59.92,112.40,0.60,-1,-1,-1
347,377,279.40,766.74,42.83,87.30,0.26,-1,-1,-1
347,378,744.33,943.02,56.99,133.07,0.62,-1,-1,-1
347,379,2096.26,961.59,47.99,96.64,0.61,-1,-1,-1
347,362,2083.79,689.56,109.22,127.39,0.43,-1,-1,-1
347,381,443.39,633.33,38.18,83.13,0.14,-1,-1,-1
347,383,854.43,367.10,58.45,65.18,0.49,-1,-1,-1
347,366,2371.47,641.65,31.14,60.97,0.23,-1,-1,-1
347,387,2318.93,642.42,36.79,77.57,0.55,-1,-1,-1
347,388,444.19,734.10,44.19,98.22,0.69,-1,-1,-1
347,389,2374.11,593.21,31.39,68.63,0.58,-1,-1,-1
347,391,2381.71,836.23,41.76,65.46,0.50,-1,-1,-1
347,392,1231.82,122.20,31.14,35.15,0.58,-1,-1,-1
347,393,2278.22,613.98,30.42,72.30,0.40,-1,-1,-1
347,394,2342.61,528.96,30.24,64.48,0.54,-1,-1,-1
347,396,2547.24,818.98,32.73,69.53,0.59,-1,-1,-1
347,397,2062.16,841.64,42.47,81.22,0.64,-1,-1,-1
348,123,704.87,625.67,136.50,119.06,0.82,-1,-1,-1
348,297,1304.69,177.03,59.93,33.22,0.18,-1,-1,-1
348,318,1754.86,431.66,71.48,54.77,0.78,-1,-1,-1
348,319,1807.19,471.33,89.71,83.12,0.80,-1,-1,-1
348,323,1943.15,586.26,138.03,101.20,0.51,-1,-1,-1
348,308,771.18,393.21,107.61,107.91,0.50,-1,-1,-1
348,276,1726.34,391.35,66.61,51.16,0.79,-1,-1,-1
348,349,1340.06,192.04,35.95,42.00,0.19,-1,-1,-1
348,281,2324.78,821.14,49.92,73.97,0.57,-1,-1,-1
348,352,2088.09,821.47,42.34,91.41,0.69,-1,-1,-1
348,356,1544.15,215.83,52.95,43.15,0.71,-1,-1,-1
348,358,1368.73,331.25,54.28,48.12,0.39,-1,-1,-1
348,367,1376.16,387.71,67.76,62.06,0.55,-1,-1,-1
348,368,1648.36,319.78,54.92,44.24,0.19,-1,-1,-1
348,363,473.05,889.03,44.13,106.37,0.68,-1,-1,-1
348,354,2291.36,729.41,42.85,72.11,0.48,-1,-1,-1
348,361,227.36,967.85,59.88,113.01,0.57,-1,-1,-1
348,377,276.84,765.13,44.22,90.07,0.30,-1,-1,-1
348,378,739.84,944.30,57.02,131.76,0.68,-1,-1,-1
348,379,2090.87,961.71,48.33,97.30,0.64,-1,-1,-1
348,362,2085.22,691.31,107.44,125.30,0.39,-1,-1,-1
348,381,445.54,633.31,38.17,82.57,0.43,-1,-1,-1
348,383,854.56,368.20,57.55,64.32,0.27,-1,-1,-1
348,366,2371.69,642.04,30.88,59.69,0.21,-1,-1,-1
348,387,2319.27,643.37,36.43,76.95,0.54,-1,-1,-1
348,388,447.88,737.55,42.26,93.77,0.74,-1,-1,-1
348,389,2375.18,594.91,30.74,67.19,0.54,-1,-1,-1
348,391,2381.66,837.18,41.20,64.73,0.52,-1,-1,-1
348,392,1234.40,122.15,27.98,31.25,0.61,-1,-1,-1
348,393,2276.81,613.53,30.03,71.61,0.30,-1,-1,-1
348,394,2343.24,529.22,29.98,63.92,0.55,-1,-1,-1
348,396,2547.75,818.53,32.94,69.86,0.62,-1,-1,-1
348,397,2058.44,836.59,45.18,86.58,0.62,-1,-1,-1
348,380,158.09,951.43,66.72,118.17,0.55,-1,-1,-1
349,123,708.88,625.27,132.62,117.22,0.79,-1,-1,-1
349,297,1307.56,177.17,54.43,30.12,0.23,-1,-1,-1
349,318,1754.85,431.46,72.00,55.29,0.76,-1,-1,-1
349,319,1805.72,470.25,90.62,83.98,0.79,-1,-1,-1
349,323,1942.71,586.25,138.59,101.73,0.56,-1,-1,-1
349,308,772.26,395.03,105.90,106.37,0.41,-1,-1,-1
349,276,1726.47,391.75,66.09,50.67,0.77,-1,-1,-1
349,349,1337.55,186.95,38.71,45.36,0.27,-1,-1,-1
349,281,2325.72,822.87,48.68,72.18,0.56,-1,-1,-1
349,352,2086.91,820.65,42.15,91.84,0.68,-1,-1,-1
349,356,1545.98,217.55,50.98,41.61,0.70,-1,-1,-1
349,358,1366.87,329.49,53.51,47.24,0.48,-1,-1,-1
349,367,1374.86,384.48,67.26,61.39,0.60,-1,-1,-1
349,368,1649.00,319.44,55.25,44.67,0.15,-1,-1,-1
349,363,467.42,888.84,45.98,109.90,0.67,-1,-1,-1
349,354,2288.15,733.23,41.01,69.38,0.44,-1,-1,-1
349,361,219.08,966.92,59.89,114.10,0.58,-1,-1,-1
349,377,277.75,766.84,43.44,88.73,0.40,-1,-1,-1
349,378,733.54,944.83,59.37,135.74,0.63,-1,-1,-1
349,379,2084.61,960.88,49.42,99.59,0.57,-1,-1,-1
349,362,2081.74,686.19,113.04,132.62,0.33,-1,-1,-1
349,381,446.83,633.51,38.55,82.84,0.55,-1,-1,-1
349,383,856.66,366.72,51.91,57.21,0.36,-1,-1,-1
349,366,2369.60,641.18,33.13,63.95,0.19,-1,-1,-1
349,387,2319.04,643.17,36.36,76.68,0.56,-1,-1,-1
349,388,450.33,739.58,41.73,91.88,0.71,-1,-1,-1
349,389,2373.37,596.87,35.39,78.48,0.60,-1,-1,-1
349,391,2381.50,837.52,41.40,65.17,0.53,-1,-1,-1
349,392,1234.68,122.02,28.48,31.59,0.62,-1,-1,-1
349,393,2272.77,612.31,29.32,70.25,0.19,-1,-1,-1
349,394,2343.91,530.09,29.33,62.59,0.50,-1,-1,-1
349,396,2547.08,819.06,33.32,70.62,0.63,-1,-1,-1
349,397,2055.85,833.94,45.46,87.49,0.58,-1,-1,-1
349,398,1158.03,281.18,57.87,57.53,0.69,-1,-1,-1
349,380,151.67,952.97,68.06,118.20,0.60,-1,-1,-1
