2,2030,950.24,571.64,94.49,132.25,0.89,-1,-1,-1
2,2031,823.88,761.79,125.82,144.29,0.91,-1,-1,-1
2,2032,630.35,614.04,105.37,91.93,0.88,-1,-1,-1
2,2033,628.94,512.43,83.27,77.20,0.83,-1,-1,-1
2,2034,729.57,441.37,52.17,55.91,0.84,-1,-1,-1
2,2035,782.95,487.94,65.75,51.81,0.83,-1,-1,-1
2,2036,794.05,415.04,44.89,38.20,0.74,-1,-1,-1
2,2037,1469.22,822.16,264.92,145.21,0.56,-1,-1,-1
3,2030,950.66,566.87,92.78,129.87,0.90,-1,-1,-1
3,2031,825.97,747.63,125.90,144.46,0.89,-1,-1,-1
3,2032,625.54,618.05,107.54,93.96,0.89,-1,-1,-1
3,2033,625.37,514.49,83.89,77.84,0.89,-1,-1,-1
3,2034,727.59,443.18,52.28,56.03,0.85,-1,-1,-1
3,2035,780.51,489.70,67.15,52.97,0.83,-1,-1,-1
3,2036,792.69,415.97,44.94,38.22,0.80,-1,-1,-1
3,2037,1443.91,814.36,258.27,141.74,0.59,-1,-1,-1
3,2038,1006.29,418.84,31.86,45.70,0.65,-1,-1,-1
4,2030,951.19,562.31,91.91,128.66,0.91,-1,-1,-1
4,2031,833.14,738.78,121.03,138.76,0.91,-1,-1,-1
4,2032,621.46,623.21,110.26,96.45,0.89,-1,-1,-1
4,2033,619.85,517.21,86.38,80.29,0.88,-1,-1,-1
4,2034,725.58,444.25,53.42,57.26,0.84,-1,-1,-1
4,2035,778.15,491.79,68.22,53.92,0.81,-1,-1,-1
4,2036,790.86,417.71,44.92,38.14,0.80,-1,-1,-1
4,2037,1411.92,805.11,254.09,139.82,0.52,-1,-1,-1
4,2038,1006.29,418.87,32.12,46.07,0.57,-1,-1,-1
5,2030,953.13,558.05,88.79,124.19,0.93,-1,-1,-1
5,2031,840.30,729.78,112.96,129.28,0.89,-1,-1,-1
5,2032,617.60,626.45,111.24,97.52,0.88,-1,-1,-1
5,2033,614.60,520.21,87.50,81.44,0.86,-1,-1,-1
5,2034,722.56,446.62,54.00,57.84,0.85,-1,-1,-1
5,2035,777.15,494.52,66.94,52.97,0.80,-1,-1,-1
5,2036,788.62,419.11,45.83,38.86,0.81,-1,-1,-1
5,2037,1385.40,797.34,242.05,133.36,0.54,-1,-1,-1
5,2038,1006.86,418.92,31.07,44.58,0.51,-1,-1,-1
5,2039,743.82,632.97,51.55,82.37,0.72,-1,-1,-1
6,2030,954.89,554.02,85.88,119.92,0.92,-1,-1,-1
6,2031,843.98,718.70,111.13,127.06,0.89,-1,-1,-1
6,2032,612.60,631.75,112.34,98.84,0.86,-1,-1,-1
6,2033,609.90,522.92,88.27,82.31,0.87,-1,-1,-1
6,2034,719.94,448.75,54.35,58.13,0.84,-1,-1,-1
6,2035,775.58,497.29,66.53,52.66,0.81,-1,-1,-1
6,2036,787.73,420.40,45.95,38.96,0.81,-1,-1,-1
6,2037,1354.47,788.80,238.37,131.82,0.63,-1,-1,-1
6,2038,1006.73,418.47,30.88,44.35,0.62,-1,-1,-1
6,2039,742.66,633.16,52.71,84.31,0.51,-1,-1,-1
7,2030,956.38,549.52,82.70,115.34,0.93,-1,-1,-1
7,2031,847.88,709.84,106.84,122.01,0.89,-1,-1,-1
7,2032,609.16,637.53,113.49,100.24,0.91,-1,-1,-1
7,2033,605.69,525.96,88.38,82.56,0.85,-1,-1,-1
7,2034,717.09,450.20,55.15,58.89,0.86,-1,-1,-1
7,2035,773.67,499.17,67.17,53.17,0.81,-1,-1,-1
7,2036,786.47,421.09,46.48,39.46,0.80,-1,-1,-1
7,2037,1322.43,781.43,237.45,131.95,0.54,-1,-1,-1
7,2038,1006.85,418.29,30.54,43.93,0.53,-1,-1,-1
7,2039,740.67,632.12,54.89,87.95,0.56,-1,-1,-1
8,2030,957.44,545.62,80.81,112.56,0.95,-1,-1,-1
8,2031,850.76,700.58,103.25,117.56,0.87,-1,-1,-1
8,2032,605.49,642.55,114.85,101.80,0.88,-1,-1,-1
8,2033,600.38,529.11,89.27,83.49,0.86,-1,-1,-1
8,2034,715.05,451.99,54.91,58.50,0.86,-1,-1,-1
8,2035,771.55,501.08,68.39,54.20,0.84,-1,-1,-1
8,2036,784.91,421.87,46.80,39.77,0.78,-1,-1,-1
8,2037,1292.43,772.39,240.38,134.73,0.55,-1,-1,-1
8,2038,1007.00,417.92,30.40,43.82,0.65,-1,-1,-1
8,2039,739.96,632.51,55.10,88.52,0.57,-1,-1,-1
9,2030,958.33,541.02,79.27,110.17,0.95,-1,-1,-1
9,2031,852.65,692.05,101.87,115.92,0.87,-1,-1,-1
9,2032,602.39,647.37,115.63,102.91,0.88,-1,-1,-1
9,2033,594.16,531.68,89.96,84.13,0.89,-1,-1,-1
9,2034,712.77,453.84,54.96,58.29,0.87,-1,-1,-1
9,2035,768.40,502.79,70.69,56.15,0.80,-1,-1,-1
9,2036,782.49,422.54,47.74,40.66,0.78,-1,-1,-1
9,2037,1272.38,765.20,228.56,128.69,0.77,-1,-1,-1
9,2038,1006.99,417.15,30.39,43.94,0.62,-1,-1,-1
9,2039,740.55,634.55,53.93,86.70,0.69,-1,-1,-1
10,2030,959.99,536.26,76.09,105.19,0.94,-1,-1,-1
10,2031,857.69,683.23,97.16,110.14,0.89,-1,-1,-1
10,2032,598.44,651.91,117.10,104.83,0.87,-1,-1,-1
10,2033,588.57,533.76,91.37,85.49,0.89,-1,-1,-1
10,2034,710.22,455.35,56.15,59.46,0.87,-1,-1,-1
10,2035,766.19,504.61,71.49,56.91,0.81,-1,-1,-1
10,2036,781.22,424.03,47.78,40.73,0.77,-1,-1,-1
10,2037,1249.21,753.47,228.13,129.76,0.54,-1,-1,-1
10,2038,1006.77,416.70,30.27,43.84,0.71,-1,-1,-1
10,2039,740.23,636.16,53.89,86.73,0.82,-1,-1,-1
11,2030,960.24,532.52,75.37,103.91,0.95,-1,-1,-1
11,2031,860.45,675.30,95.32,107.66,0.85,-1,-1,-1
11,2032,594.50,657.05,119.36,107.73,0.88,-1,-1,-1
11,2033,583.92,536.27,93.09,87.25,0.89,-1,-1,-1
11,2034,707.70,456.79,57.24,60.54,0.86,-1,-1,-1
11,2035,764.85,507.54,70.22,55.91,0.82,-1,-1,-1
11,2036,780.05,425.66,47.98,40.98,0.78,-1,-1,-1
11,2037,1225.88,747.08,222.28,127.56,0.74,-1,-1,-1
11,2038,1006.89,416.79,29.87,43.31,0.54,-1,-1,-1
11,2039,739.91,636.29,54.49,87.96,0.81,-1,-1,-1
12,2030,960.58,528.90,74.86,102.97,0.93,-1,-1,-1
12,2031,863.27,668.45,91.66,102.80,0.85,-1,-1,-1
12,2032,592.37,663.19,118.99,108.23,0.92,-1,-1,-1
12,2033,577.68,538.65,95.04,89.18,0.87,-1,-1,-1
12,2034,705.20,457.71,58.06,61.38,0.85,-1,-1,-1
12,2035,762.51,509.81,70.52,56.23,0.81,-1,-1,-1
12,2036,778.13,426.43,48.81,41.77,0.78,-1,-1,-1
12,2037,1209.76,741.35,212.36,122.85,0.68,-1,-1,-1
12,2038,1007.02,416.20,29.85,43.38,0.66,-1,-1,-1
12,2039,739.29,637.37,55.14,89.36,0.84,-1,-1,-1
13,2030,960.23,524.54,75.36,103.54,0.94,-1,-1,-1
13,2031,865.50,660.46,90.07,100.33,0.89,-1,-1,-1
13,2032,590.26,668.35,119.47,109.58,0.90,-1,-1,-1
13,2033,573.43,543.02,93.75,87.99,0.89,-1,-1,-1
13,2034,702.15,459.08,59.12,62.56,0.86,-1,-1,-1
13,2035,759.42,511.32,72.53,58.01,0.81,-1,-1,-1
13,2036,776.53,428.02,48.76,41.65,0.81,-1,-1,-1
13,2037,1193.35,734.79,202.23,117.81,0.79,-1,-1,-1
13,2038,1006.84,414.92,30.28,44.15,0.74,-1,-1,-1
13,2039,739.09,640.26,54.60,88.67,0.85,-1,-1,-1
13,2040,1295.43,536.36,28.52,34.66,0.64,-1,-1,-1
14,2030,959.30,521.78,76.42,104.93,0.94,-1,-1,-1
14,2031,868.45,653.44,87.93,97.32,0.88,-1,-1,-1
14,2032,586.52,673.59,123.10,114.10,0.88,-1,-1,-1
14,2033,566.19,545.32,95.69,89.98,0.92,-1,-1,-1
14,2034,700.59,462.09,58.19,61.40,0.86,-1,-1,-1
14,2035,756.88,513.78,73.58,58.98,0.82,-1,-1,-1
14,2036,774.80,429.00,49.45,42.22,0.81,-1,-1,-1
14,2037,1175.74,728.44,197.37,116.33,0.82,-1,-1,-1
14,2038,1006.73,414.25,30.52,44.71,0.66,-1,-1,-1
14,2039,738.78,641.21,54.62,88.91,0.72,-1,-1,-1
14,2040,1297.54,539.09,28.48,34.60,0.71,-1,-1,-1
14,2041,157.26,610.76,34.71,65.29,0.63,-1,-1,-1
15,2030,959.02,517.74,76.31,104.75,0.93,-1,-1,-1
15,2031,869.61,646.98,86.46,95.33,0.85,-1,-1,-1
15,2032,584.02,679.65,123.28,115.45,0.90,-1,-1,-1
15,2033,560.00,549.21,95.84,89.92,0.90,-1,-1,-1
15,2034,697.07,463.90,59.47,62.52,0.86,-1,-1,-1
15,2035,755.02,515.82,74.05,59.48,0.83,-1,-1,-1
15,2036,772.96,430.00,49.90,42.70,0.78,-1,-1,-1
15,2037,1158.99,722.38,191.24,113.70,0.17,-1,-1,-1
15,2038,1006.76,413.76,30.40,44.75,0.58,-1,-1,-1
15,2039,738.47,641.39,54.65,89.22,0.72,-1,-1,-1
15,2040,1300.00,542.86,27.90,33.89,0.57,-1,-1,-1
15,2041,157.56,611.20,34.83,65.47,0.63,-1,-1,-1
16,2030,959.14,512.64,75.10,103.03,0.92,-1,-1,-1
16,2031,870.70,640.16,85.86,94.27,0.86,-1,-1,-1
16,2032,581.98,686.65,123.01,116.49,0.87,-1,-1,-1
16,2033,553.80,552.91,96.65,90.43,0.88,-1,-1,-1
16,2034,693.26,465.23,61.00,64.09,0.87,-1,-1,-1
16,2035,752.82,518.14,73.84,59.29,0.84,-1,-1,-1
16,2036,771.51,431.57,49.82,42.57,0.82,-1,-1,-1
16,2037,1144.54,716.54,180.11,107.87,0.72,-1,-1,-1
16,2038,1006.93,413.59,29.86,44.09,0.63,-1,-1,-1
16,2039,738.05,641.46,55.28,90.76,0.79,-1,-1,-1
16,2040,1302.39,544.28,28.10,34.16,0.42,-1,-1,-1
16,2041,157.52,611.66,34.78,65.38,0.64,-1,-1,-1
17,2030,959.22,509.37,73.23,100.45,0.92,-1,-1,-1
17,2031,872.38,633.27,84.54,92.46,0.87,-1,-1,-1
17,2032,579.05,692.41,124.95,119.83,0.85,-1,-1,-1
17,2033,545.92,555.49,99.71,93.27,0.87,-1,-1,-1
17,2034,690.60,467.52,61.04,63.91,0.88,-1,-1,-1
17,2035,750.20,520.59,74.63,60.02,0.83,-1,-1,-1
17,2036,769.34,432.70,51.40,44.12,0.77,-1,-1,-1
17,2037,1130.09,709.33,174.74,105.66,0.80,-1,-1,-1
17,2038,1007.25,413.57,29.30,43.26,0.20,-1,-1,-1
17,2039,738.16,644.39,54.40,89.25,0.78,-1,-1,-1
17,2040,1304.67,546.01,27.99,34.10,0.41,-1,-1,-1
17,2041,156.17,611.54,35.18,66.07,0.69,-1,-1,-1
18,2030,960.05,507.65,70.11,95.58,0.92,-1,-1,-1
18,2031,874.23,627.08,82.47,89.71,0.85,-1,-1,-1
18,2032,576.61,699.01,126.31,122.73,0.86,-1,-1,-1
18,2033,538.60,557.93,102.51,95.94,0.87,-1,-1,-1
18,2034,687.00,468.97,61.83,64.36,0.88,-1,-1,-1
18,2035,746.49,523.26,76.77,61.91,0.82,-1,-1,-1
18,2036,768.02,433.58,51.89,44.76,0.78,-1,-1,-1
18,2037,1113.94,702.19,172.27,105.44,0.71,-1,-1,-1
18,2038,1007.26,413.02,28.83,42.57,0.28,-1,-1,-1
18,2039,738.61,647.54,53.69,87.66,0.80,-1,-1,-1
18,2041,155.14,612.51,34.85,65.20,0.61,-1,-1,-1
19,2030,959.61,505.49,69.76,94.79,0.90,-1,-1,-1
19,2031,875.29,620.57,81.36,88.19,0.87,-1,-1,-1
19,2032,574.32,705.12,126.90,124.83,0.88,-1,-1,-1
19,2033,530.79,560.48,105.72,99.10,0.91,-1,-1,-1
19,2034,684.59,470.69,62.55,64.85,0.86,-1,-1,-1
19,2035,744.40,526.04,77.16,62.18,0.84,-1,-1,-1
19,2036,767.00,434.80,51.56,44.60,0.80,-1,-1,-1
19,2037,1102.47,696.20,163.15,100.69,0.66,-1,-1,-1
19,2038,1007.80,412.54,28.30,41.82,0.34,-1,-1,-1
19,2039,738.19,649.19,53.48,87.16,0.75,-1,-1,-1
19,2041,153.88,612.85,36.52,68.36,0.68,-1,-1,-1
19,2042,1216.26,468.74,21.27,47.71,0.64,-1,-1,-1
20,2030,959.70,501.97,69.06,93.49,0.89,-1,-1,-1
20,2031,877.65,614.32,79.19,85.44,0.86,-1,-1,-1
20,2032,570.72,711.99,129.80,129.34,0.90,-1,-1,-1
20,2033,524.74,565.57,104.70,97.72,0.91,-1,-1,-1
20,2034,681.10,472.71,64.81,67.25,0.86,-1,-1,-1
20,2035,741.46,528.07,77.94,62.81,0.82,-1,-1,-1
20,2036,765.46,436.53,51.44,44.56,0.77,-1,-1,-1
20,2037,1089.28,690.35,158.62,98.89,0.74,-1,-1,-1
20,2038,1007.76,411.85,28.23,41.77,0.17,-1,-1,-1
20,2039,738.20,651.97,52.72,85.61,0.76,-1,-1,-1
20,2041,153.01,613.37,36.75,68.92,0.71,-1,-1,-1
20,2042,1216.33,469.35,21.34,47.82,0.60,-1,-1,-1
21,2030,958.94,498.30,69.48,94.13,0.88,-1,-1,-1
21,2031,878.97,608.02,77.55,83.51,0.85,-1,-1,-1
21,2032,567.55,719.44,130.87,131.63,0.89,-1,-1,-1
21,2033,516.69,569.06,107.31,100.07,0.93,-1,-1,-1
21,2034,677.88,474.48,65.65,68.15,0.88,-1,-1,-1
21,2035,738.21,530.97,79.50,64.08,0.80,-1,-1,-1
21,2036,764.04,438.10,51.54,44.67,0.80,-1,-1,-1
21,2037,1076.42,683.69,157.31,99.13,0.62,-1,-1,-1
21,2038,1007.82,411.83,28.02,41.43,0.20,-1,-1,-1
21,2039,738.13,655.21,52.81,85.40,0.65,-1,-1,-1
21,2041,152.40,614.29,36.83,69.30,0.70,-1,-1,-1
21,2042,1217.35,470.07,21.11,47.32,0.59,-1,-1,-1
21,2043,471.64,894.10,46.80,98.95,0.54,-1,-1,-1
22,2030,958.18,494.83,69.64,94.62,0.88,-1,-1,-1
22,2031,879.58,603.25,77.24,82.99,0.83,-1,-1,-1
22,2032,563.44,725.92,132.64,134.47,0.89,-1,-1,-1
22,2033,509.22,572.14,109.62,102.22,0.92,-1,-1,-1
22,2034,675.07,477.17,65.20,67.29,0.88,-1,-1,-1
22,2035,735.36,533.44,80.46,64.99,0.81,-1,-1,-1
22,2036,762.57,438.94,52.23,45.43,0.78,-1,-1,-1
22,2037,1066.09,676.89,152.25,96.82,0.68,-1,-1,-1
22,2038,1008.04,411.79,27.74,40.93,0.23,-1,-1,-1
22,2039,737.95,656.04,53.24,85.92,0.68,-1,-1,-1
22,2041,152.26,615.19,36.62,69.16,0.68,-1,-1,-1
22,2042,1218.24,470.36,21.41,48.00,0.57,-1,-1,-1
22,2043,463.90,906.12,50.81,107.58,0.68,-1,-1,-1
23,2030,957.50,491.54,68.39,92.47,0.89,-1,-1,-1
23,2031,880.39,597.06,76.56,82.17,0.82,-1,-1,-1
23,2032,560.60,734.24,133.73,136.64,0.90,-1,-1,-1
23,2033,501.09,576.11,110.02,102.20,0.90,-1,-1,-1
23,2034,671.57,479.29,65.57,67.23,0.86,-1,-1,-1
23,2035,732.85,535.97,81.29,65.63,0.82,-1,-1,-1
23,2036,761.10,440.26,52.03,45.30,0.78,-1,-1,-1
23,2037,1054.98,671.15,148.82,95.58,0.59,-1,-1,-1
23,2038,1008.15,411.69,27.46,40.42,0.13,-1,-1,-1
23,2039,737.56,657.15,53.50,86.17,0.66,-1,-1,-1
23,2041,152.54,616.39,35.81,67.91,0.70,-1,-1,-1
23,2042,1218.76,470.15,21.45,47.99,0.54,-1,-1,-1
23,2043,453.16,922.82,56.18,119.02,0.65,-1,-1,-1
24,2030,957.47,487.76,66.20,89.02,0.88,-1,-1,-1
24,2031,882.10,592.10,75.24,80.49,0.85,-1,-1,-1
24,2032,555.51,740.50,138.21,142.60,0.90,-1,-1,-1
24,2033,492.32,579.76,112.10,104.02,0.84,-1,-1,-1
24,2034,668.50,481.28,67.44,68.98,0.83,-1,-1,-1
24,2035,730.77,538.54,81.08,65.60,0.80,-1,-1,-1
24,2036,759.69,441.61,51.78,45.09,0.79,-1,-1,-1
24,2037,1045.50,666.12,143.40,93.07,0.77,-1,-1,-1
24,2038,1008.08,411.26,27.10,39.72,0.30,-1,-1,-1
24,2039,736.12,657.33,54.83,88.41,0.76,-1,-1,-1
24,2041,152.80,616.57,35.60,67.89,0.70,-1,-1,-1
24,2042,1219.47,470.04,21.59,48.24,0.60,-1,-1,-1
24,2043,445.80,939.94,57.33,121.65,0.71,-1,-1,-1
24,2044,443.76,946.50,58.19,116.17,0.52,-1,-1,-1
25,2030,957.25,485.24,65.57,87.80,0.89,-1,-1,-1
25,2031,884.15,585.82,73.36,78.42,0.81,-1,-1,-1
25,2032,552.12,748.22,138.45,143.83,0.89,-1,-1,-1
25,2033,483.52,582.98,113.58,105.22,0.89,-1,-1,-1
25,2034,664.44,482.98,68.70,70.15,0.86,-1,-1,-1
25,2035,727.19,541.76,82.41,66.80,0.81,-1,-1,-1
25,2036,757.65,443.51,52.27,45.59,0.78,-1,-1,-1
25,2037,1036.07,659.82,139.39,91.20,0.70,-1,-1,-1
25,2038,1007.83,411.13,26.83,39.22,0.35,-1,-1,-1
25,2039,735.82,658.01,55.24,88.91,0.78,-1,-1,-1
25,2041,152.83,617.43,35.46,67.84,0.70,-1,-1,-1
25,2042,1220.85,470.78,20.98,46.73,0.55,-1,-1,-1
25,2043,439.22,960.74,52.83,110.26,0.41,-1,-1,-1
25,2044,440.80,956.12,53.73,107.35,0.68,-1,-1,-1
25,2045,374.75,571.69,19.19,45.18,0.62,-1,-1,-1
26,2030,957.46,483.68,64.08,85.23,0.78,-1,-1,-1
26,2031,885.94,581.02,71.64,76.30,0.81,-1,-1,-1
26,2032,548.62,757.81,138.44,144.87,0.93,-1,-1,-1
26,2033,475.70,587.17,114.07,105.11,0.91,-1,-1,-1
26,2034,661.51,485.37,68.69,69.90,0.88,-1,-1,-1
26,2035,724.44,544.81,83.06,67.54,0.84,-1,-1,-1
26,2036,755.80,444.94,52.38,45.64,0.77,-1,-1,-1
26,2037,1027.39,653.72,135.67,89.79,0.79,-1,-1,-1
26,2038,1007.71,410.15,26.99,39.46,0.35,-1,-1,-1
26,2039,735.76,659.19,55.02,88.37,0.78,-1,-1,-1
26,2041,152.31,618.25,35.50,68.21,0.70,-1,-1,-1
26,2042,1221.85,471.79,20.46,45.50,0.36,-1,-1,-1
26,2043,436.44,976.11,46.88,94.89,0.63,-1,-1,-1
26,2044,436.51,975.35,47.18,93.53,0.25,-1,-1,-1
26,2045,374.44,570.78,19.70,46.40,0.62,-1,-1,-1
27,2030,957.49,481.57,63.97,84.54,0.74,-1,-1,-1
27,2031,887.34,576.27,69.79,74.18,0.82,-1,-1,-1
27,2032,543.23,765.97,141.93,149.82,0.84,-1,-1,-1
27,2033,467.75,591.83,114.87,105.26,0.92,-1,-1,-1
27,2034,657.94,487.47,69.56,70.51,0.87,-1,-1,-1
27,2035,720.73,547.55,82.67,67.29,0.83,-1,-1,-1
27,2036,753.61,446.08,54.21,47.42,0.80,-1,-1,-1
27,2037,1018.77,648.17,132.97,89.07,0.75,-1,-1,-1
27,2038,1007.34,408.86,27.56,40.42,0.54,-1,-1,-1
27,2039,735.95,660.22,54.61,87.43,0.78,-1,-1,-1
27,2041,151.99,618.76,35.41,68.49,0.67,-1,-1,-1
27,2042,1222.32,472.72,20.35,45.10,0.31,-1,-1,-1
27,2044,434.04,993.51,38.57,75.26,0.61,-1,-1,-1
27,2045,374.55,571.49,19.20,45.30,0.61,-1,-1,-1
28,2030,955.98,479.33,64.80,85.75,0.85,-1,-1,-1
28,2031,889.20,571.43,67.47,71.05,0.87,-1,-1,-1
28,2032,539.66,774.77,142.94,151.93,0.88,-1,-1,-1
28,2033,458.77,594.46,117.32,107.21,0.91,-1,-1,-1
28,2034,654.90,489.16,71.00,71.99,0.83,-1,-1,-1
28,2035,717.44,550.09,84.67,69.18,0.85,-1,-1,-1
28,2036,751.86,447.79,54.73,47.91,0.79,-1,-1,-1
28,2037,1011.94,643.46,128.08,86.62,0.64,-1,-1,-1
28,2038,1007.30,407.97,27.64,40.63,0.57,-1,-1,-1
28,2039,735.71,661.85,54.43,87.06,0.78,-1,-1,-1
28,2041,151.45,618.87,35.74,69.39,0.69,-1,-1,-1
28,2042,1222.81,474.53,20.02,44.14,0.36,-1,-1,-1
28,2044,431.88,1015.63,28.86,54.18,0.15,-1,-1,-1
28,2045,373.67,572.13,19.26,45.41,0.56,-1,-1,-1
29,2030,955.71,476.02,63.68,84.04,0.89,-1,-1,-1
29,2031,890.05,567.97,67.13,70.28,0.84,-1,-1,-1
29,2032,534.38,783.17,145.83,155.79,0.88,-1,-1,-1
29,2033,448.48,598.23,120.04,108.97,0.85,-1,-1,-1
29,2034,651.36,491.71,71.88,72.89,0.86,-1,-1,-1
29,2035,714.64,552.86,86.36,70.85,0.85,-1,-1,-1
29,2036,750.74,449.71,54.20,47.39,0.80,-1,-1,-1
29,2037,1004.47,638.21,125.77,86.21,0.51,-1,-1,-1
29,2038,1007.00,407.51,27.81,40.98,0.56,-1,-1,-1
29,2039,735.76,663.69,54.01,86.47,0.63,-1,-1,-1
29,2041,150.66,619.66,35.55,69.34,0.70,-1,-1,-1
29,2042,1222.70,475.16,20.25,44.49,0.19,-1,-1,-1
29,2045,372.47,573.34,18.78,44.15,0.53,-1,-1,-1
30,2030,956.05,473.54,61.40,80.88,0.87,-1,-1,-1
30,2031,890.97,562.75,65.67,68.26,0.83,-1,-1,-1
30,2032,530.05,791.93,147.29,157.93,0.89,-1,-1,-1
30,2033,437.46,601.51,122.53,110.96,0.92,-1,-1,-1
30,2034,647.31,493.80,72.55,73.44,0.87,-1,-1,-1
30,2035,711.72,556.24,86.78,71.22,0.83,-1,-1,-1
30,2036,748.96,451.20,54.31,47.40,0.79,-1,-1,-1
30,2037,996.76,631.66,124.32,86.59,0.79,-1,-1,-1
30,2038,1006.62,406.59,28.08,41.45,0.34,-1,-1,-1
30,2039,735.27,664.31,53.83,86.14,0.64,-1,-1,-1
30,2041,149.00,619.77,35.71,69.98,0.69,-1,-1,-1
30,2042,1222.20,475.13,20.71,45.44,0.25,-1,-1,-1
30,2045,370.45,574.32,18.67,43.67,0.48,-1,-1,-1
31,2030,955.34,470.67,61.27,80.80,0.87,-1,-1,-1
31,2031,891.52,558.36,65.23,67.43,0.84,-1,-1,-1
31,2032,524.65,801.23,151.53,163.63,0.91,-1,-1,-1
31,2033,426.83,605.89,126.10,113.71,0.90,-1,-1,-1
31,2034,643.94,496.26,73.38,74.46,0.84,-1,-1,-1
31,2035,709.18,559.09,86.46,71.00,0.83,-1,-1,-1
31,2036,747.18,452.38,54.72,47.70,0.79,-1,-1,-1
31,2037,991.86,627.63,118.81,83.59,0.72,-1,-1,-1
31,2038,1006.63,406.27,28.15,41.50,0.43,-1,-1,-1
31,2039,735.79,664.65,54.12,86.37,0.72,-1,-1,-1
31,2041,148.23,619.90,35.54,70.04,0.67,-1,-1,-1
31,2042,1222.38,475.29,20.65,45.09,0.44,-1,-1,-1
31,2045,368.99,574.93,19.00,44.23,0.56,-1,-1,-1
32,2030,954.93,467.89,60.48,79.72,0.88,-1,-1,-1
32,2031,892.69,554.24,63.78,65.61,0.84,-1,-1,-1
32,2032,519.22,809.79,153.92,167.14,0.89,-1,-1,-1
32,2033,417.73,611.33,127.29,113.99,0.91,-1,-1,-1
32,2034,639.31,498.53,74.65,75.84,0.84,-1,-1,-1
32,2035,705.49,561.63,88.60,73.00,0.83,-1,-1,-1
32,2036,745.50,454.02,54.95,47.75,0.76,-1,-1,-1
32,2037,985.85,623.39,117.80,84.19,0.66,-1,-1,-1
32,2038,1006.43,405.45,28.50,42.12,0.30,-1,-1,-1
32,2039,734.62,665.35,54.35,86.77,0.57,-1,-1,-1
32,2041,147.94,620.75,34.78,69.34,0.66,-1,-1,-1
32,2042,1222.36,475.38,20.78,45.21,0.24,-1,-1,-1
32,2045,368.35,576.15,18.91,43.96,0.54,-1,-1,-1
33,2030,952.81,465.35,61.57,80.72,0.90,-1,-1,-1
33,2031,893.54,550.46,63.18,64.59,0.87,-1,-1,-1
33,2032,513.45,820.60,156.28,170.65,0.91,-1,-1,-1
33,2033,406.87,615.59,128.61,114.42,0.92,-1,-1,-1
33,2034,635.15,501.23,74.90,75.76,0.82,-1,-1,-1
33,2035,701.79,564.81,89.41,73.68,0.84,-1,-1,-1
33,2036,743.75,455.57,55.41,48.10,0.80,-1,-1,-1
33,2037,981.07,618.29,114.42,83.06,0.52,-1,-1,-1
33,2038,1006.59,404.80,28.31,41.80,0.25,-1,-1,-1
33,2039,734.03,666.52,54.24,86.38,0.32,-1,-1,-1
33,2041,147.74,620.94,34.51,69.28,0.63,-1,-1,-1
33,2042,1222.79,476.25,20.51,44.19,0.40,-1,-1,-1
33,2045,367.56,576.19,19.19,44.63,0.62,-1,-1,-1
33,2047,277.91,586.12,32.83,62.20,0.50,-1,-1,-1
34,2030,953.19,452.27,60.15,78.56,0.87,-1,-1,-1
34,2031,894.83,534.49,62.89,64.11,0.83,-1,-1,-1
34,2032,508.63,815.77,158.60,174.11,0.89,-1,-1,-1
34,2033,395.32,607.76,132.00,116.53,0.91,-1,-1,-1
34,2034,631.13,492.49,76.62,77.63,0.86,-1,-1,-1
34,2035,698.49,556.89,90.53,74.55,0.84,-1,-1,-1
34,2036,741.84,446.20,56.59,49.17,0.78,-1,-1,-1
34,2037,977.92,601.01,111.04,81.82,0.58,-1,-1,-1
34,2039,734.05,653.34,55.05,87.54,0.69,-1,-1,-1
34,2041,147.55,611.35,34.27,69.01,0.58,-1,-1,-1
34,2045,367.16,566.40,19.83,46.00,0.63,-1,-1,-1
35,2030,952.25,424.42,59.43,76.86,0.83,-1,-1,-1
35,2031,896.58,503.39,61.94,62.95,0.81,-1,-1,-1
35,2032,504.95,797.45,161.39,178.34,0.89,-1,-1,-1
35,2033,386.16,584.38,133.63,117.20,0.92,-1,-1,-1
35,2034,628.35,469.47,76.47,77.24,0.88,-1,-1,-1
35,2035,695.42,534.18,92.37,76.23,0.83,-1,-1,-1
35,2037,974.95,570.03,105.30,78.70,0.71,-1,-1,-1
35,2039,734.83,628.37,54.62,86.73,0.63,-1,-1,-1
36,2030,952.00,392.10,60.86,78.69,0.86,-1,-1,-1
36,2031,898.00,471.85,61.40,62.10,0.86,-1,-1,-1
36,2032,502.22,779.60,162.83,181.30,0.87,-1,-1,-1
36,2033,372.85,559.78,138.01,120.38,0.95,-1,-1,-1
36,2034,624.94,443.62,77.22,77.66,0.89,-1,-1,-1
36,2035,691.92,509.70,94.44,78.16,0.86,-1,-1,-1
36,2039,735.86,600.34,55.70,88.12,0.75,-1,-1,-1
37,2030,952.00,378.70,59.83,77.10,0.90,-1,-1,-1
37,2031,899.39,456.96,60.63,61.15,0.85,-1,-1,-1
37,2032,496.49,777.99,168.13,189.38,0.89,-1,-1,-1
37,2033,362.06,552.81,139.81,120.99,0.93,-1,-1,-1
37,2034,621.13,434.87,77.74,77.93,0.87,-1,-1,-1
37,2035,688.52,501.01,95.57,79.33,0.87,-1,-1,-1
37,2039,735.66,589.11,56.14,89.17,0.75,-1,-1,-1
37,2053,738.31,380.02,57.92,52.00,0.82,-1,-1,-1
37,2054,927.38,256.30,18.05,17.85,0.67,-1,-1,-1
37,2055,366.60,499.47,20.20,46.35,0.63,-1,-1,-1
37,2056,151.69,546.40,34.07,68.55,0.67,-1,-1,-1
37,2057,921.50,270.71,20.78,20.24,0.54,-1,-1,-1
37,2058,1569.99,664.68,46.58,89.59,0.56,-1,-1,-1
37,2059,425.63,521.13,35.46,37.31,0.62,-1,-1,-1
37,2060,341.39,488.54,23.03,51.79,0.54,-1,-1,-1
37,2037,967.19,527.34,102.44,77.84,0.63,-1,-1,-1
38,2030,952.14,372.36,59.39,76.51,0.90,-1,-1,-1
38,2031,900.09,448.97,60.33,60.85,0.83,-1,-1,-1
38,2032,491.50,784.65,170.78,194.25,0.87,-1,-1,-1
38,2033,349.52,553.84,141.01,120.87,0.92,-1,-1,-1
38,2034,616.19,432.93,79.43,79.32,0.89,-1,-1,-1
38,2035,685.69,499.97,94.87,78.71,0.86,-1,-1,-1
38,2039,735.39,584.82,56.50,89.98,0.78,-1,-1,-1
38,2053,736.96,381.07,57.90,51.99,0.83,-1,-1,-1
38,2054,927.15,255.83,17.86,17.64,0.67,-1,-1,-1
38,2055,366.37,501.48,19.27,44.15,0.68,-1,-1,-1
38,2056,151.68,545.85,34.14,68.66,0.68,-1,-1,-1
38,2057,921.36,270.63,20.45,19.91,0.58,-1,-1,-1
38,2058,1568.38,665.35,47.00,90.40,0.67,-1,-1,-1
38,2059,417.46,525.41,34.66,36.28,0.78,-1,-1,-1
38,2060,341.40,497.86,20.78,46.69,0.43,-1,-1,-1
38,2037,963.29,514.55,102.17,79.03,0.65,-1,-1,-1
39,2030,952.17,369.00,59.39,76.63,0.90,-1,-1,-1
39,2031,900.47,444.56,60.18,60.46,0.87,-1,-1,-1
39,2032,488.31,794.21,171.32,196.41,0.85,-1,-1,-1
39,2033,335.79,557.43,144.77,122.98,0.89,-1,-1,-1
39,2034,610.55,433.90,81.48,81.23,0.87,-1,-1,-1
39,2035,681.39,502.05,97.24,80.98,0.84,-1,-1,-1
39,2039,735.48,583.76,56.25,89.76,0.81,-1,-1,-1
39,2053,734.07,383.17,58.69,52.69,0.83,-1,-1,-1
39,2054,926.56,255.92,17.74,17.48,0.68,-1,-1,-1
39,2055,365.77,501.76,19.02,43.48,0.66,-1,-1,-1
39,2056,152.10,546.31,33.93,68.18,0.70,-1,-1,-1
39,2057,920.84,270.61,20.64,20.09,0.60,-1,-1,-1
39,2058,1566.70,666.47,46.99,90.35,0.66,-1,-1,-1
39,2059,407.21,527.73,37.58,39.20,0.76,-1,-1,-1
39,2060,339.36,491.23,23.32,52.45,0.43,-1,-1,-1
39,2037,960.82,507.79,98.31,77.50,0.63,-1,-1,-1
40,2030,951.29,367.16,58.85,75.58,0.87,-1,-1,-1
40,2031,901.67,440.68,59.27,59.50,0.83,-1,-1,-1
40,2032,482.08,805.02,177.83,206.73,0.82,-1,-1,-1
40,2033,321.36,560.69,149.03,125.86,0.95,-1,-1,-1
40,2034,605.80,436.25,82.91,82.56,0.87,-1,-1,-1
40,2035,678.45,505.60,97.60,81.37,0.86,-1,-1,-1
40,2039,735.95,583.29,56.11,89.82,0.83,-1,-1,-1
40,2053,732.82,384.98,58.43,52.46,0.84,-1,-1,-1
40,2054,925.85,256.08,17.80,17.50,0.71,-1,-1,-1
40,2055,365.04,501.65,19.41,44.19,0.71,-1,-1,-1
40,2056,152.27,546.52,34.19,68.61,0.69,-1,-1,-1
40,2057,920.10,270.87,20.73,20.20,0.57,-1,-1,-1
40,2058,1566.19,668.45,46.63,89.75,0.56,-1,-1,-1
40,2059,398.03,532.82,38.09,39.46,0.75,-1,-1,-1
40,2060,338.02,491.59,23.62,53.18,0.55,-1,-1,-1
40,2037,958.97,504.41,94.79,75.89,0.67,-1,-1,-1
41,2030,949.98,364.57,58.51,74.95,0.86,-1,-1,-1
41,2031,902.48,438.29,57.84,57.87,0.83,-1,-1,-1
41,2032,476.95,816.34,181.09,213.06,0.86,-1,-1,-1
41,2033,308.06,565.26,151.97,127.21,0.95,-1,-1,-1
41,2034,601.09,438.54,84.23,83.96,0.88,-1,-1,-1
41,2035,674.63,509.12,98.45,82.17,0.87,-1,-1,-1
41,2039,736.09,584.07,55.68,89.18,0.84,-1,-1,-1
41,2053,731.01,386.11,59.01,53.00,0.85,-1,-1,-1
41,2054,925.56,256.02,17.84,17.50,0.72,-1,-1,-1
41,2055,363.76,501.24,19.58,44.45,0.59,-1,-1,-1
41,2056,151.76,546.91,35.43,71.16,0.63,-1,-1,-1
41,2057,919.74,271.29,20.89,20.35,0.67,-1,-1,-1
41,2058,1564.24,669.10,45.68,88.14,0.56,-1,-1,-1
41,2059,389.64,538.26,36.68,37.48,0.64,-1,-1,-1
41,2060,337.19,491.19,23.79,53.69,0.54,-1,-1,-1
41,2037,958.30,501.53,90.29,73.10,0.38,-1,-1,-1
41,2061,696.74,967.08,217.86,99.83,0.79,-1,-1,-1
41,2062,269.08,513.21,28.50,59.52,0.55,-1,-1,-1
42,2030,948.56,363.40,57.96,73.98,0.84,-1,-1,-1
42,2031,903.43,435.02,57.57,57.59,0.86,-1,-1,-1
42,2032,473.98,828.32,181.74,216.36,0.85,-1,-1,-1
42,2033,291.10,570.15,157.64,130.80,0.93,-1,-1,-1
42,2034,595.18,440.88,86.14,85.91,0.89,-1,-1,-1
42,2035,670.59,512.08,100.40,83.99,0.88,-1,-1,-1
42,2039,736.73,585.41,54.89,87.91,0.83,-1,-1,-1
42,2053,729.17,387.37,59.82,53.78,0.81,-1,-1,-1
42,2054,924.81,256.03,18.36,17.99,0.70,-1,-1,-1
42,2055,363.00,502.24,19.09,43.27,0.58,-1,-1,-1
42,2056,151.67,546.83,35.77,71.93,0.64,-1,-1,-1
42,2057,919.18,271.81,21.14,20.58,0.59,-1,-1,-1
42,2058,1561.75,669.21,45.78,88.36,0.59,-1,-1,-1
42,2059,379.31,542.03,37.83,38.16,0.63,-1,-1,-1
42,2060,336.03,491.86,23.30,52.61,0.50,-1,-1,-1
42,2037,955.92,496.80,88.26,72.39,0.33,-1,-1,-1
42,2061,670.68,939.45,275.27,127.13,0.91,-1,-1,-1
42,2062,264.82,513.46,29.31,61.02,0.47,-1,-1,-1
43,2030,947.62,362.93,56.88,72.33,0.83,-1,-1,-1
43,2031,904.05,431.73,57.03,56.91,0.83,-1,-1,-1
43,2032,471.54,840.45,182.99,220.44,0.87,-1,-1,-1
43,2033,277.07,575.25,160.77,132.18,0.89,-1,-1,-1
43,2034,591.16,444.79,85.50,84.96,0.89,-1,-1,-1
43,2035,668.34,516.11,100.71,84.23,0.87,-1,-1,-1
43,2039,737.23,587.05,53.97,86.35,0.81,-1,-1,-1
43,2053,726.68,389.18,61.23,55.17,0.80,-1,-1,-1
43,2054,924.49,256.45,18.49,18.10,0.71,-1,-1,-1
43,2055,362.05,503.03,20.22,46.02,0.42,-1,-1,-1
43,2056,151.40,547.48,36.18,72.91,0.68,-1,-1,-1
43,2057,918.39,273.23,20.92,20.32,0.61,-1,-1,-1
43,2058,1560.73,672.09,45.28,87.06,0.63,-1,-1,-1
43,2059,369.94,544.65,39.45,39.31,0.70,-1,-1,-1
43,2060,334.11,493.36,21.57,48.78,0.35,-1,-1,-1
43,2037,953.80,493.49,86.65,72.22,0.52,-1,-1,-1
43,2061,645.52,909.43,338.05,158.49,0.91,-1,-1,-1
43,2062,259.13,512.23,30.42,63.28,0.54,-1,-1,-1
43,2063,1746.75,652.15,98.74,76.09,0.57,-1,-1,-1
44,2030,947.50,361.48,55.33,70.11,0.83,-1,-1,-1
44,2031,905.70,429.41,55.83,55.68,0.80,-1,-1,-1
44,2032,473.94,852.31,176.81,213.43,0.87,-1,-1,-1
44,2033,259.81,579.41,165.79,135.36,0.94,-1,-1,-1
44,2034,585.61,448.08,88.13,87.61,0.90,-1,-1,-1
44,2035,665.31,520.48,101.36,84.79,0.88,-1,-1,-1
44,2039,737.42,587.92,53.82,86.02,0.78,-1,-1,-1
44,2053,724.91,391.14,61.85,55.99,0.82,-1,-1,-1
44,2054,924.60,257.29,18.24,17.82,0.71,-1,-1,-1
44,2055,362.08,501.89,19.73,44.74,0.30,-1,-1,-1
44,2056,151.29,547.90,36.25,73.21,0.66,-1,-1,-1
44,2057,917.71,274.67,20.66,19.95,0.66,-1,-1,-1
44,2058,1559.65,674.16,44.77,85.91,0.60,-1,-1,-1
44,2059,360.64,548.46,40.36,39.84,0.72,-1,-1,-1
44,2060,334.00,495.59,21.66,48.87,0.48,-1,-1,-1
44,2037,953.25,490.15,83.43,70.23,0.73,-1,-1,-1
44,2061,626.34,879.94,392.43,188.17,0.88,-1,-1,-1
44,2062,256.11,514.01,30.53,63.27,0.61,-1,-1,-1
44,2063,1724.74,648.83,98.38,75.85,0.55,-1,-1,-1
45,2030,947.47,358.88,53.91,68.19,0.80,-1,-1,-1
45,2031,906.44,426.32,55.64,55.64,0.82,-1,-1,-1
45,2032,477.36,865.93,171.09,205.07,0.82,-1,-1,-1
45,2033,242.92,586.46,168.37,135.67,0.94,-1,-1,-1
45,2034,580.42,450.99,88.93,88.10,0.88,-1,-1,-1
45,2035,661.63,523.74,102.97,86.35,0.90,-1,-1,-1
45,2039,737.39,588.86,53.95,86.13,0.70,-1,-1,-1
45,2053,722.82,392.76,62.71,57.05,0.81,-1,-1,-1
45,2054,924.76,257.50,18.37,17.95,0.72,-1,-1,-1
45,2055,359.42,503.13,20.12,45.75,0.44,-1,-1,-1
45,2056,150.80,548.12,36.99,74.83,0.64,-1,-1,-1
45,2057,917.16,274.78,20.65,19.82,0.66,-1,-1,-1
45,2058,1557.79,675.51,45.82,88.16,0.62,-1,-1,-1
45,2059,348.59,548.74,45.10,44.29,0.62,-1,-1,-1
45,2060,333.97,497.58,21.70,49.20,0.41,-1,-1,-1
45,2037,951.19,486.65,81.28,69.31,0.66,-1,-1,-1
45,2061,634.66,852.40,395.06,194.64,0.90,-1,-1,-1
45,2062,253.42,518.20,29.30,60.49,0.37,-1,-1,-1
45,2063,1701.13,644.98,95.57,73.69,0.37,-1,-1,-1
46,2030,947.30,356.17,53.33,67.58,0.82,-1,-1,-1
46,2031,908.16,424.02,54.03,53.98,0.80,-1,-1,-1
46,2032,483.19,880.20,162.19,190.80,0.83,-1,-1,-1
46,2033,225.28,590.69,173.82,139.07,0.93,-1,-1,-1
46,2034,574.87,454.72,90.72,89.83,0.85,-1,-1,-1
46,2035,658.97,527.91,102.75,86.02,0.90,-1,-1,-1
46,2039,738.12,589.38,53.56,85.43,0.83,-1,-1,-1
46,2053,721.34,395.13,62.48,56.95,0.80,-1,-1,-1
46,2054,924.60,257.64,18.46,18.02,0.70,-1,-1,-1
46,2055,356.49,504.42,23.01,52.96,0.58,-1,-1,-1
46,2056,150.54,548.03,36.73,74.58,0.64,-1,-1,-1
46,2057,916.93,275.69,20.43,19.44,0.69,-1,-1,-1
46,2058,1557.01,676.94,43.73,83.92,0.60,-1,-1,-1
46,2059,338.84,553.01,45.94,44.82,0.66,-1,-1,-1
46,2060,332.45,498.24,21.65,48.85,0.50,-1,-1,-1
46,2037,949.89,483.84,78.03,67.34,0.52,-1,-1,-1
46,2061,652.69,826.85,375.55,190.82,0.90,-1,-1,-1
46,2062,251.06,522.11,28.66,58.83,0.47,-1,-1,-1
46,2063,1679.52,642.37,92.16,71.15,0.42,-1,-1,-1
47,2030,946.21,354.45,54.11,68.85,0.82,-1,-1,-1
47,2031,908.45,420.79,54.39,54.27,0.79,-1,-1,-1
47,2032,492.86,895.33,152.24,175.67,0.81,-1,-1,-1
47,2033,206.02,595.55,180.47,142.84,0.89,-1,-1,-1
47,2034,568.42,457.51,92.87,91.98,0.85,-1,-1,-1
47,2035,656.02,530.75,104.73,87.75,0.89,-1,-1,-1
47,2039,738.47,590.94,52.74,83.88,0.81,-1,-1,-1
47,2053,719.02,397.40,63.20,57.71,0.80,-1,-1,-1
47,2054,924.66,257.85,18.35,17.91,0.68,-1,-1,-1
47,2055,356.30,504.70,21.35,49.28,0.45,-1,-1,-1
47,2056,150.58,549.43,36.72,74.79,0.68,-1,-1,-1
47,2057,916.15,275.62,21.06,19.96,0.70,-1,-1,-1
47,2058,1554.30,679.44,45.54,87.32,0.57,-1,-1,-1
47,2059,325.23,550.25,52.34,51.42,0.74,-1,-1,-1
47,2060,329.69,497.24,22.92,51.89,0.50,-1,-1,-1
47,2037,949.44,479.89,76.70,67.03,0.54,-1,-1,-1
47,2061,676.41,802.99,342.89,180.06,0.89,-1,-1,-1
47,2062,247.93,523.24,28.93,58.84,0.51,-1,-1,-1
47,2063,1654.95,638.93,94.72,73.26,0.60,-1,-1,-1
48,2030,946.02,353.66,53.13,67.53,0.82,-1,-1,-1
48,2031,909.90,418.05,53.81,53.68,0.80,-1,-1,-1
48,2032,499.07,910.40,141.33,158.17,0.81,-1,-1,-1
48,2033,187.93,602.17,184.66,144.65,0.90,-1,-1,-1
48,2034,561.87,459.58,95.87,95.15,0.88,-1,-1,-1
48,2035,652.31,533.15,107.04,89.98,0.90,-1,-1,-1
48,2039,738.50,591.69,52.65,83.71,0.83,-1,-1,-1
48,2053,717.85,399.76,62.09,56.56,0.81,-1,-1,-1
48,2054,924.80,258.17,18.35,17.90,0.66,-1,-1,-1
48,2055,356.58,506.49,20.75,47.99,0.61,-1,-1,-1
48,2056,151.13,551.00,36.73,74.85,0.69,-1,-1,-1
48,2057,915.04,275.42,22.21,21.06,0.71,-1,-1,-1
48,2058,1552.43,680.73,45.45,86.92,0.54,-1,-1,-1
48,2059,317.10,556.47,50.64,49.30,0.75,-1,-1,-1
48,2060,327.87,496.86,23.67,53.88,0.46,-1,-1,-1
48,2037,947.16,476.47,76.68,67.85,0.61,-1,-1,-1
48,2061,700.42,781.73,312.23,169.74,0.92,-1,-1,-1
48,2062,244.65,521.25,29.82,60.70,0.38,-1,-1,-1
48,2063,1633.94,636.06,92.11,71.25,0.69,-1,-1,-1
49,2030,946.75,352.94,52.17,66.35,0.76,-1,-1,-1
49,2031,910.34,416.21,52.89,52.64,0.80,-1,-1,-1
49,2032,503.58,925.73,135.90,144.11,0.71,-1,-1,-1
49,2033,171.22,609.39,186.59,144.74,0.93,-1,-1,-1
49,2034,557.07,463.59,96.77,95.79,0.88,-1,-1,-1
49,2035,650.06,535.83,107.17,90.27,0.91,-1,-1,-1
49,2039,739.43,593.87,52.01,82.07,0.71,-1,-1,-1
49,2053,715.47,401.66,64.02,58.51,0.82,-1,-1,-1
49,2054,924.93,258.21,18.58,18.14,0.66,-1,-1,-1
49,2055,356.39,508.26,20.18,46.88,0.64,-1,-1,-1
49,2056,152.62,553.17,35.47,72.30,0.69,-1,-1,-1
49,2057,914.49,275.50,22.56,21.42,0.73,-1,-1,-1
49,2058,1551.22,682.05,45.08,85.95,0.53,-1,-1,-1
49,2059,308.20,561.95,48.91,46.97,0.71,-1,-1,-1
49,2060,328.32,498.23,22.05,49.96,0.41,-1,-1,-1
49,2037,944.84,472.44,76.40,68.42,0.58,-1,-1,-1
49,2061,718.91,760.38,289.59,163.31,0.93,-1,-1,-1
49,2062,242.00,521.01,31.19,63.23,0.51,-1,-1,-1
49,2063,1609.99,628.31,98.66,76.78,0.72,-1,-1,-1
50,2030,947.09,352.73,50.53,63.86,0.73,-1,-1,-1
50,2031,911.35,413.15,52.54,52.17,0.78,-1,-1,-1
50,2032,521.57,941.91,128.38,129.09,0.71,-1,-1,-1
50,2033,151.70,615.04,194.59,149.66,0.91,-1,-1,-1
50,2034,551.32,467.93,97.86,96.52,0.88,-1,-1,-1
50,2035,648.53,539.13,106.79,90.03,0.90,-1,-1,-1
50,2039,739.40,594.12,52.58,82.66,0.73,-1,-1,-1
50,2053,713.76,403.41,64.96,59.34,0.84,-1,-1,-1
50,2054,924.51,258.52,18.59,18.10,0.68,-1,-1,-1
50,2055,356.32,509.16,19.66,45.62,0.61,-1,-1,-1
50,2056,154.02,553.97,35.19,71.91,0.69,-1,-1,-1
50,2057,914.13,275.82,22.65,21.58,0.74,-1,-1,-1
50,2058,1551.41,684.84,42.95,81.46,0.50,-1,-1,-1
50,2059,298.40,568.63,49.24,46.58,0.64,-1,-1,-1
50,2060,327.18,500.20,22.49,51.15,0.42,-1,-1,-1
50,2037,944.08,469.34,74.26,67.16,0.47,-1,-1,-1
50,2061,733.23,739.80,271.58,159.05,0.89,-1,-1,-1
50,2062,240.72,526.67,29.15,58.31,0.36,-1,-1,-1
50,2063,1587.42,621.63,102.57,80.62,0.67,-1,-1,-1
50,2065,1047.52,998.15,233.29,68.32,0.62,-1,-1,-1
51,2030,947.37,351.89,49.84,62.80,0.77,-1,-1,-1
51,2031,913.34,410.66,51.44,51.09,0.78,-1,-1,-1
51,2032,527.33,960.57,115.59,110.43,0.70,-1,-1,-1
51,2033,128.91,619.97,202.94,155.02,0.91,-1,-1,-1
51,2034,546.01,471.96,98.37,96.54,0.88,-1,-1,-1
51,2035,645.19,541.04,108.90,92.00,0.90,-1,-1,-1
51,2039,740.48,596.25,51.98,81.23,0.80,-1,-1,-1
51,2053,711.52,405.18,66.24,60.57,0.83,-1,-1,-1
51,2054,923.92,258.75,18.73,18.15,0.67,-1,-1,-1
51,2055,354.60,509.55,19.10,44.03,0.43,-1,-1,-1
51,2056,155.80,555.71,34.56,70.83,0.66,-1,-1,-1
51,2057,913.64,276.02,22.86,21.88,0.74,-1,-1,-1
51,2058,1551.26,686.39,41.76,79.05,0.41,-1,-1,-1
51,2059,286.36,574.43,52.16,49.01,0.79,-1,-1,-1
51,2060,327.63,500.81,21.91,50.13,0.27,-1,-1,-1
51,2037,944.44,466.73,71.92,65.71,0.47,-1,-1,-1
51,2061,753.31,722.78,244.13,148.34,0.88,-1,-1,-1
51,2062,240.06,528.64,28.77,57.02,0.28,-1,-1,-1
51,2063,1574.07,627.13,91.11,71.35,0.29,-1,-1,-1
51,2065,1007.52,977.95,306.06,90.46,0.71,-1,-1,-1
52,2030,946.84,349.49,51.33,65.05,0.79,-1,-1,-1
52,2031,914.26,408.21,51.20,50.70,0.80,-1,-1,-1
52,2032,536.33,978.06,105.16,92.94,0.65,-1,-1,-1
52,2033,109.82,627.08,204.54,154.38,0.89,-1,-1,-1
52,2034,538.94,475.08,102.85,101.03,0.89,-1,-1,-1
52,2035,643.06,543.58,109.49,92.70,0.89,-1,-1,-1
52,2039,740.83,597.17,52.13,81.19,0.77,-1,-1,-1
52,2053,708.80,407.51,67.50,61.72,0.82,-1,-1,-1
52,2054,923.37,258.75,19.33,18.72,0.66,-1,-1,-1
52,2055,353.65,510.29,19.72,45.20,0.55,-1,-1,-1
52,2056,158.01,557.70,34.16,70.07,0.64,-1,-1,-1
52,2057,913.64,276.65,22.86,21.94,0.72,-1,-1,-1
52,2058,1553.20,687.82,41.24,78.96,0.47,-1,-1,-1
52,2059,277.27,581.19,50.68,47.01,0.70,-1,-1,-1
52,2060,328.16,505.92,21.25,49.13,0.31,-1,-1,-1
52,2037,944.83,463.82,69.34,63.98,0.53,-1,-1,-1
52,2061,771.46,707.06,220.37,138.78,0.90,-1,-1,-1
52,2062,239.66,533.03,27.36,53.58,0.19,-1,-1,-1
52,2063,1556.73,624.43,90.62,71.05,0.31,-1,-1,-1
52,2065,981.58,961.67,355.18,106.55,0.72,-1,-1,-1
53,2030,946.75,348.32,50.74,64.32,0.79,-1,-1,-1
53,2031,915.44,406.18,50.94,50.40,0.83,-1,-1,-1
53,2032,549.12,1000.19,88.24,70.48,0.54,-1,-1,-1
53,2033,87.78,633.81,211.81,158.72,0.92,-1,-1,-1
53,2034,534.02,478.92,103.48,101.50,0.90,-1,-1,-1
53,2035,642.49,545.54,109.35,92.69,0.90,-1,-1,-1
53,2039,741.82,598.03,52.58,81.52,0.71,-1,-1,-1
53,2053,707.18,409.44,68.75,62.83,0.85,-1,-1,-1
53,2054,922.80,258.98,19.43,18.81,0.61,-1,-1,-1
53,2055,352.64,511.66,19.63,44.78,0.61,-1,-1,-1
53,2056,159.62,557.37,34.66,71.07,0.72,-1,-1,-1
53,2057,913.46,277.33,22.91,22.04,0.73,-1,-1,-1
53,2058,1549.45,689.74,45.35,86.66,0.48,-1,-1,-1
53,2059,267.29,584.04,51.01,46.57,0.75,-1,-1,-1
53,2060,327.71,506.87,21.38,49.81,0.37,-1,-1,-1
53,2037,945.91,461.38,66.43,61.95,0.66,-1,-1,-1
53,2061,786.75,691.86,199.59,129.98,0.89,-1,-1,-1
53,2062,236.44,528.96,30.74,60.31,0.45,-1,-1,-1
53,2065,955.93,943.11,408.73,125.28,0.68,-1,-1,-1
54,2030,947.26,346.43,49.46,62.55,0.79,-1,-1,-1
54,2031,916.56,403.61,50.29,49.65,0.84,-1,-1,-1
54,2033,67.03,639.04,219.07,162.97,0.91,-1,-1,-1
54,2034,528.12,482.03,104.52,102.35,0.85,-1,-1,-1
54,2035,641.59,547.31,110.33,93.73,0.88,-1,-1,-1
54,2039,743.10,596.14,54.67,84.25,0.76,-1,-1,-1
54,2053,704.65,412.07,68.38,62.32,0.87,-1,-1,-1
54,2054,922.58,259.31,19.75,19.12,0.62,-1,-1,-1
54,2055,352.14,512.25,19.88,44.96,0.53,-1,-1,-1
54,2056,161.96,557.33,35.14,71.95,0.64,-1,-1,-1
54,2057,913.56,278.07,22.61,21.74,0.73,-1,-1,-1
54,2058,1548.01,690.81,47.65,91.13,0.57,-1,-1,-1
54,2059,256.83,586.01,52.96,47.89,0.77,-1,-1,-1
54,2060,327.19,505.71,22.02,51.62,0.42,-1,-1,-1
54,2037,945.68,458.58,65.43,61.45,0.65,-1,-1,-1
54,2061,799.67,675.49,186.09,125.37,0.87,-1,-1,-1
54,2062,233.79,526.71,32.90,65.11,0.49,-1,-1,-1
54,2065,931.23,923.01,455.14,143.62,0.77,-1,-1,-1
55,2030,946.67,345.30,50.64,64.32,0.76,-1,-1,-1
55,2031,918.43,401.87,49.01,48.29,0.77,-1,-1,-1
55,2033,45.00,644.48,224.53,166.40,0.89,-1,-1,-1
55,2034,521.45,486.21,106.43,103.98,0.85,-1,-1,-1
55,2035,641.48,549.05,110.43,94.05,0.88,-1,-1,-1
55,2039,744.68,597.36,54.52,83.25,0.74,-1,-1,-1
55,2053,702.54,414.52,68.76,62.58,0.84,-1,-1,-1
55,2054,922.59,259.72,19.74,19.04,0.67,-1,-1,-1
55,2055,350.86,513.09,20.04,45.24,0.46,-1,-1,-1
55,2056,164.81,557.91,35.53,73.22,0.62,-1,-1,-1
55,2057,913.33,278.54,23.02,22.14,0.74,-1,-1,-1
55,2058,1546.62,692.12,48.92,93.68,0.59,-1,-1,-1
55,2059,248.24,590.98,50.76,44.87,0.77,-1,-1,-1
55,2060,327.44,507.52,21.42,50.54,0.37,-1,-1,-1
55,2037,945.96,455.67,63.31,59.85,0.71,-1,-1,-1
55,2061,814.18,663.70,167.74,116.51,0.89,-1,-1,-1
55,2062,231.53,526.24,33.65,67.10,0.47,-1,-1,-1
55,2065,904.75,903.91,502.96,164.64,0.87,-1,-1,-1
55,2066,956.10,259.63,19.50,20.86,0.56,-1,-1,-1
56,2030,946.44,343.77,50.16,63.93,0.65,-1,-1,-1
56,2031,919.15,399.16,49.37,48.69,0.83,-1,-1,-1
56,2033,26.57,654.56,225.05,165.09,0.91,-1,-1,-1
56,2034,514.83,490.38,109.18,106.70,0.91,-1,-1,-1
56,2035,642.16,551.44,110.18,93.89,0.87,-1,-1,-1
56,2039,744.76,597.09,56.46,85.74,0.81,-1,-1,-1
56,2053,699.48,416.24,71.89,65.59,0.84,-1,-1,-1
56,2054,922.65,260.60,19.38,18.59,0.59,-1,-1,-1
56,2055,350.47,514.70,19.56,44.35,0.48,-1,-1,-1
56,2056,166.77,558.47,35.80,74.48,0.63,-1,-1,-1
56,2057,913.23,279.58,22.86,22.03,0.73,-1,-1,-1
56,2058,1545.51,695.52,49.21,93.94,0.55,-1,-1,-1
56,2059,233.90,594.81,56.74,50.14,0.72,-1,-1,-1
56,2060,326.24,504.65,22.43,53.08,0.35,-1,-1,-1
56,2037,945.32,452.16,63.23,60.22,0.69,-1,-1,-1
56,2061,823.60,650.16,158.95,113.77,0.86,-1,-1,-1
56,2062,228.80,526.33,33.92,68.42,0.35,-1,-1,-1
56,2065,897.41,891.09,516.62,176.32,0.87,-1,-1,-1
56,2066,956.13,259.33,19.57,20.94,0.54,-1,-1,-1
57,2030,947.28,342.23,48.00,61.39,0.38,-1,-1,-1
57,2031,920.85,396.48,49.15,48.44,0.78,-1,-1,-1
57,2033,8.67,661.86,228.29,166.12,0.93,-1,-1,-1
57,2034,509.50,495.25,109.92,107.26,0.91,-1,-1,-1
57,2035,642.19,551.95,110.73,94.41,0.88,-1,-1,-1
57,2039,745.78,599.51,56.18,84.76,0.78,-1,-1,-1
57,2053,697.53,418.83,71.87,65.55,0.84,-1,-1,-1
57,2054,922.78,261.53,19.23,18.25,0.57,-1,-1,-1
57,2055,350.03,514.88,20.45,46.83,0.45,-1,-1,-1
57,2056,167.81,560.32,35.11,73.59,0.68,-1,-1,-1
57,2057,913.28,280.18,23.29,22.34,0.71,-1,-1,-1
57,2058,1546.07,699.24,49.35,93.70,0.53,-1,-1,-1
57,2059,222.25,599.47,58.84,51.77,0.74,-1,-1,-1
57,2060,326.47,506.42,23.02,54.31,0.42,-1,-1,-1
57,2037,945.83,449.61,62.22,59.62,0.74,-1,-1,-1
57,2061,834.72,639.65,144.51,106.13,0.88,-1,-1,-1
57,2062,228.04,527.45,34.42,69.83,0.38,-1,-1,-1
57,2065,889.74,875.91,527.04,188.50,0.86,-1,-1,-1
57,2066,956.38,259.55,19.34,20.70,0.47,-1,-1,-1
58,2030,948.03,340.71,46.52,59.88,0.35,-1,-1,-1
58,2031,923.36,395.00,47.11,46.28,0.81,-1,-1,-1
58,2033,0.00,666.85,226.10,171.49,0.88,-1,-1,-1
58,2034,503.15,498.99,111.37,108.35,0.85,-1,-1,-1
58,2035,643.82,553.63,109.92,93.56,0.89,-1,-1,-1
58,2039,746.55,599.57,56.89,85.56,0.86,-1,-1,-1
58,2053,695.25,420.63,72.58,66.16,0.84,-1,-1,-1
58,2054,922.63,261.57,19.55,18.46,0.62,-1,-1,-1
58,2055,349.97,515.83,20.66,47.57,0.36,-1,-1,-1
58,2056,170.01,563.93,33.80,70.91,0.74,-1,-1,-1
58,2057,912.75,280.31,23.90,22.85,0.70,-1,-1,-1
58,2058,1544.99,703.08,49.14,92.18,0.62,-1,-1,-1
58,2059,207.76,599.64,65.99,58.44,0.74,-1,-1,-1
58,2060,325.66,507.26,23.75,55.67,0.47,-1,-1,-1
58,2037,945.89,447.00,61.62,59.67,0.61,-1,-1,-1
58,2061,842.46,628.33,136.48,102.87,0.81,-1,-1,-1
58,2062,228.15,532.33,31.29,61.87,0.29,-1,-1,-1
58,2065,895.19,862.65,514.64,193.55,0.88,-1,-1,-1
58,2066,956.37,258.89,19.70,21.12,0.53,-1,-1,-1
59,2030,949.39,340.11,44.12,56.93,0.32,-1,-1,-1
59,2031,924.55,392.83,46.35,45.40,0.81,-1,-1,-1
59,2033,0.00,675.24,215.37,170.18,0.91,-1,-1,-1
59,2034,496.24,503.80,112.28,108.90,0.83,-1,-1,-1
59,2035,645.54,554.63,108.97,92.68,0.89,-1,-1,-1
59,2039,748.47,601.08,55.89,84.03,0.86,-1,-1,-1
59,2053,694.03,424.01,71.27,64.62,0.86,-1,-1,-1
59,2054,922.86,262.01,19.28,18.10,0.67,-1,-1,-1
59,2055,349.47,516.75,20.28,46.19,0.32,-1,-1,-1
59,2056,173.20,564.74,34.00,71.27,0.72,-1,-1,-1
59,2057,912.58,281.02,24.08,23.07,0.73,-1,-1,-1
59,2058,1543.45,705.76,50.56,94.52,0.67,-1,-1,-1
59,2059,197.19,606.68,64.44,56.72,0.71,-1,-1,-1
59,2060,325.09,508.68,23.60,55.11,0.41,-1,-1,-1
59,2037,946.82,443.92,60.19,58.79,0.69,-1,-1,-1
59,2061,849.85,617.64,128.93,99.45,0.88,-1,-1,-1
59,2062,225.04,533.13,31.35,61.84,0.42,-1,-1,-1
59,2065,910.21,847.84,482.67,191.15,0.88,-1,-1,-1
59,2066,957.00,258.67,19.59,21.01,0.56,-1,-1,-1
60,2030,950.50,337.62,43.94,56.54,0.58,-1,-1,-1
60,2031,925.69,390.00,46.87,45.93,0.73,-1,-1,-1
60,2033,0.00,683.84,202.93,167.12,0.82,-1,-1,-1
60,2034,489.73,507.92,114.83,111.28,0.89,-1,-1,-1
60,2035,647.72,555.26,108.82,92.53,0.89,-1,-1,-1
60,2039,751.18,603.14,55.07,82.41,0.75,-1,-1,-1
60,2053,691.78,426.92,72.47,65.45,0.85,-1,-1,-1
60,2054,922.87,262.49,19.39,18.15,0.62,-1,-1,-1
60,2055,349.10,517.35,20.22,45.66,0.34,-1,-1,-1
60,2056,175.67,564.64,33.39,69.57,0.55,-1,-1,-1
60,2057,912.43,281.51,24.17,23.19,0.73,-1,-1,-1
60,2058,1541.11,707.00,51.79,96.74,0.71,-1,-1,-1
60,2059,185.49,611.81,64.47,56.51,0.75,-1,-1,-1
60,2060,324.63,510.15,23.36,54.19,0.46,-1,-1,-1
60,2037,947.88,441.10,58.72,57.67,0.63,-1,-1,-1
60,2061,857.25,607.34,121.46,95.60,0.89,-1,-1,-1
60,2062,220.10,531.39,33.49,66.72,0.30,-1,-1,-1
60,2065,922.43,833.96,454.91,190.02,0.90,-1,-1,-1
60,2066,957.46,258.46,19.54,20.97,0.51,-1,-1,-1
61,2030,952.54,337.07,43.45,55.72,0.54,-1,-1,-1
61,2031,927.38,388.69,46.05,45.08,0.74,-1,-1,-1
61,2033,0.00,695.39,191.59,165.82,0.74,-1,-1,-1
61,2034,483.61,513.12,115.25,111.11,0.89,-1,-1,-1
61,2035,649.21,555.78,107.83,91.69,0.89,-1,-1,-1
61,2039,752.04,601.66,56.32,84.31,0.71,-1,-1,-1
61,2053,689.07,428.33,75.52,67.99,0.86,-1,-1,-1
61,2054,922.77,263.32,19.47,18.07,0.65,-1,-1,-1
61,2055,349.87,519.81,20.01,45.35,0.46,-1,-1,-1
61,2056,178.18,564.58,32.71,67.64,0.47,-1,-1,-1
61,2057,912.55,282.01,24.74,23.70,0.74,-1,-1,-1
61,2058,1540.03,708.94,51.34,95.74,0.60,-1,-1,-1
61,2059,174.78,616.79,63.97,55.58,0.71,-1,-1,-1
61,2060,324.86,511.08,22.72,52.57,0.45,-1,-1,-1
61,2037,948.74,438.98,57.66,57.05,0.76,-1,-1,-1
61,2061,863.99,598.55,113.96,91.18,0.86,-1,-1,-1
61,2062,217.76,530.69,31.83,64.96,0.23,-1,-1,-1
61,2065,937.49,821.18,424.49,187.14,0.86,-1,-1,-1
61,2066,957.55,257.40,20.42,21.97,0.59,-1,-1,-1
61,2067,1535.84,734.91,58.07,79.01,0.62,-1,-1,-1
62,2030,953.04,336.56,42.98,55.09,0.49,-1,-1,-1
62,2031,929.17,387.20,45.38,44.33,0.73,-1,-1,-1
62,2033,0.00,703.46,178.73,162.47,0.77,-1,-1,-1
62,2034,477.03,517.38,115.84,110.96,0.90,-1,-1,-1
62,2035,650.33,556.44,107.33,91.36,0.89,-1,-1,-1
62,2039,753.03,600.70,57.03,85.47,0.85,-1,-1,-1
62,2053,687.24,430.40,76.16,68.34,0.84,-1,-1,-1
62,2054,922.73,263.60,19.39,17.85,0.60,-1,-1,-1
62,2055,349.82,521.17,19.97,45.28,0.52,-1,-1,-1
62,2056,179.59,566.84,33.64,69.91,0.47,-1,-1,-1
62,2057,912.33,282.51,25.15,24.14,0.72,-1,-1,-1
62,2058,1539.87,711.27,50.05,93.13,0.56,-1,-1,-1
62,2059,161.55,619.00,68.07,59.13,0.70,-1,-1,-1
62,2060,325.49,513.79,22.41,52.15,0.53,-1,-1,-1
62,2037,949.89,436.77,55.92,55.53,0.70,-1,-1,-1
62,2061,870.05,588.77,109.00,88.65,0.88,-1,-1,-1
62,2062,218.23,534.50,31.36,64.81,0.23,-1,-1,-1
62,2065,956.71,809.30,385.58,179.18,0.90,-1,-1,-1
62,2066,957.75,257.03,20.38,21.99,0.46,-1,-1,-1
62,2067,1535.27,735.70,57.72,78.58,0.59,-1,-1,-1
63,2030,952.47,333.55,44.70,57.33,0.59,-1,-1,-1
63,2031,931.24,384.63,44.68,43.47,0.73,-1,-1,-1
63,2033,0.00,709.98,163.24,158.83,0.85,-1,-1,-1
63,2034,468.18,521.71,119.71,114.45,0.89,-1,-1,-1
63,2035,652.84,557.39,107.08,90.94,0.89,-1,-1,-1
63,2039,755.01,601.02,57.76,86.61,0.84,-1,-1,-1
63,2053,683.72,433.09,78.01,70.10,0.81,-1,-1,-1
63,2054,921.63,264.61,20.54,18.80,0.59,-1,-1,-1
63,2055,349.71,522.61,19.71,44.55,0.47,-1,-1,-1
63,2056,180.35,568.68,34.16,71.39,0.57,-1,-1,-1
63,2057,911.90,282.67,25.85,24.88,0.72,-1,-1,-1
63,2058,1538.00,712.68,49.49,91.65,0.60,-1,-1,-1
63,2059,148.67,620.29,71.00,61.89,0.72,-1,-1,-1
63,2060,323.49,512.54,23.04,53.37,0.45,-1,-1,-1
63,2037,950.32,432.92,55.82,55.87,0.67,-1,-1,-1
63,2061,875.29,579.62,105.78,87.48,0.86,-1,-1,-1
63,2062,217.45,535.86,31.55,65.63,0.28,-1,-1,-1
63,2065,972.12,798.02,352.74,172.63,0.90,-1,-1,-1
63,2066,958.00,256.47,20.38,22.05,0.45,-1,-1,-1
63,2067,1533.49,737.21,57.62,78.47,0.68,-1,-1,-1
64,2030,952.81,330.08,46.05,59.25,0.55,-1,-1,-1
64,2031,932.85,382.82,44.03,42.65,0.73,-1,-1,-1
64,2033,0.00,718.56,147.80,152.79,0.78,-1,-1,-1
64,2034,460.99,525.84,122.06,116.43,0.92,-1,-1,-1
64,2035,654.19,557.96,106.94,90.69,0.88,-1,-1,-1
64,2039,757.40,602.06,57.28,85.98,0.79,-1,-1,-1
64,2053,681.12,434.70,80.16,72.06,0.83,-1,-1,-1
64,2054,921.70,265.09,20.85,19.01,0.58,-1,-1,-1
64,2055,349.90,523.94,19.41,43.83,0.42,-1,-1,-1
64,2056,183.05,568.76,34.29,71.67,0.64,-1,-1,-1
64,2057,911.80,283.37,26.08,25.15,0.74,-1,-1,-1
64,2058,1537.84,715.31,48.42,88.94,0.51,-1,-1,-1
64,2059,137.02,625.79,70.79,61.53,0.64,-1,-1,-1
64,2060,324.23,515.50,22.59,52.95,0.63,-1,-1,-1
64,2037,951.22,430.75,54.75,55.12,0.76,-1,-1,-1
64,2061,880.63,571.47,101.15,85.05,0.86,-1,-1,-1
64,2062,215.01,536.78,29.83,63.76,0.20,-1,-1,-1
64,2065,988.79,787.50,319.42,164.20,0.87,-1,-1,-1
64,2066,958.60,256.53,20.12,21.79,0.46,-1,-1,-1
64,2067,1532.48,738.67,57.74,78.62,0.68,-1,-1,-1
65,2030,953.40,330.56,44.16,56.68,0.13,-1,-1,-1
65,2031,933.56,380.72,44.54,43.16,0.78,-1,-1,-1
65,2033,0.00,725.57,133.53,153.37,0.82,-1,-1,-1
65,2034,452.36,530.69,124.73,118.21,0.89,-1,-1,-1
65,2035,655.06,557.92,108.58,92.15,0.87,-1,-1,-1
65,2039,758.89,601.84,57.75,86.92,0.88,-1,-1,-1
65,2053,679.31,436.96,80.61,72.42,0.85,-1,-1,-1
65,2054,921.13,266.05,21.50,19.50,0.62,-1,-1,-1
65,2055,350.68,526.04,19.17,43.42,0.54,-1,-1,-1
65,2056,186.55,569.18,34.68,72.50,0.71,-1,-1,-1
65,2057,911.76,284.42,26.03,25.13,0.74,-1,-1,-1
65,2058,1537.62,717.36,48.08,87.75,0.57,-1,-1,-1
65,2059,121.07,624.70,78.52,68.96,0.56,-1,-1,-1
65,2060,324.81,516.29,22.47,53.28,0.56,-1,-1,-1
65,2037,952.10,428.69,54.54,55.26,0.69,-1,-1,-1
65,2061,885.23,563.00,97.65,83.41,0.85,-1,-1,-1
65,2062,213.30,538.31,28.70,61.87,0.23,-1,-1,-1
65,2065,1001.16,777.92,295.08,159.28,0.87,-1,-1,-1
65,2066,959.06,256.01,20.27,22.06,0.57,-1,-1,-1
65,2067,1531.41,739.31,59.09,80.57,0.70,-1,-1,-1
66,2030,954.32,330.18,43.43,55.37,0.19,-1,-1,-1
66,2031,934.21,378.82,45.01,43.70,0.76,-1,-1,-1
66,2033,0.00,731.88,113.49,146.29,0.71,-1,-1,-1
66,2034,444.24,535.59,128.04,120.99,0.90,-1,-1,-1
66,2035,656.83,558.60,109.06,92.46,0.86,-1,-1,-1
66,2039,759.73,602.11,57.84,87.56,0.88,-1,-1,-1
66,2053,677.99,439.01,80.87,72.71,0.83,-1,-1,-1
66,2054,920.91,266.25,22.04,19.97,0.68,-1,-1,-1
66,2055,349.89,526.35,19.77,44.14,0.31,-1,-1,-1
66,2056,189.34,570.37,34.66,72.75,0.63,-1,-1,-1
66,2057,911.82,285.54,26.27,25.40,0.74,-1,-1,-1
66,2058,1537.40,719.74,48.08,87.40,0.62,-1,-1,-1
66,2059,110.29,632.72,75.21,65.72,0.58,-1,-1,-1
66,2060,324.27,514.26,22.86,54.45,0.39,-1,-1,-1
66,2037,953.55,426.27,53.21,54.25,0.68,-1,-1,-1
66,2061,889.81,555.83,93.44,80.82,0.83,-1,-1,-1
66,2065,1010.20,767.08,277.46,156.96,0.84,-1,-1,-1
66,2066,959.31,255.67,20.43,22.32,0.58,-1,-1,-1
66,2067,1530.53,740.94,58.91,80.20,0.77,-1,-1,-1
67,2030,956.17,330.73,42.05,53.76,0.28,-1,-1,-1
67,2031,936.74,376.86,42.96,41.60,0.64,-1,-1,-1
67,2034,436.71,540.80,129.34,121.81,0.92,-1,-1,-1
67,2035,658.66,558.77,109.50,92.88,0.85,-1,-1,-1
67,2039,761.01,603.56,56.93,86.57,0.88,-1,-1,-1
67,2053,676.69,441.70,80.32,72.09,0.85,-1,-1,-1
67,2054,920.87,266.85,22.21,20.11,0.72,-1,-1,-1
67,2055,351.11,529.19,19.31,42.14,0.50,-1,-1,-1
67,2056,193.52,571.60,34.92,73.09,0.64,-1,-1,-1
67,2057,911.96,286.36,26.30,25.49,0.76,-1,-1,-1
67,2058,1537.54,721.75,47.26,85.56,0.55,-1,-1,-1
67,2059,96.93,640.38,74.64,65.09,0.56,-1,-1,-1
67,2060,315.38,525.87,22.12,44.15,0.64,-1,-1,-1
67,2037,954.93,423.91,51.69,52.81,0.65,-1,-1,-1
67,2061,893.25,547.68,91.19,79.85,0.80,-1,-1,-1
67,2065,1022.39,756.98,252.46,149.04,0.87,-1,-1,-1
67,2066,959.58,255.32,20.25,22.24,0.62,-1,-1,-1
67,2067,1527.99,741.58,60.92,82.85,0.66,-1,-1,-1
68,2030,955.72,327.70,42.49,54.29,0.10,-1,-1,-1
68,2031,937.39,374.49,43.84,42.49,0.70,-1,-1,-1
68,2034,427.73,545.33,131.93,123.74,0.89,-1,-1,-1
68,2035,660.40,558.68,109.71,93.21,0.85,-1,-1,-1
68,2039,763.03,604.48,56.96,86.91,0.84,-1,-1,-1
68,2053,674.23,444.12,81.78,73.57,0.84,-1,-1,-1
68,2054,921.15,267.66,21.91,19.76,0.66,-1,-1,-1
68,2055,352.66,532.21,18.64,39.92,0.46,-1,-1,-1
68,2056,196.05,572.05,34.99,73.66,0.63,-1,-1,-1
68,2057,911.70,287.21,26.49,25.77,0.75,-1,-1,-1
68,2058,1538.20,723.16,46.01,82.95,0.53,-1,-1,-1
68,2059,82.57,641.48,78.19,68.40,0.67,-1,-1,-1
68,2060,311.46,531.21,23.11,40.37,0.65,-1,-1,-1
68,2037,955.93,420.77,51.76,53.13,0.56,-1,-1,-1
68,2061,896.78,539.89,89.01,78.91,0.78,-1,-1,-1
68,2065,1029.38,746.08,237.53,146.08,0.84,-1,-1,-1
68,2066,959.89,255.09,20.04,22.11,0.59,-1,-1,-1
68,2067,1527.41,743.94,59.81,80.83,0.62,-1,-1,-1
68,2069,1018.67,312.20,24.31,33.32,0.60,-1,-1,-1
69,2030,957.53,326.94,41.50,53.13,0.54,-1,-1,-1
69,2031,938.92,372.57,43.40,42.09,0.71,-1,-1,-1
69,2034,418.86,550.54,133.43,124.37,0.89,-1,-1,-1
69,2035,661.94,558.68,110.32,93.84,0.86,-1,-1,-1
69,2039,764.73,604.86,57.58,88.29,0.86,-1,-1,-1
69,2053,672.61,446.30,82.32,74.18,0.86,-1,-1,-1
69,2054,921.72,267.98,21.59,19.49,0.69,-1,-1,-1
69,2055,353.36,532.97,19.03,40.38,0.31,-1,-1,-1
69,2056,199.62,572.20,35.16,74.45,0.63,-1,-1,-1
69,2057,911.91,288.75,25.79,25.07,0.78,-1,-1,-1
69,2058,1538.10,726.17,45.84,81.59,0.53,-1,-1,-1
69,2059,68.35,646.50,79.10,69.00,0.59,-1,-1,-1
69,2060,309.60,531.67,25.62,40.67,0.59,-1,-1,-1
69,2037,956.97,417.97,51.43,52.77,0.71,-1,-1,-1
69,2061,900.31,532.95,87.15,78.04,0.80,-1,-1,-1
69,2065,1034.77,735.75,225.24,144.15,0.83,-1,-1,-1
69,2066,960.42,255.10,19.50,21.52,0.63,-1,-1,-1
69,2067,1525.66,746.39,60.87,82.20,0.53,-1,-1,-1
69,2069,1020.16,313.24,22.95,31.42,0.23,-1,-1,-1
70,2030,959.54,326.88,39.44,50.52,0.25,-1,-1,-1
70,2031,940.53,371.04,42.88,41.58,0.71,-1,-1,-1
70,2034,408.80,555.63,136.23,126.47,0.91,-1,-1,-1
70,2035,663.22,559.71,111.06,94.61,0.86,-1,-1,-1
70,2039,766.38,604.48,58.35,89.80,0.84,-1,-1,-1
70,2053,672.32,449.09,81.22,73.15,0.88,-1,-1,-1
70,2054,922.24,268.22,21.46,19.43,0.75,-1,-1,-1
70,2055,353.53,533.88,19.57,41.09,0.35,-1,-1,-1
70,2056,203.70,572.31,34.98,74.35,0.61,-1,-1,-1
70,2057,911.60,289.38,25.77,25.12,0.78,-1,-1,-1
70,2058,1537.92,728.10,45.90,81.13,0.57,-1,-1,-1
70,2059,56.38,653.23,76.70,66.26,0.30,-1,-1,-1
70,2037,958.21,415.92,50.58,51.85,0.73,-1,-1,-1
70,2061,903.61,526.06,84.96,77.18,0.80,-1,-1,-1
70,2065,1040.22,725.09,212.06,140.87,0.83,-1,-1,-1
70,2066,961.02,255.43,18.83,20.72,0.65,-1,-1,-1
70,2067,1523.65,749.76,62.60,84.43,0.46,-1,-1,-1
70,2069,1020.56,310.52,23.74,32.53,0.31,-1,-1,-1
71,2031,942.44,369.60,41.80,40.48,0.67,-1,-1,-1
71,2034,398.26,561.64,140.29,129.67,0.89,-1,-1,-1
71,2035,664.66,560.05,110.92,94.82,0.86,-1,-1,-1
71,2039,768.26,603.87,58.87,90.70,0.85,-1,-1,-1
71,2053,670.25,450.79,82.81,74.68,0.89,-1,-1,-1
71,2054,922.64,268.52,21.44,19.50,0.75,-1,-1,-1
71,2055,354.33,534.98,19.91,41.45,0.13,-1,-1,-1
71,2056,206.98,571.67,35.97,76.36,0.68,-1,-1,-1
71,2057,911.69,289.72,25.94,25.32,0.77,-1,-1,-1
71,2058,1537.42,729.77,45.41,80.03,0.52,-1,-1,-1
71,2059,41.85,656.11,77.21,66.51,0.17,-1,-1,-1
71,2037,959.92,414.16,48.96,50.05,0.70,-1,-1,-1
71,2061,907.97,519.52,80.75,73.85,0.85,-1,-1,-1
71,2065,1047.88,718.06,195.29,134.08,0.78,-1,-1,-1
71,2066,961.71,255.93,17.92,19.54,0.61,-1,-1,-1
71,2067,1522.35,752.97,63.39,85.41,0.54,-1,-1,-1
71,2069,1020.76,309.47,24.25,33.29,0.53,-1,-1,-1
72,2031,943.72,367.13,42.12,40.96,0.72,-1,-1,-1
72,2034,389.59,566.90,141.47,129.69,0.95,-1,-1,-1
72,2035,666.82,560.17,109.74,93.86,0.90,-1,-1,-1
72,2039,770.68,603.75,58.31,90.37,0.86,-1,-1,-1
72,2053,668.13,453.15,84.52,76.41,0.88,-1,-1,-1
72,2054,922.71,268.66,21.78,19.95,0.74,-1,-1,-1
72,2055,353.67,536.01,20.17,41.15,0.35,-1,-1,-1
72,2056,211.66,575.20,34.25,72.84,0.62,-1,-1,-1
72,2057,911.89,290.29,25.86,25.22,0.77,-1,-1,-1
72,2058,1538.44,732.07,41.98,73.12,0.47,-1,-1,-1
72,2059,25.68,656.25,81.31,70.03,0.53,-1,-1,-1
72,2037,961.28,412.23,48.24,49.23,0.66,-1,-1,-1
72,2061,912.04,513.14,77.94,71.86,0.78,-1,-1,-1
72,2065,1050.36,707.06,188.49,133.76,0.83,-1,-1,-1
72,2066,961.84,255.69,18.23,19.81,0.61,-1,-1,-1
72,2067,1520.61,755.00,64.25,86.56,0.51,-1,-1,-1
72,2069,1022.60,313.41,21.78,29.69,0.23,-1,-1,-1
73,2031,945.13,365.29,42.11,40.93,0.70,-1,-1,-1
73,2034,378.18,571.73,144.51,131.66,0.91,-1,-1,-1
73,2035,669.02,560.06,109.44,93.67,0.89,-1,-1,-1
73,2039,772.58,604.22,57.01,88.90,0.72,-1,-1,-1
73,2053,667.24,455.53,85.07,76.99,0.86,-1,-1,-1
73,2054,922.30,269.23,22.52,20.69,0.67,-1,-1,-1
73,2056,215.14,574.02,35.03,75.13,0.61,-1,-1,-1
73,2057,912.10,291.24,26.31,25.55,0.75,-1,-1,-1
73,2058,1538.26,734.24,42.57,74.06,0.50,-1,-1,-1
73,2059,12.44,661.97,79.02,67.38,0.15,-1,-1,-1
73,2037,961.74,408.76,49.66,51.05,0.56,-1,-1,-1
73,2061,915.71,508.14,74.87,69.21,0.80,-1,-1,-1
73,2065,1050.21,692.17,186.91,137.22,0.78,-1,-1,-1
73,2066,962.04,254.95,18.74,20.40,0.55,-1,-1,-1
73,2067,1520.02,758.69,62.89,84.46,0.57,-1,-1,-1
73,2069,1022.51,312.23,22.67,30.84,0.39,-1,-1,-1
74,2031,946.73,364.02,41.13,39.81,0.59,-1,-1,-1
74,2034,365.48,576.67,148.92,134.71,0.91,-1,-1,-1
74,2035,671.05,559.97,109.54,93.95,0.90,-1,-1,-1
74,2039,774.13,604.73,57.12,89.79,0.67,-1,-1,-1
74,2053,666.22,457.33,85.49,77.44,0.86,-1,-1,-1
74,2054,922.12,269.23,23.35,21.55,0.68,-1,-1,-1
74,2056,218.86,573.42,29.09,61.18,0.52,-1,-1,-1
74,2057,912.27,291.56,26.77,25.95,0.76,-1,-1,-1
74,2058,1533.14,736.75,46.03,80.19,0.53,-1,-1,-1
74,2059,0.00,656.73,83.84,77.90,0.11,-1,-1,-1
74,2037,962.91,405.95,49.94,51.74,0.73,-1,-1,-1
74,2061,918.35,502.01,73.48,68.13,0.83,-1,-1,-1
74,2065,1055.03,684.60,176.73,133.59,0.81,-1,-1,-1
74,2066,962.53,254.55,18.84,20.41,0.52,-1,-1,-1
74,2067,1517.70,758.65,64.57,87.10,0.56,-1,-1,-1
74,2069,1022.95,311.08,23.21,31.43,0.45,-1,-1,-1
75,2031,947.69,362.46,40.90,39.52,0.65,-1,-1,-1
75,2034,354.16,582.28,152.58,136.91,0.90,-1,-1,-1
75,2035,673.15,560.07,109.92,94.39,0.90,-1,-1,-1
75,2039,777.35,604.34,57.03,89.94,0.62,-1,-1,-1
75,2053,666.55,459.35,84.51,76.16,0.87,-1,-1,-1
75,2054,922.35,269.51,23.44,21.64,0.68,-1,-1,-1
75,2056,223.46,575.15,33.57,71.18,0.55,-1,-1,-1
75,2057,912.24,292.14,27.10,26.30,0.74,-1,-1,-1
75,2058,1528.75,739.12,48.79,84.74,0.62,-1,-1,-1
75,2059,0.00,654.39,78.99,88.38,0.22,-1,-1,-1
75,2037,964.61,403.57,49.21,51.35,0.76,-1,-1,-1
75,2061,921.48,495.80,72.87,68.14,0.81,-1,-1,-1
75,2065,1060.08,679.50,165.35,128.14,0.79,-1,-1,-1
75,2066,963.48,254.02,18.94,20.34,0.56,-1,-1,-1
75,2067,1516.08,760.37,64.59,87.44,0.65,-1,-1,-1
75,2069,1023.57,309.73,23.81,32.23,0.61,-1,-1,-1
75,2030,960.39,317.15,41.42,53.15,0.69,-1,-1,-1
76,2031,949.22,360.35,40.59,39.20,0.76,-1,-1,-1
76,2034,341.52,588.47,156.08,138.88,0.95,-1,-1,-1
76,2035,675.35,560.29,109.92,94.64,0.90,-1,-1,-1
76,2039,779.94,605.40,56.34,89.24,0.43,-1,-1,-1
76,2053,663.93,461.78,85.61,77.14,0.84,-1,-1,-1
76,2054,922.60,269.96,23.43,21.61,0.67,-1,-1,-1
76,2056,227.52,576.02,34.15,72.94,0.62,-1,-1,-1
76,2057,912.25,293.23,27.12,26.26,0.74,-1,-1,-1
76,2058,1527.02,742.48,47.93,82.79,0.48,-1,-1,-1
76,2037,966.69,401.63,47.69,49.94,0.72,-1,-1,-1
76,2061,924.51,490.25,70.22,65.81,0.82,-1,-1,-1
76,2065,1063.10,673.17,157.23,124.67,0.80,-1,-1,-1
76,2066,964.01,253.42,18.98,20.38,0.60,-1,-1,-1
76,2067,1515.06,764.15,63.02,85.27,0.51,-1,-1,-1
76,2069,1024.58,310.03,23.33,31.54,0.34,-1,-1,-1
76,2030,961.91,317.82,38.63,49.04,0.32,-1,-1,-1
76,2060,311.71,540.63,28.48,38.62,0.58,-1,-1,-1
77,2031,950.90,359.24,39.39,38.02,0.72,-1,-1,-1
77,2034,326.32,593.30,162.56,143.52,0.88,-1,-1,-1
77,2035,677.08,560.84,109.89,94.74,0.89,-1,-1,-1
77,2039,782.38,605.39,56.70,89.74,0.75,-1,-1,-1
77,2053,661.94,463.78,86.95,78.43,0.86,-1,-1,-1
77,2054,922.65,270.21,23.86,22.02,0.67,-1,-1,-1
77,2056,230.09,575.08,34.95,75.15,0.57,-1,-1,-1
77,2057,912.54,294.36,27.00,26.18,0.75,-1,-1,-1
77,2058,1526.06,745.06,47.20,81.38,0.52,-1,-1,-1
77,2037,968.14,400.30,46.39,48.62,0.76,-1,-1,-1
77,2061,927.04,485.48,68.96,64.91,0.81,-1,-1,-1
77,2065,1063.03,664.78,153.95,125.12,0.81,-1,-1,-1
77,2066,964.75,253.11,18.98,20.35,0.59,-1,-1,-1
77,2067,1514.27,769.93,60.42,81.36,0.60,-1,-1,-1
77,2069,1025.59,310.32,22.83,30.78,0.42,-1,-1,-1
77,2030,963.30,315.27,38.96,49.46,0.51,-1,-1,-1
77,2060,304.43,539.77,29.54,39.47,0.52,-1,-1,-1
77,2055,350.36,538.66,21.80,44.62,0.53,-1,-1,-1
78,2031,951.55,357.34,40.11,38.80,0.66,-1,-1,-1
78,2034,311.21,598.94,167.76,147.08,0.91,-1,-1,-1
78,2035,678.78,561.06,109.51,94.57,0.88,-1,-1,-1
78,2039,784.58,606.25,55.85,88.38,0.86,-1,-1,-1
78,2053,660.71,465.92,87.71,79.33,0.87,-1,-1,-1
78,2054,922.58,270.90,23.89,21.98,0.58,-1,-1,-1
78,2056,233.12,575.37,35.13,76.26,0.56,-1,-1,-1
78,2057,912.72,295.28,27.19,26.34,0.74,-1,-1,-1
78,2058,1523.91,746.77,47.68,82.29,0.49,-1,-1,-1
78,2037,969.48,398.36,46.02,48.38,0.76,-1,-1,-1
78,2061,929.46,480.10,67.67,64.05,0.81,-1,-1,-1
78,2065,1067.72,657.80,142.72,117.99,0.83,-1,-1,-1
78,2066,965.24,253.02,19.03,20.29,0.59,-1,-1,-1
78,2067,1511.12,773.55,61.55,82.57,0.58,-1,-1,-1
78,2069,1026.35,310.57,22.51,30.24,0.37,-1,-1,-1
78,2030,964.44,314.98,38.58,49.11,0.49,-1,-1,-1
78,2060,305.43,540.73,31.55,39.40,0.55,-1,-1,-1
78,2055,350.05,538.61,21.72,44.63,0.50,-1,-1,-1
79,2031,952.50,353.68,40.61,39.52,0.65,-1,-1,-1
79,2034,295.08,604.37,172.63,150.13,0.88,-1,-1,-1
79,2035,680.37,561.30,109.37,94.61,0.88,-1,-1,-1
79,2039,785.55,606.59,55.45,88.08,0.88,-1,-1,-1
79,2053,659.36,467.74,87.71,79.43,0.87,-1,-1,-1
79,2054,922.92,272.01,23.46,21.42,0.61,-1,-1,-1
79,2056,237.06,576.03,34.86,76.16,0.61,-1,-1,-1
79,2057,912.80,296.61,27.24,26.47,0.72,-1,-1,-1
79,2058,1518.45,750.06,50.06,86.44,0.54,-1,-1,-1
79,2037,971.35,396.52,44.22,46.41,0.76,-1,-1,-1
79,2061,932.21,475.43,66.29,62.94,0.80,-1,-1,-1
79,2065,1070.69,649.88,134.05,112.49,0.80,-1,-1,-1
79,2066,965.50,252.32,19.40,20.65,0.59,-1,-1,-1
79,2067,1507.29,779.05,60.70,80.45,0.59,-1,-1,-1
79,2069,1026.89,310.16,22.45,30.06,0.20,-1,-1,-1
79,2030,964.57,315.01,38.50,49.15,0.18,-1,-1,-1
79,2060,302.61,542.94,31.10,37.99,0.60,-1,-1,-1
79,2055,350.43,540.71,21.68,44.74,0.59,-1,-1,-1
80,2031,954.21,352.80,38.98,38.00,0.73,-1,-1,-1
80,2034,279.44,610.79,176.87,152.56,0.87,-1,-1,-1
80,2035,682.15,561.45,109.30,94.81,0.86,-1,-1,-1
80,2039,787.04,606.60,54.93,87.55,0.86,-1,-1,-1
80,2053,657.34,469.44,89.14,80.77,0.87,-1,-1,-1
80,2054,922.99,272.81,23.31,21.22,0.63,-1,-1,-1
80,2056,239.70,576.25,35.12,77.58,0.63,-1,-1,-1
80,2057,912.54,297.19,27.75,27.14,0.69,-1,-1,-1
80,2058,1515.35,752.42,49.51,85.38,0.45,-1,-1,-1
80,2037,973.12,394.68,42.45,44.31,0.74,-1,-1,-1
80,2061,935.67,471.17,63.72,60.68,0.82,-1,-1,-1
80,2065,1071.88,642.24,129.05,109.82,0.86,-1,-1,-1
80,2066,966.04,252.31,19.40,20.55,0.63,-1,-1,-1
80,2067,1501.63,778.34,64.24,84.54,0.47,-1,-1,-1
80,2069,1027.09,309.64,22.80,30.43,0.20,-1,-1,-1
80,2030,965.82,314.62,37.45,48.27,0.22,-1,-1,-1
80,2060,302.43,543.65,32.35,38.39,0.57,-1,-1,-1
80,2055,350.53,542.27,21.36,44.27,0.47,-1,-1,-1
81,2031,955.48,351.78,38.38,37.51,0.81,-1,-1,-1
81,2034,261.11,615.73,183.54,156.64,0.89,-1,-1,-1
81,2035,684.15,561.44,108.77,94.54,0.86,-1,-1,-1
81,2039,788.62,607.02,55.15,88.24,0.89,-1,-1,-1
81,2053,654.99,471.59,90.96,82.63,0.88,-1,-1,-1
81,2054,923.85,273.55,23.16,21.17,0.61,-1,-1,-1
81,2056,243.79,576.85,34.64,76.64,0.65,-1,-1,-1
81,2057,912.28,298.28,27.84,27.40,0.72,-1,-1,-1
81,2058,1517.37,754.17,43.66,75.00,0.46,-1,-1,-1
81,2037,973.21,391.96,43.21,45.17,0.74,-1,-1,-1
81,2061,937.56,465.95,63.41,60.49,0.79,-1,-1,-1
81,2065,1072.21,635.01,124.43,107.08,0.82,-1,-1,-1
81,2066,966.50,252.10,19.40,20.49,0.59,-1,-1,-1
81,2067,1497.32,779.83,65.99,86.04,0.23,-1,-1,-1
81,2069,1027.35,309.42,23.06,30.66,0.31,-1,-1,-1
81,2060,300.19,542.69,34.45,40.73,0.56,-1,-1,-1
81,2055,351.25,541.18,22.18,46.17,0.59,-1,-1,-1
82,2031,956.71,350.75,38.11,37.36,0.79,-1,-1,-1
82,2034,244.31,621.69,189.26,160.36,0.87,-1,-1,-1
82,2035,684.91,561.58,109.07,95.08,0.86,-1,-1,-1
82,2039,790.26,607.23,55.02,88.22,0.86,-1,-1,-1
82,2053,653.96,474.32,90.71,82.44,0.88,-1,-1,-1
82,2054,923.87,274.03,23.45,21.54,0.65,-1,-1,-1
82,2056,247.31,577.41,34.21,76.13,0.63,-1,-1,-1
82,2057,912.33,299.45,27.73,27.34,0.74,-1,-1,-1
82,2058,1516.31,756.72,40.53,68.82,0.48,-1,-1,-1
82,2037,973.93,390.08,43.45,45.68,0.71,-1,-1,-1
82,2061,940.33,462.49,60.42,57.54,0.82,-1,-1,-1
82,2065,1072.16,627.47,120.10,104.19,0.82,-1,-1,-1
82,2066,966.77,251.13,20.37,21.57,0.62,-1,-1,-1
82,2067,1492.78,780.16,68.17,88.09,0.26,-1,-1,-1
82,2069,1027.38,310.60,22.43,29.49,0.25,-1,-1,-1
82,2060,300.49,544.06,34.25,40.05,0.52,-1,-1,-1
82,2055,351.40,538.87,23.58,49.25,0.65,-1,-1,-1
83,2031,957.17,348.62,38.51,37.96,0.77,-1,-1,-1
83,2034,226.24,629.03,194.47,163.21,0.85,-1,-1,-1
83,2035,685.96,561.65,109.00,95.23,0.86,-1,-1,-1
83,2039,791.10,607.72,55.16,88.64,0.83,-1,-1,-1
83,2053,652.78,476.32,91.02,82.71,0.89,-1,-1,-1
83,2054,924.01,275.47,23.48,21.44,0.69,-1,-1,-1
83,2056,251.69,577.79,34.38,76.61,0.73,-1,-1,-1
83,2057,911.82,300.37,27.82,27.50,0.78,-1,-1,-1
83,2058,1511.52,757.82,41.32,68.79,0.47,-1,-1,-1
83,2037,974.65,388.07,43.61,46.11,0.71,-1,-1,-1
83,2061,941.40,457.70,60.94,58.10,0.84,-1,-1,-1
83,2065,1072.02,620.82,116.78,102.07,0.86,-1,-1,-1
83,2066,967.14,251.51,20.42,21.58,0.64,-1,-1,-1
83,2067,1487.45,781.99,68.15,87.01,0.47,-1,-1,-1
83,2069,1027.83,311.16,22.00,28.67,0.32,-1,-1,-1
83,2060,297.86,541.72,36.61,43.42,0.31,-1,-1,-1
83,2055,352.18,537.87,24.55,51.39,0.69,-1,-1,-1
84,2031,958.24,347.29,37.99,37.46,0.71,-1,-1,-1
84,2034,204.84,633.52,201.80,167.68,0.92,-1,-1,-1
84,2035,687.35,561.80,108.60,95.06,0.86,-1,-1,-1
84,2039,792.48,606.79,55.64,89.31,0.86,-1,-1,-1
84,2053,651.90,478.10,90.70,82.32,0.89,-1,-1,-1
84,2054,923.73,275.66,23.82,21.71,0.73,-1,-1,-1
84,2056,255.50,577.95,33.99,75.69,0.74,-1,-1,-1
84,2057,911.91,301.36,27.75,27.52,0.78,-1,-1,-1
84,2058,1511.64,760.46,37.59,62.82,0.21,-1,-1,-1
84,2037,975.75,385.55,43.21,45.93,0.72,-1,-1,-1
84,2061,943.38,453.80,59.74,56.78,0.81,-1,-1,-1
84,2065,1071.14,614.58,113.97,100.37,0.85,-1,-1,-1
84,2066,967.23,250.71,20.83,22.12,0.64,-1,-1,-1
84,2067,1480.07,780.70,71.01,89.51,0.72,-1,-1,-1
84,2069,1027.66,308.23,23.57,30.64,0.22,-1,-1,-1
84,2060,295.94,539.97,38.01,45.98,0.23,-1,-1,-1
84,2055,353.38,538.76,24.32,51.27,0.70,-1,-1,-1
85,2031,959.78,346.00,36.98,36.46,0.74,-1,-1,-1
85,2034,187.00,639.83,206.02,169.13,0.89,-1,-1,-1
85,2035,688.75,561.88,108.13,94.82,0.87,-1,-1,-1
85,2039,793.53,605.47,57.07,91.50,0.86,-1,-1,-1
85,2053,649.90,479.70,91.98,83.50,0.84,-1,-1,-1
85,2054,923.73,276.06,24.05,21.91,0.75,-1,-1,-1
85,2056,258.50,577.92,34.05,75.61,0.75,-1,-1,-1
85,2057,911.82,302.14,27.88,27.68,0.78,-1,-1,-1
85,2058,1503.21,763.02,36.40,60.43,0.17,-1,-1,-1
85,2037,976.86,382.88,42.51,45.31,0.68,-1,-1,-1
85,2061,945.39,449.51,59.32,56.45,0.78,-1,-1,-1
85,2065,1069.71,606.89,111.33,98.61,0.78,-1,-1,-1
85,2066,968.12,251.38,19.76,20.97,0.66,-1,-1,-1
85,2067,1473.39,782.29,71.84,89.62,0.75,-1,-1,-1
85,2060,299.14,547.62,34.05,39.61,0.26,-1,-1,-1
85,2055,354.63,542.12,22.56,47.17,0.60,-1,-1,-1
85,2070,325.29,532.63,23.42,56.78,0.59,-1,-1,-1
86,2031,960.15,343.91,36.93,36.29,0.62,-1,-1,-1
86,2034,165.15,645.20,213.70,173.98,0.87,-1,-1,-1
86,2035,689.41,561.27,107.68,94.32,0.87,-1,-1,-1
86,2039,795.02,604.65,56.93,91.32,0.86,-1,-1,-1
86,2053,648.14,481.86,93.18,84.64,0.83,-1,-1,-1
86,2054,923.54,276.86,24.32,21.98,0.78,-1,-1,-1
86,2056,262.36,578.42,33.85,75.17,0.69,-1,-1,-1
86,2057,911.36,302.57,28.81,28.74,0.80,-1,-1,-1
86,2058,1489.35,764.15,47.02,77.80,0.52,-1,-1,-1
86,2037,977.76,381.44,41.88,44.63,0.65,-1,-1,-1
86,2061,947.13,445.34,57.98,55.17,0.78,-1,-1,-1
86,2065,1067.54,600.46,110.62,98.56,0.76,-1,-1,-1
86,2066,967.85,251.15,20.35,21.59,0.63,-1,-1,-1
86,2067,1467.29,783.06,72.34,89.24,0.58,-1,-1,-1
86,2060,299.87,550.46,32.43,37.53,0.36,-1,-1,-1
86,2055,355.35,544.15,22.03,46.18,0.65,-1,-1,-1
86,2070,326.52,533.53,22.67,54.71,0.53,-1,-1,-1
87,2031,960.96,342.01,36.63,35.83,0.68,-1,-1,-1
87,2034,145.02,652.50,218.81,176.37,0.88,-1,-1,-1
87,2035,690.49,561.28,107.01,93.62,0.89,-1,-1,-1
87,2039,796.24,604.25,56.78,91.32,0.89,-1,-1,-1
87,2053,646.55,484.13,93.43,84.75,0.85,-1,-1,-1
87,2054,923.44,277.45,24.47,22.05,0.76,-1,-1,-1
87,2056,265.91,578.71,34.11,75.77,0.73,-1,-1,-1
87,2057,911.36,303.25,28.93,29.01,0.78,-1,-1,-1
87,2058,1481.81,765.86,49.63,82.68,0.45,-1,-1,-1
87,2037,978.44,379.78,42.11,45.08,0.67,-1,-1,-1
87,2061,948.44,441.55,57.30,54.57,0.83,-1,-1,-1
87,2065,1069.42,593.86,104.14,93.02,0.82,-1,-1,-1
87,2066,968.29,250.99,20.10,21.46,0.66,-1,-1,-1
87,2067,1458.57,785.73,74.01,90.23,0.52,-1,-1,-1
87,2060,296.93,549.89,32.50,37.75,0.37,-1,-1,-1
87,2055,354.99,544.52,22.48,47.20,0.57,-1,-1,-1
87,2070,325.32,532.92,23.33,56.11,0.54,-1,-1,-1
88,2031,961.85,340.73,36.13,35.22,0.72,-1,-1,-1
88,2034,121.89,656.67,227.18,181.73,0.89,-1,-1,-1
88,2035,691.67,561.02,106.89,93.48,0.89,-1,-1,-1
88,2039,797.41,603.89,56.17,90.78,0.89,-1,-1,-1
88,2053,645.10,485.57,93.78,85.00,0.85,-1,-1,-1
88,2054,923.25,278.06,24.68,22.24,0.74,-1,-1,-1
88,2056,269.53,579.14,34.77,77.09,0.66,-1,-1,-1
88,2057,911.52,304.29,28.81,28.88,0.78,-1,-1,-1
88,2058,1471.41,768.08,51.57,85.65,0.52,-1,-1,-1
88,2037,978.92,377.90,42.21,45.46,0.73,-1,-1,-1
88,2061,950.74,437.68,55.77,53.19,0.78,-1,-1,-1
88,2065,1066.82,586.85,104.32,93.69,0.79,-1,-1,-1
88,2066,968.75,250.54,19.83,21.21,0.63,-1,-1,-1
88,2067,1451.28,788.80,73.97,89.06,0.70,-1,-1,-1
88,2060,296.75,550.72,32.59,37.48,0.49,-1,-1,-1
88,2055,354.95,544.79,22.54,47.27,0.53,-1,-1,-1
88,2070,326.44,533.60,22.74,54.32,0.52,-1,-1,-1
88,2071,1638.47,1008.49,136.05,62.25,0.56,-1,-1,-1
89,2031,962.37,339.26,36.50,35.48,0.60,-1,-1,-1
89,2034,99.33,663.26,231.82,183.95,0.91,-1,-1,-1
89,2035,693.09,560.68,106.56,93.27,0.90,-1,-1,-1
89,2039,798.20,603.61,56.09,91.05,0.86,-1,-1,-1
89,2053,645.29,486.44,93.32,84.32,0.87,-1,-1,-1
89,2054,922.93,278.60,25.18,22.73,0.66,-1,-1,-1
89,2056,272.89,581.32,34.04,75.82,0.61,-1,-1,-1
89,2057,911.22,306.22,28.81,28.75,0.75,-1,-1,-1
89,2058,1469.83,769.39,45.93,77.05,0.51,-1,-1,-1
89,2037,980.40,376.67,41.16,44.43,0.65,-1,-1,-1
89,2061,951.94,433.94,54.90,52.46,0.78,-1,-1,-1
89,2065,1063.56,579.71,104.15,93.91,0.83,-1,-1,-1
89,2066,968.78,250.16,20.33,21.68,0.62,-1,-1,-1
89,2067,1443.09,789.93,74.67,89.06,0.55,-1,-1,-1
89,2060,296.61,549.80,34.83,39.73,0.34,-1,-1,-1
89,2055,354.43,545.28,23.15,48.01,0.60,-1,-1,-1
89,2070,324.84,532.96,23.56,55.91,0.45,-1,-1,-1
89,2071,1617.91,1002.36,148.30,67.94,0.64,-1,-1,-1
90,2031,962.56,337.14,37.57,36.61,0.60,-1,-1,-1
90,2034,78.28,672.97,232.89,182.96,0.88,-1,-1,-1
90,2035,694.41,560.17,106.10,93.05,0.91,-1,-1,-1
90,2039,798.88,603.08,56.02,91.42,0.87,-1,-1,-1
90,2053,642.56,487.86,95.03,86.04,0.86,-1,-1,-1
90,2054,922.69,278.92,25.69,23.32,0.65,-1,-1,-1
90,2056,276.21,580.66,34.16,75.94,0.62,-1,-1,-1
90,2057,910.44,306.47,29.97,29.98,0.74,-1,-1,-1
90,2058,1459.15,770.36,47.57,80.07,0.49,-1,-1,-1
90,2037,981.48,374.80,39.89,42.95,0.63,-1,-1,-1
90,2061,952.95,430.98,54.11,51.71,0.82,-1,-1,-1
90,2065,1061.47,574.06,102.40,92.76,0.83,-1,-1,-1
90,2066,969.00,249.72,20.57,21.97,0.60,-1,-1,-1
90,2067,1434.80,791.27,74.82,88.34,0.62,-1,-1,-1
90,2060,295.18,547.04,38.07,43.66,0.14,-1,-1,-1
90,2055,353.09,545.75,23.69,48.09,0.56,-1,-1,-1
90,2070,321.25,531.74,24.41,57.78,0.43,-1,-1,-1
90,2071,1598.21,1000.61,152.84,70.16,0.85,-1,-1,-1
91,2031,963.23,335.58,37.44,36.55,0.63,-1,-1,-1
91,2034,53.13,679.25,241.57,188.25,0.88,-1,-1,-1
91,2035,695.78,560.04,105.30,92.41,0.91,-1,-1,-1
91,2039,800.01,602.88,55.72,91.40,0.81,-1,-1,-1
91,2053,640.28,489.11,96.65,87.68,0.87,-1,-1,-1
91,2054,922.37,279.52,25.97,23.66,0.69,-1,-1,-1
91,2056,279.22,580.81,34.27,76.13,0.67,-1,-1,-1
91,2057,909.74,306.85,30.79,31.04,0.75,-1,-1,-1
91,2058,1448.11,772.66,47.17,79.03,0.48,-1,-1,-1
91,2037,981.80,372.54,39.79,42.75,0.65,-1,-1,-1
91,2061,954.06,427.92,53.28,50.82,0.78,-1,-1,-1
91,2065,1060.25,568.30,99.49,90.30,0.84,-1,-1,-1
91,2066,969.44,249.40,20.46,21.86,0.49,-1,-1,-1
91,2067,1424.61,793.50,76.89,89.95,0.77,-1,-1,-1
91,2055,351.99,546.03,24.03,47.41,0.58,-1,-1,-1
91,2070,319.51,530.95,24.82,58.78,0.45,-1,-1,-1
91,2071,1578.78,998.33,155.97,71.88,0.61,-1,-1,-1
91,2072,178.00,560.31,32.37,74.73,0.52,-1,-1,-1
92,2031,964.27,334.93,35.98,35.01,0.65,-1,-1,-1
92,2034,41.68,714.35,219.43,163.70,0.77,-1,-1,-1
92,2035,697.27,559.94,104.71,92.03,0.91,-1,-1,-1
92,2039,801.33,602.76,54.88,90.44,0.77,-1,-1,-1
92,2053,638.88,490.83,97.41,88.63,0.88,-1,-1,-1
92,2054,922.35,280.28,25.93,23.66,0.72,-1,-1,-1
92,2056,282.28,581.73,34.08,76.06,0.62,-1,-1,-1
92,2057,909.63,308.36,30.39,30.54,0.80,-1,-1,-1
92,2058,1439.21,774.47,48.23,79.97,0.44,-1,-1,-1
92,2037,982.12,370.76,39.70,42.60,0.70,-1,-1,-1
92,2061,955.59,424.05,52.81,50.47,0.78,-1,-1,-1
92,2065,1058.31,562.38,98.48,89.61,0.82,-1,-1,-1
92,2066,969.97,249.11,20.26,21.73,0.61,-1,-1,-1
92,2067,1414.43,794.31,78.05,90.88,0.62,-1,-1,-1
92,2055,351.56,547.05,24.36,47.79,0.57,-1,-1,-1
92,2070,318.44,531.19,24.85,58.91,0.51,-1,-1,-1
92,2071,1562.07,996.55,158.36,73.37,0.25,-1,-1,-1
92,2072,177.60,562.15,32.58,75.28,0.53,-1,-1,-1
93,2031,965.48,333.59,35.58,34.51,0.58,-1,-1,-1
93,2034,26.86,732.13,218.95,158.73,0.76,-1,-1,-1
93,2035,698.10,559.76,104.17,91.77,0.92,-1,-1,-1
93,2039,802.50,603.10,53.96,89.24,0.69,-1,-1,-1
93,2053,637.75,491.92,97.58,88.89,0.88,-1,-1,-1
93,2054,922.28,281.13,25.93,23.65,0.68,-1,-1,-1
93,2056,285.98,581.73,33.83,76.02,0.67,-1,-1,-1
93,2057,909.68,310.23,29.77,29.77,0.80,-1,-1,-1
93,2058,1430.04,776.03,48.62,79.86,0.45,-1,-1,-1
93,2037,982.57,369.46,39.62,42.42,0.65,-1,-1,-1
93,2061,956.70,420.49,52.17,49.95,0.77,-1,-1,-1
93,2065,1057.19,556.04,97.60,89.32,0.82,-1,-1,-1
93,2066,970.60,248.85,19.98,21.54,0.56,-1,-1,-1
93,2067,1405.12,799.07,77.05,88.33,0.63,-1,-1,-1
93,2055,351.30,548.06,24.05,46.99,0.58,-1,-1,-1
93,2070,317.79,531.56,24.86,59.09,0.51,-1,-1,-1
93,2071,1542.49,994.93,161.93,75.57,0.73,-1,-1,-1
93,2072,178.26,564.98,32.25,74.76,0.59,-1,-1,-1
94,2031,965.79,331.94,35.63,34.59,0.72,-1,-1,-1
94,2034,13.08,744.27,216.96,155.00,0.77,-1,-1,-1
94,2035,698.97,559.31,104.26,92.01,0.92,-1,-1,-1
94,2039,804.22,603.27,53.64,88.68,0.73,-1,-1,-1
94,2053,637.80,493.39,96.48,87.81,0.89,-1,-1,-1
94,2054,922.51,282.18,25.71,23.45,0.66,-1,-1,-1
94,2056,289.94,582.32,33.32,75.30,0.67,-1,-1,-1
94,2057,909.67,311.91,29.31,29.26,0.79,-1,-1,-1
94,2058,1420.27,778.31,47.92,79.08,0.46,-1,-1,-1
94,2037,982.43,367.49,40.34,43.22,0.56,-1,-1,-1
94,2061,957.61,417.57,50.43,48.07,0.78,-1,-1,-1
94,2065,1056.56,551.32,93.87,85.97,0.80,-1,-1,-1
94,2066,970.65,248.49,20.17,21.85,0.62,-1,-1,-1
94,2067,1394.98,801.55,76.76,86.66,0.67,-1,-1,-1
94,2055,350.60,549.94,23.55,45.79,0.46,-1,-1,-1
94,2070,316.81,531.51,25.08,59.69,0.45,-1,-1,-1
94,2071,1524.64,992.51,165.00,77.70,0.70,-1,-1,-1
94,2072,178.74,567.06,31.50,73.36,0.61,-1,-1,-1
95,2031,965.79,329.20,36.68,35.73,0.73,-1,-1,-1
95,2034,1.03,747.65,217.51,154.98,0.51,-1,-1,-1
95,2035,699.67,558.45,104.29,92.21,0.91,-1,-1,-1
95,2039,805.31,602.50,53.72,88.77,0.82,-1,-1,-1
95,2053,636.19,494.77,96.96,88.35,0.88,-1,-1,-1
95,2054,922.05,282.38,26.47,24.24,0.66,-1,-1,-1
95,2056,293.01,582.10,33.55,75.70,0.68,-1,-1,-1
95,2057,909.31,312.78,29.51,29.44,0.79,-1,-1,-1
95,2058,1413.43,780.42,43.47,72.73,0.45,-1,-1,-1
95,2037,983.54,366.38,39.09,41.83,0.66,-1,-1,-1
95,2061,957.70,413.90,50.58,48.09,0.79,-1,-1,-1
95,2065,1055.52,545.45,92.60,84.99,0.83,-1,-1,-1
95,2066,971.32,248.75,19.36,21.00,0.64,-1,-1,-1
95,2067,1383.01,802.33,78.93,87.89,0.66,-1,-1,-1
95,2055,348.67,550.46,23.83,46.08,0.34,-1,-1,-1
95,2070,314.44,531.32,25.27,59.65,0.32,-1,-1,-1
95,2071,1509.58,993.50,161.64,76.76,0.72,-1,-1,-1
95,2072,179.41,567.47,30.59,71.56,0.63,-1,-1,-1
96,2031,966.69,328.38,35.84,35.04,0.76,-1,-1,-1
96,2034,0.00,747.16,207.24,158.73,0.24,-1,-1,-1
96,2035,700.68,558.31,103.53,91.59,0.92,-1,-1,-1
96,2039,805.83,601.56,53.99,89.29,0.85,-1,-1,-1
96,2053,633.94,496.23,98.95,90.37,0.90,-1,-1,-1
96,2054,921.95,282.87,26.76,24.68,0.69,-1,-1,-1
96,2056,296.94,586.06,31.83,71.82,0.62,-1,-1,-1
96,2057,909.15,313.75,29.62,29.49,0.79,-1,-1,-1
96,2058,1398.99,782.13,48.19,80.04,0.44,-1,-1,-1
96,2037,984.37,364.85,38.19,40.74,0.70,-1,-1,-1
96,2061,958.26,410.47,50.60,48.02,0.81,-1,-1,-1
96,2065,1054.72,539.83,90.78,83.55,0.81,-1,-1,-1
96,2066,971.95,248.94,18.79,20.42,0.64,-1,-1,-1
96,2067,1372.40,804.49,79.26,86.89,0.67,-1,-1,-1
96,2055,346.72,550.23,23.49,46.07,0.37,-1,-1,-1
96,2070,313.10,531.06,24.85,58.63,0.26,-1,-1,-1
96,2071,1489.46,990.14,166.83,80.25,0.82,-1,-1,-1
96,2072,179.45,568.06,30.29,71.28,0.67,-1,-1,-1
97,2031,967.24,327.40,35.50,34.86,0.68,-1,-1,-1
97,2034,0.00,737.65,204.45,174.06,0.76,-1,-1,-1
97,2035,701.96,558.38,102.34,90.47,0.91,-1,-1,-1
97,2039,807.57,601.39,53.48,88.14,0.83,-1,-1,-1
97,2053,632.37,497.80,99.78,91.21,0.90,-1,-1,-1
97,2054,922.32,284.54,26.10,24.04,0.62,-1,-1,-1
97,2056,300.58,586.00,31.81,71.79,0.58,-1,-1,-1
97,2057,908.53,313.68,30.32,30.28,0.79,-1,-1,-1
97,2058,1393.77,782.70,41.37,67.47,0.45,-1,-1,-1
97,2037,984.70,362.00,38.03,40.45,0.58,-1,-1,-1
97,2061,959.49,407.45,50.17,47.58,0.77,-1,-1,-1
97,2065,1053.73,533.92,90.45,83.84,0.83,-1,-1,-1
97,2066,972.31,249.18,18.40,19.95,0.59,-1,-1,-1
97,2067,1358.56,805.65,81.47,88.10,0.54,-1,-1,-1
97,2055,344.30,550.63,23.31,46.19,0.52,-1,-1,-1
97,2070,313.61,532.71,24.61,58.29,0.28,-1,-1,-1
97,2071,1472.30,989.14,166.13,80.99,0.51,-1,-1,-1
97,2072,178.91,567.80,31.04,73.44,0.68,-1,-1,-1
98,2031,967.83,325.34,35.24,34.82,0.71,-1,-1,-1
98,2034,0.00,763.82,178.77,154.57,0.34,-1,-1,-1
98,2035,702.63,558.21,102.92,91.03,0.91,-1,-1,-1
98,2039,808.37,600.68,53.43,87.97,0.88,-1,-1,-1
98,2053,631.01,498.92,100.45,92.01,0.90,-1,-1,-1
98,2054,922.32,285.10,26.24,24.25,0.64,-1,-1,-1
98,2056,303.57,584.67,32.62,73.57,0.61,-1,-1,-1
98,2057,908.02,314.11,30.69,30.78,0.75,-1,-1,-1
98,2058,1381.86,783.55,39.11,63.98,0.43,-1,-1,-1
98,2037,984.93,360.02,37.61,39.93,0.63,-1,-1,-1
98,2061,960.31,404.55,48.86,46.15,0.78,-1,-1,-1
98,2065,1053.13,530.09,86.51,80.25,0.85,-1,-1,-1
98,2066,972.40,248.77,18.54,20.11,0.63,-1,-1,-1
98,2067,1346.44,807.32,81.45,86.53,0.60,-1,-1,-1
98,2055,342.49,551.06,22.85,45.35,0.56,-1,-1,-1
98,2070,312.95,533.77,24.24,57.47,0.33,-1,-1,-1
98,2071,1455.01,988.85,164.26,81.04,0.54,-1,-1,-1
98,2072,178.65,569.38,30.78,72.96,0.59,-1,-1,-1
99,2031,968.69,324.16,33.98,33.67,0.79,-1,-1,-1
99,2034,0.00,760.42,167.48,161.08,0.67,-1,-1,-1
99,2035,703.80,557.86,102.67,90.75,0.91,-1,-1,-1
99,2039,809.48,600.10,53.15,87.35,0.88,-1,-1,-1
99,2053,629.88,499.89,101.14,92.92,0.89,-1,-1,-1
99,2054,921.66,285.53,26.89,24.89,0.66,-1,-1,-1
99,2056,306.61,584.48,32.58,73.70,0.68,-1,-1,-1
99,2057,907.10,315.20,31.12,31.35,0.77,-1,-1,-1
99,2058,1370.98,785.00,39.13,63.22,0.40,-1,-1,-1
99,2037,984.80,358.32,37.67,40.09,0.51,-1,-1,-1
99,2061,960.44,401.25,49.56,46.88,0.74,-1,-1,-1
99,2065,1051.55,525.02,85.85,79.83,0.81,-1,-1,-1
99,2066,972.53,248.92,18.58,20.13,0.63,-1,-1,-1
99,2067,1332.33,807.87,83.60,87.69,0.51,-1,-1,-1
99,2055,340.18,551.04,22.93,45.28,0.49,-1,-1,-1
99,2070,311.31,535.12,23.98,56.87,0.34,-1,-1,-1
99,2071,1437.31,987.17,165.03,82.67,0.62,-1,-1,-1
99,2072,178.24,569.31,31.10,73.67,0.62,-1,-1,-1
100,2031,969.46,323.25,33.09,32.79,0.81,-1,-1,-1
100,2034,0.00,753.82,153.19,169.39,0.80,-1,-1,-1
100,2035,704.27,557.37,102.80,90.86,0.91,-1,-1,-1
100,2039,810.51,600.20,53.07,86.97,0.87,-1,-1,-1
100,2053,628.77,501.05,101.62,93.56,0.88,-1,-1,-1
100,2054,921.02,286.20,27.47,25.42,0.69,-1,-1,-1
100,2056,310.69,583.86,32.50,73.72,0.59,-1,-1,-1
100,2057,906.51,316.10,31.50,31.87,0.78,-1,-1,-1
100,2058,1358.67,786.67,37.37,61.06,0.48,-1,-1,-1
100,2037,985.18,356.61,36.79,39.08,0.51,-1,-1,-1
100,2061,961.30,398.48,49.13,46.54,0.76,-1,-1,-1
100,2065,1049.79,518.85,85.27,79.63,0.82,-1,-1,-1
100,2066,972.59,248.38,18.77,20.40,0.61,-1,-1,-1
100,2067,1319.17,809.39,83.97,86.76,0.68,-1,-1,-1
100,2055,338.59,551.63,23.25,45.60,0.45,-1,-1,-1
100,2070,309.01,532.25,25.01,59.56,0.31,-1,-1,-1
100,2071,1420.61,985.84,165.14,84.11,0.54,-1,-1,-1
100,2072,177.84,569.39,30.92,73.08,0.66,-1,-1,-1
101,2031,970.03,322.50,32.43,32.04,0.80,-1,-1,-1
101,2034,0.00,757.60,133.87,168.79,0.81,-1,-1,-1
101,2035,704.66,556.98,103.27,91.25,0.90,-1,-1,-1
101,2039,811.56,600.13,52.91,86.31,0.88,-1,-1,-1
101,2053,627.51,502.26,102.69,94.85,0.88,-1,-1,-1
101,2054,920.88,286.57,27.98,25.93,0.68,-1,-1,-1
101,2056,313.72,584.17,32.96,74.84,0.57,-1,-1,-1
101,2057,905.96,317.17,32.21,32.68,0.73,-1,-1,-1
101,2058,1344.59,788.47,43.10,71.91,0.43,-1,-1,-1
101,2037,985.83,354.83,36.31,38.49,0.54,-1,-1,-1
101,2061,962.42,395.80,48.04,45.46,0.78,-1,-1,-1
101,2065,1048.49,513.79,84.73,79.44,0.77,-1,-1,-1
101,2066,972.87,248.46,18.53,20.12,0.65,-1,-1,-1
101,2067,1304.08,809.21,87.51,89.86,0.57,-1,-1,-1
101,2055,334.59,550.99,23.92,46.43,0.24,-1,-1,-1
101,2070,305.90,532.70,24.51,58.40,0.21,-1,-1,-1
101,2071,1405.23,988.71,157.13,81.03,0.58,-1,-1,-1
101,2072,176.23,570.10,31.46,74.04,0.70,-1,-1,-1
102,2031,970.08,320.83,32.82,32.42,0.79,-1,-1,-1
102,2035,704.72,556.54,103.46,91.50,0.89,-1,-1,-1
102,2039,812.00,599.07,53.74,87.46,0.90,-1,-1,-1
102,2053,626.83,504.05,102.30,94.60,0.87,-1,-1,-1
102,2054,920.70,287.14,28.09,26.03,0.68,-1,-1,-1
102,2056,316.46,582.04,34.65,78.72,0.59,-1,-1,-1
102,2057,905.66,318.15,32.27,32.75,0.76,-1,-1,-1
102,2058,1333.86,790.35,39.40,66.53,0.48,-1,-1,-1
102,2037,986.42,353.32,35.78,37.87,0.48,-1,-1,-1
102,2061,962.85,393.44,46.85,44.25,0.76,-1,-1,-1
102,2065,1048.38,509.35,82.10,77.11,0.76,-1,-1,-1
102,2066,973.12,248.44,18.42,19.97,0.64,-1,-1,-1
102,2067,1288.87,809.32,89.52,91.05,0.64,-1,-1,-1
102,2055,331.03,549.76,25.47,49.45,0.39,-1,-1,-1
102,2070,303.47,531.41,24.55,58.06,0.28,-1,-1,-1
102,2071,1386.91,985.68,160.38,84.13,0.52,-1,-1,-1
102,2072,176.43,569.65,31.67,74.43,0.68,-1,-1,-1
103,2031,970.20,319.03,33.28,32.96,0.82,-1,-1,-1
103,2035,704.42,555.65,105.29,93.48,0.88,-1,-1,-1
103,2039,811.82,598.34,54.23,88.29,0.90,-1,-1,-1
103,2053,625.62,505.23,102.51,94.84,0.86,-1,-1,-1
103,2054,920.67,287.95,28.18,26.12,0.64,-1,-1,-1
103,2056,320.58,585.04,32.70,74.27,0.60,-1,-1,-1
103,2057,905.10,319.08,32.42,32.94,0.72,-1,-1,-1
103,2037,986.42,351.74,36.05,38.05,0.58,-1,-1,-1
103,2061,963.46,391.11,46.48,43.80,0.76,-1,-1,-1
103,2065,1046.71,503.90,80.41,75.69,0.79,-1,-1,-1
103,2066,973.42,248.29,18.49,19.96,0.53,-1,-1,-1
103,2067,1277.12,812.59,87.14,87.14,0.68,-1,-1,-1
103,2055,328.89,549.97,27.12,53.23,0.44,-1,-1,-1
103,2070,299.57,533.16,25.48,59.00,0.22,-1,-1,-1
103,2071,1370.35,986.11,157.21,83.70,0.59,-1,-1,-1
103,2072,176.14,570.99,32.06,75.45,0.72,-1,-1,-1
104,2031,970.07,317.23,33.80,33.62,0.79,-1,-1,-1
104,2035,705.42,555.31,105.47,93.83,0.87,-1,-1,-1
104,2039,812.76,598.17,54.19,87.83,0.88,-1,-1,-1
104,2053,624.32,505.82,104.19,96.72,0.85,-1,-1,-1
104,2054,920.55,288.87,28.02,25.91,0.65,-1,-1,-1
104,2056,323.78,584.21,33.02,75.27,0.60,-1,-1,-1
104,2057,904.45,320.16,32.85,33.40,0.73,-1,-1,-1
104,2037,986.55,349.89,36.62,38.64,0.52,-1,-1,-1
104,2061,964.10,388.50,45.83,43.15,0.79,-1,-1,-1
104,2065,1046.32,500.25,78.78,74.37,0.77,-1,-1,-1
104,2066,973.96,248.74,18.07,19.38,0.46,-1,-1,-1
104,2067,1261.11,813.71,89.74,88.78,0.69,-1,-1,-1
104,2055,327.38,550.49,26.73,52.80,0.41,-1,-1,-1
104,2070,296.51,535.68,26.15,59.34,0.25,-1,-1,-1
104,2071,1352.84,984.22,158.17,85.56,0.71,-1,-1,-1
104,2072,176.21,572.08,32.11,75.98,0.72,-1,-1,-1
105,2031,970.84,316.30,33.00,32.80,0.74,-1,-1,-1
105,2035,706.38,555.18,105.08,93.67,0.87,-1,-1,-1
105,2039,812.65,598.48,54.45,88.23,0.87,-1,-1,-1
105,2053,623.81,506.74,104.33,97.03,0.85,-1,-1,-1
105,2054,920.24,289.57,28.30,26.11,0.66,-1,-1,-1
105,2056,326.70,584.29,33.64,76.90,0.68,-1,-1,-1
105,2057,904.05,321.91,32.58,32.98,0.73,-1,-1,-1
105,2037,986.71,348.50,36.61,38.63,0.53,-1,-1,-1
105,2061,965.09,386.01,45.40,42.86,0.76,-1,-1,-1
105,2065,1046.26,496.63,76.89,72.72,0.81,-1,-1,-1
105,2066,973.15,247.49,19.07,20.41,0.44,-1,-1,-1
105,2067,1245.21,814.56,93.77,92.06,0.70,-1,-1,-1
105,2055,325.09,552.21,27.56,54.85,0.41,-1,-1,-1
105,2070,293.67,536.04,26.54,60.07,0.25,-1,-1,-1
105,2071,1335.29,984.77,155.20,85.05,0.34,-1,-1,-1
105,2072,177.04,573.20,32.03,76.31,0.72,-1,-1,-1
106,2031,971.50,315.99,32.13,31.89,0.75,-1,-1,-1
106,2035,706.88,555.04,105.13,93.93,0.87,-1,-1,-1
106,2039,813.03,599.28,53.79,87.11,0.87,-1,-1,-1
106,2053,622.96,507.39,103.69,96.36,0.86,-1,-1,-1
106,2054,920.35,290.63,27.85,25.58,0.70,-1,-1,-1
106,2056,329.43,583.56,34.09,78.51,0.63,-1,-1,-1
106,2057,903.94,323.08,32.39,32.67,0.73,-1,-1,-1
106,2037,987.34,347.75,35.53,37.41,0.60,-1,-1,-1
106,2061,965.28,383.69,44.83,42.31,0.79,-1,-1,-1
106,2065,1045.88,491.81,75.92,72.01,0.75,-1,-1,-1
106,2066,973.55,247.98,18.51,19.72,0.47,-1,-1,-1
106,2067,1230.97,818.93,93.60,90.97,0.84,-1,-1,-1
106,2055,324.44,553.70,26.39,52.70,0.43,-1,-1,-1
106,2070,293.04,535.53,27.12,61.13,0.28,-1,-1,-1
106,2071,1316.59,982.13,156.70,87.31,0.47,-1,-1,-1
106,2072,178.00,574.85,31.95,76.45,0.70,-1,-1,-1
106,2060,284.91,561.29,35.57,37.94,0.53,-1,-1,-1
107,2031,972.02,315.27,31.61,31.20,0.72,-1,-1,-1
107,2035,707.35,554.79,105.35,94.32,0.87,-1,-1,-1
107,2039,813.55,599.21,53.61,86.69,0.88,-1,-1,-1
107,2053,622.41,508.01,103.50,96.04,0.85,-1,-1,-1
107,2054,920.05,291.55,28.09,25.76,0.68,-1,-1,-1
107,2056,332.99,582.59,34.39,80.01,0.60,-1,-1,-1
107,2057,903.78,324.59,32.07,32.10,0.76,-1,-1,-1
107,2037,988.23,346.47,34.84,36.72,0.57,-1,-1,-1
107,2061,965.13,381.14,44.74,42.27,0.74,-1,-1,-1
107,2065,1045.64,488.21,74.71,70.85,0.79,-1,-1,-1
107,2066,973.80,247.92,18.52,19.74,0.49,-1,-1,-1
107,2067,1212.98,817.83,97.31,94.19,0.79,-1,-1,-1
107,2055,325.07,553.83,24.12,48.45,0.35,-1,-1,-1
107,2070,293.38,534.92,26.34,58.57,0.21,-1,-1,-1
107,2071,1297.69,980.11,157.99,89.56,0.66,-1,-1,-1
107,2072,179.81,574.94,32.36,76.83,0.67,-1,-1,-1
107,2060,283.08,562.87,36.77,37.56,0.54,-1,-1,-1
108,2031,972.31,313.88,31.43,30.84,0.74,-1,-1,-1
108,2035,708.23,554.68,104.99,94.13,0.87,-1,-1,-1
108,2039,813.80,598.80,53.74,86.79,0.88,-1,-1,-1
108,2053,621.42,508.90,103.46,95.83,0.84,-1,-1,-1
108,2054,919.51,291.72,28.83,26.46,0.69,-1,-1,-1
108,2056,336.22,582.31,34.09,80.19,0.65,-1,-1,-1
108,2057,902.51,325.33,33.43,33.28,0.79,-1,-1,-1
108,2037,988.66,345.35,34.57,36.55,0.56,-1,-1,-1
108,2061,965.76,378.86,44.02,41.49,0.75,-1,-1,-1
108,2065,1045.70,484.30,73.05,69.45,0.79,-1,-1,-1
108,2066,973.71,247.68,18.89,20.14,0.30,-1,-1,-1
108,2067,1198.03,821.38,97.35,93.61,0.77,-1,-1,-1
108,2055,323.14,553.96,24.17,49.00,0.41,-1,-1,-1
108,2070,291.77,534.41,26.97,59.62,0.20,-1,-1,-1
108,2071,1278.17,979.82,156.75,90.14,0.87,-1,-1,-1
108,2072,181.75,575.31,32.27,76.58,0.67,-1,-1,-1
108,2060,280.32,564.35,37.96,37.91,0.46,-1,-1,-1
109,2031,972.15,312.44,31.63,31.09,0.76,-1,-1,-1
109,2035,708.96,554.71,104.60,93.92,0.87,-1,-1,-1
109,2039,813.75,597.75,54.19,87.75,0.90,-1,-1,-1
109,2053,620.53,509.66,103.23,95.47,0.84,-1,-1,-1
109,2054,919.44,292.51,28.78,26.40,0.67,-1,-1,-1
109,2056,339.06,582.36,33.65,79.54,0.67,-1,-1,-1
109,2057,901.66,326.37,34.28,34.01,0.78,-1,-1,-1
109,2037,989.01,343.31,34.29,36.41,0.72,-1,-1,-1
109,2061,965.75,376.01,44.35,41.92,0.75,-1,-1,-1
109,2065,1043.93,478.53,73.19,69.93,0.79,-1,-1,-1
109,2066,974.28,246.96,18.92,20.21,0.50,-1,-1,-1
109,2067,1184.14,824.75,94.52,89.74,0.89,-1,-1,-1
109,2055,322.65,554.43,23.62,48.70,0.48,-1,-1,-1
109,2070,290.83,537.18,27.11,60.09,0.31,-1,-1,-1
109,2071,1259.02,977.69,157.77,92.29,0.75,-1,-1,-1
109,2072,183.28,575.02,33.08,77.48,0.59,-1,-1,-1
109,2060,281.83,563.61,41.27,40.07,0.42,-1,-1,-1
110,2031,972.45,311.52,31.40,30.88,0.76,-1,-1,-1
110,2035,709.55,554.65,104.55,93.94,0.87,-1,-1,-1
110,2039,813.83,597.03,54.73,88.78,0.91,-1,-1,-1
110,2053,620.78,511.47,102.47,94.62,0.84,-1,-1,-1
110,2054,918.93,292.71,29.25,26.96,0.60,-1,-1,-1
110,2056,342.06,583.42,33.80,80.17,0.63,-1,-1,-1
110,2057,901.10,327.35,34.90,34.60,0.78,-1,-1,-1
110,2037,989.41,341.66,33.71,35.85,0.53,-1,-1,-1
110,2061,966.06,374.23,43.92,41.55,0.76,-1,-1,-1
110,2065,1043.29,475.11,71.49,68.55,0.84,-1,-1,-1
110,2066,974.60,247.07,18.88,20.20,0.45,-1,-1,-1
110,2067,1166.82,824.97,95.61,89.79,0.61,-1,-1,-1
110,2055,322.64,555.71,22.72,47.52,0.42,-1,-1,-1
110,2070,291.25,537.42,25.77,57.11,0.21,-1,-1,-1
110,2071,1240.90,977.36,155.75,92.46,0.61,-1,-1,-1
110,2072,184.71,576.33,34.02,79.01,0.62,-1,-1,-1
110,2060,280.67,565.77,40.04,37.79,0.44,-1,-1,-1
110,2073,1323.46,424.32,24.91,52.02,0.55,-1,-1,-1
110,2074,242.18,580.36,31.25,75.82,0.52,-1,-1,-1
111,2031,972.70,310.37,31.40,30.84,0.75,-1,-1,-1
111,2035,709.69,554.48,104.68,94.17,0.87,-1,-1,-1
111,2039,814.02,596.95,54.67,88.81,0.91,-1,-1,-1
111,2053,619.92,512.43,102.82,94.84,0.84,-1,-1,-1
111,2054,918.61,293.95,29.13,26.86,0.66,-1,-1,-1
111,2056,345.88,583.00,34.39,81.19,0.70,-1,-1,-1
111,2057,900.43,328.08,35.26,35.07,0.79,-1,-1,-1
111,2037,990.07,339.54,32.79,34.85,0.64,-1,-1,-1
111,2061,966.09,372.30,43.22,40.91,0.78,-1,-1,-1
111,2065,1043.52,473.39,68.51,65.63,0.77,-1,-1,-1
111,2066,974.39,246.77,19.09,20.45,0.44,-1,-1,-1
111,2067,1150.55,826.54,95.33,88.33,0.83,-1,-1,-1
111,2055,319.59,557.35,22.63,46.89,0.39,-1,-1,-1
111,2070,290.12,538.48,26.49,58.81,0.34,-1,-1,-1
111,2071,1221.19,976.42,155.19,93.61,0.65,-1,-1,-1
111,2072,185.77,578.04,34.15,78.52,0.61,-1,-1,-1
111,2060,276.05,562.91,43.96,41.72,0.22,-1,-1,-1
111,2073,1324.13,424.55,24.86,51.87,0.58,-1,-1,-1
111,2074,244.41,580.81,31.90,77.42,0.50,-1,-1,-1
112,2031,972.55,308.68,31.79,31.23,0.70,-1,-1,-1
112,2035,710.12,554.52,104.39,94.00,0.87,-1,-1,-1
112,2039,814.20,596.92,54.75,89.01,0.92,-1,-1,-1
112,2053,619.16,513.05,103.32,95.17,0.84,-1,-1,-1
112,2054,917.97,295.05,29.11,26.86,0.64,-1,-1,-1
112,2056,348.72,584.04,34.45,80.87,0.72,-1,-1,-1
112,2057,900.08,329.29,35.46,35.33,0.80,-1,-1,-1
112,2037,990.25,337.85,32.59,34.60,0.43,-1,-1,-1
112,2061,966.10,370.29,42.81,40.64,0.76,-1,-1,-1
112,2065,1041.12,468.89,69.18,66.40,0.79,-1,-1,-1
112,2066,974.46,246.92,18.92,20.24,0.46,-1,-1,-1
112,2067,1134.72,826.69,94.55,86.68,0.87,-1,-1,-1
112,2055,315.58,558.21,22.84,47.26,0.37,-1,-1,-1
112,2070,289.80,538.86,25.90,57.83,0.29,-1,-1,-1
112,2071,1202.75,977.64,150.92,92.12,0.23,-1,-1,-1
112,2072,187.20,580.74,33.92,77.67,0.58,-1,-1,-1
112,2073,1325.70,424.76,24.81,51.73,0.57,-1,-1,-1
112,2074,251.86,601.37,23.51,56.41,0.64,-1,-1,-1
113,2031,972.39,307.18,31.85,31.24,0.72,-1,-1,-1
113,2035,710.16,554.23,104.63,94.36,0.87,-1,-1,-1
113,2039,814.05,596.97,54.61,89.01,0.93,-1,-1,-1
113,2053,618.33,513.36,103.79,95.42,0.85,-1,-1,-1
113,2054,917.25,295.21,29.80,27.59,0.72,-1,-1,-1
113,2056,351.51,583.89,34.69,81.54,0.72,-1,-1,-1
113,2057,899.48,330.76,35.60,35.38,0.77,-1,-1,-1
113,2037,990.44,336.61,32.15,34.17,0.45,-1,-1,-1
113,2061,965.91,368.60,42.09,39.91,0.76,-1,-1,-1
113,2065,1041.75,465.04,66.90,64.31,0.78,-1,-1,-1
113,2066,974.02,246.14,19.56,21.00,0.46,-1,-1,-1
113,2067,1114.90,827.86,97.42,88.59,0.82,-1,-1,-1
113,2055,311.96,557.95,24.13,50.07,0.37,-1,-1,-1
113,2070,288.73,536.58,26.88,60.24,0.30,-1,-1,-1
113,2071,1182.74,975.74,146.88,91.03,0.39,-1,-1,-1
113,2072,188.76,580.02,34.41,78.45,0.54,-1,-1,-1
113,2073,1325.86,425.85,24.93,51.89,0.52,-1,-1,-1
113,2074,255.73,605.93,21.61,51.50,0.55,-1,-1,-1
113,2060,265.44,560.99,57.29,51.52,0.54,-1,-1,-1
114,2031,972.60,306.15,31.63,31.03,0.76,-1,-1,-1
114,2035,710.26,554.19,104.59,94.39,0.87,-1,-1,-1
114,2039,814.20,596.95,54.39,88.69,0.93,-1,-1,-1
114,2053,617.18,513.82,104.52,96.02,0.85,-1,-1,-1
114,2054,916.60,296.00,29.65,27.43,0.73,-1,-1,-1
114,2056,354.80,583.66,34.71,81.44,0.71,-1,-1,-1
114,2057,899.07,332.08,35.66,35.40,0.79,-1,-1,-1
114,2037,990.70,335.60,31.72,33.71,0.23,-1,-1,-1
114,2061,966.06,366.53,41.58,39.37,0.78,-1,-1,-1
114,2065,1040.96,461.89,66.34,63.90,0.82,-1,-1,-1
114,2066,974.16,245.99,19.47,20.94,0.57,-1,-1,-1
114,2067,1096.78,829.57,98.07,87.93,0.76,-1,-1,-1
114,2055,311.51,558.97,23.87,49.83,0.60,-1,-1,-1
114,2070,289.09,536.98,27.18,61.33,0.39,-1,-1,-1
114,2071,1158.69,976.47,146.77,92.76,0.12,-1,-1,-1
114,2072,190.85,581.38,33.67,76.71,0.56,-1,-1,-1
114,2073,1326.42,426.57,24.66,51.16,0.56,-1,-1,-1
114,2074,257.84,604.92,22.29,52.73,0.40,-1,-1,-1
114,2060,259.77,564.47,54.75,48.50,0.32,-1,-1,-1
115,2031,972.77,305.42,31.47,30.84,0.72,-1,-1,-1
115,2035,710.04,554.01,104.80,94.69,0.86,-1,-1,-1
115,2039,814.31,596.78,54.32,88.65,0.93,-1,-1,-1
115,2053,616.01,514.22,105.46,96.90,0.84,-1,-1,-1
115,2054,915.71,296.98,29.77,27.42,0.73,-1,-1,-1
115,2056,357.99,585.69,34.35,80.03,0.69,-1,-1,-1
115,2057,898.41,333.39,35.71,35.29,0.79,-1,-1,-1
115,2037,990.68,333.95,32.36,34.54,0.42,-1,-1,-1
115,2061,966.20,364.00,41.83,39.68,0.77,-1,-1,-1
115,2065,1038.60,456.92,67.11,64.84,0.75,-1,-1,-1
115,2066,974.09,245.82,19.68,21.20,0.50,-1,-1,-1
115,2067,1077.85,830.95,99.40,87.95,0.78,-1,-1,-1
115,2055,309.09,558.73,24.88,52.01,0.41,-1,-1,-1
115,2070,288.88,537.22,26.55,59.83,0.44,-1,-1,-1
115,2071,1138.46,979.54,139.40,89.78,0.39,-1,-1,-1
115,2072,193.55,580.77,34.03,77.58,0.62,-1,-1,-1
115,2073,1326.90,426.92,24.83,51.36,0.62,-1,-1,-1
115,2074,259.76,606.75,23.13,54.28,0.43,-1,-1,-1
115,2060,261.20,565.78,57.08,48.97,0.44,-1,-1,-1
116,2031,973.03,304.59,31.24,30.60,0.73,-1,-1,-1
116,2035,710.06,553.82,104.75,94.76,0.87,-1,-1,-1
116,2039,814.50,596.61,54.14,88.24,0.92,-1,-1,-1
116,2053,615.03,514.72,106.21,97.55,0.84,-1,-1,-1
116,2054,914.92,298.19,29.70,27.17,0.71,-1,-1,-1
116,2056,360.37,586.16,33.79,78.47,0.70,-1,-1,-1
116,2057,897.73,334.82,36.10,35.55,0.76,-1,-1,-1
116,2037,990.52,332.64,32.65,35.04,0.44,-1,-1,-1
116,2061,966.33,362.33,41.42,39.31,0.77,-1,-1,-1
116,2065,1038.66,454.67,63.92,61.59,0.78,-1,-1,-1
116,2066,974.51,245.49,19.63,21.24,0.46,-1,-1,-1
116,2067,1059.30,832.06,100.64,88.35,0.63,-1,-1,-1
116,2055,306.75,559.21,24.40,51.26,0.40,-1,-1,-1
116,2070,286.58,537.71,27.24,61.33,0.26,-1,-1,-1
116,2071,1117.22,975.55,145.16,94.60,0.55,-1,-1,-1
116,2072,196.16,582.69,33.61,76.24,0.62,-1,-1,-1
116,2073,1327.54,426.99,24.99,51.61,0.58,-1,-1,-1
116,2074,261.23,603.02,25.63,60.05,0.41,-1,-1,-1
116,2060,263.31,568.45,56.37,46.91,0.28,-1,-1,-1
117,2031,973.75,304.09,30.50,29.73,0.68,-1,-1,-1
117,2035,710.29,553.94,104.48,94.55,0.86,-1,-1,-1
117,2039,814.50,596.41,54.07,88.06,0.92,-1,-1,-1
117,2053,613.55,514.81,108.27,99.70,0.86,-1,-1,-1
117,2054,914.41,299.41,29.50,26.84,0.73,-1,-1,-1
117,2056,363.28,586.71,34.04,78.21,0.59,-1,-1,-1
117,2057,896.98,336.57,36.24,35.62,0.79,-1,-1,-1
117,2037,990.09,331.16,32.88,35.36,0.38,-1,-1,-1
117,2061,966.34,360.72,41.05,39.05,0.78,-1,-1,-1
117,2065,1037.58,451.33,63.64,61.24,0.78,-1,-1,-1
117,2066,974.91,246.23,19.10,20.74,0.36,-1,-1,-1
117,2067,1040.67,832.67,101.02,88.22,0.82,-1,-1,-1
117,2055,305.78,562.12,23.16,48.76,0.44,-1,-1,-1
117,2070,281.77,540.45,27.95,61.21,0.21,-1,-1,-1
117,2071,1091.38,975.00,142.52,95.11,0.58,-1,-1,-1
117,2072,199.68,585.41,33.45,74.99,0.53,-1,-1,-1
117,2073,1327.22,426.93,25.87,53.49,0.58,-1,-1,-1
117,2074,264.56,610.50,23.66,54.89,0.48,-1,-1,-1
117,2060,263.19,571.38,56.23,46.67,0.24,-1,-1,-1
118,2031,973.94,303.14,30.36,29.51,0.67,-1,-1,-1
118,2035,710.18,553.76,104.75,94.85,0.86,-1,-1,-1
118,2039,814.58,596.14,54.11,87.98,0.92,-1,-1,-1
118,2053,613.75,515.36,107.11,98.59,0.83,-1,-1,-1
118,2054,913.95,300.61,29.35,26.53,0.71,-1,-1,-1
118,2056,365.05,587.14,34.23,78.09,0.56,-1,-1,-1
118,2057,896.13,337.40,37.10,36.59,0.76,-1,-1,-1
118,2037,989.88,329.75,33.37,35.95,0.38,-1,-1,-1
118,2061,966.32,359.41,40.39,38.52,0.77,-1,-1,-1
118,2065,1036.56,448.05,63.54,61.30,0.78,-1,-1,-1
118,2066,975.37,246.46,18.91,20.65,0.30,-1,-1,-1
118,2067,1022.81,834.67,100.49,86.65,0.68,-1,-1,-1
118,2055,304.29,561.66,23.12,49.16,0.49,-1,-1,-1
118,2070,279.56,540.17,28.25,61.23,0.26,-1,-1,-1
118,2071,1068.09,976.41,136.12,93.31,0.35,-1,-1,-1
118,2072,201.92,584.25,34.90,77.92,0.59,-1,-1,-1
118,2073,1328.32,426.64,25.72,53.34,0.61,-1,-1,-1
118,2074,267.72,612.77,22.83,52.52,0.55,-1,-1,-1
118,2060,261.06,569.04,56.64,47.53,0.28,-1,-1,-1
119,2031,973.86,302.50,30.14,29.23,0.73,-1,-1,-1
119,2035,710.10,553.67,105.00,95.16,0.86,-1,-1,-1
119,2039,814.47,596.04,54.17,88.03,0.92,-1,-1,-1
119,2053,612.75,515.65,108.18,99.85,0.84,-1,-1,-1
119,2054,913.67,301.77,29.06,26.06,0.72,-1,-1,-1
119,2056,367.59,587.25,34.68,79.23,0.63,-1,-1,-1
119,2057,895.90,338.41,37.11,36.68,0.81,-1,-1,-1
119,2037,990.27,328.85,32.76,35.31,0.31,-1,-1,-1
119,2061,966.49,357.50,39.92,38.12,0.77,-1,-1,-1
119,2065,1035.32,443.09,64.27,62.44,0.80,-1,-1,-1
119,2066,976.14,246.65,18.26,20.00,0.36,-1,-1,-1
119,2067,1003.06,836.41,101.56,86.87,0.71,-1,-1,-1
119,2055,302.80,561.14,23.11,49.71,0.23,-1,-1,-1
119,2070,273.07,545.62,30.14,63.58,0.23,-1,-1,-1
119,2071,1046.79,977.63,131.30,92.03,0.44,-1,-1,-1
119,2072,204.37,583.95,35.17,78.17,0.69,-1,-1,-1
119,2073,1330.33,427.70,24.65,51.02,0.59,-1,-1,-1
119,2074,271.09,615.39,21.83,49.46,0.52,-1,-1,-1
119,2060,265.07,572.92,53.63,44.12,0.56,-1,-1,-1
120,2031,974.26,301.74,29.69,28.83,0.72,-1,-1,-1
120,2035,710.13,553.50,105.24,95.51,0.86,-1,-1,-1
120,2039,814.57,595.76,54.14,87.77,0.91,-1,-1,-1
120,2053,612.51,515.99,108.27,100.10,0.87,-1,-1,-1
120,2054,912.96,302.71,29.43,26.28,0.79,-1,-1,-1
120,2056,370.18,586.95,34.75,79.84,0.66,-1,-1,-1
120,2057,895.32,339.21,37.49,37.13,0.82,-1,-1,-1
120,2037,991.23,327.80,31.26,33.73,0.25,-1,-1,-1
120,2061,967.04,355.44,38.98,37.12,0.83,-1,-1,-1
120,2065,1034.32,439.89,62.89,61.19,0.79,-1,-1,-1
120,2066,976.28,246.71,18.18,19.97,0.40,-1,-1,-1
120,2067,982.58,835.37,103.89,88.18,0.71,-1,-1,-1
120,2055,296.53,552.34,27.18,58.88,0.16,-1,-1,-1
120,2070,273.25,547.26,29.17,61.89,0.26,-1,-1,-1
120,2071,1032.70,978.29,131.00,91.95,0.35,-1,-1,-1
120,2072,207.70,585.01,34.69,77.02,0.75,-1,-1,-1
120,2073,1331.11,428.34,24.49,50.69,0.59,-1,-1,-1
120,2074,272.42,614.51,22.34,49.75,0.42,-1,-1,-1
120,2060,262.07,569.07,58.17,47.48,0.45,-1,-1,-1
120,2076,986.87,837.47,99.86,83.45,0.60,-1,-1,-1
121,2031,974.38,300.55,29.65,28.83,0.70,-1,-1,-1
121,2035,710.95,553.22,104.31,94.66,0.87,-1,-1,-1
121,2039,814.98,596.39,54.09,87.67,0.92,-1,-1,-1
121,2053,612.71,515.87,107.79,99.83,0.87,-1,-1,-1
121,2054,912.22,303.36,29.92,26.51,0.77,-1,-1,-1
121,2056,372.69,587.25,35.08,81.18,0.71,-1,-1,-1
121,2057,895.03,340.95,37.20,36.90,0.79,-1,-1,-1
121,2037,991.46,326.27,31.19,33.69,0.33,-1,-1,-1
121,2061,967.41,353.70,38.74,36.99,0.84,-1,-1,-1
121,2065,1034.78,438.20,60.97,59.34,0.78,-1,-1,-1
121,2066,976.37,245.68,18.50,20.35,0.38,-1,-1,-1
121,2067,961.32,834.60,109.31,93.19,0.61,-1,-1,-1
121,2055,298.94,559.66,24.55,53.27,0.23,-1,-1,-1
121,2070,273.45,547.61,28.98,61.63,0.25,-1,-1,-1
121,2071,1007.67,976.14,131.58,94.30,0.25,-1,-1,-1
121,2072,211.02,586.03,35.06,77.88,0.70,-1,-1,-1
121,2073,1332.69,429.22,24.19,50.10,0.61,-1,-1,-1
121,2074,276.29,614.77,22.86,49.78,0.41,-1,-1,-1
121,2060,260.00,567.56,60.53,48.91,0.40,-1,-1,-1
121,2076,966.76,836.05,105.72,88.38,0.51,-1,-1,-1
122,2031,978.23,299.98,29.18,28.39,0.70,-1,-1,-1
122,2035,713.92,552.59,104.55,94.86,0.87,-1,-1,-1
122,2039,819.12,595.73,53.68,86.98,0.94,-1,-1,-1
122,2053,615.12,515.63,108.35,100.52,0.87,-1,-1,-1
122,2054,913.28,303.96,31.76,27.93,0.68,-1,-1,-1
122,2056,379.39,587.53,34.43,79.96,0.74,-1,-1,-1
122,2057,897.39,342.67,37.08,36.65,0.71,-1,-1,-1
122,2037,994.11,325.09,31.17,33.57,0.55,-1,-1,-1
122,2061,970.39,351.91,38.79,36.89,0.79,-1,-1,-1
122,2065,1038.52,435.43,59.14,57.48,0.76,-1,-1,-1
122,2066,979.63,244.51,18.52,20.48,0.21,-1,-1,-1
122,2067,942.69,835.18,114.34,97.89,0.70,-1,-1,-1
122,2055,295.61,550.19,28.49,61.99,0.13,-1,-1,-1
122,2070,274.66,547.18,29.31,61.73,0.28,-1,-1,-1
122,2071,987.16,973.58,131.91,96.45,0.44,-1,-1,-1
122,2072,217.72,585.72,35.65,79.54,0.61,-1,-1,-1
122,2073,1336.79,429.63,24.53,50.82,0.56,-1,-1,-1
122,2060,261.69,566.15,60.58,48.19,0.40,-1,-1,-1
122,2076,946.76,837.18,114.09,95.49,0.59,-1,-1,-1
123,2031,984.64,298.95,28.94,28.12,0.73,-1,-1,-1
123,2035,720.91,552.61,104.89,95.49,0.90,-1,-1,-1
123,2039,826.74,595.04,54.64,88.29,0.88,-1,-1,-1
123,2053,622.40,515.41,108.10,100.59,0.91,-1,-1,-1
123,2054,918.98,304.16,33.10,29.17,0.75,-1,-1,-1
123,2056,390.70,587.28,34.67,80.34,0.72,-1,-1,-1
123,2057,903.46,343.32,37.93,37.63,0.75,-1,-1,-1
123,2037,1001.71,324.46,30.34,32.37,0.55,-1,-1,-1
123,2061,977.77,350.74,38.36,36.59,0.77,-1,-1,-1
123,2065,1045.17,432.08,58.35,56.82,0.79,-1,-1,-1
123,2067,930.47,838.52,111.93,95.77,0.53,-1,-1,-1
123,2055,289.24,547.67,28.58,61.72,0.33,-1,-1,-1
123,2071,970.97,974.44,127.42,95.45,0.49,-1,-1,-1
123,2072,228.48,586.44,35.78,79.78,0.69,-1,-1,-1
123,2073,1345.14,430.27,24.44,50.61,0.62,-1,-1,-1
123,2060,265.89,565.09,66.61,53.07,0.37,-1,-1,-1
123,2076,932.01,837.48,115.89,97.06,0.60,-1,-1,-1
124,2031,994.46,298.30,28.89,28.02,0.71,-1,-1,-1
124,2035,731.32,552.92,103.44,94.06,0.88,-1,-1,-1
124,2039,835.02,595.00,55.16,89.02,0.90,-1,-1,-1
124,2053,633.16,515.47,107.26,99.83,0.85,-1,-1,-1
124,2054,927.28,305.05,33.93,29.87,0.74,-1,-1,-1
124,2056,403.55,587.02,34.45,79.83,0.69,-1,-1,-1
124,2057,911.34,343.99,39.44,39.25,0.77,-1,-1,-1
124,2061,987.62,349.53,38.29,36.52,0.77,-1,-1,-1
124,2065,1053.92,430.03,58.43,56.83,0.79,-1,-1,-1
124,2055,290.32,546.82,30.75,61.48,0.15,-1,-1,-1
124,2071,960.99,974.82,126.02,95.10,0.21,-1,-1,-1
124,2072,242.40,587.80,35.18,78.33,0.69,-1,-1,-1
124,2060,275.90,566.13,61.57,48.57,0.46,-1,-1,-1
124,2076,921.21,839.27,115.64,96.89,0.63,-1,-1,-1
125,2031,1005.77,298.13,28.10,27.10,0.75,-1,-1,-1
125,2035,742.92,552.71,101.72,92.45,0.89,-1,-1,-1
125,2039,847.65,594.69,55.18,88.24,0.77,-1,-1,-1
125,2053,643.76,514.91,106.88,99.64,0.90,-1,-1,-1
125,2054,937.98,306.56,33.87,29.85,0.72,-1,-1,-1
125,2056,418.12,587.15,34.65,80.42,0.73,-1,-1,-1
125,2057,921.63,345.53,39.55,39.37,0.77,-1,-1,-1
125,2061,999.14,348.52,37.38,35.66,0.79,-1,-1,-1
125,2065,1064.91,429.13,56.48,54.76,0.81,-1,-1,-1
125,2055,292.75,549.48,30.02,59.46,0.17,-1,-1,-1
125,2071,950.67,976.30,123.38,93.77,0.34,-1,-1,-1
125,2060,283.89,568.26,59.04,46.92,0.26,-1,-1,-1
125,2076,914.03,842.41,109.53,91.54,0.72,-1,-1,-1
125,2067,917.47,825.33,113.36,100.71,0.54,-1,-1,-1
126,2031,1017.65,297.61,28.28,27.20,0.72,-1,-1,-1
126,2035,754.71,552.94,101.89,92.52,0.88,-1,-1,-1
126,2039,857.64,595.02,54.57,87.23,0.88,-1,-1,-1
126,2053,656.21,515.38,106.02,98.96,0.86,-1,-1,-1
126,2054,948.73,307.60,34.08,30.05,0.71,-1,-1,-1
126,2056,432.91,586.45,34.40,79.95,0.72,-1,-1,-1
126,2057,932.80,347.77,39.48,39.07,0.73,-1,-1,-1
126,2061,1011.35,347.62,36.95,35.28,0.78,-1,-1,-1
126,2065,1076.14,426.64,56.21,54.39,0.82,-1,-1,-1
126,2071,942.82,982.01,116.60,88.20,0.43,-1,-1,-1
126,2076,903.77,844.60,110.20,91.94,0.66,-1,-1,-1
126,2067,906.23,839.53,106.60,93.43,0.39,-1,-1,-1
126,2074,282.74,586.87,33.79,74.95,0.70,-1,-1,-1
127,2031,1029.96,296.37,28.49,27.33,0.73,-1,-1,-1
127,2035,766.02,552.24,101.84,92.50,0.91,-1,-1,-1
127,2039,868.43,595.64,53.78,86.62,0.73,-1,-1,-1
127,2053,668.11,515.12,105.54,98.53,0.91,-1,-1,-1
127,2054,959.34,309.39,34.01,29.87,0.62,-1,-1,-1
127,2056,448.28,585.50,34.42,80.39,0.70,-1,-1,-1
127,2057,943.93,349.13,39.40,38.91,0.76,-1,-1,-1
127,2061,1023.09,346.40,36.49,34.71,0.74,-1,-1,-1
127,2065,1086.82,422.41,56.88,55.09,0.79,-1,-1,-1
127,2071,924.62,976.75,121.84,93.39,0.36,-1,-1,-1
127,2076,896.72,849.36,105.76,87.57,0.53,-1,-1,-1
127,2067,896.08,845.99,103.04,89.25,0.45,-1,-1,-1
127,2074,293.61,584.78,34.18,76.33,0.67,-1,-1,-1
128,2031,1041.62,295.24,29.48,28.30,0.71,-1,-1,-1
128,2035,777.60,552.75,101.78,92.33,0.88,-1,-1,-1
128,2039,879.45,594.71,54.61,88.01,0.89,-1,-1,-1
128,2053,679.66,515.14,106.11,99.21,0.87,-1,-1,-1
128,2054,969.56,310.35,34.49,30.09,0.72,-1,-1,-1
128,2056,464.82,586.58,33.37,77.25,0.70,-1,-1,-1
128,2057,954.77,350.13,40.32,39.87,0.78,-1,-1,-1
128,2061,1035.27,344.93,36.45,34.64,0.73,-1,-1,-1
128,2065,1097.47,419.82,57.36,55.70,0.81,-1,-1,-1
128,2071,912.90,988.53,105.68,81.38,0.17,-1,-1,-1
128,2076,883.77,844.47,110.68,91.67,0.45,-1,-1,-1
128,2067,883.69,843.48,106.92,92.18,0.56,-1,-1,-1
129,2031,1053.52,292.89,29.13,27.77,0.70,-1,-1,-1
129,2035,787.58,549.50,102.45,93.23,0.88,-1,-1,-1
129,2039,889.79,592.30,54.34,87.87,0.90,-1,-1,-1
129,2053,691.69,512.24,104.37,97.34,0.87,-1,-1,-1
129,2054,979.72,309.50,35.08,30.59,0.76,-1,-1,-1
129,2056,479.28,583.68,33.73,78.12,0.65,-1,-1,-1
129,2057,965.07,349.67,41.01,40.53,0.78,-1,-1,-1
129,2061,1047.31,341.21,35.96,34.18,0.79,-1,-1,-1
129,2065,1108.82,415.27,56.38,54.78,0.70,-1,-1,-1
129,2071,891.36,983.13,110.05,86.94,0.10,-1,-1,-1
129,2076,873.73,842.88,110.77,91.53,0.66,-1,-1,-1
129,2067,872.82,843.27,105.69,90.50,0.23,-1,-1,-1
130,2031,1064.39,285.61,29.74,28.34,0.74,-1,-1,-1
130,2035,797.81,542.68,103.29,94.31,0.90,-1,-1,-1
130,2039,901.94,587.16,53.88,86.92,0.61,-1,-1,-1
130,2053,701.43,507.54,104.82,97.92,0.88,-1,-1,-1
130,2054,989.20,305.10,35.74,30.97,0.78,-1,-1,-1
130,2056,494.20,578.09,33.84,78.08,0.69,-1,-1,-1
130,2057,975.61,345.74,41.39,40.86,0.80,-1,-1,-1
130,2061,1058.19,334.17,36.68,34.84,0.78,-1,-1,-1
130,2065,1119.19,407.59,56.19,54.63,0.76,-1,-1,-1
130,2071,880.73,969.73,126.16,99.54,0.47,-1,-1,-1
130,2076,862.63,837.92,109.01,89.57,0.70,-1,-1,-1
130,2067,861.03,838.86,106.02,89.84,0.17,-1,-1,-1
131,2031,1075.72,278.73,28.78,27.37,0.68,-1,-1,-1
131,2035,808.77,535.86,101.96,92.99,0.86,-1,-1,-1
131,2039,910.43,580.29,53.79,86.49,0.92,-1,-1,-1
131,2053,711.89,500.17,104.17,97.36,0.90,-1,-1,-1
131,2054,999.36,298.81,35.92,31.15,0.75,-1,-1,-1
131,2056,508.13,570.73,33.85,77.62,0.71,-1,-1,-1
131,2057,985.92,340.56,40.89,40.41,0.78,-1,-1,-1
131,2061,1069.55,325.69,35.71,33.77,0.70,-1,-1,-1
131,2065,1129.74,398.02,55.89,54.47,0.74,-1,-1,-1
131,2071,895.86,970.98,117.21,96.24,0.56,-1,-1,-1
131,2076,853.86,832.32,105.60,86.11,0.69,-1,-1,-1
131,2067,846.63,815.56,115.19,99.71,0.23,-1,-1,-1
132,2035,818.60,526.02,101.40,92.49,0.91,-1,-1,-1
132,2039,919.49,569.55,54.61,88.29,0.44,-1,-1,-1
132,2053,722.32,490.39,103.03,96.44,0.89,-1,-1,-1
132,2054,1009.14,289.88,35.60,30.61,0.70,-1,-1,-1
132,2056,521.43,559.87,34.43,78.90,0.68,-1,-1,-1
132,2057,995.61,331.60,40.60,39.99,0.81,-1,-1,-1
132,2061,1080.35,314.17,35.24,33.32,0.71,-1,-1,-1
132,2065,1141.21,386.19,53.52,52.02,0.85,-1,-1,-1
132,2071,865.51,958.33,124.11,101.80,0.27,-1,-1,-1
132,2076,839.19,821.05,108.65,88.18,0.42,-1,-1,-1
132,2067,837.21,816.22,108.14,92.26,0.59,-1,-1,-1
133,2035,829.78,514.67,99.34,90.40,0.87,-1,-1,-1
133,2039,929.18,557.24,54.31,88.02,0.90,-1,-1,-1
133,2053,733.25,478.86,102.66,96.02,0.91,-1,-1,-1
133,2054,1017.91,278.98,36.18,31.07,0.76,-1,-1,-1
133,2056,534.86,548.20,34.22,79.15,0.68,-1,-1,-1
133,2061,1091.30,301.47,34.79,32.70,0.75,-1,-1,-1
133,2065,1150.80,371.44,53.70,52.19,0.76,-1,-1,-1
133,2071,845.55,946.83,129.43,106.47,0.14,-1,-1,-1
133,2067,827.84,808.20,104.69,88.28,0.69,-1,-1,-1
133,2037,1008.25,315.65,38.28,40.10,0.80,-1,-1,-1
134,2035,839.54,507.67,99.31,90.32,0.88,-1,-1,-1
134,2039,938.66,550.41,53.63,87.03,0.94,-1,-1,-1
134,2053,741.80,471.29,103.39,96.76,0.90,-1,-1,-1
134,2054,1025.88,271.51,37.61,32.30,0.78,-1,-1,-1
134,2056,547.98,541.88,33.32,77.40,0.70,-1,-1,-1
134,2061,1101.74,292.28,35.16,32.97,0.80,-1,-1,-1
134,2065,1160.26,361.62,54.24,52.75,0.78,-1,-1,-1
134,2071,825.77,942.01,130.62,107.29,0.30,-1,-1,-1
134,2067,815.53,802.17,104.91,87.47,0.78,-1,-1,-1
134,2037,1013.62,313.46,39.73,41.21,0.80,-1,-1,-1
135,2035,847.92,505.34,100.47,91.54,0.88,-1,-1,-1
135,2039,948.75,548.30,53.56,87.20,0.73,-1,-1,-1
135,2053,751.98,468.83,103.20,96.62,0.89,-1,-1,-1
135,2054,1035.37,270.30,37.46,32.18,0.75,-1,-1,-1
135,2056,561.27,538.30,33.31,77.63,0.73,-1,-1,-1
135,2061,1112.26,288.60,35.10,32.94,0.79,-1,-1,-1
135,2065,1170.98,358.00,52.37,50.81,0.75,-1,-1,-1
135,2071,807.61,941.84,131.17,107.43,0.35,-1,-1,-1
135,2067,804.17,801.23,104.19,85.95,0.70,-1,-1,-1
135,2037,1021.20,313.44,40.50,41.78,0.81,-1,-1,-1
135,2092,1115.98,243.42,29.51,27.47,0.69,-1,-1,-1
136,2035,857.14,504.61,101.08,92.06,0.87,-1,-1,-1
136,2039,957.65,548.26,53.11,86.38,0.88,-1,-1,-1
136,2053,761.44,467.64,103.54,96.99,0.89,-1,-1,-1
136,2054,1043.73,270.96,37.37,31.95,0.79,-1,-1,-1
136,2056,574.77,537.66,33.01,77.03,0.66,-1,-1,-1
136,2061,1123.27,286.99,34.57,32.30,0.75,-1,-1,-1
136,2065,1181.24,355.11,51.23,49.62,0.75,-1,-1,-1
136,2071,816.73,941.60,123.20,106.12,0.54,-1,-1,-1
136,2067,790.24,799.36,106.35,87.00,0.77,-1,-1,-1
136,2037,1029.32,314.57,40.96,41.98,0.79,-1,-1,-1
136,2092,1126.21,242.59,29.11,27.10,0.68,-1,-1,-1
137,2035,869.01,504.57,101.56,92.57,0.89,-1,-1,-1
137,2039,970.01,548.25,53.09,86.81,0.46,-1,-1,-1
137,2053,774.38,467.45,102.51,95.93,0.89,-1,-1,-1
137,2054,1055.37,272.06,38.73,33.14,0.74,-1,-1,-1
137,2056,590.48,537.91,33.09,77.05,0.68,-1,-1,-1
137,2061,1136.26,285.24,35.34,32.89,0.73,-1,-1,-1
137,2065,1193.69,353.31,51.89,50.06,0.72,-1,-1,-1
137,2071,820.62,940.63,115.20,104.94,0.56,-1,-1,-1
137,2067,776.23,795.66,110.55,90.57,0.68,-1,-1,-1
137,2037,1040.50,315.72,42.73,43.61,0.79,-1,-1,-1
137,2092,1141.04,241.38,29.79,27.71,0.66,-1,-1,-1
138,2035,877.59,504.56,100.90,91.92,0.87,-1,-1,-1
138,2039,978.23,547.82,53.15,86.84,0.89,-1,-1,-1
138,2053,783.36,467.76,101.76,95.11,0.87,-1,-1,-1
138,2054,1062.35,273.30,38.92,33.24,0.77,-1,-1,-1
138,2056,601.84,538.25,33.34,76.99,0.64,-1,-1,-1
138,2061,1145.43,284.47,35.30,32.73,0.72,-1,-1,-1
138,2065,1201.85,351.04,52.44,50.70,0.78,-1,-1,-1
138,2071,778.92,932.39,121.77,110.60,0.59,-1,-1,-1
138,2067,765.60,799.23,106.63,86.36,0.80,-1,-1,-1
138,2037,1048.48,317.34,43.63,44.40,0.75,-1,-1,-1
138,2092,1149.38,239.78,30.63,28.53,0.66,-1,-1,-1
139,2035,886.35,502.88,100.33,91.25,0.88,-1,-1,-1
139,2039,987.24,546.28,53.02,86.42,0.91,-1,-1,-1
139,2053,791.96,465.51,102.37,95.83,0.87,-1,-1,-1
139,2054,1069.69,272.41,39.82,34.09,0.77,-1,-1,-1
139,2056,614.02,536.50,33.30,76.25,0.69,-1,-1,-1
139,2061,1155.41,281.14,35.18,32.67,0.75,-1,-1,-1
139,2065,1210.96,345.84,52.09,50.36,0.68,-1,-1,-1
139,2071,754.15,931.30,120.51,108.38,0.66,-1,-1,-1
139,2067,754.81,802.37,103.71,82.80,0.77,-1,-1,-1
139,2037,1057.53,316.59,44.04,44.77,0.79,-1,-1,-1
139,2092,1160.25,237.95,29.20,27.08,0.73,-1,-1,-1
140,2035,895.30,499.46,100.26,91.27,0.91,-1,-1,-1
140,2039,995.83,543.61,53.10,86.63,0.77,-1,-1,-1
140,2053,800.43,462.33,101.74,95.27,0.88,-1,-1,-1
140,2054,1078.16,271.25,39.61,33.90,0.75,-1,-1,-1
140,2056,626.31,532.74,33.79,77.78,0.68,-1,-1,-1
140,2061,1165.67,277.23,34.52,31.92,0.72,-1,-1,-1
140,2065,1220.54,341.92,51.18,49.21,0.74,-1,-1,-1
140,2071,734.02,927.52,121.16,108.18,0.82,-1,-1,-1
140,2067,739.64,797.27,108.12,86.08,0.85,-1,-1,-1
140,2037,1066.23,315.70,43.74,44.25,0.82,-1,-1,-1
140,2092,1169.89,234.21,29.26,27.14,0.73,-1,-1,-1
141,2035,904.49,491.98,98.75,89.68,0.86,-1,-1,-1
141,2039,1003.47,535.86,53.60,87.78,0.86,-1,-1,-1
141,2053,809.27,454.96,101.71,95.15,0.90,-1,-1,-1
141,2054,1086.26,265.75,39.31,33.58,0.77,-1,-1,-1
141,2056,639.34,524.82,33.42,77.14,0.71,-1,-1,-1
141,2061,1175.18,269.50,33.98,31.32,0.77,-1,-1,-1
141,2065,1230.07,333.29,49.78,47.82,0.76,-1,-1,-1
141,2071,714.22,913.46,123.19,109.39,0.72,-1,-1,-1
141,2067,728.13,791.23,103.78,81.58,0.84,-1,-1,-1
141,2037,1074.34,310.13,44.47,44.83,0.81,-1,-1,-1
141,2092,1179.21,225.41,29.46,27.41,0.72,-1,-1,-1
142,2035,911.70,473.93,100.38,91.27,0.89,-1,-1,-1
142,2039,1011.32,519.64,53.43,87.63,0.85,-1,-1,-1
142,2053,817.74,438.96,101.47,94.87,0.90,-1,-1,-1
142,2056,651.33,508.54,33.65,78.10,0.66,-1,-1,-1
142,2065,1239.72,315.35,48.90,46.86,0.81,-1,-1,-1
142,2071,697.92,894.80,121.62,107.15,0.70,-1,-1,-1
142,2067,713.75,771.36,105.79,82.37,0.75,-1,-1,-1
142,2037,1083.01,296.12,44.08,44.15,0.78,-1,-1,-1
142,2092,1187.10,224.82,35.28,33.00,0.17,-1,-1,-1
142,2106,1189.00,245.82,28.26,30.92,0.78,-1,-1,-1
143,2035,919.28,454.69,101.44,92.41,0.91,-1,-1,-1
143,2039,1019.39,498.80,54.43,89.63,0.61,-1,-1,-1
143,2053,825.68,419.10,101.93,95.27,0.88,-1,-1,-1
143,2056,665.11,489.23,33.41,77.30,0.73,-1,-1,-1
143,2065,1248.65,292.37,50.27,48.15,0.71,-1,-1,-1
143,2071,682.81,872.61,119.48,104.29,0.46,-1,-1,-1
143,2067,699.93,750.42,106.90,82.72,0.83,-1,-1,-1
143,2092,1195.63,223.19,34.31,31.97,0.74,-1,-1,-1
143,2054,1091.29,266.75,50.00,43.36,0.79,-1,-1,-1
144,2035,929.20,429.25,99.42,90.33,0.86,-1,-1,-1
144,2039,1027.25,473.39,53.80,88.83,0.88,-1,-1,-1
144,2053,833.86,392.63,102.01,95.29,0.88,-1,-1,-1
144,2056,675.11,463.47,33.65,77.91,0.67,-1,-1,-1
144,2071,665.61,843.56,119.31,103.17,0.67,-1,-1,-1
144,2067,679.65,716.75,118.20,92.41,0.75,-1,-1,-1
144,2113,1207.92,194.63,30.28,31.10,0.77,-1,-1,-1
144,2054,1098.34,250.71,50.50,44.01,0.80,-1,-1,-1
145,2035,936.77,400.12,99.73,90.55,0.89,-1,-1,-1
145,2039,1035.95,445.54,52.29,85.91,0.91,-1,-1,-1
145,2053,841.16,362.83,102.64,96.06,0.91,-1,-1,-1
145,2056,686.87,434.36,33.89,78.13,0.72,-1,-1,-1
145,2071,648.47,811.70,118.33,101.27,0.60,-1,-1,-1
145,2067,667.83,688.13,117.68,92.29,0.74,-1,-1,-1
146,2035,943.98,370.70,100.61,91.27,0.90,-1,-1,-1
146,2039,1043.82,415.17,52.66,87.13,0.56,-1,-1,-1
146,2053,849.16,331.36,102.36,95.87,0.86,-1,-1,-1
146,2056,696.85,404.47,33.45,77.08,0.70,-1,-1,-1
146,2071,634.46,782.97,114.94,96.92,0.68,-1,-1,-1
146,2067,657.96,658.91,113.06,88.58,0.74,-1,-1,-1
147,2035,951.92,340.44,101.68,92.13,0.89,-1,-1,-1
147,2039,1051.64,384.98,52.80,87.25,0.89,-1,-1,-1
147,2053,856.42,301.21,103.05,96.55,0.85,-1,-1,-1
147,2056,707.09,373.48,34.25,79.88,0.68,-1,-1,-1
147,2071,615.50,746.02,120.54,101.16,0.56,-1,-1,-1
147,2067,647.72,631.39,105.44,81.35,0.78,-1,-1,-1
148,2035,957.36,308.76,104.47,94.90,0.90,-1,-1,-1
148,2039,1059.23,356.80,53.25,88.04,0.69,-1,-1,-1
148,2053,863.50,270.57,104.33,97.89,0.91,-1,-1,-1
148,2056,718.05,343.29,33.90,80.28,0.64,-1,-1,-1
148,2071,598.15,719.88,118.88,98.50,0.80,-1,-1,-1
148,2067,634.26,605.73,105.91,81.17,0.81,-1,-1,-1
149,2035,965.49,295.20,104.08,94.50,0.90,-1,-1,-1
149,2039,1069.67,342.03,52.33,85.88,0.28,-1,-1,-1
149,2053,870.12,256.01,105.44,99.19,0.92,-1,-1,-1
149,2056,729.27,329.69,33.62,80.11,0.71,-1,-1,-1
149,2071,579.31,702.38,122.75,101.48,0.57,-1,-1,-1
149,2067,619.33,591.93,108.33,82.56,0.88,-1,-1,-1
149,2142,1303.16,118.92,48.95,47.89,0.72,-1,-1,-1
149,2143,1138.37,119.38,48.22,49.18,0.78,-1,-1,-1
149,2144,1145.31,72.23,42.63,36.73,0.79,-1,-1,-1
150,2035,972.78,291.20,103.60,93.94,0.86,-1,-1,-1
150,2039,1075.08,338.52,54.26,89.26,0.72,-1,-1,-1
150,2053,878.43,251.99,104.18,97.96,0.91,-1,-1,-1
150,2056,739.45,325.43,33.55,79.96,0.66,-1,-1,-1
150,2071,558.49,690.69,128.69,106.89,0.83,-1,-1,-1
150,2067,606.96,589.61,106.99,81.05,0.89,-1,-1,-1
150,2142,1310.49,116.86,48.15,47.08,0.72,-1,-1,-1
150,2143,1144.47,120.26,48.47,49.40,0.80,-1,-1,-1
150,2144,1151.28,72.16,43.44,37.44,0.80,-1,-1,-1
150,2149,20.88,507.46,120.81,76.74,0.77,-1,-1,-1
150,2150,1260.94,55.19,35.49,31.36,0.73,-1,-1,-1
150,2154,1268.60,10.88,27.46,26.32,0.71,-1,-1,-1
151,2035,981.38,289.89,103.96,94.50,0.89,-1,-1,-1
151,2039,1084.17,337.35,52.40,86.40,0.51,-1,-1,-1
151,2053,886.51,250.58,105.13,99.18,0.91,-1,-1,-1
151,2056,752.32,325.63,33.91,79.72,0.66,-1,-1,-1
151,2071,546.70,695.95,119.21,97.75,0.81,-1,-1,-1
151,2067,595.06,588.82,106.77,80.25,0.89,-1,-1,-1
151,2142,1321.37,113.87,47.74,46.65,0.76,-1,-1,-1
151,2143,1152.70,121.98,49.51,50.39,0.83,-1,-1,-1
151,2144,1159.14,73.76,43.53,37.49,0.83,-1,-1,-1
151,2149,48.39,504.94,119.44,75.94,0.90,-1,-1,-1
151,2150,1270.35,54.43,35.22,31.11,0.75,-1,-1,-1
151,2154,1277.62,10.55,26.67,25.56,0.74,-1,-1,-1
151,2156,1288.08,33.45,27.17,29.38,0.74,-1,-1,-1
152,2035,990.48,290.29,103.41,93.82,0.89,-1,-1,-1
152,2039,1092.57,337.83,53.85,88.79,0.49,-1,-1,-1
152,2053,895.16,250.52,105.00,99.03,0.92,-1,-1,-1
152,2056,764.10,326.00,33.90,79.53,0.59,-1,-1,-1
152,2071,527.28,693.15,121.90,99.84,0.76,-1,-1,-1
152,2067,580.62,588.95,108.93,81.71,0.87,-1,-1,-1
152,2142,1331.50,112.55,47.91,46.86,0.81,-1,-1,-1
152,2143,1161.46,123.60,49.71,50.50,0.80,-1,-1,-1
152,2144,1167.15,74.53,45.14,38.85,0.79,-1,-1,-1
152,2149,76.10,501.96,118.95,75.72,0.83,-1,-1,-1
152,2150,1282.00,53.22,35.05,30.94,0.73,-1,-1,-1
152,2154,1289.47,10.00,26.31,25.20,0.72,-1,-1,-1
152,2156,1297.76,32.70,27.22,29.45,0.59,-1,-1,-1
152,2159,642.46,331.40,36.21,77.69,0.57,-1,-1,-1
152,2160,556.04,309.17,24.00,52.72,0.64,-1,-1,-1
153,2035,997.96,291.49,103.02,93.32,0.86,-1,-1,-1
153,2039,1098.14,338.58,54.85,90.66,0.86,-1,-1,-1
153,2053,903.45,251.40,103.88,97.95,0.91,-1,-1,-1
153,2056,775.36,326.68,33.54,79.17,0.66,-1,-1,-1
153,2071,506.08,688.89,125.86,103.53,0.63,-1,-1,-1
153,2067,568.07,588.34,108.08,80.55,0.84,-1,-1,-1
153,2142,1340.96,111.32,45.33,44.25,0.78,-1,-1,-1
153,2143,1169.24,126.37,49.21,49.89,0.82,-1,-1,-1
153,2144,1174.46,76.14,45.31,39.01,0.79,-1,-1,-1
153,2149,102.71,501.08,115.45,73.51,0.79,-1,-1,-1
153,2150,1291.85,52.50,34.65,30.56,0.77,-1,-1,-1
153,2154,1298.70,8.91,26.76,25.58,0.66,-1,-1,-1
153,2156,1306.29,31.96,27.04,29.28,0.64,-1,-1,-1
153,2159,652.02,331.90,36.82,78.88,0.63,-1,-1,-1
153,2160,563.07,308.75,23.37,51.35,0.63,-1,-1,-1
154,2035,1004.89,292.16,103.09,93.28,0.88,-1,-1,-1
154,2039,1105.68,339.22,55.00,91.03,0.81,-1,-1,-1
154,2053,910.33,251.90,104.28,98.28,0.91,-1,-1,-1
154,2056,787.18,326.60,33.25,79.35,0.67,-1,-1,-1
154,2071,487.53,687.46,126.00,103.79,0.80,-1,-1,-1
154,2067,553.80,589.62,108.56,80.46,0.77,-1,-1,-1
154,2142,1349.38,109.25,45.20,43.99,0.82,-1,-1,-1
154,2143,1176.37,128.04,49.64,50.17,0.81,-1,-1,-1
154,2144,1182.21,78.92,44.63,38.36,0.79,-1,-1,-1
154,2149,128.09,500.81,113.03,71.96,0.78,-1,-1,-1
154,2150,1300.35,51.76,34.84,30.71,0.76,-1,-1,-1
154,2154,1307.39,8.23,27.14,25.91,0.68,-1,-1,-1
154,2156,1314.81,31.60,26.56,28.71,0.57,-1,-1,-1
154,2159,665.85,331.83,37.13,79.80,0.62,-1,-1,-1
154,2160,568.39,309.12,22.93,50.22,0.60,-1,-1,-1
154,2162,706.39,330.11,31.00,78.68,0.60,-1,-1,-1
155,2035,1012.47,292.79,103.63,93.58,0.90,-1,-1,-1
155,2039,1114.90,340.10,52.66,87.14,0.25,-1,-1,-1
155,2053,917.23,252.37,105.17,99.29,0.92,-1,-1,-1
155,2056,799.32,327.69,33.13,79.79,0.66,-1,-1,-1
155,2071,469.11,686.74,124.30,102.23,0.73,-1,-1,-1
155,2067,538.93,592.53,108.59,80.07,0.84,-1,-1,-1
155,2142,1356.81,106.94,46.49,45.22,0.76,-1,-1,-1
155,2143,1182.05,129.25,51.55,52.15,0.81,-1,-1,-1
155,2144,1187.70,80.47,45.70,39.28,0.77,-1,-1,-1
155,2149,149.66,497.34,117.73,75.14,0.75,-1,-1,-1
155,2150,1309.41,50.68,35.06,30.90,0.69,-1,-1,-1
155,2154,1315.92,7.52,26.95,25.62,0.72,-1,-1,-1
155,2156,1323.03,31.22,26.98,29.14,0.64,-1,-1,-1
155,2159,678.64,330.49,37.15,80.42,0.65,-1,-1,-1
155,2160,574.02,309.21,22.88,49.95,0.54,-1,-1,-1
155,2162,717.03,330.56,30.48,77.34,0.63,-1,-1,-1
156,2035,1019.57,293.89,103.70,93.39,0.87,-1,-1,-1
156,2039,1120.56,341.35,54.17,89.78,0.78,-1,-1,-1
156,2053,925.64,253.71,103.92,98.02,0.91,-1,-1,-1
156,2056,811.19,328.80,33.65,81.50,0.64,-1,-1,-1
156,2071,449.60,688.19,122.64,100.30,0.71,-1,-1,-1
156,2067,523.99,591.82,110.16,80.92,0.87,-1,-1,-1
156,2142,1364.31,106.57,45.90,44.61,0.77,-1,-1,-1
156,2143,1189.18,131.98,51.63,52.07,0.82,-1,-1,-1
156,2144,1194.47,82.31,46.30,39.83,0.80,-1,-1,-1
156,2149,174.76,496.75,115.89,74.12,0.80,-1,-1,-1
156,2150,1317.52,50.18,35.11,30.85,0.76,-1,-1,-1
156,2154,1324.59,7.80,26.79,25.43,0.70,-1,-1,-1
156,2156,1330.63,30.42,27.36,29.55,0.60,-1,-1,-1
156,2159,691.30,331.57,36.70,80.11,0.62,-1,-1,-1
156,2160,578.60,309.78,23.43,50.69,0.54,-1,-1,-1
156,2162,729.41,330.31,30.38,77.22,0.62,-1,-1,-1
157,2035,1026.72,294.51,103.57,93.02,0.88,-1,-1,-1
157,2039,1127.70,342.64,54.91,90.69,0.77,-1,-1,-1
157,2053,932.17,254.10,104.14,98.06,0.91,-1,-1,-1
157,2056,821.07,331.14,32.87,79.59,0.66,-1,-1,-1
157,2071,428.85,686.40,124.15,101.27,0.50,-1,-1,-1
157,2067,507.13,590.22,115.56,85.24,0.69,-1,-1,-1
157,2142,1372.02,104.20,47.16,45.97,0.65,-1,-1,-1
157,2143,1195.28,134.09,52.65,53.07,0.82,-1,-1,-1
157,2144,1201.49,84.11,46.73,40.35,0.77,-1,-1,-1
157,2149,198.40,494.86,116.87,74.98,0.74,-1,-1,-1
157,2150,1325.78,49.10,35.43,31.16,0.76,-1,-1,-1
157,2154,1332.63,7.15,27.30,25.83,0.60,-1,-1,-1
157,2156,1337.26,29.51,28.32,30.57,0.19,-1,-1,-1
157,2159,703.66,333.14,36.02,79.13,0.59,-1,-1,-1
157,2160,586.09,309.97,23.59,50.81,0.56,-1,-1,-1
157,2162,742.79,330.16,28.33,72.00,0.54,-1,-1,-1
158,2035,1031.91,294.21,105.01,94.43,0.90,-1,-1,-1
158,2039,1133.35,341.96,55.72,92.03,0.71,-1,-1,-1
158,2053,938.06,254.89,103.89,97.96,0.92,-1,-1,-1
158,2056,831.18,333.96,32.40,78.13,0.68,-1,-1,-1
158,2071,406.95,686.32,125.06,101.71,0.55,-1,-1,-1
158,2067,491.29,592.47,113.67,83.73,0.69,-1,-1,-1
158,2142,1379.43,103.22,46.87,45.57,0.76,-1,-1,-1
158,2143,1201.11,136.09,52.51,52.68,0.80,-1,-1,-1
158,2144,1207.41,86.30,46.43,40.00,0.81,-1,-1,-1
158,2149,225.25,497.26,109.50,70.05,0.76,-1,-1,-1
158,2150,1331.55,42.82,40.68,36.16,0.69,-1,-1,-1
158,2154,1340.39,7.66,26.64,25.08,0.71,-1,-1,-1
158,2159,714.00,336.68,35.83,78.99,0.55,-1,-1,-1
158,2160,589.12,309.83,23.69,50.72,0.44,-1,-1,-1
158,2162,754.89,331.17,24.17,61.03,0.37,-1,-1,-1
159,2035,1033.84,294.40,105.29,94.75,0.90,-1,-1,-1
159,2039,1135.35,342.38,55.78,92.13,0.72,-1,-1,-1
159,2053,940.21,255.38,103.58,97.78,0.92,-1,-1,-1
159,2056,836.56,335.65,32.16,77.59,0.68,-1,-1,-1
159,2071,381.99,686.29,125.59,101.95,0.62,-1,-1,-1
159,2067,471.72,595.43,111.79,81.93,0.78,-1,-1,-1
159,2142,1382.99,102.35,45.26,43.86,0.75,-1,-1,-1
159,2143,1201.95,137.80,53.05,53.04,0.80,-1,-1,-1
159,2144,1208.44,87.70,46.79,40.26,0.84,-1,-1,-1
159,2149,241.28,493.80,111.66,71.50,0.81,-1,-1,-1
159,2150,1335.32,42.22,39.63,35.42,0.63,-1,-1,-1
159,2154,1343.18,7.43,26.34,24.65,0.65,-1,-1,-1
159,2159,719.48,337.79,36.13,80.03,0.62,-1,-1,-1
159,2160,589.95,311.13,23.64,50.46,0.52,-1,-1,-1
159,2162,759.14,332.85,26.90,67.96,0.57,-1,-1,-1
160,2035,1035.21,295.73,104.14,93.57,0.90,-1,-1,-1
160,2039,1136.28,342.75,55.90,92.17,0.74,-1,-1,-1
160,2053,941.19,255.82,103.16,97.50,0.92,-1,-1,-1
160,2056,840.20,335.72,32.02,78.03,0.65,-1,-1,-1
160,2071,356.82,686.50,125.12,101.39,0.52,-1,-1,-1
160,2067,448.07,596.88,114.66,83.98,0.67,-1,-1,-1
160,2142,1383.30,100.36,44.72,43.31,0.75,-1,-1,-1
160,2143,1201.41,140.04,52.95,52.64,0.79,-1,-1,-1
160,2144,1207.85,89.00,47.23,40.65,0.81,-1,-1,-1
160,2149,257.93,493.01,111.65,71.51,0.80,-1,-1,-1
160,2150,1337.87,44.53,35.81,31.91,0.66,-1,-1,-1
160,2154,1344.41,6.40,26.21,24.47,0.68,-1,-1,-1
160,2159,724.62,338.77,35.66,79.75,0.58,-1,-1,-1
160,2162,763.54,333.98,27.39,69.23,0.41,-1,-1,-1
161,2035,1039.52,296.39,104.43,93.64,0.89,-1,-1,-1
161,2039,1141.03,344.57,54.58,89.86,0.73,-1,-1,-1
161,2053,945.39,256.39,103.54,97.74,0.92,-1,-1,-1
161,2056,847.97,335.16,32.18,79.38,0.63,-1,-1,-1
161,2071,331.65,678.22,133.27,108.97,0.66,-1,-1,-1
161,2067,430.59,599.22,111.40,81.14,0.82,-1,-1,-1
161,2142,1387.20,99.41,43.56,41.95,0.83,-1,-1,-1
161,2143,1203.27,141.02,54.11,53.76,0.84,-1,-1,-1
161,2144,1210.28,90.46,47.49,40.96,0.80,-1,-1,-1
161,2149,280.42,492.36,110.27,70.62,0.86,-1,-1,-1
161,2150,1341.92,45.19,34.13,30.41,0.64,-1,-1,-1
161,2154,1348.12,5.92,27.39,25.70,0.22,-1,-1,-1
161,2159,733.76,338.36,35.77,80.97,0.67,-1,-1,-1
161,2162,771.29,334.87,28.69,72.73,0.53,-1,-1,-1
161,2160,592.63,314.26,24.15,51.41,0.59,-1,-1,-1
162,2035,1045.18,297.54,104.74,93.78,0.87,-1,-1,-1
162,2039,1146.22,345.51,54.54,89.83,0.90,-1,-1,-1
162,2053,951.34,256.76,103.37,97.57,0.91,-1,-1,-1
162,2056,857.95,336.79,31.45,78.04,0.67,-1,-1,-1
162,2071,312.13,680.87,129.57,106.01,0.76,-1,-1,-1
162,2067,411.78,600.23,111.36,80.85,0.79,-1,-1,-1
162,2142,1393.93,97.66,44.21,42.34,0.71,-1,-1,-1
162,2143,1208.75,143.44,54.19,53.53,0.82,-1,-1,-1
162,2144,1216.23,92.49,47.56,41.04,0.81,-1,-1,-1
162,2149,304.66,491.87,108.95,69.57,0.84,-1,-1,-1
162,2150,1349.32,44.53,33.70,30.08,0.72,-1,-1,-1
162,2154,1354.24,4.40,29.14,27.62,0.44,-1,-1,-1
162,2159,743.70,338.44,35.17,80.68,0.64,-1,-1,-1
162,2162,781.02,334.37,29.57,75.31,0.52,-1,-1,-1
162,2160,597.01,314.37,24.50,52.46,0.49,-1,-1,-1
163,2035,1050.93,298.03,105.87,94.96,0.89,-1,-1,-1
163,2039,1153.01,345.57,55.07,90.76,0.78,-1,-1,-1
163,2053,957.36,256.73,104.33,98.40,0.91,-1,-1,-1
163,2056,866.89,337.46,31.51,78.49,0.65,-1,-1,-1
163,2071,293.67,680.11,128.26,104.94,0.62,-1,-1,-1
163,2067,392.74,598.71,115.49,83.99,0.42,-1,-1,-1
163,2142,1400.41,95.83,44.96,43.09,0.72,-1,-1,-1
163,2143,1214.10,145.54,55.35,54.59,0.80,-1,-1,-1
163,2144,1222.08,94.47,47.69,41.08,0.78,-1,-1,-1
163,2149,331.53,494.14,104.81,66.33,0.85,-1,-1,-1
163,2150,1357.76,44.40,32.99,29.42,0.72,-1,-1,-1
163,2154,1362.55,4.02,28.16,26.81,0.34,-1,-1,-1
163,2159,755.68,340.03,34.72,80.06,0.67,-1,-1,-1
163,2162,792.06,334.38,29.42,75.28,0.63,-1,-1,-1
163,2160,602.25,314.62,24.41,52.31,0.55,-1,-1,-1
164,2035,1058.74,298.17,105.82,94.84,0.90,-1,-1,-1
164,2039,1161.25,346.11,54.80,90.27,0.66,-1,-1,-1
164,2053,965.09,256.86,103.58,97.62,0.92,-1,-1,-1
164,2056,877.29,338.62,31.75,78.55,0.68,-1,-1,-1
164,2071,273.98,674.93,129.88,106.88,0.82,-1,-1,-1
164,2067,376.76,598.62,114.25,82.85,0.79,-1,-1,-1
164,2142,1409.03,96.01,43.79,41.79,0.78,-1,-1,-1
164,2143,1220.01,147.03,56.53,55.68,0.80,-1,-1,-1
164,2144,1228.68,96.01,48.64,41.96,0.81,-1,-1,-1
164,2149,358.13,493.82,102.99,64.65,0.69,-1,-1,-1
164,2150,1366.15,44.20,32.30,28.68,0.71,-1,-1,-1
164,2154,1371.90,4.02,27.25,26.12,0.21,-1,-1,-1
164,2159,766.24,341.61,34.31,78.68,0.63,-1,-1,-1
164,2162,803.86,334.47,28.78,73.96,0.58,-1,-1,-1
164,2160,608.50,313.67,24.38,52.52,0.59,-1,-1,-1
165,2035,1065.83,298.47,105.97,94.94,0.88,-1,-1,-1
165,2039,1167.77,346.43,55.20,90.92,0.84,-1,-1,-1
165,2053,973.11,257.96,102.69,96.62,0.92,-1,-1,-1
165,2056,887.12,340.21,31.87,78.00,0.62,-1,-1,-1
165,2071,257.06,671.96,129.15,106.70,0.83,-1,-1,-1
165,2067,356.58,594.10,118.91,86.65,0.61,-1,-1,-1
165,2142,1417.08,94.00,45.13,43.10,0.68,-1,-1,-1
165,2143,1226.40,149.49,56.56,55.62,0.82,-1,-1,-1
165,2144,1236.42,97.55,48.58,41.99,0.80,-1,-1,-1
165,2149,382.05,489.98,105.41,65.93,0.75,-1,-1,-1
165,2150,1374.77,43.11,32.77,29.09,0.72,-1,-1,-1
165,2154,1380.18,2.69,27.67,26.65,0.34,-1,-1,-1
165,2159,778.66,341.31,34.05,79.06,0.58,-1,-1,-1
165,2162,814.76,335.90,28.84,74.14,0.54,-1,-1,-1
165,2160,614.35,313.90,24.00,51.16,0.58,-1,-1,-1
166,2035,1072.13,297.74,107.44,96.45,0.90,-1,-1,-1
166,2039,1175.24,347.23,55.20,90.74,0.74,-1,-1,-1
166,2053,979.62,257.91,103.41,97.03,0.91,-1,-1,-1
166,2056,899.16,340.45,32.23,78.91,0.67,-1,-1,-1
166,2071,237.46,666.34,132.26,110.25,0.78,-1,-1,-1
166,2067,338.53,593.02,120.22,88.08,0.47,-1,-1,-1
166,2142,1425.49,92.73,44.97,42.91,0.64,-1,-1,-1
166,2143,1233.32,151.60,56.88,55.77,0.81,-1,-1,-1
166,2144,1243.59,99.26,48.66,42.21,0.78,-1,-1,-1
166,2149,409.18,489.03,104.06,64.95,0.73,-1,-1,-1
166,2150,1384.44,42.80,31.34,27.77,0.69,-1,-1,-1
166,2154,1389.30,3.40,25.98,24.85,0.48,-1,-1,-1
166,2159,790.14,341.50,33.92,79.43,0.57,-1,-1,-1
166,2162,826.60,337.19,28.43,73.11,0.55,-1,-1,-1
166,2160,620.42,315.00,23.92,50.92,0.62,-1,-1,-1
167,2035,1081.85,298.46,106.67,95.60,0.88,-1,-1,-1
167,2039,1184.62,347.88,54.68,89.63,0.65,-1,-1,-1
167,2053,988.32,257.93,104.15,97.62,0.92,-1,-1,-1
167,2056,911.45,339.88,32.42,79.72,0.70,-1,-1,-1
167,2071,225.10,668.73,124.35,103.70,0.63,-1,-1,-1
167,2067,323.64,592.16,118.01,86.58,0.34,-1,-1,-1
167,2142,1435.63,92.04,43.64,41.54,0.62,-1,-1,-1
167,2143,1240.92,153.07,58.33,57.21,0.83,-1,-1,-1
167,2144,1251.73,101.95,49.81,43.33,0.77,-1,-1,-1
167,2149,435.74,487.57,104.74,65.36,0.69,-1,-1,-1
167,2150,1394.83,42.01,31.69,28.02,0.68,-1,-1,-1
167,2154,1399.83,3.19,25.21,23.94,0.54,-1,-1,-1
167,2159,803.58,341.33,33.42,79.37,0.58,-1,-1,-1
167,2162,840.33,337.70,28.18,72.54,0.61,-1,-1,-1
167,2160,627.82,315.44,23.83,50.47,0.60,-1,-1,-1
167,2167,1088.09,948.47,307.58,120.54,0.81,-1,-1,-1
168,2035,1092.30,299.71,106.47,95.42,0.88,-1,-1,-1
168,2039,1195.22,349.54,54.51,89.07,0.85,-1,-1,-1
168,2053,998.17,257.78,104.63,97.99,0.91,-1,-1,-1
168,2056,925.92,339.96,32.05,79.71,0.67,-1,-1,-1
168,2071,209.82,660.49,125.60,105.13,0.65,-1,-1,-1
168,2067,304.68,580.31,126.28,94.02,0.47,-1,-1,-1
168,2142,1446.93,90.11,44.00,41.84,0.59,-1,-1,-1
168,2143,1251.30,155.51,58.18,56.95,0.82,-1,-1,-1
168,2144,1262.40,104.55,49.54,43.13,0.78,-1,-1,-1
168,2149,464.08,484.78,106.47,66.63,0.20,-1,-1,-1
168,2150,1406.93,40.99,32.25,28.59,0.64,-1,-1,-1
168,2154,1411.45,3.43,25.75,24.43,0.33,-1,-1,-1
168,2159,819.13,340.25,32.83,79.39,0.53,-1,-1,-1
168,2162,854.07,338.99,29.26,75.60,0.52,-1,-1,-1
168,2160,635.12,315.63,24.65,51.77,0.62,-1,-1,-1
168,2167,1039.89,943.41,315.77,123.89,0.75,-1,-1,-1
169,2035,1103.04,298.84,107.72,96.66,0.90,-1,-1,-1
169,2039,1206.31,349.20,55.65,91.17,0.40,-1,-1,-1
169,2053,1009.16,257.94,105.54,98.94,0.92,-1,-1,-1
169,2056,940.72,339.98,32.36,81.07,0.68,-1,-1,-1
169,2071,197.23,654.67,125.02,105.27,0.71,-1,-1,-1
169,2067,281.67,562.01,145.37,111.28,0.11,-1,-1,-1
169,2142,1460.61,89.92,42.17,39.93,0.72,-1,-1,-1
169,2143,1261.07,157.57,59.07,57.67,0.82,-1,-1,-1
169,2144,1273.47,106.42,50.32,43.88,0.78,-1,-1,-1
169,2149,493.96,482.46,107.10,67.12,0.46,-1,-1,-1
169,2150,1419.79,40.33,32.18,28.59,0.74,-1,-1,-1
169,2154,1424.13,2.40,26.72,25.38,0.48,-1,-1,-1
169,2159,833.57,342.59,32.79,80.05,0.65,-1,-1,-1
169,2162,870.70,338.25,27.31,70.42,0.58,-1,-1,-1
169,2160,644.57,315.16,24.73,51.87,0.61,-1,-1,-1
169,2167,981.45,936.62,331.54,130.42,0.76,-1,-1,-1
170,2035,1113.74,299.11,107.94,96.92,0.89,-1,-1,-1
170,2039,1218.17,350.48,55.71,90.65,0.86,-1,-1,-1
170,2053,1020.95,258.51,104.61,97.94,0.91,-1,-1,-1
170,2056,955.40,340.84,32.29,80.80,0.68,-1,-1,-1
170,2071,186.31,650.41,124.02,104.73,0.93,-1,-1,-1
170,2067,275.82,569.74,129.92,99.59,0.51,-1,-1,-1
170,2142,1473.85,88.95,42.35,39.96,0.74,-1,-1,-1
170,2143,1271.61,159.70,59.52,57.95,0.82,-1,-1,-1
170,2144,1285.57,108.09,50.17,43.81,0.76,-1,-1,-1
170,2149,526.11,483.96,103.26,64.23,0.62,-1,-1,-1
170,2150,1432.93,39.96,32.19,28.63,0.65,-1,-1,-1
170,2154,1438.13,2.55,25.90,24.55,0.34,-1,-1,-1
170,2159,848.65,343.72,32.92,80.38,0.62,-1,-1,-1
170,2162,886.25,337.93,27.17,70.13,0.64,-1,-1,-1
170,2160,654.58,315.31,25.62,53.71,0.60,-1,-1,-1
170,2167,923.07,928.62,346.96,137.17,0.84,-1,-1,-1
170,2169,1063.68,935.29,330.76,132.98,0.58,-1,-1,-1
171,2035,1125.68,299.06,108.40,97.45,0.89,-1,-1,-1
171,2039,1229.92,350.03,56.35,91.94,0.74,-1,-1,-1
171,2053,1032.49,258.65,105.18,98.50,0.92,-1,-1,-1
171,2056,969.85,343.04,32.56,80.59,0.69,-1,-1,-1
171,2071,177.30,649.32,117.59,99.37,0.63,-1,-1,-1
171,2067,267.07,576.71,119.33,91.51,0.33,-1,-1,-1
171,2142,1487.44,88.74,42.29,39.72,0.73,-1,-1,-1
171,2143,1282.68,161.84,60.08,58.35,0.84,-1,-1,-1
171,2144,1297.44,110.32,50.25,43.83,0.74,-1,-1,-1
171,2149,556.94,483.88,102.12,63.21,0.55,-1,-1,-1
171,2150,1446.18,37.69,34.33,30.62,0.65,-1,-1,-1
171,2154,1452.05,2.06,26.61,25.30,0.30,-1,-1,-1
171,2159,863.77,346.29,33.01,79.81,0.58,-1,-1,-1
171,2162,902.53,339.58,25.64,65.33,0.31,-1,-1,-1
171,2160,665.19,316.39,24.93,52.05,0.70,-1,-1,-1
171,2167,873.37,922.26,352.68,140.15,0.80,-1,-1,-1
171,2169,1017.63,927.49,347.17,139.40,0.55,-1,-1,-1
172,2035,1137.40,299.76,108.04,97.14,0.89,-1,-1,-1
172,2039,1242.04,351.51,55.89,90.81,0.83,-1,-1,-1
172,2053,1044.51,259.21,104.45,97.67,0.91,-1,-1,-1
172,2056,984.21,344.38,32.65,80.34,0.67,-1,-1,-1
172,2071,165.08,640.08,121.20,102.96,0.90,-1,-1,-1
172,2067,253.87,572.24,119.61,92.32,0.50,-1,-1,-1
172,2142,1501.24,87.74,42.43,39.66,0.77,-1,-1,-1
172,2143,1293.49,163.73,61.09,59.32,0.81,-1,-1,-1
172,2144,1309.01,111.62,51.50,44.94,0.78,-1,-1,-1
172,2149,585.20,479.27,106.88,66.39,0.62,-1,-1,-1
172,2150,1460.79,37.73,33.70,30.02,0.67,-1,-1,-1
172,2154,1466.68,2.23,25.26,23.95,0.48,-1,-1,-1
172,2159,879.46,347.64,32.63,78.58,0.63,-1,-1,-1
172,2162,919.55,341.04,24.20,60.92,0.45,-1,-1,-1
172,2160,675.33,316.30,24.58,51.20,0.63,-1,-1,-1
172,2167,811.12,912.93,359.88,144.77,0.81,-1,-1,-1
172,2169,939.62,919.77,363.36,145.70,0.55,-1,-1,-1
173,2035,1149.05,299.90,108.69,97.77,0.90,-1,-1,-1
173,2039,1253.85,350.90,56.65,92.22,0.71,-1,-1,-1
173,2053,1055.92,259.02,105.72,98.84,0.92,-1,-1,-1
173,2056,1000.57,343.16,32.30,79.96,0.65,-1,-1,-1
173,2071,155.38,636.29,118.94,101.17,0.62,-1,-1,-1
173,2067,241.91,572.43,115.68,89.52,0.60,-1,-1,-1
173,2142,1515.00,86.43,42.93,39.88,0.77,-1,-1,-1
173,2143,1304.56,166.02,61.56,59.63,0.79,-1,-1,-1
173,2144,1320.99,113.84,51.94,45.41,0.79,-1,-1,-1
173,2149,616.01,478.92,106.23,66.08,0.57,-1,-1,-1
173,2150,1473.44,35.02,36.03,32.36,0.63,-1,-1,-1
173,2154,1480.60,2.13,25.67,24.21,0.35,-1,-1,-1
173,2159,896.53,346.17,32.04,77.80,0.65,-1,-1,-1
173,2162,933.90,341.30,27.07,68.16,0.50,-1,-1,-1
173,2160,685.67,317.42,24.24,50.81,0.63,-1,-1,-1
173,2167,758.77,906.33,352.97,143.79,0.85,-1,-1,-1
173,2169,873.37,908.95,389.56,156.45,0.49,-1,-1,-1
174,2035,1161.59,301.50,107.55,96.57,0.87,-1,-1,-1
174,2039,1265.87,352.24,56.52,91.47,0.91,-1,-1,-1
174,2053,1067.83,259.38,104.91,97.88,0.91,-1,-1,-1
174,2056,1016.89,344.44,31.79,79.76,0.64,-1,-1,-1
174,2071,143.77,627.09,121.93,104.71,0.83,-1,-1,-1
174,2067,227.44,569.11,116.62,90.85,0.68,-1,-1,-1
174,2142,1527.90,85.87,43.07,39.83,0.83,-1,-1,-1
174,2143,1315.50,168.66,62.33,60.15,0.83,-1,-1,-1
174,2144,1333.95,116.24,51.69,45.26,0.79,-1,-1,-1
174,2149,646.40,476.73,107.34,67.04,0.69,-1,-1,-1
174,2150,1488.81,37.21,33.57,30.15,0.73,-1,-1,-1
174,2154,1494.77,2.00,25.37,23.87,0.49,-1,-1,-1
174,2159,911.73,346.25,32.73,80.46,0.55,-1,-1,-1
174,2162,948.66,345.90,28.52,71.17,0.38,-1,-1,-1
174,2160,696.08,316.63,24.45,51.47,0.60,-1,-1,-1
174,2167,717.26,895.12,358.58,147.44,0.78,-1,-1,-1
174,2169,832.71,899.32,391.55,157.60,0.55,-1,-1,-1
175,2035,1173.38,301.32,108.28,97.12,0.90,-1,-1,-1
175,2039,1278.46,352.54,56.48,91.46,0.82,-1,-1,-1
175,2053,1079.08,259.44,105.92,98.91,0.91,-1,-1,-1
175,2056,1032.17,344.95,31.54,79.44,0.63,-1,-1,-1
175,2071,135.54,622.12,119.57,102.90,0.70,-1,-1,-1
175,2067,216.11,565.89,113.83,89.02,0.33,-1,-1,-1
175,2142,1541.43,84.98,43.44,40.08,0.62,-1,-1,-1
175,2143,1326.72,170.34,63.62,61.31,0.86,-1,-1,-1
175,2144,1345.90,117.73,52.65,46.18,0.77,-1,-1,-1
175,2149,676.91,476.27,105.88,66.10,0.58,-1,-1,-1
175,2150,1503.22,37.41,32.98,29.62,0.67,-1,-1,-1
175,2154,1508.80,2.06,25.35,23.64,0.43,-1,-1,-1
175,2159,927.91,347.16,32.63,80.86,0.58,-1,-1,-1
175,2162,966.01,343.52,26.73,66.60,0.45,-1,-1,-1
175,2160,705.13,316.77,25.27,53.17,0.62,-1,-1,-1
175,2167,678.07,885.89,348.79,144.57,0.67,-1,-1,-1
175,2169,788.89,892.53,392.06,158.15,0.39,-1,-1,-1
176,2035,1185.04,301.83,107.90,96.65,0.89,-1,-1,-1
176,2039,1290.31,353.58,56.37,90.67,0.90,-1,-1,-1
176,2053,1091.20,259.76,105.40,98.25,0.92,-1,-1,-1
176,2056,1047.80,345.09,31.32,78.94,0.67,-1,-1,-1
176,2071,125.39,613.77,120.74,104.64,0.76,-1,-1,-1
176,2067,203.83,560.78,113.43,89.41,0.10,-1,-1,-1
176,2142,1555.13,83.75,43.72,40.19,0.66,-1,-1,-1
176,2143,1337.28,173.22,64.23,61.72,0.83,-1,-1,-1
176,2144,1358.06,119.42,52.65,46.09,0.79,-1,-1,-1
176,2149,705.92,474.32,107.79,67.77,0.60,-1,-1,-1
176,2150,1517.30,37.00,32.90,29.48,0.74,-1,-1,-1
176,2154,1522.14,1.76,26.20,24.39,0.48,-1,-1,-1
176,2159,943.38,347.57,32.03,79.84,0.56,-1,-1,-1
176,2162,980.85,341.72,27.76,69.35,0.52,-1,-1,-1
176,2160,715.54,316.61,24.26,51.19,0.52,-1,-1,-1
176,2167,641.42,875.99,338.86,141.13,0.58,-1,-1,-1
176,2169,750.02,880.04,368.15,148.70,0.60,-1,-1,-1
177,2035,1197.22,302.15,108.17,96.74,0.91,-1,-1,-1
177,2039,1302.05,353.56,56.55,91.13,0.61,-1,-1,-1
177,2053,1102.59,259.77,106.69,99.43,0.91,-1,-1,-1
177,2056,1062.30,345.48,32.46,80.65,0.64,-1,-1,-1
177,2071,117.53,608.63,117.83,102.25,0.61,-1,-1,-1
177,2067,187.85,554.72,117.05,93.14,0.44,-1,-1,-1
177,2142,1568.72,83.12,44.28,40.52,0.56,-1,-1,-1
177,2143,1348.67,175.68,64.45,61.63,0.83,-1,-1,-1
177,2144,1369.52,121.99,54.11,47.37,0.74,-1,-1,-1
177,2149,735.79,473.79,109.78,69.65,0.61,-1,-1,-1
177,2150,1531.46,36.42,32.96,29.48,0.68,-1,-1,-1
177,2154,1535.75,1.92,26.39,24.43,0.48,-1,-1,-1
177,2159,957.21,348.49,33.41,82.09,0.53,-1,-1,-1
177,2162,995.86,342.49,27.96,70.21,0.38,-1,-1,-1
177,2160,724.32,316.62,24.90,51.88,0.54,-1,-1,-1
177,2167,590.35,869.60,352.18,148.48,0.55,-1,-1,-1
177,2169,691.07,871.68,391.93,160.07,0.69,-1,-1,-1
178,2035,1209.58,303.55,107.57,96.02,0.91,-1,-1,-1
178,2039,1314.02,354.26,56.81,91.31,0.92,-1,-1,-1
178,2053,1114.54,260.32,106.35,99.01,0.91,-1,-1,-1
178,2056,1076.00,346.18,33.45,81.79,0.64,-1,-1,-1
178,2071,110.15,605.95,114.15,99.11,0.54,-1,-1,-1
178,2067,178.90,555.63,108.36,86.23,0.74,-1,-1,-1
178,2142,1583.42,82.71,43.44,39.43,0.69,-1,-1,-1
178,2143,1360.17,178.88,65.55,62.58,0.82,-1,-1,-1
178,2144,1381.73,123.16,55.14,48.47,0.76,-1,-1,-1
178,2149,768.05,474.58,106.67,67.80,0.56,-1,-1,-1
178,2150,1545.31,35.68,33.33,29.79,0.62,-1,-1,-1
178,2154,1551.15,2.18,25.61,23.53,0.52,-1,-1,-1
178,2159,975.72,348.95,31.49,78.12,0.51,-1,-1,-1
178,2162,1014.14,344.23,24.73,61.11,0.40,-1,-1,-1
178,2160,735.12,317.93,23.95,49.94,0.55,-1,-1,-1
178,2167,559.34,861.96,324.21,136.84,0.54,-1,-1,-1
178,2169,630.74,863.79,410.94,170.01,0.71,-1,-1,-1
179,2035,1221.57,304.05,108.28,96.47,0.91,-1,-1,-1
179,2039,1327.04,356.51,55.95,89.98,0.81,-1,-1,-1
179,2053,1125.66,260.66,107.20,99.98,0.91,-1,-1,-1
179,2056,1094.08,346.77,33.21,81.91,0.56,-1,-1,-1
179,2071,104.36,603.12,110.36,95.84,0.37,-1,-1,-1
179,2067,164.89,550.06,109.88,87.90,0.75,-1,-1,-1
179,2142,1597.46,81.65,43.53,39.43,0.74,-1,-1,-1
179,2143,1372.18,181.04,65.82,62.53,0.83,-1,-1,-1
179,2144,1394.26,125.91,55.30,48.62,0.80,-1,-1,-1
179,2149,798.63,475.26,104.20,66.25,0.62,-1,-1,-1
179,2150,1559.94,35.89,33.23,29.57,0.65,-1,-1,-1
179,2154,1565.88,2.12,24.96,22.73,0.63,-1,-1,-1
179,2159,991.69,349.59,31.49,79.03,0.57,-1,-1,-1
179,2162,1028.84,345.35,27.12,66.74,0.47,-1,-1,-1
179,2160,743.55,317.72,24.53,50.77,0.54,-1,-1,-1
179,2169,592.61,850.84,396.52,164.71,0.63,-1,-1,-1
180,2035,1233.90,305.36,107.80,95.64,0.91,-1,-1,-1
180,2039,1338.81,357.60,56.84,91.16,0.92,-1,-1,-1
180,2053,1137.53,261.53,107.00,99.57,0.89,-1,-1,-1
180,2056,1110.10,349.28,32.15,79.44,0.67,-1,-1,-1
180,2071,100.30,601.99,105.36,90.82,0.61,-1,-1,-1
180,2067,143.92,550.75,106.48,82.47,0.73,-1,-1,-1
180,2142,1610.93,80.76,43.91,39.66,0.26,-1,-1,-1
180,2143,1382.96,183.62,66.76,63.17,0.84,-1,-1,-1
180,2144,1406.79,128.20,55.52,48.68,0.76,-1,-1,-1
180,2149,826.84,474.15,105.71,67.60,0.72,-1,-1,-1
180,2150,1574.70,36.22,32.78,29.10,0.69,-1,-1,-1
180,2154,1579.58,1.84,25.47,22.98,0.53,-1,-1,-1
180,2159,1006.98,350.23,32.37,81.38,0.69,-1,-1,-1
180,2162,1044.09,346.21,28.16,69.46,0.53,-1,-1,-1
180,2160,753.76,318.30,24.30,50.60,0.51,-1,-1,-1
180,2169,556.62,840.68,366.64,151.84,0.62,-1,-1,-1
181,2035,1246.08,306.29,108.51,95.91,0.91,-1,-1,-1
181,2039,1351.40,359.59,55.38,88.61,0.65,-1,-1,-1
181,2053,1148.50,261.76,107.47,99.77,0.89,-1,-1,-1
181,2056,1124.85,348.85,32.52,80.18,0.69,-1,-1,-1
181,2071,91.66,596.09,105.40,90.68,0.64,-1,-1,-1
181,2067,131.83,550.27,103.10,77.62,0.54,-1,-1,-1
181,2142,1624.89,79.96,43.54,39.25,0.71,-1,-1,-1
181,2143,1393.48,186.54,67.15,63.23,0.81,-1,-1,-1
181,2144,1417.97,130.17,56.68,49.68,0.72,-1,-1,-1
181,2149,857.72,476.48,102.29,65.54,0.67,-1,-1,-1
181,2150,1588.28,35.70,33.38,29.56,0.74,-1,-1,-1
181,2154,1593.76,1.72,27.00,24.35,0.60,-1,-1,-1
181,2159,1022.44,351.54,32.98,83.37,0.59,-1,-1,-1
181,2162,1060.74,347.12,27.54,67.97,0.44,-1,-1,-1
181,2160,762.23,318.06,24.97,52.26,0.69,-1,-1,-1
181,2169,499.46,830.54,374.35,155.02,0.44,-1,-1,-1
182,2035,1250.88,306.97,109.02,96.11,0.91,-1,-1,-1
182,2039,1356.26,360.36,54.90,87.66,0.56,-1,-1,-1
182,2053,1153.83,261.80,108.30,100.60,0.89,-1,-1,-1
182,2056,1134.19,350.24,32.61,81.08,0.60,-1,-1,-1
182,2071,78.66,592.40,105.27,90.09,0.67,-1,-1,-1
182,2067,113.24,550.77,100.74,74.07,0.32,-1,-1,-1
182,2142,1631.82,80.04,42.59,38.26,0.73,-1,-1,-1
182,2143,1397.18,188.16,68.73,64.69,0.82,-1,-1,-1
182,2144,1423.51,131.86,56.99,49.86,0.75,-1,-1,-1
182,2149,878.38,474.08,105.82,68.37,0.74,-1,-1,-1
182,2150,1596.06,36.05,32.63,28.81,0.69,-1,-1,-1
182,2154,1601.01,1.70,27.07,24.21,0.57,-1,-1,-1
182,2159,1030.60,353.71,33.13,83.51,0.65,-1,-1,-1
182,2160,764.32,318.59,25.30,53.44,0.62,-1,-1,-1
182,2169,409.70,818.36,369.32,153.05,0.48,-1,-1,-1
183,2035,1252.53,307.16,109.01,95.81,0.92,-1,-1,-1
183,2039,1357.75,360.65,54.76,87.26,0.55,-1,-1,-1
183,2053,1155.65,261.85,108.69,101.07,0.89,-1,-1,-1
183,2056,1140.20,352.70,31.92,79.00,0.71,-1,-1,-1
183,2071,61.35,590.24,104.92,89.75,0.38,-1,-1,-1
183,2067,90.43,546.41,104.26,76.14,0.43,-1,-1,-1
183,2142,1633.87,79.16,42.51,38.13,0.75,-1,-1,-1
183,2143,1397.41,190.31,69.33,65.01,0.81,-1,-1,-1
183,2144,1424.67,133.37,57.01,49.82,0.78,-1,-1,-1
183,2149,900.44,474.79,103.56,67.14,0.69,-1,-1,-1
183,2150,1597.66,34.73,33.40,29.42,0.68,-1,-1,-1
183,2159,1034.72,356.15,33.01,81.64,0.55,-1,-1,-1
183,2169,355.08,808.85,420.45,175.87,0.26,-1,-1,-1
184,2035,1252.49,307.44,109.60,96.10,0.91,-1,-1,-1
184,2039,1357.63,360.90,54.94,87.42,0.66,-1,-1,-1
184,2053,1156.03,261.87,109.03,101.50,0.90,-1,-1,-1
184,2056,1143.95,355.66,32.27,78.48,0.70,-1,-1,-1
184,2071,44.15,587.36,105.02,89.55,0.49,-1,-1,-1
184,2067,65.26,545.95,103.71,74.88,0.39,-1,-1,-1
184,2142,1633.04,77.52,43.56,39.01,0.69,-1,-1,-1
184,2143,1396.08,192.40,69.71,65.18,0.83,-1,-1,-1
184,2144,1423.48,134.65,58.34,51.01,0.77,-1,-1,-1
184,2149,920.16,476.53,101.16,65.58,0.74,-1,-1,-1
184,2150,1598.29,33.82,33.18,29.22,0.67,-1,-1,-1
184,2159,1037.66,356.96,34.47,84.04,0.57,-1,-1,-1
184,2169,313.55,801.20,422.57,179.58,0.42,-1,-1,-1
184,2174,758.10,321.97,24.15,51.91,0.69,-1,-1,-1
185,2035,1252.06,307.73,109.52,95.84,0.91,-1,-1,-1
185,2039,1356.92,360.89,55.66,88.49,0.72,-1,-1,-1
185,2053,1155.64,262.05,109.33,101.93,0.90,-1,-1,-1
185,2056,1146.70,356.07,32.92,78.55,0.66,-1,-1,-1
185,2071,17.55,562.56,129.53,112.58,0.27,-1,-1,-1
185,2067,38.68,541.02,107.31,77.76,0.47,-1,-1,-1
185,2142,1632.54,76.58,43.09,38.49,0.78,-1,-1,-1
185,2143,1394.40,193.76,69.85,65.12,0.83,-1,-1,-1
185,2144,1422.52,136.17,58.69,51.27,0.77,-1,-1,-1
185,2149,937.71,475.74,102.82,66.99,0.70,-1,-1,-1
185,2150,1597.96,32.88,32.89,28.92,0.66,-1,-1,-1
185,2159,1043.32,358.23,34.32,83.01,0.62,-1,-1,-1
185,2169,270.11,795.52,416.83,179.68,0.48,-1,-1,-1
185,2174,756.43,322.21,24.40,52.50,0.62,-1,-1,-1
186,2035,1251.67,307.92,109.23,95.37,0.91,-1,-1,-1
186,2039,1356.40,360.86,55.91,88.87,0.67,-1,-1,-1
186,2053,1155.13,262.29,109.30,102.03,0.90,-1,-1,-1
186,2056,1149.76,357.92,33.03,77.70,0.61,-1,-1,-1
186,2071,2.74,563.85,122.09,107.64,0.11,-1,-1,-1
186,2067,16.37,541.02,103.03,74.48,0.50,-1,-1,-1
186,2142,1632.33,76.21,41.95,37.33,0.77,-1,-1,-1
186,2143,1392.38,195.94,70.30,65.40,0.82,-1,-1,-1
186,2144,1421.78,138.06,58.25,50.75,0.76,-1,-1,-1
186,2149,956.96,476.29,102.97,67.41,0.69,-1,-1,-1
186,2150,1597.83,32.43,32.17,28.23,0.69,-1,-1,-1
186,2159,1048.30,358.43,34.11,83.19,0.53,-1,-1,-1
186,2169,195.92,784.98,382.10,166.01,0.42,-1,-1,-1
186,2174,754.23,322.36,24.87,53.66,0.58,-1,-1,-1
187,2035,1251.12,308.01,109.54,95.49,0.92,-1,-1,-1
187,2039,1356.01,361.02,55.78,88.55,0.62,-1,-1,-1
187,2053,1154.43,262.31,109.70,102.58,0.89,-1,-1,-1
187,2071,0.00,550.15,112.45,118.12,0.31,-1,-1,-1
187,2067,0.00,529.96,105.68,87.15,0.15,-1,-1,-1
187,2142,1631.62,75.05,41.39,36.66,0.77,-1,-1,-1
187,2143,1389.92,198.06,71.84,66.96,0.83,-1,-1,-1
187,2144,1420.54,139.98,58.13,50.49,0.75,-1,-1,-1
187,2149,973.83,474.70,105.63,69.67,0.74,-1,-1,-1
187,2150,1597.74,32.39,31.27,27.25,0.66,-1,-1,-1
187,2159,1053.01,358.91,34.00,83.60,0.55,-1,-1,-1
187,2169,139.77,778.83,365.45,159.79,0.44,-1,-1,-1
187,2174,750.52,322.14,24.97,53.93,0.60,-1,-1,-1
187,2162,1151.50,357.90,31.29,76.95,0.70,-1,-1,-1
188,2035,1250.75,308.16,109.44,95.24,0.91,-1,-1,-1
188,2039,1355.49,361.06,56.14,89.20,0.70,-1,-1,-1
188,2053,1153.95,262.32,109.84,102.85,0.89,-1,-1,-1
188,2071,0.00,540.52,101.78,125.45,0.46,-1,-1,-1
188,2142,1630.62,73.43,41.52,36.59,0.71,-1,-1,-1
188,2143,1388.28,200.13,72.52,67.62,0.85,-1,-1,-1
188,2144,1418.16,141.29,59.44,51.72,0.77,-1,-1,-1
188,2149,992.95,474.03,104.98,69.70,0.63,-1,-1,-1
188,2150,1597.73,32.31,30.74,26.64,0.64,-1,-1,-1
188,2159,1057.52,362.23,33.79,82.09,0.54,-1,-1,-1
188,2169,88.85,772.55,357.39,157.31,0.62,-1,-1,-1
188,2174,748.39,324.13,24.23,52.31,0.70,-1,-1,-1
189,2035,1250.44,308.48,109.40,95.07,0.92,-1,-1,-1
189,2039,1355.15,361.01,56.31,89.41,0.72,-1,-1,-1
189,2053,1153.37,262.72,110.17,103.37,0.89,-1,-1,-1
189,2142,1629.65,72.56,41.28,36.18,0.68,-1,-1,-1
189,2143,1386.92,202.31,72.31,67.37,0.83,-1,-1,-1
189,2144,1416.94,142.65,59.64,51.97,0.80,-1,-1,-1
189,2149,1013.71,476.34,101.66,67.60,0.65,-1,-1,-1
189,2150,1596.79,31.40,31.22,26.89,0.65,-1,-1,-1
189,2159,1064.10,361.71,30.84,75.18,0.51,-1,-1,-1
189,2169,43.72,766.41,349.50,154.37,0.59,-1,-1,-1
189,2174,746.92,326.25,23.56,50.63,0.69,-1,-1,-1
190,2035,1250.00,308.71,109.54,95.07,0.91,-1,-1,-1
190,2039,1354.78,361.29,56.13,89.11,0.63,-1,-1,-1
190,2053,1152.95,262.92,110.30,103.68,0.88,-1,-1,-1
190,2142,1629.43,71.52,40.34,35.25,0.74,-1,-1,-1
190,2143,1385.54,204.09,71.89,66.71,0.83,-1,-1,-1
190,2144,1415.99,144.06,59.45,51.86,0.80,-1,-1,-1
190,2149,1033.27,478.79,98.42,65.30,0.65,-1,-1,-1
190,2150,1596.29,30.49,31.46,26.93,0.63,-1,-1,-1
190,2159,1066.99,364.36,33.19,79.78,0.61,-1,-1,-1
190,2169,14.44,753.71,379.47,169.11,0.45,-1,-1,-1
190,2174,744.77,327.33,23.69,50.71,0.63,-1,-1,-1
190,2175,1162.70,360.52,31.98,78.01,0.71,-1,-1,-1
191,2035,1249.39,308.85,109.96,95.37,0.91,-1,-1,-1
191,2039,1354.40,362.03,55.49,87.93,0.60,-1,-1,-1
191,2053,1152.44,263.40,109.93,103.39,0.87,-1,-1,-1
191,2142,1628.49,70.66,40.19,34.99,0.75,-1,-1,-1
191,2143,1383.34,205.68,72.38,66.86,0.82,-1,-1,-1
191,2144,1414.35,145.49,60.65,53.04,0.81,-1,-1,-1
191,2149,1051.53,480.37,98.35,65.28,0.73,-1,-1,-1
191,2150,1595.24,29.06,32.12,27.42,0.65,-1,-1,-1
191,2159,1074.06,365.56,32.80,79.11,0.47,-1,-1,-1
191,2169,0.00,746.24,367.26,167.36,0.46,-1,-1,-1
191,2174,741.34,327.34,23.79,51.06,0.50,-1,-1,-1
191,2175,1166.41,360.22,32.42,78.79,0.57,-1,-1,-1
192,2035,1248.70,309.03,110.55,95.81,0.91,-1,-1,-1
192,2039,1353.63,362.38,55.76,88.28,0.59,-1,-1,-1
192,2053,1151.84,263.56,110.05,103.60,0.87,-1,-1,-1
192,2142,1627.10,69.79,40.47,35.08,0.76,-1,-1,-1
192,2143,1380.83,207.55,73.51,67.68,0.82,-1,-1,-1
192,2144,1412.49,146.15,61.92,54.28,0.84,-1,-1,-1
192,2149,1068.78,478.14,101.42,67.62,0.65,-1,-1,-1
192,2150,1594.15,27.77,32.90,28.06,0.63,-1,-1,-1
192,2159,1077.77,365.62,33.73,81.27,0.54,-1,-1,-1
192,2169,0.00,739.89,329.29,168.09,0.54,-1,-1,-1
192,2174,737.33,327.63,24.21,52.19,0.51,-1,-1,-1
192,2175,1170.05,360.36,33.05,79.74,0.64,-1,-1,-1
193,2035,1248.03,309.29,111.23,96.41,0.92,-1,-1,-1
193,2039,1352.86,362.14,57.40,91.03,0.62,-1,-1,-1
193,2053,1151.94,264.28,109.26,102.88,0.87,-1,-1,-1
193,2142,1625.61,68.02,41.63,36.18,0.79,-1,-1,-1
193,2143,1378.53,209.07,75.03,69.10,0.84,-1,-1,-1
193,2144,1411.93,148.00,61.53,53.86,0.80,-1,-1,-1
193,2149,1088.22,477.74,100.63,67.18,0.61,-1,-1,-1
193,2150,1593.58,26.98,33.24,28.31,0.59,-1,-1,-1
193,2159,1081.73,365.71,33.94,82.63,0.57,-1,-1,-1
193,2169,0.00,729.88,293.99,159.25,0.80,-1,-1,-1
193,2174,734.89,328.30,24.19,52.07,0.67,-1,-1,-1
193,2175,1176.03,362.17,32.51,78.08,0.64,-1,-1,-1
194,2035,1247.32,309.47,111.98,97.08,0.91,-1,-1,-1
194,2039,1352.18,362.04,58.30,92.68,0.57,-1,-1,-1
194,2053,1152.00,264.41,108.63,102.27,0.87,-1,-1,-1
194,2142,1625.35,66.85,41.53,36.12,0.81,-1,-1,-1
194,2143,1376.24,211.07,75.72,69.83,0.84,-1,-1,-1
194,2144,1411.18,149.44,61.51,53.92,0.78,-1,-1,-1
194,2149,1105.82,476.56,101.67,68.19,0.58,-1,-1,-1
194,2150,1593.75,26.96,32.47,27.44,0.50,-1,-1,-1
194,2159,1088.02,365.31,32.73,79.95,0.52,-1,-1,-1
194,2169,0.00,727.23,270.38,169.18,0.67,-1,-1,-1
194,2174,733.11,329.11,24.03,51.41,0.62,-1,-1,-1
194,2175,1180.66,362.57,32.53,77.91,0.62,-1,-1,-1
195,2035,1247.11,309.63,112.21,97.34,0.92,-1,-1,-1
195,2039,1351.93,362.14,58.45,93.03,0.66,-1,-1,-1
195,2053,1152.02,265.11,107.96,101.47,0.87,-1,-1,-1
195,2142,1624.48,65.58,41.81,36.39,0.80,-1,-1,-1
195,2143,1374.19,212.53,76.53,70.67,0.84,-1,-1,-1
195,2144,1410.07,151.47,61.75,54.24,0.77,-1,-1,-1
195,2149,1124.54,476.23,101.09,68.06,0.43,-1,-1,-1
195,2150,1594.04,26.91,31.83,26.70,0.56,-1,-1,-1
195,2159,1090.05,367.46,33.91,81.99,0.50,-1,-1,-1
195,2169,0.00,723.74,224.27,154.86,0.72,-1,-1,-1
195,2174,732.03,330.86,23.87,51.12,0.60,-1,-1,-1
195,2175,1184.90,361.92,33.06,79.25,0.75,-1,-1,-1
196,2035,1247.00,309.69,111.90,97.09,0.92,-1,-1,-1
196,2039,1352.13,362.72,57.35,91.33,0.46,-1,-1,-1
196,2053,1151.86,265.47,107.69,101.10,0.87,-1,-1,-1
196,2142,1623.39,64.11,42.72,37.33,0.78,-1,-1,-1
196,2143,1373.13,214.21,75.74,69.97,0.83,-1,-1,-1
196,2144,1408.65,153.33,61.58,54.20,0.77,-1,-1,-1
196,2149,1143.70,477.51,99.44,67.15,0.57,-1,-1,-1
196,2150,1594.31,26.52,31.27,26.15,0.51,-1,-1,-1
196,2159,1093.76,370.60,34.44,83.16,0.60,-1,-1,-1
196,2169,0.00,710.22,210.78,176.04,0.64,-1,-1,-1
196,2174,730.93,332.07,23.36,50.19,0.59,-1,-1,-1
196,2175,1189.52,362.25,33.31,79.83,0.58,-1,-1,-1
197,2035,1246.86,309.75,111.79,97.01,0.92,-1,-1,-1
197,2039,1351.62,362.78,57.05,91.01,0.67,-1,-1,-1
197,2053,1152.18,265.90,106.92,100.13,0.87,-1,-1,-1
197,2142,1623.30,63.36,41.81,36.57,0.67,-1,-1,-1
197,2143,1371.54,215.79,75.95,70.22,0.83,-1,-1,-1
197,2144,1406.11,153.80,63.14,55.83,0.77,-1,-1,-1
197,2149,1161.30,476.80,100.94,68.41,0.52,-1,-1,-1
197,2150,1593.22,25.74,31.88,26.71,0.56,-1,-1,-1
197,2159,1100.52,370.92,36.06,85.37,0.54,-1,-1,-1
197,2174,729.33,332.09,23.60,50.99,0.52,-1,-1,-1
197,2175,1193.40,363.34,32.91,78.26,0.59,-1,-1,-1
198,2035,1246.84,309.74,111.42,96.71,0.92,-1,-1,-1
198,2039,1351.35,362.91,56.65,90.40,0.63,-1,-1,-1
198,2053,1150.91,265.48,108.30,101.45,0.87,-1,-1,-1
198,2142,1622.76,62.36,41.19,36.12,0.67,-1,-1,-1
198,2143,1369.92,217.32,76.62,70.97,0.83,-1,-1,-1
198,2144,1405.35,154.95,63.37,56.26,0.78,-1,-1,-1
198,2149,1178.36,473.40,103.18,70.51,0.15,-1,-1,-1
198,2150,1592.43,25.10,31.75,26.52,0.60,-1,-1,-1
198,2159,1103.34,371.69,35.88,84.65,0.69,-1,-1,-1
198,2174,727.26,332.42,23.56,50.99,0.51,-1,-1,-1
198,2175,1196.59,364.90,33.04,77.72,0.64,-1,-1,-1
199,2035,1247.01,309.71,110.59,95.96,0.92,-1,-1,-1
199,2039,1351.29,362.82,56.70,90.55,0.64,-1,-1,-1
199,2053,1149.97,265.38,109.59,102.79,0.87,-1,-1,-1
199,2142,1622.42,60.61,40.85,36.01,0.69,-1,-1,-1
199,2143,1367.61,218.71,78.29,72.77,0.82,-1,-1,-1
199,2144,1404.46,156.16,63.61,56.64,0.77,-1,-1,-1
199,2149,1197.93,473.22,99.77,68.33,0.30,-1,-1,-1
199,2150,1592.24,24.56,31.51,26.13,0.63,-1,-1,-1
199,2159,1109.85,371.23,31.84,75.43,0.55,-1,-1,-1
199,2174,724.22,333.97,23.84,51.41,0.58,-1,-1,-1
199,2175,1200.70,364.68,33.95,80.00,0.65,-1,-1,-1
200,2035,1247.13,309.58,110.08,95.54,0.92,-1,-1,-1
200,2039,1351.26,362.63,56.38,90.08,0.51,-1,-1,-1
200,2053,1149.84,265.13,109.27,102.50,0.88,-1,-1,-1
200,2142,1621.47,59.90,40.31,35.59,0.69,-1,-1,-1
200,2143,1366.54,220.86,78.63,73.12,0.82,-1,-1,-1
200,2144,1402.64,156.00,65.04,58.13,0.76,-1,-1,-1
200,2149,1214.31,471.01,102.08,70.45,0.29,-1,-1,-1
200,2150,1591.68,23.74,31.33,25.78,0.64,-1,-1,-1
200,2159,1113.46,371.95,33.69,80.98,0.61,-1,-1,-1
200,2174,721.73,334.74,24.20,52.05,0.60,-1,-1,-1
200,2175,1203.84,364.99,34.01,80.51,0.59,-1,-1,-1
201,2035,1247.18,309.48,110.07,95.56,0.92,-1,-1,-1
201,2039,1350.92,362.55,56.57,90.63,0.56,-1,-1,-1
201,2053,1149.83,264.97,108.71,101.92,0.89,-1,-1,-1
201,2142,1620.72,58.95,39.94,35.34,0.66,-1,-1,-1
201,2143,1365.34,222.43,78.37,72.91,0.83,-1,-1,-1
201,2144,1400.48,156.94,66.08,59.32,0.80,-1,-1,-1
201,2149,1230.42,468.76,106.84,74.59,0.36,-1,-1,-1
201,2150,1590.85,21.88,31.86,26.26,0.66,-1,-1,-1
201,2159,1116.81,374.53,34.79,83.50,0.56,-1,-1,-1
201,2174,718.46,334.57,24.92,53.82,0.66,-1,-1,-1
201,2175,1208.32,365.08,34.44,82.18,0.67,-1,-1,-1
202,2035,1247.26,309.27,109.62,95.32,0.92,-1,-1,-1
202,2039,1350.78,363.35,55.92,89.79,0.17,-1,-1,-1
202,2053,1149.28,264.62,109.07,102.32,0.88,-1,-1,-1
202,2142,1619.67,58.23,40.34,35.81,0.71,-1,-1,-1
202,2143,1364.73,223.83,77.26,71.75,0.83,-1,-1,-1
202,2144,1399.94,159.02,65.50,59.07,0.79,-1,-1,-1
202,2149,1250.29,468.90,105.23,74.02,0.43,-1,-1,-1
202,2150,1590.38,20.91,31.77,26.13,0.66,-1,-1,-1
202,2159,1121.72,375.74,34.97,84.17,0.54,-1,-1,-1
202,2174,716.50,334.51,25.03,54.16,0.60,-1,-1,-1
202,2175,1211.28,364.58,34.72,83.27,0.59,-1,-1,-1
203,2035,1247.28,309.04,109.13,95.03,0.90,-1,-1,-1
203,2039,1351.71,363.59,55.11,88.69,0.14,-1,-1,-1
203,2053,1149.01,264.43,109.15,102.45,0.88,-1,-1,-1
203,2142,1619.02,57.33,39.91,35.52,0.68,-1,-1,-1
203,2143,1363.76,225.28,76.58,70.88,0.83,-1,-1,-1
203,2144,1399.92,162.36,63.23,57.00,0.78,-1,-1,-1
203,2149,1270.47,473.49,99.13,69.48,0.26,-1,-1,-1
203,2150,1589.61,19.85,32.11,26.49,0.65,-1,-1,-1
203,2159,1128.27,376.75,34.46,83.83,0.56,-1,-1,-1
203,2174,714.50,335.01,24.92,53.49,0.60,-1,-1,-1
203,2175,1214.72,365.06,34.95,83.33,0.61,-1,-1,-1
204,2035,1247.65,309.13,107.83,93.86,0.89,-1,-1,-1
204,2039,1351.91,362.91,54.26,87.12,0.10,-1,-1,-1
204,2053,1148.78,264.24,109.36,102.63,0.88,-1,-1,-1
204,2142,1618.91,55.49,39.46,35.20,0.66,-1,-1,-1
204,2143,1362.32,226.72,76.88,71.04,0.83,-1,-1,-1
204,2144,1398.66,164.09,63.13,56.77,0.78,-1,-1,-1
204,2149,1289.07,471.91,96.87,67.81,0.31,-1,-1,-1
204,2150,1588.91,19.03,32.08,26.56,0.64,-1,-1,-1
204,2159,1134.63,375.33,30.29,73.92,0.55,-1,-1,-1
204,2174,710.74,334.93,25.58,54.69,0.58,-1,-1,-1
204,2175,1219.54,366.33,34.90,82.64,0.62,-1,-1,-1
205,2035,1247.37,308.83,108.54,94.83,0.88,-1,-1,-1
205,2039,1352.40,362.92,51.52,81.96,0.10,-1,-1,-1
205,2053,1149.37,264.53,107.97,101.15,0.90,-1,-1,-1
205,2142,1618.52,54.70,38.53,34.33,0.61,-1,-1,-1
205,2143,1361.08,227.94,77.15,71.10,0.82,-1,-1,-1
205,2144,1396.58,164.74,63.93,57.32,0.79,-1,-1,-1
205,2149,1304.31,467.83,103.47,73.28,0.42,-1,-1,-1
205,2150,1588.19,17.71,32.91,27.43,0.63,-1,-1,-1
205,2159,1138.67,375.46,29.99,74.00,0.51,-1,-1,-1
205,2174,706.76,336.79,26.70,56.74,0.59,-1,-1,-1
205,2175,1225.29,366.90,34.43,81.80,0.60,-1,-1,-1
205,2179,11.56,886.80,59.16,166.99,0.81,-1,-1,-1
206,2035,1248.11,309.02,107.40,93.99,0.87,-1,-1,-1
206,2039,1351.98,362.19,52.75,83.65,0.17,-1,-1,-1
206,2053,1148.64,264.25,108.19,101.24,0.90,-1,-1,-1
206,2142,1617.69,53.36,38.52,34.32,0.60,-1,-1,-1
206,2143,1359.43,228.97,77.90,71.78,0.82,-1,-1,-1
206,2144,1395.11,166.07,64.72,57.85,0.77,-1,-1,-1
206,2149,1324.20,470.35,98.38,69.97,0.36,-1,-1,-1
206,2150,1587.81,16.59,33.06,27.76,0.65,-1,-1,-1
206,2159,1140.95,378.95,31.98,79.41,0.50,-1,-1,-1
206,2174,705.11,339.60,26.43,55.91,0.57,-1,-1,-1
206,2175,1228.95,367.36,34.11,80.99,0.61,-1,-1,-1
206,2179,23.03,880.27,63.48,176.23,0.79,-1,-1,-1
207,2035,1247.64,308.75,108.08,94.96,0.87,-1,-1,-1
207,2039,1351.15,362.13,54.52,86.46,0.37,-1,-1,-1
207,2053,1148.36,264.12,108.41,101.37,0.90,-1,-1,-1
207,2142,1616.71,51.97,38.95,34.77,0.54,-1,-1,-1
207,2143,1357.57,230.00,78.75,72.78,0.82,-1,-1,-1
207,2144,1394.10,167.46,64.78,57.89,0.78,-1,-1,-1
207,2149,1342.38,471.84,98.63,70.57,0.58,-1,-1,-1
207,2150,1586.23,14.19,34.93,29.69,0.58,-1,-1,-1
207,2159,1144.23,375.76,34.72,86.93,0.56,-1,-1,-1
207,2174,705.23,342.50,24.90,52.55,0.54,-1,-1,-1
207,2175,1232.83,367.55,34.55,82.38,0.69,-1,-1,-1
207,2179,38.47,881.12,63.24,168.46,0.78,-1,-1,-1
208,2035,1249.33,308.75,107.34,94.51,0.89,-1,-1,-1
208,2039,1351.56,361.74,54.86,87.10,0.41,-1,-1,-1
208,2053,1149.82,263.65,108.52,101.36,0.89,-1,-1,-1
208,2142,1617.17,50.48,39.38,35.16,0.22,-1,-1,-1
208,2143,1357.37,231.12,79.21,73.39,0.83,-1,-1,-1
208,2144,1394.76,168.77,65.34,58.40,0.79,-1,-1,-1
208,2149,1362.80,469.32,95.28,68.47,0.57,-1,-1,-1
208,2150,1587.88,15.23,32.92,28.08,0.70,-1,-1,-1
208,2159,1148.74,380.13,33.95,83.46,0.52,-1,-1,-1
208,2174,705.21,343.18,24.39,51.63,0.57,-1,-1,-1
208,2175,1237.41,366.30,35.30,84.60,0.40,-1,-1,-1
209,2035,1251.37,308.92,107.12,94.13,0.91,-1,-1,-1
209,2039,1353.68,361.67,55.43,88.07,0.70,-1,-1,-1
209,2053,1152.56,263.44,109.25,101.99,0.88,-1,-1,-1
209,2142,1619.44,49.02,40.10,36.19,0.54,-1,-1,-1
209,2143,1359.57,232.81,79.37,73.43,0.86,-1,-1,-1
209,2144,1396.23,169.64,66.21,59.19,0.77,-1,-1,-1
209,2149,1381.87,464.89,99.41,72.20,0.47,-1,-1,-1
209,2150,1591.79,14.50,32.32,27.91,0.69,-1,-1,-1
209,2159,1155.24,381.52,35.40,84.79,0.48,-1,-1,-1
209,2174,704.29,341.68,25.55,54.73,0.56,-1,-1,-1
209,2175,1245.01,367.05,35.45,85.49,0.59,-1,-1,-1
210,2035,1257.19,309.61,106.68,93.61,0.88,-1,-1,-1
210,2039,1358.64,360.16,58.15,92.30,0.82,-1,-1,-1
210,2053,1157.71,263.87,108.96,101.69,0.87,-1,-1,-1
210,2142,1626.54,49.35,38.24,34.39,0.45,-1,-1,-1
210,2143,1363.44,234.23,80.34,74.54,0.85,-1,-1,-1
210,2144,1401.44,170.86,66.49,59.57,0.78,-1,-1,-1
210,2149,1409.78,468.00,92.63,67.04,0.10,-1,-1,-1
210,2150,1598.00,14.21,32.09,27.86,0.61,-1,-1,-1
210,2159,1168.17,381.56,34.57,82.20,0.53,-1,-1,-1
210,2174,707.21,342.19,24.57,51.91,0.60,-1,-1,-1
210,2175,1254.59,368.95,35.39,84.93,0.63,-1,-1,-1
211,2035,1262.97,309.78,109.32,95.89,0.87,-1,-1,-1
211,2039,1365.43,362.71,57.33,91.10,0.62,-1,-1,-1
211,2053,1165.10,264.40,109.90,102.77,0.88,-1,-1,-1
211,2142,1635.59,48.73,38.37,34.40,0.46,-1,-1,-1
211,2143,1370.02,235.59,82.41,76.59,0.83,-1,-1,-1
211,2144,1409.05,172.67,67.58,60.66,0.82,-1,-1,-1
211,2149,1435.13,462.50,100.60,72.82,0.42,-1,-1,-1
211,2150,1606.40,13.06,33.56,29.45,0.65,-1,-1,-1
211,2175,1267.28,374.27,34.21,81.05,0.64,-1,-1,-1
212,2035,1271.53,310.28,109.49,96.03,0.91,-1,-1,-1
212,2039,1374.77,364.73,57.00,90.36,0.64,-1,-1,-1
212,2053,1174.56,265.58,109.08,101.74,0.88,-1,-1,-1
212,2142,1645.71,49.46,37.83,33.79,0.61,-1,-1,-1
212,2143,1377.60,237.72,83.63,77.89,0.85,-1,-1,-1
212,2144,1417.50,174.86,66.94,60.13,0.76,-1,-1,-1
212,2149,1451.90,470.00,106.14,78.18,0.64,-1,-1,-1
212,2150,1617.04,13.49,32.94,29.11,0.61,-1,-1,-1
212,2175,1277.71,374.85,36.03,83.39,0.61,-1,-1,-1
213,2035,1278.58,310.84,110.80,96.98,0.87,-1,-1,-1
213,2039,1383.29,364.53,58.49,92.66,0.82,-1,-1,-1
213,2053,1182.58,266.10,108.45,100.92,0.85,-1,-1,-1
213,2142,1655.60,48.26,38.52,34.37,0.35,-1,-1,-1
213,2143,1386.14,239.51,83.09,77.57,0.85,-1,-1,-1
213,2144,1425.47,176.42,67.73,61.04,0.74,-1,-1,-1
213,2149,1480.38,465.93,98.53,72.67,0.19,-1,-1,-1
213,2175,1290.39,377.33,35.88,82.83,0.55,-1,-1,-1
214,2035,1285.02,310.74,111.76,97.80,0.90,-1,-1,-1
214,2039,1390.41,364.55,57.84,91.38,0.65,-1,-1,-1
214,2053,1189.30,266.49,108.45,100.85,0.87,-1,-1,-1
214,2142,1663.98,48.68,37.84,33.51,0.50,-1,-1,-1
214,2143,1393.40,240.84,82.57,76.91,0.83,-1,-1,-1
214,2144,1432.43,177.95,68.04,61.42,0.78,-1,-1,-1
214,2149,1507.29,468.10,97.23,71.32,0.50,-1,-1,-1
214,2175,1301.91,380.20,35.11,80.65,0.64,-1,-1,-1
215,2035,1291.97,311.38,108.59,94.12,0.86,-1,-1,-1
215,2039,1397.18,365.66,56.47,89.35,0.34,-1,-1,-1
215,2053,1194.80,266.21,108.88,101.17,0.88,-1,-1,-1
215,2142,1670.68,47.45,38.74,34.37,0.47,-1,-1,-1
215,2143,1398.16,242.44,82.69,76.93,0.83,-1,-1,-1
215,2144,1436.93,178.58,69.65,63.01,0.82,-1,-1,-1
215,2149,1532.59,467.45,93.31,69.05,0.21,-1,-1,-1
215,2175,1312.99,382.33,34.64,79.94,0.45,-1,-1,-1
215,2180,731.22,344.04,22.87,52.73,0.61,-1,-1,-1
216,2035,1297.64,312.01,108.07,93.11,0.87,-1,-1,-1
216,2039,1401.95,366.08,56.80,89.72,0.71,-1,-1,-1
216,2053,1200.64,266.80,108.19,100.15,0.88,-1,-1,-1
216,2142,1676.13,46.67,39.32,34.81,0.49,-1,-1,-1
216,2143,1403.61,243.76,82.57,76.68,0.82,-1,-1,-1
216,2144,1442.44,180.77,68.61,61.78,0.79,-1,-1,-1
216,2149,1555.16,468.40,97.13,72.26,0.50,-1,-1,-1
216,2175,1322.34,384.87,33.97,77.73,0.61,-1,-1,-1
216,2180,732.09,345.28,22.49,51.75,0.58,-1,-1,-1
217,2035,1303.76,312.39,107.47,92.13,0.87,-1,-1,-1
217,2039,1406.66,366.00,57.96,91.42,0.72,-1,-1,-1
217,2053,1205.19,266.68,108.64,100.36,0.88,-1,-1,-1
217,2142,1681.32,45.26,40.37,35.95,0.45,-1,-1,-1
217,2143,1407.92,244.81,82.54,76.45,0.85,-1,-1,-1
217,2144,1446.73,181.92,69.68,62.98,0.81,-1,-1,-1
217,2149,1576.67,467.27,98.79,74.24,0.47,-1,-1,-1
217,2175,1330.94,380.51,36.93,83.92,0.32,-1,-1,-1
217,2180,732.20,344.91,22.99,52.77,0.54,-1,-1,-1
218,2035,1308.54,312.24,108.77,93.38,0.87,-1,-1,-1
218,2039,1411.66,366.64,57.51,90.64,0.69,-1,-1,-1
218,2053,1210.30,267.19,107.51,98.92,0.87,-1,-1,-1
218,2142,1687.90,43.96,40.44,36.09,0.46,-1,-1,-1
218,2143,1411.55,245.56,83.45,77.27,0.87,-1,-1,-1
218,2144,1451.93,183.79,68.94,62.27,0.81,-1,-1,-1
218,2149,1601.02,466.97,97.18,73.54,0.24,-1,-1,-1
218,2175,1341.04,384.16,36.23,81.98,0.50,-1,-1,-1
218,2180,733.98,346.76,22.49,51.12,0.55,-1,-1,-1
219,2035,1313.31,312.79,108.65,93.14,0.87,-1,-1,-1
219,2039,1417.44,365.54,57.25,90.06,0.43,-1,-1,-1
219,2053,1215.22,267.45,107.51,98.56,0.89,-1,-1,-1
219,2142,1694.13,44.40,39.05,34.83,0.60,-1,-1,-1
219,2143,1416.36,247.25,83.71,77.39,0.88,-1,-1,-1
219,2144,1456.57,185.64,68.74,61.82,0.80,-1,-1,-1
219,2149,1622.28,466.59,96.44,73.74,0.19,-1,-1,-1
219,2175,1355.36,402.71,29.38,64.67,0.27,-1,-1,-1
219,2180,734.51,346.66,23.26,52.42,0.52,-1,-1,-1
220,2035,1318.54,313.09,109.17,93.39,0.85,-1,-1,-1
220,2039,1421.78,366.41,57.67,90.63,0.52,-1,-1,-1
220,2053,1219.51,267.14,108.90,99.80,0.89,-1,-1,-1
220,2142,1699.74,44.07,39.12,35.05,0.47,-1,-1,-1
220,2143,1420.76,248.60,84.04,77.69,0.84,-1,-1,-1
220,2144,1461.65,187.92,68.12,60.95,0.81,-1,-1,-1
220,2149,1643.67,465.38,96.92,74.60,0.12,-1,-1,-1
220,2175,1363.27,390.02,34.89,77.93,0.39,-1,-1,-1
220,2180,736.98,347.11,23.34,52.55,0.51,-1,-1,-1
221,2035,1322.83,313.49,111.12,95.00,0.87,-1,-1,-1
221,2039,1426.68,367.74,57.95,91.21,0.20,-1,-1,-1
221,2053,1225.13,267.59,108.72,99.38,0.87,-1,-1,-1
221,2142,1706.24,43.86,39.13,35.04,0.44,-1,-1,-1
221,2143,1426.21,249.87,84.57,78.13,0.85,-1,-1,-1
221,2144,1465.74,189.15,69.53,62.15,0.79,-1,-1,-1
221,2149,1667.76,464.64,100.17,77.57,0.12,-1,-1,-1
221,2175,1370.50,387.47,36.43,81.50,0.30,-1,-1,-1
221,2180,739.28,346.42,23.56,52.88,0.53,-1,-1,-1
221,2181,270.25,781.22,271.38,162.94,0.67,-1,-1,-1
222,2035,1328.90,313.81,110.31,94.19,0.88,-1,-1,-1
222,2039,1432.22,367.36,58.77,92.50,0.29,-1,-1,-1
222,2053,1230.29,267.62,108.71,99.15,0.86,-1,-1,-1
222,2142,1712.91,43.37,39.13,35.01,0.35,-1,-1,-1
222,2143,1430.35,250.75,85.16,78.68,0.85,-1,-1,-1
222,2144,1469.88,190.42,71.23,63.76,0.76,-1,-1,-1
222,2149,1692.51,465.93,99.52,77.50,0.12,-1,-1,-1
222,2175,1379.87,387.56,37.99,85.50,0.10,-1,-1,-1
222,2180,740.49,346.35,23.86,53.36,0.55,-1,-1,-1
222,2181,295.54,779.33,287.41,172.20,0.52,-1,-1,-1
223,2035,1330.80,313.79,110.90,94.67,0.90,-1,-1,-1
223,2039,1434.53,367.30,59.15,92.94,0.10,-1,-1,-1
223,2053,1232.30,267.67,108.95,99.16,0.86,-1,-1,-1
223,2142,1716.22,42.90,38.75,34.57,0.36,-1,-1,-1
223,2143,1432.91,252.04,84.04,77.51,0.85,-1,-1,-1
223,2144,1471.49,191.48,71.91,64.55,0.77,-1,-1,-1
223,2149,1711.62,466.17,99.79,78.07,0.23,-1,-1,-1
223,2175,1385.88,388.64,38.68,86.15,0.60,-1,-1,-1
223,2180,740.97,347.79,23.78,52.67,0.56,-1,-1,-1
223,2181,316.36,773.71,306.65,183.63,0.39,-1,-1,-1
223,2182,588.39,177.23,18.22,47.22,0.60,-1,-1,-1
224,2035,1330.62,313.61,111.99,95.60,0.89,-1,-1,-1
224,2039,1435.16,367.30,59.13,92.67,0.11,-1,-1,-1
224,2053,1232.67,267.60,109.38,99.38,0.85,-1,-1,-1
224,2142,1717.59,43.11,37.19,32.94,0.46,-1,-1,-1
224,2143,1433.35,252.72,83.83,77.17,0.85,-1,-1,-1
224,2144,1471.75,192.81,71.95,64.66,0.76,-1,-1,-1
224,2149,1733.03,467.88,92.18,72.05,0.29,-1,-1,-1
224,2175,1389.47,388.17,40.20,87.60,0.61,-1,-1,-1
224,2180,739.46,349.13,23.85,52.13,0.45,-1,-1,-1
224,2181,352.36,769.15,308.16,184.04,0.69,-1,-1,-1
224,2182,586.72,177.00,18.44,47.78,0.47,-1,-1,-1
225,2035,1331.56,313.64,112.94,96.41,0.89,-1,-1,-1
225,2053,1234.53,267.88,109.17,98.93,0.86,-1,-1,-1
225,2142,1719.27,41.68,37.83,33.53,0.53,-1,-1,-1
225,2143,1434.28,253.66,83.96,77.21,0.84,-1,-1,-1
225,2144,1472.99,194.11,71.92,64.68,0.75,-1,-1,-1
225,2175,1394.38,390.21,40.95,87.67,0.49,-1,-1,-1
225,2180,738.74,349.41,24.36,52.61,0.40,-1,-1,-1
225,2181,382.85,761.76,311.15,185.60,0.70,-1,-1,-1
225,2182,583.66,169.82,21.49,55.73,0.33,-1,-1,-1
225,2183,1235.08,507.94,94.39,68.05,0.77,-1,-1,-1
226,2035,1338.58,314.28,112.02,95.27,0.86,-1,-1,-1
226,2053,1241.81,268.14,109.20,98.77,0.89,-1,-1,-1
226,2142,1725.61,41.19,38.12,33.79,0.26,-1,-1,-1
226,2143,1440.68,254.93,85.30,78.45,0.83,-1,-1,-1
226,2144,1478.39,195.08,73.48,66.40,0.74,-1,-1,-1
226,2175,1409.20,390.53,40.41,87.53,0.55,-1,-1,-1
226,2180,740.97,348.66,25.02,53.80,0.53,-1,-1,-1
226,2181,423.96,757.76,309.83,184.32,0.74,-1,-1,-1
226,2183,1218.32,501.64,103.28,74.56,0.69,-1,-1,-1
227,2035,1349.86,314.90,113.94,96.89,0.88,-1,-1,-1
227,2053,1253.51,268.89,109.55,98.83,0.86,-1,-1,-1
227,2143,1452.45,256.64,86.19,79.38,0.87,-1,-1,-1
227,2144,1491.07,198.86,71.74,64.58,0.71,-1,-1,-1
227,2180,740.40,340.76,28.43,62.23,0.15,-1,-1,-1
227,2181,471.49,752.07,305.76,180.93,0.76,-1,-1,-1
227,2183,1211.35,504.50,98.81,71.33,0.71,-1,-1,-1
228,2035,1365.02,316.33,114.81,97.45,0.85,-1,-1,-1
228,2053,1268.86,269.96,109.25,98.17,0.86,-1,-1,-1
228,2143,1467.03,258.08,88.53,81.65,0.86,-1,-1,-1
228,2144,1506.13,200.47,73.40,65.95,0.76,-1,-1,-1
228,2180,742.94,333.38,26.88,58.99,0.35,-1,-1,-1
228,2181,504.25,746.15,310.25,183.87,0.72,-1,-1,-1
228,2183,1204.38,501.70,101.09,73.12,0.75,-1,-1,-1
229,2035,1381.38,317.57,114.69,97.02,0.86,-1,-1,-1
229,2053,1284.94,271.02,109.77,98.28,0.90,-1,-1,-1
229,2143,1483.61,260.04,89.80,82.77,0.81,-1,-1,-1
229,2144,1521.96,200.79,75.94,68.42,0.78,-1,-1,-1
229,2180,741.80,333.21,26.00,57.59,0.32,-1,-1,-1
229,2181,548.59,741.74,308.18,182.39,0.74,-1,-1,-1
229,2183,1195.12,497.55,106.23,77.15,0.71,-1,-1,-1
229,2039,1462.78,392.60,56.18,91.45,0.54,-1,-1,-1
230,2035,1397.39,319.15,114.09,96.02,0.89,-1,-1,-1
230,2053,1299.25,272.05,110.84,98.98,0.87,-1,-1,-1
230,2143,1500.84,261.82,88.43,81.46,0.81,-1,-1,-1
230,2144,1539.85,203.47,74.86,67.36,0.79,-1,-1,-1
230,2180,746.17,335.75,26.24,58.50,0.33,-1,-1,-1
230,2181,593.98,736.38,307.60,181.14,0.77,-1,-1,-1
230,2183,1187.03,496.34,107.56,78.53,0.74,-1,-1,-1
230,2039,1479.02,398.55,54.30,90.03,0.55,-1,-1,-1
231,2035,1406.42,319.72,114.84,96.27,0.89,-1,-1,-1
231,2053,1308.69,272.82,110.41,98.13,0.89,-1,-1,-1
231,2143,1510.91,263.28,87.97,80.87,0.80,-1,-1,-1
231,2144,1549.82,205.23,75.14,67.52,0.78,-1,-1,-1
231,2180,748.26,345.06,23.28,51.17,0.27,-1,-1,-1
231,2181,628.37,732.51,305.76,179.16,0.69,-1,-1,-1
231,2183,1172.81,493.70,108.10,79.40,0.80,-1,-1,-1
231,2039,1495.74,402.81,51.30,87.56,0.12,-1,-1,-1
231,2185,788.87,351.42,26.14,54.79,0.62,-1,-1,-1
232,2035,1409.66,319.80,114.63,95.68,0.91,-1,-1,-1
232,2053,1311.99,273.17,110.56,97.85,0.89,-1,-1,-1
232,2143,1514.69,264.75,87.09,79.81,0.79,-1,-1,-1
232,2144,1553.34,206.60,74.85,67.08,0.78,-1,-1,-1
232,2180,748.17,357.09,21.80,43.11,0.54,-1,-1,-1
232,2181,653.75,728.14,309.08,180.37,0.70,-1,-1,-1
232,2183,1153.77,489.46,110.21,81.60,0.59,-1,-1,-1
232,2185,787.09,351.01,26.43,55.35,0.64,-1,-1,-1
233,2035,1410.27,319.69,115.62,96.25,0.89,-1,-1,-1
233,2053,1312.36,273.04,111.42,98.33,0.89,-1,-1,-1
233,2143,1515.46,264.83,87.40,79.78,0.79,-1,-1,-1
233,2144,1554.09,207.63,74.15,66.10,0.79,-1,-1,-1
233,2180,746.24,361.95,22.16,40.11,0.59,-1,-1,-1
233,2181,686.73,724.42,310.87,179.34,0.77,-1,-1,-1
233,2183,1134.46,488.62,108.12,80.67,0.69,-1,-1,-1
233,2185,785.55,354.57,25.26,52.84,0.59,-1,-1,-1
234,2035,1409.59,319.78,117.40,97.71,0.88,-1,-1,-1
234,2053,1312.56,273.15,111.35,98.00,0.89,-1,-1,-1
234,2143,1515.15,265.30,87.83,79.89,0.80,-1,-1,-1
234,2144,1553.12,208.78,73.79,65.36,0.81,-1,-1,-1
234,2180,742.77,363.98,23.74,39.03,0.63,-1,-1,-1
234,2181,702.51,721.61,309.31,178.11,0.82,-1,-1,-1
234,2183,1113.69,490.47,104.51,78.44,0.72,-1,-1,-1
234,2185,783.06,355.29,25.10,52.35,0.45,-1,-1,-1
235,2035,1409.25,319.82,118.14,98.32,0.87,-1,-1,-1
235,2053,1311.74,273.18,111.97,98.29,0.89,-1,-1,-1
235,2143,1514.57,265.28,88.48,80.23,0.80,-1,-1,-1
235,2144,1552.46,209.52,73.64,64.83,0.81,-1,-1,-1
235,2180,741.99,362.48,27.18,40.50,0.56,-1,-1,-1
235,2181,728.93,713.15,318.38,181.81,0.81,-1,-1,-1
235,2183,1092.78,490.15,101.19,76.52,0.70,-1,-1,-1
235,2185,779.59,355.80,24.89,51.48,0.40,-1,-1,-1
236,2035,1408.46,319.78,119.16,99.28,0.88,-1,-1,-1
236,2053,1311.10,273.01,112.50,98.52,0.89,-1,-1,-1
236,2143,1513.68,266.22,88.16,79.79,0.81,-1,-1,-1
236,2144,1551.23,210.43,75.12,66.05,0.81,-1,-1,-1
236,2180,738.58,359.27,32.35,44.63,0.55,-1,-1,-1
236,2181,743.08,707.30,322.26,184.07,0.79,-1,-1,-1
236,2183,1071.94,489.56,99.11,75.38,0.74,-1,-1,-1
236,2185,776.87,354.94,25.14,51.57,0.47,-1,-1,-1
237,2035,1408.06,319.65,118.87,99.12,0.89,-1,-1,-1
237,2053,1310.63,273.00,112.88,98.69,0.88,-1,-1,-1
237,2143,1513.26,265.93,87.62,79.22,0.80,-1,-1,-1
237,2144,1550.28,211.09,75.84,66.66,0.81,-1,-1,-1
237,2180,733.67,360.64,33.78,43.61,0.47,-1,-1,-1
237,2181,764.73,703.58,321.01,182.78,0.77,-1,-1,-1
237,2183,1049.58,486.14,101.19,77.55,0.70,-1,-1,-1
237,2185,773.71,354.45,25.63,52.45,0.53,-1,-1,-1
238,2035,1407.35,319.52,119.46,99.75,0.89,-1,-1,-1
238,2053,1310.17,273.32,113.10,98.73,0.88,-1,-1,-1
238,2143,1512.13,265.92,88.15,79.59,0.83,-1,-1,-1
238,2144,1549.82,211.91,75.85,66.60,0.80,-1,-1,-1
238,2180,727.21,359.28,36.11,45.53,0.53,-1,-1,-1
238,2181,791.72,702.24,314.83,178.13,0.78,-1,-1,-1
238,2183,1028.41,482.36,101.57,78.33,0.53,-1,-1,-1
238,2185,769.55,355.41,26.52,54.03,0.54,-1,-1,-1
238,2186,1466.95,417.15,34.61,88.45,0.54,-1,-1,-1
239,2035,1407.53,319.42,118.73,99.15,0.89,-1,-1,-1
239,2053,1309.68,273.31,113.10,98.57,0.89,-1,-1,-1
239,2143,1511.56,265.55,88.60,79.93,0.83,-1,-1,-1
239,2144,1549.15,212.50,75.88,66.56,0.81,-1,-1,-1
239,2180,721.34,357.40,38.02,47.99,0.43,-1,-1,-1
239,2181,809.50,697.77,318.70,180.03,0.80,-1,-1,-1
239,2183,1008.15,482.64,97.28,75.39,0.59,-1,-1,-1
239,2185,767.37,357.23,26.86,54.82,0.54,-1,-1,-1
239,2186,1472.56,417.42,34.66,88.76,0.22,-1,-1,-1
240,2035,1407.10,319.61,118.60,99.06,0.88,-1,-1,-1
240,2053,1309.23,273.33,113.52,98.79,0.88,-1,-1,-1
240,2143,1511.41,266.69,88.58,79.99,0.82,-1,-1,-1
240,2144,1548.88,213.16,76.14,66.75,0.81,-1,-1,-1
240,2180,715.45,354.11,40.62,52.06,0.23,-1,-1,-1
240,2181,836.16,698.65,311.86,174.73,0.77,-1,-1,-1
240,2183,990.57,487.16,88.53,68.48,0.75,-1,-1,-1
240,2185,763.48,357.45,27.68,56.60,0.55,-1,-1,-1
240,2186,1477.99,417.16,33.92,86.76,0.38,-1,-1,-1
241,2035,1406.85,319.87,118.44,98.99,0.89,-1,-1,-1
241,2053,1308.87,273.82,113.63,98.70,0.88,-1,-1,-1
241,2143,1510.70,266.36,89.15,80.53,0.83,-1,-1,-1
241,2144,1546.73,212.71,77.87,68.25,0.82,-1,-1,-1
241,2180,713.90,356.09,40.64,51.40,0.33,-1,-1,-1
241,2181,858.91,696.21,311.38,173.01,0.80,-1,-1,-1
241,2183,968.54,481.81,93.16,72.48,0.78,-1,-1,-1
241,2185,762.58,360.91,26.05,53.03,0.47,-1,-1,-1
242,2035,1407.03,320.25,117.97,98.60,0.90,-1,-1,-1
242,2053,1308.75,274.17,113.59,98.55,0.88,-1,-1,-1
242,2143,1510.53,266.90,89.17,80.68,0.82,-1,-1,-1
242,2144,1545.49,213.06,78.41,68.65,0.82,-1,-1,-1
242,2180,711.60,348.89,44.63,57.94,0.31,-1,-1,-1
242,2181,877.30,689.60,316.66,174.81,0.79,-1,-1,-1
242,2183,946.29,477.11,95.75,75.09,0.76,-1,-1,-1
242,2185,760.43,363.21,25.01,50.89,0.47,-1,-1,-1
243,2035,1406.99,320.47,117.64,98.30,0.90,-1,-1,-1
243,2053,1308.56,274.47,113.49,98.35,0.88,-1,-1,-1
243,2143,1510.74,267.23,88.38,79.94,0.82,-1,-1,-1
243,2144,1545.97,214.51,76.78,67.07,0.80,-1,-1,-1
243,2180,708.91,347.29,44.39,59.54,0.28,-1,-1,-1
243,2181,890.66,682.35,324.89,178.99,0.81,-1,-1,-1
243,2183,926.69,477.18,93.01,73.11,0.84,-1,-1,-1
243,2185,755.95,362.77,25.70,52.37,0.54,-1,-1,-1
244,2035,1406.85,320.40,117.66,98.33,0.90,-1,-1,-1
244,2053,1307.59,274.43,114.48,99.41,0.88,-1,-1,-1
244,2143,1510.34,267.29,89.02,80.70,0.82,-1,-1,-1
244,2144,1544.41,214.44,78.26,68.31,0.79,-1,-1,-1
244,2180,705.21,345.68,44.40,61.34,0.23,-1,-1,-1
244,2181,909.81,681.61,314.68,172.04,0.84,-1,-1,-1
244,2183,906.04,476.09,92.69,73.33,0.85,-1,-1,-1
244,2185,753.29,363.03,25.94,52.94,0.57,-1,-1,-1
244,2187,842.67,232.91,135.99,63.37,0.65,-1,-1,-1
245,2035,1406.84,320.86,116.88,97.60,0.90,-1,-1,-1
245,2053,1306.72,274.14,115.64,100.54,0.88,-1,-1,-1
245,2143,1510.06,267.93,88.62,80.41,0.81,-1,-1,-1
245,2144,1542.93,215.19,78.32,68.26,0.76,-1,-1,-1
245,2180,702.01,346.99,43.23,61.10,0.19,-1,-1,-1
245,2181,929.85,680.75,312.95,170.19,0.83,-1,-1,-1
245,2183,887.06,475.82,90.64,72.13,0.84,-1,-1,-1
245,2185,751.61,363.59,25.97,52.78,0.56,-1,-1,-1
245,2187,841.78,232.20,136.74,63.75,0.57,-1,-1,-1
245,2175,1578.53,414.61,40.99,90.10,0.53,-1,-1,-1
246,2035,1407.11,321.10,116.30,96.99,0.90,-1,-1,-1
246,2053,1306.22,273.96,116.29,101.25,0.88,-1,-1,-1
246,2143,1509.89,268.13,88.55,80.38,0.81,-1,-1,-1
246,2144,1542.72,215.85,77.70,67.60,0.76,-1,-1,-1
246,2180,700.36,362.59,36.25,49.11,0.50,-1,-1,-1
246,2181,947.10,678.90,311.04,168.54,0.85,-1,-1,-1
246,2183,866.61,473.29,91.40,72.84,0.89,-1,-1,-1
246,2185,750.52,365.61,25.32,51.15,0.50,-1,-1,-1
246,2187,841.98,232.51,136.35,63.59,0.62,-1,-1,-1
246,2175,1586.87,415.30,39.77,90.18,0.50,-1,-1,-1
247,2035,1406.74,321.34,116.74,97.26,0.90,-1,-1,-1
247,2053,1306.23,274.26,116.16,101.21,0.89,-1,-1,-1
247,2143,1509.88,268.64,88.13,79.94,0.81,-1,-1,-1
247,2144,1542.28,216.81,77.13,66.85,0.75,-1,-1,-1
247,2180,697.20,356.83,39.28,55.04,0.28,-1,-1,-1
247,2181,960.12,675.44,310.60,167.94,0.88,-1,-1,-1
247,2183,846.15,471.30,91.71,73.48,0.87,-1,-1,-1
247,2185,747.85,366.51,25.22,50.15,0.43,-1,-1,-1
247,2187,842.27,232.88,135.23,63.05,0.52,-1,-1,-1
247,2175,1592.33,415.79,39.47,90.49,0.65,-1,-1,-1
248,2035,1406.53,321.61,116.76,97.18,0.89,-1,-1,-1
248,2053,1306.12,274.39,116.20,101.37,0.89,-1,-1,-1
248,2143,1510.11,269.30,87.64,79.37,0.81,-1,-1,-1
248,2144,1542.04,217.00,77.11,66.54,0.73,-1,-1,-1
248,2180,693.01,354.85,40.57,58.13,0.35,-1,-1,-1
248,2181,968.78,670.83,313.38,169.34,0.80,-1,-1,-1
248,2183,825.50,469.33,90.34,72.75,0.85,-1,-1,-1
248,2185,745.56,366.80,25.75,50.16,0.45,-1,-1,-1
248,2187,843.02,233.81,133.56,62.23,0.63,-1,-1,-1
248,2175,1596.08,415.11,39.68,91.47,0.40,-1,-1,-1
249,2035,1406.04,321.75,117.13,97.40,0.89,-1,-1,-1
249,2053,1306.33,274.38,115.95,101.32,0.89,-1,-1,-1
249,2143,1510.08,269.44,88.04,79.48,0.81,-1,-1,-1
249,2144,1534.85,217.58,81.46,69.40,0.67,-1,-1,-1
249,2180,691.09,353.46,40.62,59.63,0.34,-1,-1,-1
249,2181,983.35,660.82,324.29,176.12,0.87,-1,-1,-1
249,2183,803.19,465.01,93.36,76.14,0.77,-1,-1,-1
249,2185,741.26,364.95,26.63,51.64,0.41,-1,-1,-1
249,2187,841.93,232.56,136.87,63.83,0.47,-1,-1,-1
249,2175,1599.75,416.11,40.32,93.13,0.54,-1,-1,-1
250,2035,1405.93,322.03,117.06,97.19,0.89,-1,-1,-1
250,2053,1306.24,274.43,115.87,101.41,0.89,-1,-1,-1
250,2143,1509.74,268.01,89.79,80.91,0.80,-1,-1,-1
250,2144,1528.20,218.36,85.97,72.18,0.65,-1,-1,-1
250,2180,691.79,351.93,39.90,59.73,0.28,-1,-1,-1
250,2181,1001.76,659.69,314.72,171.14,0.88,-1,-1,-1
250,2183,783.43,461.87,93.95,77.37,0.82,-1,-1,-1
250,2185,738.45,365.16,26.74,51.77,0.38,-1,-1,-1
250,2187,841.83,232.22,137.66,64.28,0.47,-1,-1,-1
250,2175,1603.59,415.72,41.85,95.33,0.71,-1,-1,-1
251,2035,1405.65,322.21,116.94,97.00,0.89,-1,-1,-1
251,2053,1306.14,274.39,115.56,101.26,0.89,-1,-1,-1
251,2143,1504.51,253.68,104.54,95.34,0.81,-1,-1,-1
251,2144,1534.12,218.83,82.49,69.34,0.55,-1,-1,-1
251,2180,691.41,348.56,41.65,63.37,0.21,-1,-1,-1
251,2181,1013.15,657.68,309.36,168.32,0.84,-1,-1,-1
251,2183,763.82,461.53,91.57,75.78,0.74,-1,-1,-1
251,2185,732.98,363.48,27.99,54.50,0.37,-1,-1,-1
251,2187,842.34,232.90,136.60,63.74,0.51,-1,-1,-1
251,2175,1611.71,417.53,40.92,94.09,0.66,-1,-1,-1
252,2035,1403.24,322.16,117.18,97.16,0.89,-1,-1,-1
252,2053,1305.14,274.29,114.63,100.50,0.88,-1,-1,-1
252,2143,1497.09,232.14,124.29,115.82,0.83,-1,-1,-1
252,2144,1530.67,219.36,88.97,75.98,0.43,-1,-1,-1
252,2180,686.13,347.58,41.49,63.89,0.36,-1,-1,-1
252,2181,1028.64,655.89,306.15,166.48,0.85,-1,-1,-1
252,2183,744.98,462.00,87.24,72.40,0.74,-1,-1,-1
252,2185,727.79,364.01,28.71,56.43,0.51,-1,-1,-1
252,2187,841.58,232.93,136.12,63.40,0.19,-1,-1,-1
252,2175,1613.66,420.10,41.35,95.03,0.62,-1,-1,-1
253,2035,1399.24,321.99,118.00,97.84,0.89,-1,-1,-1
253,2053,1302.46,274.38,114.34,100.24,0.87,-1,-1,-1
253,2143,1499.44,239.99,116.25,108.45,0.83,-1,-1,-1
253,2144,1527.48,219.90,92.48,80.36,0.47,-1,-1,-1
253,2180,684.33,345.44,40.08,62.04,0.42,-1,-1,-1
253,2181,1042.71,652.58,302.89,164.54,0.81,-1,-1,-1
253,2183,722.58,458.16,88.72,73.96,0.64,-1,-1,-1
253,2185,722.97,366.45,28.73,56.69,0.50,-1,-1,-1
253,2187,840.40,233.23,135.61,62.96,0.15,-1,-1,-1
253,2175,1616.78,418.60,41.32,96.80,0.47,-1,-1,-1
254,2035,1396.23,322.11,118.24,98.08,0.87,-1,-1,-1
254,2053,1300.61,274.66,113.52,99.53,0.87,-1,-1,-1
254,2143,1491.29,226.75,127.88,121.75,0.85,-1,-1,-1
254,2144,1525.47,220.06,90.12,79.29,0.33,-1,-1,-1
254,2180,684.13,339.72,44.44,71.72,0.35,-1,-1,-1
254,2181,1053.42,647.78,298.75,162.59,0.86,-1,-1,-1
254,2183,700.64,453.44,90.81,76.01,0.77,-1,-1,-1
254,2185,717.39,367.62,28.78,57.24,0.52,-1,-1,-1
254,2187,836.14,233.92,132.78,61.66,0.34,-1,-1,-1
254,2175,1619.76,421.66,38.87,91.59,0.49,-1,-1,-1
255,2035,1393.88,322.14,118.12,97.97,0.87,-1,-1,-1
255,2053,1298.27,274.59,113.73,99.85,0.87,-1,-1,-1
255,2143,1487.41,221.20,130.14,126.13,0.86,-1,-1,-1
255,2144,1524.34,220.17,84.85,74.93,0.26,-1,-1,-1
255,2180,684.18,336.43,43.87,72.29,0.34,-1,-1,-1
255,2181,1063.66,642.96,300.20,163.96,0.83,-1,-1,-1
255,2183,679.43,452.91,88.81,74.18,0.85,-1,-1,-1
255,2185,712.97,370.79,29.27,58.55,0.56,-1,-1,-1
255,2187,834.93,234.30,132.38,61.34,0.44,-1,-1,-1
255,2175,1621.39,418.59,40.43,95.55,0.36,-1,-1,-1
255,2186,1512.09,375.69,40.32,93.79,0.83,-1,-1,-1
256,2035,1391.96,322.19,117.10,97.09,0.87,-1,-1,-1
256,2053,1296.13,273.98,113.23,99.43,0.88,-1,-1,-1
256,2143,1484.00,219.21,130.01,128.46,0.82,-1,-1,-1
256,2144,1522.66,220.19,82.49,73.19,0.32,-1,-1,-1
256,2180,682.38,335.33,41.50,69.00,0.13,-1,-1,-1
256,2181,1074.43,639.25,298.53,163.78,0.90,-1,-1,-1
256,2183,659.05,452.07,86.71,72.30,0.89,-1,-1,-1
256,2185,709.40,374.43,27.23,53.69,0.50,-1,-1,-1
256,2187,831.93,233.86,133.63,61.99,0.55,-1,-1,-1
256,2175,1623.33,419.77,39.69,93.08,0.53,-1,-1,-1
256,2188,1560.68,433.64,57.80,97.64,0.56,-1,-1,-1
256,2186,1515.52,373.89,37.61,81.23,0.24,-1,-1,-1
257,2035,1389.46,321.23,116.94,97.07,0.87,-1,-1,-1
257,2053,1293.85,273.18,112.79,98.91,0.88,-1,-1,-1
257,2143,1481.70,217.65,128.82,129.44,0.82,-1,-1,-1
257,2144,1517.65,219.56,86.92,78.05,0.38,-1,-1,-1
257,2180,681.64,336.22,35.93,59.45,0.12,-1,-1,-1
257,2181,1088.27,636.76,293.07,160.77,0.90,-1,-1,-1
257,2183,636.82,450.23,86.30,71.96,0.86,-1,-1,-1
257,2185,701.89,374.98,27.41,53.53,0.57,-1,-1,-1
257,2187,829.73,234.49,132.51,61.45,0.40,-1,-1,-1
257,2175,1628.23,421.31,38.62,90.56,0.48,-1,-1,-1
257,2188,1565.79,434.76,54.91,93.28,0.51,-1,-1,-1
257,2186,1508.09,373.52,43.11,88.56,0.76,-1,-1,-1
258,2035,1386.95,320.33,116.78,96.84,0.87,-1,-1,-1
258,2053,1291.07,272.59,112.45,98.59,0.90,-1,-1,-1
258,2143,1480.16,217.25,126.39,128.98,0.85,-1,-1,-1
258,2144,1515.17,218.98,85.81,77.50,0.17,-1,-1,-1
258,2180,676.72,335.89,34.65,57.98,0.11,-1,-1,-1
258,2181,1097.94,631.84,290.79,160.25,0.85,-1,-1,-1
258,2183,615.11,448.12,86.11,71.99,0.88,-1,-1,-1
258,2185,696.76,375.21,26.47,51.57,0.62,-1,-1,-1
258,2187,826.16,234.12,131.81,61.26,0.47,-1,-1,-1
258,2175,1631.11,422.12,38.86,91.63,0.49,-1,-1,-1
258,2188,1573.09,432.72,54.70,93.13,0.41,-1,-1,-1
258,2186,1503.30,372.13,46.67,91.97,0.81,-1,-1,-1
259,2035,1384.54,319.54,117.19,97.07,0.88,-1,-1,-1
259,2053,1287.78,272.47,112.25,98.34,0.89,-1,-1,-1
259,2143,1478.81,217.75,123.20,127.13,0.88,-1,-1,-1
259,2180,669.36,336.94,34.61,58.81,0.24,-1,-1,-1
259,2181,1109.64,627.80,287.47,158.77,0.83,-1,-1,-1
259,2183,594.27,447.74,83.18,69.75,0.85,-1,-1,-1
259,2185,692.09,374.18,26.22,51.84,0.48,-1,-1,-1
259,2187,824.31,233.52,133.27,61.96,0.40,-1,-1,-1
259,2175,1632.51,421.94,39.59,93.70,0.56,-1,-1,-1
259,2186,1499.02,371.56,49.01,93.28,0.80,-1,-1,-1
260,2035,1381.44,318.88,117.18,96.94,0.90,-1,-1,-1
260,2053,1284.40,272.17,112.74,98.57,0.89,-1,-1,-1
260,2143,1477.56,218.04,120.79,125.88,0.88,-1,-1,-1
260,2180,661.66,336.61,34.66,60.59,0.26,-1,-1,-1
260,2181,1121.77,622.25,285.68,158.77,0.86,-1,-1,-1
260,2183,571.42,445.83,83.08,69.93,0.87,-1,-1,-1
260,2185,687.63,372.69,26.44,52.72,0.53,-1,-1,-1
260,2187,822.67,233.71,133.40,61.88,0.34,-1,-1,-1
260,2175,1634.85,422.27,38.56,91.25,0.50,-1,-1,-1
260,2186,1495.53,372.64,49.93,92.04,0.56,-1,-1,-1
261,2035,1377.75,318.38,116.85,96.52,0.89,-1,-1,-1
261,2053,1280.74,271.76,113.47,99.05,0.87,-1,-1,-1
261,2143,1474.97,217.96,119.45,125.79,0.87,-1,-1,-1
261,2180,654.79,336.44,35.28,62.85,0.29,-1,-1,-1
261,2181,1132.56,616.70,283.23,158.15,0.89,-1,-1,-1
261,2183,549.36,444.47,82.11,69.37,0.85,-1,-1,-1
261,2185,680.58,370.63,27.53,55.16,0.52,-1,-1,-1
261,2187,819.63,232.95,135.02,62.43,0.18,-1,-1,-1
261,2175,1635.08,422.42,38.62,90.63,0.47,-1,-1,-1
261,2186,1491.25,371.17,51.64,93.21,0.76,-1,-1,-1
262,2035,1373.02,317.84,118.22,97.82,0.86,-1,-1,-1
262,2053,1277.16,272.09,113.07,98.72,0.86,-1,-1,-1
262,2143,1471.00,217.71,117.80,125.17,0.86,-1,-1,-1
262,2180,651.76,336.62,33.55,60.81,0.18,-1,-1,-1
262,2181,1143.24,612.50,279.03,156.70,0.84,-1,-1,-1
262,2183,527.54,443.22,81.14,68.81,0.85,-1,-1,-1
262,2185,676.47,372.18,27.04,54.38,0.52,-1,-1,-1
262,2187,816.49,232.55,135.85,62.64,0.21,-1,-1,-1
262,2186,1486.36,371.31,52.97,93.87,0.81,-1,-1,-1
263,2035,1368.41,317.97,116.67,96.65,0.86,-1,-1,-1
263,2053,1272.95,271.51,112.14,97.84,0.87,-1,-1,-1
263,2143,1466.02,218.19,115.89,124.34,0.82,-1,-1,-1
263,2180,644.94,337.49,34.08,62.60,0.32,-1,-1,-1
263,2181,1152.39,608.30,274.14,154.81,0.87,-1,-1,-1
263,2183,506.52,444.37,76.14,64.49,0.77,-1,-1,-1
263,2185,667.61,373.75,27.30,53.27,0.35,-1,-1,-1
263,2187,810.61,233.34,133.38,61.53,0.45,-1,-1,-1
263,2186,1480.10,371.28,53.68,93.81,0.71,-1,-1,-1
263,2189,611.83,375.95,63.39,49.79,0.65,-1,-1,-1
264,2035,1361.48,317.17,116.17,96.29,0.90,-1,-1,-1
264,2053,1265.78,271.40,110.82,96.68,0.90,-1,-1,-1
264,2143,1459.37,217.73,114.38,123.70,0.88,-1,-1,-1
264,2181,1158.02,604.25,269.71,152.83,0.86,-1,-1,-1
264,2183,481.97,446.21,72.26,60.65,0.69,-1,-1,-1
264,2187,802.58,233.30,133.29,61.54,0.17,-1,-1,-1
264,2186,1472.40,370.22,54.28,93.70,0.78,-1,-1,-1
265,2035,1352.62,316.71,115.47,95.63,0.87,-1,-1,-1
265,2053,1256.14,271.02,111.43,97.22,0.85,-1,-1,-1
265,2143,1450.28,217.71,113.24,123.49,0.85,-1,-1,-1
265,2181,1160.95,597.37,270.07,153.94,0.88,-1,-1,-1
265,2183,454.50,445.74,71.93,60.13,0.64,-1,-1,-1
265,2187,795.33,233.50,133.45,61.33,0.40,-1,-1,-1
265,2186,1462.87,369.99,54.71,93.25,0.78,-1,-1,-1
266,2035,1343.95,316.33,115.11,95.34,0.88,-1,-1,-1
266,2053,1248.14,270.07,111.48,97.19,0.89,-1,-1,-1
266,2143,1440.99,216.93,112.78,124.03,0.88,-1,-1,-1
266,2181,1168.90,590.97,264.98,151.83,0.88,-1,-1,-1
266,2183,426.62,443.13,73.41,61.41,0.62,-1,-1,-1
266,2187,786.97,234.24,131.58,60.40,0.33,-1,-1,-1
266,2186,1453.02,368.63,54.96,93.03,0.47,-1,-1,-1
267,2035,1333.19,315.19,115.90,96.26,0.88,-1,-1,-1
267,2053,1238.27,269.58,111.74,97.20,0.88,-1,-1,-1
267,2143,1430.54,215.24,112.77,125.01,0.86,-1,-1,-1
267,2181,1175.35,584.00,261.40,150.87,0.83,-1,-1,-1
267,2183,399.45,442.71,72.19,60.24,0.65,-1,-1,-1
267,2187,777.56,233.66,133.38,61.16,0.15,-1,-1,-1
267,2186,1443.35,366.36,55.90,93.59,0.76,-1,-1,-1
268,2035,1324.17,314.79,114.93,95.55,0.87,-1,-1,-1
268,2053,1227.89,268.70,112.96,98.43,0.85,-1,-1,-1
268,2143,1421.16,214.54,112.08,125.20,0.81,-1,-1,-1
268,2181,1181.43,577.25,256.72,149.21,0.83,-1,-1,-1
268,2183,368.53,432.06,81.94,69.46,0.52,-1,-1,-1
268,2187,768.73,233.44,132.90,60.66,0.25,-1,-1,-1
268,2186,1433.52,365.70,56.58,94.44,0.71,-1,-1,-1
269,2035,1315.06,313.79,114.42,95.10,0.89,-1,-1,-1
269,2053,1219.03,267.99,112.54,98.28,0.88,-1,-1,-1
269,2143,1411.85,213.77,110.97,124.92,0.87,-1,-1,-1
269,2181,1183.85,569.60,253.97,148.51,0.81,-1,-1,-1
269,2183,343.94,434.73,77.47,65.81,0.76,-1,-1,-1
269,2187,757.54,233.17,134.20,61.37,0.13,-1,-1,-1
269,2186,1423.85,364.40,56.81,94.15,0.73,-1,-1,-1
270,2035,1305.85,312.69,113.85,94.74,0.89,-1,-1,-1
270,2053,1209.12,267.35,112.34,98.30,0.87,-1,-1,-1
270,2143,1409.47,233.91,94.38,104.33,0.84,-1,-1,-1
270,2181,1189.13,562.91,248.71,145.89,0.85,-1,-1,-1
270,2183,317.56,435.51,75.07,63.97,0.81,-1,-1,-1
270,2187,747.69,232.58,135.15,61.74,0.18,-1,-1,-1
270,2186,1414.30,361.49,57.22,94.16,0.80,-1,-1,-1
271,2035,1296.06,311.90,114.61,95.55,0.89,-1,-1,-1
271,2053,1200.34,266.76,112.49,98.53,0.88,-1,-1,-1
271,2143,1394.03,218.91,105.73,118.08,0.85,-1,-1,-1
271,2181,1195.41,557.71,244.10,144.08,0.83,-1,-1,-1
271,2183,290.82,436.06,73.41,62.34,0.82,-1,-1,-1
271,2187,741.19,233.12,132.98,60.36,0.18,-1,-1,-1
271,2186,1404.45,362.02,56.89,92.94,0.75,-1,-1,-1
272,2035,1287.02,310.57,114.23,95.30,0.90,-1,-1,-1
272,2053,1191.16,266.26,112.26,98.39,0.89,-1,-1,-1
272,2143,1390.10,237.72,89.15,97.50,0.83,-1,-1,-1
272,2181,1201.68,550.95,239.50,142.50,0.84,-1,-1,-1
272,2183,262.56,431.88,75.50,64.33,0.83,-1,-1,-1
272,2187,730.19,232.33,135.14,61.38,0.27,-1,-1,-1
272,2186,1394.76,362.28,57.05,92.86,0.66,-1,-1,-1
273,2035,1279.52,309.78,113.20,94.37,0.89,-1,-1,-1
273,2053,1182.46,264.92,113.44,99.74,0.87,-1,-1,-1
273,2143,1376.52,218.73,103.00,113.70,0.84,-1,-1,-1
273,2181,1207.58,544.16,235.48,141.06,0.85,-1,-1,-1
273,2183,235.58,429.60,75.91,64.99,0.51,-1,-1,-1
273,2186,1385.96,360.24,58.69,95.16,0.76,-1,-1,-1
274,2035,1274.46,309.19,112.78,94.04,0.90,-1,-1,-1
274,2053,1176.94,263.68,114.40,100.95,0.88,-1,-1,-1
274,2143,1369.54,212.91,106.00,118.01,0.82,-1,-1,-1
274,2181,1213.81,539.56,229.18,138.09,0.85,-1,-1,-1
274,2183,212.70,429.20,74.96,64.52,0.55,-1,-1,-1
274,2186,1381.20,359.59,58.78,95.02,0.77,-1,-1,-1
275,2035,1272.75,308.88,112.64,93.94,0.90,-1,-1,-1
275,2053,1175.46,263.32,114.09,100.96,0.88,-1,-1,-1
275,2143,1367.23,210.68,106.79,119.83,0.82,-1,-1,-1
275,2181,1225.82,531.75,225.63,137.19,0.78,-1,-1,-1
275,2183,193.98,431.21,71.23,60.85,0.83,-1,-1,-1
275,2186,1379.44,359.26,58.87,94.98,0.80,-1,-1,-1
275,2193,10.59,772.42,39.29,162.84,0.76,-1,-1,-1
