2,996,547.64,465.66,46.30,52.28,0.79,-1,-1,-1
2,997,452.38,433.73,42.21,50.92,0.78,-1,-1,-1
2,998,500.20,218.57,21.03,27.47,0.79,-1,-1,-1
2,999,521.88,258.85,48.94,21.46,0.76,-1,-1,-1
2,1000,629.09,411.97,28.95,48.15,0.77,-1,-1,-1
2,1001,568.73,518.17,57.38,76.42,0.63,-1,-1,-1
2,1002,529.81,205.07,16.86,16.41,0.70,-1,-1,-1
2,1003,547.40,395.25,39.89,28.28,0.61,-1,-1,-1
2,1004,566.20,205.10,17.73,18.03,0.71,-1,-1,-1
2,642,549.10,518.23,98.52,75.93,0.74,-1,-1,-1
3,996,548.25,465.77,45.61,51.51,0.79,-1,-1,-1
3,997,451.31,435.24,42.89,51.75,0.79,-1,-1,-1
3,998,500.43,218.96,20.90,27.31,0.79,-1,-1,-1
3,999,519.39,259.22,48.65,21.32,0.74,-1,-1,-1
3,1000,629.83,411.53,28.33,47.07,0.77,-1,-1,-1
3,1001,569.49,518.47,57.30,76.30,0.75,-1,-1,-1
3,1002,530.01,205.10,16.71,16.27,0.71,-1,-1,-1
3,1003,544.61,390.95,46.40,33.06,0.58,-1,-1,-1
3,1004,566.59,205.38,17.66,17.96,0.59,-1,-1,-1
3,1005,669.15,563.74,17.60,34.25,0.56,-1,-1,-1
3,642,555.38,518.84,90.10,76.65,0.67,-1,-1,-1
4,996,548.67,466.05,45.29,51.15,0.79,-1,-1,-1
4,997,452.13,436.76,43.02,51.91,0.77,-1,-1,-1
4,998,500.72,219.52,20.64,27.00,0.79,-1,-1,-1
4,999,517.16,259.77,47.97,20.98,0.77,-1,-1,-1
4,1000,630.48,410.40,27.66,45.89,0.73,-1,-1,-1
4,1001,569.89,518.66,57.67,76.84,0.80,-1,-1,-1
4,1002,530.23,205.11,16.51,16.06,0.68,-1,-1,-1
4,1003,544.18,390.36,47.88,34.35,0.61,-1,-1,-1
4,1004,567.57,206.14,16.98,17.25,0.57,-1,-1,-1
4,1005,669.01,561.51,17.05,33.09,0.53,-1,-1,-1
4,642,559.40,519.14,84.53,77.17,0.48,-1,-1,-1
4,1006,552.42,431.59,40.14,38.91,0.54,-1,-1,-1
4,1007,667.13,567.90,20.18,39.62,0.60,-1,-1,-1
5,996,548.92,467.61,44.91,50.71,0.78,-1,-1,-1
5,997,451.96,439.49,43.14,52.02,0.81,-1,-1,-1
5,998,501.00,220.04,20.38,26.69,0.79,-1,-1,-1
5,999,513.50,259.76,48.74,21.26,0.77,-1,-1,-1
5,1000,631.11,409.98,27.29,45.18,0.80,-1,-1,-1
5,1001,570.21,518.67,57.51,76.67,0.79,-1,-1,-1
5,1002,530.25,204.88,16.54,16.06,0.65,-1,-1,-1
5,1003,543.49,388.71,49.66,36.01,0.65,-1,-1,-1
5,1004,567.79,206.52,16.83,17.03,0.49,-1,-1,-1
5,1005,669.03,557.90,16.10,31.13,0.57,-1,-1,-1
5,642,561.66,519.22,80.04,76.95,0.53,-1,-1,-1
5,1006,554.19,423.38,36.02,34.78,0.62,-1,-1,-1
5,1007,666.57,565.52,20.41,40.10,0.62,-1,-1,-1
5,1008,550.22,362.62,31.25,26.13,0.62,-1,-1,-1
5,1010,630.25,201.50,37.35,16.97,0.58,-1,-1,-1
6,996,548.72,467.91,45.45,51.35,0.79,-1,-1,-1
6,997,451.96,441.13,43.49,52.39,0.79,-1,-1,-1
6,998,501.31,220.74,19.94,26.16,0.77,-1,-1,-1
6,999,511.13,259.38,48.51,21.10,0.68,-1,-1,-1
6,1000,631.14,409.23,27.43,45.33,0.76,-1,-1,-1
6,1001,570.08,518.74,57.80,77.11,0.83,-1,-1,-1
6,1002,530.24,204.15,16.91,16.40,0.62,-1,-1,-1
6,1003,545.73,391.39,45.99,33.63,0.64,-1,-1,-1
6,1004,567.96,206.76,16.72,16.84,0.61,-1,-1,-1
6,1005,668.66,554.77,15.40,29.55,0.57,-1,-1,-1
6,642,562.68,519.12,77.29,77.39,0.59,-1,-1,-1
6,1006,551.76,421.16,41.11,39.71,0.65,-1,-1,-1
6,1007,666.43,566.16,18.97,37.25,0.59,-1,-1,-1
6,1008,550.34,362.64,30.79,25.75,0.54,-1,-1,-1
6,1010,629.89,201.46,38.06,17.32,0.63,-1,-1,-1
7,996,548.81,468.00,45.83,51.85,0.78,-1,-1,-1
7,997,451.68,442.24,44.42,53.50,0.80,-1,-1,-1
7,998,501.55,220.42,20.18,26.53,0.80,-1,-1,-1
7,999,505.79,257.25,51.73,22.45,0.70,-1,-1,-1
7,1000,631.73,407.94,27.38,45.13,0.13,-1,-1,-1
7,1001,570.47,518.81,57.78,77.13,0.82,-1,-1,-1
7,1002,530.49,204.42,16.72,16.21,0.57,-1,-1,-1
7,1003,547.07,392.91,44.08,32.54,0.68,-1,-1,-1
7,1004,568.33,207.00,16.65,16.66,0.51,-1,-1,-1
7,1005,668.10,553.31,15.31,29.09,0.56,-1,-1,-1
7,642,563.84,519.08,74.82,77.34,0.53,-1,-1,-1
7,1006,548.79,421.47,47.77,46.33,0.68,-1,-1,-1
7,1007,665.10,562.58,19.01,37.34,0.57,-1,-1,-1
7,1008,550.95,364.83,29.54,24.66,0.51,-1,-1,-1
7,1010,630.82,201.75,36.98,16.84,0.62,-1,-1,-1
7,1011,657.90,505.87,24.30,38.18,0.67,-1,-1,-1
8,996,549.02,467.84,46.15,52.27,0.78,-1,-1,-1
8,997,451.73,443.70,44.85,54.05,0.82,-1,-1,-1
8,998,502.21,220.50,20.18,26.57,0.81,-1,-1,-1
8,999,503.90,258.63,49.84,21.40,0.65,-1,-1,-1
8,1000,631.12,405.93,28.15,46.19,0.60,-1,-1,-1
8,1001,571.12,519.04,57.42,76.61,0.72,-1,-1,-1
8,1002,530.95,204.06,16.58,16.08,0.53,-1,-1,-1
8,1003,550.44,397.33,38.67,28.60,0.66,-1,-1,-1
8,1004,568.72,207.18,16.50,16.45,0.50,-1,-1,-1
8,1005,667.53,550.80,16.27,30.74,0.60,-1,-1,-1
8,642,565.13,519.21,72.44,76.66,0.67,-1,-1,-1
8,1006,549.15,421.10,49.57,48.38,0.68,-1,-1,-1
8,1007,665.37,559.19,18.71,36.68,0.54,-1,-1,-1
8,1008,551.40,361.93,30.71,25.65,0.43,-1,-1,-1
8,1010,631.76,202.11,36.17,16.51,0.56,-1,-1,-1
8,1011,658.62,505.55,23.82,37.47,0.34,-1,-1,-1
9,996,550.98,467.83,46.40,52.59,0.79,-1,-1,-1
9,997,453.32,444.69,45.42,54.89,0.79,-1,-1,-1
9,998,504.75,223.13,18.64,24.34,0.74,-1,-1,-1
9,999,495.81,259.27,60.08,25.75,0.55,-1,-1,-1
9,1000,632.84,404.99,28.39,46.35,0.38,-1,-1,-1
9,1001,573.24,519.03,56.79,75.56,0.71,-1,-1,-1
9,1002,532.48,203.48,17.01,16.48,0.61,-1,-1,-1
9,1003,549.01,391.33,44.84,33.72,0.73,-1,-1,-1
9,1004,570.44,207.22,16.42,16.32,0.63,-1,-1,-1
9,1005,668.27,548.07,17.06,32.16,0.59,-1,-1,-1
9,642,568.14,518.87,70.03,75.68,0.57,-1,-1,-1
9,1006,550.57,421.11,49.77,48.94,0.55,-1,-1,-1
9,1007,667.12,557.19,18.43,36.04,0.54,-1,-1,-1
9,1008,553.32,365.62,31.55,26.39,0.42,-1,-1,-1
9,1010,634.18,202.89,34.65,15.80,0.53,-1,-1,-1
9,1011,661.22,506.94,21.94,34.44,0.53,-1,-1,-1
9,1013,787.42,220.11,31.31,16.83,0.55,-1,-1,-1
10,996,557.49,468.66,45.44,51.54,0.75,-1,-1,-1
10,997,458.99,445.49,46.06,55.94,0.84,-1,-1,-1
10,998,511.16,224.48,18.28,23.70,0.66,-1,-1,-1
10,999,502.90,259.35,54.58,23.21,0.61,-1,-1,-1
10,1000,639.48,404.29,27.96,45.40,0.34,-1,-1,-1
10,1001,580.17,519.07,56.43,74.89,0.41,-1,-1,-1
10,1003,553.54,389.63,46.37,35.40,0.64,-1,-1,-1
10,1004,576.29,207.16,17.17,17.00,0.65,-1,-1,-1
10,642,574.95,518.54,68.61,75.49,0.66,-1,-1,-1
10,1006,558.14,420.87,46.26,45.57,0.51,-1,-1,-1
10,1010,639.20,202.44,37.55,17.16,0.43,-1,-1,-1
10,1011,667.05,503.13,22.99,36.17,0.80,-1,-1,-1
10,1013,793.28,219.41,33.78,18.14,0.66,-1,-1,-1
11,996,565.66,469.06,45.01,50.97,0.75,-1,-1,-1
11,997,466.69,445.97,46.43,56.76,0.81,-1,-1,-1
11,998,518.62,223.54,19.26,24.89,0.64,-1,-1,-1
11,999,511.36,259.29,52.99,22.50,0.61,-1,-1,-1
11,1000,647.13,403.09,27.52,44.27,0.50,-1,-1,-1
11,1003,561.46,390.33,45.78,35.52,0.56,-1,-1,-1
11,642,582.63,518.57,67.34,75.26,0.64,-1,-1,-1
11,1006,566.23,421.22,46.46,46.08,0.54,-1,-1,-1
11,1010,645.63,202.28,39.22,17.99,0.28,-1,-1,-1
11,1011,673.90,501.05,22.98,36.16,0.58,-1,-1,-1
11,1013,803.48,219.57,32.83,17.60,0.63,-1,-1,-1
12,996,574.07,468.88,44.86,50.77,0.74,-1,-1,-1
12,997,474.49,445.82,47.16,57.98,0.81,-1,-1,-1
12,998,527.17,223.06,19.66,25.28,0.70,-1,-1,-1
12,999,517.79,258.87,51.96,22.15,0.65,-1,-1,-1
12,1000,655.73,402.10,27.82,44.57,0.66,-1,-1,-1
12,1003,572.11,394.09,40.67,31.69,0.60,-1,-1,-1
12,642,592.38,519.41,65.39,73.72,0.65,-1,-1,-1
12,1006,573.91,422.00,48.59,48.68,0.52,-1,-1,-1
12,1010,654.34,202.59,39.18,17.98,0.26,-1,-1,-1
12,1011,681.62,498.81,23.48,37.01,0.57,-1,-1,-1
12,1013,812.18,219.63,33.82,18.10,0.65,-1,-1,-1
12,1014,308.15,246.51,39.51,21.50,0.66,-1,-1,-1
13,996,581.39,468.10,45.79,51.76,0.77,-1,-1,-1
13,997,483.32,447.21,46.91,57.93,0.77,-1,-1,-1
13,998,536.20,223.56,19.26,24.57,0.66,-1,-1,-1
13,999,525.53,258.78,50.65,21.75,0.63,-1,-1,-1
13,1000,664.19,401.30,27.74,44.21,0.68,-1,-1,-1
13,1003,579.76,391.14,43.26,34.31,0.66,-1,-1,-1
13,642,600.21,519.16,65.47,74.65,0.70,-1,-1,-1
13,1006,581.76,421.68,48.92,49.46,0.58,-1,-1,-1
13,1010,663.98,202.81,38.30,17.61,0.42,-1,-1,-1
13,1011,689.67,499.87,22.39,35.05,0.54,-1,-1,-1
13,1013,819.51,219.67,35.21,18.74,0.62,-1,-1,-1
13,1014,315.13,246.55,38.64,20.95,0.68,-1,-1,-1
14,996,589.95,467.78,45.08,51.12,0.76,-1,-1,-1
14,997,491.57,448.32,46.89,58.13,0.80,-1,-1,-1
14,998,545.10,223.51,19.37,24.61,0.69,-1,-1,-1
14,999,533.41,259.00,49.05,21.20,0.69,-1,-1,-1
14,1000,672.54,400.99,28.44,45.26,0.60,-1,-1,-1
14,1003,587.52,389.38,44.04,35.44,0.63,-1,-1,-1
14,642,608.75,518.45,64.47,74.34,0.55,-1,-1,-1
14,1006,589.29,421.24,49.87,50.95,0.53,-1,-1,-1
14,1010,672.63,203.01,37.69,17.32,0.39,-1,-1,-1
14,1011,696.86,497.97,23.24,36.41,0.59,-1,-1,-1
14,1013,826.54,219.67,37.36,19.79,0.63,-1,-1,-1
14,1014,320.67,246.66,37.27,20.12,0.64,-1,-1,-1
14,1025,645.40,263.64,44.41,20.82,0.64,-1,-1,-1
15,996,597.56,467.52,45.90,52.15,0.68,-1,-1,-1
15,997,500.11,450.04,47.00,58.55,0.77,-1,-1,-1
15,998,553.23,222.18,20.50,26.05,0.65,-1,-1,-1
15,999,539.61,259.12,48.81,21.24,0.67,-1,-1,-1
15,1000,681.16,400.51,27.99,44.37,0.50,-1,-1,-1
15,1003,597.43,391.81,41.41,33.71,0.60,-1,-1,-1
15,642,615.78,517.34,65.15,75.74,0.55,-1,-1,-1
15,1006,598.23,421.34,48.81,50.39,0.61,-1,-1,-1
15,1010,681.15,203.11,38.24,17.64,0.37,-1,-1,-1
15,1011,704.99,498.74,21.93,34.12,0.32,-1,-1,-1
15,1013,833.38,219.78,36.87,19.21,0.62,-1,-1,-1
15,1014,325.72,245.43,38.93,20.90,0.67,-1,-1,-1
15,1025,649.28,263.19,46.35,21.70,0.76,-1,-1,-1
15,1028,717.23,671.52,34.32,49.67,0.83,-1,-1,-1
15,1004,582.64,200.53,18.65,18.59,0.68,-1,-1,-1
16,996,605.23,467.34,45.21,51.51,0.79,-1,-1,-1
16,997,507.78,452.17,46.20,57.74,0.85,-1,-1,-1
16,998,561.99,224.37,18.78,23.65,0.67,-1,-1,-1
16,999,547.23,259.25,47.68,21.06,0.70,-1,-1,-1
16,1000,688.47,398.96,28.55,45.26,0.45,-1,-1,-1
16,1003,603.72,387.53,44.06,36.53,0.59,-1,-1,-1
16,642,622.72,517.63,64.71,75.95,0.62,-1,-1,-1
16,1006,609.52,421.27,39.40,39.86,0.51,-1,-1,-1
16,1010,689.67,203.49,36.85,16.98,0.24,-1,-1,-1
16,1011,712.58,498.60,21.08,32.59,0.56,-1,-1,-1
16,1013,841.75,220.12,37.42,19.36,0.62,-1,-1,-1
16,1014,331.70,244.94,38.83,20.62,0.67,-1,-1,-1
16,1025,653.16,263.28,47.80,22.29,0.76,-1,-1,-1
16,1028,722.12,668.87,33.67,48.71,0.60,-1,-1,-1
16,1004,588.12,199.69,18.68,18.83,0.62,-1,-1,-1
17,996,609.75,467.23,45.21,51.63,0.76,-1,-1,-1
17,997,511.97,453.61,45.88,57.37,0.86,-1,-1,-1
17,998,567.36,223.74,19.29,24.31,0.76,-1,-1,-1
17,999,552.36,260.18,43.86,19.52,0.70,-1,-1,-1
17,1003,609.70,389.62,41.29,34.58,0.61,-1,-1,-1
17,642,628.90,518.57,62.49,73.59,0.54,-1,-1,-1
17,1006,611.44,420.89,43.87,44.55,0.60,-1,-1,-1
17,1010,695.54,203.68,36.23,16.65,0.50,-1,-1,-1
17,1011,715.65,494.32,22.60,35.07,0.62,-1,-1,-1
17,1013,851.03,221.13,36.35,18.90,0.60,-1,-1,-1
17,1014,334.76,244.94,38.06,19.97,0.68,-1,-1,-1
17,1025,654.39,262.95,49.20,22.83,0.76,-1,-1,-1
17,1028,725.76,663.20,33.73,48.85,0.58,-1,-1,-1
17,1004,593.27,199.37,17.44,17.70,0.69,-1,-1,-1
18,996,613.32,467.23,44.58,50.80,0.79,-1,-1,-1
18,997,514.68,455.44,45.70,57.11,0.86,-1,-1,-1
18,998,570.03,222.28,20.19,25.56,0.75,-1,-1,-1
18,999,553.71,260.50,42.65,19.23,0.45,-1,-1,-1
18,1003,612.76,390.11,40.42,34.24,0.64,-1,-1,-1
18,642,631.84,518.55,61.64,73.08,0.64,-1,-1,-1
18,1006,613.22,421.11,46.71,47.86,0.59,-1,-1,-1
18,1010,698.89,203.62,36.30,16.68,0.53,-1,-1,-1
18,1011,717.09,492.23,23.58,36.75,0.55,-1,-1,-1
18,1013,855.64,221.39,35.33,18.43,0.62,-1,-1,-1
18,1014,333.38,244.51,38.61,20.05,0.72,-1,-1,-1
18,1025,656.21,262.88,48.56,22.38,0.78,-1,-1,-1
18,1028,727.73,655.95,34.00,49.37,0.59,-1,-1,-1
18,1004,596.30,199.03,17.13,17.46,0.68,-1,-1,-1
18,1031,345.56,321.04,54.33,28.30,0.68,-1,-1,-1
18,1032,633.61,207.79,17.38,16.79,0.62,-1,-1,-1
19,996,614.99,467.32,44.52,50.68,0.78,-1,-1,-1
19,997,516.31,456.56,46.12,57.89,0.82,-1,-1,-1
19,998,571.58,221.00,21.06,26.76,0.78,-1,-1,-1
19,999,551.70,259.20,44.40,20.41,0.26,-1,-1,-1
19,1003,615.28,391.37,38.83,33.03,0.65,-1,-1,-1
19,642,633.08,518.52,61.97,73.84,0.69,-1,-1,-1
19,1006,614.98,421.85,46.79,48.21,0.67,-1,-1,-1
19,1010,701.12,203.82,35.75,16.36,0.50,-1,-1,-1
19,1011,718.81,491.57,23.53,36.84,0.51,-1,-1,-1
19,1013,856.39,220.98,36.32,19.08,0.60,-1,-1,-1
19,1014,329.96,244.26,39.33,20.17,0.67,-1,-1,-1
19,1025,656.73,262.99,46.37,21.19,0.82,-1,-1,-1
19,1028,727.94,650.47,34.73,50.62,0.72,-1,-1,-1
19,1004,597.99,197.88,17.41,17.93,0.59,-1,-1,-1
19,1031,349.71,321.05,53.81,27.98,0.52,-1,-1,-1
19,1032,634.63,207.49,17.40,16.83,0.42,-1,-1,-1
20,996,616.22,467.11,44.64,50.83,0.76,-1,-1,-1
20,997,517.26,459.10,46.24,58.05,0.81,-1,-1,-1
20,998,572.71,220.50,21.32,27.25,0.75,-1,-1,-1
20,999,549.26,258.51,45.57,21.36,0.16,-1,-1,-1
20,1003,616.75,391.57,38.50,32.90,0.65,-1,-1,-1
20,642,633.93,518.09,62.17,74.50,0.64,-1,-1,-1
20,1006,617.37,423.72,44.52,45.80,0.57,-1,-1,-1
20,1010,701.83,203.90,36.23,16.57,0.49,-1,-1,-1
20,1011,719.84,491.19,23.21,36.61,0.58,-1,-1,-1
20,1013,855.50,220.76,36.21,18.78,0.55,-1,-1,-1
20,1014,326.75,244.00,39.99,20.26,0.70,-1,-1,-1
20,1025,654.59,262.92,45.90,20.76,0.83,-1,-1,-1
20,1028,727.83,645.37,35.19,51.34,0.64,-1,-1,-1
20,1004,599.38,197.97,16.67,17.29,0.69,-1,-1,-1
20,1031,351.31,320.18,55.30,28.71,0.56,-1,-1,-1
20,1032,636.33,207.73,16.93,16.42,0.38,-1,-1,-1
21,996,616.90,466.92,44.87,51.15,0.76,-1,-1,-1
21,997,518.03,460.87,46.41,58.24,0.83,-1,-1,-1
21,998,573.30,220.54,21.17,27.21,0.47,-1,-1,-1
21,1003,617.73,391.77,38.53,33.16,0.61,-1,-1,-1
21,642,635.61,518.20,61.71,74.49,0.72,-1,-1,-1
21,1006,619.51,422.02,39.90,40.41,0.58,-1,-1,-1
21,1010,702.55,204.05,35.71,16.35,0.44,-1,-1,-1
21,1011,720.67,492.31,22.19,35.10,0.23,-1,-1,-1
21,1013,856.37,220.71,36.35,18.77,0.59,-1,-1,-1
21,1014,322.86,243.67,40.29,20.19,0.76,-1,-1,-1
21,1025,649.79,262.42,48.11,21.69,0.80,-1,-1,-1
21,1028,728.33,641.34,34.26,50.19,0.68,-1,-1,-1
21,1004,600.09,197.94,16.38,17.05,0.71,-1,-1,-1
21,1031,351.05,319.88,56.20,29.17,0.67,-1,-1,-1
21,1032,636.97,207.84,16.97,16.51,0.39,-1,-1,-1
21,1033,634.44,517.63,58.93,75.32,0.60,-1,-1,-1
22,996,617.29,467.08,44.89,51.19,0.77,-1,-1,-1
22,997,518.10,461.94,47.22,59.43,0.82,-1,-1,-1
22,998,572.92,218.59,22.77,29.65,0.34,-1,-1,-1
22,1003,617.72,390.27,39.65,34.51,0.62,-1,-1,-1
22,642,636.10,518.15,61.60,74.99,0.65,-1,-1,-1
22,1006,620.45,421.52,38.77,38.80,0.59,-1,-1,-1
22,1010,702.93,204.22,35.62,16.27,0.62,-1,-1,-1
22,1011,721.40,493.24,20.33,32.04,0.57,-1,-1,-1
22,1013,856.59,220.59,37.36,19.24,0.59,-1,-1,-1
22,1014,318.68,243.30,41.06,20.43,0.81,-1,-1,-1
22,1025,647.03,262.47,47.90,21.44,0.78,-1,-1,-1
22,1028,729.16,636.26,33.46,49.23,0.64,-1,-1,-1
22,1004,600.46,197.80,16.31,17.04,0.67,-1,-1,-1
22,1031,350.85,320.39,55.49,28.82,0.71,-1,-1,-1
22,1032,637.66,207.58,17.28,16.82,0.32,-1,-1,-1
22,1033,634.15,517.41,59.63,76.24,0.57,-1,-1,-1
22,1034,361.81,293.42,9.52,20.66,0.58,-1,-1,-1
23,996,617.68,467.44,45.00,51.36,0.77,-1,-1,-1
23,997,518.15,462.76,47.93,60.51,0.80,-1,-1,-1
23,998,573.80,219.46,21.74,28.47,0.59,-1,-1,-1
23,1003,620.89,395.24,34.73,29.91,0.65,-1,-1,-1
23,642,635.25,517.67,62.77,76.89,0.48,-1,-1,-1
23,1006,620.23,421.35,40.45,40.29,0.62,-1,-1,-1
23,1010,702.94,204.46,35.43,16.13,0.58,-1,-1,-1
23,1011,720.43,489.81,21.61,34.24,0.55,-1,-1,-1
23,1013,854.90,220.48,38.32,19.49,0.61,-1,-1,-1
23,1014,315.26,242.85,41.81,20.68,0.70,-1,-1,-1
23,1025,643.85,262.58,48.80,21.73,0.79,-1,-1,-1
23,1028,729.04,632.29,33.23,49.18,0.55,-1,-1,-1
23,1004,600.94,197.80,16.01,16.75,0.70,-1,-1,-1
23,1031,351.15,320.36,55.38,28.78,0.73,-1,-1,-1
23,1032,637.93,207.59,17.17,16.77,0.44,-1,-1,-1
23,1033,635.11,517.96,59.81,76.57,0.73,-1,-1,-1
23,1034,362.38,292.33,9.66,21.00,0.56,-1,-1,-1
23,1035,720.67,362.43,13.15,28.88,0.62,-1,-1,-1
24,996,617.61,467.30,45.51,51.96,0.78,-1,-1,-1
24,997,518.41,464.09,48.83,61.82,0.81,-1,-1,-1
24,998,574.37,218.73,22.03,29.06,0.65,-1,-1,-1
24,1003,619.05,391.08,38.89,33.96,0.69,-1,-1,-1
24,642,636.48,518.07,62.22,76.81,0.75,-1,-1,-1
24,1006,618.91,421.43,45.70,46.09,0.70,-1,-1,-1
24,1010,703.51,204.60,35.83,16.25,0.67,-1,-1,-1
24,1011,720.63,487.69,22.11,35.23,0.58,-1,-1,-1
24,1013,856.41,220.56,38.19,19.41,0.67,-1,-1,-1
24,1014,313.54,242.91,40.83,20.20,0.70,-1,-1,-1
24,1025,640.45,262.45,50.15,22.26,0.81,-1,-1,-1
24,1028,728.59,629.00,33.12,49.14,0.50,-1,-1,-1
24,1004,601.20,197.54,16.09,16.85,0.62,-1,-1,-1
24,1031,351.61,320.36,55.11,28.64,0.71,-1,-1,-1
24,1032,638.23,207.22,17.84,17.48,0.32,-1,-1,-1
24,1033,634.93,517.47,60.90,77.99,0.58,-1,-1,-1
24,1034,362.89,291.30,10.08,22.00,0.50,-1,-1,-1
24,1035,721.24,361.08,13.74,30.19,0.59,-1,-1,-1
24,1036,720.30,526.05,18.13,32.75,0.63,-1,-1,-1
25,996,617.86,467.36,45.77,52.29,0.78,-1,-1,-1
25,997,519.33,466.08,48.64,61.80,0.78,-1,-1,-1
25,998,575.21,219.22,21.59,28.58,0.76,-1,-1,-1
25,1003,618.83,389.56,40.21,35.59,0.71,-1,-1,-1
25,642,637.62,518.28,61.62,76.54,0.77,-1,-1,-1
25,1006,618.69,421.53,47.90,48.94,0.74,-1,-1,-1
25,1010,704.12,204.64,36.46,16.54,0.69,-1,-1,-1
25,1011,721.23,487.59,21.64,34.33,0.22,-1,-1,-1
25,1013,856.79,220.73,38.27,19.36,0.67,-1,-1,-1
25,1014,311.42,242.77,41.02,20.42,0.55,-1,-1,-1
25,1025,637.25,261.95,50.89,22.53,0.76,-1,-1,-1
25,1028,728.88,627.21,31.96,47.37,0.54,-1,-1,-1
25,1004,601.61,197.23,16.09,16.87,0.72,-1,-1,-1
25,1031,352.37,320.22,56.06,29.09,0.74,-1,-1,-1
25,1032,639.24,207.39,17.83,17.46,0.28,-1,-1,-1
25,1033,635.57,517.30,61.10,78.27,0.60,-1,-1,-1
25,1034,363.55,290.49,10.06,21.97,0.50,-1,-1,-1
25,1035,722.24,360.44,13.67,29.98,0.53,-1,-1,-1
25,1036,719.60,521.07,19.63,35.49,0.59,-1,-1,-1
26,996,618.24,467.26,46.13,52.80,0.78,-1,-1,-1
26,997,520.53,468.52,47.87,61.01,0.79,-1,-1,-1
26,998,575.58,218.85,21.80,29.13,0.75,-1,-1,-1
26,1003,618.25,387.47,41.59,37.28,0.73,-1,-1,-1
26,642,638.73,518.82,60.60,75.68,0.71,-1,-1,-1
26,1006,618.78,421.80,48.64,50.35,0.71,-1,-1,-1
26,1010,704.70,204.75,35.97,16.29,0.66,-1,-1,-1
26,1011,721.45,486.40,21.33,33.71,0.47,-1,-1,-1
26,1013,858.20,220.91,37.35,18.86,0.66,-1,-1,-1
26,1014,309.37,242.96,39.42,19.81,0.23,-1,-1,-1
26,1025,636.37,262.31,48.64,21.31,0.74,-1,-1,-1
26,1028,729.36,620.79,32.07,48.09,0.60,-1,-1,-1
26,1004,601.90,196.26,16.60,17.46,0.64,-1,-1,-1
26,1031,353.71,320.91,55.47,28.72,0.73,-1,-1,-1
26,1032,639.65,207.40,18.05,17.70,0.32,-1,-1,-1
26,1033,636.60,517.88,60.19,77.07,0.58,-1,-1,-1
26,1034,364.37,290.75,9.76,21.40,0.47,-1,-1,-1
26,1035,723.18,359.92,13.33,29.18,0.50,-1,-1,-1
26,1036,719.62,518.13,19.82,35.87,0.51,-1,-1,-1
27,996,618.82,467.74,45.98,52.68,0.77,-1,-1,-1
27,997,521.03,470.39,47.87,61.22,0.79,-1,-1,-1
27,998,576.07,219.65,21.21,28.52,0.78,-1,-1,-1
27,1003,619.27,388.11,40.21,36.29,0.71,-1,-1,-1
27,642,638.94,518.61,60.52,75.83,0.78,-1,-1,-1
27,1006,619.35,421.87,48.42,50.79,0.63,-1,-1,-1
27,1010,704.98,204.52,36.54,16.50,0.57,-1,-1,-1
27,1011,721.65,486.31,20.81,32.79,0.22,-1,-1,-1
27,1013,858.07,221.06,37.46,18.85,0.64,-1,-1,-1
27,1014,308.62,243.25,37.70,19.29,0.16,-1,-1,-1
27,1025,633.46,262.23,48.10,20.99,0.76,-1,-1,-1
27,1028,729.84,617.32,31.31,47.35,0.53,-1,-1,-1
27,1004,602.36,196.03,16.44,17.30,0.67,-1,-1,-1
27,1031,352.70,320.66,55.86,28.96,0.69,-1,-1,-1
27,1032,640.15,207.63,18.06,17.70,0.32,-1,-1,-1
27,1033,637.13,517.61,60.05,76.91,0.62,-1,-1,-1
27,1034,364.89,290.92,9.49,20.88,0.43,-1,-1,-1
27,1035,724.26,359.55,13.47,29.53,0.44,-1,-1,-1
27,1036,719.88,515.52,20.29,36.78,0.45,-1,-1,-1
28,996,619.50,467.78,45.73,52.42,0.78,-1,-1,-1
28,997,521.61,472.34,48.12,61.97,0.81,-1,-1,-1
28,998,576.41,219.33,21.39,28.92,0.80,-1,-1,-1
28,1003,619.32,387.36,40.55,36.94,0.73,-1,-1,-1
28,642,639.37,518.99,60.37,75.91,0.85,-1,-1,-1
28,1006,620.20,423.23,47.52,50.21,0.63,-1,-1,-1
28,1010,705.21,204.40,37.09,16.74,0.60,-1,-1,-1
28,1011,722.12,486.33,20.05,31.35,0.29,-1,-1,-1
28,1013,858.29,221.10,37.62,18.87,0.65,-1,-1,-1
28,1014,308.98,243.61,34.58,18.24,0.18,-1,-1,-1
28,1025,628.76,261.47,50.25,21.89,0.76,-1,-1,-1
28,1028,730.12,612.93,30.85,46.94,0.49,-1,-1,-1
28,1004,602.92,195.55,16.33,17.19,0.63,-1,-1,-1
28,1031,353.23,321.17,55.10,28.53,0.70,-1,-1,-1
28,1032,640.71,207.96,17.97,17.56,0.22,-1,-1,-1
28,1033,637.84,518.30,59.71,76.47,0.68,-1,-1,-1
28,1034,365.76,292.53,9.23,20.37,0.39,-1,-1,-1
28,1035,725.36,359.09,12.93,28.32,0.51,-1,-1,-1
28,1036,720.17,513.67,20.31,36.95,0.52,-1,-1,-1
29,996,619.81,467.83,45.85,52.49,0.80,-1,-1,-1
29,997,522.47,474.55,47.69,61.80,0.82,-1,-1,-1
29,998,576.52,218.83,21.74,29.57,0.78,-1,-1,-1
29,1003,620.04,387.68,39.93,36.62,0.77,-1,-1,-1
29,642,639.91,519.36,60.39,76.23,0.90,-1,-1,-1
29,1006,620.37,422.60,47.97,51.29,0.63,-1,-1,-1
29,1010,705.70,204.35,37.24,16.82,0.66,-1,-1,-1
29,1011,722.23,485.23,20.22,31.41,0.12,-1,-1,-1
29,1013,858.55,220.97,37.71,18.87,0.66,-1,-1,-1
29,1025,624.36,261.48,50.50,21.78,0.77,-1,-1,-1
29,1028,730.43,610.33,30.49,46.41,0.56,-1,-1,-1
29,1004,603.43,195.15,16.28,17.18,0.63,-1,-1,-1
29,1031,352.56,320.66,55.77,29.02,0.72,-1,-1,-1
29,1032,641.13,207.96,18.30,17.89,0.22,-1,-1,-1
29,1033,638.36,518.67,59.53,76.29,0.55,-1,-1,-1
29,1034,366.24,293.36,9.24,20.47,0.48,-1,-1,-1
29,1035,726.30,358.51,12.66,27.63,0.54,-1,-1,-1
29,1036,719.88,509.89,20.94,38.36,0.54,-1,-1,-1
29,1038,620.14,341.38,29.92,27.99,0.55,-1,-1,-1
30,996,619.71,467.65,46.38,53.14,0.80,-1,-1,-1
30,997,522.04,476.54,48.41,62.96,0.85,-1,-1,-1
30,998,576.74,219.44,21.22,29.00,0.76,-1,-1,-1
30,1003,620.54,388.34,39.09,36.04,0.73,-1,-1,-1
30,642,639.71,519.26,59.84,75.65,0.41,-1,-1,-1
30,1006,620.78,422.60,47.88,51.75,0.61,-1,-1,-1
30,1010,705.57,204.74,36.49,16.56,0.71,-1,-1,-1
30,1011,720.95,480.23,22.01,34.42,0.58,-1,-1,-1
30,1013,857.57,221.00,38.31,19.02,0.66,-1,-1,-1
30,1025,622.56,262.01,48.93,20.93,0.79,-1,-1,-1
30,1028,730.35,605.86,30.68,47.08,0.63,-1,-1,-1
30,1004,603.87,194.67,16.13,17.11,0.63,-1,-1,-1
30,1031,351.97,320.84,55.76,29.27,0.73,-1,-1,-1
30,1032,641.21,207.86,18.59,18.31,0.25,-1,-1,-1
30,1033,639.83,519.48,59.07,75.81,0.92,-1,-1,-1
30,1034,366.66,294.96,8.77,19.42,0.44,-1,-1,-1
30,1035,726.64,358.35,12.79,27.89,0.54,-1,-1,-1
30,1036,719.93,508.92,20.28,37.33,0.65,-1,-1,-1
30,1038,620.02,340.98,30.42,28.45,0.66,-1,-1,-1
31,996,619.99,467.97,46.11,52.85,0.81,-1,-1,-1
31,997,520.91,478.01,49.74,64.99,0.83,-1,-1,-1
31,998,576.70,219.58,21.10,28.94,0.79,-1,-1,-1
31,1003,620.74,388.63,38.75,35.89,0.75,-1,-1,-1
31,642,639.46,519.43,59.55,75.33,0.56,-1,-1,-1
31,1006,621.56,423.52,46.79,50.84,0.62,-1,-1,-1
31,1010,705.85,204.92,36.40,16.54,0.73,-1,-1,-1
31,1011,720.78,478.70,21.86,34.18,0.39,-1,-1,-1
31,1013,857.16,221.27,38.72,19.12,0.68,-1,-1,-1
31,1025,619.56,261.94,49.86,21.35,0.82,-1,-1,-1
31,1028,730.41,602.43,30.13,46.48,0.63,-1,-1,-1
31,1004,604.11,194.81,15.78,16.77,0.63,-1,-1,-1
31,1031,352.10,320.95,55.58,29.38,0.67,-1,-1,-1
31,1032,640.83,207.69,18.77,18.60,0.30,-1,-1,-1
31,1033,640.16,519.83,58.91,75.65,0.90,-1,-1,-1
31,1034,366.73,296.21,8.41,18.58,0.42,-1,-1,-1
31,1035,726.80,358.03,12.90,28.11,0.55,-1,-1,-1
31,1036,720.06,507.93,19.76,36.49,0.60,-1,-1,-1
31,1038,619.75,340.92,30.58,28.61,0.66,-1,-1,-1
32,996,620.01,468.19,46.01,52.75,0.81,-1,-1,-1
32,997,521.44,479.63,49.76,65.42,0.81,-1,-1,-1
32,998,576.54,220.14,20.75,28.51,0.78,-1,-1,-1
32,1003,620.61,388.46,38.97,36.32,0.78,-1,-1,-1
32,642,639.45,519.49,59.23,74.95,0.59,-1,-1,-1
32,1006,621.82,424.14,46.09,50.30,0.62,-1,-1,-1
32,1010,705.87,205.17,36.09,16.41,0.72,-1,-1,-1
32,1011,720.90,479.03,21.14,32.84,0.35,-1,-1,-1
32,1013,856.76,221.59,39.05,19.18,0.66,-1,-1,-1
32,1025,616.29,261.84,50.31,21.50,0.76,-1,-1,-1
32,1028,731.98,596.04,25.70,39.69,0.53,-1,-1,-1
32,1004,603.87,194.46,15.92,16.94,0.64,-1,-1,-1
32,1031,352.30,321.23,55.13,29.29,0.70,-1,-1,-1
32,1032,640.86,207.83,18.81,18.70,0.16,-1,-1,-1
32,1033,640.32,520.03,58.68,75.39,0.88,-1,-1,-1
32,1034,366.34,295.26,8.83,19.55,0.46,-1,-1,-1
32,1035,726.80,357.51,13.02,28.39,0.55,-1,-1,-1
32,1036,719.85,507.05,19.40,35.88,0.53,-1,-1,-1
32,1038,619.76,340.79,30.71,28.72,0.65,-1,-1,-1
33,996,620.00,468.30,46.09,52.87,0.82,-1,-1,-1
33,997,521.40,481.06,49.81,65.83,0.82,-1,-1,-1
33,998,576.47,220.74,20.29,27.87,0.82,-1,-1,-1
33,1003,620.28,387.95,39.44,37.04,0.79,-1,-1,-1
33,642,639.36,519.48,59.39,75.21,0.49,-1,-1,-1
33,1006,621.75,423.85,46.16,50.63,0.64,-1,-1,-1
33,1010,705.88,205.19,35.83,16.29,0.70,-1,-1,-1
33,1011,719.75,476.38,22.57,35.16,0.48,-1,-1,-1
33,1013,857.43,221.81,38.44,18.82,0.68,-1,-1,-1
33,1025,612.90,261.69,51.64,21.96,0.78,-1,-1,-1
33,1028,733.05,591.90,24.16,36.97,0.18,-1,-1,-1
33,1004,603.73,194.26,15.82,16.85,0.64,-1,-1,-1
33,1031,352.77,321.41,54.89,29.18,0.65,-1,-1,-1
33,1032,640.50,207.56,19.00,19.05,0.34,-1,-1,-1
33,1033,640.38,520.16,58.91,75.71,0.90,-1,-1,-1
33,1034,366.12,294.54,9.05,20.14,0.42,-1,-1,-1
33,1035,726.81,356.88,12.96,28.23,0.56,-1,-1,-1
33,1036,718.96,505.36,19.25,35.85,0.58,-1,-1,-1
33,1038,619.55,340.66,30.80,28.82,0.73,-1,-1,-1
34,996,619.82,468.35,45.95,52.70,0.81,-1,-1,-1
34,997,521.64,484.01,49.90,66.41,0.84,-1,-1,-1
34,998,576.19,220.53,20.42,28.14,0.78,-1,-1,-1
34,1003,620.20,387.54,39.62,37.53,0.82,-1,-1,-1
34,642,640.14,519.75,59.45,75.64,0.46,-1,-1,-1
34,1006,621.55,423.36,46.12,51.00,0.62,-1,-1,-1
34,1010,705.82,205.34,35.27,16.07,0.69,-1,-1,-1
34,1011,719.62,475.88,22.05,34.33,0.15,-1,-1,-1
34,1013,857.73,221.91,38.07,18.61,0.68,-1,-1,-1
34,1025,609.26,261.13,52.46,22.29,0.79,-1,-1,-1
34,1028,733.09,587.57,21.80,33.08,0.56,-1,-1,-1
34,1004,603.72,194.65,15.29,16.18,0.62,-1,-1,-1
34,1031,352.98,321.29,55.38,29.50,0.65,-1,-1,-1
34,1032,640.42,207.54,18.93,19.19,0.32,-1,-1,-1
34,1033,640.40,520.26,59.18,76.23,0.90,-1,-1,-1
34,1034,366.03,294.21,9.05,20.19,0.37,-1,-1,-1
34,1035,727.10,356.15,12.53,27.16,0.52,-1,-1,-1
34,1036,718.43,502.09,19.52,36.68,0.45,-1,-1,-1
34,1038,619.36,341.25,30.31,28.37,0.61,-1,-1,-1
34,1039,361.93,251.74,37.03,17.83,0.58,-1,-1,-1
35,996,619.93,468.34,45.94,52.75,0.82,-1,-1,-1
35,997,521.40,486.28,49.79,66.53,0.85,-1,-1,-1
35,998,576.15,220.70,20.27,27.97,0.80,-1,-1,-1
35,1003,620.37,387.63,39.12,37.30,0.82,-1,-1,-1
35,642,640.80,519.97,58.99,75.28,0.45,-1,-1,-1
35,1006,621.67,423.04,45.67,50.91,0.63,-1,-1,-1
35,1010,705.38,205.43,34.55,15.82,0.70,-1,-1,-1
35,1011,719.80,477.08,20.91,32.28,0.16,-1,-1,-1
35,1013,857.90,221.69,38.23,18.70,0.66,-1,-1,-1
35,1025,606.03,261.15,51.32,21.78,0.77,-1,-1,-1
35,1028,732.45,583.33,21.29,32.07,0.51,-1,-1,-1
35,1004,603.44,194.36,15.35,16.18,0.62,-1,-1,-1
35,1031,352.98,320.78,56.16,29.92,0.67,-1,-1,-1
35,1032,640.30,207.65,18.79,19.19,0.31,-1,-1,-1
35,1033,640.76,520.33,58.93,75.98,0.91,-1,-1,-1
35,1034,365.12,292.79,9.35,20.97,0.44,-1,-1,-1
35,1035,727.89,355.42,11.27,24.17,0.60,-1,-1,-1
35,1036,718.63,500.37,19.27,36.43,0.50,-1,-1,-1
35,1038,619.27,341.04,30.31,28.35,0.70,-1,-1,-1
35,1039,359.47,251.14,38.51,18.53,0.59,-1,-1,-1
36,996,620.32,468.23,45.85,52.67,0.82,-1,-1,-1
36,997,521.80,487.75,49.69,66.74,0.84,-1,-1,-1
36,998,576.29,220.36,20.34,28.08,0.81,-1,-1,-1
36,1003,620.88,387.93,38.29,36.61,0.75,-1,-1,-1
36,642,641.20,519.75,58.86,75.29,0.48,-1,-1,-1
36,1006,621.62,422.52,46.04,51.57,0.68,-1,-1,-1
36,1010,705.67,205.10,35.06,16.09,0.67,-1,-1,-1
36,1011,720.31,477.07,19.52,29.82,0.20,-1,-1,-1
36,1013,858.16,221.05,38.37,18.80,0.65,-1,-1,-1
36,1025,603.28,260.67,51.03,21.68,0.77,-1,-1,-1
36,1028,731.69,579.99,22.53,33.95,0.53,-1,-1,-1
36,1004,603.33,193.03,15.95,16.89,0.63,-1,-1,-1
36,1031,352.58,320.75,55.47,29.65,0.72,-1,-1,-1
36,1032,640.65,207.61,18.45,19.05,0.28,-1,-1,-1
36,1033,641.25,520.17,58.86,75.89,0.90,-1,-1,-1
36,1034,365.66,292.99,9.23,20.76,0.39,-1,-1,-1
36,1035,728.35,354.80,10.84,23.08,0.64,-1,-1,-1
36,1036,718.91,498.59,19.23,36.46,0.38,-1,-1,-1
36,1038,620.12,341.30,30.20,28.17,0.60,-1,-1,-1
36,1039,357.46,249.93,38.06,18.24,0.47,-1,-1,-1
36,1040,771.84,698.06,48.97,57.22,0.84,-1,-1,-1
37,996,621.79,468.67,45.38,52.28,0.81,-1,-1,-1
37,997,522.60,490.02,49.25,66.48,0.85,-1,-1,-1
37,998,576.74,220.76,20.06,27.63,0.77,-1,-1,-1
37,1003,622.32,389.83,36.61,34.92,0.69,-1,-1,-1
37,1006,621.68,422.48,46.24,52.03,0.70,-1,-1,-1
37,1010,705.98,205.03,35.08,16.19,0.63,-1,-1,-1
37,1011,720.40,476.64,19.64,29.73,0.14,-1,-1,-1
37,1013,859.74,221.05,37.80,18.65,0.66,-1,-1,-1
37,1025,600.40,260.46,51.02,21.68,0.80,-1,-1,-1
37,1028,731.39,576.71,23.11,34.99,0.51,-1,-1,-1
37,1004,603.98,192.85,15.77,16.72,0.69,-1,-1,-1
37,1031,352.06,320.36,56.35,30.28,0.66,-1,-1,-1
37,1032,641.61,207.84,18.06,18.69,0.40,-1,-1,-1
37,1034,366.19,293.75,8.98,20.13,0.37,-1,-1,-1
37,1035,728.69,354.18,11.10,23.52,0.67,-1,-1,-1
37,1036,718.75,495.68,19.95,38.00,0.45,-1,-1,-1
37,1038,621.21,341.96,29.91,27.72,0.39,-1,-1,-1
37,1039,354.69,250.32,37.22,17.71,0.62,-1,-1,-1
37,1040,769.81,694.43,51.69,60.59,0.90,-1,-1,-1
38,996,622.67,468.89,44.73,51.41,0.80,-1,-1,-1
38,997,522.81,491.54,50.05,67.85,0.84,-1,-1,-1
38,998,577.53,220.95,19.92,27.38,0.77,-1,-1,-1
38,1003,624.19,392.48,34.83,32.93,0.70,-1,-1,-1
38,1006,622.50,422.59,45.99,51.94,0.69,-1,-1,-1
38,1010,706.93,204.93,35.46,16.38,0.58,-1,-1,-1
38,1011,721.32,476.68,19.39,28.83,0.19,-1,-1,-1
38,1013,861.29,220.98,37.41,18.58,0.62,-1,-1,-1
38,1025,598.10,260.35,50.09,21.28,0.79,-1,-1,-1
38,1028,732.15,573.95,22.81,34.06,0.45,-1,-1,-1
38,1004,604.91,192.67,15.56,16.54,0.68,-1,-1,-1
38,1031,352.81,320.63,55.19,29.84,0.63,-1,-1,-1
38,1032,642.86,208.04,17.63,18.31,0.35,-1,-1,-1
38,1034,366.90,294.13,8.92,19.97,0.32,-1,-1,-1
38,1035,729.45,353.64,11.03,23.29,0.66,-1,-1,-1
38,1036,719.15,494.26,19.40,37.19,0.53,-1,-1,-1
38,1038,623.00,343.45,28.45,26.21,0.35,-1,-1,-1
38,1039,351.18,250.06,36.86,17.39,0.67,-1,-1,-1
38,1040,768.24,689.80,55.04,64.97,0.89,-1,-1,-1
38,1002,544.90,192.01,15.17,14.89,0.51,-1,-1,-1
38,642,643.05,520.42,59.53,76.25,0.91,-1,-1,-1
39,996,623.84,469.27,44.69,51.43,0.82,-1,-1,-1
39,997,523.87,493.45,50.05,68.26,0.84,-1,-1,-1
39,998,578.70,221.95,19.37,26.46,0.75,-1,-1,-1
39,1003,624.79,390.29,36.37,34.43,0.63,-1,-1,-1
39,1006,625.23,423.42,44.92,50.80,0.70,-1,-1,-1
39,1010,707.69,204.90,35.67,16.43,0.66,-1,-1,-1
39,1011,722.65,476.88,18.68,27.16,0.13,-1,-1,-1
39,1013,862.64,221.11,37.88,18.89,0.61,-1,-1,-1
39,1025,596.24,260.33,49.72,21.06,0.80,-1,-1,-1
39,1028,732.30,571.51,22.06,32.85,0.53,-1,-1,-1
39,1004,606.50,193.37,14.88,15.73,0.67,-1,-1,-1
39,1031,354.09,320.84,55.50,30.04,0.52,-1,-1,-1
39,1032,643.83,207.69,17.96,18.66,0.49,-1,-1,-1
39,1034,367.60,293.85,9.25,20.52,0.29,-1,-1,-1
39,1035,730.64,353.29,11.37,23.74,0.67,-1,-1,-1
39,1036,720.01,493.80,19.03,36.56,0.51,-1,-1,-1
39,1038,622.65,341.59,30.60,28.29,0.68,-1,-1,-1
39,1039,348.69,249.27,38.53,18.01,0.69,-1,-1,-1
39,1040,767.68,686.41,57.18,68.20,0.94,-1,-1,-1
39,1002,546.00,191.72,14.87,14.93,0.46,-1,-1,-1
39,642,644.08,521.11,59.32,75.92,0.70,-1,-1,-1
39,1001,644.91,521.80,57.11,74.72,0.66,-1,-1,-1
40,996,624.39,469.71,44.86,51.67,0.81,-1,-1,-1
40,997,525.06,495.72,49.95,68.65,0.85,-1,-1,-1
40,998,579.74,222.37,19.07,25.95,0.77,-1,-1,-1
40,1003,625.13,389.65,38.00,36.15,0.64,-1,-1,-1
40,1006,625.77,423.27,45.13,50.91,0.72,-1,-1,-1
40,1010,708.88,205.22,35.14,16.12,0.67,-1,-1,-1
40,1011,723.17,476.78,18.88,26.84,0.20,-1,-1,-1
40,1013,864.24,221.81,37.12,18.48,0.59,-1,-1,-1
40,1025,594.58,260.32,49.43,20.89,0.79,-1,-1,-1
40,1028,732.90,568.30,21.75,32.25,0.50,-1,-1,-1
40,1004,607.38,192.58,15.16,16.06,0.59,-1,-1,-1
40,1031,355.22,320.90,54.92,29.74,0.63,-1,-1,-1
40,1032,644.81,207.39,18.28,18.99,0.43,-1,-1,-1
40,1034,368.71,291.97,8.94,19.46,0.27,-1,-1,-1
40,1035,731.89,353.36,11.30,23.30,0.58,-1,-1,-1
40,1036,720.80,493.18,18.68,35.80,0.58,-1,-1,-1
40,1038,623.01,341.09,31.45,29.24,0.65,-1,-1,-1
40,1039,345.10,248.65,39.70,18.38,0.75,-1,-1,-1
40,1040,766.73,681.81,60.19,72.81,0.95,-1,-1,-1
40,1002,547.96,190.58,16.47,15.95,0.47,-1,-1,-1
40,642,644.88,520.87,59.96,76.81,0.82,-1,-1,-1
40,1041,625.77,362.06,30.33,33.05,0.59,-1,-1,-1
40,1042,730.85,578.62,26.60,41.36,0.55,-1,-1,-1
40,1001,645.67,520.47,58.36,76.44,0.61,-1,-1,-1
41,996,624.22,469.97,45.07,51.90,0.83,-1,-1,-1
41,997,525.51,498.28,49.97,69.12,0.84,-1,-1,-1
41,998,579.84,222.33,19.16,25.94,0.78,-1,-1,-1
41,1003,624.76,388.89,38.95,37.26,0.63,-1,-1,-1
41,1006,626.60,423.60,44.94,50.75,0.73,-1,-1,-1
41,1010,709.23,205.14,35.23,16.10,0.69,-1,-1,-1
41,1011,722.03,475.68,19.74,27.77,0.14,-1,-1,-1
41,1013,864.48,221.86,36.63,18.22,0.64,-1,-1,-1
41,1025,590.58,260.01,50.25,21.22,0.77,-1,-1,-1
41,1028,731.50,565.50,21.64,32.13,0.47,-1,-1,-1
41,1004,607.68,191.90,14.96,15.91,0.59,-1,-1,-1
41,1031,356.23,321.22,54.25,29.32,0.55,-1,-1,-1
41,1032,645.11,207.59,18.36,19.01,0.47,-1,-1,-1
41,1034,368.97,291.24,8.85,18.74,0.14,-1,-1,-1
41,1035,732.17,353.50,11.03,22.39,0.49,-1,-1,-1
41,1036,720.45,492.62,18.25,34.94,0.55,-1,-1,-1
41,1038,623.09,340.82,31.17,29.11,0.67,-1,-1,-1
41,1039,340.84,248.44,39.91,18.36,0.78,-1,-1,-1
41,1040,765.34,678.12,61.68,75.82,0.91,-1,-1,-1
41,1002,547.27,190.35,16.44,16.13,0.34,-1,-1,-1
41,642,644.75,521.08,60.05,76.92,0.58,-1,-1,-1
41,1041,625.63,362.22,30.52,33.24,0.65,-1,-1,-1
41,1042,728.78,574.38,27.21,42.39,0.59,-1,-1,-1
41,1001,645.68,520.49,58.29,76.22,0.69,-1,-1,-1
42,996,622.73,470.98,45.31,51.91,0.81,-1,-1,-1
42,997,524.06,501.99,50.14,69.61,0.87,-1,-1,-1
42,998,578.97,225.72,17.20,22.82,0.68,-1,-1,-1
42,1003,622.55,388.74,39.69,38.29,0.75,-1,-1,-1
42,1006,623.57,423.82,46.17,52.12,0.67,-1,-1,-1
42,1010,707.96,205.28,35.24,16.12,0.50,-1,-1,-1
42,1011,718.75,471.89,22.54,31.86,0.32,-1,-1,-1
42,1013,860.74,221.53,38.04,18.91,0.69,-1,-1,-1
42,1025,585.68,259.84,50.80,21.42,0.76,-1,-1,-1
42,1028,729.20,562.73,23.14,34.64,0.43,-1,-1,-1
42,1004,605.56,191.50,15.24,16.19,0.57,-1,-1,-1
42,1031,353.37,321.99,53.52,29.10,0.58,-1,-1,-1
42,1032,643.30,208.02,18.06,18.81,0.27,-1,-1,-1
42,1035,730.79,353.52,11.28,22.82,0.40,-1,-1,-1
42,1036,718.45,492.10,18.26,34.48,0.55,-1,-1,-1
42,1038,622.25,341.32,30.42,28.44,0.69,-1,-1,-1
42,1039,334.26,248.28,39.85,18.10,0.71,-1,-1,-1
42,1040,762.72,674.08,63.70,79.83,0.90,-1,-1,-1
42,642,642.82,521.95,60.96,78.25,0.86,-1,-1,-1
42,1041,625.62,366.90,27.88,30.21,0.52,-1,-1,-1
42,1042,726.08,570.85,27.81,43.47,0.62,-1,-1,-1
42,1001,643.59,521.06,59.86,78.93,0.49,-1,-1,-1
43,996,620.89,471.83,45.12,51.53,0.80,-1,-1,-1
43,997,520.77,504.25,51.59,71.88,0.85,-1,-1,-1
43,998,575.75,224.75,18.10,23.91,0.54,-1,-1,-1
43,1003,620.49,388.94,39.07,37.89,0.84,-1,-1,-1
43,1006,620.70,424.47,46.69,52.78,0.70,-1,-1,-1
43,1010,706.04,205.48,34.88,15.97,0.65,-1,-1,-1
43,1011,716.26,471.97,22.76,32.02,0.17,-1,-1,-1
43,1013,858.78,221.66,37.83,18.82,0.66,-1,-1,-1
43,1025,577.37,259.71,52.63,21.98,0.72,-1,-1,-1
43,1028,725.97,560.20,23.71,35.99,0.48,-1,-1,-1
43,1004,602.89,190.58,15.82,16.85,0.67,-1,-1,-1
43,1031,350.42,321.19,56.18,30.61,0.61,-1,-1,-1
43,1032,640.65,208.12,17.68,18.42,0.31,-1,-1,-1
43,1035,728.81,353.49,11.26,22.50,0.29,-1,-1,-1
43,1036,715.02,489.99,18.99,35.92,0.57,-1,-1,-1
43,1038,619.93,341.41,30.14,28.15,0.74,-1,-1,-1
43,1039,326.34,248.05,41.30,18.59,0.73,-1,-1,-1
43,1040,759.91,670.16,64.03,82.15,0.93,-1,-1,-1
43,642,641.61,522.64,59.72,76.82,0.77,-1,-1,-1
43,1041,623.72,368.59,27.13,29.22,0.56,-1,-1,-1
43,1042,724.10,569.73,26.34,41.30,0.62,-1,-1,-1
43,1001,642.45,522.36,57.99,76.46,0.56,-1,-1,-1
44,996,617.56,472.47,45.38,51.69,0.77,-1,-1,-1
44,997,518.20,507.25,51.45,71.83,0.85,-1,-1,-1
44,998,571.19,222.26,20.09,26.58,0.77,-1,-1,-1
44,1003,618.85,393.96,35.67,34.23,0.67,-1,-1,-1
44,1006,618.21,424.65,46.33,52.35,0.66,-1,-1,-1
44,1010,702.07,205.27,35.44,16.23,0.57,-1,-1,-1
44,1011,712.62,471.90,21.85,30.64,0.16,-1,-1,-1
44,1013,854.50,221.38,38.86,19.33,0.62,-1,-1,-1
44,1025,571.33,260.09,52.77,21.93,0.73,-1,-1,-1
44,1028,723.40,557.97,22.38,33.48,0.46,-1,-1,-1
44,1004,599.67,190.73,15.50,16.42,0.53,-1,-1,-1
44,1031,345.42,321.82,57.56,31.49,0.47,-1,-1,-1
44,1036,711.81,490.83,17.91,33.39,0.49,-1,-1,-1
44,1038,616.13,341.15,30.75,28.77,0.61,-1,-1,-1
44,1039,317.28,247.92,42.39,18.91,0.73,-1,-1,-1
44,1040,756.99,665.50,62.99,82.81,0.92,-1,-1,-1
44,642,638.37,522.89,59.76,76.95,0.62,-1,-1,-1
44,1041,621.41,373.35,24.66,26.10,0.45,-1,-1,-1
44,1042,720.19,566.69,26.11,41.03,0.63,-1,-1,-1
44,1001,638.63,523.42,58.60,77.00,0.48,-1,-1,-1
45,996,612.84,472.49,45.71,51.98,0.79,-1,-1,-1
45,997,514.30,509.60,51.77,72.76,0.85,-1,-1,-1
45,998,567.65,226.14,17.86,23.17,0.59,-1,-1,-1
45,1003,613.36,390.95,37.92,36.59,0.75,-1,-1,-1
45,1006,613.89,424.52,45.93,51.95,0.75,-1,-1,-1
45,1010,698.03,205.30,35.75,16.35,0.59,-1,-1,-1
45,1011,708.79,471.35,21.97,30.67,0.38,-1,-1,-1
45,1013,852.84,221.86,36.50,18.24,0.64,-1,-1,-1
45,1025,564.51,259.87,52.90,21.88,0.72,-1,-1,-1
45,1028,719.18,555.14,20.99,31.02,0.55,-1,-1,-1
45,1004,595.22,191.13,15.23,16.01,0.55,-1,-1,-1
45,1031,341.46,322.21,57.78,31.64,0.27,-1,-1,-1
45,1036,707.47,493.17,16.36,29.99,0.58,-1,-1,-1
45,1038,612.42,341.52,29.83,27.77,0.65,-1,-1,-1
45,1039,306.76,247.33,44.15,19.62,0.64,-1,-1,-1
45,1040,754.23,662.32,60.94,82.15,0.88,-1,-1,-1
45,642,634.60,523.88,58.96,75.84,0.70,-1,-1,-1
45,1041,619.08,377.25,21.27,21.79,0.57,-1,-1,-1
45,1042,715.67,562.87,25.94,40.76,0.47,-1,-1,-1
45,1001,635.70,524.00,57.93,76.06,0.42,-1,-1,-1
45,1043,662.38,265.08,50.56,21.21,0.58,-1,-1,-1
45,1044,716.64,659.04,24.37,47.49,0.66,-1,-1,-1
46,996,608.28,472.76,45.80,52.03,0.78,-1,-1,-1
46,997,508.86,512.66,52.75,74.42,0.83,-1,-1,-1
46,998,562.25,226.63,17.94,22.97,0.64,-1,-1,-1
46,1003,607.83,389.22,40.33,39.34,0.71,-1,-1,-1
46,1006,610.41,425.46,44.72,50.33,0.73,-1,-1,-1
46,1010,692.66,205.15,36.09,16.58,0.35,-1,-1,-1
46,1013,845.81,220.78,37.75,18.95,0.64,-1,-1,-1
46,1025,557.29,259.69,53.72,22.21,0.71,-1,-1,-1
46,1028,713.56,552.40,20.80,30.79,0.50,-1,-1,-1
46,1031,334.55,323.43,56.39,31.11,0.39,-1,-1,-1
46,1036,701.27,491.14,17.03,30.73,0.59,-1,-1,-1
46,1038,608.22,342.43,29.40,27.23,0.40,-1,-1,-1
46,1039,297.16,247.43,44.98,20.01,0.48,-1,-1,-1
46,1040,749.67,658.41,59.94,82.50,0.91,-1,-1,-1
46,642,629.57,523.95,60.25,77.56,0.43,-1,-1,-1
46,1042,710.69,561.68,25.16,39.48,0.56,-1,-1,-1
46,1001,630.60,524.70,59.11,77.52,0.18,-1,-1,-1
46,1043,652.14,264.92,53.82,22.53,0.58,-1,-1,-1
46,1044,712.79,652.33,25.03,48.84,0.47,-1,-1,-1
47,996,602.42,473.19,45.78,51.67,0.74,-1,-1,-1
47,997,502.93,515.67,53.09,75.19,0.86,-1,-1,-1
47,998,555.36,225.33,19.17,24.43,0.73,-1,-1,-1
47,1003,606.37,399.13,32.83,30.76,0.59,-1,-1,-1
47,1006,604.39,425.98,45.17,50.70,0.69,-1,-1,-1
47,1010,686.11,205.01,36.39,16.77,0.46,-1,-1,-1
47,1013,839.48,220.78,38.52,19.36,0.57,-1,-1,-1
47,1025,547.61,259.82,53.81,22.31,0.69,-1,-1,-1
47,1031,328.12,324.59,54.05,29.79,0.44,-1,-1,-1
47,1036,694.83,487.30,18.14,32.69,0.52,-1,-1,-1
47,1038,602.25,342.54,29.21,26.95,0.53,-1,-1,-1
47,1039,286.80,248.58,44.40,19.73,0.51,-1,-1,-1
47,1040,745.04,654.45,58.20,82.01,0.96,-1,-1,-1
47,642,624.36,524.84,59.20,76.02,0.59,-1,-1,-1
47,1042,704.97,558.21,25.70,40.30,0.47,-1,-1,-1
47,1001,624.68,525.45,59.11,76.85,0.41,-1,-1,-1
47,1043,642.06,264.23,55.19,23.05,0.57,-1,-1,-1
47,1044,706.37,641.67,26.11,51.11,0.52,-1,-1,-1
48,996,595.09,473.98,47.25,53.24,0.77,-1,-1,-1
48,997,496.43,519.26,53.25,75.80,0.85,-1,-1,-1
48,998,548.78,228.28,17.59,22.02,0.62,-1,-1,-1
48,1003,596.11,393.06,38.09,35.92,0.66,-1,-1,-1
48,1006,597.30,425.80,45.94,51.71,0.74,-1,-1,-1
48,1010,679.92,205.40,34.69,15.93,0.27,-1,-1,-1
48,1013,831.80,220.34,38.73,19.43,0.61,-1,-1,-1
48,1025,538.73,259.90,52.35,21.81,0.72,-1,-1,-1
48,1031,320.29,325.29,52.77,29.24,0.30,-1,-1,-1
48,1036,688.41,485.96,18.13,32.33,0.45,-1,-1,-1
48,1038,595.17,343.71,28.24,26.03,0.28,-1,-1,-1
48,1039,275.93,249.16,43.06,19.12,0.34,-1,-1,-1
48,1040,739.65,651.31,56.25,81.12,0.89,-1,-1,-1
48,642,618.28,526.64,60.19,77.35,0.54,-1,-1,-1
48,1042,696.36,554.06,26.89,42.45,0.59,-1,-1,-1
48,1001,617.80,525.90,60.56,79.01,0.67,-1,-1,-1
48,1043,633.86,265.00,51.75,21.50,0.65,-1,-1,-1
48,1044,701.14,642.06,24.42,47.83,0.69,-1,-1,-1
49,996,589.81,474.66,46.05,51.65,0.75,-1,-1,-1
49,997,489.84,522.39,54.18,77.48,0.85,-1,-1,-1
49,1003,588.59,390.50,40.75,38.88,0.73,-1,-1,-1
49,1006,590.33,426.49,46.27,51.87,0.69,-1,-1,-1
49,1010,672.89,205.36,35.13,16.17,0.47,-1,-1,-1
49,1013,825.61,220.38,37.81,18.98,0.62,-1,-1,-1
49,1025,528.17,259.92,52.38,21.93,0.63,-1,-1,-1
49,1031,313.89,325.18,52.71,29.17,0.48,-1,-1,-1
49,1036,681.61,485.02,18.16,32.43,0.56,-1,-1,-1
49,1038,587.88,345.02,28.44,26.04,0.31,-1,-1,-1
49,1039,265.25,249.43,43.72,19.60,0.32,-1,-1,-1
49,1040,733.89,647.90,55.57,81.51,0.91,-1,-1,-1
49,642,612.53,526.82,60.15,77.20,0.72,-1,-1,-1
49,1042,690.75,552.95,25.71,40.74,0.59,-1,-1,-1
49,1001,612.96,526.73,59.53,77.30,0.45,-1,-1,-1
49,1043,624.73,264.15,51.80,21.50,0.77,-1,-1,-1
49,1044,695.86,632.10,25.19,49.54,0.54,-1,-1,-1
50,996,586.92,475.55,46.72,52.37,0.74,-1,-1,-1
50,997,486.28,525.21,55.11,79.17,0.87,-1,-1,-1
50,1003,585.62,389.34,41.44,40.03,0.72,-1,-1,-1
50,1006,586.89,426.60,47.00,52.64,0.70,-1,-1,-1
50,1010,669.64,205.55,34.35,15.90,0.60,-1,-1,-1
50,1013,822.22,220.35,36.98,18.50,0.59,-1,-1,-1
50,1025,523.34,260.46,50.38,21.17,0.73,-1,-1,-1
50,1031,309.51,324.53,55.02,30.67,0.66,-1,-1,-1
50,1036,678.10,482.14,19.12,34.28,0.54,-1,-1,-1
50,1038,584.65,345.11,28.69,26.16,0.28,-1,-1,-1
50,1040,732.71,645.42,54.03,80.81,0.92,-1,-1,-1
50,642,609.75,527.38,60.82,78.13,0.67,-1,-1,-1
50,1042,688.14,550.61,25.21,40.15,0.67,-1,-1,-1
50,1001,610.58,527.63,59.46,76.88,0.62,-1,-1,-1
50,1043,619.36,263.63,49.86,20.70,0.73,-1,-1,-1
50,1044,694.90,626.20,24.75,48.87,0.53,-1,-1,-1
50,1046,566.15,190.51,14.71,15.59,0.65,-1,-1,-1
50,1047,587.21,364.46,32.25,32.03,0.66,-1,-1,-1
50,1048,686.51,366.50,31.21,39.86,0.61,-1,-1,-1
50,998,538.34,225.94,19.23,24.15,0.64,-1,-1,-1
51,996,586.36,476.14,46.92,52.57,0.75,-1,-1,-1
51,997,485.18,529.07,55.07,79.26,0.87,-1,-1,-1
51,1003,584.70,388.83,41.45,40.52,0.70,-1,-1,-1
51,1006,585.70,426.99,47.27,52.94,0.70,-1,-1,-1
51,1010,668.34,205.49,34.25,15.95,0.62,-1,-1,-1
51,1013,820.27,220.34,37.49,18.65,0.62,-1,-1,-1
51,1025,520.83,260.62,49.86,21.20,0.64,-1,-1,-1
51,1031,308.20,324.53,54.79,30.67,0.63,-1,-1,-1
51,1036,676.89,482.73,18.21,32.62,0.56,-1,-1,-1
51,1038,584.22,345.61,29.33,26.48,0.49,-1,-1,-1
51,1040,732.44,642.74,52.80,80.59,0.94,-1,-1,-1
51,642,608.66,527.80,61.91,79.65,0.62,-1,-1,-1
51,1042,687.05,549.46,24.86,39.78,0.65,-1,-1,-1
51,1001,609.62,528.28,60.28,77.75,0.46,-1,-1,-1
51,1043,614.91,263.26,50.30,20.89,0.76,-1,-1,-1
51,1044,694.17,626.05,24.75,49.35,0.51,-1,-1,-1
51,1046,565.81,190.48,14.61,15.46,0.67,-1,-1,-1
51,1047,587.27,365.09,31.07,30.81,0.61,-1,-1,-1
51,1048,687.42,365.46,31.39,40.08,0.47,-1,-1,-1
51,1049,693.54,347.61,12.33,23.27,0.64,-1,-1,-1
51,998,536.06,225.14,19.96,25.19,0.63,-1,-1,-1
52,996,585.74,476.58,47.39,52.88,0.77,-1,-1,-1
52,997,484.62,532.85,54.81,78.74,0.87,-1,-1,-1
52,1003,585.94,392.43,38.70,37.87,0.69,-1,-1,-1
52,1006,585.71,427.57,46.88,52.54,0.70,-1,-1,-1
52,1010,667.77,205.39,34.33,16.11,0.62,-1,-1,-1
52,1013,819.58,220.38,37.50,18.54,0.62,-1,-1,-1
52,1025,518.62,261.52,47.70,20.42,0.57,-1,-1,-1
52,1031,307.53,324.70,55.05,30.94,0.69,-1,-1,-1
52,1036,676.64,482.65,17.68,31.79,0.58,-1,-1,-1
52,1038,583.29,345.39,29.57,26.70,0.21,-1,-1,-1
52,1040,732.45,640.52,50.84,79.17,0.94,-1,-1,-1
52,642,608.84,529.16,61.12,78.58,0.59,-1,-1,-1
52,1042,686.03,546.69,24.95,40.25,0.63,-1,-1,-1
52,1001,609.66,529.61,60.06,77.20,0.75,-1,-1,-1
52,1043,611.76,263.69,49.53,20.53,0.71,-1,-1,-1
52,1044,696.32,619.78,23.25,46.32,0.50,-1,-1,-1
52,1046,565.78,190.79,14.31,15.11,0.69,-1,-1,-1
52,1047,588.27,369.80,28.21,27.84,0.56,-1,-1,-1
52,1048,688.26,364.06,31.72,40.46,0.58,-1,-1,-1
52,1049,693.17,347.17,12.57,23.75,0.66,-1,-1,-1
52,998,535.07,225.15,20.14,25.55,0.68,-1,-1,-1
53,996,585.80,477.30,47.22,52.57,0.79,-1,-1,-1
53,997,484.26,536.88,55.23,79.38,0.87,-1,-1,-1
53,1003,585.96,393.43,38.44,37.79,0.66,-1,-1,-1
53,1006,586.23,428.18,46.25,51.89,0.72,-1,-1,-1
53,1010,667.60,205.38,34.28,16.21,0.62,-1,-1,-1
53,1013,818.41,220.45,38.09,18.65,0.58,-1,-1,-1
53,1025,520.29,263.08,44.20,19.22,0.43,-1,-1,-1
53,1031,307.30,326.06,54.81,30.86,0.65,-1,-1,-1
53,1036,676.45,483.36,17.01,30.52,0.60,-1,-1,-1
53,1038,582.89,346.79,28.63,25.91,0.23,-1,-1,-1
53,1040,732.81,638.66,49.63,78.66,0.95,-1,-1,-1
53,642,608.68,530.28,61.29,78.84,0.53,-1,-1,-1
53,1042,685.74,544.75,24.44,39.61,0.61,-1,-1,-1
53,1001,609.75,530.63,60.56,77.81,0.79,-1,-1,-1
53,1043,608.69,264.44,48.79,20.14,0.74,-1,-1,-1
53,1044,697.38,614.89,22.13,43.94,0.54,-1,-1,-1
53,1046,565.63,190.94,14.12,14.85,0.68,-1,-1,-1
53,1047,589.68,373.90,25.30,24.67,0.61,-1,-1,-1
53,1048,689.15,362.81,32.13,40.92,0.46,-1,-1,-1
53,1049,692.73,346.79,13.03,24.69,0.68,-1,-1,-1
53,998,534.82,225.68,19.88,25.27,0.67,-1,-1,-1
54,996,585.84,478.15,47.05,52.23,0.79,-1,-1,-1
54,997,483.61,540.10,56.41,81.13,0.88,-1,-1,-1
54,1003,585.87,393.76,38.58,38.14,0.71,-1,-1,-1
54,1006,586.27,428.80,46.39,52.16,0.72,-1,-1,-1
54,1010,667.88,205.41,33.79,16.08,0.65,-1,-1,-1
54,1013,818.80,220.59,37.57,18.23,0.62,-1,-1,-1
54,1025,517.88,262.67,43.22,19.15,0.56,-1,-1,-1
54,1031,306.61,327.13,52.88,29.92,0.64,-1,-1,-1
54,1036,676.22,484.02,16.05,28.58,0.62,-1,-1,-1
54,1038,583.82,346.92,29.57,26.56,0.67,-1,-1,-1
54,1040,733.02,636.80,48.58,78.20,0.95,-1,-1,-1
54,642,608.83,531.64,61.25,78.82,0.59,-1,-1,-1
54,1042,686.23,544.24,23.45,37.95,0.61,-1,-1,-1
54,1001,609.73,531.78,60.89,78.17,0.78,-1,-1,-1
54,1043,604.36,264.22,50.27,20.73,0.75,-1,-1,-1
54,1044,697.56,611.29,20.78,41.05,0.51,-1,-1,-1
54,1046,565.06,190.77,14.02,14.67,0.69,-1,-1,-1
54,1047,587.69,370.45,29.96,29.12,0.56,-1,-1,-1
54,1048,690.59,362.41,31.90,40.55,0.55,-1,-1,-1
54,1049,692.34,346.16,13.25,25.19,0.59,-1,-1,-1
54,998,534.82,226.07,19.60,24.92,0.71,-1,-1,-1
54,1050,315.93,243.89,26.51,20.30,0.87,-1,-1,-1
55,996,585.42,478.39,47.93,53.12,0.78,-1,-1,-1
55,997,483.10,543.38,57.06,82.06,0.89,-1,-1,-1
55,1003,585.61,393.95,38.61,38.36,0.71,-1,-1,-1
55,1006,586.44,429.29,46.18,51.98,0.70,-1,-1,-1
55,1010,667.58,205.53,33.85,16.14,0.59,-1,-1,-1
55,1013,819.19,220.68,37.29,17.97,0.60,-1,-1,-1
55,1025,517.19,262.84,42.02,19.21,0.45,-1,-1,-1
55,1031,305.59,327.77,52.70,30.03,0.56,-1,-1,-1
55,1036,675.59,483.95,15.57,27.35,0.64,-1,-1,-1
55,1038,584.08,346.99,30.05,26.80,0.68,-1,-1,-1
55,1040,733.38,634.75,47.85,78.12,0.93,-1,-1,-1
55,642,609.01,533.22,61.25,78.85,0.59,-1,-1,-1
55,1042,686.27,543.97,22.86,37.01,0.60,-1,-1,-1
55,1001,609.78,533.29,61.51,78.95,0.83,-1,-1,-1
55,1043,600.78,264.14,51.59,21.26,0.71,-1,-1,-1
55,1044,697.65,608.23,21.03,41.52,0.50,-1,-1,-1
55,1046,564.68,190.74,14.08,14.64,0.63,-1,-1,-1
55,1047,586.75,368.90,31.74,30.76,0.58,-1,-1,-1
55,1048,692.19,361.89,31.97,40.57,0.53,-1,-1,-1
55,1049,692.31,346.04,13.12,25.07,0.48,-1,-1,-1
55,998,534.64,225.69,19.90,25.36,0.75,-1,-1,-1
55,1050,314.44,242.88,27.29,20.84,0.80,-1,-1,-1
56,996,585.15,479.21,48.37,53.58,0.79,-1,-1,-1
56,997,482.43,547.85,57.69,82.87,0.90,-1,-1,-1
56,1003,585.79,394.46,38.31,38.19,0.75,-1,-1,-1
56,1006,586.40,429.70,47.04,53.13,0.69,-1,-1,-1
56,1010,667.84,205.59,33.77,16.14,0.67,-1,-1,-1
56,1013,819.15,220.89,38.50,18.52,0.62,-1,-1,-1
56,1025,516.11,262.40,41.15,19.48,0.35,-1,-1,-1
56,1031,305.10,328.37,52.82,30.22,0.72,-1,-1,-1
56,1036,675.61,485.44,14.62,25.08,0.68,-1,-1,-1
56,1038,584.43,347.73,30.14,26.66,0.66,-1,-1,-1
56,1040,733.41,632.88,47.45,78.57,0.96,-1,-1,-1
56,642,609.46,534.49,60.98,78.44,0.63,-1,-1,-1
56,1042,686.50,543.54,22.13,35.65,0.67,-1,-1,-1
56,1001,610.09,534.57,61.58,78.99,0.78,-1,-1,-1
56,1043,596.88,264.48,51.36,21.23,0.72,-1,-1,-1
56,1044,697.92,605.25,20.63,40.57,0.54,-1,-1,-1
56,1046,564.32,190.83,13.93,14.38,0.65,-1,-1,-1
56,1047,586.23,368.23,32.65,31.60,0.59,-1,-1,-1
56,1048,693.87,361.20,32.31,40.85,0.37,-1,-1,-1
56,1049,693.07,346.29,12.18,23.16,0.31,-1,-1,-1
56,998,534.36,225.36,20.18,25.80,0.78,-1,-1,-1
56,1050,312.13,244.03,25.42,19.34,0.71,-1,-1,-1
57,996,584.94,479.89,48.62,53.97,0.78,-1,-1,-1
57,997,481.94,552.28,59.10,85.15,0.87,-1,-1,-1
57,1003,585.88,395.08,37.97,37.85,0.77,-1,-1,-1
57,1006,587.02,431.37,47.13,53.36,0.64,-1,-1,-1
57,1010,668.14,205.74,33.59,16.13,0.69,-1,-1,-1
57,1013,819.98,221.24,38.46,18.51,0.61,-1,-1,-1
57,1025,514.25,261.63,40.70,20.06,0.11,-1,-1,-1
57,1031,304.20,328.70,53.35,30.69,0.68,-1,-1,-1
57,1036,674.92,485.70,14.24,24.04,0.66,-1,-1,-1
57,1038,585.23,351.64,27.78,24.17,0.37,-1,-1,-1
57,1040,733.78,631.39,46.64,78.24,0.94,-1,-1,-1
57,642,610.03,535.72,61.16,78.57,0.33,-1,-1,-1
57,1042,685.93,542.13,21.81,35.11,0.68,-1,-1,-1
57,1001,610.08,535.55,60.97,78.03,0.61,-1,-1,-1
57,1043,593.18,264.80,51.21,21.23,0.71,-1,-1,-1
57,1044,696.51,608.87,21.99,43.46,0.56,-1,-1,-1
57,1046,563.46,189.87,14.64,15.06,0.52,-1,-1,-1
57,1047,586.01,367.93,33.19,32.06,0.55,-1,-1,-1
57,1048,695.32,361.52,32.17,40.42,0.45,-1,-1,-1
57,998,534.43,225.09,20.34,26.07,0.77,-1,-1,-1
57,1050,310.27,244.85,24.27,18.31,0.70,-1,-1,-1
58,996,585.10,481.14,48.40,53.74,0.77,-1,-1,-1
58,997,481.54,555.86,59.64,86.04,0.87,-1,-1,-1
58,1003,586.42,397.64,36.41,36.04,0.78,-1,-1,-1
58,1006,586.48,431.18,47.90,54.53,0.67,-1,-1,-1
58,1010,667.63,205.77,33.96,16.39,0.64,-1,-1,-1
58,1013,820.76,221.79,37.57,18.05,0.51,-1,-1,-1
58,1031,303.92,329.08,53.03,30.69,0.70,-1,-1,-1
58,1036,674.05,485.11,14.50,24.23,0.68,-1,-1,-1
58,1038,583.10,348.09,31.94,28.07,0.60,-1,-1,-1
58,1040,733.90,629.81,45.93,78.04,0.94,-1,-1,-1
58,642,610.57,536.84,61.75,79.31,0.87,-1,-1,-1
58,1042,684.82,539.68,22.51,36.31,0.71,-1,-1,-1
58,1001,610.27,536.55,61.11,78.16,0.38,-1,-1,-1
58,1043,588.79,265.11,51.47,21.35,0.71,-1,-1,-1
58,1044,695.83,608.99,22.06,43.61,0.55,-1,-1,-1
58,1046,563.01,189.94,14.39,14.73,0.58,-1,-1,-1
58,1047,585.46,368.02,33.37,32.12,0.57,-1,-1,-1
58,1048,696.63,361.49,32.50,40.68,0.78,-1,-1,-1
58,998,533.99,225.34,20.43,26.24,0.66,-1,-1,-1
58,1050,307.78,245.31,23.84,17.78,0.80,-1,-1,-1
59,996,586.20,482.52,48.39,54.18,0.76,-1,-1,-1
59,997,480.63,559.85,60.57,87.52,0.89,-1,-1,-1
59,1003,585.31,396.77,38.29,38.02,0.80,-1,-1,-1
59,1006,586.08,431.57,48.55,55.54,0.72,-1,-1,-1
59,1010,667.30,205.92,34.24,16.62,0.66,-1,-1,-1
59,1013,821.63,222.34,37.51,18.02,0.48,-1,-1,-1
59,1031,303.49,329.18,53.92,31.20,0.57,-1,-1,-1
59,1036,673.45,484.73,14.82,24.51,0.77,-1,-1,-1
59,1038,582.61,347.46,32.91,29.14,0.52,-1,-1,-1
59,1040,734.21,628.50,45.55,78.28,0.95,-1,-1,-1
59,642,609.92,538.28,62.05,79.79,0.58,-1,-1,-1
59,1042,683.52,538.39,22.64,36.45,0.68,-1,-1,-1
59,1001,609.82,538.09,62.39,80.02,0.48,-1,-1,-1
59,1043,583.52,265.16,52.56,21.79,0.74,-1,-1,-1
59,1044,695.48,605.27,23.08,45.80,0.63,-1,-1,-1
59,1046,562.54,189.53,14.55,14.83,0.61,-1,-1,-1
59,1047,584.81,369.03,33.63,32.19,0.54,-1,-1,-1
59,1048,697.31,361.19,33.23,41.47,0.69,-1,-1,-1
59,998,533.83,225.97,20.20,25.88,0.61,-1,-1,-1
59,1050,304.07,245.81,25.59,18.98,0.74,-1,-1,-1
60,996,586.15,483.99,48.40,54.34,0.78,-1,-1,-1
60,997,479.41,564.58,61.80,89.63,0.89,-1,-1,-1
60,1003,585.07,397.30,39.02,38.95,0.76,-1,-1,-1
60,1006,586.68,432.71,48.05,55.22,0.71,-1,-1,-1
60,1010,667.30,206.04,34.32,16.74,0.66,-1,-1,-1
60,1013,822.08,222.78,36.73,17.63,0.47,-1,-1,-1
60,1031,302.68,330.06,52.72,30.64,0.64,-1,-1,-1
60,1036,672.64,483.50,15.41,25.33,0.71,-1,-1,-1
60,1038,581.50,347.23,34.02,30.39,0.41,-1,-1,-1
60,1040,734.30,626.53,45.59,79.24,0.94,-1,-1,-1
60,642,609.37,539.89,63.04,81.34,0.65,-1,-1,-1
60,1042,682.78,537.13,22.53,36.31,0.67,-1,-1,-1
60,1001,610.19,540.31,62.63,80.48,0.71,-1,-1,-1
60,1043,581.19,265.71,50.71,20.97,0.72,-1,-1,-1
60,1044,695.07,603.06,23.04,45.73,0.76,-1,-1,-1
60,1046,561.87,188.83,14.92,15.19,0.58,-1,-1,-1
60,1047,588.65,379.99,27.16,25.14,0.56,-1,-1,-1
60,1048,698.62,361.63,33.42,41.32,0.60,-1,-1,-1
60,998,533.49,225.06,20.87,26.87,0.59,-1,-1,-1
60,1050,300.42,244.96,26.57,19.46,0.82,-1,-1,-1
61,996,585.10,484.90,49.94,56.06,0.81,-1,-1,-1
61,997,479.32,569.34,61.78,89.65,0.87,-1,-1,-1
61,1003,584.74,397.27,39.52,39.70,0.66,-1,-1,-1
61,1006,587.17,433.81,47.50,54.85,0.70,-1,-1,-1
61,1010,667.36,206.17,34.25,16.78,0.63,-1,-1,-1
61,1013,822.77,223.36,36.05,17.21,0.47,-1,-1,-1
61,1031,302.29,331.10,52.48,30.53,0.60,-1,-1,-1
61,1036,671.96,482.50,15.61,25.52,0.69,-1,-1,-1
61,1038,580.92,347.10,34.41,31.01,0.55,-1,-1,-1
61,1040,734.05,624.76,44.68,78.56,0.94,-1,-1,-1
61,642,608.92,541.05,64.36,83.55,0.58,-1,-1,-1
61,1042,681.91,534.86,22.99,37.22,0.64,-1,-1,-1
61,1001,610.55,541.85,62.86,80.95,0.80,-1,-1,-1
61,1043,578.84,265.80,50.14,20.67,0.75,-1,-1,-1
61,1044,695.02,601.60,22.83,45.47,0.72,-1,-1,-1
61,1046,561.36,188.01,15.34,15.62,0.58,-1,-1,-1
61,1047,589.41,384.51,24.29,21.71,0.56,-1,-1,-1
61,1048,700.35,360.58,33.90,41.66,0.22,-1,-1,-1
61,998,533.33,225.98,20.54,26.42,0.70,-1,-1,-1
61,1050,298.07,245.61,26.28,18.90,0.84,-1,-1,-1
62,996,585.16,487.05,49.41,55.53,0.84,-1,-1,-1
62,997,478.94,573.91,63.13,92.10,0.88,-1,-1,-1
62,1003,585.49,400.43,37.54,37.60,0.67,-1,-1,-1
62,1006,587.20,435.99,46.84,54.21,0.68,-1,-1,-1
62,1010,667.69,206.75,33.54,16.47,0.59,-1,-1,-1
62,1013,823.27,223.89,35.01,16.57,0.47,-1,-1,-1
62,1031,300.05,330.75,53.83,31.61,0.52,-1,-1,-1
62,1036,671.11,481.49,15.76,25.75,0.62,-1,-1,-1
62,1038,580.98,347.52,33.63,30.51,0.42,-1,-1,-1
62,1040,734.09,623.98,43.84,77.74,0.94,-1,-1,-1
62,642,609.39,542.94,63.74,82.79,0.64,-1,-1,-1
62,1042,681.33,535.75,21.75,35.00,0.62,-1,-1,-1
62,1001,610.73,543.45,62.23,80.09,0.67,-1,-1,-1
62,1043,575.80,265.81,50.67,20.85,0.75,-1,-1,-1
62,1044,694.97,600.63,22.44,44.83,0.57,-1,-1,-1
62,1046,560.42,187.22,15.94,16.28,0.49,-1,-1,-1
62,1047,589.30,386.54,23.77,20.57,0.52,-1,-1,-1
62,1048,702.28,361.49,33.97,41.62,0.56,-1,-1,-1
62,998,532.72,225.06,21.38,27.65,0.73,-1,-1,-1
62,1050,295.88,246.14,26.47,18.74,0.82,-1,-1,-1
62,1053,644.15,223.87,44.39,19.21,0.67,-1,-1,-1
63,996,585.50,489.02,48.91,54.95,0.78,-1,-1,-1
63,997,477.82,579.19,64.14,94.08,0.88,-1,-1,-1
63,1003,584.24,399.05,39.92,40.32,0.67,-1,-1,-1
63,1006,587.17,437.57,46.52,53.85,0.69,-1,-1,-1
63,1010,668.04,207.65,32.66,16.02,0.62,-1,-1,-1
63,1013,823.68,224.06,34.87,16.41,0.55,-1,-1,-1
63,1031,299.67,331.64,53.57,31.58,0.54,-1,-1,-1
63,1036,670.28,480.50,16.12,26.41,0.63,-1,-1,-1
63,1038,581.79,348.54,32.19,29.30,0.52,-1,-1,-1
63,1040,734.23,623.44,43.02,76.74,0.96,-1,-1,-1
63,642,609.98,545.16,63.15,82.10,0.60,-1,-1,-1
63,1042,681.06,536.90,20.72,33.04,0.52,-1,-1,-1
63,1001,610.36,545.01,62.69,80.88,0.75,-1,-1,-1
63,1043,571.02,265.30,53.70,22.08,0.76,-1,-1,-1
63,1044,694.61,597.24,22.99,46.30,0.62,-1,-1,-1
63,1046,559.51,186.37,16.76,17.23,0.24,-1,-1,-1
63,1048,704.17,360.74,34.52,42.03,0.37,-1,-1,-1
63,998,532.37,225.61,21.45,27.80,0.76,-1,-1,-1
63,1050,293.62,246.76,26.34,18.30,0.70,-1,-1,-1
63,1053,643.67,223.96,44.49,19.26,0.64,-1,-1,-1
64,996,585.82,490.25,48.93,55.09,0.74,-1,-1,-1
64,997,477.60,584.54,64.45,94.89,0.85,-1,-1,-1
64,1003,585.96,404.22,36.24,36.22,0.73,-1,-1,-1
64,1006,586.96,439.88,45.66,52.48,0.63,-1,-1,-1
64,1010,668.46,208.35,32.01,15.68,0.58,-1,-1,-1
64,1013,823.29,224.35,35.12,16.47,0.62,-1,-1,-1
64,1031,301.77,335.09,49.01,28.58,0.54,-1,-1,-1
64,1036,669.45,480.60,15.85,25.74,0.60,-1,-1,-1
64,1038,581.78,349.28,31.89,29.07,0.52,-1,-1,-1
64,1040,734.07,622.84,42.35,76.01,0.96,-1,-1,-1
64,642,609.89,547.44,62.30,80.80,0.67,-1,-1,-1
64,1042,680.21,537.04,20.27,32.06,0.36,-1,-1,-1
64,1001,610.84,547.44,61.75,79.61,0.73,-1,-1,-1
64,1043,566.20,265.10,54.71,22.66,0.80,-1,-1,-1
64,1044,694.06,595.02,22.71,45.86,0.62,-1,-1,-1
64,1046,559.34,186.93,16.30,16.80,0.39,-1,-1,-1
64,1048,705.49,359.08,36.16,43.92,0.11,-1,-1,-1
64,998,532.03,226.09,21.49,27.86,0.73,-1,-1,-1
64,1050,290.94,247.30,26.29,17.85,0.75,-1,-1,-1
64,1053,643.69,224.59,43.92,19.03,0.60,-1,-1,-1
65,996,584.91,492.04,49.06,55.14,0.77,-1,-1,-1
65,997,477.16,589.37,65.33,96.68,0.87,-1,-1,-1
65,1003,584.88,403.60,37.95,38.12,0.71,-1,-1,-1
65,1006,585.54,440.54,46.92,53.70,0.72,-1,-1,-1
65,1010,668.56,208.83,31.56,15.41,0.56,-1,-1,-1
65,1013,823.32,224.54,35.52,16.66,0.63,-1,-1,-1
65,1031,301.78,336.12,48.58,28.16,0.37,-1,-1,-1
65,1036,668.63,480.25,15.96,25.77,0.62,-1,-1,-1
65,1038,581.15,350.65,32.09,29.38,0.47,-1,-1,-1
65,1040,733.97,622.14,41.97,75.64,0.95,-1,-1,-1
65,642,609.46,549.80,62.49,80.98,0.63,-1,-1,-1
65,1042,678.64,534.05,21.64,34.28,0.40,-1,-1,-1
65,1001,610.23,549.74,62.26,80.35,0.78,-1,-1,-1
65,1043,562.36,265.91,52.97,21.99,0.76,-1,-1,-1
65,1044,693.58,593.62,22.33,45.21,0.58,-1,-1,-1
65,1046,559.14,187.15,16.06,16.61,0.34,-1,-1,-1
65,1048,706.18,359.31,37.49,45.66,0.22,-1,-1,-1
65,998,531.71,227.05,21.11,27.28,0.66,-1,-1,-1
65,1050,291.80,247.69,25.92,17.71,0.68,-1,-1,-1
65,1053,643.74,225.16,43.66,18.93,0.57,-1,-1,-1
66,996,583.87,493.51,50.05,56.27,0.78,-1,-1,-1
66,997,476.69,594.28,66.21,98.70,0.86,-1,-1,-1
66,1003,586.64,411.58,33.12,32.32,0.69,-1,-1,-1
66,1006,584.89,441.91,47.59,54.35,0.67,-1,-1,-1
66,1010,668.18,209.26,31.54,15.38,0.55,-1,-1,-1
66,1013,822.50,224.73,36.05,16.87,0.61,-1,-1,-1
66,1031,301.25,337.05,48.74,28.05,0.48,-1,-1,-1
66,1036,666.98,478.46,16.54,26.85,0.61,-1,-1,-1
66,1038,581.16,352.55,31.48,28.80,0.57,-1,-1,-1
66,1040,733.24,621.39,41.73,75.23,0.94,-1,-1,-1
66,642,609.61,551.89,61.75,79.67,0.65,-1,-1,-1
66,1042,677.26,533.58,21.69,34.23,0.40,-1,-1,-1
66,1001,610.04,552.16,61.89,79.70,0.57,-1,-1,-1
66,1043,558.84,266.80,51.75,21.56,0.72,-1,-1,-1
66,1044,693.46,588.75,21.43,43.21,0.59,-1,-1,-1
66,1046,558.91,187.19,15.85,16.43,0.46,-1,-1,-1
66,1048,705.33,355.70,43.35,53.67,0.11,-1,-1,-1
66,998,531.08,227.47,21.21,27.45,0.70,-1,-1,-1
66,1050,285.98,247.98,27.35,18.24,0.82,-1,-1,-1
66,1053,643.69,225.30,43.25,18.76,0.56,-1,-1,-1
67,996,582.98,494.67,50.52,56.91,0.81,-1,-1,-1
67,997,475.95,599.57,66.87,100.34,0.86,-1,-1,-1
67,1003,586.52,414.39,32.65,31.32,0.72,-1,-1,-1
67,1006,584.44,442.92,47.68,54.35,0.72,-1,-1,-1
67,1010,667.23,209.59,32.59,15.93,0.56,-1,-1,-1
67,1013,821.94,224.84,37.20,17.46,0.65,-1,-1,-1
67,1031,299.81,338.25,48.14,27.44,0.59,-1,-1,-1
67,1036,665.30,477.08,17.07,27.95,0.58,-1,-1,-1
67,1038,581.49,354.59,30.75,28.01,0.54,-1,-1,-1
67,1040,732.48,620.90,41.43,74.75,0.93,-1,-1,-1
67,642,608.45,553.37,63.48,81.98,0.37,-1,-1,-1
67,1042,676.69,535.30,20.68,32.06,0.30,-1,-1,-1
67,1001,608.74,553.76,63.53,81.86,0.63,-1,-1,-1
67,1043,555.36,267.21,51.14,21.22,0.76,-1,-1,-1
67,1044,692.82,586.06,20.09,40.05,0.57,-1,-1,-1
67,1046,558.41,187.08,15.81,16.51,0.46,-1,-1,-1
67,1048,707.23,355.71,44.72,56.10,0.14,-1,-1,-1
67,998,530.70,227.96,21.07,27.28,0.75,-1,-1,-1
67,1050,283.31,247.93,28.27,18.68,0.66,-1,-1,-1
67,1053,643.20,225.57,43.34,18.82,0.51,-1,-1,-1
68,996,582.30,495.84,51.17,57.84,0.81,-1,-1,-1
68,997,475.06,605.76,67.62,102.13,0.87,-1,-1,-1
68,1003,587.30,417.92,30.50,28.37,0.69,-1,-1,-1
68,1006,583.87,443.72,48.02,54.73,0.74,-1,-1,-1
68,1010,668.03,209.96,31.40,15.23,0.51,-1,-1,-1
68,1013,822.26,225.17,37.10,17.49,0.67,-1,-1,-1
68,1031,299.69,340.17,47.13,26.36,0.58,-1,-1,-1
68,1036,663.92,476.50,17.00,27.87,0.51,-1,-1,-1
68,1038,580.77,355.08,31.34,28.57,0.43,-1,-1,-1
68,1040,731.72,620.52,41.16,74.39,0.92,-1,-1,-1
68,642,607.43,555.45,64.08,82.83,0.65,-1,-1,-1
68,1042,675.49,534.37,21.13,32.68,0.32,-1,-1,-1
68,1001,607.84,555.25,64.23,82.69,0.63,-1,-1,-1
68,1043,551.90,267.75,49.97,20.66,0.76,-1,-1,-1
68,1044,692.69,583.82,18.46,36.12,0.56,-1,-1,-1
68,1046,558.21,187.41,15.41,16.13,0.42,-1,-1,-1
68,998,530.44,228.42,20.88,27.02,0.80,-1,-1,-1
68,1050,279.62,248.01,29.67,19.32,0.67,-1,-1,-1
68,1053,643.74,226.41,41.70,18.07,0.42,-1,-1,-1
69,996,581.93,497.02,51.44,58.35,0.81,-1,-1,-1
69,997,474.34,610.89,68.25,103.87,0.86,-1,-1,-1
69,1003,587.09,420.24,30.20,27.36,0.65,-1,-1,-1
69,1006,583.55,445.15,48.14,54.89,0.72,-1,-1,-1
69,1010,668.36,210.62,30.71,14.79,0.51,-1,-1,-1
69,1013,822.54,225.48,36.93,17.47,0.68,-1,-1,-1
69,1031,297.14,339.97,49.71,27.72,0.47,-1,-1,-1
69,1036,662.85,476.99,16.70,27.39,0.53,-1,-1,-1
69,1038,580.45,355.82,31.88,29.09,0.36,-1,-1,-1
69,1040,730.97,619.87,41.02,74.33,0.90,-1,-1,-1
69,642,606.99,557.67,64.24,83.07,0.72,-1,-1,-1
69,1042,675.63,528.00,18.91,28.65,0.52,-1,-1,-1
69,1001,607.80,558.12,64.03,82.20,0.62,-1,-1,-1
69,1043,547.67,268.27,49.56,20.39,0.75,-1,-1,-1
69,1044,692.86,582.34,17.49,33.72,0.42,-1,-1,-1
69,1046,558.05,187.84,14.97,15.70,0.26,-1,-1,-1
69,998,529.94,228.63,20.89,27.09,0.78,-1,-1,-1
69,1050,279.18,248.27,30.21,19.74,0.52,-1,-1,-1
69,1053,644.26,225.97,42.62,18.46,0.33,-1,-1,-1
70,996,581.55,498.30,52.24,59.61,0.82,-1,-1,-1
70,997,473.37,617.18,69.11,106.00,0.87,-1,-1,-1
70,1003,586.60,421.88,30.79,27.14,0.74,-1,-1,-1
70,1006,583.55,446.58,48.06,54.83,0.75,-1,-1,-1
70,1010,668.35,211.25,30.46,14.57,0.47,-1,-1,-1
70,1013,822.07,225.73,37.06,17.57,0.66,-1,-1,-1
70,1031,295.78,340.23,51.74,28.73,0.49,-1,-1,-1
70,1036,661.83,475.22,17.06,28.20,0.51,-1,-1,-1
70,1038,580.36,357.92,31.56,28.77,0.38,-1,-1,-1
70,1040,730.08,619.26,40.85,74.44,0.87,-1,-1,-1
70,642,606.78,559.78,64.61,83.63,0.69,-1,-1,-1
70,1042,673.81,527.90,21.20,32.06,0.50,-1,-1,-1
70,1001,607.89,560.76,64.27,82.32,0.58,-1,-1,-1
70,1043,543.19,268.09,50.79,20.87,0.78,-1,-1,-1
70,1044,691.72,581.17,18.24,34.87,0.40,-1,-1,-1
70,1046,557.58,187.93,14.83,15.55,0.22,-1,-1,-1
70,998,529.15,228.56,21.25,27.68,0.78,-1,-1,-1
70,1050,279.88,249.06,28.68,19.02,0.53,-1,-1,-1
70,1053,642.39,226.99,43.14,18.76,0.30,-1,-1,-1
71,996,581.92,500.82,51.56,58.97,0.82,-1,-1,-1
71,997,472.70,622.52,69.74,107.89,0.85,-1,-1,-1
71,1003,586.19,423.30,31.11,26.76,0.74,-1,-1,-1
71,1006,583.15,447.29,48.62,55.63,0.72,-1,-1,-1
71,1010,667.78,211.19,31.25,14.93,0.48,-1,-1,-1
71,1013,821.93,225.97,36.84,17.54,0.66,-1,-1,-1
71,1031,292.93,339.42,54.62,30.40,0.26,-1,-1,-1
71,1036,661.31,477.19,15.61,25.94,0.51,-1,-1,-1
71,1038,580.24,358.74,31.11,28.30,0.46,-1,-1,-1
71,1040,728.89,619.02,40.36,73.91,0.83,-1,-1,-1
71,642,608.04,562.75,63.49,82.00,0.30,-1,-1,-1
71,1042,672.23,528.82,21.76,33.01,0.50,-1,-1,-1
71,1001,607.55,562.57,64.42,82.42,0.68,-1,-1,-1
71,1043,538.96,268.63,51.00,20.92,0.75,-1,-1,-1
71,1044,689.36,586.62,20.24,38.79,0.53,-1,-1,-1
71,1046,556.94,188.01,14.61,15.30,0.44,-1,-1,-1
71,998,528.88,228.96,21.06,27.54,0.81,-1,-1,-1
71,1050,279.75,249.80,27.37,18.57,0.53,-1,-1,-1
71,1053,641.98,226.56,46.18,20.17,0.31,-1,-1,-1
71,1028,673.82,467.27,22.61,30.59,0.60,-1,-1,-1
72,996,581.71,503.03,51.40,58.74,0.80,-1,-1,-1
72,997,472.29,629.99,70.07,109.48,0.87,-1,-1,-1
72,1003,585.69,424.73,31.41,26.41,0.72,-1,-1,-1
72,1006,582.91,448.83,49.29,56.61,0.66,-1,-1,-1
72,1010,667.47,211.46,31.37,14.95,0.49,-1,-1,-1
72,1013,821.21,226.27,37.14,17.77,0.65,-1,-1,-1
72,1031,292.18,339.93,55.44,30.76,0.45,-1,-1,-1
72,1036,659.94,475.13,16.35,27.44,0.55,-1,-1,-1
72,1038,580.30,358.71,30.08,27.19,0.40,-1,-1,-1
72,1040,727.93,618.76,40.18,73.79,0.79,-1,-1,-1
72,642,607.29,565.26,64.69,83.61,0.50,-1,-1,-1
72,1042,671.01,529.14,22.02,33.50,0.63,-1,-1,-1
72,1001,607.15,565.44,64.52,82.51,0.64,-1,-1,-1
72,1043,535.07,269.09,51.25,20.97,0.74,-1,-1,-1
72,1044,689.26,581.49,19.54,37.33,0.55,-1,-1,-1
72,1046,556.17,187.89,14.71,15.34,0.51,-1,-1,-1
72,998,528.79,230.09,20.46,26.76,0.76,-1,-1,-1
72,1050,277.24,250.68,27.02,18.53,0.47,-1,-1,-1
72,1053,643.21,226.60,46.89,20.72,0.37,-1,-1,-1
72,1055,280.53,304.32,23.33,17.17,0.52,-1,-1,-1
72,1028,677.25,466.78,19.73,27.57,0.23,-1,-1,-1
73,996,581.60,505.96,51.02,58.15,0.77,-1,-1,-1
73,997,471.75,636.88,69.98,110.15,0.85,-1,-1,-1
73,1003,583.99,424.41,33.90,28.27,0.68,-1,-1,-1
73,1006,582.45,450.80,49.20,56.65,0.66,-1,-1,-1
73,1010,667.12,211.49,31.80,15.17,0.51,-1,-1,-1
73,1013,821.30,226.82,37.45,18.07,0.62,-1,-1,-1
73,1031,291.41,340.96,54.93,30.43,0.49,-1,-1,-1
73,1036,659.06,475.27,15.96,26.85,0.52,-1,-1,-1
73,1038,580.78,362.28,28.25,25.17,0.14,-1,-1,-1
73,1040,727.40,618.48,40.13,73.79,0.78,-1,-1,-1
73,642,606.09,567.53,66.16,85.84,0.64,-1,-1,-1
73,1042,670.12,529.82,21.78,33.22,0.40,-1,-1,-1
73,1001,606.10,567.44,66.47,85.42,0.43,-1,-1,-1
73,1043,532.27,269.60,50.55,20.58,0.76,-1,-1,-1
73,1044,688.45,578.98,19.66,37.35,0.55,-1,-1,-1
73,1046,555.67,187.77,14.83,15.44,0.50,-1,-1,-1
73,998,528.50,230.38,20.54,26.90,0.74,-1,-1,-1
73,1050,274.51,251.64,26.25,17.97,0.44,-1,-1,-1
73,1053,642.99,228.34,46.57,20.63,0.43,-1,-1,-1
73,1055,279.85,304.98,24.07,17.77,0.35,-1,-1,-1
73,1028,678.21,465.52,19.37,27.98,0.29,-1,-1,-1
73,1056,292.28,264.32,43.60,18.63,0.67,-1,-1,-1
74,996,580.73,507.76,51.88,59.28,0.79,-1,-1,-1
74,997,471.27,644.44,69.29,109.76,0.89,-1,-1,-1
74,1003,584.13,427.70,32.80,26.79,0.63,-1,-1,-1
74,1006,582.46,452.65,48.66,56.15,0.65,-1,-1,-1
74,1010,666.91,212.19,31.40,14.94,0.45,-1,-1,-1
74,1013,821.47,227.26,38.11,18.53,0.68,-1,-1,-1
74,1031,290.67,342.28,53.77,29.60,0.47,-1,-1,-1
74,1036,657.55,476.17,15.46,25.82,0.54,-1,-1,-1
74,1038,579.28,364.47,29.91,26.46,0.34,-1,-1,-1
74,1040,726.89,618.35,39.83,73.13,0.60,-1,-1,-1
74,642,605.25,570.18,66.64,86.69,0.68,-1,-1,-1
74,1042,669.52,528.31,20.75,31.32,0.34,-1,-1,-1
74,1001,605.53,569.94,67.19,86.69,0.46,-1,-1,-1
74,1043,528.09,269.89,51.00,20.89,0.78,-1,-1,-1
74,1044,687.77,578.19,19.76,37.30,0.50,-1,-1,-1
74,1046,554.93,187.21,15.17,15.81,0.55,-1,-1,-1
74,998,528.14,231.04,20.53,26.86,0.73,-1,-1,-1
74,1050,272.89,252.96,25.02,17.09,0.16,-1,-1,-1
74,1053,642.37,229.11,46.02,20.52,0.43,-1,-1,-1
74,1055,278.89,304.70,25.15,18.66,0.36,-1,-1,-1
74,1028,678.48,464.90,19.27,28.74,0.30,-1,-1,-1
74,1056,288.65,264.63,44.15,18.88,0.65,-1,-1,-1
74,1057,614.99,274.21,59.45,20.47,0.66,-1,-1,-1
75,996,579.71,508.99,52.30,59.76,0.82,-1,-1,-1
75,997,471.77,651.92,66.67,104.08,0.87,-1,-1,-1
75,1003,582.41,428.73,34.86,28.20,0.61,-1,-1,-1
75,1006,581.61,454.83,48.75,56.18,0.71,-1,-1,-1
75,1010,667.38,213.58,30.39,14.32,0.35,-1,-1,-1
75,1013,822.42,227.61,37.64,18.43,0.65,-1,-1,-1
75,1031,288.92,341.46,57.57,31.68,0.36,-1,-1,-1
75,1036,657.27,468.52,16.07,27.24,0.60,-1,-1,-1
75,1038,579.25,366.95,28.82,24.91,0.47,-1,-1,-1
75,1040,726.08,618.01,40.07,73.46,0.51,-1,-1,-1
75,642,604.87,573.09,66.83,87.20,0.67,-1,-1,-1
75,1042,668.16,527.46,21.05,31.69,0.30,-1,-1,-1
75,1001,605.59,573.38,67.18,86.92,0.85,-1,-1,-1
75,1043,521.10,270.00,54.24,22.39,0.71,-1,-1,-1
75,1044,687.04,577.90,20.16,37.93,0.50,-1,-1,-1
75,1046,553.70,185.65,16.66,17.50,0.54,-1,-1,-1
75,998,527.64,232.27,20.33,26.50,0.70,-1,-1,-1
75,1053,640.24,229.36,43.77,19.68,0.34,-1,-1,-1
75,1055,278.64,304.65,25.53,19.11,0.42,-1,-1,-1
75,1028,678.64,465.00,18.94,28.95,0.29,-1,-1,-1
75,1056,283.21,265.58,44.79,19.12,0.70,-1,-1,-1
75,1057,611.52,275.07,59.43,20.51,0.63,-1,-1,-1
76,996,579.19,510.09,52.87,60.71,0.83,-1,-1,-1
76,997,473.05,657.90,63.79,98.10,0.80,-1,-1,-1
76,1003,581.54,429.22,35.88,28.85,0.70,-1,-1,-1
76,1006,580.34,456.31,49.94,57.64,0.68,-1,-1,-1
76,1010,667.01,214.27,30.41,14.27,0.34,-1,-1,-1
76,1013,823.32,228.20,36.53,17.98,0.63,-1,-1,-1
76,1031,289.65,343.07,58.41,31.71,0.29,-1,-1,-1
76,1036,657.10,465.84,15.88,27.32,0.56,-1,-1,-1
76,1038,578.84,368.16,28.53,24.25,0.58,-1,-1,-1
76,1040,725.44,617.73,40.20,73.46,0.53,-1,-1,-1
76,642,604.53,575.93,67.97,89.04,0.67,-1,-1,-1
76,1042,666.71,522.77,19.88,30.01,0.51,-1,-1,-1
76,1001,604.62,575.81,68.42,88.94,0.78,-1,-1,-1
76,1043,516.86,270.40,55.11,22.93,0.68,-1,-1,-1
76,1044,686.53,577.77,19.30,36.30,0.57,-1,-1,-1
76,1046,552.85,184.48,17.64,18.71,0.53,-1,-1,-1
76,998,527.45,234.73,19.28,24.93,0.69,-1,-1,-1
76,1053,639.08,229.90,43.15,19.52,0.33,-1,-1,-1
76,1055,277.55,303.77,27.63,20.99,0.36,-1,-1,-1
76,1028,678.16,464.90,16.79,25.67,0.40,-1,-1,-1
76,1056,279.45,265.65,44.65,18.96,0.62,-1,-1,-1
76,1057,605.86,275.33,59.89,20.73,0.66,-1,-1,-1
77,996,578.37,511.47,53.80,62.12,0.82,-1,-1,-1
77,997,474.32,665.37,60.13,90.63,0.77,-1,-1,-1
77,1003,578.60,425.61,41.24,33.61,0.67,-1,-1,-1
77,1006,580.54,459.69,49.18,56.75,0.66,-1,-1,-1
77,1010,666.51,214.13,31.47,14.79,0.24,-1,-1,-1
77,1013,823.35,228.82,36.36,17.95,0.63,-1,-1,-1
77,1031,288.67,344.04,59.63,32.06,0.33,-1,-1,-1
77,1036,656.33,465.15,16.49,28.86,0.55,-1,-1,-1
77,1038,578.43,370.20,28.73,24.02,0.49,-1,-1,-1
77,1040,723.83,617.29,40.29,73.98,0.82,-1,-1,-1
77,642,605.78,579.12,66.23,86.82,0.77,-1,-1,-1
77,1042,665.90,520.81,19.40,29.53,0.49,-1,-1,-1
77,1001,605.20,578.97,66.42,86.45,0.63,-1,-1,-1
77,1043,513.38,271.16,53.70,22.34,0.69,-1,-1,-1
77,1044,685.75,577.73,18.74,35.09,0.57,-1,-1,-1
77,1046,552.74,184.96,17.05,18.15,0.46,-1,-1,-1
77,998,527.23,236.14,18.87,24.20,0.72,-1,-1,-1
77,1053,646.70,231.92,40.11,18.35,0.17,-1,-1,-1
77,1055,276.43,303.07,28.99,22.48,0.27,-1,-1,-1
77,1028,677.30,464.92,16.45,25.34,0.41,-1,-1,-1
77,1056,274.37,266.03,45.48,19.22,0.61,-1,-1,-1
77,1057,601.29,275.38,61.02,21.21,0.65,-1,-1,-1
78,996,578.23,514.21,53.58,62.11,0.80,-1,-1,-1
78,997,474.66,672.64,56.06,83.36,0.76,-1,-1,-1
78,1003,574.85,420.98,47.86,40.05,0.71,-1,-1,-1
78,1006,579.67,460.14,49.65,57.25,0.70,-1,-1,-1
78,1010,665.94,213.74,32.90,15.53,0.22,-1,-1,-1
78,1013,822.62,229.14,36.71,18.20,0.62,-1,-1,-1
78,1031,286.97,344.53,61.24,32.74,0.32,-1,-1,-1
78,1036,655.37,465.83,15.34,26.63,0.49,-1,-1,-1
78,1038,578.30,372.33,28.04,22.98,0.45,-1,-1,-1
78,1040,723.09,616.72,40.62,74.72,0.71,-1,-1,-1
78,642,605.03,582.77,68.20,90.00,0.62,-1,-1,-1
78,1042,665.23,520.59,19.32,29.35,0.53,-1,-1,-1
78,1001,603.95,582.65,68.69,90.08,0.50,-1,-1,-1
78,1043,510.47,271.60,53.34,22.35,0.70,-1,-1,-1
78,1044,685.01,577.66,18.27,33.82,0.62,-1,-1,-1
78,1046,552.18,185.31,16.77,17.94,0.40,-1,-1,-1
78,998,526.29,235.35,20.02,25.70,0.71,-1,-1,-1
78,1053,649.62,232.42,38.93,18.02,0.12,-1,-1,-1
78,1028,676.76,466.92,16.60,25.88,0.41,-1,-1,-1
78,1056,269.82,267.26,45.36,19.06,0.68,-1,-1,-1
78,1057,598.66,276.62,58.88,20.57,0.60,-1,-1,-1
78,1058,491.28,200.32,16.59,15.24,0.53,-1,-1,-1
78,1050,261.18,254.67,25.54,17.45,0.55,-1,-1,-1
79,996,577.54,517.14,53.41,62.00,0.78,-1,-1,-1
79,997,474.31,680.12,52.45,75.88,0.71,-1,-1,-1
79,1003,573.34,420.18,49.24,42.12,0.74,-1,-1,-1
79,1006,578.96,460.81,49.98,57.79,0.65,-1,-1,-1
79,1010,666.28,214.05,32.72,15.42,0.27,-1,-1,-1
79,1013,821.55,229.36,37.12,18.42,0.59,-1,-1,-1
79,1031,282.98,343.54,65.27,35.03,0.46,-1,-1,-1
79,1036,654.19,465.32,15.23,26.39,0.51,-1,-1,-1
79,1038,574.65,374.20,27.67,23.15,0.18,-1,-1,-1
79,1040,722.90,616.38,41.30,75.55,0.74,-1,-1,-1
79,642,604.30,585.06,68.46,90.76,0.34,-1,-1,-1
79,1042,664.41,520.23,18.91,28.72,0.52,-1,-1,-1
79,1001,603.10,585.18,68.97,90.84,0.67,-1,-1,-1
79,1043,507.89,272.44,51.84,21.88,0.70,-1,-1,-1
79,1044,684.18,577.31,18.08,33.00,0.59,-1,-1,-1
79,1046,551.64,184.77,16.95,18.25,0.47,-1,-1,-1
79,998,525.43,234.75,20.82,26.83,0.70,-1,-1,-1
79,1053,650.28,232.74,37.84,17.72,0.14,-1,-1,-1
79,1028,677.13,468.69,15.46,24.08,0.23,-1,-1,-1
79,1056,262.29,267.51,46.19,19.35,0.66,-1,-1,-1
79,1057,596.92,277.34,57.28,20.12,0.62,-1,-1,-1
79,1058,491.10,200.78,16.33,15.03,0.45,-1,-1,-1
79,1050,258.39,255.11,25.63,17.37,0.20,-1,-1,-1
80,996,577.29,520.06,53.79,62.74,0.83,-1,-1,-1
80,997,476.00,687.70,48.66,68.30,0.58,-1,-1,-1
80,1003,572.26,419.43,50.41,44.19,0.71,-1,-1,-1
80,1006,578.33,462.44,49.44,57.36,0.55,-1,-1,-1
80,1010,665.60,213.79,33.64,15.92,0.25,-1,-1,-1
80,1013,821.68,230.11,36.86,18.35,0.55,-1,-1,-1
80,1031,282.23,343.24,67.27,36.16,0.39,-1,-1,-1
80,1036,653.03,465.12,16.15,28.24,0.55,-1,-1,-1
80,1040,722.83,616.51,41.70,75.70,0.73,-1,-1,-1
80,642,603.80,587.78,68.25,90.57,0.82,-1,-1,-1
80,1042,662.84,521.16,20.18,30.88,0.48,-1,-1,-1
80,1001,602.96,588.05,68.26,90.02,0.64,-1,-1,-1
80,1043,505.21,273.05,50.70,21.63,0.67,-1,-1,-1
80,1044,683.64,577.23,17.97,32.65,0.56,-1,-1,-1
80,1046,551.11,184.68,16.94,18.42,0.55,-1,-1,-1
80,998,525.26,236.22,20.17,25.86,0.71,-1,-1,-1
80,1056,257.32,268.18,46.29,19.30,0.66,-1,-1,-1
80,1057,591.92,277.69,55.23,19.49,0.51,-1,-1,-1
80,1058,490.28,200.86,16.71,15.42,0.57,-1,-1,-1
80,1050,256.58,255.13,24.91,16.93,0.29,-1,-1,-1
80,1059,656.85,398.67,17.56,29.67,0.61,-1,-1,-1
81,996,577.01,522.57,52.30,61.13,0.81,-1,-1,-1
81,997,476.99,696.85,43.96,59.15,0.52,-1,-1,-1
81,1003,578.09,433.23,38.22,32.47,0.65,-1,-1,-1
81,1006,578.66,464.49,49.93,58.07,0.75,-1,-1,-1
81,1010,665.73,214.24,33.19,15.71,0.20,-1,-1,-1
81,1013,821.91,231.17,36.67,18.32,0.50,-1,-1,-1
81,1031,280.75,343.91,67.63,36.46,0.14,-1,-1,-1
81,1036,652.34,465.50,15.87,28.02,0.55,-1,-1,-1
81,1040,721.37,616.72,40.81,74.04,0.73,-1,-1,-1
81,642,602.99,590.56,68.66,91.27,0.67,-1,-1,-1
81,1042,661.55,521.45,20.72,32.04,0.46,-1,-1,-1
81,1001,602.47,590.93,68.58,90.61,0.64,-1,-1,-1
81,1043,502.52,273.21,49.78,21.53,0.69,-1,-1,-1
81,1044,682.71,576.49,18.43,33.48,0.52,-1,-1,-1
81,1046,551.00,185.27,16.44,17.95,0.57,-1,-1,-1
81,998,524.39,234.71,21.35,27.50,0.75,-1,-1,-1
81,1056,252.05,268.64,46.53,19.29,0.70,-1,-1,-1
81,1057,586.61,277.74,57.88,20.57,0.61,-1,-1,-1
81,1058,489.80,201.32,16.78,15.54,0.50,-1,-1,-1
81,1050,252.73,255.86,25.48,17.13,0.12,-1,-1,-1
81,1059,657.02,399.19,17.79,30.05,0.62,-1,-1,-1
82,996,576.01,524.26,52.82,62.15,0.81,-1,-1,-1
82,997,477.06,705.53,39.82,50.47,0.40,-1,-1,-1
82,1003,578.07,436.04,37.13,31.37,0.65,-1,-1,-1
82,1006,578.81,467.15,49.47,57.64,0.62,-1,-1,-1
82,1010,665.62,214.38,33.38,15.81,0.16,-1,-1,-1
82,1013,822.64,232.70,36.49,18.30,0.42,-1,-1,-1
82,1031,279.97,350.66,58.74,31.63,0.24,-1,-1,-1
82,1036,651.20,465.44,16.39,29.42,0.50,-1,-1,-1
82,1040,720.14,616.76,40.30,73.29,0.74,-1,-1,-1
82,642,602.64,593.57,68.63,91.22,0.34,-1,-1,-1
82,1042,660.90,521.09,20.04,31.11,0.48,-1,-1,-1
82,1001,602.43,594.02,68.57,90.66,0.64,-1,-1,-1
82,1043,499.45,273.17,49.91,21.98,0.62,-1,-1,-1
82,1044,681.94,576.53,18.56,33.51,0.45,-1,-1,-1
82,1046,550.95,186.78,15.59,17.04,0.58,-1,-1,-1
82,998,523.90,234.61,21.85,28.26,0.76,-1,-1,-1
82,1056,246.89,269.28,46.42,19.12,0.71,-1,-1,-1
82,1057,581.40,278.25,58.31,20.86,0.78,-1,-1,-1
82,1058,489.62,201.78,16.64,15.47,0.60,-1,-1,-1
82,1050,249.98,257.22,26.42,17.57,0.19,-1,-1,-1
82,1059,657.90,399.63,17.92,30.22,0.53,-1,-1,-1
82,1060,710.18,220.58,27.69,14.68,0.69,-1,-1,-1
83,996,575.56,526.01,53.21,62.98,0.81,-1,-1,-1
83,997,475.58,713.71,36.56,42.29,0.50,-1,-1,-1
83,1003,571.90,427.86,48.35,41.94,0.69,-1,-1,-1
83,1006,577.44,468.71,50.27,58.73,0.70,-1,-1,-1
83,1010,664.90,214.31,34.54,16.46,0.18,-1,-1,-1
83,1013,824.67,233.43,34.17,17.13,0.45,-1,-1,-1
83,1031,279.33,351.43,59.62,32.06,0.36,-1,-1,-1
83,1036,650.69,465.13,16.47,30.06,0.46,-1,-1,-1
83,1040,719.17,616.62,39.97,72.95,0.68,-1,-1,-1
83,642,602.45,596.84,68.20,90.72,0.16,-1,-1,-1
83,1042,660.01,521.00,19.31,30.01,0.51,-1,-1,-1
83,1001,602.10,597.02,68.85,91.24,0.67,-1,-1,-1
83,1043,493.94,272.24,52.49,23.57,0.56,-1,-1,-1
83,1044,680.64,583.96,19.32,34.89,0.56,-1,-1,-1
83,1046,550.77,187.90,14.83,16.15,0.64,-1,-1,-1
83,998,523.16,235.45,21.77,28.14,0.71,-1,-1,-1
83,1056,240.20,269.70,46.98,19.21,0.69,-1,-1,-1
83,1057,576.10,279.10,58.65,21.05,0.70,-1,-1,-1
83,1058,488.86,202.79,16.56,15.44,0.27,-1,-1,-1
83,1050,247.92,258.40,26.08,17.12,0.27,-1,-1,-1
83,1059,659.60,401.16,18.28,30.85,0.42,-1,-1,-1
83,1060,709.70,221.00,27.36,14.51,0.69,-1,-1,-1
84,996,575.20,527.95,54.29,64.61,0.78,-1,-1,-1
84,1003,572.15,429.33,47.34,41.72,0.72,-1,-1,-1
84,1006,582.98,486.60,39.05,43.14,0.59,-1,-1,-1
84,1010,663.94,214.54,35.46,17.08,0.28,-1,-1,-1
84,1013,823.70,233.55,34.62,17.28,0.44,-1,-1,-1
84,1031,277.77,352.44,58.93,31.76,0.34,-1,-1,-1
84,1036,650.44,465.21,16.05,29.68,0.51,-1,-1,-1
84,1040,718.48,616.69,39.68,72.73,0.71,-1,-1,-1
84,642,602.14,600.24,68.14,90.78,0.54,-1,-1,-1
84,1042,659.19,520.93,18.15,28.37,0.47,-1,-1,-1
84,1001,601.65,600.53,68.54,90.96,0.73,-1,-1,-1
84,1043,488.67,272.13,52.82,24.03,0.24,-1,-1,-1
84,1044,679.67,586.10,19.90,36.03,0.49,-1,-1,-1
84,1046,550.18,187.84,15.18,16.54,0.57,-1,-1,-1
84,998,523.68,240.27,19.09,24.05,0.66,-1,-1,-1
84,1056,235.68,270.36,46.32,18.88,0.59,-1,-1,-1
84,1057,572.24,280.33,57.50,20.78,0.65,-1,-1,-1
84,1058,488.35,202.76,17.19,16.13,0.24,-1,-1,-1
84,1050,245.96,259.25,24.71,15.95,0.12,-1,-1,-1
84,1059,661.86,402.68,17.16,28.95,0.41,-1,-1,-1
84,1060,709.18,221.73,27.71,14.73,0.69,-1,-1,-1
85,996,575.34,531.17,53.71,64.15,0.79,-1,-1,-1
85,1003,571.53,430.17,47.66,42.78,0.71,-1,-1,-1
85,1006,576.51,476.95,49.41,55.18,0.71,-1,-1,-1
85,1010,663.57,214.94,35.42,17.18,0.26,-1,-1,-1
85,1013,823.59,234.03,34.67,17.31,0.38,-1,-1,-1
85,1031,275.80,353.91,57.91,31.41,0.30,-1,-1,-1
85,1036,650.82,465.50,14.91,27.83,0.48,-1,-1,-1
85,1040,718.02,616.67,39.35,72.55,0.69,-1,-1,-1
85,642,601.66,603.56,68.77,91.68,0.71,-1,-1,-1
85,1042,657.78,520.78,17.60,27.69,0.49,-1,-1,-1
85,1001,601.61,603.91,68.98,91.67,0.74,-1,-1,-1
85,1043,485.22,273.44,50.44,23.08,0.31,-1,-1,-1
85,1044,678.87,585.55,20.57,37.52,0.54,-1,-1,-1
85,1046,549.87,187.87,15.01,16.38,0.60,-1,-1,-1
85,998,523.94,243.32,17.50,21.45,0.71,-1,-1,-1
85,1056,231.87,270.81,42.05,17.18,0.68,-1,-1,-1
85,1057,568.24,280.72,58.07,21.16,0.70,-1,-1,-1
85,1058,488.51,204.05,16.13,15.15,0.32,-1,-1,-1
85,1059,663.66,403.88,15.81,26.51,0.46,-1,-1,-1
85,1060,708.50,221.93,28.57,15.25,0.63,-1,-1,-1
86,996,575.38,534.10,53.61,64.39,0.82,-1,-1,-1
86,1003,570.53,429.45,48.63,44.48,0.76,-1,-1,-1
86,1006,577.71,476.30,45.52,50.36,0.61,-1,-1,-1
86,1010,663.08,215.72,35.33,17.30,0.14,-1,-1,-1
86,1013,825.72,235.27,34.22,17.20,0.20,-1,-1,-1
86,1031,274.08,354.74,57.34,31.26,0.38,-1,-1,-1
86,1036,651.23,465.90,13.89,26.16,0.46,-1,-1,-1
86,1040,717.43,616.39,39.16,72.64,0.55,-1,-1,-1
86,642,601.41,606.25,69.24,92.47,0.70,-1,-1,-1
86,1042,656.96,521.01,17.09,27.08,0.56,-1,-1,-1
86,1001,600.94,606.55,69.47,92.48,0.67,-1,-1,-1
86,1043,480.50,272.08,54.84,25.65,0.29,-1,-1,-1
86,1044,678.38,585.57,20.45,37.56,0.53,-1,-1,-1
86,1046,549.28,187.96,14.93,16.24,0.59,-1,-1,-1
86,998,522.07,240.12,20.38,25.06,0.73,-1,-1,-1
86,1056,228.93,271.24,41.65,17.05,0.65,-1,-1,-1
86,1057,564.46,280.24,58.22,21.35,0.67,-1,-1,-1
86,1058,487.75,203.72,16.89,16.02,0.52,-1,-1,-1
86,1059,665.95,404.26,15.82,26.43,0.39,-1,-1,-1
86,1060,709.39,222.19,28.88,15.40,0.64,-1,-1,-1
86,1063,665.48,245.33,38.34,21.03,0.69,-1,-1,-1
87,996,575.22,536.92,53.01,63.96,0.80,-1,-1,-1
87,1003,569.75,430.02,49.46,46.21,0.67,-1,-1,-1
87,1006,574.63,476.38,50.85,56.77,0.69,-1,-1,-1
87,1010,663.09,216.99,34.15,16.80,0.16,-1,-1,-1
87,1013,826.50,236.17,34.29,17.36,0.27,-1,-1,-1
87,1031,273.06,355.73,56.86,31.13,0.33,-1,-1,-1
87,1036,651.78,466.12,13.03,24.60,0.42,-1,-1,-1
87,1040,716.83,615.92,39.03,72.87,0.73,-1,-1,-1
87,642,600.07,608.99,70.54,94.58,0.72,-1,-1,-1
87,1042,655.84,521.11,17.26,27.70,0.56,-1,-1,-1
87,1001,599.87,608.62,70.94,94.71,0.44,-1,-1,-1
87,1044,677.33,584.70,20.68,38.26,0.58,-1,-1,-1
87,1046,548.46,187.11,15.54,16.97,0.55,-1,-1,-1
87,998,521.00,238.33,21.98,27.18,0.69,-1,-1,-1
87,1056,225.72,271.64,39.88,16.42,0.44,-1,-1,-1
87,1057,559.08,280.22,60.71,22.49,0.66,-1,-1,-1
87,1058,487.43,203.88,16.94,16.22,0.54,-1,-1,-1
87,1059,667.49,405.06,15.49,25.87,0.44,-1,-1,-1
87,1060,709.85,222.55,28.50,15.15,0.65,-1,-1,-1
87,1063,665.18,245.53,39.10,21.46,0.74,-1,-1,-1
87,1064,774.10,680.65,23.48,44.36,0.57,-1,-1,-1
88,996,573.89,538.95,53.64,64.90,0.80,-1,-1,-1
88,1003,569.42,430.75,49.81,47.51,0.65,-1,-1,-1
88,1006,572.99,477.48,53.06,60.11,0.68,-1,-1,-1
88,1010,662.84,218.69,31.69,15.70,0.11,-1,-1,-1
88,1013,824.17,235.48,34.89,17.68,0.42,-1,-1,-1
88,1031,271.91,356.53,56.31,30.99,0.34,-1,-1,-1
88,1036,652.01,465.84,12.78,24.10,0.35,-1,-1,-1
88,1040,716.46,615.53,38.70,72.68,0.68,-1,-1,-1
88,642,599.18,612.19,71.32,95.78,0.76,-1,-1,-1
88,1042,655.04,521.27,17.30,27.91,0.62,-1,-1,-1
88,1001,599.57,611.54,71.49,95.52,0.44,-1,-1,-1
88,1044,676.16,584.18,20.77,38.72,0.51,-1,-1,-1
88,1046,547.70,186.94,15.63,17.11,0.51,-1,-1,-1
88,998,520.38,237.53,22.87,28.43,0.75,-1,-1,-1
88,1056,222.43,272.11,39.94,16.68,0.42,-1,-1,-1
88,1057,555.68,280.05,58.28,21.66,0.67,-1,-1,-1
88,1058,487.25,204.21,16.74,16.12,0.58,-1,-1,-1
88,1059,667.76,405.26,15.71,26.13,0.47,-1,-1,-1
88,1060,709.80,222.90,28.68,15.20,0.67,-1,-1,-1
88,1063,665.45,246.24,38.98,21.43,0.75,-1,-1,-1
88,1038,574.07,385.25,29.40,24.01,0.56,-1,-1,-1
89,996,573.31,541.27,53.27,64.65,0.80,-1,-1,-1
89,1003,569.94,432.54,48.44,46.95,0.74,-1,-1,-1
89,1006,573.61,479.88,52.80,60.34,0.74,-1,-1,-1
89,1010,662.82,218.79,31.37,15.60,0.16,-1,-1,-1
89,1013,823.01,235.22,35.75,18.18,0.46,-1,-1,-1
89,1031,271.16,357.22,56.93,31.43,0.28,-1,-1,-1
89,1036,652.60,465.70,12.65,23.56,0.32,-1,-1,-1
89,1040,716.16,615.06,38.42,72.58,0.73,-1,-1,-1
89,642,599.30,615.61,71.05,95.45,0.30,-1,-1,-1
89,1042,654.88,521.59,17.08,27.46,0.62,-1,-1,-1
89,1001,599.38,615.31,71.17,95.19,0.77,-1,-1,-1
89,1044,675.33,583.92,20.54,38.68,0.55,-1,-1,-1
89,1046,547.11,186.44,15.93,17.54,0.54,-1,-1,-1
89,998,520.03,237.39,23.06,28.86,0.71,-1,-1,-1
89,1056,218.97,272.42,40.12,17.07,0.20,-1,-1,-1
89,1057,551.58,280.37,58.11,21.72,0.71,-1,-1,-1
89,1058,487.09,204.50,16.47,15.92,0.57,-1,-1,-1
89,1059,668.31,405.77,15.60,25.85,0.48,-1,-1,-1
89,1060,709.68,223.71,28.39,15.01,0.69,-1,-1,-1
89,1063,664.92,246.45,39.41,21.71,0.73,-1,-1,-1
89,1038,573.88,386.33,30.81,24.77,0.12,-1,-1,-1
89,1047,578.23,418.98,25.57,19.82,0.67,-1,-1,-1
90,996,573.20,542.24,53.64,65.48,0.81,-1,-1,-1
90,1003,569.76,433.78,47.76,46.86,0.70,-1,-1,-1
90,1006,572.95,480.60,53.74,61.89,0.70,-1,-1,-1
90,1010,662.70,219.07,31.50,15.73,0.17,-1,-1,-1
90,1013,821.70,236.02,38.01,19.66,0.59,-1,-1,-1
90,1031,268.83,357.69,56.49,31.58,0.33,-1,-1,-1
90,1036,652.81,465.67,13.04,24.11,0.35,-1,-1,-1
90,1040,715.74,614.79,38.04,72.36,0.68,-1,-1,-1
90,642,599.05,618.73,71.31,95.96,0.75,-1,-1,-1
90,1042,654.28,521.57,17.29,27.61,0.57,-1,-1,-1
90,1001,599.54,618.99,70.77,94.82,0.16,-1,-1,-1
90,1044,674.91,585.08,19.62,36.79,0.45,-1,-1,-1
90,1046,546.85,187.08,15.34,16.89,0.53,-1,-1,-1
90,998,519.68,237.28,23.33,29.36,0.70,-1,-1,-1
90,1057,547.41,280.65,59.73,22.45,0.68,-1,-1,-1
90,1058,486.19,204.26,17.08,16.69,0.58,-1,-1,-1
90,1059,669.13,406.27,15.10,24.86,0.38,-1,-1,-1
90,1060,708.96,223.80,28.90,15.26,0.71,-1,-1,-1
90,1063,665.07,247.12,39.09,21.62,0.66,-1,-1,-1
90,1047,575.68,416.97,29.81,22.51,0.62,-1,-1,-1
91,996,571.50,543.91,55.14,67.50,0.80,-1,-1,-1
91,1003,574.66,447.68,37.18,35.21,0.66,-1,-1,-1
91,1006,572.46,482.43,53.91,62.51,0.73,-1,-1,-1
91,1010,662.84,219.30,31.53,15.79,0.33,-1,-1,-1
91,1013,820.13,236.54,40.58,21.42,0.64,-1,-1,-1
91,1031,268.16,359.03,55.55,31.28,0.45,-1,-1,-1
91,1036,653.22,465.80,13.03,23.77,0.35,-1,-1,-1
91,1040,715.53,613.91,37.75,72.05,0.69,-1,-1,-1
91,1042,653.42,521.15,17.51,28.00,0.59,-1,-1,-1
91,1044,673.68,582.18,20.50,38.67,0.51,-1,-1,-1
91,1046,546.61,187.88,14.49,15.88,0.54,-1,-1,-1
91,998,519.36,237.43,23.35,29.49,0.79,-1,-1,-1
91,1057,539.73,279.11,63.88,24.41,0.68,-1,-1,-1
91,1058,485.57,204.37,17.11,16.90,0.65,-1,-1,-1
91,1059,669.66,406.28,15.28,25.05,0.37,-1,-1,-1
91,1060,708.61,224.31,28.80,15.16,0.71,-1,-1,-1
91,1063,664.26,247.27,39.29,21.79,0.75,-1,-1,-1
91,1047,571.66,413.10,36.95,28.74,0.47,-1,-1,-1
92,996,570.61,546.46,55.61,68.22,0.80,-1,-1,-1
92,1003,576.18,453.83,33.34,30.79,0.61,-1,-1,-1
92,1006,580.93,508.76,37.19,38.66,0.65,-1,-1,-1
92,1010,662.77,219.37,31.64,15.89,0.38,-1,-1,-1
92,1013,821.76,236.83,36.97,19.59,0.65,-1,-1,-1
92,1031,265.94,360.41,54.25,30.88,0.34,-1,-1,-1
92,1036,652.88,465.94,13.58,24.66,0.36,-1,-1,-1
92,1040,715.14,613.67,37.58,72.04,0.76,-1,-1,-1
92,1042,651.81,521.02,17.96,28.66,0.53,-1,-1,-1
92,1044,672.76,581.53,20.21,38.35,0.53,-1,-1,-1
92,1046,546.51,188.60,13.78,14.97,0.58,-1,-1,-1
92,998,519.19,238.24,22.84,28.96,0.82,-1,-1,-1
92,1057,533.35,277.03,67.53,26.35,0.74,-1,-1,-1
92,1058,485.00,204.58,17.11,17.06,0.59,-1,-1,-1
92,1059,670.42,406.48,15.31,25.04,0.45,-1,-1,-1
92,1060,708.39,224.93,28.63,14.95,0.71,-1,-1,-1
92,1063,664.33,247.62,38.94,21.69,0.77,-1,-1,-1
92,1047,572.21,416.86,35.59,27.58,0.18,-1,-1,-1
92,1068,283.43,312.91,54.44,47.26,0.55,-1,-1,-1
92,1069,883.95,259.77,46.02,25.81,0.56,-1,-1,-1
92,642,597.84,624.76,72.34,97.58,0.80,-1,-1,-1
93,996,570.24,548.87,55.72,68.44,0.81,-1,-1,-1
93,1003,570.43,443.17,43.81,41.05,0.62,-1,-1,-1
93,1006,585.22,522.49,28.34,26.73,0.55,-1,-1,-1
93,1010,662.41,219.19,32.23,16.26,0.47,-1,-1,-1
93,1013,821.38,237.18,37.74,20.29,0.62,-1,-1,-1
93,1031,264.28,360.72,55.22,31.76,0.17,-1,-1,-1
93,1036,652.96,464.55,13.82,24.86,0.32,-1,-1,-1
93,1040,714.50,613.00,37.63,72.30,0.75,-1,-1,-1
93,1042,650.02,520.36,18.19,29.46,0.55,-1,-1,-1
93,1044,671.87,580.62,20.19,38.56,0.52,-1,-1,-1
93,1046,546.01,188.42,14.01,15.17,0.55,-1,-1,-1
93,998,518.39,238.39,22.91,29.23,0.81,-1,-1,-1
93,1057,529.96,277.69,65.95,26.09,0.74,-1,-1,-1
93,1058,484.53,204.75,17.05,17.12,0.61,-1,-1,-1
93,1059,670.74,407.15,16.15,26.37,0.43,-1,-1,-1
93,1060,708.47,225.45,28.79,14.92,0.68,-1,-1,-1
93,1063,664.20,248.39,39.07,21.87,0.76,-1,-1,-1
93,1047,568.82,412.15,41.30,33.21,0.45,-1,-1,-1
93,1068,286.15,317.87,48.03,41.63,0.37,-1,-1,-1
93,1069,883.53,259.70,47.24,26.51,0.42,-1,-1,-1
93,1070,577.77,317.29,28.16,22.45,0.53,-1,-1,-1
93,642,596.92,627.34,73.39,99.30,0.76,-1,-1,-1
93,1050,219.97,261.93,28.03,18.13,0.70,-1,-1,-1
94,996,569.47,551.86,55.35,67.97,0.79,-1,-1,-1
94,1003,567.93,441.47,47.52,45.20,0.79,-1,-1,-1
94,1010,662.06,219.62,32.05,16.20,0.43,-1,-1,-1
94,1013,823.07,237.19,34.06,18.33,0.65,-1,-1,-1
94,1031,261.30,362.04,54.87,32.20,0.30,-1,-1,-1
94,1036,654.17,463.60,14.55,25.29,0.28,-1,-1,-1
94,1040,713.43,612.84,37.46,72.05,0.70,-1,-1,-1
94,1042,649.25,519.87,17.72,29.14,0.53,-1,-1,-1
94,1044,671.11,579.87,20.06,38.60,0.48,-1,-1,-1
94,1046,545.61,188.64,13.85,14.86,0.58,-1,-1,-1
94,998,517.63,237.79,23.45,30.18,0.79,-1,-1,-1
94,1057,527.16,279.43,62.66,25.04,0.77,-1,-1,-1
94,1058,483.97,204.97,16.89,17.06,0.69,-1,-1,-1
94,1059,671.62,408.23,16.27,26.40,0.41,-1,-1,-1
94,1060,707.86,225.87,29.32,15.14,0.64,-1,-1,-1
94,1063,664.42,249.31,38.42,21.54,0.80,-1,-1,-1
94,1047,566.38,410.72,44.30,36.56,0.28,-1,-1,-1
94,1068,285.41,320.80,46.49,40.26,0.63,-1,-1,-1
94,1069,884.39,260.58,47.65,26.69,0.58,-1,-1,-1
94,1070,579.26,318.46,28.29,22.58,0.23,-1,-1,-1
94,642,596.53,630.16,73.43,99.54,0.79,-1,-1,-1
94,1071,597.80,628.74,72.12,99.26,0.52,-1,-1,-1
94,1072,614.11,222.32,40.57,17.78,0.60,-1,-1,-1
94,1073,571.72,488.37,52.41,60.76,0.67,-1,-1,-1
94,1050,216.85,261.95,28.53,18.54,0.69,-1,-1,-1
95,996,568.18,553.62,56.27,69.08,0.80,-1,-1,-1
95,1003,567.31,441.92,48.12,46.36,0.81,-1,-1,-1
95,1010,661.76,219.94,32.04,16.21,0.37,-1,-1,-1
95,1013,824.10,237.12,31.92,17.16,0.64,-1,-1,-1
95,1036,654.40,463.04,13.54,23.33,0.44,-1,-1,-1
95,1040,712.95,612.33,37.29,71.68,0.69,-1,-1,-1
95,1042,648.56,519.85,17.77,29.70,0.55,-1,-1,-1
95,1044,671.06,580.67,19.19,37.04,0.44,-1,-1,-1
95,1046,545.20,188.56,13.97,14.89,0.55,-1,-1,-1
95,998,517.41,238.24,23.27,30.15,0.76,-1,-1,-1
95,1057,523.78,281.17,59.73,23.94,0.74,-1,-1,-1
95,1058,483.43,205.38,16.49,16.79,0.63,-1,-1,-1
95,1059,671.70,411.40,17.17,27.72,0.51,-1,-1,-1
95,1060,707.19,226.26,29.87,15.41,0.64,-1,-1,-1
95,1063,664.53,249.89,37.76,21.19,0.81,-1,-1,-1
95,1047,565.54,410.79,44.79,37.99,0.49,-1,-1,-1
95,1068,285.48,324.73,43.32,37.37,0.26,-1,-1,-1
95,1069,888.95,261.20,48.31,26.82,0.26,-1,-1,-1
95,1070,584.19,324.52,22.24,17.68,0.44,-1,-1,-1
95,642,596.69,633.88,72.27,98.12,0.75,-1,-1,-1
95,1071,598.00,633.18,71.15,97.90,0.62,-1,-1,-1
95,1072,614.40,222.60,40.77,17.86,0.58,-1,-1,-1
95,1073,571.64,490.07,52.65,61.09,0.58,-1,-1,-1
95,1050,214.05,263.09,28.01,18.00,0.59,-1,-1,-1
96,996,568.77,556.89,55.19,67.79,0.80,-1,-1,-1
96,1003,566.47,442.52,48.14,47.00,0.82,-1,-1,-1
96,1010,660.99,219.84,32.84,16.69,0.39,-1,-1,-1
96,1013,824.58,237.20,31.18,16.75,0.64,-1,-1,-1
96,1036,654.41,463.35,14.35,24.76,0.48,-1,-1,-1
96,1040,712.66,611.54,37.09,71.40,0.69,-1,-1,-1
96,1042,647.68,520.00,18.24,30.96,0.61,-1,-1,-1
96,1044,670.86,579.87,18.73,36.33,0.39,-1,-1,-1
96,1046,544.49,187.99,14.45,15.34,0.50,-1,-1,-1
96,998,517.11,238.75,23.28,30.34,0.72,-1,-1,-1
96,1057,520.70,282.28,58.03,23.19,0.76,-1,-1,-1
96,1058,482.84,205.63,16.35,16.75,0.58,-1,-1,-1
96,1059,672.37,414.29,16.74,26.65,0.49,-1,-1,-1
96,1060,707.70,226.27,30.53,15.64,0.62,-1,-1,-1
96,1063,664.58,250.34,37.56,21.11,0.81,-1,-1,-1
96,1047,565.23,410.96,43.44,37.66,0.64,-1,-1,-1
96,1068,283.69,324.85,44.90,38.65,0.17,-1,-1,-1
96,1069,886.61,261.81,48.21,26.71,0.40,-1,-1,-1
96,1070,588.87,326.05,21.76,17.14,0.40,-1,-1,-1
96,642,596.47,636.91,72.47,98.53,0.73,-1,-1,-1
96,1071,596.95,635.67,72.19,99.35,0.77,-1,-1,-1
96,1072,614.19,223.09,40.75,17.84,0.62,-1,-1,-1
96,1073,572.14,492.45,48.87,56.66,0.66,-1,-1,-1
96,1050,210.75,262.88,29.06,18.73,0.64,-1,-1,-1
96,1074,203.71,429.69,40.40,18.14,0.54,-1,-1,-1
96,1006,584.12,532.41,26.83,22.81,0.57,-1,-1,-1
97,996,568.51,558.06,55.45,68.33,0.79,-1,-1,-1
97,1003,565.67,443.53,47.98,47.38,0.81,-1,-1,-1
97,1010,660.20,220.19,33.43,17.07,0.42,-1,-1,-1
97,1013,824.26,237.42,31.69,17.08,0.64,-1,-1,-1
97,1036,654.68,463.55,14.11,24.16,0.52,-1,-1,-1
97,1040,711.99,610.58,37.10,71.49,0.81,-1,-1,-1
97,1042,646.58,519.53,19.21,33.14,0.58,-1,-1,-1
97,1044,670.36,572.51,18.48,35.46,0.56,-1,-1,-1
97,1046,543.91,187.76,14.77,15.62,0.45,-1,-1,-1
97,998,516.51,239.79,23.13,30.41,0.74,-1,-1,-1
97,1057,517.02,282.81,57.60,22.86,0.63,-1,-1,-1
97,1058,482.50,206.09,16.10,16.53,0.63,-1,-1,-1
97,1059,672.95,415.77,16.84,26.68,0.14,-1,-1,-1
97,1060,706.87,226.63,30.49,15.63,0.64,-1,-1,-1
97,1063,664.35,250.71,37.39,21.08,0.79,-1,-1,-1
97,1047,564.59,411.25,43.43,38.22,0.60,-1,-1,-1
97,1069,885.48,261.72,49.23,27.27,0.33,-1,-1,-1
97,1070,588.82,327.87,21.36,16.80,0.33,-1,-1,-1
97,642,595.37,639.54,73.15,99.69,0.77,-1,-1,-1
97,1071,596.89,638.99,71.62,98.52,0.69,-1,-1,-1
97,1072,613.83,223.49,40.84,17.87,0.65,-1,-1,-1
97,1073,573.33,494.21,45.16,52.16,0.68,-1,-1,-1
97,1050,208.55,262.73,29.57,19.27,0.50,-1,-1,-1
97,1074,201.92,430.87,41.28,18.53,0.17,-1,-1,-1
97,1006,581.31,534.10,29.31,23.26,0.46,-1,-1,-1
98,996,567.61,559.03,56.26,69.73,0.80,-1,-1,-1
98,1003,565.42,445.03,47.48,47.40,0.73,-1,-1,-1
98,1010,659.83,220.47,33.32,17.02,0.41,-1,-1,-1
98,1013,824.01,237.94,30.84,16.53,0.61,-1,-1,-1
98,1036,654.97,463.56,13.68,22.76,0.48,-1,-1,-1
98,1040,711.28,609.68,37.23,71.93,0.81,-1,-1,-1
98,1042,645.18,518.83,21.01,36.64,0.57,-1,-1,-1
98,1044,668.80,568.67,19.51,37.29,0.66,-1,-1,-1
98,1046,543.44,187.67,14.86,15.66,0.30,-1,-1,-1
98,998,515.75,239.14,23.74,31.50,0.72,-1,-1,-1
98,1057,513.40,283.93,55.30,21.95,0.71,-1,-1,-1
98,1058,482.08,206.31,16.08,16.51,0.48,-1,-1,-1
98,1059,673.65,416.88,16.80,26.32,0.14,-1,-1,-1
98,1060,706.29,226.99,29.96,15.37,0.63,-1,-1,-1
98,1063,664.19,250.80,37.36,21.15,0.75,-1,-1,-1
98,1047,564.22,411.94,43.52,38.75,0.60,-1,-1,-1
98,1069,885.34,261.95,49.00,27.14,0.53,-1,-1,-1
98,1070,589.63,327.78,22.05,17.37,0.18,-1,-1,-1
98,642,594.74,642.11,73.03,99.88,0.79,-1,-1,-1
98,1071,596.18,641.02,72.29,99.47,0.72,-1,-1,-1
98,1072,614.07,223.96,40.93,17.92,0.41,-1,-1,-1
98,1073,572.07,495.71,45.46,52.33,0.66,-1,-1,-1
98,1050,205.92,264.00,28.56,18.52,0.31,-1,-1,-1
98,1074,198.45,432.07,41.91,18.81,0.45,-1,-1,-1
98,1006,580.54,536.62,31.37,23.25,0.35,-1,-1,-1
99,996,566.28,561.01,57.73,71.91,0.76,-1,-1,-1
99,1003,564.28,446.18,48.16,48.53,0.74,-1,-1,-1
99,1010,659.38,220.46,33.82,17.32,0.45,-1,-1,-1
99,1013,822.68,238.25,31.47,16.74,0.63,-1,-1,-1
99,1036,654.97,463.28,13.72,22.01,0.47,-1,-1,-1
99,1040,710.62,608.96,37.16,71.92,0.60,-1,-1,-1
99,1042,644.82,518.52,20.18,35.25,0.56,-1,-1,-1
99,1044,667.72,566.71,19.67,37.44,0.61,-1,-1,-1
99,1046,542.96,187.64,14.93,15.73,0.25,-1,-1,-1
99,998,515.16,238.06,24.40,32.66,0.77,-1,-1,-1
99,1057,508.80,284.53,54.52,21.62,0.70,-1,-1,-1
99,1058,481.60,206.41,16.13,16.60,0.43,-1,-1,-1
99,1059,675.09,418.82,16.23,24.93,0.12,-1,-1,-1
99,1060,705.63,226.84,30.27,15.56,0.62,-1,-1,-1
99,1063,664.19,251.29,36.80,20.89,0.78,-1,-1,-1
99,1047,563.57,412.42,43.99,39.59,0.60,-1,-1,-1
99,1069,885.04,262.12,48.77,27.03,0.57,-1,-1,-1
99,642,593.88,644.44,72.89,99.98,0.78,-1,-1,-1
99,1071,594.95,642.94,72.81,100.29,0.59,-1,-1,-1
99,1072,613.91,224.18,41.09,18.02,0.45,-1,-1,-1
99,1073,568.15,495.96,53.22,61.48,0.65,-1,-1,-1
99,1050,202.81,264.33,28.34,18.57,0.14,-1,-1,-1
99,1074,195.76,433.01,43.75,19.68,0.32,-1,-1,-1
100,996,565.98,563.09,57.69,72.21,0.79,-1,-1,-1
100,1003,563.96,447.17,47.94,48.89,0.77,-1,-1,-1
100,1010,659.16,220.83,33.70,17.25,0.40,-1,-1,-1
100,1013,822.32,238.32,31.63,16.78,0.64,-1,-1,-1
100,1036,655.24,463.01,14.25,22.30,0.43,-1,-1,-1
100,1040,709.72,608.46,36.66,71.32,0.71,-1,-1,-1
100,1042,644.77,517.91,18.32,31.90,0.56,-1,-1,-1
100,1044,667.12,565.28,19.20,36.35,0.52,-1,-1,-1
100,998,515.18,240.25,23.25,31.10,0.74,-1,-1,-1
100,1057,502.44,284.46,55.64,21.93,0.71,-1,-1,-1
100,1058,481.25,206.79,15.87,16.37,0.25,-1,-1,-1
100,1059,676.32,419.72,16.36,24.86,0.16,-1,-1,-1
100,1060,705.07,227.21,30.51,15.77,0.54,-1,-1,-1
100,1063,663.81,251.53,36.79,20.95,0.79,-1,-1,-1
100,1047,562.92,413.03,44.38,40.59,0.50,-1,-1,-1
100,1069,884.98,262.13,48.81,27.14,0.46,-1,-1,-1
100,642,593.29,646.46,72.84,99.96,0.76,-1,-1,-1
100,1071,594.59,645.40,73.11,100.68,0.33,-1,-1,-1
100,1072,612.34,224.15,41.93,18.40,0.34,-1,-1,-1
100,1073,567.52,498.07,54.01,62.62,0.57,-1,-1,-1
100,1050,198.51,262.54,30.72,20.78,0.22,-1,-1,-1
100,1074,193.73,434.29,42.73,19.23,0.36,-1,-1,-1
101,996,565.31,565.97,57.60,72.23,0.79,-1,-1,-1
101,1003,563.41,447.82,48.10,49.63,0.60,-1,-1,-1
101,1010,659.16,222.12,31.44,16.04,0.35,-1,-1,-1
101,1013,821.79,238.33,32.17,16.99,0.60,-1,-1,-1
101,1036,655.84,462.46,14.85,22.85,0.39,-1,-1,-1
101,1040,709.55,608.18,36.17,70.65,0.73,-1,-1,-1
101,1042,644.74,517.27,16.58,28.62,0.53,-1,-1,-1
101,1044,666.56,564.17,18.92,35.67,0.50,-1,-1,-1
101,998,514.33,240.13,23.34,31.29,0.76,-1,-1,-1
101,1057,497.44,284.15,56.79,22.36,0.68,-1,-1,-1
101,1058,480.20,205.87,16.78,17.47,0.30,-1,-1,-1
101,1059,677.28,418.80,16.75,25.30,0.35,-1,-1,-1
101,1060,704.57,227.42,29.91,15.54,0.61,-1,-1,-1
101,1063,663.36,251.67,36.82,21.04,0.80,-1,-1,-1
101,1047,562.72,413.97,43.94,40.81,0.38,-1,-1,-1
101,1069,884.22,262.13,48.99,27.35,0.53,-1,-1,-1
101,642,593.12,649.28,73.09,100.23,0.76,-1,-1,-1
101,1071,594.20,649.08,73.54,101.31,0.40,-1,-1,-1
101,1072,612.19,224.92,40.54,17.75,0.56,-1,-1,-1
101,1073,565.49,499.36,54.99,63.89,0.61,-1,-1,-1
101,1050,196.52,263.55,29.50,20.29,0.20,-1,-1,-1
101,1074,192.63,435.36,42.04,18.90,0.49,-1,-1,-1
102,996,564.95,568.85,57.01,71.59,0.82,-1,-1,-1
102,1003,563.38,449.19,47.08,48.93,0.76,-1,-1,-1
102,1010,658.84,222.06,32.05,16.33,0.47,-1,-1,-1
102,1013,822.02,238.48,32.43,17.13,0.55,-1,-1,-1
102,1036,655.59,462.18,16.41,24.94,0.47,-1,-1,-1
102,1040,709.09,607.42,36.14,70.74,0.79,-1,-1,-1
102,1042,643.75,516.98,16.20,27.66,0.51,-1,-1,-1
102,1044,665.73,563.22,19.52,36.87,0.53,-1,-1,-1
102,998,513.82,242.11,22.30,29.89,0.67,-1,-1,-1
102,1057,493.03,284.04,57.96,22.89,0.72,-1,-1,-1
102,1058,479.66,206.08,16.53,17.38,0.47,-1,-1,-1
102,1059,677.97,418.71,17.38,26.00,0.20,-1,-1,-1
102,1060,704.14,227.56,30.31,15.83,0.63,-1,-1,-1
102,1063,663.02,251.95,37.21,21.36,0.77,-1,-1,-1
102,1047,567.14,428.03,34.01,29.94,0.63,-1,-1,-1
102,1069,885.64,262.36,49.17,27.31,0.49,-1,-1,-1
102,642,592.57,652.00,73.77,100.98,0.79,-1,-1,-1
102,1071,594.02,652.68,73.32,101.04,0.57,-1,-1,-1
102,1072,611.03,224.60,41.91,18.36,0.52,-1,-1,-1
102,1073,564.49,501.10,55.74,64.70,0.65,-1,-1,-1
102,1074,192.26,436.61,40.42,18.11,0.56,-1,-1,-1
103,996,564.53,570.82,56.87,71.48,0.83,-1,-1,-1
103,1003,563.20,450.51,46.32,48.48,0.80,-1,-1,-1
103,1010,658.81,222.33,31.56,16.03,0.49,-1,-1,-1
103,1013,821.82,238.74,32.91,17.36,0.56,-1,-1,-1
103,1036,656.30,461.76,17.44,26.41,0.50,-1,-1,-1
103,1040,709.14,606.12,35.88,70.56,0.78,-1,-1,-1
103,1042,643.02,516.37,16.25,27.28,0.49,-1,-1,-1
103,1044,664.82,562.67,19.81,37.48,0.46,-1,-1,-1
103,998,513.27,241.71,22.63,30.34,0.73,-1,-1,-1
103,1057,489.64,284.79,56.69,22.41,0.65,-1,-1,-1
103,1058,478.93,205.67,16.79,17.84,0.28,-1,-1,-1
103,1059,679.18,417.64,18.44,27.51,0.59,-1,-1,-1
103,1060,703.94,227.49,30.49,16.03,0.67,-1,-1,-1
103,1063,662.22,251.91,37.78,21.79,0.80,-1,-1,-1
103,1047,568.36,433.45,29.29,24.67,0.63,-1,-1,-1
103,1069,885.71,262.28,49.45,27.46,0.50,-1,-1,-1
103,642,592.22,655.30,72.77,99.53,0.67,-1,-1,-1
103,1071,593.51,655.25,72.87,100.27,0.72,-1,-1,-1
103,1072,610.23,224.60,42.58,18.66,0.51,-1,-1,-1
103,1073,564.30,502.75,56.07,65.14,0.68,-1,-1,-1
103,1074,190.51,437.47,40.34,18.04,0.50,-1,-1,-1
104,996,564.68,574.10,56.23,70.72,0.80,-1,-1,-1
104,1003,562.81,451.66,46.32,48.90,0.76,-1,-1,-1
104,1010,658.86,222.48,31.44,15.88,0.49,-1,-1,-1
104,1013,822.04,238.86,33.36,17.62,0.55,-1,-1,-1
104,1036,658.33,461.23,17.33,26.42,0.45,-1,-1,-1
104,1040,708.85,606.01,35.20,69.08,0.89,-1,-1,-1
104,1042,641.90,515.97,17.00,28.13,0.53,-1,-1,-1
104,1044,663.58,562.27,20.72,39.44,0.44,-1,-1,-1
104,998,512.89,241.91,22.60,30.33,0.76,-1,-1,-1
104,1057,486.17,285.27,56.26,22.32,0.63,-1,-1,-1
104,1058,478.74,205.95,16.46,17.61,0.40,-1,-1,-1
104,1059,680.36,418.44,18.94,28.08,0.68,-1,-1,-1
104,1060,703.74,227.63,30.58,16.18,0.71,-1,-1,-1
104,1063,661.30,251.87,38.30,22.19,0.81,-1,-1,-1
104,1047,563.24,426.01,39.86,34.14,0.58,-1,-1,-1
104,1069,888.00,263.47,48.97,26.76,0.47,-1,-1,-1
104,642,592.31,657.71,72.52,98.29,0.77,-1,-1,-1
104,1071,593.52,657.25,72.50,98.75,0.55,-1,-1,-1
104,1072,610.56,224.93,41.45,18.11,0.57,-1,-1,-1
104,1073,564.24,504.58,55.78,65.05,0.69,-1,-1,-1
104,1074,188.57,439.07,41.11,18.35,0.30,-1,-1,-1
105,996,563.85,574.49,57.13,72.04,0.80,-1,-1,-1
105,1003,562.77,453.67,45.70,48.57,0.72,-1,-1,-1
105,1010,658.63,221.93,32.64,16.45,0.40,-1,-1,-1
105,1013,821.90,239.01,34.61,18.37,0.46,-1,-1,-1
105,1036,659.52,460.28,17.41,27.00,0.54,-1,-1,-1
105,1040,708.28,605.15,35.13,68.76,0.93,-1,-1,-1
105,1042,640.88,515.63,17.76,29.25,0.52,-1,-1,-1
105,1044,663.08,567.86,19.76,37.83,0.54,-1,-1,-1
105,998,511.84,240.07,24.02,32.50,0.76,-1,-1,-1
105,1057,481.67,285.96,55.75,22.05,0.64,-1,-1,-1
105,1058,478.44,206.76,16.01,17.11,0.34,-1,-1,-1
105,1059,681.16,418.11,19.72,29.19,0.48,-1,-1,-1
105,1060,703.70,227.90,30.34,16.14,0.70,-1,-1,-1
105,1063,659.64,251.82,39.04,22.57,0.80,-1,-1,-1
105,1047,560.80,422.35,42.82,37.28,0.51,-1,-1,-1
105,1069,888.20,264.60,48.44,26.16,0.46,-1,-1,-1
105,642,592.69,660.57,69.83,94.36,0.74,-1,-1,-1
105,1072,609.93,224.87,41.96,18.31,0.49,-1,-1,-1
105,1073,562.98,505.61,56.46,66.26,0.76,-1,-1,-1
105,1074,186.31,440.61,41.62,18.63,0.33,-1,-1,-1
106,996,562.71,574.48,58.23,73.83,0.82,-1,-1,-1
106,1003,562.51,455.58,45.09,48.13,0.76,-1,-1,-1
106,1010,658.51,221.97,32.66,16.38,0.35,-1,-1,-1
106,1013,820.20,239.26,35.72,18.90,0.50,-1,-1,-1
106,1036,660.84,459.49,16.92,26.64,0.37,-1,-1,-1
106,1040,707.65,604.32,35.11,68.53,0.93,-1,-1,-1
106,1042,640.12,515.18,18.44,30.33,0.52,-1,-1,-1
106,1044,662.48,570.55,19.19,36.89,0.54,-1,-1,-1
106,998,511.19,240.89,23.64,32.16,0.77,-1,-1,-1
106,1057,482.19,287.08,52.50,21.01,0.52,-1,-1,-1
106,1058,478.22,207.89,15.36,16.28,0.15,-1,-1,-1
106,1059,681.98,417.61,21.15,31.58,0.45,-1,-1,-1
106,1060,703.95,228.39,29.67,15.82,0.67,-1,-1,-1
106,1063,658.50,252.08,39.14,22.49,0.80,-1,-1,-1
106,1047,559.27,421.35,44.67,39.61,0.52,-1,-1,-1
106,1069,890.47,265.12,50.75,26.60,0.54,-1,-1,-1
106,642,592.96,663.14,68.71,91.87,0.80,-1,-1,-1
106,1072,608.98,224.74,42.54,18.59,0.29,-1,-1,-1
106,1073,562.11,507.46,56.78,66.98,0.78,-1,-1,-1
106,1074,185.94,442.45,40.32,18.07,0.25,-1,-1,-1
107,996,561.00,576.70,59.29,75.60,0.83,-1,-1,-1
107,1003,561.72,456.69,45.37,48.60,0.81,-1,-1,-1
107,1010,658.30,221.84,32.23,16.10,0.35,-1,-1,-1
107,1013,820.33,239.66,35.36,18.72,0.50,-1,-1,-1
107,1036,661.88,459.81,16.90,27.08,0.43,-1,-1,-1
107,1040,706.86,603.22,35.50,69.14,0.92,-1,-1,-1
107,1042,639.25,514.76,19.41,32.10,0.43,-1,-1,-1
107,1044,661.58,569.72,19.29,37.42,0.51,-1,-1,-1
107,998,511.00,242.12,22.91,31.18,0.83,-1,-1,-1
107,1057,480.90,287.80,50.31,20.50,0.60,-1,-1,-1
107,1058,477.35,208.08,15.55,16.49,0.27,-1,-1,-1
107,1059,683.77,419.56,20.36,30.28,0.47,-1,-1,-1
107,1060,703.83,228.58,29.60,15.81,0.60,-1,-1,-1
107,1063,657.80,252.37,39.41,22.49,0.78,-1,-1,-1
107,1047,558.96,421.86,44.56,40.22,0.55,-1,-1,-1
107,1069,890.42,265.69,52.05,26.62,0.40,-1,-1,-1
107,642,592.79,666.18,68.01,89.59,0.82,-1,-1,-1
107,1072,607.99,225.72,41.46,18.25,0.13,-1,-1,-1
107,1073,561.69,508.76,56.41,67.02,0.78,-1,-1,-1
107,1074,183.90,443.58,39.16,17.55,0.45,-1,-1,-1
108,996,560.39,579.36,59.18,75.76,0.84,-1,-1,-1
108,1003,561.82,458.44,44.38,47.51,0.83,-1,-1,-1
108,1010,658.04,222.08,32.55,16.17,0.23,-1,-1,-1
108,1013,820.77,240.18,34.87,18.46,0.48,-1,-1,-1
108,1036,663.09,460.18,17.22,27.90,0.39,-1,-1,-1
108,1040,705.96,601.69,35.82,69.82,0.90,-1,-1,-1
108,1042,639.67,513.43,17.95,29.56,0.35,-1,-1,-1
108,1044,659.76,563.07,20.45,39.83,0.64,-1,-1,-1
108,998,510.65,243.68,22.01,29.92,0.80,-1,-1,-1
108,1057,478.85,288.34,47.66,19.69,0.59,-1,-1,-1
108,1058,476.83,208.37,15.33,16.28,0.32,-1,-1,-1
108,1059,685.29,421.97,19.94,29.47,0.21,-1,-1,-1
108,1060,703.65,228.84,29.59,15.81,0.62,-1,-1,-1
108,1063,657.87,252.87,39.30,22.31,0.78,-1,-1,-1
108,1047,558.10,422.47,44.82,41.17,0.60,-1,-1,-1
108,1069,885.46,265.87,52.09,26.76,0.42,-1,-1,-1
108,642,591.82,668.83,67.44,87.17,0.85,-1,-1,-1
108,1072,607.76,225.99,41.19,18.21,0.19,-1,-1,-1
108,1073,561.55,510.06,56.31,67.20,0.82,-1,-1,-1
108,1074,181.29,444.20,40.25,18.02,0.33,-1,-1,-1
109,996,560.22,583.42,58.09,74.40,0.83,-1,-1,-1
109,1003,561.20,459.35,44.29,47.42,0.84,-1,-1,-1
109,1010,657.74,222.12,32.21,15.91,0.32,-1,-1,-1
109,1013,821.85,240.67,33.69,17.77,0.47,-1,-1,-1
109,1036,665.31,459.40,16.58,27.32,0.43,-1,-1,-1
109,1040,704.75,600.37,35.98,70.31,0.84,-1,-1,-1
109,1042,639.80,512.80,17.29,28.46,0.43,-1,-1,-1
109,1044,660.15,570.15,17.88,34.77,0.52,-1,-1,-1
109,998,510.22,244.37,21.79,29.56,0.81,-1,-1,-1
109,1057,474.83,288.78,45.99,19.06,0.33,-1,-1,-1
109,1058,476.16,208.22,15.72,16.80,0.20,-1,-1,-1
109,1059,687.47,422.41,17.25,25.15,0.12,-1,-1,-1
109,1060,703.68,229.20,29.36,15.68,0.66,-1,-1,-1
109,1063,658.07,253.30,39.06,22.05,0.80,-1,-1,-1
109,1047,558.29,424.49,42.85,39.79,0.65,-1,-1,-1
109,1069,884.19,266.00,51.50,26.65,0.35,-1,-1,-1
109,642,592.49,671.77,66.48,84.23,0.80,-1,-1,-1
109,1072,606.68,225.93,41.29,18.28,0.49,-1,-1,-1
109,1073,560.13,511.71,57.05,68.34,0.82,-1,-1,-1
109,1074,179.66,445.74,40.32,18.07,0.26,-1,-1,-1
109,1077,878.90,302.09,55.70,25.19,0.69,-1,-1,-1
110,996,560.53,586.82,57.36,73.50,0.83,-1,-1,-1
110,1003,560.12,460.27,45.01,48.25,0.83,-1,-1,-1
110,1010,657.19,222.48,32.83,16.18,0.29,-1,-1,-1
110,1013,823.10,241.31,32.46,16.99,0.53,-1,-1,-1
110,1036,667.44,458.97,15.89,26.48,0.45,-1,-1,-1
110,1040,703.70,598.91,36.02,70.66,0.67,-1,-1,-1
110,1042,639.69,512.28,17.00,27.88,0.42,-1,-1,-1
110,1044,658.91,569.23,18.37,35.81,0.47,-1,-1,-1
110,998,509.85,245.75,21.20,28.68,0.79,-1,-1,-1
110,1057,470.93,289.19,47.13,19.73,0.17,-1,-1,-1
110,1058,475.16,207.55,16.50,17.72,0.16,-1,-1,-1
110,1060,703.83,229.46,29.10,15.50,0.67,-1,-1,-1
110,1063,657.92,253.62,39.08,21.98,0.78,-1,-1,-1
110,1047,558.55,425.80,41.45,38.83,0.73,-1,-1,-1
110,1069,882.90,266.13,50.93,26.62,0.47,-1,-1,-1
110,642,594.03,674.59,64.98,80.49,0.75,-1,-1,-1
110,1072,606.45,226.13,40.66,17.96,0.41,-1,-1,-1
110,1073,559.14,512.83,57.21,68.62,0.74,-1,-1,-1
110,1074,177.50,446.90,40.65,18.20,0.32,-1,-1,-1
110,1077,879.36,302.85,54.42,24.60,0.68,-1,-1,-1
111,996,559.80,588.48,58.37,75.25,0.81,-1,-1,-1
111,1003,558.76,460.75,45.98,49.49,0.82,-1,-1,-1
111,1010,656.43,223.00,33.05,16.28,0.27,-1,-1,-1
111,1013,823.09,241.72,32.74,16.98,0.52,-1,-1,-1
111,1036,668.84,458.04,15.52,26.08,0.48,-1,-1,-1
111,1040,703.89,598.22,35.48,69.93,0.67,-1,-1,-1
111,1042,638.39,512.19,16.89,27.73,0.49,-1,-1,-1
111,1044,657.83,568.16,18.58,36.33,0.54,-1,-1,-1
111,998,508.97,245.06,21.99,29.80,0.77,-1,-1,-1
111,1057,467.56,289.66,45.38,19.21,0.21,-1,-1,-1
111,1058,474.16,206.32,17.75,19.22,0.28,-1,-1,-1
111,1060,703.43,229.78,29.72,15.84,0.71,-1,-1,-1
111,1063,657.72,253.74,39.63,22.26,0.81,-1,-1,-1
111,1047,558.47,426.35,41.08,38.82,0.52,-1,-1,-1
111,1069,882.46,266.11,50.76,26.79,0.52,-1,-1,-1
111,642,592.90,676.91,64.02,77.73,0.74,-1,-1,-1
111,1072,606.44,226.26,40.59,17.90,0.44,-1,-1,-1
111,1073,559.75,514.57,57.46,69.49,0.73,-1,-1,-1
111,1074,176.22,447.45,40.72,18.20,0.22,-1,-1,-1
111,1077,880.05,303.06,55.65,25.15,0.69,-1,-1,-1
111,1080,704.70,598.05,33.71,70.34,0.61,-1,-1,-1
111,1081,237.31,282.10,38.94,19.42,0.66,-1,-1,-1
111,1082,580.91,228.03,18.42,18.55,0.60,-1,-1,-1
112,996,558.92,590.36,58.64,75.89,0.81,-1,-1,-1
112,1003,557.57,461.88,46.66,50.39,0.70,-1,-1,-1
112,1010,655.80,222.97,34.15,16.84,0.37,-1,-1,-1
112,1013,822.09,241.95,33.74,17.32,0.56,-1,-1,-1
112,1036,670.09,457.36,15.30,25.82,0.49,-1,-1,-1
112,1040,702.99,597.25,35.34,69.88,0.64,-1,-1,-1
112,1042,637.82,511.73,16.57,27.15,0.56,-1,-1,-1
112,1044,656.29,565.74,19.36,37.99,0.57,-1,-1,-1
112,998,508.19,245.15,22.16,30.00,0.73,-1,-1,-1
112,1057,464.74,289.42,44.27,19.05,0.11,-1,-1,-1
112,1058,473.33,206.37,17.87,19.50,0.35,-1,-1,-1
112,1060,703.29,230.18,29.72,15.81,0.74,-1,-1,-1
112,1063,657.39,253.78,40.00,22.43,0.81,-1,-1,-1
112,1047,558.26,427.61,40.13,38.10,0.36,-1,-1,-1
112,1069,882.81,266.47,50.12,26.65,0.55,-1,-1,-1
112,642,592.21,679.32,63.82,75.57,0.73,-1,-1,-1
112,1072,605.41,226.42,40.24,17.87,0.35,-1,-1,-1
112,1073,559.22,516.37,56.78,69.21,0.76,-1,-1,-1
112,1074,174.79,448.21,39.74,17.80,0.21,-1,-1,-1
112,1077,880.66,303.39,56.33,25.46,0.68,-1,-1,-1
112,1080,704.21,597.40,33.59,70.06,0.62,-1,-1,-1
112,1081,232.73,282.20,39.09,19.44,0.72,-1,-1,-1
112,1082,580.55,228.29,18.16,18.27,0.67,-1,-1,-1
112,1046,537.16,187.59,13.53,14.06,0.53,-1,-1,-1
113,996,558.58,591.62,57.94,74.99,0.80,-1,-1,-1
113,1003,556.96,463.23,46.91,50.80,0.70,-1,-1,-1
113,1010,655.52,223.19,34.07,16.80,0.46,-1,-1,-1
113,1013,821.14,242.19,34.85,17.70,0.58,-1,-1,-1
113,1036,671.65,457.25,14.43,24.46,0.50,-1,-1,-1
113,1040,702.38,596.57,35.03,69.37,0.55,-1,-1,-1
113,1042,637.19,510.98,16.32,26.77,0.54,-1,-1,-1
113,1044,655.40,565.35,18.99,37.27,0.58,-1,-1,-1
113,998,507.72,244.85,22.55,30.53,0.67,-1,-1,-1
113,1058,472.69,205.38,18.76,20.70,0.34,-1,-1,-1
113,1060,702.89,230.33,29.66,15.79,0.72,-1,-1,-1
113,1063,657.47,254.09,39.83,22.30,0.79,-1,-1,-1
113,1047,556.65,428.27,41.99,40.23,0.37,-1,-1,-1
113,1069,882.79,266.43,50.26,26.94,0.52,-1,-1,-1
113,642,592.21,682.75,62.36,71.76,0.68,-1,-1,-1
113,1072,604.40,226.45,41.10,18.39,0.37,-1,-1,-1
113,1073,558.04,518.69,56.93,69.91,0.79,-1,-1,-1
113,1074,170.50,449.43,41.51,18.64,0.36,-1,-1,-1
113,1077,881.06,303.57,56.20,25.40,0.67,-1,-1,-1
113,1080,703.62,596.59,33.30,69.39,0.57,-1,-1,-1
113,1081,227.43,282.55,40.33,19.96,0.68,-1,-1,-1
113,1082,580.19,228.24,18.49,18.56,0.60,-1,-1,-1
113,1046,536.26,187.14,14.01,14.34,0.47,-1,-1,-1
114,996,556.54,594.27,58.60,75.99,0.80,-1,-1,-1
114,1003,556.37,464.20,46.83,50.89,0.63,-1,-1,-1
114,1010,654.86,222.92,34.67,17.13,0.57,-1,-1,-1
114,1013,821.29,242.34,35.06,17.74,0.56,-1,-1,-1
114,1036,672.73,464.83,14.57,24.25,0.69,-1,-1,-1
114,1040,701.64,595.84,34.78,69.14,0.52,-1,-1,-1
114,1042,636.23,510.05,16.08,26.56,0.51,-1,-1,-1
114,1044,654.84,567.10,17.92,34.93,0.54,-1,-1,-1
114,998,507.15,244.66,22.80,30.85,0.67,-1,-1,-1
114,1058,472.26,205.36,18.75,20.89,0.31,-1,-1,-1
114,1060,702.37,230.51,29.57,15.78,0.75,-1,-1,-1
114,1063,657.33,254.27,39.76,22.25,0.79,-1,-1,-1
114,1047,555.21,429.08,43.27,41.84,0.34,-1,-1,-1
114,1069,882.78,266.81,49.88,26.95,0.56,-1,-1,-1
114,642,591.04,686.07,60.87,68.29,0.64,-1,-1,-1
114,1072,604.26,226.86,41.93,18.76,0.51,-1,-1,-1
114,1073,557.13,520.61,56.67,70.04,0.82,-1,-1,-1
114,1074,168.11,451.11,42.66,19.30,0.31,-1,-1,-1
114,1077,881.01,303.86,56.39,25.46,0.62,-1,-1,-1
114,1080,702.84,595.29,33.41,69.61,0.39,-1,-1,-1
114,1081,222.16,282.22,42.40,20.78,0.66,-1,-1,-1
114,1082,580.15,228.52,18.35,18.36,0.61,-1,-1,-1
114,1046,535.74,187.17,13.93,14.06,0.42,-1,-1,-1
115,996,555.82,596.82,58.92,76.63,0.81,-1,-1,-1
115,1003,555.80,465.27,46.50,50.72,0.55,-1,-1,-1
115,1010,653.89,222.96,35.48,17.68,0.62,-1,-1,-1
115,1013,820.54,242.57,35.22,17.76,0.61,-1,-1,-1
115,1036,673.98,466.87,15.07,24.61,0.73,-1,-1,-1
115,1040,701.18,595.22,34.32,68.46,0.55,-1,-1,-1
115,1042,635.30,509.31,15.88,26.41,0.58,-1,-1,-1
115,1044,653.89,558.86,18.30,35.41,0.55,-1,-1,-1
115,998,506.57,244.97,22.80,30.80,0.65,-1,-1,-1
115,1058,471.59,205.80,18.49,20.76,0.23,-1,-1,-1
115,1060,702.09,230.71,29.58,15.83,0.73,-1,-1,-1
115,1063,656.82,254.40,39.82,22.31,0.80,-1,-1,-1
115,1047,554.48,430.11,43.90,42.89,0.43,-1,-1,-1
115,1069,883.77,267.12,49.22,26.89,0.58,-1,-1,-1
115,642,590.03,688.18,60.63,66.47,0.60,-1,-1,-1
115,1072,604.91,227.36,40.29,18.11,0.43,-1,-1,-1
115,1073,557.10,522.21,55.84,69.34,0.82,-1,-1,-1
115,1074,168.05,452.52,40.79,18.42,0.28,-1,-1,-1
115,1077,880.73,303.94,57.67,26.03,0.64,-1,-1,-1
115,1080,701.90,595.03,33.11,69.01,0.68,-1,-1,-1
115,1081,216.54,282.14,43.15,20.90,0.66,-1,-1,-1
115,1082,580.13,228.97,18.11,18.02,0.54,-1,-1,-1
115,1046,535.25,186.74,14.16,14.21,0.49,-1,-1,-1
116,996,554.79,598.62,58.99,76.83,0.79,-1,-1,-1
116,1003,555.29,467.00,45.91,50.25,0.67,-1,-1,-1
116,1010,654.09,223.40,34.67,17.33,0.56,-1,-1,-1
116,1013,820.56,242.94,35.57,17.81,0.58,-1,-1,-1
116,1036,675.32,467.32,15.55,25.00,0.71,-1,-1,-1
116,1040,700.45,594.50,34.27,68.37,0.83,-1,-1,-1
116,1042,634.33,508.68,16.69,27.84,0.59,-1,-1,-1
116,1044,652.51,555.63,18.38,35.21,0.61,-1,-1,-1
116,998,506.10,245.59,22.65,30.46,0.78,-1,-1,-1
116,1058,470.80,205.08,19.04,21.73,0.31,-1,-1,-1
116,1060,701.94,230.97,29.78,15.95,0.74,-1,-1,-1
116,1063,656.71,254.72,39.94,22.42,0.81,-1,-1,-1
116,1047,554.19,431.67,43.08,42.33,0.43,-1,-1,-1
116,1069,885.38,268.19,47.24,26.11,0.50,-1,-1,-1
116,642,590.26,690.79,58.59,62.18,0.54,-1,-1,-1
116,1072,605.60,228.01,40.60,18.17,0.45,-1,-1,-1
116,1073,556.07,523.10,56.13,69.88,0.81,-1,-1,-1
116,1074,166.75,453.64,39.19,17.60,0.52,-1,-1,-1
116,1077,881.83,304.79,56.98,25.66,0.59,-1,-1,-1
116,1080,701.56,594.92,33.04,68.65,0.28,-1,-1,-1
116,1081,211.61,281.99,44.39,21.15,0.69,-1,-1,-1
116,1082,579.68,229.44,17.66,17.51,0.63,-1,-1,-1
116,1046,534.91,186.65,14.14,14.17,0.59,-1,-1,-1
117,996,553.94,602.97,57.98,75.13,0.83,-1,-1,-1
117,1003,554.72,468.09,45.68,50.10,0.70,-1,-1,-1
117,1010,654.25,223.78,34.06,17.03,0.56,-1,-1,-1
117,1013,820.64,243.19,36.02,17.98,0.58,-1,-1,-1
117,1036,676.85,466.56,16.20,25.88,0.63,-1,-1,-1
117,1040,699.86,593.81,34.15,68.10,0.53,-1,-1,-1
117,1042,633.86,508.08,16.78,27.89,0.60,-1,-1,-1
117,1044,651.21,554.22,18.21,34.61,0.57,-1,-1,-1
117,998,505.54,246.00,22.61,30.29,0.75,-1,-1,-1
117,1058,470.60,205.83,18.36,21.14,0.38,-1,-1,-1
117,1060,701.55,230.97,30.14,16.18,0.72,-1,-1,-1
117,1063,656.76,255.12,40.10,22.64,0.81,-1,-1,-1
117,1047,553.95,432.87,42.43,41.91,0.47,-1,-1,-1
117,1069,885.60,269.18,46.18,25.69,0.47,-1,-1,-1
117,642,590.76,694.34,57.22,58.42,0.57,-1,-1,-1
117,1072,606.09,228.31,41.30,18.40,0.36,-1,-1,-1
117,1073,554.90,524.08,56.98,71.30,0.74,-1,-1,-1
117,1074,164.01,454.87,39.87,17.90,0.25,-1,-1,-1
117,1077,882.11,305.08,56.88,25.48,0.65,-1,-1,-1
117,1080,701.01,594.29,32.30,66.91,0.34,-1,-1,-1
117,1081,205.74,281.75,46.36,21.78,0.73,-1,-1,-1
117,1082,579.17,229.58,17.67,17.48,0.61,-1,-1,-1
117,1046,534.44,186.29,14.38,14.47,0.59,-1,-1,-1
118,996,552.01,604.64,59.80,77.53,0.73,-1,-1,-1
118,1003,553.95,469.48,46.50,51.32,0.65,-1,-1,-1
118,1010,654.24,224.38,33.58,16.79,0.52,-1,-1,-1
118,1013,820.01,243.64,36.25,18.06,0.53,-1,-1,-1
118,1036,678.45,466.52,16.38,25.91,0.66,-1,-1,-1
118,1040,699.49,593.29,33.70,67.17,0.47,-1,-1,-1
118,1042,633.45,507.57,17.16,28.29,0.59,-1,-1,-1
118,1044,650.68,553.78,17.50,32.72,0.56,-1,-1,-1
118,998,505.10,246.75,22.32,29.85,0.70,-1,-1,-1
118,1058,470.10,205.44,18.60,21.76,0.33,-1,-1,-1
118,1060,701.16,230.85,30.34,16.33,0.70,-1,-1,-1
118,1063,656.39,255.40,40.61,23.06,0.78,-1,-1,-1
118,1047,553.55,433.90,41.85,41.67,0.53,-1,-1,-1
118,1069,885.44,269.87,45.94,25.68,0.35,-1,-1,-1
118,642,593.75,698.18,59.03,56.70,0.52,-1,-1,-1
118,1072,605.53,228.05,41.24,18.37,0.27,-1,-1,-1
118,1073,554.32,525.50,57.03,71.71,0.67,-1,-1,-1
118,1074,162.00,456.28,40.19,18.00,0.26,-1,-1,-1
118,1077,882.48,305.81,55.74,24.84,0.66,-1,-1,-1
118,1080,700.31,593.64,32.01,66.04,0.34,-1,-1,-1
118,1081,198.47,281.68,47.60,22.03,0.70,-1,-1,-1
118,1082,578.48,229.82,17.71,17.47,0.69,-1,-1,-1
118,1046,534.13,186.53,14.14,14.23,0.60,-1,-1,-1
118,1084,556.28,318.93,25.28,20.42,0.61,-1,-1,-1
119,996,550.56,605.62,61.06,79.30,0.77,-1,-1,-1
119,1003,553.17,470.47,46.93,52.11,0.67,-1,-1,-1
119,1010,653.80,224.46,34.05,17.05,0.54,-1,-1,-1
119,1013,819.57,243.86,36.94,18.41,0.49,-1,-1,-1
119,1036,679.88,465.87,16.76,26.46,0.72,-1,-1,-1
119,1040,699.29,593.02,33.27,66.09,0.59,-1,-1,-1
119,1042,633.05,507.23,17.18,28.06,0.54,-1,-1,-1
119,1044,649.44,553.34,17.25,31.75,0.48,-1,-1,-1
119,998,504.55,246.78,22.60,30.16,0.67,-1,-1,-1
119,1058,470.80,208.53,16.36,19.11,0.30,-1,-1,-1
119,1060,700.98,230.97,31.05,16.79,0.69,-1,-1,-1
119,1063,656.44,256.36,40.14,22.83,0.78,-1,-1,-1
119,1047,553.13,435.11,42.56,42.57,0.38,-1,-1,-1
119,1069,884.77,270.32,46.06,25.94,0.47,-1,-1,-1
119,642,592.18,700.97,59.65,54.69,0.51,-1,-1,-1
119,1072,603.88,227.74,41.71,18.72,0.35,-1,-1,-1
119,1073,552.57,527.29,58.79,74.07,0.70,-1,-1,-1
119,1074,157.35,457.08,45.42,20.57,0.16,-1,-1,-1
119,1077,882.95,306.30,54.92,24.29,0.65,-1,-1,-1
119,1080,699.97,593.35,31.74,65.09,0.32,-1,-1,-1
119,1081,190.86,281.61,48.14,22.08,0.68,-1,-1,-1
119,1082,577.88,229.92,17.78,17.54,0.65,-1,-1,-1
119,1046,533.55,186.59,14.20,14.30,0.50,-1,-1,-1
119,1084,554.78,319.86,25.01,20.18,0.63,-1,-1,-1
120,996,549.79,608.20,61.49,80.03,0.74,-1,-1,-1
120,1003,552.69,471.91,46.61,51.86,0.77,-1,-1,-1
120,1010,653.00,224.40,34.41,17.29,0.56,-1,-1,-1
120,1013,819.71,244.08,37.14,18.54,0.52,-1,-1,-1
120,1036,681.18,465.89,16.83,26.27,0.70,-1,-1,-1
120,1040,698.21,591.66,33.66,66.50,0.71,-1,-1,-1
120,1042,632.61,506.91,17.02,27.61,0.49,-1,-1,-1
120,1044,647.32,552.56,18.17,33.32,0.57,-1,-1,-1
120,998,503.88,246.80,22.92,30.53,0.59,-1,-1,-1
120,1058,470.57,209.35,15.93,18.69,0.43,-1,-1,-1
120,1060,700.92,231.05,30.53,16.56,0.72,-1,-1,-1
120,1063,656.76,257.14,39.48,22.48,0.84,-1,-1,-1
120,1047,552.07,435.90,43.31,43.59,0.62,-1,-1,-1
120,1069,884.82,270.68,46.09,26.06,0.54,-1,-1,-1
120,642,590.12,704.05,58.70,51.81,0.50,-1,-1,-1
120,1072,604.20,228.25,42.60,19.05,0.52,-1,-1,-1
120,1073,551.58,528.95,59.62,75.20,0.73,-1,-1,-1
120,1074,154.73,458.33,47.63,21.82,0.10,-1,-1,-1
120,1077,882.14,306.48,55.04,24.17,0.65,-1,-1,-1
120,1080,699.11,591.34,32.16,65.34,0.25,-1,-1,-1
120,1081,184.66,281.95,48.10,21.82,0.65,-1,-1,-1
120,1082,577.21,229.74,18.31,18.11,0.49,-1,-1,-1
120,1046,533.00,186.37,14.38,14.46,0.47,-1,-1,-1
120,1084,552.17,322.20,23.21,18.69,0.56,-1,-1,-1
121,996,549.56,610.39,61.88,80.89,0.79,-1,-1,-1
121,1003,552.42,473.68,46.45,51.79,0.78,-1,-1,-1
121,1010,653.16,225.06,32.89,16.49,0.52,-1,-1,-1
121,1013,820.06,244.24,36.89,18.38,0.50,-1,-1,-1
121,1036,682.57,465.18,17.22,26.69,0.70,-1,-1,-1
121,1040,697.79,591.79,33.29,65.31,0.84,-1,-1,-1
121,1042,632.30,506.75,16.90,27.22,0.50,-1,-1,-1
121,1044,645.95,552.56,18.12,33.07,0.54,-1,-1,-1
121,998,503.55,247.23,23.22,30.81,0.57,-1,-1,-1
121,1058,469.92,208.71,16.55,19.64,0.47,-1,-1,-1
121,1060,700.50,231.35,30.46,16.65,0.72,-1,-1,-1
121,1063,657.16,258.05,38.42,21.87,0.84,-1,-1,-1
121,1047,551.38,437.14,43.50,44.04,0.58,-1,-1,-1
121,1069,885.06,270.81,46.32,26.31,0.49,-1,-1,-1
121,642,589.54,707.26,57.48,48.70,0.46,-1,-1,-1
121,1072,604.34,228.54,42.69,19.06,0.55,-1,-1,-1
121,1073,551.08,531.15,59.35,75.14,0.76,-1,-1,-1
121,1074,153.76,459.41,46.25,21.27,0.16,-1,-1,-1
121,1077,881.53,306.80,55.66,24.27,0.64,-1,-1,-1
121,1080,697.73,590.66,32.80,66.56,0.11,-1,-1,-1
121,1081,178.22,282.10,49.30,22.17,0.70,-1,-1,-1
121,1082,576.53,229.82,18.58,18.42,0.47,-1,-1,-1
121,1046,532.34,185.44,14.99,15.12,0.50,-1,-1,-1
121,1084,549.13,321.83,24.60,19.81,0.62,-1,-1,-1
122,996,548.73,612.29,62.37,81.87,0.78,-1,-1,-1
122,1003,552.06,475.61,46.07,51.37,0.79,-1,-1,-1
122,1010,652.13,224.79,33.80,16.99,0.50,-1,-1,-1
122,1013,819.16,244.34,36.86,18.35,0.45,-1,-1,-1
122,1036,684.44,464.78,17.21,26.55,0.66,-1,-1,-1
122,1042,631.49,506.31,17.44,28.01,0.45,-1,-1,-1
122,1044,643.83,552.80,18.57,33.81,0.63,-1,-1,-1
122,998,503.10,247.12,23.53,31.16,0.51,-1,-1,-1
122,1058,469.05,206.37,18.36,21.97,0.45,-1,-1,-1
122,1060,700.56,231.39,29.80,16.33,0.70,-1,-1,-1
122,1063,657.00,258.28,38.18,21.78,0.84,-1,-1,-1
122,1047,551.11,438.51,42.14,42.85,0.70,-1,-1,-1
122,1069,885.98,270.82,47.36,26.77,0.48,-1,-1,-1
122,642,588.11,709.99,56.39,45.95,0.53,-1,-1,-1
122,1072,603.51,228.54,42.33,19.06,0.55,-1,-1,-1
122,1073,550.82,533.24,59.15,75.13,0.75,-1,-1,-1
122,1074,152.67,461.18,43.48,20.01,0.53,-1,-1,-1
122,1077,885.12,307.06,54.44,23.72,0.60,-1,-1,-1
122,1081,171.65,282.07,49.82,22.25,0.72,-1,-1,-1
122,1082,576.21,229.89,18.79,18.63,0.41,-1,-1,-1
122,1046,531.63,184.88,15.19,15.36,0.50,-1,-1,-1
122,1084,546.17,322.19,25.49,20.53,0.51,-1,-1,-1
123,996,547.26,615.01,62.83,82.62,0.79,-1,-1,-1
123,1003,551.14,477.07,46.57,52.09,0.75,-1,-1,-1
123,1010,651.74,224.90,34.45,17.35,0.52,-1,-1,-1
123,1013,819.43,244.93,36.68,18.21,0.42,-1,-1,-1
123,1036,686.54,465.25,16.73,25.56,0.64,-1,-1,-1
123,1042,630.38,505.67,16.64,26.78,0.44,-1,-1,-1
123,1044,642.45,560.17,17.73,31.71,0.54,-1,-1,-1
123,998,502.68,247.95,23.38,30.87,0.60,-1,-1,-1
123,1058,468.22,205.51,18.99,23.00,0.56,-1,-1,-1
123,1060,700.37,231.48,29.56,16.26,0.70,-1,-1,-1
123,1063,657.25,258.98,37.71,21.53,0.84,-1,-1,-1
123,1047,549.71,438.76,42.86,43.96,0.71,-1,-1,-1
123,1069,886.52,270.98,48.23,27.10,0.43,-1,-1,-1
123,642,586.09,712.82,55.01,43.12,0.59,-1,-1,-1
123,1072,602.43,228.85,41.28,18.80,0.56,-1,-1,-1
123,1073,550.37,534.91,58.94,75.08,0.80,-1,-1,-1
123,1074,151.66,462.91,41.54,19.04,0.31,-1,-1,-1
123,1077,881.19,307.98,59.61,25.87,0.58,-1,-1,-1
123,1081,166.22,282.49,49.37,21.85,0.74,-1,-1,-1
123,1082,575.95,230.07,18.78,18.67,0.37,-1,-1,-1
123,1046,531.42,185.04,14.87,15.04,0.55,-1,-1,-1
123,1084,544.14,324.93,23.61,18.86,0.60,-1,-1,-1
123,1085,758.39,238.52,33.03,16.55,0.62,-1,-1,-1
123,1040,695.31,588.76,33.98,66.39,0.81,-1,-1,-1
124,996,547.88,618.70,61.33,80.92,0.77,-1,-1,-1
124,1003,550.24,477.75,47.17,52.94,0.81,-1,-1,-1
124,1010,651.42,224.85,35.06,17.71,0.58,-1,-1,-1
124,1013,819.86,244.90,36.27,18.01,0.54,-1,-1,-1
124,1036,688.51,465.60,16.60,25.17,0.65,-1,-1,-1
124,1042,629.77,505.17,16.51,26.45,0.49,-1,-1,-1
124,1044,641.07,562.26,17.99,31.80,0.56,-1,-1,-1
124,998,502.46,248.21,23.53,31.02,0.48,-1,-1,-1
124,1058,467.96,205.96,18.51,22.65,0.54,-1,-1,-1
124,1060,700.21,231.82,29.72,16.39,0.69,-1,-1,-1
124,1063,657.22,259.42,37.72,21.56,0.83,-1,-1,-1
124,1047,550.01,440.29,41.90,43.18,0.70,-1,-1,-1
124,1069,886.11,270.94,49.01,27.49,0.51,-1,-1,-1
124,642,586.56,716.65,52.76,39.35,0.63,-1,-1,-1
124,1072,601.21,229.16,40.64,18.89,0.54,-1,-1,-1
124,1073,550.11,537.05,58.43,74.27,0.80,-1,-1,-1
124,1074,148.66,464.42,42.75,19.44,0.26,-1,-1,-1
124,1077,877.39,308.48,65.13,28.48,0.59,-1,-1,-1
124,1081,161.45,282.70,49.75,21.97,0.68,-1,-1,-1
124,1082,576.62,230.06,18.93,18.87,0.26,-1,-1,-1
124,1046,531.19,184.82,14.91,15.13,0.55,-1,-1,-1
124,1084,542.23,326.20,23.13,18.37,0.56,-1,-1,-1
124,1085,757.59,238.77,32.73,16.42,0.65,-1,-1,-1
124,1086,453.21,540.24,22.95,43.40,0.54,-1,-1,-1
124,1040,694.81,587.99,34.11,66.25,0.71,-1,-1,-1
125,996,547.70,620.84,61.57,81.49,0.74,-1,-1,-1
125,1003,550.17,478.61,47.33,53.09,0.81,-1,-1,-1
125,1010,651.64,224.99,35.26,17.87,0.64,-1,-1,-1
125,1013,820.99,244.82,35.83,17.78,0.54,-1,-1,-1
125,1036,690.18,457.88,17.95,27.76,0.50,-1,-1,-1
125,1042,629.89,504.35,16.78,26.87,0.47,-1,-1,-1
125,1044,639.99,561.38,18.52,32.61,0.55,-1,-1,-1
125,998,502.47,247.96,23.81,31.39,0.28,-1,-1,-1
125,1058,468.14,205.80,18.51,22.85,0.47,-1,-1,-1
125,1060,700.68,231.93,29.95,16.57,0.68,-1,-1,-1
125,1063,657.26,259.49,37.92,21.72,0.83,-1,-1,-1
125,1047,550.35,442.09,41.03,42.40,0.72,-1,-1,-1
125,1069,888.79,272.31,47.26,26.27,0.45,-1,-1,-1
125,642,587.72,719.46,51.35,36.23,0.50,-1,-1,-1
125,1072,602.71,229.13,40.93,19.07,0.54,-1,-1,-1
125,1073,550.10,538.66,58.84,74.96,0.81,-1,-1,-1
125,1074,146.51,465.39,44.93,20.49,0.19,-1,-1,-1
125,1077,882.84,308.54,59.72,26.21,0.55,-1,-1,-1
125,1081,157.87,283.03,48.93,21.63,0.58,-1,-1,-1
125,1082,576.38,230.39,18.50,18.45,0.42,-1,-1,-1
125,1046,531.28,184.33,14.85,15.12,0.56,-1,-1,-1
125,1084,539.08,324.49,26.07,20.71,0.59,-1,-1,-1
125,1085,758.29,238.93,32.81,16.51,0.67,-1,-1,-1
125,1086,452.46,547.02,23.93,45.27,0.81,-1,-1,-1
125,1040,695.74,590.04,33.04,63.18,0.55,-1,-1,-1
126,996,547.00,623.53,61.85,81.88,0.73,-1,-1,-1
126,1003,550.35,479.83,47.45,53.24,0.81,-1,-1,-1
126,1010,652.19,225.29,34.72,17.61,0.56,-1,-1,-1
126,1013,822.07,245.00,35.58,17.69,0.41,-1,-1,-1
126,1036,692.32,455.42,18.47,29.23,0.61,-1,-1,-1
126,1042,630.01,503.91,16.97,27.12,0.46,-1,-1,-1
126,1044,638.95,559.32,19.31,34.06,0.57,-1,-1,-1
126,998,502.97,247.66,24.03,31.70,0.43,-1,-1,-1
126,1058,470.39,204.36,20.32,24.50,0.51,-1,-1,-1
126,1060,701.42,232.36,29.24,16.13,0.66,-1,-1,-1
126,1063,658.07,260.38,37.13,21.18,0.79,-1,-1,-1
126,1047,550.21,442.84,41.48,42.72,0.64,-1,-1,-1
126,1069,890.19,273.21,46.96,25.90,0.64,-1,-1,-1
126,642,589.46,722.89,48.89,32.40,0.40,-1,-1,-1
126,1072,603.66,229.35,42.25,19.71,0.21,-1,-1,-1
126,1073,549.89,539.98,59.28,75.49,0.78,-1,-1,-1
126,1074,145.17,466.31,46.35,21.28,0.18,-1,-1,-1
126,1077,881.86,308.76,63.64,28.06,0.47,-1,-1,-1
126,1081,155.83,283.70,47.02,20.87,0.65,-1,-1,-1
126,1082,577.11,230.99,17.99,17.97,0.37,-1,-1,-1
126,1046,531.35,183.40,15.57,15.99,0.54,-1,-1,-1
126,1084,537.53,325.62,25.98,20.57,0.60,-1,-1,-1
126,1085,758.85,239.46,33.06,16.72,0.67,-1,-1,-1
126,1086,452.07,558.86,23.89,45.23,0.43,-1,-1,-1
126,1040,694.88,586.46,34.20,65.24,0.52,-1,-1,-1
127,996,546.81,626.30,62.20,82.25,0.79,-1,-1,-1
127,1003,550.48,480.98,47.39,53.14,0.81,-1,-1,-1
127,1010,652.93,225.93,34.20,17.32,0.56,-1,-1,-1
127,1013,822.08,245.19,35.56,17.71,0.38,-1,-1,-1
127,1036,694.92,454.48,18.70,30.15,0.57,-1,-1,-1
127,1042,630.44,503.12,17.93,28.31,0.45,-1,-1,-1
127,1044,637.78,558.92,19.58,34.57,0.58,-1,-1,-1
127,998,502.41,245.01,25.76,34.37,0.54,-1,-1,-1
127,1058,471.12,204.92,20.36,24.02,0.47,-1,-1,-1
127,1060,701.88,233.06,29.66,16.35,0.70,-1,-1,-1
127,1063,658.37,260.52,37.64,21.40,0.79,-1,-1,-1
127,1047,550.14,443.40,42.23,43.41,0.61,-1,-1,-1
127,1069,890.63,273.58,47.08,25.88,0.70,-1,-1,-1
127,642,590.76,725.16,42.34,26.05,0.37,-1,-1,-1
127,1072,604.07,229.43,43.47,20.30,0.27,-1,-1,-1
127,1073,549.62,541.11,59.81,76.27,0.80,-1,-1,-1
127,1074,143.32,467.40,46.00,21.20,0.18,-1,-1,-1
127,1077,880.30,309.58,67.56,30.02,0.63,-1,-1,-1
127,1081,154.08,284.18,46.01,20.74,0.15,-1,-1,-1
127,1082,577.35,231.06,17.98,17.99,0.27,-1,-1,-1
127,1046,531.84,182.88,15.78,16.34,0.57,-1,-1,-1
127,1084,534.91,325.25,27.56,21.85,0.66,-1,-1,-1
127,1085,758.14,239.57,32.80,16.77,0.74,-1,-1,-1
127,1086,452.85,575.15,21.66,40.91,0.56,-1,-1,-1
127,1040,694.24,584.65,34.57,65.85,0.62,-1,-1,-1
128,996,547.19,629.05,62.31,82.55,0.81,-1,-1,-1
128,1003,550.50,482.43,47.57,53.40,0.78,-1,-1,-1
128,1010,653.27,225.74,35.03,17.75,0.58,-1,-1,-1
128,1013,822.55,245.51,35.24,17.52,0.38,-1,-1,-1
128,1036,699.04,456.60,17.88,29.14,0.39,-1,-1,-1
128,1042,629.94,502.71,18.23,28.76,0.48,-1,-1,-1
128,1044,637.12,559.54,19.14,33.79,0.58,-1,-1,-1
128,998,502.79,246.14,25.16,33.64,0.56,-1,-1,-1
128,1058,472.43,205.05,20.99,23.99,0.50,-1,-1,-1
128,1060,702.42,233.71,29.53,16.23,0.72,-1,-1,-1
128,1063,658.06,260.52,38.79,22.09,0.82,-1,-1,-1
128,1047,550.04,443.87,42.50,43.60,0.61,-1,-1,-1
128,1069,892.74,273.47,48.33,26.34,0.60,-1,-1,-1
128,1072,604.10,229.56,43.94,20.50,0.34,-1,-1,-1
128,1073,548.85,543.40,60.31,77.13,0.77,-1,-1,-1
128,1074,142.73,468.38,45.02,20.72,0.32,-1,-1,-1
128,1077,881.04,310.16,67.11,30.05,0.64,-1,-1,-1
128,1081,153.76,284.94,42.12,19.34,0.54,-1,-1,-1
128,1082,577.81,231.51,17.91,17.91,0.32,-1,-1,-1
128,1046,532.16,182.88,15.58,16.23,0.52,-1,-1,-1
128,1084,533.18,326.97,26.27,20.80,0.61,-1,-1,-1
128,1085,759.09,239.60,33.02,17.02,0.73,-1,-1,-1
128,1086,452.02,585.27,22.73,43.02,0.53,-1,-1,-1
128,1040,693.21,583.27,35.01,66.67,0.68,-1,-1,-1
129,996,546.60,631.33,63.43,84.55,0.80,-1,-1,-1
129,1003,549.77,484.03,48.32,54.40,0.80,-1,-1,-1
129,1010,653.02,226.03,35.00,17.75,0.47,-1,-1,-1
129,1013,822.43,245.61,35.93,17.91,0.51,-1,-1,-1
129,1036,701.46,454.67,17.53,29.08,0.56,-1,-1,-1
129,1042,629.61,502.54,18.71,29.39,0.47,-1,-1,-1
129,1044,636.11,559.43,19.04,33.57,0.52,-1,-1,-1
129,998,502.65,246.91,25.00,33.53,0.54,-1,-1,-1
129,1058,472.77,206.41,20.90,22.99,0.48,-1,-1,-1
129,1060,702.58,234.23,29.56,16.20,0.70,-1,-1,-1
129,1063,657.83,260.66,39.04,22.25,0.82,-1,-1,-1
129,1047,549.65,444.62,42.83,43.89,0.58,-1,-1,-1
129,1069,892.76,273.74,48.65,26.46,0.60,-1,-1,-1
129,1072,603.71,229.60,43.70,20.43,0.33,-1,-1,-1
129,1073,548.05,545.76,60.85,77.92,0.84,-1,-1,-1
129,1074,143.12,469.59,42.74,19.57,0.52,-1,-1,-1
129,1077,880.15,310.61,68.31,30.95,0.71,-1,-1,-1
129,1081,151.68,285.92,38.59,18.03,0.29,-1,-1,-1
129,1082,577.88,231.59,18.39,18.37,0.12,-1,-1,-1
129,1046,532.11,182.78,15.53,16.23,0.48,-1,-1,-1
129,1084,530.25,327.28,27.64,21.83,0.57,-1,-1,-1
129,1085,759.84,239.91,32.73,16.99,0.68,-1,-1,-1
129,1086,450.17,591.49,25.17,47.86,0.53,-1,-1,-1
129,1040,692.63,582.16,35.12,67.05,0.85,-1,-1,-1
129,1088,482.21,335.77,29.04,19.39,0.62,-1,-1,-1
130,996,545.57,632.60,64.09,85.46,0.80,-1,-1,-1
130,1003,549.56,485.80,48.04,54.16,0.80,-1,-1,-1
130,1010,652.87,226.26,34.93,17.74,0.59,-1,-1,-1
130,1013,822.38,245.71,36.84,18.45,0.54,-1,-1,-1
130,1036,704.04,454.35,17.05,28.53,0.61,-1,-1,-1
130,1042,628.80,502.08,18.06,28.49,0.36,-1,-1,-1
130,1044,634.27,550.70,20.84,37.11,0.53,-1,-1,-1
130,998,502.70,248.42,24.26,32.47,0.52,-1,-1,-1
130,1058,470.52,205.84,21.66,23.74,0.47,-1,-1,-1
130,1060,702.59,234.46,29.64,16.21,0.74,-1,-1,-1
130,1063,658.07,261.03,38.65,21.98,0.82,-1,-1,-1
130,1047,550.37,448.70,41.24,42.36,0.56,-1,-1,-1
130,1069,892.24,273.82,49.07,26.71,0.55,-1,-1,-1
130,1072,604.02,229.90,43.27,20.20,0.44,-1,-1,-1
130,1073,547.49,547.85,61.03,78.18,0.85,-1,-1,-1
130,1074,143.34,470.56,41.01,18.68,0.34,-1,-1,-1
130,1077,882.18,310.96,65.37,29.78,0.67,-1,-1,-1
130,1081,150.30,287.32,34.98,16.66,0.34,-1,-1,-1
130,1082,577.69,232.34,18.55,18.57,0.11,-1,-1,-1
130,1046,532.27,183.65,14.83,15.44,0.49,-1,-1,-1
130,1084,526.97,326.73,29.25,23.21,0.48,-1,-1,-1
130,1085,761.15,240.33,31.58,16.48,0.68,-1,-1,-1
130,1086,448.85,600.02,25.62,48.70,0.40,-1,-1,-1
130,1040,692.43,580.84,35.34,67.65,0.70,-1,-1,-1
130,1088,485.72,336.74,28.87,19.31,0.66,-1,-1,-1
131,996,545.19,635.54,64.35,86.23,0.80,-1,-1,-1
131,1003,548.68,486.88,48.98,55.39,0.68,-1,-1,-1
131,1010,652.87,226.74,35.13,17.87,0.57,-1,-1,-1
131,1013,822.80,246.24,36.66,18.35,0.51,-1,-1,-1
131,1036,707.58,458.60,16.15,26.82,0.19,-1,-1,-1
131,1042,628.92,501.68,17.00,26.90,0.35,-1,-1,-1
131,1044,633.01,547.59,20.46,36.64,0.52,-1,-1,-1
131,998,502.17,249.02,23.97,32.12,0.64,-1,-1,-1
131,1058,468.82,205.81,21.73,24.01,0.40,-1,-1,-1
131,1060,702.47,234.59,29.98,16.40,0.71,-1,-1,-1
131,1063,657.46,261.02,39.24,22.31,0.81,-1,-1,-1
131,1047,550.40,450.29,40.76,41.86,0.68,-1,-1,-1
131,1069,891.67,273.71,50.00,27.26,0.56,-1,-1,-1
131,1072,604.99,230.67,42.32,19.64,0.59,-1,-1,-1
131,1073,547.20,549.03,62.08,79.86,0.80,-1,-1,-1
131,1074,140.40,472.49,41.63,18.71,0.50,-1,-1,-1
131,1077,881.17,311.59,67.38,30.92,0.65,-1,-1,-1
131,1081,147.09,287.56,32.34,15.76,0.12,-1,-1,-1
131,1082,577.64,232.75,18.46,18.56,0.26,-1,-1,-1
131,1046,532.13,183.58,14.63,15.28,0.53,-1,-1,-1
131,1084,524.80,328.99,28.22,22.42,0.62,-1,-1,-1
131,1085,763.55,240.72,32.15,16.60,0.67,-1,-1,-1
131,1086,446.30,609.77,28.20,53.76,0.49,-1,-1,-1
131,1040,691.82,579.95,35.21,67.70,0.79,-1,-1,-1
131,1088,489.88,338.66,26.93,18.01,0.78,-1,-1,-1
132,996,545.02,638.39,63.65,85.30,0.82,-1,-1,-1
132,1003,548.79,488.70,48.74,55.27,0.69,-1,-1,-1
132,1010,652.66,226.89,35.80,18.22,0.57,-1,-1,-1
132,1013,822.69,246.42,36.58,18.26,0.49,-1,-1,-1
132,1036,709.35,455.02,16.14,27.20,0.36,-1,-1,-1
132,1042,628.87,501.42,16.76,26.63,0.38,-1,-1,-1
132,1044,632.16,545.95,19.87,35.74,0.53,-1,-1,-1
132,998,501.75,249.47,23.91,32.05,0.62,-1,-1,-1
132,1058,467.33,205.36,21.87,24.62,0.52,-1,-1,-1
132,1060,702.16,234.64,30.40,16.64,0.71,-1,-1,-1
132,1063,656.64,260.64,40.36,22.94,0.82,-1,-1,-1
132,1047,551.10,452.30,39.36,40.33,0.68,-1,-1,-1
132,1069,890.67,273.45,51.19,28.09,0.50,-1,-1,-1
132,1072,605.49,231.24,41.90,19.33,0.65,-1,-1,-1
132,1073,546.65,550.87,62.43,80.54,0.81,-1,-1,-1
132,1074,137.69,473.70,42.23,18.85,0.29,-1,-1,-1
132,1077,882.56,312.38,65.36,30.03,0.61,-1,-1,-1
132,1082,577.50,232.96,18.42,18.57,0.35,-1,-1,-1
132,1046,531.84,183.48,14.59,15.27,0.53,-1,-1,-1
132,1084,521.65,327.99,30.25,24.33,0.56,-1,-1,-1
132,1085,764.20,240.83,33.31,17.03,0.65,-1,-1,-1
132,1086,444.66,623.94,29.55,56.13,0.18,-1,-1,-1
132,1040,691.87,579.35,35.26,67.89,0.52,-1,-1,-1
132,1088,491.93,338.51,27.79,18.62,0.77,-1,-1,-1
133,996,544.76,641.00,63.75,85.59,0.82,-1,-1,-1
133,1003,548.40,489.91,48.66,55.29,0.71,-1,-1,-1
133,1010,652.38,227.09,36.20,18.43,0.52,-1,-1,-1
133,1013,822.62,246.43,36.88,18.37,0.52,-1,-1,-1
133,1036,712.95,453.81,13.58,22.66,0.34,-1,-1,-1
133,1042,628.06,506.65,19.48,30.93,0.62,-1,-1,-1
133,1044,630.94,545.75,19.95,36.09,0.51,-1,-1,-1
133,998,501.46,249.78,24.00,32.22,0.71,-1,-1,-1
133,1058,467.28,206.20,21.21,24.04,0.44,-1,-1,-1
133,1060,702.06,234.91,30.34,16.61,0.68,-1,-1,-1
133,1063,656.16,260.73,40.67,23.03,0.82,-1,-1,-1
133,1047,550.09,453.35,40.15,41.06,0.53,-1,-1,-1
133,1069,890.78,273.70,51.11,28.20,0.49,-1,-1,-1
133,1072,605.75,232.00,41.21,18.90,0.62,-1,-1,-1
133,1073,546.55,553.13,62.60,81.00,0.78,-1,-1,-1
133,1074,134.10,475.49,45.32,20.36,0.27,-1,-1,-1
133,1077,885.61,313.46,61.34,28.02,0.62,-1,-1,-1
133,1082,577.27,233.17,18.40,18.59,0.38,-1,-1,-1
133,1046,531.65,183.32,14.64,15.36,0.60,-1,-1,-1
133,1084,518.57,330.16,29.59,23.82,0.50,-1,-1,-1
133,1085,764.70,241.27,33.66,17.00,0.64,-1,-1,-1
133,1086,445.06,634.95,29.03,54.86,0.36,-1,-1,-1
133,1040,691.41,578.85,35.02,67.75,0.62,-1,-1,-1
133,1088,495.41,340.34,26.41,17.65,0.74,-1,-1,-1
133,1089,714.89,657.83,25.69,52.34,0.61,-1,-1,-1
134,996,543.40,642.85,65.52,88.45,0.79,-1,-1,-1
134,1003,547.95,491.65,48.92,55.89,0.71,-1,-1,-1
134,1010,652.32,227.51,35.96,18.28,0.50,-1,-1,-1
134,1013,823.90,246.57,36.25,18.12,0.55,-1,-1,-1
134,1036,715.65,452.39,12.77,21.30,0.32,-1,-1,-1
134,1042,628.84,508.91,18.83,29.40,0.16,-1,-1,-1
134,1044,629.94,545.47,19.21,34.87,0.49,-1,-1,-1
134,998,500.97,249.84,24.20,32.51,0.62,-1,-1,-1
134,1058,468.31,207.41,20.63,23.15,0.33,-1,-1,-1
134,1060,702.32,235.49,29.86,16.30,0.70,-1,-1,-1
134,1063,655.63,260.89,40.64,22.89,0.80,-1,-1,-1
134,1047,549.62,454.34,40.43,41.28,0.38,-1,-1,-1
134,1069,891.03,273.72,51.32,28.46,0.57,-1,-1,-1
134,1072,606.28,232.72,40.49,18.46,0.56,-1,-1,-1
134,1073,546.04,555.08,62.16,80.44,0.79,-1,-1,-1
134,1074,132.04,476.92,46.88,21.12,0.35,-1,-1,-1
134,1077,888.16,313.74,60.28,27.23,0.66,-1,-1,-1
134,1082,577.38,233.66,18.02,18.29,0.49,-1,-1,-1
134,1046,531.64,183.92,14.10,14.72,0.56,-1,-1,-1
134,1084,509.09,330.88,32.29,25.09,0.63,-1,-1,-1
134,1085,764.95,241.69,33.60,16.77,0.59,-1,-1,-1
134,1086,445.66,648.54,25.85,48.71,0.39,-1,-1,-1
134,1040,691.81,578.67,34.53,66.80,0.54,-1,-1,-1
134,1088,498.15,339.30,28.41,18.97,0.67,-1,-1,-1
134,1089,714.61,657.19,25.34,51.62,0.63,-1,-1,-1
135,996,542.00,644.35,66.94,91.08,0.80,-1,-1,-1
135,1003,547.45,493.14,48.84,56.06,0.78,-1,-1,-1
135,1010,651.96,227.65,36.25,18.43,0.50,-1,-1,-1
135,1013,824.15,247.08,36.19,18.10,0.48,-1,-1,-1
135,1036,718.08,452.73,13.30,22.13,0.54,-1,-1,-1
135,1042,627.85,509.53,20.05,31.22,0.42,-1,-1,-1
135,1044,628.27,545.50,19.70,36.12,0.55,-1,-1,-1
135,998,500.76,250.09,24.20,32.46,0.69,-1,-1,-1
135,1058,466.23,205.01,22.49,25.64,0.29,-1,-1,-1
135,1060,702.29,235.81,29.86,16.27,0.71,-1,-1,-1
135,1063,655.79,261.12,40.69,22.83,0.79,-1,-1,-1
135,1047,548.62,454.57,41.51,42.53,0.62,-1,-1,-1
135,1069,890.79,273.79,51.63,28.87,0.56,-1,-1,-1
135,1072,606.58,233.32,40.06,18.16,0.53,-1,-1,-1
135,1073,545.51,557.08,61.98,80.44,0.78,-1,-1,-1
135,1074,131.58,478.35,45.36,20.28,0.37,-1,-1,-1
135,1077,890.48,313.99,58.82,26.38,0.66,-1,-1,-1
135,1082,577.10,233.83,18.00,18.30,0.52,-1,-1,-1
135,1046,531.34,183.69,14.22,14.85,0.62,-1,-1,-1
135,1085,765.56,242.06,34.14,16.79,0.59,-1,-1,-1
135,1086,440.60,665.26,31.91,60.62,0.68,-1,-1,-1
135,1040,691.24,578.05,34.34,66.94,0.51,-1,-1,-1
135,1088,501.63,338.82,30.14,20.02,0.69,-1,-1,-1
135,1089,714.36,654.26,25.31,51.56,0.66,-1,-1,-1
136,996,541.01,646.24,67.50,92.37,0.82,-1,-1,-1
136,1003,547.16,494.43,48.94,56.33,0.75,-1,-1,-1
136,1010,651.96,228.47,35.31,17.87,0.41,-1,-1,-1
136,1013,824.37,247.61,35.90,17.94,0.53,-1,-1,-1
136,1036,719.75,453.50,12.78,21.29,0.57,-1,-1,-1
136,1042,627.46,509.12,20.39,31.76,0.38,-1,-1,-1
136,1044,626.66,545.60,20.79,38.65,0.60,-1,-1,-1
136,998,500.17,249.73,24.69,33.11,0.73,-1,-1,-1
136,1058,466.42,207.39,20.57,23.51,0.29,-1,-1,-1
136,1060,702.07,235.92,30.12,16.39,0.71,-1,-1,-1
136,1063,656.00,261.57,40.62,22.72,0.77,-1,-1,-1
136,1047,547.98,456.73,41.73,42.80,0.59,-1,-1,-1
136,1069,891.81,274.30,51.06,28.77,0.55,-1,-1,-1
136,1072,606.56,233.65,39.98,18.00,0.53,-1,-1,-1
136,1073,544.85,558.93,62.45,81.44,0.81,-1,-1,-1
136,1074,129.45,479.30,46.31,20.68,0.19,-1,-1,-1
136,1077,889.62,314.35,60.46,27.24,0.69,-1,-1,-1
136,1082,576.76,233.74,18.19,18.55,0.54,-1,-1,-1
136,1046,530.85,183.23,14.63,15.32,0.61,-1,-1,-1
136,1085,765.67,242.23,35.46,17.17,0.58,-1,-1,-1
136,1040,690.91,577.57,34.10,66.87,0.54,-1,-1,-1
136,1088,503.93,339.14,31.30,20.77,0.69,-1,-1,-1
136,1089,713.81,652.86,25.52,52.01,0.62,-1,-1,-1
137,996,541.08,649.08,66.40,91.06,0.82,-1,-1,-1
137,1003,547.52,495.89,48.09,55.39,0.72,-1,-1,-1
137,1010,651.79,228.74,35.33,17.82,0.45,-1,-1,-1
137,1013,824.88,248.29,35.56,17.77,0.44,-1,-1,-1
137,1036,721.41,454.68,11.57,19.34,0.33,-1,-1,-1
137,1042,628.54,508.91,17.54,26.40,0.29,-1,-1,-1
137,1044,626.48,545.45,19.94,37.47,0.55,-1,-1,-1
137,998,499.67,249.51,25.08,33.55,0.77,-1,-1,-1
137,1058,465.90,207.58,20.39,23.58,0.28,-1,-1,-1
137,1060,702.14,236.28,29.82,16.17,0.68,-1,-1,-1
137,1063,655.61,261.71,41.13,22.96,0.78,-1,-1,-1
137,1047,547.85,457.84,41.71,42.88,0.58,-1,-1,-1
137,1069,892.47,274.64,50.61,28.74,0.55,-1,-1,-1
137,1072,606.41,233.75,39.97,17.89,0.53,-1,-1,-1
137,1073,544.62,560.88,62.49,81.86,0.79,-1,-1,-1
137,1074,127.94,480.49,46.59,20.79,0.19,-1,-1,-1
137,1077,890.62,314.86,59.68,26.75,0.66,-1,-1,-1
137,1082,576.50,233.89,18.18,18.52,0.51,-1,-1,-1
137,1046,530.50,183.19,14.64,15.36,0.58,-1,-1,-1
137,1085,765.55,242.31,36.60,17.46,0.59,-1,-1,-1
137,1040,690.87,577.33,34.36,67.46,0.22,-1,-1,-1
137,1088,505.95,340.67,30.95,20.64,0.74,-1,-1,-1
137,1089,713.44,650.33,25.67,52.49,0.67,-1,-1,-1
137,1090,546.25,494.15,48.14,57.46,0.62,-1,-1,-1
138,996,540.76,651.54,66.12,90.67,0.82,-1,-1,-1
138,1003,545.81,496.35,50.36,58.39,0.65,-1,-1,-1
138,1010,651.48,229.02,35.21,17.69,0.52,-1,-1,-1
138,1013,825.04,249.01,35.46,17.68,0.43,-1,-1,-1
138,1036,723.48,455.27,10.67,17.67,0.17,-1,-1,-1
138,1042,627.41,508.95,20.25,30.46,0.59,-1,-1,-1
138,1044,625.28,545.46,19.89,37.77,0.51,-1,-1,-1
138,998,499.12,250.04,25.06,33.48,0.73,-1,-1,-1
138,1058,466.20,209.85,18.67,21.58,0.33,-1,-1,-1
138,1060,701.81,236.32,30.35,16.49,0.69,-1,-1,-1
138,1063,655.78,262.16,40.88,22.82,0.78,-1,-1,-1
138,1047,547.63,458.30,42.07,43.39,0.63,-1,-1,-1
138,1069,892.62,275.23,50.76,28.92,0.51,-1,-1,-1
138,1072,605.90,233.73,40.37,17.96,0.52,-1,-1,-1
138,1073,544.01,562.31,63.35,83.34,0.80,-1,-1,-1
138,1074,124.84,481.99,47.31,21.15,0.33,-1,-1,-1
138,1077,891.46,315.68,60.13,26.81,0.62,-1,-1,-1
138,1082,575.72,233.93,18.49,18.92,0.50,-1,-1,-1
138,1046,530.27,183.23,14.47,15.22,0.58,-1,-1,-1
138,1085,765.21,242.72,37.17,17.49,0.58,-1,-1,-1
138,1040,691.05,576.22,33.82,66.75,0.69,-1,-1,-1
138,1088,505.87,341.02,31.81,21.14,0.67,-1,-1,-1
138,1089,713.42,649.65,24.68,50.60,0.63,-1,-1,-1
138,1090,545.78,495.63,49.53,59.16,0.51,-1,-1,-1
138,1091,616.97,362.80,32.91,48.38,0.58,-1,-1,-1
138,1092,349.69,543.67,34.28,37.03,0.51,-1,-1,-1
139,996,541.79,655.68,64.31,88.05,0.78,-1,-1,-1
139,1003,544.63,497.21,51.05,59.60,0.23,-1,-1,-1
139,1010,651.18,229.29,35.26,17.65,0.45,-1,-1,-1
139,1013,824.74,249.21,35.84,17.83,0.42,-1,-1,-1
139,1042,626.93,508.19,21.13,31.74,0.67,-1,-1,-1
139,1044,624.35,543.65,18.88,36.19,0.53,-1,-1,-1
139,998,498.92,250.73,24.79,33.07,0.72,-1,-1,-1
139,1058,467.58,210.80,18.41,20.85,0.14,-1,-1,-1
139,1060,701.57,236.30,30.69,16.72,0.69,-1,-1,-1
139,1063,656.11,262.72,40.80,22.77,0.76,-1,-1,-1
139,1047,547.43,459.76,42.11,43.53,0.51,-1,-1,-1
139,1069,893.44,276.14,50.17,28.62,0.55,-1,-1,-1
139,1072,605.21,233.34,41.23,18.32,0.36,-1,-1,-1
139,1073,543.96,564.37,63.89,84.64,0.82,-1,-1,-1
139,1074,122.16,483.41,49.22,22.09,0.28,-1,-1,-1
139,1077,891.46,316.51,60.58,26.94,0.64,-1,-1,-1
139,1082,575.30,234.26,18.58,19.10,0.51,-1,-1,-1
139,1046,529.86,182.94,14.57,15.46,0.57,-1,-1,-1
139,1085,764.91,242.85,37.92,17.64,0.59,-1,-1,-1
139,1040,690.72,575.26,33.38,66.17,0.74,-1,-1,-1
139,1088,504.62,339.78,34.80,22.89,0.68,-1,-1,-1
139,1089,713.42,648.71,24.22,49.72,0.69,-1,-1,-1
139,1090,545.32,496.84,50.15,59.95,0.68,-1,-1,-1
139,1091,616.62,364.03,32.77,48.21,0.64,-1,-1,-1
139,1092,346.50,545.14,37.21,40.19,0.54,-1,-1,-1
140,996,541.86,658.57,64.28,88.12,0.73,-1,-1,-1
140,1003,541.31,491.93,55.60,66.20,0.17,-1,-1,-1
140,1010,650.84,229.48,35.64,17.78,0.40,-1,-1,-1
140,1013,824.17,249.55,36.53,18.15,0.38,-1,-1,-1
140,1042,627.06,508.76,20.76,31.01,0.44,-1,-1,-1
140,1044,623.19,542.74,18.54,35.75,0.59,-1,-1,-1
140,998,498.71,251.46,24.52,32.67,0.67,-1,-1,-1
140,1058,467.72,210.99,18.94,21.01,0.18,-1,-1,-1
140,1060,701.49,236.54,30.83,16.86,0.71,-1,-1,-1
140,1063,655.80,262.87,41.31,23.16,0.77,-1,-1,-1
140,1047,546.30,459.92,43.42,45.04,0.56,-1,-1,-1
140,1069,893.98,276.89,49.39,28.26,0.40,-1,-1,-1
140,1072,604.12,233.56,41.26,18.34,0.35,-1,-1,-1
140,1073,543.86,565.96,63.96,85.34,0.82,-1,-1,-1
140,1074,119.80,484.40,50.32,22.88,0.19,-1,-1,-1
140,1077,891.68,317.34,59.93,26.49,0.67,-1,-1,-1
140,1082,575.14,234.57,18.63,19.25,0.52,-1,-1,-1
140,1046,529.52,182.97,14.35,15.29,0.57,-1,-1,-1
140,1085,763.32,243.40,37.26,17.31,0.54,-1,-1,-1
140,1040,690.44,574.54,33.04,65.84,0.78,-1,-1,-1
140,1088,503.21,339.47,37.11,24.00,0.41,-1,-1,-1
140,1089,713.08,645.64,24.89,51.46,0.59,-1,-1,-1
140,1090,544.87,498.36,49.85,59.64,0.78,-1,-1,-1
140,1091,615.84,363.13,34.07,50.24,0.58,-1,-1,-1
140,1092,344.35,546.62,37.77,40.79,0.10,-1,-1,-1
140,1093,729.61,239.77,32.41,16.21,0.62,-1,-1,-1
141,996,541.21,660.79,64.10,87.77,0.78,-1,-1,-1
141,1010,650.66,229.82,35.75,17.75,0.25,-1,-1,-1
141,1013,823.99,249.82,37.08,18.45,0.36,-1,-1,-1
141,1042,627.21,508.85,20.31,30.05,0.42,-1,-1,-1
141,1044,622.49,541.85,18.27,35.44,0.60,-1,-1,-1
141,998,498.31,251.63,24.73,32.89,0.65,-1,-1,-1
141,1058,466.46,210.70,19.41,21.44,0.14,-1,-1,-1
141,1060,701.43,236.77,30.74,16.86,0.68,-1,-1,-1
141,1063,655.42,263.14,41.85,23.62,0.77,-1,-1,-1
141,1047,545.53,460.67,43.85,45.49,0.71,-1,-1,-1
141,1069,893.20,277.54,50.17,28.77,0.54,-1,-1,-1
141,1072,603.56,233.60,41.59,18.57,0.19,-1,-1,-1
141,1073,543.06,568.07,63.75,85.30,0.85,-1,-1,-1
141,1074,121.51,486.41,44.76,20.31,0.21,-1,-1,-1
141,1077,891.51,317.72,60.29,26.48,0.71,-1,-1,-1
141,1082,574.93,234.79,18.66,19.34,0.58,-1,-1,-1
141,1046,528.97,182.50,14.62,15.63,0.58,-1,-1,-1
141,1085,761.94,244.15,36.25,16.93,0.52,-1,-1,-1
141,1040,690.10,573.52,33.04,66.10,0.73,-1,-1,-1
141,1088,511.13,341.29,35.43,23.06,0.60,-1,-1,-1
141,1089,712.75,645.72,24.11,50.24,0.69,-1,-1,-1
141,1090,544.56,500.23,49.70,59.57,0.82,-1,-1,-1
141,1091,616.00,364.49,33.44,49.39,0.44,-1,-1,-1
141,1092,341.05,549.23,40.05,43.22,0.72,-1,-1,-1
141,1093,729.31,239.71,33.03,16.52,0.61,-1,-1,-1
141,1084,493.99,336.84,31.37,24.59,0.65,-1,-1,-1
142,996,540.65,663.54,64.28,88.08,0.81,-1,-1,-1
142,1010,649.89,229.33,36.99,18.37,0.47,-1,-1,-1
142,1013,823.36,249.77,38.26,19.09,0.35,-1,-1,-1
142,1042,627.10,508.89,20.04,29.57,0.56,-1,-1,-1
142,1044,621.65,541.73,18.11,35.22,0.60,-1,-1,-1
142,998,497.91,251.95,24.62,32.68,0.73,-1,-1,-1
142,1058,464.97,210.08,20.03,22.27,0.24,-1,-1,-1
142,1060,701.49,237.07,30.97,17.04,0.71,-1,-1,-1
142,1063,655.20,263.39,42.23,23.99,0.78,-1,-1,-1
142,1047,545.30,463.78,43.19,44.74,0.62,-1,-1,-1
142,1069,894.28,277.61,50.62,28.89,0.57,-1,-1,-1
142,1072,600.92,233.45,41.71,18.80,0.42,-1,-1,-1
142,1073,542.64,570.62,63.58,85.26,0.86,-1,-1,-1
142,1074,120.43,487.88,43.41,19.65,0.36,-1,-1,-1
142,1077,891.84,317.84,61.24,26.72,0.70,-1,-1,-1
142,1082,574.71,235.30,18.51,19.11,0.50,-1,-1,-1
142,1046,528.66,182.68,14.41,15.35,0.60,-1,-1,-1
142,1085,762.06,244.27,36.43,17.00,0.58,-1,-1,-1
142,1040,689.79,572.37,33.08,66.62,0.61,-1,-1,-1
142,1088,518.34,343.54,32.32,21.19,0.63,-1,-1,-1
142,1089,712.32,645.27,23.49,49.00,0.73,-1,-1,-1
142,1090,544.29,502.56,48.90,58.66,0.77,-1,-1,-1
142,1091,616.19,365.22,33.38,49.32,0.34,-1,-1,-1
142,1092,338.97,550.63,40.38,43.51,0.68,-1,-1,-1
142,1093,729.17,239.85,34.00,17.01,0.57,-1,-1,-1
142,1084,490.89,340.73,27.54,21.76,0.68,-1,-1,-1
143,996,540.62,665.33,64.71,88.94,0.80,-1,-1,-1
143,1010,649.59,229.40,37.29,18.51,0.47,-1,-1,-1
143,1013,822.72,250.13,39.17,19.67,0.43,-1,-1,-1
143,1042,627.05,509.17,19.84,29.04,0.61,-1,-1,-1
143,1044,619.99,540.58,19.56,38.32,0.68,-1,-1,-1
143,998,497.64,252.59,24.41,32.28,0.69,-1,-1,-1
143,1058,464.09,211.16,18.71,20.97,0.40,-1,-1,-1
143,1060,701.57,237.34,30.71,16.90,0.72,-1,-1,-1
143,1063,654.79,263.39,42.80,24.50,0.78,-1,-1,-1
143,1047,545.89,467.34,41.43,42.52,0.65,-1,-1,-1
143,1069,894.99,277.62,51.37,29.18,0.54,-1,-1,-1
143,1072,600.10,233.39,41.59,18.90,0.48,-1,-1,-1
143,1073,541.39,572.28,63.95,85.94,0.83,-1,-1,-1
143,1074,116.45,489.64,48.25,22.01,0.47,-1,-1,-1
143,1077,891.51,318.03,62.34,27.10,0.70,-1,-1,-1
143,1082,574.35,235.74,18.51,19.02,0.49,-1,-1,-1
143,1046,528.26,182.45,14.62,15.56,0.60,-1,-1,-1
143,1085,762.03,244.63,36.04,16.81,0.56,-1,-1,-1
143,1040,689.42,571.80,32.85,66.32,0.35,-1,-1,-1
143,1088,521.83,344.17,31.76,20.98,0.75,-1,-1,-1
143,1089,710.58,644.34,23.13,47.97,0.72,-1,-1,-1
143,1090,543.18,503.57,49.93,60.02,0.76,-1,-1,-1
143,1091,616.16,365.49,33.62,49.50,0.28,-1,-1,-1
143,1092,336.81,552.12,41.36,44.58,0.79,-1,-1,-1
143,1093,731.00,241.94,31.05,15.45,0.62,-1,-1,-1
143,1084,486.89,341.13,28.63,22.81,0.65,-1,-1,-1
144,996,541.31,668.71,63.39,86.84,0.69,-1,-1,-1
144,1010,649.30,229.54,37.32,18.53,0.50,-1,-1,-1
144,1013,822.61,249.89,38.61,19.40,0.38,-1,-1,-1
144,1042,626.49,509.02,20.39,29.76,0.57,-1,-1,-1
144,1044,618.89,539.33,20.03,39.46,0.66,-1,-1,-1
144,998,497.26,252.99,24.24,31.94,0.71,-1,-1,-1
144,1058,463.54,211.27,18.32,20.71,0.46,-1,-1,-1
144,1060,701.23,237.36,30.81,16.98,0.72,-1,-1,-1
144,1063,654.72,263.45,42.89,24.76,0.79,-1,-1,-1
144,1047,544.98,467.73,41.92,42.79,0.74,-1,-1,-1
144,1069,896.27,278.28,51.55,28.95,0.61,-1,-1,-1
144,1072,600.40,233.76,41.27,18.84,0.47,-1,-1,-1
144,1073,541.25,574.24,63.97,86.25,0.83,-1,-1,-1
144,1074,113.74,490.55,48.05,21.99,0.42,-1,-1,-1
144,1077,891.40,318.57,62.42,27.06,0.73,-1,-1,-1
144,1082,574.10,235.84,18.51,18.99,0.48,-1,-1,-1
144,1046,528.07,182.70,14.41,15.23,0.63,-1,-1,-1
144,1085,761.84,244.91,35.62,16.63,0.59,-1,-1,-1
144,1040,689.45,571.22,32.46,65.21,0.22,-1,-1,-1
144,1088,525.36,345.00,30.83,20.39,0.71,-1,-1,-1
144,1089,711.78,642.54,22.96,47.86,0.67,-1,-1,-1
144,1090,542.85,505.17,49.80,59.99,0.79,-1,-1,-1
144,1091,615.89,366.13,32.90,48.16,0.40,-1,-1,-1
144,1092,333.22,551.61,44.03,47.51,0.61,-1,-1,-1
144,1093,730.94,242.39,30.99,15.35,0.62,-1,-1,-1
144,1084,484.69,344.48,26.15,20.77,0.64,-1,-1,-1
144,1094,151.95,378.47,30.06,22.89,0.51,-1,-1,-1
145,996,541.41,670.97,62.45,85.03,0.72,-1,-1,-1
145,1010,649.09,229.84,37.12,18.43,0.47,-1,-1,-1
145,1013,823.01,250.04,37.60,18.87,0.39,-1,-1,-1
145,1042,626.31,509.04,20.33,29.60,0.57,-1,-1,-1
145,1044,618.15,538.60,20.10,39.72,0.67,-1,-1,-1
145,998,496.97,253.18,24.28,31.85,0.67,-1,-1,-1
145,1058,463.19,211.60,17.99,20.45,0.50,-1,-1,-1
145,1060,701.17,237.63,30.64,16.91,0.70,-1,-1,-1
145,1063,655.06,264.39,41.97,24.38,0.80,-1,-1,-1
145,1047,543.76,468.07,42.74,43.55,0.63,-1,-1,-1
145,1069,896.46,277.87,52.46,29.19,0.63,-1,-1,-1
145,1072,598.42,233.69,41.47,19.15,0.42,-1,-1,-1
145,1073,539.67,575.76,65.42,88.44,0.85,-1,-1,-1
145,1074,111.21,492.33,48.96,22.53,0.51,-1,-1,-1
145,1077,891.38,318.75,62.89,27.20,0.73,-1,-1,-1
145,1082,573.87,235.87,18.54,18.96,0.48,-1,-1,-1
145,1046,527.70,182.85,14.23,14.93,0.64,-1,-1,-1
145,1085,760.87,244.88,35.86,16.87,0.59,-1,-1,-1
145,1040,689.85,570.62,32.14,64.36,0.68,-1,-1,-1
145,1088,528.15,344.92,31.16,20.67,0.66,-1,-1,-1
145,1089,711.97,641.44,22.62,47.27,0.55,-1,-1,-1
145,1090,542.17,506.60,50.03,60.38,0.79,-1,-1,-1
145,1091,616.31,366.26,32.70,47.57,0.22,-1,-1,-1
145,1092,331.72,555.79,44.43,47.92,0.77,-1,-1,-1
145,1093,730.14,242.23,31.95,15.79,0.66,-1,-1,-1
145,1084,481.13,344.86,27.28,21.85,0.64,-1,-1,-1
145,1094,149.37,380.09,30.38,23.14,0.61,-1,-1,-1
146,996,540.95,676.11,59.60,79.85,0.62,-1,-1,-1
146,1010,648.88,229.91,37.14,18.45,0.52,-1,-1,-1
146,1013,823.20,250.47,37.28,18.66,0.46,-1,-1,-1
146,1042,626.61,509.03,19.81,28.73,0.56,-1,-1,-1
146,1044,618.12,537.73,18.80,37.14,0.59,-1,-1,-1
146,998,496.42,253.54,24.40,31.95,0.57,-1,-1,-1
146,1058,463.71,213.55,16.72,18.82,0.20,-1,-1,-1
146,1060,701.05,237.93,30.40,16.79,0.71,-1,-1,-1
146,1063,655.09,264.79,41.64,24.39,0.81,-1,-1,-1
146,1047,543.72,469.90,42.71,43.41,0.75,-1,-1,-1
146,1069,896.87,278.18,52.13,29.03,0.52,-1,-1,-1
146,1072,599.38,233.85,41.68,19.27,0.31,-1,-1,-1
146,1073,539.00,577.56,65.90,89.37,0.85,-1,-1,-1
146,1074,110.61,493.72,45.45,20.89,0.35,-1,-1,-1
146,1077,891.57,319.06,63.73,27.57,0.76,-1,-1,-1
146,1082,573.96,236.12,18.69,19.06,0.37,-1,-1,-1
146,1046,527.26,183.02,14.22,14.77,0.57,-1,-1,-1
146,1085,761.77,245.29,35.43,16.61,0.60,-1,-1,-1
146,1040,689.82,569.82,32.08,64.21,0.39,-1,-1,-1
146,1088,531.02,345.34,30.33,20.21,0.76,-1,-1,-1
146,1089,712.77,634.83,20.89,43.03,0.75,-1,-1,-1
146,1090,541.72,508.52,49.99,60.47,0.81,-1,-1,-1
146,1091,616.03,366.95,32.72,47.52,0.34,-1,-1,-1
146,1092,330.34,558.43,44.57,48.12,0.81,-1,-1,-1
146,1093,731.16,243.45,30.71,15.08,0.58,-1,-1,-1
146,1084,478.59,347.71,26.14,20.84,0.59,-1,-1,-1
146,1094,146.60,381.97,30.18,22.86,0.24,-1,-1,-1
147,996,540.52,677.76,58.42,76.98,0.59,-1,-1,-1
147,1010,648.69,230.15,37.11,18.46,0.42,-1,-1,-1
147,1013,823.32,250.88,37.14,18.60,0.49,-1,-1,-1
147,1042,626.47,507.32,20.47,29.83,0.60,-1,-1,-1
147,1044,617.85,537.17,18.32,36.16,0.57,-1,-1,-1
147,998,495.31,252.57,25.97,34.12,0.31,-1,-1,-1
147,1058,463.56,215.09,15.83,17.71,0.16,-1,-1,-1
147,1060,701.02,238.44,30.20,16.65,0.68,-1,-1,-1
147,1063,655.57,265.36,40.68,23.96,0.82,-1,-1,-1
147,1047,543.37,470.36,43.35,44.02,0.73,-1,-1,-1
147,1069,896.80,280.05,49.74,27.77,0.51,-1,-1,-1
147,1072,599.28,234.16,42.12,19.46,0.31,-1,-1,-1
147,1073,539.24,579.78,65.66,89.54,0.82,-1,-1,-1
147,1074,109.67,495.30,43.45,19.85,0.31,-1,-1,-1
147,1077,892.03,319.70,63.43,27.45,0.76,-1,-1,-1
147,1082,573.78,236.40,18.89,19.21,0.45,-1,-1,-1
147,1046,526.89,183.03,14.23,14.73,0.59,-1,-1,-1
147,1085,760.33,245.42,35.68,16.91,0.58,-1,-1,-1
147,1040,689.46,568.91,32.23,64.40,0.33,-1,-1,-1
147,1088,534.06,345.27,30.73,20.55,0.68,-1,-1,-1
147,1089,712.73,632.28,20.71,42.14,0.70,-1,-1,-1
147,1090,541.00,509.76,51.00,61.92,0.83,-1,-1,-1
147,1091,615.71,367.28,33.84,49.10,0.14,-1,-1,-1
147,1092,328.81,560.43,45.57,49.26,0.76,-1,-1,-1
147,1093,731.53,243.98,30.24,14.74,0.58,-1,-1,-1
147,1084,474.44,347.16,28.13,22.68,0.55,-1,-1,-1
147,1094,144.80,382.66,30.01,22.61,0.27,-1,-1,-1
148,996,542.11,681.26,57.13,74.49,0.58,-1,-1,-1
148,1010,648.34,230.18,37.78,18.94,0.56,-1,-1,-1
148,1013,823.32,251.04,37.81,18.99,0.45,-1,-1,-1
148,1042,626.67,507.28,20.15,29.45,0.58,-1,-1,-1
148,1044,617.28,536.84,18.17,35.80,0.55,-1,-1,-1
148,998,495.17,253.49,25.53,33.54,0.26,-1,-1,-1
148,1058,462.91,215.07,16.00,17.91,0.23,-1,-1,-1
148,1060,700.79,238.67,30.58,16.88,0.71,-1,-1,-1
148,1063,655.45,265.52,40.56,24.04,0.81,-1,-1,-1
148,1047,541.75,470.61,45.63,46.63,0.57,-1,-1,-1
148,1069,896.31,281.13,48.41,27.02,0.52,-1,-1,-1
148,1072,599.38,234.33,42.89,19.71,0.48,-1,-1,-1
148,1073,537.60,582.24,65.79,89.94,0.82,-1,-1,-1
148,1074,107.41,495.92,44.31,19.96,0.29,-1,-1,-1
148,1077,892.78,320.67,61.73,26.67,0.75,-1,-1,-1
148,1082,573.52,236.38,19.14,19.40,0.40,-1,-1,-1
148,1046,526.49,183.15,14.07,14.52,0.43,-1,-1,-1
148,1085,760.60,245.47,36.41,17.32,0.56,-1,-1,-1
148,1040,689.22,568.08,32.38,64.63,0.55,-1,-1,-1
148,1088,536.34,345.57,31.71,21.29,0.72,-1,-1,-1
148,1089,712.03,631.03,21.73,43.99,0.69,-1,-1,-1
148,1090,540.52,510.96,51.44,62.60,0.81,-1,-1,-1
148,1091,615.14,367.77,33.57,48.62,0.21,-1,-1,-1
148,1092,327.14,562.09,45.76,49.47,0.84,-1,-1,-1
148,1093,731.37,244.11,31.13,15.08,0.58,-1,-1,-1
148,1084,469.63,346.62,30.42,25.02,0.53,-1,-1,-1
149,996,543.69,687.29,53.81,68.71,0.64,-1,-1,-1
149,1010,648.31,230.50,37.67,19.04,0.61,-1,-1,-1
149,1013,824.21,251.27,37.42,18.85,0.54,-1,-1,-1
149,1042,627.00,508.17,19.53,28.46,0.56,-1,-1,-1
149,1044,616.50,536.57,18.49,36.46,0.55,-1,-1,-1
149,998,494.93,253.76,25.53,33.52,0.34,-1,-1,-1
149,1058,462.33,215.07,16.09,18.05,0.14,-1,-1,-1
149,1060,700.82,238.87,30.57,16.85,0.69,-1,-1,-1
149,1063,656.10,266.30,39.38,23.40,0.83,-1,-1,-1
149,1047,541.21,472.52,45.49,46.67,0.46,-1,-1,-1
149,1069,896.75,282.04,48.04,26.75,0.67,-1,-1,-1
149,1072,599.67,234.93,43.10,19.60,0.56,-1,-1,-1
149,1073,536.74,584.04,66.34,91.14,0.88,-1,-1,-1
149,1074,100.79,498.07,51.70,23.51,0.36,-1,-1,-1
149,1077,894.00,321.63,60.92,26.18,0.75,-1,-1,-1
149,1082,573.44,236.39,19.44,19.65,0.36,-1,-1,-1
149,1046,526.33,183.17,13.93,14.30,0.36,-1,-1,-1
149,1085,760.37,245.70,35.96,17.23,0.61,-1,-1,-1
149,1040,689.07,568.43,32.04,63.58,0.54,-1,-1,-1
149,1088,538.98,345.86,31.99,21.60,0.75,-1,-1,-1
149,1089,712.05,629.88,21.42,43.17,0.56,-1,-1,-1
149,1090,540.48,512.46,51.45,62.74,0.84,-1,-1,-1
149,1091,614.16,367.91,34.40,49.98,0.10,-1,-1,-1
149,1092,325.66,563.53,46.29,50.46,0.84,-1,-1,-1
149,1093,731.54,244.58,30.93,14.88,0.39,-1,-1,-1
149,1084,465.35,349.62,29.28,23.94,0.17,-1,-1,-1
150,996,544.46,691.89,51.41,64.11,0.54,-1,-1,-1
150,1010,648.35,230.99,36.59,18.53,0.50,-1,-1,-1
150,1013,824.70,251.70,37.17,18.80,0.56,-1,-1,-1
150,1042,627.43,508.06,19.68,28.62,0.49,-1,-1,-1
150,1044,615.36,536.53,19.47,38.63,0.53,-1,-1,-1
150,998,494.64,253.83,25.63,33.67,0.29,-1,-1,-1
150,1060,700.73,239.00,30.48,16.77,0.71,-1,-1,-1
150,1063,656.66,266.90,38.46,22.89,0.81,-1,-1,-1
150,1047,540.51,473.96,45.88,47.24,0.52,-1,-1,-1
150,1069,896.77,282.79,48.63,26.98,0.67,-1,-1,-1
150,1072,599.56,235.34,43.84,19.74,0.61,-1,-1,-1
150,1073,536.23,586.36,66.37,91.53,0.85,-1,-1,-1
150,1074,97.76,499.94,52.56,24.06,0.32,-1,-1,-1
150,1077,894.91,322.56,60.15,25.69,0.79,-1,-1,-1
150,1082,572.90,236.63,19.63,19.78,0.39,-1,-1,-1
150,1046,526.03,183.13,14.05,14.40,0.43,-1,-1,-1
150,1085,760.43,245.71,35.92,17.34,0.61,-1,-1,-1
150,1040,688.91,568.61,31.94,63.14,0.61,-1,-1,-1
150,1088,542.24,346.81,31.50,21.32,0.68,-1,-1,-1
150,1089,712.50,628.79,20.86,41.81,0.54,-1,-1,-1
150,1090,540.22,514.67,51.44,62.86,0.83,-1,-1,-1
150,1091,613.43,368.11,34.70,50.49,0.23,-1,-1,-1
150,1092,323.87,566.08,47.77,52.83,0.85,-1,-1,-1
150,1093,729.82,243.49,33.24,15.98,0.49,-1,-1,-1
150,1084,462.74,350.63,29.18,23.95,0.18,-1,-1,-1
151,996,541.08,693.18,51.79,62.82,0.69,-1,-1,-1
151,1010,648.30,231.30,36.38,18.46,0.53,-1,-1,-1
151,1013,824.59,252.15,37.42,19.02,0.58,-1,-1,-1
151,1042,627.13,505.18,21.47,31.64,0.55,-1,-1,-1
151,1044,614.73,536.22,18.74,36.97,0.54,-1,-1,-1
151,998,494.71,254.35,25.10,32.99,0.25,-1,-1,-1
151,1060,700.68,239.16,30.61,16.82,0.67,-1,-1,-1
151,1063,657.08,267.68,37.71,22.40,0.81,-1,-1,-1
151,1047,540.67,476.10,44.91,46.18,0.52,-1,-1,-1
151,1069,896.72,283.03,49.85,27.58,0.76,-1,-1,-1
151,1072,599.32,235.84,43.65,19.53,0.64,-1,-1,-1
151,1073,536.11,589.48,66.10,91.50,0.83,-1,-1,-1
151,1074,96.75,500.66,52.08,23.87,0.17,-1,-1,-1
151,1077,895.31,323.09,60.18,25.57,0.73,-1,-1,-1
151,1082,572.23,236.56,19.94,20.08,0.55,-1,-1,-1
151,1046,525.57,182.88,14.08,14.40,0.33,-1,-1,-1
151,1085,760.51,245.57,36.30,17.65,0.63,-1,-1,-1
151,1040,688.82,569.08,31.71,62.47,0.61,-1,-1,-1
151,1088,544.93,347.85,30.34,20.49,0.69,-1,-1,-1
151,1089,712.55,628.56,20.97,41.84,0.61,-1,-1,-1
151,1090,539.32,516.39,51.78,63.44,0.78,-1,-1,-1
151,1091,613.07,368.15,34.66,50.66,0.16,-1,-1,-1
151,1092,321.29,568.31,49.34,55.27,0.82,-1,-1,-1
151,1093,728.35,242.88,34.30,16.60,0.51,-1,-1,-1
151,1096,712.08,630.89,21.32,49.76,0.63,-1,-1,-1
152,996,539.60,694.27,52.29,61.73,0.58,-1,-1,-1
152,1010,648.07,231.55,36.94,18.86,0.54,-1,-1,-1
152,1013,824.03,252.83,37.03,18.75,0.66,-1,-1,-1
152,1042,627.27,504.65,21.92,32.77,0.57,-1,-1,-1
152,1044,614.32,535.94,18.64,36.65,0.57,-1,-1,-1
152,998,494.22,253.33,26.02,34.38,0.20,-1,-1,-1
152,1060,700.49,239.00,30.26,16.64,0.68,-1,-1,-1
152,1063,656.84,267.99,37.98,22.52,0.83,-1,-1,-1
152,1047,541.10,478.37,43.66,44.86,0.73,-1,-1,-1
152,1069,897.41,283.16,49.98,27.65,0.64,-1,-1,-1
152,1072,600.23,236.14,44.05,19.58,0.57,-1,-1,-1
152,1073,535.48,591.29,66.96,93.17,0.80,-1,-1,-1
152,1074,96.02,502.79,47.92,21.83,0.54,-1,-1,-1
152,1077,895.28,323.27,61.17,25.94,0.73,-1,-1,-1
152,1082,571.90,236.92,19.90,20.00,0.56,-1,-1,-1
152,1046,525.19,182.80,14.11,14.39,0.39,-1,-1,-1
152,1085,760.67,245.57,36.90,18.02,0.60,-1,-1,-1
152,1040,688.48,569.61,31.52,61.99,0.46,-1,-1,-1
152,1088,547.48,347.99,31.51,21.24,0.62,-1,-1,-1
152,1089,712.08,627.53,21.89,43.70,0.52,-1,-1,-1
152,1090,538.54,518.21,52.06,63.78,0.70,-1,-1,-1
152,1091,612.46,368.43,35.24,51.94,0.27,-1,-1,-1
152,1092,318.29,570.41,51.45,58.30,0.83,-1,-1,-1
152,1093,721.72,241.91,36.01,17.56,0.50,-1,-1,-1
152,1096,712.19,631.09,21.36,49.79,0.61,-1,-1,-1
152,1098,826.00,264.78,45.67,18.69,0.59,-1,-1,-1
153,996,539.14,693.78,53.36,62.22,0.55,-1,-1,-1
153,1010,648.19,231.87,36.62,18.75,0.54,-1,-1,-1
153,1013,823.77,253.02,37.61,19.05,0.72,-1,-1,-1
153,1042,627.68,503.77,22.55,34.03,0.63,-1,-1,-1
153,1044,613.05,535.93,19.66,38.81,0.56,-1,-1,-1
153,998,493.38,256.29,24.52,32.56,0.23,-1,-1,-1
153,1060,700.30,238.85,30.41,16.77,0.72,-1,-1,-1
153,1063,656.55,268.11,38.12,22.60,0.84,-1,-1,-1
153,1047,541.33,482.00,42.69,43.33,0.40,-1,-1,-1
153,1069,897.64,283.06,50.03,27.62,0.67,-1,-1,-1
153,1072,600.38,236.38,44.24,19.56,0.57,-1,-1,-1
153,1073,533.91,592.89,68.07,95.06,0.74,-1,-1,-1
153,1074,93.66,504.04,48.38,21.94,0.18,-1,-1,-1
153,1077,895.02,323.48,62.22,26.26,0.72,-1,-1,-1
153,1082,571.55,237.15,19.79,19.88,0.61,-1,-1,-1
153,1046,524.70,182.66,14.12,14.42,0.55,-1,-1,-1
153,1085,760.71,245.75,37.08,18.19,0.62,-1,-1,-1
153,1040,687.48,566.21,32.71,64.60,0.52,-1,-1,-1
153,1088,551.48,349.57,30.81,20.81,0.62,-1,-1,-1
153,1089,711.79,626.03,23.32,46.85,0.55,-1,-1,-1
153,1090,538.42,520.97,51.36,62.73,0.62,-1,-1,-1
153,1091,612.30,368.54,35.40,52.60,0.28,-1,-1,-1
153,1092,316.71,573.10,51.39,59.00,0.88,-1,-1,-1
153,1093,725.15,242.71,35.03,17.15,0.52,-1,-1,-1
153,1096,712.08,629.28,22.09,51.49,0.58,-1,-1,-1
153,1098,825.47,265.50,50.03,20.46,0.50,-1,-1,-1
153,1099,433.46,287.26,15.71,21.58,0.75,-1,-1,-1
154,996,539.36,696.94,52.35,59.06,0.52,-1,-1,-1
154,1010,648.37,232.67,36.03,18.47,0.50,-1,-1,-1
154,1013,824.07,253.27,37.84,19.15,0.70,-1,-1,-1
154,1042,628.86,503.69,22.92,34.71,0.52,-1,-1,-1
154,1044,612.72,535.80,19.01,37.52,0.55,-1,-1,-1
154,998,495.00,264.73,19.37,24.81,0.53,-1,-1,-1
154,1060,700.16,238.94,30.28,16.72,0.68,-1,-1,-1
154,1063,656.04,268.07,38.48,22.83,0.85,-1,-1,-1
154,1047,541.04,485.34,41.78,42.06,0.61,-1,-1,-1
154,1069,897.21,282.74,50.98,28.17,0.70,-1,-1,-1
154,1072,599.28,236.70,44.25,19.54,0.60,-1,-1,-1
154,1073,533.66,596.47,68.03,95.49,0.83,-1,-1,-1
154,1074,85.62,506.81,56.09,25.81,0.48,-1,-1,-1
154,1077,894.18,323.68,64.53,27.27,0.74,-1,-1,-1
154,1082,571.24,237.42,19.60,19.74,0.59,-1,-1,-1
154,1046,524.18,182.57,14.19,14.47,0.40,-1,-1,-1
154,1085,760.92,245.98,37.18,18.26,0.61,-1,-1,-1
154,1040,690.29,580.23,26.14,50.30,0.57,-1,-1,-1
154,1088,552.86,349.68,31.50,21.55,0.63,-1,-1,-1
154,1089,712.29,624.82,22.24,44.48,0.54,-1,-1,-1
154,1090,537.33,522.17,53.08,64.87,0.71,-1,-1,-1
154,1091,612.04,369.04,35.13,52.54,0.35,-1,-1,-1
154,1092,314.97,575.15,51.73,60.11,0.89,-1,-1,-1
154,1093,722.84,242.23,35.52,17.56,0.50,-1,-1,-1
154,1096,711.96,627.97,22.40,52.27,0.65,-1,-1,-1
154,1098,826.98,265.78,49.58,20.22,0.51,-1,-1,-1
154,1099,432.94,287.61,15.82,21.76,0.52,-1,-1,-1
154,1100,782.62,248.35,49.79,20.77,0.63,-1,-1,-1
155,996,538.79,700.42,50.69,55.47,0.52,-1,-1,-1
155,1010,647.95,232.68,36.63,18.83,0.53,-1,-1,-1
155,1013,824.77,253.40,37.66,19.08,0.71,-1,-1,-1
155,1042,630.14,505.84,22.17,33.54,0.48,-1,-1,-1
155,1044,612.14,536.12,19.10,37.84,0.57,-1,-1,-1
155,998,495.64,269.12,17.02,20.97,0.56,-1,-1,-1
155,1060,700.14,238.85,30.63,16.97,0.69,-1,-1,-1
155,1063,655.07,268.16,39.25,23.22,0.85,-1,-1,-1
155,1047,540.09,486.98,42.96,43.09,0.42,-1,-1,-1
155,1069,897.49,282.99,51.12,28.27,0.75,-1,-1,-1
155,1072,599.42,237.05,44.19,19.41,0.59,-1,-1,-1
155,1073,533.23,599.79,67.80,95.31,0.86,-1,-1,-1
155,1074,81.51,508.91,59.81,28.02,0.67,-1,-1,-1
155,1077,894.66,323.94,64.75,27.36,0.76,-1,-1,-1
155,1082,570.97,237.49,19.78,19.95,0.58,-1,-1,-1
155,1046,523.85,182.36,14.25,14.55,0.35,-1,-1,-1
155,1085,761.01,246.19,37.32,18.36,0.59,-1,-1,-1
155,1040,691.37,586.27,23.49,44.02,0.62,-1,-1,-1
155,1088,556.08,350.02,31.38,21.86,0.46,-1,-1,-1
155,1089,713.04,624.14,20.96,41.63,0.49,-1,-1,-1
155,1090,536.66,524.25,53.78,65.79,0.76,-1,-1,-1
155,1091,610.99,369.03,35.78,53.72,0.28,-1,-1,-1
155,1092,313.52,576.77,52.33,61.59,0.90,-1,-1,-1
155,1093,724.76,242.79,35.24,17.51,0.46,-1,-1,-1
155,1096,712.22,627.72,22.15,51.70,0.66,-1,-1,-1
155,1098,827.64,265.65,49.55,20.16,0.51,-1,-1,-1
155,1099,432.56,288.57,15.34,21.10,0.29,-1,-1,-1
155,1100,783.74,248.55,50.11,20.95,0.62,-1,-1,-1
155,1101,1234.72,271.73,29.54,29.69,0.57,-1,-1,-1
155,1102,694.26,268.71,27.50,25.86,0.50,-1,-1,-1
156,996,538.67,703.61,49.56,52.10,0.51,-1,-1,-1
156,1010,647.71,232.98,36.71,18.92,0.47,-1,-1,-1
156,1013,824.95,253.47,37.74,19.15,0.67,-1,-1,-1
156,1042,631.20,509.36,20.67,31.00,0.47,-1,-1,-1
156,1044,610.62,536.09,20.93,41.93,0.55,-1,-1,-1
156,998,495.03,270.11,17.26,20.62,0.53,-1,-1,-1
156,1060,700.16,239.13,30.82,17.10,0.70,-1,-1,-1
156,1063,654.51,268.24,39.84,23.51,0.87,-1,-1,-1
156,1047,538.48,485.79,45.36,45.82,0.63,-1,-1,-1
156,1069,897.39,283.37,51.15,28.33,0.78,-1,-1,-1
156,1072,598.63,236.99,44.65,19.62,0.61,-1,-1,-1
156,1073,531.94,601.54,69.16,97.30,0.81,-1,-1,-1
156,1074,80.79,511.22,57.13,26.90,0.58,-1,-1,-1
156,1077,895.54,324.40,64.89,27.42,0.75,-1,-1,-1
156,1082,570.84,237.58,19.93,20.10,0.61,-1,-1,-1
156,1046,523.64,182.31,14.17,14.47,0.40,-1,-1,-1
156,1085,761.22,246.29,37.78,18.63,0.59,-1,-1,-1
156,1040,691.67,588.70,22.69,41.45,0.55,-1,-1,-1
156,1088,561.15,352.29,29.27,20.51,0.38,-1,-1,-1
156,1089,713.33,623.65,20.68,40.78,0.49,-1,-1,-1
156,1090,535.98,526.02,54.21,66.24,0.78,-1,-1,-1
156,1091,610.82,369.51,35.35,53.15,0.39,-1,-1,-1
156,1092,311.33,578.41,53.50,63.86,0.91,-1,-1,-1
156,1093,727.73,244.05,34.78,17.36,0.53,-1,-1,-1
156,1096,712.52,627.80,21.66,50.52,0.71,-1,-1,-1
156,1098,826.41,265.88,54.29,22.09,0.44,-1,-1,-1
156,1099,432.11,289.96,15.01,20.60,0.30,-1,-1,-1
156,1100,787.68,248.97,49.53,20.83,0.60,-1,-1,-1
156,1101,1234.96,271.84,29.23,29.30,0.49,-1,-1,-1
156,1102,694.45,269.01,27.66,26.01,0.45,-1,-1,-1
157,996,539.08,707.91,46.54,46.68,0.61,-1,-1,-1
157,1010,647.51,233.76,36.23,18.69,0.44,-1,-1,-1
157,1013,825.06,253.61,37.98,19.34,0.57,-1,-1,-1
157,1042,632.61,511.86,20.60,30.16,0.63,-1,-1,-1
157,1044,610.09,536.76,20.82,41.90,0.59,-1,-1,-1
157,1060,700.02,239.73,31.84,17.70,0.70,-1,-1,-1
157,1063,654.27,268.54,40.08,23.57,0.88,-1,-1,-1
157,1047,538.18,489.14,45.85,46.29,0.16,-1,-1,-1
157,1069,897.59,283.79,52.46,29.10,0.76,-1,-1,-1
157,1072,598.31,237.11,44.91,19.65,0.59,-1,-1,-1
157,1073,532.01,605.08,69.12,97.80,0.80,-1,-1,-1
157,1074,78.76,513.32,55.85,26.44,0.38,-1,-1,-1
157,1077,895.72,324.89,65.75,27.81,0.75,-1,-1,-1
157,1082,570.68,237.83,20.18,20.23,0.58,-1,-1,-1
157,1046,523.27,182.03,14.38,14.70,0.20,-1,-1,-1
157,1085,761.26,246.51,38.77,19.15,0.59,-1,-1,-1
157,1040,692.04,590.25,22.25,39.68,0.55,-1,-1,-1
157,1088,560.31,355.98,32.80,24.03,0.52,-1,-1,-1
157,1089,713.42,623.45,20.41,40.04,0.56,-1,-1,-1
157,1090,535.55,528.99,53.10,64.80,0.73,-1,-1,-1
157,1091,610.46,370.30,35.23,52.90,0.45,-1,-1,-1
157,1092,310.65,581.93,52.55,63.62,0.91,-1,-1,-1
157,1093,728.61,244.79,35.03,17.58,0.47,-1,-1,-1
157,1096,712.81,628.87,21.10,49.13,0.69,-1,-1,-1
157,1098,826.50,265.73,52.18,21.22,0.50,-1,-1,-1
157,1099,431.72,291.70,14.41,19.73,0.45,-1,-1,-1
157,1100,792.08,250.60,47.36,20.01,0.60,-1,-1,-1
157,1101,1236.76,272.87,28.53,28.50,0.21,-1,-1,-1
157,1102,694.60,269.69,26.18,24.61,0.37,-1,-1,-1
158,996,540.44,711.42,43.49,41.27,0.73,-1,-1,-1
158,1010,646.46,234.53,35.55,18.51,0.38,-1,-1,-1
158,1013,825.18,253.82,37.49,19.09,0.52,-1,-1,-1
158,1042,633.14,513.74,21.31,30.55,0.54,-1,-1,-1
158,1044,609.77,537.41,20.24,40.85,0.58,-1,-1,-1
158,1060,700.40,240.18,31.16,17.27,0.66,-1,-1,-1
158,1063,652.49,268.62,41.12,23.95,0.87,-1,-1,-1
158,1047,538.31,493.08,44.17,44.32,0.32,-1,-1,-1
158,1069,897.92,284.44,52.19,28.93,0.73,-1,-1,-1
158,1072,597.94,237.33,44.84,19.65,0.60,-1,-1,-1
158,1073,529.79,607.91,70.38,99.72,0.84,-1,-1,-1
158,1074,75.81,515.27,56.27,26.93,0.42,-1,-1,-1
158,1077,896.41,325.51,66.13,28.15,0.76,-1,-1,-1
158,1082,570.57,238.39,20.03,19.95,0.62,-1,-1,-1
158,1046,522.91,182.24,13.95,14.23,0.28,-1,-1,-1
158,1085,761.71,247.07,38.72,19.11,0.58,-1,-1,-1
158,1040,687.47,572.13,32.00,57.94,0.55,-1,-1,-1
158,1088,566.67,354.55,29.55,21.61,0.55,-1,-1,-1
158,1089,712.92,623.15,21.17,41.51,0.56,-1,-1,-1
158,1090,534.68,531.67,53.87,65.97,0.72,-1,-1,-1
158,1091,610.84,371.07,33.19,49.14,0.50,-1,-1,-1
158,1092,309.64,585.88,51.33,62.82,0.92,-1,-1,-1
158,1093,729.92,245.97,33.91,16.98,0.41,-1,-1,-1
158,1096,712.81,627.94,21.07,49.04,0.66,-1,-1,-1
158,1098,827.35,266.33,49.15,19.93,0.55,-1,-1,-1
158,1099,430.86,291.81,14.81,20.31,0.22,-1,-1,-1
158,1100,792.38,251.22,46.84,19.94,0.57,-1,-1,-1
158,1102,694.35,270.17,25.68,24.10,0.30,-1,-1,-1
158,1104,121.80,295.69,55.06,23.60,0.64,-1,-1,-1
158,998,492.10,266.17,21.60,25.75,0.68,-1,-1,-1
159,996,539.62,716.80,41.74,36.53,0.70,-1,-1,-1
159,1010,646.49,234.51,36.24,18.98,0.44,-1,-1,-1
159,1013,825.46,254.34,36.80,18.67,0.53,-1,-1,-1
159,1042,633.68,506.87,20.11,29.05,0.62,-1,-1,-1
159,1044,609.18,537.81,19.57,39.77,0.56,-1,-1,-1
159,1060,699.78,240.45,32.38,17.97,0.72,-1,-1,-1
159,1063,652.21,269.37,41.66,24.12,0.84,-1,-1,-1
159,1047,537.40,494.27,45.03,45.18,0.56,-1,-1,-1
159,1069,898.36,285.47,51.18,28.35,0.66,-1,-1,-1
159,1072,597.78,238.00,45.13,19.73,0.55,-1,-1,-1
159,1073,528.49,610.56,71.33,101.24,0.82,-1,-1,-1
159,1074,74.23,517.26,54.00,25.98,0.37,-1,-1,-1
159,1077,896.42,326.08,66.80,28.57,0.79,-1,-1,-1
159,1082,570.50,239.11,19.79,19.59,0.61,-1,-1,-1
159,1046,522.52,182.11,13.93,14.22,0.32,-1,-1,-1
159,1085,762.60,247.63,38.92,19.09,0.59,-1,-1,-1
159,1040,686.58,567.39,34.08,62.49,0.48,-1,-1,-1
159,1088,569.91,354.37,29.75,21.63,0.45,-1,-1,-1
159,1089,713.15,622.74,21.11,41.30,0.56,-1,-1,-1
159,1090,533.96,533.99,54.67,67.05,0.82,-1,-1,-1
159,1091,609.39,372.10,35.33,52.20,0.55,-1,-1,-1
159,1092,308.37,589.25,50.66,62.68,0.88,-1,-1,-1
159,1093,729.97,246.74,33.73,16.87,0.47,-1,-1,-1
159,1096,713.16,627.84,20.80,48.23,0.65,-1,-1,-1
159,1098,827.50,266.60,49.31,19.95,0.58,-1,-1,-1
159,1099,430.14,292.02,15.15,20.80,0.21,-1,-1,-1
159,1100,793.94,252.56,44.86,19.16,0.58,-1,-1,-1
159,1102,694.70,270.66,25.38,23.75,0.25,-1,-1,-1
159,1104,118.30,297.07,53.95,23.14,0.67,-1,-1,-1
159,998,490.35,263.17,24.35,29.30,0.68,-1,-1,-1
160,996,541.50,722.33,40.10,32.74,0.67,-1,-1,-1
160,1010,646.31,234.71,36.34,19.11,0.50,-1,-1,-1
160,1013,825.73,254.81,36.79,18.62,0.50,-1,-1,-1
160,1042,633.80,507.24,20.87,30.07,0.32,-1,-1,-1
160,1044,608.82,537.59,18.55,37.68,0.48,-1,-1,-1
160,1060,699.65,240.88,32.58,18.06,0.72,-1,-1,-1
160,1063,651.18,269.66,42.53,24.45,0.82,-1,-1,-1
160,1047,537.42,497.71,44.18,43.76,0.34,-1,-1,-1
160,1069,898.46,285.92,51.23,28.39,0.67,-1,-1,-1
160,1072,597.61,238.25,45.56,19.91,0.57,-1,-1,-1
160,1073,528.42,613.87,71.56,101.65,0.84,-1,-1,-1
160,1074,71.36,520.13,53.57,25.80,0.42,-1,-1,-1
160,1077,897.17,327.04,66.44,28.49,0.72,-1,-1,-1
160,1082,570.18,239.65,19.72,19.37,0.61,-1,-1,-1
160,1046,522.08,181.92,14.12,14.40,0.34,-1,-1,-1
160,1085,763.02,248.24,39.45,19.24,0.62,-1,-1,-1
160,1040,685.96,565.15,34.84,64.30,0.33,-1,-1,-1
160,1088,571.86,354.34,30.60,22.21,0.50,-1,-1,-1
160,1089,714.16,622.76,19.96,38.78,0.55,-1,-1,-1
160,1090,533.21,536.85,55.01,67.46,0.76,-1,-1,-1
160,1091,608.39,372.60,36.31,53.45,0.61,-1,-1,-1
160,1092,306.76,592.14,50.17,62.76,0.86,-1,-1,-1
160,1093,729.48,247.04,34.07,17.09,0.48,-1,-1,-1
160,1096,713.52,627.60,20.52,47.60,0.62,-1,-1,-1
160,1098,827.85,266.55,47.11,18.99,0.52,-1,-1,-1
160,1099,429.49,292.28,15.40,21.18,0.22,-1,-1,-1
160,1100,793.27,252.65,45.22,19.47,0.64,-1,-1,-1
160,1102,694.29,271.16,25.54,23.83,0.31,-1,-1,-1
160,1104,112.34,297.60,52.69,22.63,0.62,-1,-1,-1
160,998,490.02,264.12,24.00,28.77,0.64,-1,-1,-1
161,996,542.99,727.55,37.15,28.04,0.69,-1,-1,-1
161,1010,646.29,235.92,33.91,17.85,0.52,-1,-1,-1
161,1013,826.07,255.34,36.61,18.45,0.49,-1,-1,-1
161,1042,634.31,508.84,21.05,30.23,0.43,-1,-1,-1
161,1044,608.50,537.81,17.87,36.10,0.45,-1,-1,-1
161,1060,699.39,241.19,32.85,18.19,0.72,-1,-1,-1
161,1063,650.58,269.94,43.17,24.67,0.83,-1,-1,-1
161,1047,538.61,504.34,40.95,39.77,0.70,-1,-1,-1
161,1069,899.87,287.49,50.86,28.08,0.71,-1,-1,-1
161,1072,597.22,238.49,46.00,20.10,0.65,-1,-1,-1
161,1073,528.04,617.98,70.92,100.90,0.83,-1,-1,-1
161,1074,68.61,522.76,52.82,25.42,0.42,-1,-1,-1
161,1077,898.92,328.44,65.32,28.01,0.70,-1,-1,-1
161,1082,569.80,239.89,20.05,19.59,0.58,-1,-1,-1
161,1046,521.58,182.25,13.85,14.09,0.33,-1,-1,-1
161,1085,762.65,248.85,39.00,19.02,0.64,-1,-1,-1
161,1040,685.89,564.73,34.90,64.83,0.15,-1,-1,-1
161,1088,573.51,354.46,30.63,21.90,0.54,-1,-1,-1
161,1089,714.00,622.47,20.48,39.80,0.56,-1,-1,-1
161,1090,532.23,539.99,55.16,67.57,0.80,-1,-1,-1
161,1091,608.27,374.26,36.15,52.93,0.45,-1,-1,-1
161,1092,303.97,594.89,51.52,65.40,0.85,-1,-1,-1
161,1093,728.88,247.38,33.56,16.92,0.41,-1,-1,-1
161,1096,713.54,627.41,20.31,47.20,0.51,-1,-1,-1
161,1098,829.03,267.95,45.87,18.36,0.52,-1,-1,-1
161,1099,429.08,293.42,15.01,20.61,0.24,-1,-1,-1
161,1100,793.63,252.87,44.95,19.55,0.66,-1,-1,-1
161,1102,696.84,279.17,21.51,19.55,0.56,-1,-1,-1
161,1104,113.67,300.53,44.77,19.28,0.12,-1,-1,-1
161,998,488.80,261.57,26.19,31.72,0.58,-1,-1,-1
161,1105,56.67,575.76,35.68,19.81,0.69,-1,-1,-1
162,996,543.03,731.16,34.27,23.72,0.62,-1,-1,-1
162,1010,646.40,236.90,32.78,17.21,0.54,-1,-1,-1
162,1013,826.02,256.03,37.09,18.68,0.49,-1,-1,-1
162,1042,634.32,509.69,22.26,32.13,0.62,-1,-1,-1
162,1044,607.95,538.12,17.65,35.35,0.47,-1,-1,-1
162,1060,699.63,241.92,32.34,17.89,0.65,-1,-1,-1
162,1063,650.97,270.70,43.14,24.58,0.82,-1,-1,-1
162,1047,535.87,502.96,45.13,43.83,0.72,-1,-1,-1
162,1069,900.75,288.12,51.10,28.12,0.70,-1,-1,-1
162,1072,597.00,238.92,45.79,20.00,0.66,-1,-1,-1
162,1073,526.57,621.56,72.07,102.50,0.84,-1,-1,-1
162,1074,63.33,525.11,55.78,27.01,0.66,-1,-1,-1
162,1077,900.80,329.87,64.01,27.43,0.71,-1,-1,-1
162,1082,569.39,240.44,20.06,19.51,0.52,-1,-1,-1
162,1046,520.99,182.28,13.61,13.81,0.35,-1,-1,-1
162,1085,761.95,249.23,39.18,19.21,0.62,-1,-1,-1
162,1040,685.93,564.42,34.82,65.05,0.13,-1,-1,-1
162,1088,577.37,355.87,29.56,21.00,0.67,-1,-1,-1
162,1089,714.01,622.08,21.14,41.25,0.58,-1,-1,-1
162,1090,531.11,542.09,55.91,68.64,0.80,-1,-1,-1
162,1091,607.64,375.32,36.60,53.41,0.34,-1,-1,-1
162,1092,302.20,598.28,50.73,65.06,0.86,-1,-1,-1
162,1093,728.01,247.22,33.91,17.23,0.48,-1,-1,-1
162,1096,713.79,627.22,20.33,47.52,0.44,-1,-1,-1
162,1098,829.27,269.15,45.85,18.26,0.59,-1,-1,-1
162,1099,428.93,294.65,14.53,19.95,0.24,-1,-1,-1
162,1100,793.65,252.94,45.07,19.82,0.62,-1,-1,-1
162,1102,697.46,282.00,20.94,18.61,0.56,-1,-1,-1
162,1104,112.84,302.62,45.03,19.72,0.14,-1,-1,-1
162,998,488.64,262.12,25.95,31.49,0.65,-1,-1,-1
162,1105,52.37,575.46,40.71,22.62,0.28,-1,-1,-1
162,1106,619.16,256.02,52.25,23.49,0.55,-1,-1,-1
163,1010,646.73,236.80,34.26,17.87,0.54,-1,-1,-1
163,1013,826.54,256.86,36.62,18.42,0.49,-1,-1,-1
163,1042,635.32,512.33,21.82,31.51,0.29,-1,-1,-1
163,1044,607.13,538.84,19.11,38.69,0.52,-1,-1,-1
163,1060,699.89,242.53,32.03,17.67,0.60,-1,-1,-1
163,1063,650.65,270.88,44.21,25.23,0.82,-1,-1,-1
163,1047,535.51,506.36,44.93,43.31,0.19,-1,-1,-1
163,1069,900.96,289.17,49.62,27.29,0.67,-1,-1,-1
163,1072,597.06,239.64,45.69,19.94,0.62,-1,-1,-1
163,1073,525.92,624.39,72.49,103.10,0.82,-1,-1,-1
163,1074,60.70,528.13,56.75,27.57,0.43,-1,-1,-1
163,1077,902.27,330.87,63.13,26.98,0.69,-1,-1,-1
163,1082,569.03,240.53,20.70,20.03,0.58,-1,-1,-1
163,1046,520.63,182.63,13.34,13.39,0.30,-1,-1,-1
163,1085,760.27,249.94,37.50,18.75,0.63,-1,-1,-1
163,1040,685.63,564.61,34.81,65.13,0.31,-1,-1,-1
163,1088,579.34,355.83,30.48,22.18,0.50,-1,-1,-1
163,1089,714.20,622.16,21.43,41.98,0.57,-1,-1,-1
163,1090,530.68,545.22,56.03,68.98,0.81,-1,-1,-1
163,1091,606.56,375.97,37.49,54.66,0.26,-1,-1,-1
163,1092,300.41,602.38,49.94,64.59,0.86,-1,-1,-1
163,1093,727.35,247.09,33.79,17.33,0.42,-1,-1,-1
163,1096,714.67,627.75,19.76,46.43,0.32,-1,-1,-1
163,1098,829.24,269.66,45.88,18.23,0.65,-1,-1,-1
163,1099,427.82,294.89,14.73,20.16,0.38,-1,-1,-1
163,1100,793.20,253.39,44.25,19.68,0.59,-1,-1,-1
163,1102,697.93,284.37,20.13,17.30,0.53,-1,-1,-1
163,998,489.18,266.06,23.46,28.01,0.60,-1,-1,-1
163,1105,48.64,578.45,41.98,23.35,0.23,-1,-1,-1
163,1106,620.05,256.68,51.73,23.24,0.46,-1,-1,-1
163,1107,651.80,565.94,25.73,36.94,0.72,-1,-1,-1
163,1108,937.40,345.86,62.43,25.10,0.66,-1,-1,-1
164,1010,646.56,237.29,34.33,17.81,0.54,-1,-1,-1
164,1013,826.49,257.24,36.75,18.44,0.54,-1,-1,-1
164,1042,635.20,514.86,22.33,32.28,0.62,-1,-1,-1
164,1044,606.58,539.85,19.53,39.98,0.49,-1,-1,-1
164,1060,699.77,242.99,32.13,17.65,0.63,-1,-1,-1
164,1063,651.50,271.67,44.02,25.20,0.82,-1,-1,-1
164,1047,537.24,513.82,41.16,38.82,0.53,-1,-1,-1
164,1069,902.10,289.99,49.48,27.14,0.66,-1,-1,-1
164,1072,597.33,240.39,44.93,19.53,0.64,-1,-1,-1
164,1073,524.73,627.81,74.38,106.16,0.83,-1,-1,-1
164,1077,903.68,331.40,63.45,27.22,0.77,-1,-1,-1
164,1082,568.64,241.03,20.72,20.00,0.49,-1,-1,-1
164,1046,520.21,182.59,13.46,13.43,0.26,-1,-1,-1
164,1085,759.75,250.44,36.14,18.43,0.59,-1,-1,-1
164,1040,685.43,564.74,34.69,65.21,0.47,-1,-1,-1
164,1088,582.18,357.20,30.43,22.53,0.42,-1,-1,-1
164,1089,714.49,622.15,21.35,41.94,0.58,-1,-1,-1
164,1090,529.95,548.02,56.02,69.19,0.77,-1,-1,-1
164,1091,605.99,376.90,37.26,53.90,0.30,-1,-1,-1
164,1092,297.58,605.24,51.12,66.80,0.90,-1,-1,-1
164,1093,726.26,247.10,33.43,17.42,0.35,-1,-1,-1
164,1096,715.21,628.27,19.34,45.62,0.47,-1,-1,-1
164,1098,828.59,269.88,46.94,18.72,0.60,-1,-1,-1
164,1099,426.78,294.66,15.31,20.93,0.21,-1,-1,-1
164,1100,793.53,254.15,43.00,19.34,0.54,-1,-1,-1
164,1102,697.90,285.62,19.82,16.50,0.53,-1,-1,-1
164,998,489.69,270.76,20.61,23.97,0.61,-1,-1,-1
164,1105,45.50,582.30,40.98,22.76,0.49,-1,-1,-1
164,1106,620.59,256.80,51.88,23.29,0.51,-1,-1,-1
164,1107,650.73,566.73,27.05,38.92,0.69,-1,-1,-1
164,1108,936.87,346.07,63.77,25.63,0.63,-1,-1,-1
164,1109,568.96,359.73,11.44,24.16,0.54,-1,-1,-1
165,1010,646.37,237.36,35.27,18.19,0.59,-1,-1,-1
165,1013,826.79,257.40,37.08,18.56,0.41,-1,-1,-1
165,1042,636.27,517.57,21.11,30.40,0.35,-1,-1,-1
165,1044,606.30,540.26,18.66,38.09,0.50,-1,-1,-1
165,1060,699.65,243.65,31.99,17.56,0.69,-1,-1,-1
165,1063,652.38,272.87,42.86,24.58,0.83,-1,-1,-1
165,1047,538.83,522.75,36.11,32.65,0.54,-1,-1,-1
165,1069,903.31,290.83,49.63,27.05,0.74,-1,-1,-1
165,1072,596.47,240.54,46.19,20.13,0.56,-1,-1,-1
165,1073,524.31,633.28,74.57,106.92,0.84,-1,-1,-1
165,1077,903.49,332.57,63.79,27.37,0.76,-1,-1,-1
165,1082,567.97,241.23,21.32,20.54,0.36,-1,-1,-1
165,1046,519.90,182.58,13.46,13.39,0.28,-1,-1,-1
165,1085,759.50,251.02,35.02,18.26,0.65,-1,-1,-1
165,1040,685.19,565.02,34.70,65.72,0.35,-1,-1,-1
165,1088,588.87,360.25,28.46,20.74,0.49,-1,-1,-1
165,1089,714.74,622.15,21.13,41.64,0.56,-1,-1,-1
165,1090,529.38,551.62,56.10,69.41,0.72,-1,-1,-1
165,1091,605.09,377.24,38.15,54.85,0.39,-1,-1,-1
165,1092,296.10,608.96,50.87,66.95,0.92,-1,-1,-1
165,1093,728.34,247.54,33.74,17.52,0.47,-1,-1,-1
165,1096,715.49,628.75,19.03,45.09,0.44,-1,-1,-1
165,1098,828.08,270.46,46.74,18.61,0.64,-1,-1,-1
165,1099,426.12,294.72,15.78,21.58,0.15,-1,-1,-1
165,1100,795.38,255.23,41.37,18.65,0.61,-1,-1,-1
165,1102,697.79,286.22,20.46,16.62,0.54,-1,-1,-1
165,998,489.87,273.65,19.28,21.80,0.56,-1,-1,-1
165,1105,39.05,581.07,48.11,26.89,0.30,-1,-1,-1
165,1106,619.97,257.76,51.67,23.16,0.53,-1,-1,-1
165,1107,648.90,565.65,29.96,43.37,0.72,-1,-1,-1
165,1108,937.01,347.09,63.27,25.38,0.43,-1,-1,-1
165,1109,568.41,360.36,11.67,24.68,0.52,-1,-1,-1
166,1010,645.68,237.30,36.47,18.74,0.62,-1,-1,-1
166,1013,826.73,257.72,38.24,19.16,0.43,-1,-1,-1
166,1042,637.51,520.92,19.10,27.15,0.70,-1,-1,-1
166,1044,605.47,545.13,18.81,38.26,0.56,-1,-1,-1
166,1060,699.44,244.26,31.68,17.42,0.63,-1,-1,-1
166,1063,652.90,273.97,41.95,24.05,0.81,-1,-1,-1
166,1047,536.03,521.03,40.30,35.96,0.54,-1,-1,-1
166,1069,905.65,291.02,52.34,28.09,0.59,-1,-1,-1
166,1072,594.68,240.16,47.64,20.74,0.60,-1,-1,-1
166,1073,523.62,637.10,74.47,107.06,0.85,-1,-1,-1
166,1077,904.79,334.11,61.97,26.52,0.75,-1,-1,-1
166,1082,567.53,241.31,22.16,21.36,0.42,-1,-1,-1
166,1046,519.56,182.57,13.70,13.65,0.24,-1,-1,-1
166,1085,760.44,251.66,34.89,18.38,0.66,-1,-1,-1
166,1040,685.24,566.11,34.32,65.44,0.43,-1,-1,-1
166,1088,592.70,361.81,27.48,19.92,0.46,-1,-1,-1
166,1089,714.87,622.33,21.34,42.18,0.55,-1,-1,-1
166,1090,528.52,555.08,56.29,69.73,0.63,-1,-1,-1
166,1091,603.56,377.32,39.46,56.75,0.35,-1,-1,-1
166,1092,293.88,612.04,51.16,67.84,0.95,-1,-1,-1
166,1093,727.86,247.23,35.56,18.51,0.41,-1,-1,-1
166,1096,715.66,627.75,19.33,45.94,0.43,-1,-1,-1
166,1098,828.50,270.91,46.85,18.68,0.61,-1,-1,-1
166,1099,424.94,294.32,16.42,22.61,0.14,-1,-1,-1
166,1100,795.72,255.52,41.81,18.92,0.63,-1,-1,-1
166,1102,697.13,286.62,21.40,17.07,0.58,-1,-1,-1
166,998,488.78,273.90,20.08,22.44,0.43,-1,-1,-1
166,1105,36.36,586.36,46.37,25.84,0.44,-1,-1,-1
166,1106,617.53,258.02,54.42,24.36,0.57,-1,-1,-1
166,1107,647.83,570.74,28.23,40.66,0.61,-1,-1,-1
166,1108,935.81,348.77,63.45,25.54,0.59,-1,-1,-1
166,1109,567.95,361.59,11.83,25.04,0.43,-1,-1,-1
167,1010,645.31,237.67,36.36,18.61,0.60,-1,-1,-1
167,1013,827.24,259.06,38.54,19.28,0.56,-1,-1,-1
167,1042,637.46,522.44,19.35,27.27,0.62,-1,-1,-1
167,1044,604.92,546.03,19.35,39.43,0.54,-1,-1,-1
167,1060,699.91,245.01,31.10,17.08,0.68,-1,-1,-1
167,1063,653.65,275.05,41.02,23.52,0.81,-1,-1,-1
167,1047,533.99,522.01,43.08,38.26,0.54,-1,-1,-1
167,1069,906.08,290.77,54.96,29.23,0.67,-1,-1,-1
167,1072,593.78,240.12,48.53,21.13,0.62,-1,-1,-1
167,1073,522.08,641.20,75.59,109.06,0.86,-1,-1,-1
167,1077,905.80,334.96,61.95,26.53,0.76,-1,-1,-1
167,1082,566.91,241.61,22.53,21.79,0.56,-1,-1,-1
167,1046,519.30,182.42,13.96,13.91,0.22,-1,-1,-1
167,1085,762.65,252.90,34.09,17.91,0.68,-1,-1,-1
167,1040,685.32,567.04,34.12,65.40,0.47,-1,-1,-1
167,1088,595.42,362.85,27.72,19.94,0.44,-1,-1,-1
167,1089,715.35,622.36,21.43,42.55,0.56,-1,-1,-1
167,1090,527.53,558.20,56.36,69.94,0.74,-1,-1,-1
167,1091,602.42,378.01,40.00,57.34,0.42,-1,-1,-1
167,1092,292.08,616.88,50.16,66.75,0.93,-1,-1,-1
167,1093,725.03,247.34,35.68,18.79,0.32,-1,-1,-1
167,1096,716.34,628.42,19.01,45.24,0.45,-1,-1,-1
167,1098,829.30,271.79,46.90,18.71,0.64,-1,-1,-1
167,1099,424.49,294.85,15.90,22.12,0.15,-1,-1,-1
167,1100,795.61,255.57,42.53,19.37,0.68,-1,-1,-1
167,1102,695.30,285.45,24.01,19.10,0.66,-1,-1,-1
167,998,487.23,272.98,21.71,24.20,0.38,-1,-1,-1
167,1105,31.89,590.04,47.12,26.39,0.27,-1,-1,-1
167,1106,617.11,259.97,53.58,23.90,0.59,-1,-1,-1
167,1107,648.45,577.00,26.36,37.75,0.60,-1,-1,-1
167,1108,933.78,349.07,66.37,26.69,0.55,-1,-1,-1
167,1109,567.41,362.78,11.83,25.05,0.47,-1,-1,-1
167,1110,639.61,269.68,48.49,22.65,0.60,-1,-1,-1
167,1111,641.85,338.54,64.24,29.45,0.72,-1,-1,-1
168,1010,644.71,237.45,38.05,19.40,0.65,-1,-1,-1
168,1013,827.91,259.97,38.69,19.35,0.58,-1,-1,-1
168,1042,638.65,526.79,17.47,23.86,0.71,-1,-1,-1
168,1044,604.68,547.55,19.16,39.12,0.50,-1,-1,-1
168,1060,699.76,245.18,31.78,17.48,0.68,-1,-1,-1
168,1063,653.07,275.46,41.93,24.09,0.80,-1,-1,-1
168,1047,534.17,528.16,41.68,36.24,0.49,-1,-1,-1
168,1069,905.67,290.89,56.55,29.96,0.67,-1,-1,-1
168,1072,595.60,241.26,46.73,20.38,0.53,-1,-1,-1
168,1073,521.14,645.20,75.31,108.61,0.84,-1,-1,-1
168,1077,907.02,335.53,62.39,26.65,0.76,-1,-1,-1
168,1082,566.74,242.39,22.45,21.80,0.41,-1,-1,-1
168,1046,519.06,182.53,14.03,14.02,0.35,-1,-1,-1
168,1085,763.77,253.82,33.69,17.61,0.66,-1,-1,-1
168,1040,685.30,567.89,33.90,65.33,0.48,-1,-1,-1
168,1088,597.52,364.14,29.46,21.40,0.23,-1,-1,-1
168,1089,715.93,622.18,21.31,42.43,0.58,-1,-1,-1
168,1090,526.98,561.33,56.92,70.90,0.77,-1,-1,-1
168,1091,601.14,378.58,41.09,58.83,0.29,-1,-1,-1
168,1092,289.52,620.44,51.17,68.71,0.86,-1,-1,-1
168,1093,725.31,248.07,35.61,18.76,0.44,-1,-1,-1
168,1096,716.45,627.60,19.40,46.33,0.45,-1,-1,-1
168,1098,829.62,272.03,48.17,19.23,0.61,-1,-1,-1
168,1099,423.74,295.48,15.78,22.09,0.10,-1,-1,-1
168,1100,795.49,256.03,42.37,19.43,0.71,-1,-1,-1
168,1102,691.11,280.12,30.61,24.81,0.65,-1,-1,-1
168,998,485.98,272.30,23.20,25.93,0.38,-1,-1,-1
168,1105,30.76,595.42,43.56,24.17,0.50,-1,-1,-1
168,1106,616.51,260.53,54.16,24.04,0.62,-1,-1,-1
168,1107,649.06,583.15,24.61,34.86,0.52,-1,-1,-1
168,1108,933.53,350.89,68.09,27.41,0.61,-1,-1,-1
168,1109,566.63,363.25,12.71,26.92,0.44,-1,-1,-1
168,1110,637.83,271.10,48.18,22.58,0.59,-1,-1,-1
168,1111,639.08,339.30,65.06,29.80,0.75,-1,-1,-1
169,1010,643.97,237.47,39.01,19.88,0.64,-1,-1,-1
169,1013,827.94,260.71,38.87,19.44,0.64,-1,-1,-1
169,1042,639.25,529.16,17.20,22.70,0.72,-1,-1,-1
169,1044,604.35,550.27,18.74,37.96,0.54,-1,-1,-1
169,1060,699.38,245.58,31.84,17.56,0.69,-1,-1,-1
169,1063,651.99,275.80,42.42,24.33,0.85,-1,-1,-1
169,1047,532.35,530.53,43.34,37.18,0.31,-1,-1,-1
169,1069,905.14,291.36,57.75,30.60,0.62,-1,-1,-1
169,1072,594.42,240.76,49.11,21.67,0.65,-1,-1,-1
169,1073,521.88,649.87,73.05,105.35,0.80,-1,-1,-1
169,1077,906.62,336.38,63.87,27.39,0.83,-1,-1,-1
169,1082,566.44,243.56,21.50,20.96,0.64,-1,-1,-1
169,1046,518.84,182.55,13.95,13.97,0.22,-1,-1,-1
169,1085,763.60,253.89,34.82,18.17,0.69,-1,-1,-1
169,1040,685.20,568.98,33.44,64.78,0.37,-1,-1,-1
169,1088,599.22,365.39,29.97,22.18,0.25,-1,-1,-1
169,1089,716.76,622.47,20.35,40.32,0.52,-1,-1,-1
169,1090,525.76,564.40,57.37,71.57,0.85,-1,-1,-1
169,1091,602.72,380.48,40.68,58.53,0.55,-1,-1,-1
169,1092,286.71,624.44,51.35,69.70,0.89,-1,-1,-1
169,1093,725.14,249.32,34.31,18.05,0.39,-1,-1,-1
169,1096,717.32,630.14,18.61,44.30,0.45,-1,-1,-1
169,1098,829.82,272.69,48.46,19.35,0.66,-1,-1,-1
169,1099,422.95,298.56,15.01,20.91,0.20,-1,-1,-1
169,1100,795.80,256.56,42.17,19.47,0.68,-1,-1,-1
169,1102,690.39,278.58,32.25,26.57,0.68,-1,-1,-1
169,998,486.26,275.57,21.23,23.29,0.40,-1,-1,-1
169,1105,26.43,597.92,45.13,24.85,0.37,-1,-1,-1
169,1106,615.89,260.50,55.63,24.66,0.66,-1,-1,-1
169,1107,648.64,588.24,24.06,33.58,0.35,-1,-1,-1
169,1108,931.22,351.75,69.40,27.91,0.73,-1,-1,-1
169,1109,565.75,363.69,13.20,28.01,0.42,-1,-1,-1
169,1110,637.73,272.46,46.49,21.90,0.62,-1,-1,-1
169,1111,633.99,340.77,63.74,29.19,0.79,-1,-1,-1
170,1010,643.83,238.02,38.73,19.67,0.65,-1,-1,-1
170,1013,828.28,261.50,38.92,19.46,0.59,-1,-1,-1
170,1042,639.25,530.76,16.86,21.32,0.43,-1,-1,-1
170,1044,603.72,551.48,18.72,37.78,0.52,-1,-1,-1
170,1060,699.35,246.31,31.44,17.38,0.71,-1,-1,-1
170,1063,650.66,276.09,43.20,24.62,0.86,-1,-1,-1
170,1047,533.92,538.40,39.00,32.43,0.66,-1,-1,-1
170,1069,904.58,291.82,57.75,30.76,0.61,-1,-1,-1
170,1072,594.87,241.70,48.71,21.63,0.59,-1,-1,-1
170,1073,522.17,654.07,70.81,101.18,0.78,-1,-1,-1
170,1077,907.92,337.97,61.56,26.24,0.78,-1,-1,-1
170,1082,566.26,244.36,21.05,20.56,0.62,-1,-1,-1
170,1046,518.62,182.82,13.77,13.79,0.39,-1,-1,-1
170,1085,763.07,254.28,34.30,18.02,0.70,-1,-1,-1
170,1040,685.13,570.21,32.88,64.16,0.71,-1,-1,-1
170,1088,601.23,366.55,28.96,21.89,0.27,-1,-1,-1
170,1089,718.16,622.89,18.53,36.11,0.49,-1,-1,-1
170,1090,524.82,568.34,57.85,72.33,0.87,-1,-1,-1
170,1091,601.93,380.92,41.04,58.98,0.65,-1,-1,-1
170,1092,284.43,628.21,51.28,70.09,0.92,-1,-1,-1
170,1093,726.27,250.43,32.80,17.39,0.31,-1,-1,-1
170,1096,718.05,631.17,18.32,43.40,0.52,-1,-1,-1
170,1098,830.37,273.53,48.92,19.48,0.62,-1,-1,-1
170,1099,421.82,299.89,15.12,21.09,0.16,-1,-1,-1
170,1100,796.27,257.40,42.42,19.69,0.68,-1,-1,-1
170,1102,692.37,283.24,28.11,23.11,0.65,-1,-1,-1
170,998,484.70,273.89,23.28,25.66,0.58,-1,-1,-1
170,1105,21.24,602.93,43.60,23.81,0.57,-1,-1,-1
170,1106,615.71,260.88,55.79,24.82,0.55,-1,-1,-1
170,1107,648.67,588.20,26.30,36.92,0.49,-1,-1,-1
170,1108,928.97,353.20,67.28,26.91,0.73,-1,-1,-1
170,1109,565.78,365.86,12.86,27.40,0.45,-1,-1,-1
170,1110,636.81,272.29,45.17,21.41,0.48,-1,-1,-1
170,1111,630.79,341.98,63.91,29.20,0.78,-1,-1,-1
171,1010,644.35,239.21,37.41,18.87,0.61,-1,-1,-1
171,1013,828.37,261.85,38.88,19.41,0.59,-1,-1,-1
171,1044,603.58,553.65,18.23,36.35,0.43,-1,-1,-1
171,1060,699.46,246.88,31.06,17.21,0.73,-1,-1,-1
171,1063,650.38,276.64,43.61,24.77,0.87,-1,-1,-1
171,1047,533.75,542.87,37.74,30.41,0.65,-1,-1,-1
171,1069,904.03,292.27,58.29,31.36,0.64,-1,-1,-1
171,1072,595.59,242.47,47.37,21.10,0.47,-1,-1,-1
171,1073,523.26,658.30,67.61,95.56,0.79,-1,-1,-1
171,1077,909.16,338.85,59.90,25.24,0.68,-1,-1,-1
171,1082,566.11,245.16,20.44,19.98,0.69,-1,-1,-1
171,1046,518.19,182.86,13.65,13.71,0.51,-1,-1,-1
171,1085,762.52,254.64,33.82,17.94,0.72,-1,-1,-1
171,1040,685.49,573.89,31.61,61.96,0.18,-1,-1,-1
171,1088,606.72,368.64,28.89,21.77,0.27,-1,-1,-1
171,1089,718.56,623.05,18.01,34.52,0.51,-1,-1,-1
171,1090,524.49,572.00,57.16,71.35,0.84,-1,-1,-1
171,1091,601.10,381.40,41.56,59.50,0.66,-1,-1,-1
171,1092,281.62,632.38,51.08,70.23,0.89,-1,-1,-1
171,1093,726.28,251.35,31.46,16.83,0.33,-1,-1,-1
171,1096,718.36,631.70,18.10,42.86,0.48,-1,-1,-1
171,1098,830.34,273.87,49.42,19.64,0.65,-1,-1,-1
171,1099,421.03,300.72,15.30,21.50,0.28,-1,-1,-1
171,1100,796.33,257.41,43.22,20.28,0.69,-1,-1,-1
171,1102,693.71,286.20,25.83,21.09,0.64,-1,-1,-1
171,998,484.56,275.05,22.84,25.14,0.66,-1,-1,-1
171,1105,13.84,606.41,44.66,24.22,0.63,-1,-1,-1
171,1106,615.39,261.66,53.45,23.80,0.49,-1,-1,-1
171,1107,649.54,592.70,25.04,34.89,0.67,-1,-1,-1
171,1108,926.37,354.13,67.26,26.71,0.66,-1,-1,-1
171,1109,565.65,367.41,12.57,26.91,0.46,-1,-1,-1
171,1110,636.12,272.38,45.51,21.73,0.46,-1,-1,-1
171,1111,627.83,343.53,62.86,28.69,0.78,-1,-1,-1
172,1010,643.45,239.46,38.01,19.17,0.62,-1,-1,-1
172,1013,828.24,262.06,39.16,19.50,0.52,-1,-1,-1
172,1044,604.40,551.59,15.65,30.20,0.50,-1,-1,-1
172,1060,699.72,247.48,31.05,17.19,0.71,-1,-1,-1
172,1063,650.61,277.46,43.63,24.75,0.86,-1,-1,-1
172,1047,531.83,546.38,39.57,31.21,0.49,-1,-1,-1
172,1069,903.89,293.35,57.26,31.08,0.58,-1,-1,-1
172,1072,595.86,243.21,45.93,20.52,0.49,-1,-1,-1
172,1073,524.16,662.44,64.93,90.44,0.78,-1,-1,-1
172,1077,910.19,339.42,60.13,25.19,0.75,-1,-1,-1
172,1082,565.86,245.55,20.49,20.09,0.59,-1,-1,-1
172,1046,517.50,182.05,14.33,14.51,0.53,-1,-1,-1
172,1085,763.78,254.98,34.11,18.04,0.74,-1,-1,-1
172,1040,685.63,578.03,30.60,60.12,0.40,-1,-1,-1
172,1088,609.50,370.51,29.36,21.73,0.34,-1,-1,-1
172,1089,718.63,623.41,19.16,36.55,0.50,-1,-1,-1
172,1090,523.18,575.71,58.08,72.62,0.85,-1,-1,-1
172,1091,600.81,383.00,41.88,59.82,0.61,-1,-1,-1
172,1092,278.34,637.04,51.88,71.75,0.92,-1,-1,-1
172,1093,728.39,252.49,30.16,16.11,0.31,-1,-1,-1
172,1096,718.71,630.64,18.72,44.27,0.52,-1,-1,-1
172,1098,830.40,274.55,49.16,19.49,0.69,-1,-1,-1
172,1099,420.47,301.92,15.01,21.11,0.14,-1,-1,-1
172,1100,797.69,258.03,43.17,20.29,0.70,-1,-1,-1
172,1102,694.13,287.72,25.18,20.45,0.64,-1,-1,-1
172,998,484.53,277.23,21.58,23.52,0.67,-1,-1,-1
172,1105,13.33,613.50,40.17,21.55,0.41,-1,-1,-1
172,1106,619.80,263.51,50.97,22.70,0.40,-1,-1,-1
172,1107,648.64,593.68,26.49,36.97,0.63,-1,-1,-1
172,1108,927.55,354.88,66.05,26.37,0.74,-1,-1,-1
172,1109,565.02,368.74,12.13,25.98,0.44,-1,-1,-1
172,1110,636.87,274.09,46.38,22.34,0.48,-1,-1,-1
172,1111,624.74,344.97,61.93,28.18,0.77,-1,-1,-1
173,1010,642.75,239.62,38.68,19.51,0.64,-1,-1,-1
173,1013,828.52,262.17,39.59,19.72,0.48,-1,-1,-1
173,1044,603.33,551.46,16.43,31.14,0.20,-1,-1,-1
173,1060,699.42,247.88,31.84,17.63,0.70,-1,-1,-1
173,1063,650.00,277.83,44.64,25.39,0.85,-1,-1,-1
173,1047,529.74,548.81,42.38,33.09,0.52,-1,-1,-1
173,1069,906.89,292.81,59.76,32.18,0.42,-1,-1,-1
173,1072,595.11,243.08,47.13,21.27,0.51,-1,-1,-1
173,1073,522.71,667.90,63.36,86.29,0.66,-1,-1,-1
173,1077,912.23,340.51,58.83,24.41,0.72,-1,-1,-1
173,1082,565.72,246.38,20.00,19.63,0.47,-1,-1,-1
173,1046,516.96,182.15,14.39,14.59,0.48,-1,-1,-1
173,1085,764.38,255.15,34.84,18.33,0.72,-1,-1,-1
173,1040,685.08,575.89,32.01,63.26,0.40,-1,-1,-1
173,1088,609.58,372.47,31.39,22.72,0.22,-1,-1,-1
173,1089,719.29,623.80,19.64,37.19,0.48,-1,-1,-1
173,1090,521.90,578.93,58.43,73.27,0.85,-1,-1,-1
173,1091,599.98,384.61,42.03,59.64,0.62,-1,-1,-1
173,1092,275.81,641.26,52.53,73.01,0.91,-1,-1,-1
173,1093,728.46,252.75,30.92,16.42,0.27,-1,-1,-1
173,1096,719.30,630.51,18.87,44.50,0.49,-1,-1,-1
173,1098,830.02,274.77,50.53,20.03,0.65,-1,-1,-1
173,1099,419.31,302.29,15.23,21.24,0.26,-1,-1,-1
173,1100,798.84,258.64,43.56,20.39,0.68,-1,-1,-1
173,1102,691.25,283.07,31.13,25.79,0.67,-1,-1,-1
173,998,483.99,278.33,21.58,23.25,0.57,-1,-1,-1
173,1105,7.15,617.89,40.15,21.19,0.56,-1,-1,-1
173,1106,620.39,265.11,48.85,21.82,0.44,-1,-1,-1
173,1107,648.59,594.03,27.47,38.79,0.70,-1,-1,-1
173,1108,925.93,355.51,65.04,25.89,0.66,-1,-1,-1
173,1109,564.47,369.47,12.40,26.67,0.38,-1,-1,-1
173,1110,636.55,274.45,44.18,21.49,0.40,-1,-1,-1
173,1111,622.73,346.45,61.27,27.78,0.82,-1,-1,-1
174,1010,642.49,240.15,38.60,19.60,0.62,-1,-1,-1
174,1013,828.19,262.79,40.87,20.39,0.49,-1,-1,-1
174,1044,601.87,554.48,17.99,34.03,0.13,-1,-1,-1
174,1060,699.66,248.31,31.19,17.22,0.72,-1,-1,-1
174,1063,649.69,278.42,45.05,25.68,0.82,-1,-1,-1
174,1047,528.20,550.13,43.83,33.97,0.56,-1,-1,-1
174,1069,906.73,294.77,58.39,31.36,0.46,-1,-1,-1
174,1072,594.30,243.63,45.73,20.82,0.55,-1,-1,-1
174,1073,522.81,673.41,61.33,82.05,0.58,-1,-1,-1
174,1077,911.34,341.29,59.79,24.39,0.72,-1,-1,-1
174,1082,565.50,246.61,20.01,19.64,0.67,-1,-1,-1
174,1046,516.33,182.59,14.21,14.28,0.48,-1,-1,-1
174,1085,764.22,255.45,35.31,18.54,0.72,-1,-1,-1
174,1040,684.47,575.31,32.51,64.59,0.53,-1,-1,-1
174,1088,613.19,374.37,31.13,22.16,0.15,-1,-1,-1
174,1089,719.20,624.17,22.24,42.45,0.58,-1,-1,-1
174,1090,520.11,581.59,60.05,75.66,0.87,-1,-1,-1
174,1091,599.29,386.04,41.75,58.58,0.60,-1,-1,-1
174,1092,273.54,645.24,52.24,72.87,0.92,-1,-1,-1
174,1093,731.41,254.82,30.97,16.31,0.34,-1,-1,-1
174,1096,720.39,633.50,18.00,42.36,0.37,-1,-1,-1
174,1098,830.28,275.52,51.00,20.22,0.69,-1,-1,-1
174,1099,418.24,302.71,15.62,21.76,0.19,-1,-1,-1
174,1100,798.58,259.46,43.74,20.45,0.66,-1,-1,-1
174,1102,690.71,282.02,32.39,27.34,0.69,-1,-1,-1
174,998,482.71,277.20,23.19,24.96,0.65,-1,-1,-1
174,1105,1.81,620.70,42.47,22.30,0.72,-1,-1,-1
174,1106,619.94,265.08,48.93,21.83,0.51,-1,-1,-1
174,1107,646.78,593.13,30.49,43.75,0.49,-1,-1,-1
174,1108,923.36,356.23,65.53,26.06,0.71,-1,-1,-1
174,1109,563.73,370.97,12.50,26.90,0.40,-1,-1,-1
174,1110,637.05,275.20,42.70,20.90,0.39,-1,-1,-1
174,1111,618.58,347.14,63.03,28.49,0.80,-1,-1,-1
175,1010,642.08,240.35,39.09,19.96,0.67,-1,-1,-1
175,1013,827.47,263.29,42.12,21.06,0.39,-1,-1,-1
175,1044,600.67,557.74,18.66,35.13,0.29,-1,-1,-1
175,1060,699.73,248.66,31.10,17.11,0.72,-1,-1,-1
175,1063,650.64,280.05,43.54,24.79,0.82,-1,-1,-1
175,1047,528.29,555.42,42.50,32.36,0.28,-1,-1,-1
175,1069,909.72,297.24,56.81,29.97,0.45,-1,-1,-1
175,1072,594.42,244.19,45.28,20.67,0.57,-1,-1,-1
175,1073,522.94,677.70,59.02,76.36,0.32,-1,-1,-1
175,1077,911.40,341.97,61.16,24.53,0.73,-1,-1,-1
175,1082,564.54,246.54,20.63,20.38,0.66,-1,-1,-1
175,1046,515.87,182.78,14.10,14.09,0.45,-1,-1,-1
175,1085,765.23,256.23,35.95,18.63,0.70,-1,-1,-1
175,1040,684.55,576.72,32.10,63.88,0.48,-1,-1,-1
175,1088,618.26,375.76,30.87,21.96,0.36,-1,-1,-1
175,1089,720.11,624.62,21.79,41.65,0.56,-1,-1,-1
175,1090,519.13,585.45,60.17,75.95,0.80,-1,-1,-1
175,1091,598.16,387.51,42.45,59.06,0.66,-1,-1,-1
175,1092,270.34,649.91,52.92,74.23,0.89,-1,-1,-1
175,1093,732.27,255.58,30.56,15.80,0.22,-1,-1,-1
175,1096,720.78,630.86,19.28,45.45,0.46,-1,-1,-1
175,1098,830.61,276.00,51.22,20.33,0.65,-1,-1,-1
175,1100,798.55,260.03,43.98,20.57,0.65,-1,-1,-1
175,1102,690.66,282.05,32.42,27.83,0.64,-1,-1,-1
175,998,481.22,275.81,25.01,26.97,0.62,-1,-1,-1
175,1105,0.00,624.75,41.24,22.70,0.44,-1,-1,-1
175,1106,616.74,265.40,47.56,21.37,0.58,-1,-1,-1
175,1107,646.31,596.67,30.14,43.27,0.48,-1,-1,-1
175,1108,922.81,357.61,67.74,27.20,0.66,-1,-1,-1
175,1109,563.32,371.85,12.54,26.99,0.46,-1,-1,-1
175,1110,639.34,276.12,44.77,21.83,0.60,-1,-1,-1
175,1111,615.09,348.71,63.41,28.55,0.77,-1,-1,-1
175,1113,734.16,285.92,25.33,28.04,0.68,-1,-1,-1
175,1114,1044.56,342.17,49.62,35.54,0.74,-1,-1,-1
176,1010,641.64,240.97,38.44,19.79,0.66,-1,-1,-1
176,1013,827.20,264.24,42.22,21.13,0.53,-1,-1,-1
176,1044,600.32,563.96,17.30,32.16,0.11,-1,-1,-1
176,1060,699.75,248.77,31.35,17.22,0.68,-1,-1,-1
176,1063,650.25,280.40,44.07,25.17,0.82,-1,-1,-1
176,1047,528.08,560.21,41.45,30.91,0.29,-1,-1,-1
176,1069,910.85,297.95,59.12,30.71,0.59,-1,-1,-1
176,1072,595.41,245.17,43.94,20.09,0.58,-1,-1,-1
176,1073,522.37,682.82,57.26,71.59,0.33,-1,-1,-1
176,1077,911.34,342.80,64.31,25.66,0.68,-1,-1,-1
176,1082,563.92,246.61,20.99,20.85,0.60,-1,-1,-1
176,1046,515.45,182.93,13.96,13.89,0.47,-1,-1,-1
176,1085,765.06,256.92,36.28,18.64,0.72,-1,-1,-1
176,1040,683.98,577.43,32.59,64.93,0.49,-1,-1,-1
176,1088,623.24,377.01,30.26,21.37,0.23,-1,-1,-1
176,1089,720.63,625.10,22.58,43.45,0.54,-1,-1,-1
176,1090,517.89,588.76,60.91,77.37,0.82,-1,-1,-1
176,1091,597.33,388.81,43.13,59.47,0.50,-1,-1,-1
176,1092,267.26,654.84,53.15,74.82,0.86,-1,-1,-1
176,1093,731.74,256.07,30.96,15.80,0.40,-1,-1,-1
176,1096,722.35,636.71,17.25,40.05,0.44,-1,-1,-1
176,1098,830.93,276.31,51.69,20.56,0.64,-1,-1,-1
176,1100,797.84,260.28,44.67,20.88,0.62,-1,-1,-1
176,1102,691.14,282.44,32.04,27.88,0.61,-1,-1,-1
176,998,480.67,276.55,25.13,27.05,0.59,-1,-1,-1
176,1105,0.00,626.12,44.57,25.56,0.13,-1,-1,-1
176,1106,615.49,265.00,48.46,21.71,0.59,-1,-1,-1
176,1107,646.92,602.58,28.47,40.67,0.59,-1,-1,-1
176,1108,921.76,358.26,67.94,27.62,0.63,-1,-1,-1
176,1109,562.81,372.14,12.56,26.99,0.51,-1,-1,-1
176,1110,637.11,275.93,45.09,22.12,0.44,-1,-1,-1
176,1111,610.97,349.44,64.12,28.78,0.76,-1,-1,-1
176,1113,734.54,286.17,25.67,28.40,0.63,-1,-1,-1
176,1114,1043.40,342.11,51.62,36.96,0.70,-1,-1,-1
177,1010,641.61,241.26,38.57,19.92,0.62,-1,-1,-1
177,1013,828.31,265.31,41.15,20.64,0.47,-1,-1,-1
177,1044,599.91,565.54,17.56,32.54,0.21,-1,-1,-1
177,1060,699.11,249.27,32.26,17.76,0.68,-1,-1,-1
177,1063,651.14,281.11,43.07,24.66,0.82,-1,-1,-1
177,1047,524.71,562.14,46.06,34.23,0.31,-1,-1,-1
177,1069,911.86,298.81,60.43,30.89,0.47,-1,-1,-1
177,1072,594.85,245.43,44.64,20.47,0.51,-1,-1,-1
177,1073,520.76,687.70,56.25,68.03,0.52,-1,-1,-1
177,1077,909.90,344.57,67.39,26.82,0.65,-1,-1,-1
177,1082,563.53,246.93,21.02,20.94,0.60,-1,-1,-1
177,1046,515.12,182.77,14.01,13.91,0.38,-1,-1,-1
177,1085,764.01,257.50,36.15,18.64,0.69,-1,-1,-1
177,1040,683.95,579.46,32.06,64.00,0.50,-1,-1,-1
177,1088,627.46,378.91,29.88,20.73,0.20,-1,-1,-1
177,1089,722.22,625.35,21.39,41.05,0.51,-1,-1,-1
177,1090,516.36,592.39,61.79,78.91,0.84,-1,-1,-1
177,1091,596.94,390.14,43.27,59.17,0.55,-1,-1,-1
177,1092,264.26,660.88,52.78,74.22,0.87,-1,-1,-1
177,1093,729.94,255.45,33.55,17.14,0.39,-1,-1,-1
177,1096,724.42,643.86,14.73,33.33,0.40,-1,-1,-1
177,1098,831.30,277.12,50.88,20.27,0.58,-1,-1,-1
177,1100,790.42,259.69,45.48,20.81,0.57,-1,-1,-1
177,1102,691.33,283.33,31.78,28.00,0.62,-1,-1,-1
177,998,480.38,278.35,24.35,26.03,0.58,-1,-1,-1
177,1106,615.95,265.06,50.67,22.50,0.57,-1,-1,-1
177,1107,645.58,605.37,28.95,40.99,0.50,-1,-1,-1
177,1108,920.51,359.31,66.67,27.39,0.56,-1,-1,-1
177,1109,562.54,372.86,12.24,26.29,0.50,-1,-1,-1
177,1110,638.63,276.83,46.29,22.68,0.50,-1,-1,-1
177,1111,607.20,351.42,64.92,28.99,0.77,-1,-1,-1
177,1113,734.18,286.81,25.69,28.42,0.57,-1,-1,-1
177,1114,1043.15,342.60,53.66,38.35,0.70,-1,-1,-1
178,1010,641.07,241.59,38.59,20.04,0.58,-1,-1,-1
178,1013,829.01,266.12,41.32,20.84,0.50,-1,-1,-1
178,1044,599.98,568.08,16.95,31.36,0.15,-1,-1,-1
178,1060,698.97,249.95,31.93,17.54,0.64,-1,-1,-1
178,1063,651.18,281.68,42.90,24.64,0.84,-1,-1,-1
178,1047,524.83,566.76,44.27,32.36,0.57,-1,-1,-1
178,1069,910.51,299.41,60.65,30.89,0.70,-1,-1,-1
178,1072,594.05,245.28,46.09,21.19,0.47,-1,-1,-1
178,1073,522.39,692.50,53.47,62.45,0.57,-1,-1,-1
178,1077,910.35,345.76,68.09,27.07,0.69,-1,-1,-1
178,1082,563.30,247.61,20.93,20.86,0.57,-1,-1,-1
178,1046,514.84,183.03,13.67,13.56,0.33,-1,-1,-1
178,1085,762.26,257.77,35.76,18.77,0.65,-1,-1,-1
178,1040,683.89,581.53,31.67,63.43,0.47,-1,-1,-1
178,1088,631.59,380.44,30.90,20.95,0.30,-1,-1,-1
178,1089,723.13,625.54,21.21,40.87,0.53,-1,-1,-1
178,1090,515.33,596.35,61.76,79.17,0.86,-1,-1,-1
178,1091,596.96,390.88,43.68,59.03,0.67,-1,-1,-1
178,1092,260.71,664.38,54.31,76.57,0.91,-1,-1,-1
178,1093,728.55,255.59,33.65,17.36,0.31,-1,-1,-1
178,1096,725.02,644.02,15.08,33.68,0.26,-1,-1,-1
178,1098,832.08,277.94,51.61,20.48,0.42,-1,-1,-1
178,1100,793.29,260.75,45.97,21.09,0.56,-1,-1,-1
178,1102,691.34,284.08,31.54,28.09,0.62,-1,-1,-1
178,998,480.18,280.29,23.34,24.66,0.53,-1,-1,-1
178,1106,619.45,267.86,50.75,22.63,0.43,-1,-1,-1
178,1107,647.01,608.95,28.65,40.99,0.68,-1,-1,-1
178,1108,919.00,361.00,65.10,26.99,0.59,-1,-1,-1
178,1109,562.02,374.26,12.36,26.52,0.47,-1,-1,-1
178,1110,639.64,277.09,46.54,22.74,0.53,-1,-1,-1
178,1111,603.06,353.08,64.91,28.86,0.75,-1,-1,-1
178,1113,733.57,287.21,26.21,29.07,0.61,-1,-1,-1
178,1114,1044.16,343.75,55.53,39.50,0.69,-1,-1,-1
179,1010,640.90,242.69,37.54,19.57,0.52,-1,-1,-1
179,1013,829.75,266.51,41.32,20.92,0.43,-1,-1,-1
179,1044,600.86,573.50,15.19,27.49,0.17,-1,-1,-1
179,1060,699.12,250.75,32.06,17.57,0.66,-1,-1,-1
179,1063,651.10,282.54,42.89,24.77,0.86,-1,-1,-1
179,1047,525.84,573.74,41.43,29.44,0.16,-1,-1,-1
179,1069,910.21,300.41,60.49,30.75,0.71,-1,-1,-1
179,1072,593.56,245.41,46.66,21.54,0.39,-1,-1,-1
179,1073,523.03,697.32,51.51,57.73,0.65,-1,-1,-1
179,1077,910.78,346.54,69.61,27.72,0.65,-1,-1,-1
179,1082,563.01,248.40,20.50,20.46,0.62,-1,-1,-1
179,1046,514.47,183.05,13.60,13.49,0.35,-1,-1,-1
179,1085,761.45,258.24,34.91,18.72,0.68,-1,-1,-1
179,1040,685.24,588.31,29.26,57.92,0.41,-1,-1,-1
179,1088,634.10,381.84,31.13,20.95,0.46,-1,-1,-1
179,1089,724.20,625.31,21.08,40.70,0.42,-1,-1,-1
179,1090,514.44,601.15,61.57,79.44,0.86,-1,-1,-1
179,1091,596.69,392.38,44.31,59.61,0.63,-1,-1,-1
179,1092,256.81,664.33,56.88,80.99,0.87,-1,-1,-1
179,1093,728.37,255.11,35.91,18.67,0.28,-1,-1,-1
179,1096,726.65,647.94,13.83,30.06,0.13,-1,-1,-1
179,1098,832.44,278.66,52.04,20.58,0.52,-1,-1,-1
179,1100,795.61,261.67,45.21,20.98,0.60,-1,-1,-1
179,1102,691.18,284.77,31.13,28.07,0.72,-1,-1,-1
179,998,480.08,282.53,22.17,23.12,0.59,-1,-1,-1
179,1106,625.04,270.45,48.73,22.04,0.44,-1,-1,-1
179,1107,646.06,613.48,28.66,40.73,0.62,-1,-1,-1
179,1108,915.47,361.50,64.62,26.66,0.48,-1,-1,-1
179,1109,561.95,375.64,11.66,24.87,0.48,-1,-1,-1
179,1110,639.14,277.42,47.32,23.07,0.61,-1,-1,-1
179,1111,599.08,354.20,65.43,29.04,0.84,-1,-1,-1
179,1113,733.28,287.56,26.76,29.75,0.59,-1,-1,-1
179,1114,1045.34,345.20,55.52,39.21,0.54,-1,-1,-1
180,1010,641.18,243.11,37.40,19.49,0.56,-1,-1,-1
180,1013,830.34,266.84,41.27,20.95,0.50,-1,-1,-1
180,1060,699.35,251.36,31.76,17.34,0.64,-1,-1,-1
180,1063,650.97,283.74,42.24,24.43,0.87,-1,-1,-1
180,1047,525.39,577.69,40.97,28.39,0.43,-1,-1,-1
180,1069,910.00,301.02,60.72,30.89,0.64,-1,-1,-1
180,1072,593.63,245.70,46.26,21.51,0.46,-1,-1,-1
180,1073,522.85,702.89,49.57,52.80,0.62,-1,-1,-1
180,1077,911.08,347.42,71.52,28.60,0.61,-1,-1,-1
180,1082,563.09,249.14,20.04,19.95,0.62,-1,-1,-1
180,1046,513.84,182.53,14.17,14.04,0.30,-1,-1,-1
180,1085,762.06,258.37,35.31,19.15,0.65,-1,-1,-1
180,1040,685.14,591.67,28.14,55.32,0.72,-1,-1,-1
180,1088,637.00,384.03,29.21,19.52,0.42,-1,-1,-1
180,1089,725.14,626.27,21.99,42.74,0.35,-1,-1,-1
180,1090,513.40,604.55,62.04,80.51,0.85,-1,-1,-1
180,1091,595.51,393.72,45.64,61.23,0.49,-1,-1,-1
180,1092,253.19,662.35,59.23,84.83,0.89,-1,-1,-1
180,1093,728.40,255.34,35.50,18.57,0.48,-1,-1,-1
180,1096,728.31,653.31,11.85,25.02,0.18,-1,-1,-1
180,1098,832.33,279.02,52.86,20.89,0.58,-1,-1,-1
180,1100,797.61,262.04,45.57,21.15,0.58,-1,-1,-1
180,1102,691.23,285.36,30.65,27.95,0.75,-1,-1,-1
180,998,479.58,283.23,22.33,22.99,0.53,-1,-1,-1
180,1106,626.17,270.22,48.27,22.05,0.47,-1,-1,-1
180,1107,646.47,615.10,29.42,42.27,0.68,-1,-1,-1
180,1108,914.72,362.45,62.79,25.70,0.47,-1,-1,-1
180,1109,561.72,376.78,11.62,24.67,0.45,-1,-1,-1
180,1110,638.81,277.93,47.63,23.19,0.58,-1,-1,-1
180,1111,595.92,355.21,66.33,29.26,0.82,-1,-1,-1
180,1113,733.59,288.63,26.03,28.98,0.69,-1,-1,-1
180,1114,1045.42,346.21,56.63,39.37,0.61,-1,-1,-1
181,1010,641.18,243.51,37.18,19.41,0.59,-1,-1,-1
181,1013,830.39,266.95,42.15,21.48,0.59,-1,-1,-1
181,1060,699.13,251.88,31.56,17.10,0.66,-1,-1,-1
181,1063,650.65,284.55,41.85,24.18,0.88,-1,-1,-1
181,1047,523.06,582.38,43.01,29.32,0.22,-1,-1,-1
181,1069,909.68,301.14,62.17,31.80,0.75,-1,-1,-1
181,1072,593.84,246.25,45.61,21.29,0.35,-1,-1,-1
181,1073,523.54,708.50,47.07,47.00,0.63,-1,-1,-1
181,1077,909.42,348.64,76.45,30.88,0.68,-1,-1,-1
181,1082,562.70,249.34,20.30,20.29,0.68,-1,-1,-1
181,1046,513.22,182.47,14.10,14.01,0.33,-1,-1,-1
181,1085,764.52,258.48,36.65,19.72,0.66,-1,-1,-1
181,1040,685.51,597.93,25.76,49.77,0.61,-1,-1,-1
181,1088,639.43,385.25,29.85,19.87,0.25,-1,-1,-1
181,1089,728.08,627.42,20.20,38.77,0.45,-1,-1,-1
181,1090,512.53,608.14,62.66,81.89,0.87,-1,-1,-1
181,1091,597.52,397.39,44.47,59.66,0.51,-1,-1,-1
181,1092,248.16,657.99,63.57,92.51,0.66,-1,-1,-1
181,1093,729.06,255.49,35.64,18.70,0.54,-1,-1,-1
181,1096,729.05,653.13,12.63,26.21,0.37,-1,-1,-1
181,1098,832.05,279.18,54.01,21.38,0.60,-1,-1,-1
181,1100,798.67,262.34,46.51,21.50,0.59,-1,-1,-1
181,1102,691.64,286.23,29.31,26.91,0.75,-1,-1,-1
181,998,478.74,283.88,22.39,22.90,0.53,-1,-1,-1
181,1106,623.64,269.87,49.32,22.57,0.51,-1,-1,-1
181,1107,643.37,619.36,30.34,42.70,0.65,-1,-1,-1
181,1109,561.75,378.60,12.22,25.78,0.47,-1,-1,-1
181,1110,638.06,278.52,47.92,23.36,0.59,-1,-1,-1
181,1111,592.06,356.48,66.89,29.47,0.81,-1,-1,-1
181,1113,734.02,289.60,25.48,28.44,0.66,-1,-1,-1
181,1114,1045.43,346.81,55.06,37.78,0.59,-1,-1,-1
182,1010,641.52,243.85,37.48,19.54,0.64,-1,-1,-1
182,1013,831.30,267.57,41.88,21.41,0.55,-1,-1,-1
182,1060,698.95,252.66,31.88,17.26,0.72,-1,-1,-1
182,1063,650.53,285.30,41.54,23.93,0.89,-1,-1,-1
182,1047,522.62,586.55,41.97,28.07,0.67,-1,-1,-1
182,1069,909.60,301.48,63.48,32.75,0.73,-1,-1,-1
182,1072,593.90,247.13,44.19,20.83,0.31,-1,-1,-1
182,1073,523.42,713.60,45.48,42.24,0.63,-1,-1,-1
182,1077,909.79,349.90,77.62,31.73,0.75,-1,-1,-1
182,1082,562.44,250.00,20.41,20.46,0.68,-1,-1,-1
182,1046,512.62,182.14,14.45,14.35,0.38,-1,-1,-1
182,1085,766.41,259.12,37.73,19.94,0.69,-1,-1,-1
182,1040,685.29,602.03,24.47,46.51,0.60,-1,-1,-1
182,1088,641.81,386.41,30.92,20.69,0.17,-1,-1,-1
182,1089,729.59,629.03,20.94,39.81,0.22,-1,-1,-1
182,1090,511.86,612.07,62.55,82.13,0.83,-1,-1,-1
182,1091,594.66,396.20,45.71,60.79,0.62,-1,-1,-1
182,1092,248.12,675.54,54.64,77.94,0.82,-1,-1,-1
182,1093,729.04,255.28,36.33,19.17,0.59,-1,-1,-1
182,1096,730.76,652.27,13.70,27.59,0.14,-1,-1,-1
182,1098,832.25,279.90,53.66,21.22,0.52,-1,-1,-1
182,1100,798.41,262.85,46.66,21.56,0.62,-1,-1,-1
182,1102,691.92,286.95,28.77,26.64,0.71,-1,-1,-1
182,998,477.94,285.00,22.24,22.58,0.62,-1,-1,-1
182,1106,622.68,270.38,49.02,22.51,0.49,-1,-1,-1
182,1107,645.32,623.69,29.56,41.64,0.77,-1,-1,-1
182,1109,561.30,379.49,12.71,26.65,0.51,-1,-1,-1
182,1110,637.09,279.42,46.83,22.90,0.57,-1,-1,-1
182,1111,587.68,357.64,68.43,30.14,0.83,-1,-1,-1
182,1113,734.26,290.86,25.05,28.03,0.58,-1,-1,-1
182,1114,1046.52,351.83,50.92,34.15,0.39,-1,-1,-1
183,1010,641.43,243.72,38.66,20.14,0.73,-1,-1,-1
183,1013,832.08,268.50,40.61,20.72,0.51,-1,-1,-1
183,1060,699.10,253.51,31.08,16.75,0.70,-1,-1,-1
183,1063,649.41,285.08,43.02,24.77,0.89,-1,-1,-1
183,1047,521.40,589.38,43.40,28.70,0.18,-1,-1,-1
183,1069,910.07,302.36,63.04,32.81,0.66,-1,-1,-1
183,1072,593.94,247.54,43.93,20.73,0.51,-1,-1,-1
183,1073,524.02,719.11,41.81,35.90,0.59,-1,-1,-1
183,1077,910.99,350.61,77.04,31.74,0.73,-1,-1,-1
183,1082,562.00,250.53,20.42,20.52,0.71,-1,-1,-1
183,1046,512.16,182.14,14.42,14.30,0.36,-1,-1,-1
183,1085,767.02,260.21,36.96,19.22,0.71,-1,-1,-1
183,1040,686.10,609.25,22.27,41.02,0.47,-1,-1,-1
183,1088,645.09,390.10,28.93,19.61,0.23,-1,-1,-1
183,1089,730.44,630.31,21.68,41.45,0.18,-1,-1,-1
183,1090,510.98,616.60,62.85,82.71,0.83,-1,-1,-1
183,1091,594.03,397.64,46.41,61.24,0.64,-1,-1,-1
183,1092,247.08,683.18,50.63,71.04,0.70,-1,-1,-1
183,1093,729.30,255.95,36.11,19.06,0.56,-1,-1,-1
183,1096,731.76,654.76,12.98,25.76,0.13,-1,-1,-1
183,1098,833.54,280.90,53.32,21.02,0.62,-1,-1,-1
183,1100,798.61,263.59,46.16,21.49,0.64,-1,-1,-1
183,1102,691.45,287.30,29.63,27.83,0.66,-1,-1,-1
183,998,477.02,284.85,23.10,23.38,0.61,-1,-1,-1
183,1106,623.42,270.24,48.28,22.33,0.51,-1,-1,-1
183,1107,645.92,626.18,30.56,43.54,0.73,-1,-1,-1
183,1109,561.23,380.51,12.57,26.21,0.51,-1,-1,-1
183,1110,635.56,280.73,46.34,22.87,0.47,-1,-1,-1
183,1111,584.13,358.95,69.34,30.53,0.84,-1,-1,-1
183,1113,734.92,291.71,24.58,27.49,0.49,-1,-1,-1
183,1114,1045.13,352.20,51.28,33.86,0.39,-1,-1,-1
183,1116,517.86,491.87,48.66,34.90,0.68,-1,-1,-1
183,1117,1050.71,372.02,68.36,30.72,0.68,-1,-1,-1
183,1118,439.75,437.93,13.73,29.58,0.55,-1,-1,-1
184,1010,641.65,244.63,38.02,19.69,0.70,-1,-1,-1
184,1013,832.49,269.13,39.80,20.23,0.46,-1,-1,-1
184,1060,699.37,254.15,30.77,16.51,0.71,-1,-1,-1
184,1063,648.23,285.27,44.34,25.45,0.89,-1,-1,-1
184,1047,520.09,592.45,44.68,29.21,0.18,-1,-1,-1
184,1069,910.35,302.87,63.42,33.31,0.52,-1,-1,-1
184,1072,592.99,248.18,45.26,21.33,0.50,-1,-1,-1
184,1073,521.61,724.57,38.82,30.14,0.58,-1,-1,-1
184,1077,911.74,351.35,79.13,32.95,0.69,-1,-1,-1
184,1082,561.32,250.98,20.70,20.79,0.75,-1,-1,-1
184,1046,511.81,182.06,14.61,14.50,0.32,-1,-1,-1
184,1085,765.17,261.50,35.22,18.43,0.71,-1,-1,-1
184,1040,686.68,614.18,21.30,37.52,0.36,-1,-1,-1
184,1089,732.57,630.97,21.23,40.56,0.16,-1,-1,-1
184,1090,509.68,620.16,63.92,84.59,0.88,-1,-1,-1
184,1091,593.60,399.76,47.02,61.80,0.69,-1,-1,-1
184,1092,243.03,681.31,53.21,74.17,0.79,-1,-1,-1
184,1093,730.93,258.29,33.67,17.55,0.37,-1,-1,-1
184,1098,834.41,281.70,53.73,21.07,0.63,-1,-1,-1
184,1100,798.53,264.18,46.91,21.93,0.59,-1,-1,-1
184,1102,691.82,289.47,28.57,27.04,0.66,-1,-1,-1
184,998,476.59,286.48,22.26,22.42,0.59,-1,-1,-1
184,1106,624.95,270.63,48.53,22.86,0.53,-1,-1,-1
184,1107,643.52,630.22,31.04,43.42,0.77,-1,-1,-1
184,1109,561.47,381.75,12.27,25.53,0.50,-1,-1,-1
184,1110,636.36,281.36,45.03,22.27,0.47,-1,-1,-1
184,1111,580.96,360.40,69.57,30.64,0.82,-1,-1,-1
184,1113,735.30,292.67,24.63,27.52,0.36,-1,-1,-1
184,1114,1044.56,358.84,43.70,28.26,0.25,-1,-1,-1
184,1116,516.43,494.13,50.95,36.64,0.67,-1,-1,-1
184,1117,1051.77,371.44,71.19,31.98,0.61,-1,-1,-1
184,1118,439.94,440.10,14.42,31.09,0.57,-1,-1,-1
185,1010,640.89,244.38,39.44,20.47,0.70,-1,-1,-1
185,1013,832.47,269.36,39.73,20.20,0.48,-1,-1,-1
185,1060,698.63,254.06,31.84,17.15,0.71,-1,-1,-1
185,1063,647.40,285.45,45.59,26.14,0.87,-1,-1,-1
185,1069,913.58,303.52,64.19,33.52,0.48,-1,-1,-1
185,1072,591.41,248.13,45.84,21.60,0.61,-1,-1,-1
185,1073,522.71,729.13,35.55,25.03,0.51,-1,-1,-1
185,1077,912.58,352.37,78.97,33.15,0.72,-1,-1,-1
185,1082,560.80,251.04,21.17,21.26,0.74,-1,-1,-1
185,1046,511.38,181.62,15.10,15.01,0.35,-1,-1,-1
185,1085,763.45,262.22,33.75,17.98,0.74,-1,-1,-1
185,1040,686.25,617.95,20.64,35.06,0.62,-1,-1,-1
185,1089,734.62,632.56,21.87,41.89,0.12,-1,-1,-1
185,1090,508.47,623.65,64.73,86.19,0.88,-1,-1,-1
185,1091,592.52,400.25,47.88,62.21,0.60,-1,-1,-1
185,1092,241.68,687.34,50.73,68.66,0.67,-1,-1,-1
185,1093,731.18,259.38,33.33,17.22,0.37,-1,-1,-1
185,1098,834.72,281.94,54.84,21.45,0.64,-1,-1,-1
185,1100,798.19,264.50,47.30,22.26,0.63,-1,-1,-1
185,1102,691.39,288.87,29.72,28.45,0.64,-1,-1,-1
185,998,476.09,287.78,21.94,21.94,0.47,-1,-1,-1
185,1106,624.38,270.59,48.33,23.00,0.57,-1,-1,-1
185,1107,643.63,632.60,32.13,45.16,0.75,-1,-1,-1
185,1109,561.21,382.70,12.40,25.81,0.50,-1,-1,-1
185,1110,636.07,281.79,44.20,22.02,0.40,-1,-1,-1
185,1111,577.64,361.74,69.69,30.70,0.84,-1,-1,-1
185,1113,735.31,292.91,25.27,28.24,0.39,-1,-1,-1
185,1114,1039.61,354.29,49.08,31.86,0.28,-1,-1,-1
185,1116,514.12,497.27,54.09,39.09,0.69,-1,-1,-1
185,1117,1053.21,373.37,71.08,31.85,0.51,-1,-1,-1
185,1118,439.93,441.86,15.70,33.94,0.56,-1,-1,-1
185,1119,392.29,343.15,28.39,19.52,0.67,-1,-1,-1
186,1010,640.80,244.69,39.58,20.54,0.70,-1,-1,-1
186,1013,832.90,269.81,39.21,19.93,0.56,-1,-1,-1
186,1060,698.16,254.19,31.95,17.26,0.69,-1,-1,-1
186,1063,647.78,286.69,45.11,25.78,0.84,-1,-1,-1
186,1069,915.15,304.91,63.57,32.97,0.67,-1,-1,-1
186,1072,590.56,248.51,47.24,22.24,0.56,-1,-1,-1
186,1077,914.41,353.50,78.41,33.12,0.78,-1,-1,-1
186,1082,560.34,251.63,21.26,21.29,0.70,-1,-1,-1
186,1046,511.23,181.35,15.29,15.23,0.36,-1,-1,-1
186,1085,762.91,262.78,32.88,17.87,0.66,-1,-1,-1
186,1040,685.04,619.49,21.12,34.77,0.59,-1,-1,-1
186,1090,507.65,628.32,64.90,86.70,0.85,-1,-1,-1
186,1091,592.99,402.16,47.96,62.19,0.51,-1,-1,-1
186,1092,238.92,689.56,49.65,66.44,0.39,-1,-1,-1
186,1093,729.77,258.06,35.72,18.62,0.43,-1,-1,-1
186,1098,835.65,282.52,55.48,21.61,0.59,-1,-1,-1
186,1100,797.94,264.80,46.97,22.16,0.62,-1,-1,-1
186,1102,692.42,291.91,27.63,26.42,0.60,-1,-1,-1
186,998,475.42,288.27,22.15,22.00,0.45,-1,-1,-1
186,1106,622.83,270.95,46.58,21.91,0.55,-1,-1,-1
186,1107,643.26,639.79,30.62,41.90,0.77,-1,-1,-1
186,1109,561.15,383.95,12.45,25.83,0.52,-1,-1,-1
186,1110,637.90,283.03,44.26,22.06,0.46,-1,-1,-1
186,1111,573.97,363.23,70.65,31.17,0.83,-1,-1,-1
186,1113,735.15,293.24,25.70,28.84,0.59,-1,-1,-1
186,1114,1041.15,354.72,50.23,32.24,0.35,-1,-1,-1
186,1116,512.30,499.29,56.04,40.80,0.74,-1,-1,-1
186,1117,1057.15,373.61,70.89,31.74,0.68,-1,-1,-1
186,1118,441.16,443.73,13.95,30.08,0.48,-1,-1,-1
186,1119,393.60,343.77,28.86,19.84,0.68,-1,-1,-1
186,1120,453.22,411.33,24.42,22.22,0.63,-1,-1,-1
186,1121,593.25,500.94,19.99,30.11,0.60,-1,-1,-1
187,1010,640.78,245.19,39.08,20.27,0.58,-1,-1,-1
187,1013,833.19,270.23,38.95,19.78,0.53,-1,-1,-1
187,1060,697.88,254.45,31.97,17.34,0.67,-1,-1,-1
187,1063,648.45,288.23,44.00,24.95,0.81,-1,-1,-1
187,1069,915.57,305.96,62.25,32.27,0.69,-1,-1,-1
187,1072,591.15,248.82,47.19,22.34,0.30,-1,-1,-1
187,1077,918.52,354.43,76.84,32.89,0.73,-1,-1,-1
187,1082,560.14,252.04,21.51,21.44,0.63,-1,-1,-1
187,1046,511.01,181.03,15.61,15.61,0.40,-1,-1,-1
187,1085,762.65,263.07,32.64,18.08,0.62,-1,-1,-1
187,1040,684.98,622.01,21.29,34.07,0.31,-1,-1,-1
187,1090,506.36,631.83,66.18,88.93,0.85,-1,-1,-1
187,1091,591.93,402.53,50.53,65.25,0.35,-1,-1,-1
187,1093,730.01,259.05,35.44,18.52,0.37,-1,-1,-1
187,1098,835.35,283.40,55.23,21.53,0.57,-1,-1,-1
187,1100,800.41,265.55,48.72,22.64,0.54,-1,-1,-1
187,1102,693.25,295.57,24.79,23.48,0.59,-1,-1,-1
187,998,474.70,288.23,22.69,22.47,0.48,-1,-1,-1
187,1106,621.83,271.20,46.46,21.66,0.58,-1,-1,-1
187,1107,645.23,642.76,31.35,43.18,0.79,-1,-1,-1
187,1109,560.32,384.89,13.22,27.45,0.48,-1,-1,-1
187,1110,639.16,284.51,42.95,21.39,0.50,-1,-1,-1
187,1111,569.81,364.44,72.03,31.78,0.78,-1,-1,-1
187,1113,735.02,293.60,26.16,29.50,0.42,-1,-1,-1
187,1114,1043.86,356.32,49.31,30.98,0.42,-1,-1,-1
187,1116,510.01,501.64,58.50,43.04,0.77,-1,-1,-1
187,1117,1052.56,373.49,73.26,32.63,0.73,-1,-1,-1
187,1118,441.60,445.16,14.15,30.57,0.51,-1,-1,-1
187,1119,394.54,343.91,30.23,20.82,0.73,-1,-1,-1
187,1120,449.75,411.36,25.04,22.81,0.66,-1,-1,-1
187,1121,592.86,504.19,19.60,29.48,0.58,-1,-1,-1
188,1010,640.50,245.74,38.98,20.23,0.48,-1,-1,-1
188,1013,833.27,270.53,39.47,20.04,0.49,-1,-1,-1
188,1060,698.16,255.07,31.69,17.17,0.69,-1,-1,-1
188,1063,648.65,288.91,44.41,25.14,0.83,-1,-1,-1
188,1069,915.19,306.13,62.49,32.52,0.62,-1,-1,-1
188,1072,593.20,251.11,45.52,21.66,0.17,-1,-1,-1
188,1077,921.74,356.29,76.07,33.09,0.76,-1,-1,-1
188,1082,559.36,251.95,22.20,22.08,0.52,-1,-1,-1
188,1046,510.72,181.11,15.47,15.57,0.34,-1,-1,-1
188,1085,763.17,262.94,33.06,18.56,0.65,-1,-1,-1
188,1040,684.79,628.63,19.07,28.43,0.30,-1,-1,-1
188,1090,505.41,635.87,66.57,89.68,0.89,-1,-1,-1
188,1091,592.18,405.27,49.69,63.69,0.45,-1,-1,-1
188,1093,730.30,260.03,34.86,18.24,0.39,-1,-1,-1
188,1098,834.54,283.92,54.60,21.43,0.63,-1,-1,-1
188,1100,802.05,266.31,49.50,22.63,0.62,-1,-1,-1
188,1102,693.32,295.72,25.57,24.20,0.58,-1,-1,-1
188,998,473.41,287.78,24.02,23.88,0.51,-1,-1,-1
188,1106,618.17,271.62,49.79,23.02,0.60,-1,-1,-1
188,1107,643.55,649.76,30.78,41.24,0.58,-1,-1,-1
188,1109,560.08,386.99,13.28,27.53,0.38,-1,-1,-1
188,1110,638.90,285.32,42.47,21.15,0.50,-1,-1,-1
188,1111,565.38,366.08,72.97,32.19,0.83,-1,-1,-1
188,1113,735.15,294.31,26.20,29.63,0.43,-1,-1,-1
188,1114,1039.58,355.74,51.74,32.71,0.44,-1,-1,-1
188,1116,508.53,504.21,60.02,44.71,0.78,-1,-1,-1
188,1117,1047.84,374.88,75.98,33.69,0.73,-1,-1,-1
188,1118,441.93,447.51,15.03,32.51,0.59,-1,-1,-1
188,1119,396.82,345.28,29.62,20.39,0.74,-1,-1,-1
188,1120,446.39,411.68,24.96,22.79,0.65,-1,-1,-1
188,1121,592.09,506.18,20.76,31.25,0.47,-1,-1,-1
188,1122,1058.07,306.97,42.27,29.31,0.65,-1,-1,-1
188,1092,238.50,713.03,35.19,42.97,0.56,-1,-1,-1
189,1010,640.62,246.29,39.32,20.41,0.66,-1,-1,-1
189,1013,833.16,270.87,40.00,20.34,0.48,-1,-1,-1
189,1060,698.54,255.46,32.06,17.32,0.73,-1,-1,-1
189,1063,648.82,289.46,44.57,25.19,0.80,-1,-1,-1
189,1069,916.05,306.67,62.65,32.72,0.58,-1,-1,-1
189,1072,593.00,251.55,45.46,21.67,0.55,-1,-1,-1
189,1077,923.85,358.19,74.35,32.71,0.76,-1,-1,-1
189,1082,559.27,252.75,21.68,21.53,0.64,-1,-1,-1
189,1046,510.66,181.55,15.07,15.22,0.39,-1,-1,-1
189,1085,764.78,263.04,33.93,19.02,0.67,-1,-1,-1
189,1090,504.19,640.06,67.43,91.28,0.82,-1,-1,-1
189,1091,593.11,407.62,48.14,61.47,0.52,-1,-1,-1
189,1093,730.56,260.09,35.01,18.35,0.45,-1,-1,-1
189,1098,835.08,284.30,53.68,21.19,0.62,-1,-1,-1
189,1100,801.28,266.53,50.01,22.67,0.64,-1,-1,-1
189,1102,692.13,293.27,28.57,27.36,0.66,-1,-1,-1
189,998,472.75,288.52,24.19,24.04,0.56,-1,-1,-1
189,1106,615.94,271.37,51.84,23.90,0.59,-1,-1,-1
189,1107,641.37,655.66,31.49,40.75,0.57,-1,-1,-1
189,1109,559.66,388.08,13.20,27.54,0.36,-1,-1,-1
189,1110,638.24,285.68,43.09,21.40,0.48,-1,-1,-1
189,1111,563.28,367.87,71.68,31.64,0.87,-1,-1,-1
189,1113,735.94,295.62,25.32,28.62,0.45,-1,-1,-1
189,1114,1039.55,356.71,49.81,31.49,0.40,-1,-1,-1
189,1116,506.94,507.03,61.52,46.52,0.81,-1,-1,-1
189,1117,1043.63,375.15,78.85,34.92,0.60,-1,-1,-1
189,1118,442.91,449.16,14.17,30.55,0.58,-1,-1,-1
189,1119,399.25,346.99,28.33,19.44,0.76,-1,-1,-1
189,1120,442.52,411.94,25.36,23.31,0.66,-1,-1,-1
189,1121,591.82,510.01,19.97,30.00,0.45,-1,-1,-1
189,1122,1059.04,308.02,43.49,30.23,0.54,-1,-1,-1
189,1123,627.33,468.24,31.75,38.62,0.56,-1,-1,-1
190,1010,640.14,246.58,39.91,20.78,0.58,-1,-1,-1
190,1013,833.38,271.43,41.26,20.98,0.54,-1,-1,-1
190,1060,698.78,255.81,32.14,17.32,0.71,-1,-1,-1
190,1063,648.62,289.25,45.42,25.78,0.82,-1,-1,-1
190,1069,916.93,307.80,61.82,32.43,0.60,-1,-1,-1
190,1072,593.17,252.12,45.22,21.57,0.43,-1,-1,-1
190,1077,926.72,359.37,72.89,32.49,0.79,-1,-1,-1
190,1082,558.82,253.07,21.54,21.42,0.57,-1,-1,-1
190,1046,510.51,182.09,14.73,14.85,0.34,-1,-1,-1
190,1085,766.23,263.21,35.12,19.49,0.62,-1,-1,-1
190,1090,502.76,643.46,68.58,92.89,0.84,-1,-1,-1
190,1091,592.33,408.82,49.00,62.58,0.37,-1,-1,-1
190,1093,729.99,260.22,35.28,18.60,0.46,-1,-1,-1
190,1098,835.18,284.67,53.71,21.33,0.64,-1,-1,-1
190,1100,799.72,267.28,48.88,22.14,0.68,-1,-1,-1
190,1102,691.97,292.92,29.47,28.50,0.63,-1,-1,-1
190,998,471.88,289.01,24.60,24.46,0.43,-1,-1,-1
190,1106,615.12,271.88,52.07,23.89,0.60,-1,-1,-1
190,1107,642.16,660.16,31.29,39.68,0.64,-1,-1,-1
190,1109,559.37,389.65,12.98,27.29,0.33,-1,-1,-1
190,1110,637.60,286.15,43.71,21.77,0.45,-1,-1,-1
190,1111,559.30,369.06,72.40,32.03,0.85,-1,-1,-1
190,1113,736.12,296.42,25.15,28.38,0.56,-1,-1,-1
190,1114,1039.35,358.80,46.43,28.96,0.38,-1,-1,-1
190,1116,504.74,509.57,64.09,49.38,0.80,-1,-1,-1
190,1117,1042.13,375.21,80.91,35.66,0.58,-1,-1,-1
190,1118,443.68,450.57,13.95,29.97,0.55,-1,-1,-1
190,1119,401.51,348.67,27.37,18.71,0.56,-1,-1,-1
190,1120,439.47,412.77,25.51,23.60,0.61,-1,-1,-1
190,1121,591.51,512.92,20.02,29.98,0.56,-1,-1,-1
190,1122,1061.73,309.14,41.87,29.15,0.51,-1,-1,-1
190,1123,627.13,470.39,30.75,37.37,0.65,-1,-1,-1
191,1010,639.59,247.24,40.16,21.02,0.61,-1,-1,-1
191,1013,834.42,272.26,40.76,20.68,0.63,-1,-1,-1
191,1060,698.84,256.14,32.33,17.40,0.70,-1,-1,-1
191,1063,648.34,289.51,46.46,26.56,0.83,-1,-1,-1
191,1069,916.89,308.82,62.29,32.97,0.68,-1,-1,-1
191,1072,592.26,252.04,46.02,22.02,0.52,-1,-1,-1
191,1077,928.66,360.45,71.78,32.40,0.77,-1,-1,-1
191,1082,558.56,253.62,21.53,21.44,0.51,-1,-1,-1
191,1046,510.31,182.08,14.79,14.90,0.35,-1,-1,-1
191,1085,767.04,263.77,35.96,19.75,0.62,-1,-1,-1
191,1090,501.92,649.19,67.93,92.47,0.85,-1,-1,-1
191,1091,590.42,408.48,51.71,65.78,0.26,-1,-1,-1
191,1093,730.96,261.03,35.37,18.61,0.42,-1,-1,-1
191,1098,836.78,285.59,52.49,20.93,0.68,-1,-1,-1
191,1100,798.34,268.09,47.65,21.64,0.70,-1,-1,-1
191,1102,691.88,292.99,30.12,29.39,0.63,-1,-1,-1
191,998,470.86,288.87,25.49,25.51,0.20,-1,-1,-1
191,1106,613.83,272.08,53.68,24.62,0.55,-1,-1,-1
191,1107,643.07,667.05,30.81,38.57,0.45,-1,-1,-1
191,1109,560.23,394.67,11.91,24.42,0.21,-1,-1,-1
191,1110,637.06,286.46,45.43,22.69,0.43,-1,-1,-1
191,1111,554.38,370.26,73.69,32.68,0.79,-1,-1,-1
191,1113,736.02,296.27,25.95,29.36,0.56,-1,-1,-1
191,1114,1038.37,361.88,43.96,26.90,0.24,-1,-1,-1
191,1116,503.29,512.64,65.28,51.35,0.81,-1,-1,-1
191,1117,1040.13,376.91,81.38,35.75,0.59,-1,-1,-1
191,1118,443.46,451.99,15.26,32.87,0.59,-1,-1,-1
191,1119,403.62,349.72,27.06,18.41,0.64,-1,-1,-1
191,1120,436.11,413.35,26.06,24.28,0.53,-1,-1,-1
191,1121,591.32,515.03,20.44,30.62,0.57,-1,-1,-1
191,1122,1062.21,309.42,43.27,30.26,0.45,-1,-1,-1
191,1123,630.23,471.75,32.24,38.85,0.52,-1,-1,-1
191,1124,440.16,226.62,18.98,21.98,0.56,-1,-1,-1
192,1010,639.61,247.38,40.51,21.25,0.66,-1,-1,-1
192,1013,835.59,273.08,39.26,19.80,0.68,-1,-1,-1
192,1060,699.12,256.58,32.47,17.38,0.74,-1,-1,-1
192,1063,648.49,290.28,46.07,26.45,0.84,-1,-1,-1
192,1069,917.86,309.17,62.05,33.11,0.65,-1,-1,-1
192,1072,590.50,251.93,46.60,22.29,0.61,-1,-1,-1
192,1077,931.07,361.06,71.08,32.62,0.76,-1,-1,-1
192,1082,558.45,253.90,21.74,21.67,0.47,-1,-1,-1
192,1046,510.09,182.42,14.58,14.60,0.20,-1,-1,-1
192,1085,767.07,264.15,36.15,19.74,0.68,-1,-1,-1
192,1090,500.66,653.94,68.47,93.96,0.83,-1,-1,-1
192,1091,588.56,409.68,52.17,65.77,0.62,-1,-1,-1
192,1093,731.97,262.04,34.92,18.27,0.41,-1,-1,-1
192,1098,838.14,286.47,51.55,20.56,0.61,-1,-1,-1
192,1100,797.40,268.55,47.31,21.46,0.68,-1,-1,-1
192,1102,691.95,293.31,30.08,29.60,0.67,-1,-1,-1
192,998,470.13,288.17,26.34,26.64,0.29,-1,-1,-1
192,1106,612.93,272.77,54.32,24.76,0.50,-1,-1,-1
192,1107,643.86,669.75,31.67,39.80,0.11,-1,-1,-1
192,1109,560.36,397.19,11.86,23.63,0.22,-1,-1,-1
192,1110,638.07,286.18,45.76,22.64,0.53,-1,-1,-1
192,1111,550.35,372.08,74.65,33.17,0.86,-1,-1,-1
192,1113,736.26,296.95,26.15,29.70,0.58,-1,-1,-1
192,1114,1040.19,360.59,43.44,25.68,0.36,-1,-1,-1
192,1116,502.07,515.76,66.03,53.12,0.81,-1,-1,-1
192,1117,1039.42,378.93,81.39,35.86,0.65,-1,-1,-1
192,1118,443.78,454.26,15.26,32.89,0.55,-1,-1,-1
192,1119,405.86,350.81,26.79,18.15,0.62,-1,-1,-1
192,1120,432.92,414.58,25.37,23.78,0.62,-1,-1,-1
192,1121,589.61,514.20,22.70,34.26,0.63,-1,-1,-1
192,1122,1064.70,310.19,42.42,29.87,0.66,-1,-1,-1
192,1123,627.40,472.41,33.23,40.09,0.63,-1,-1,-1
192,1124,439.62,226.66,19.38,22.45,0.58,-1,-1,-1
193,1010,639.02,247.60,41.18,21.71,0.60,-1,-1,-1
193,1013,836.24,273.90,38.86,19.45,0.72,-1,-1,-1
193,1060,699.18,256.81,32.82,17.51,0.73,-1,-1,-1
193,1063,648.88,291.31,44.99,25.84,0.84,-1,-1,-1
193,1069,918.96,310.23,61.52,33.00,0.56,-1,-1,-1
193,1072,589.33,252.41,46.62,22.18,0.64,-1,-1,-1
193,1077,931.76,362.09,71.05,33.01,0.68,-1,-1,-1
193,1082,558.22,254.14,21.73,21.70,0.58,-1,-1,-1
193,1046,509.47,182.08,14.82,14.85,0.29,-1,-1,-1
193,1085,766.09,264.42,36.26,19.89,0.66,-1,-1,-1
193,1090,499.21,658.30,69.13,95.22,0.82,-1,-1,-1
193,1091,586.64,410.38,53.78,67.31,0.46,-1,-1,-1
193,1093,731.72,262.09,36.01,18.82,0.35,-1,-1,-1
193,1098,838.65,287.17,51.83,20.67,0.65,-1,-1,-1
193,1100,796.62,268.61,48.45,21.97,0.67,-1,-1,-1
193,1102,692.23,294.02,29.74,29.44,0.65,-1,-1,-1
193,998,469.86,289.50,25.48,25.87,0.33,-1,-1,-1
193,1106,611.96,273.61,54.52,24.63,0.44,-1,-1,-1
193,1107,644.72,672.55,33.04,41.91,0.46,-1,-1,-1
193,1109,560.28,399.34,11.79,22.65,0.36,-1,-1,-1
193,1110,639.29,286.23,46.97,22.99,0.55,-1,-1,-1
193,1111,545.78,373.44,77.12,34.43,0.85,-1,-1,-1
193,1113,736.40,297.52,26.36,29.97,0.58,-1,-1,-1
193,1114,1041.41,360.57,44.83,26.03,0.26,-1,-1,-1
193,1116,500.81,518.02,67.38,55.60,0.82,-1,-1,-1
193,1117,1035.93,380.48,83.02,36.46,0.70,-1,-1,-1
193,1118,443.99,455.95,15.01,32.21,0.54,-1,-1,-1
193,1119,408.39,352.13,25.92,17.48,0.67,-1,-1,-1
193,1120,430.09,415.98,24.65,23.34,0.50,-1,-1,-1
193,1121,587.80,512.35,25.33,38.75,0.63,-1,-1,-1
193,1122,1065.97,310.63,42.29,30.02,0.75,-1,-1,-1
193,1123,626.40,474.69,32.50,39.26,0.57,-1,-1,-1
193,1124,438.77,226.29,19.85,23.04,0.35,-1,-1,-1
193,1125,652.09,381.88,23.37,17.15,0.63,-1,-1,-1
194,1010,638.79,247.98,41.17,21.79,0.52,-1,-1,-1
194,1013,836.33,274.35,39.74,19.80,0.71,-1,-1,-1
194,1060,698.80,257.06,33.83,18.07,0.75,-1,-1,-1
194,1063,649.09,292.00,44.80,25.79,0.84,-1,-1,-1
194,1069,920.61,310.98,61.23,32.70,0.58,-1,-1,-1
194,1072,590.78,253.07,45.59,21.56,0.56,-1,-1,-1
194,1077,930.69,362.98,71.79,33.51,0.70,-1,-1,-1
194,1082,557.81,253.85,22.33,22.33,0.64,-1,-1,-1
194,1046,508.93,182.20,14.69,14.75,0.22,-1,-1,-1
194,1085,766.61,265.00,36.18,19.82,0.67,-1,-1,-1
194,1090,499.30,664.68,66.62,91.32,0.51,-1,-1,-1
194,1091,585.41,410.63,54.83,68.39,0.19,-1,-1,-1
194,1093,731.87,262.98,35.60,18.51,0.45,-1,-1,-1
194,1098,838.90,287.59,53.12,21.14,0.68,-1,-1,-1
194,1100,796.74,268.68,49.49,22.50,0.63,-1,-1,-1
194,1102,692.36,294.64,29.68,29.47,0.62,-1,-1,-1
194,998,469.58,290.68,24.81,25.17,0.35,-1,-1,-1
194,1106,611.39,274.27,55.23,24.80,0.44,-1,-1,-1
194,1107,645.74,672.95,35.35,46.22,0.38,-1,-1,-1
194,1109,560.62,399.94,12.27,23.09,0.22,-1,-1,-1
194,1110,637.92,287.00,47.54,23.21,0.63,-1,-1,-1
194,1111,543.71,375.39,74.56,33.22,0.85,-1,-1,-1
194,1113,736.78,298.48,26.34,29.95,0.50,-1,-1,-1
194,1114,1040.98,363.15,46.49,26.67,0.22,-1,-1,-1
194,1116,500.07,520.44,67.41,57.02,0.82,-1,-1,-1
194,1117,1032.84,381.23,86.05,37.66,0.76,-1,-1,-1
194,1118,444.06,457.75,15.00,32.16,0.53,-1,-1,-1
194,1119,410.68,353.27,25.76,17.27,0.57,-1,-1,-1
194,1120,425.95,415.26,25.42,24.49,0.58,-1,-1,-1
194,1121,587.12,512.97,26.35,41.03,0.42,-1,-1,-1
194,1122,1068.61,311.45,41.98,30.11,0.70,-1,-1,-1
194,1123,625.31,476.73,31.98,38.74,0.66,-1,-1,-1
194,1124,437.79,225.50,20.47,23.83,0.27,-1,-1,-1
194,1125,648.76,382.87,23.92,17.52,0.72,-1,-1,-1
195,1010,638.39,248.42,41.04,21.81,0.44,-1,-1,-1
195,1013,836.42,274.83,40.60,20.19,0.66,-1,-1,-1
195,1060,698.08,257.25,34.52,18.54,0.68,-1,-1,-1
195,1063,648.69,292.36,45.40,26.14,0.84,-1,-1,-1
195,1069,922.01,312.57,60.59,32.28,0.68,-1,-1,-1
195,1072,591.53,253.61,45.06,21.22,0.45,-1,-1,-1
195,1077,929.17,364.12,72.44,33.71,0.75,-1,-1,-1
195,1082,557.62,254.14,22.37,22.31,0.63,-1,-1,-1
195,1046,508.52,182.05,14.82,14.85,0.22,-1,-1,-1
195,1085,766.92,265.99,35.84,19.58,0.67,-1,-1,-1
195,1090,500.01,670.67,63.10,85.33,0.29,-1,-1,-1
195,1091,584.17,411.07,56.04,69.57,0.47,-1,-1,-1
195,1093,730.70,262.57,37.59,19.64,0.44,-1,-1,-1
195,1098,839.49,288.36,53.81,21.42,0.64,-1,-1,-1
195,1100,799.35,269.42,48.35,22.18,0.64,-1,-1,-1
195,1102,692.37,295.18,30.04,29.94,0.61,-1,-1,-1
195,998,469.01,292.42,23.97,24.27,0.32,-1,-1,-1
195,1106,610.84,275.02,55.78,24.85,0.42,-1,-1,-1
195,1107,645.60,676.35,35.58,47.37,0.15,-1,-1,-1
195,1109,560.29,405.22,11.21,19.47,0.51,-1,-1,-1
195,1110,637.47,287.98,47.81,23.36,0.56,-1,-1,-1
195,1111,540.66,377.41,74.12,33.05,0.86,-1,-1,-1
195,1113,737.22,299.83,26.22,29.87,0.45,-1,-1,-1
195,1114,1042.91,365.93,47.64,26.87,0.17,-1,-1,-1
195,1116,499.69,523.25,66.69,57.79,0.82,-1,-1,-1
195,1117,1034.81,382.72,81.17,35.40,0.68,-1,-1,-1
195,1118,444.19,459.59,15.72,33.85,0.55,-1,-1,-1
195,1119,412.06,353.84,26.63,17.77,0.58,-1,-1,-1
195,1120,422.95,415.75,25.09,24.50,0.58,-1,-1,-1
195,1121,587.46,516.72,25.50,40.14,0.20,-1,-1,-1
195,1122,1070.79,312.54,40.74,29.49,0.77,-1,-1,-1
195,1123,624.81,478.43,32.31,39.23,0.63,-1,-1,-1
195,1124,437.50,226.77,19.85,23.14,0.15,-1,-1,-1
195,1125,644.99,383.35,25.19,18.43,0.65,-1,-1,-1
196,1010,637.59,249.15,39.85,21.36,0.51,-1,-1,-1
196,1013,836.44,275.32,41.60,20.68,0.66,-1,-1,-1
196,1060,698.15,257.83,34.83,18.74,0.63,-1,-1,-1
196,1063,647.52,292.48,46.90,27.02,0.84,-1,-1,-1
196,1069,923.00,314.10,60.00,31.83,0.77,-1,-1,-1
196,1072,590.54,254.11,46.03,21.67,0.62,-1,-1,-1
196,1077,929.85,366.16,72.35,33.56,0.75,-1,-1,-1
196,1082,557.37,255.11,22.25,22.07,0.60,-1,-1,-1
196,1085,767.32,266.55,36.53,19.83,0.67,-1,-1,-1
196,1090,500.29,675.04,60.79,80.96,0.48,-1,-1,-1
196,1091,582.86,411.59,57.40,71.23,0.16,-1,-1,-1
196,1093,728.23,261.95,38.88,20.46,0.42,-1,-1,-1
196,1098,840.47,289.13,54.26,21.47,0.67,-1,-1,-1
196,1100,799.76,270.05,48.80,22.54,0.62,-1,-1,-1
196,1102,692.44,295.57,30.39,30.42,0.61,-1,-1,-1
196,998,467.80,291.80,25.44,25.82,0.34,-1,-1,-1
196,1106,609.66,275.16,57.11,25.24,0.55,-1,-1,-1
196,1107,648.70,682.33,31.94,43.88,0.52,-1,-1,-1
196,1109,559.35,408.07,11.15,18.20,0.13,-1,-1,-1
196,1110,636.69,288.10,48.39,23.68,0.56,-1,-1,-1
196,1111,537.22,379.27,74.61,33.31,0.85,-1,-1,-1
196,1113,737.12,300.66,26.70,30.54,0.50,-1,-1,-1
196,1114,1045.99,368.12,52.08,28.66,0.20,-1,-1,-1
196,1116,499.34,525.83,65.63,58.17,0.82,-1,-1,-1
196,1117,1028.02,383.75,82.56,36.01,0.65,-1,-1,-1
196,1118,444.76,460.84,15.56,33.62,0.53,-1,-1,-1
196,1119,412.40,352.52,29.65,19.96,0.61,-1,-1,-1
196,1120,420.33,417.44,24.19,23.90,0.56,-1,-1,-1
196,1121,587.59,521.58,24.40,38.70,0.31,-1,-1,-1
196,1122,1071.97,313.41,40.73,29.76,0.71,-1,-1,-1
196,1123,624.76,479.89,32.83,39.86,0.64,-1,-1,-1
196,1124,437.24,227.43,19.66,22.91,0.20,-1,-1,-1
196,1125,641.79,385.15,25.17,18.37,0.64,-1,-1,-1
197,1010,637.47,250.16,38.55,20.81,0.53,-1,-1,-1
197,1013,837.07,275.68,41.94,20.93,0.65,-1,-1,-1
197,1060,698.10,258.40,35.48,19.12,0.64,-1,-1,-1
197,1063,647.23,292.81,47.76,27.58,0.84,-1,-1,-1
197,1069,923.05,314.57,60.91,32.38,0.77,-1,-1,-1
197,1072,589.22,254.31,46.63,21.88,0.61,-1,-1,-1
197,1077,932.47,367.77,70.09,32.32,0.77,-1,-1,-1
197,1082,557.29,255.70,22.12,21.79,0.59,-1,-1,-1
197,1085,766.42,266.62,37.26,20.31,0.69,-1,-1,-1
197,1090,500.40,678.98,59.31,77.02,0.48,-1,-1,-1
197,1091,582.39,413.00,57.45,71.08,0.28,-1,-1,-1
197,1093,728.85,262.25,39.77,21.03,0.53,-1,-1,-1
197,1098,841.46,289.71,54.34,21.37,0.65,-1,-1,-1
197,1100,800.23,270.58,48.65,22.64,0.66,-1,-1,-1
197,1102,692.60,296.07,30.53,30.68,0.56,-1,-1,-1
197,998,467.11,291.88,25.91,26.34,0.17,-1,-1,-1
197,1106,609.41,275.61,56.42,24.59,0.50,-1,-1,-1
197,1107,649.67,688.80,30.64,43.34,0.34,-1,-1,-1
197,1109,559.29,407.38,12.52,20.26,0.35,-1,-1,-1
197,1110,635.22,288.99,47.81,23.46,0.51,-1,-1,-1
197,1111,532.31,381.21,77.61,34.87,0.81,-1,-1,-1
197,1113,737.24,301.24,26.76,30.72,0.43,-1,-1,-1
197,1114,1047.85,367.52,58.12,31.41,0.13,-1,-1,-1
197,1116,499.22,528.96,64.53,58.39,0.81,-1,-1,-1
197,1117,1026.46,386.15,80.84,35.06,0.64,-1,-1,-1
197,1118,444.92,463.04,15.82,34.34,0.59,-1,-1,-1
197,1119,413.91,352.36,30.62,20.79,0.39,-1,-1,-1
197,1120,418.04,419.87,22.30,21.98,0.45,-1,-1,-1
197,1121,587.16,524.56,24.23,38.79,0.25,-1,-1,-1
197,1122,1074.38,314.32,40.76,30.12,0.67,-1,-1,-1
197,1123,624.34,480.94,33.94,41.30,0.65,-1,-1,-1
197,1124,436.73,228.01,19.55,22.80,0.11,-1,-1,-1
197,1125,637.60,386.49,25.94,18.93,0.73,-1,-1,-1
197,1126,839.90,363.76,56.05,25.72,0.75,-1,-1,-1
198,1010,637.41,251.18,37.65,20.38,0.55,-1,-1,-1
198,1013,837.81,275.81,42.46,21.34,0.66,-1,-1,-1
198,1060,698.15,259.16,34.78,18.72,0.60,-1,-1,-1
198,1063,647.04,293.55,48.22,27.97,0.81,-1,-1,-1
198,1069,923.45,315.60,61.25,32.60,0.72,-1,-1,-1
198,1072,588.49,254.34,47.14,22.09,0.52,-1,-1,-1
198,1077,932.79,368.78,71.01,32.64,0.70,-1,-1,-1
198,1082,557.50,256.19,22.42,21.79,0.56,-1,-1,-1
198,1085,766.23,267.07,37.29,20.41,0.71,-1,-1,-1
198,1091,581.16,414.07,59.03,73.04,0.23,-1,-1,-1
198,1093,728.51,261.92,40.96,21.88,0.35,-1,-1,-1
198,1098,841.20,289.92,55.47,21.80,0.66,-1,-1,-1
198,1100,799.20,270.77,49.74,23.33,0.67,-1,-1,-1
198,1102,692.98,298.37,29.22,29.37,0.45,-1,-1,-1
198,998,466.71,294.02,24.68,24.95,0.27,-1,-1,-1
198,1106,603.43,274.82,51.87,23.03,0.54,-1,-1,-1
198,1107,646.37,697.68,32.27,45.47,0.48,-1,-1,-1
198,1109,558.64,408.31,12.73,20.33,0.49,-1,-1,-1
198,1110,634.66,289.55,47.00,23.07,0.47,-1,-1,-1
198,1111,527.64,383.25,78.89,35.62,0.83,-1,-1,-1
198,1113,737.24,301.62,26.65,30.62,0.38,-1,-1,-1
198,1114,1053.10,371.41,59.07,31.32,0.34,-1,-1,-1
198,1116,498.05,531.86,64.60,59.87,0.77,-1,-1,-1
198,1117,1023.49,387.07,83.22,36.07,0.80,-1,-1,-1
198,1118,445.36,464.47,15.60,33.90,0.53,-1,-1,-1
198,1119,416.00,353.93,29.89,20.33,0.33,-1,-1,-1
198,1120,416.29,422.15,20.20,19.69,0.30,-1,-1,-1
198,1121,586.38,527.76,24.41,39.43,0.54,-1,-1,-1
198,1122,1076.26,315.49,40.25,30.09,0.71,-1,-1,-1
198,1123,624.12,483.15,34.13,41.59,0.67,-1,-1,-1
198,1124,435.99,228.32,19.61,22.89,0.30,-1,-1,-1
198,1125,634.33,388.14,25.97,18.92,0.72,-1,-1,-1
198,1126,844.57,365.00,54.85,25.17,0.71,-1,-1,-1
199,1010,638.67,252.44,36.27,19.59,0.51,-1,-1,-1
199,1013,837.91,276.24,42.35,21.38,0.68,-1,-1,-1
199,1060,698.13,259.67,34.77,18.64,0.60,-1,-1,-1
199,1063,647.13,294.89,47.53,27.56,0.79,-1,-1,-1
199,1069,925.43,317.06,60.57,32.23,0.74,-1,-1,-1
199,1072,588.71,254.99,47.62,22.29,0.62,-1,-1,-1
199,1077,936.15,369.70,68.66,31.47,0.70,-1,-1,-1
199,1082,556.66,256.47,22.95,22.19,0.55,-1,-1,-1
199,1085,765.36,268.15,36.72,20.40,0.69,-1,-1,-1
199,1091,581.20,416.19,58.95,72.73,0.23,-1,-1,-1
199,1093,730.24,263.04,39.36,21.23,0.28,-1,-1,-1
199,1098,841.04,290.43,56.21,22.10,0.67,-1,-1,-1
199,1100,800.76,271.95,48.58,23.06,0.69,-1,-1,-1
199,1102,693.24,298.52,29.45,29.56,0.52,-1,-1,-1
199,998,465.62,294.82,24.62,24.80,0.46,-1,-1,-1
199,1106,601.60,274.71,50.15,22.61,0.47,-1,-1,-1
199,1107,645.53,705.38,30.92,42.31,0.51,-1,-1,-1
199,1109,558.39,409.30,12.94,20.33,0.53,-1,-1,-1
199,1110,635.95,290.20,47.49,23.27,0.49,-1,-1,-1
199,1111,523.32,384.77,79.07,35.89,0.87,-1,-1,-1
199,1113,736.93,301.94,27.29,31.24,0.26,-1,-1,-1
199,1114,1054.45,369.50,64.46,34.05,0.23,-1,-1,-1
199,1116,497.87,535.11,63.59,60.10,0.79,-1,-1,-1
199,1117,1021.08,388.52,83.30,36.09,0.65,-1,-1,-1
199,1118,445.27,466.57,16.21,35.29,0.56,-1,-1,-1
199,1119,417.89,354.97,30.15,20.61,0.23,-1,-1,-1
199,1120,411.69,422.73,20.97,20.51,0.49,-1,-1,-1
199,1121,585.17,528.20,26.14,42.88,0.40,-1,-1,-1
199,1122,1076.82,316.38,40.83,30.79,0.73,-1,-1,-1
199,1123,624.63,485.26,33.69,41.11,0.67,-1,-1,-1
199,1125,630.53,390.11,25.93,18.82,0.83,-1,-1,-1
199,1126,838.79,367.03,60.00,27.44,0.70,-1,-1,-1
199,1127,678.91,387.36,32.12,20.55,0.64,-1,-1,-1
200,1010,639.81,250.58,39.49,21.47,0.40,-1,-1,-1
200,1013,839.11,277.07,40.58,20.42,0.71,-1,-1,-1
200,1060,698.26,260.28,34.27,18.33,0.59,-1,-1,-1
200,1063,648.45,296.19,46.11,26.74,0.77,-1,-1,-1
200,1069,926.78,318.09,60.48,32.14,0.72,-1,-1,-1
200,1072,588.77,255.47,47.74,22.25,0.63,-1,-1,-1
200,1077,937.00,371.26,69.30,31.55,0.66,-1,-1,-1
200,1082,556.03,257.33,22.49,21.73,0.44,-1,-1,-1
200,1085,765.27,268.99,35.89,20.26,0.69,-1,-1,-1
200,1091,581.84,419.14,57.88,70.88,0.28,-1,-1,-1
200,1093,731.11,263.98,38.44,20.81,0.29,-1,-1,-1
200,1098,841.82,291.68,55.06,21.58,0.66,-1,-1,-1
200,1100,802.53,273.21,46.95,22.51,0.71,-1,-1,-1
200,1102,692.89,299.34,30.09,30.19,0.58,-1,-1,-1
200,998,464.57,294.59,25.73,25.96,0.46,-1,-1,-1
200,1106,600.61,274.17,49.02,22.37,0.45,-1,-1,-1
200,1107,641.57,712.40,31.69,40.64,0.18,-1,-1,-1
200,1109,558.04,409.75,13.61,21.22,0.43,-1,-1,-1
200,1110,635.99,290.77,47.28,23.15,0.48,-1,-1,-1
200,1111,519.97,386.83,79.09,36.02,0.90,-1,-1,-1
200,1113,736.68,302.71,27.73,31.74,0.51,-1,-1,-1
200,1114,1051.35,370.12,64.54,34.23,0.31,-1,-1,-1
200,1116,497.34,538.35,63.41,61.15,0.80,-1,-1,-1
200,1117,1019.94,391.36,79.55,34.27,0.69,-1,-1,-1
200,1118,445.94,469.11,16.28,35.33,0.56,-1,-1,-1
200,1119,419.94,355.25,30.25,20.87,0.44,-1,-1,-1
200,1120,408.70,424.32,20.28,19.84,0.42,-1,-1,-1
200,1121,586.13,537.69,22.82,37.16,0.46,-1,-1,-1
200,1122,1078.53,317.55,39.71,30.15,0.78,-1,-1,-1
200,1123,624.18,487.14,33.51,40.96,0.39,-1,-1,-1
200,1125,626.73,391.37,27.11,19.69,0.73,-1,-1,-1
200,1126,839.77,368.50,62.29,28.50,0.73,-1,-1,-1
200,1127,676.42,390.59,30.30,19.36,0.63,-1,-1,-1
201,1010,640.65,254.11,35.19,18.90,0.45,-1,-1,-1
201,1013,840.04,277.92,39.98,20.11,0.70,-1,-1,-1
201,1060,697.93,260.83,33.20,17.83,0.64,-1,-1,-1
201,1063,648.11,296.35,47.05,27.39,0.75,-1,-1,-1
201,1069,926.66,317.75,63.58,33.97,0.64,-1,-1,-1
201,1072,588.54,255.58,48.23,22.47,0.65,-1,-1,-1
201,1077,937.74,372.82,72.88,33.25,0.82,-1,-1,-1
201,1082,555.73,257.62,22.72,21.94,0.58,-1,-1,-1
201,1085,765.64,269.69,34.70,19.84,0.63,-1,-1,-1
201,1091,581.89,420.73,57.80,70.37,0.32,-1,-1,-1
201,1093,728.11,264.72,35.45,19.40,0.15,-1,-1,-1
201,1098,842.18,292.71,54.83,21.48,0.71,-1,-1,-1
201,1100,803.82,274.06,46.06,22.29,0.65,-1,-1,-1
201,1102,692.79,300.16,30.32,30.44,0.64,-1,-1,-1
201,998,463.73,295.19,25.87,26.08,0.55,-1,-1,-1
201,1106,600.53,275.21,49.64,22.91,0.35,-1,-1,-1
201,1109,556.03,405.85,16.19,25.83,0.22,-1,-1,-1
201,1110,636.57,291.56,48.99,23.73,0.52,-1,-1,-1
201,1111,516.26,388.93,78.82,36.09,0.88,-1,-1,-1
201,1113,737.43,303.53,27.56,31.56,0.57,-1,-1,-1
201,1114,1054.48,371.21,68.85,36.49,0.31,-1,-1,-1
201,1116,496.58,541.82,62.37,61.23,0.79,-1,-1,-1
201,1117,1017.20,391.88,81.81,35.47,0.67,-1,-1,-1
201,1118,446.67,471.36,16.36,35.29,0.47,-1,-1,-1
201,1119,422.65,356.68,29.25,20.32,0.47,-1,-1,-1
201,1120,404.83,424.56,21.53,21.25,0.48,-1,-1,-1
201,1121,585.97,541.73,22.43,36.45,0.50,-1,-1,-1
201,1122,1080.75,318.43,38.98,29.91,0.78,-1,-1,-1
201,1123,623.47,489.97,34.37,42.41,0.52,-1,-1,-1
201,1125,623.20,392.70,27.83,20.21,0.69,-1,-1,-1
201,1126,838.30,368.94,63.75,29.06,0.75,-1,-1,-1
201,1127,671.82,392.89,30.33,19.35,0.70,-1,-1,-1
201,1128,808.66,305.95,27.25,29.25,0.62,-1,-1,-1
201,1129,789.62,271.64,36.09,21.09,0.63,-1,-1,-1
202,1010,639.74,256.56,31.70,16.98,0.55,-1,-1,-1
202,1013,840.34,278.49,40.19,20.25,0.68,-1,-1,-1
202,1060,697.60,261.29,32.87,17.83,0.61,-1,-1,-1
202,1063,647.76,296.46,47.85,28.06,0.81,-1,-1,-1
202,1069,927.20,317.49,64.74,34.71,0.42,-1,-1,-1
202,1072,587.61,255.97,47.89,22.15,0.65,-1,-1,-1
202,1077,938.96,374.48,72.97,33.21,0.79,-1,-1,-1
202,1082,555.46,257.62,23.11,22.38,0.63,-1,-1,-1
202,1085,768.04,270.32,34.39,19.64,0.61,-1,-1,-1
202,1091,581.07,422.86,58.00,70.35,0.13,-1,-1,-1
202,1093,728.09,265.60,35.61,19.49,0.36,-1,-1,-1
202,1098,842.52,293.35,55.18,21.60,0.68,-1,-1,-1
202,1100,805.51,274.82,45.97,22.32,0.67,-1,-1,-1
202,1102,692.64,300.85,30.54,30.68,0.70,-1,-1,-1
202,998,462.94,294.89,26.67,26.92,0.50,-1,-1,-1
202,1106,600.99,276.34,48.59,22.46,0.24,-1,-1,-1
202,1109,556.11,406.17,15.85,25.87,0.20,-1,-1,-1
202,1110,636.79,292.10,49.94,23.93,0.51,-1,-1,-1
202,1111,511.22,390.54,81.51,37.65,0.84,-1,-1,-1
202,1113,737.61,304.39,27.99,32.23,0.42,-1,-1,-1
202,1114,1049.71,374.21,62.45,33.40,0.10,-1,-1,-1
202,1116,495.20,544.99,63.41,63.60,0.83,-1,-1,-1
202,1117,1014.97,393.96,79.29,34.15,0.72,-1,-1,-1
202,1118,447.19,474.26,16.75,36.12,0.52,-1,-1,-1
202,1119,426.09,359.33,27.11,18.81,0.45,-1,-1,-1
202,1120,401.30,424.40,22.54,22.49,0.58,-1,-1,-1
202,1121,585.84,544.30,22.12,35.76,0.15,-1,-1,-1
202,1122,1081.67,318.89,40.21,31.17,0.70,-1,-1,-1
202,1123,624.11,492.89,33.77,41.67,0.29,-1,-1,-1
202,1125,618.36,392.48,30.38,22.25,0.69,-1,-1,-1
202,1126,835.22,370.12,67.53,30.69,0.70,-1,-1,-1
202,1127,666.46,393.25,32.24,20.61,0.64,-1,-1,-1
202,1128,809.65,307.26,27.18,29.14,0.58,-1,-1,-1
202,1129,790.87,271.69,37.36,21.74,0.62,-1,-1,-1
203,1010,638.27,254.51,35.77,19.29,0.60,-1,-1,-1
203,1013,840.52,278.85,41.19,20.71,0.64,-1,-1,-1
203,1060,697.46,261.54,32.89,18.05,0.65,-1,-1,-1
203,1063,647.79,297.29,48.07,28.32,0.85,-1,-1,-1
203,1069,929.61,320.44,60.29,32.25,0.61,-1,-1,-1
203,1072,586.64,256.77,48.10,22.10,0.61,-1,-1,-1
203,1077,940.82,375.79,73.26,33.33,0.75,-1,-1,-1
203,1082,555.21,257.76,23.67,23.05,0.53,-1,-1,-1
203,1085,770.45,270.65,36.18,20.30,0.62,-1,-1,-1
203,1091,580.63,424.67,58.93,71.18,0.39,-1,-1,-1
203,1093,721.95,264.67,37.33,20.33,0.51,-1,-1,-1
203,1098,843.74,293.91,55.50,21.75,0.72,-1,-1,-1
203,1100,806.66,275.21,46.64,22.64,0.67,-1,-1,-1
203,1102,693.05,301.82,30.22,30.30,0.73,-1,-1,-1
203,998,462.31,295.79,26.89,27.19,0.53,-1,-1,-1
203,1106,601.45,278.03,45.60,21.10,0.22,-1,-1,-1
203,1109,557.94,412.76,13.77,21.93,0.30,-1,-1,-1
203,1110,635.70,292.22,52.11,24.84,0.62,-1,-1,-1
203,1111,507.17,393.04,82.17,38.17,0.85,-1,-1,-1
203,1113,737.67,304.61,28.48,33.08,0.21,-1,-1,-1
203,1114,1050.82,374.30,62.04,33.43,0.26,-1,-1,-1
203,1116,495.29,548.70,61.93,63.12,0.84,-1,-1,-1
203,1117,1013.42,394.05,79.79,34.24,0.68,-1,-1,-1
203,1118,448.00,476.54,16.23,34.77,0.51,-1,-1,-1
203,1119,428.11,360.29,26.90,18.57,0.52,-1,-1,-1
203,1120,398.54,424.60,22.84,22.95,0.63,-1,-1,-1
203,1121,585.55,549.76,21.73,34.63,0.58,-1,-1,-1
203,1122,1084.21,319.97,39.70,31.13,0.73,-1,-1,-1
203,1123,623.74,494.57,33.99,42.14,0.49,-1,-1,-1
203,1125,615.45,393.66,30.38,22.43,0.73,-1,-1,-1
203,1126,837.93,371.64,65.18,29.34,0.73,-1,-1,-1
203,1127,662.91,394.21,32.84,20.97,0.65,-1,-1,-1
203,1128,809.55,307.25,28.65,30.74,0.50,-1,-1,-1
203,1129,790.33,272.15,37.83,21.93,0.54,-1,-1,-1
204,1010,637.19,254.61,36.21,19.72,0.62,-1,-1,-1
204,1013,840.60,279.06,42.12,21.13,0.68,-1,-1,-1
204,1060,697.69,261.60,34.17,18.85,0.66,-1,-1,-1
204,1063,648.25,298.23,47.78,28.22,0.85,-1,-1,-1
204,1069,932.11,322.75,57.07,30.41,0.59,-1,-1,-1
204,1072,586.97,256.50,49.35,22.75,0.59,-1,-1,-1
204,1077,943.58,376.45,74.79,33.56,0.76,-1,-1,-1
204,1082,555.01,257.92,24.10,23.64,0.44,-1,-1,-1
204,1085,771.79,270.94,37.53,20.70,0.67,-1,-1,-1
204,1091,580.12,426.60,58.93,70.91,0.23,-1,-1,-1
204,1093,723.24,264.45,40.39,21.80,0.48,-1,-1,-1
204,1098,844.78,294.70,55.22,21.68,0.70,-1,-1,-1
204,1100,806.82,275.68,46.39,22.58,0.66,-1,-1,-1
204,1102,693.23,302.64,30.28,30.32,0.70,-1,-1,-1
204,998,461.93,296.84,26.89,27.26,0.61,-1,-1,-1
204,1106,607.72,280.00,51.22,23.24,0.52,-1,-1,-1
204,1109,558.26,412.21,14.80,23.93,0.29,-1,-1,-1
204,1110,634.30,292.34,52.68,25.00,0.59,-1,-1,-1
204,1111,503.60,395.26,81.90,38.31,0.81,-1,-1,-1
204,1113,738.24,305.42,27.87,32.57,0.24,-1,-1,-1
204,1114,1056.03,375.49,77.52,41.61,0.53,-1,-1,-1
204,1116,494.60,551.55,62.68,64.97,0.83,-1,-1,-1
204,1117,1009.89,395.98,81.68,34.97,0.69,-1,-1,-1
204,1118,448.75,478.85,16.68,35.94,0.44,-1,-1,-1
204,1119,430.39,361.30,26.77,18.40,0.57,-1,-1,-1
204,1120,394.83,423.90,24.15,24.72,0.55,-1,-1,-1
204,1121,584.52,550.94,23.64,37.88,0.19,-1,-1,-1
204,1122,1087.06,320.98,38.51,30.44,0.74,-1,-1,-1
204,1123,623.80,495.63,34.75,43.26,0.28,-1,-1,-1
204,1125,612.10,395.59,29.96,22.24,0.78,-1,-1,-1
204,1126,835.82,372.65,69.27,31.12,0.76,-1,-1,-1
204,1127,658.69,395.12,33.24,21.26,0.68,-1,-1,-1
204,1128,809.96,307.97,28.79,30.94,0.62,-1,-1,-1
204,1129,789.84,272.86,37.97,21.92,0.47,-1,-1,-1
204,1130,360.02,352.36,13.78,26.00,0.61,-1,-1,-1
204,1108,864.94,393.14,54.30,21.85,0.73,-1,-1,-1
205,1010,637.07,254.79,36.81,20.19,0.57,-1,-1,-1
205,1013,841.04,279.83,42.57,21.34,0.65,-1,-1,-1
205,1060,698.58,262.29,34.32,18.94,0.70,-1,-1,-1
205,1063,648.31,299.38,47.25,27.89,0.84,-1,-1,-1
205,1069,932.39,323.33,58.90,31.48,0.64,-1,-1,-1
205,1072,587.03,256.98,49.66,23.01,0.55,-1,-1,-1
205,1077,944.68,377.67,74.01,32.91,0.73,-1,-1,-1
205,1082,554.86,258.71,23.66,23.43,0.34,-1,-1,-1
205,1085,770.67,271.36,37.55,20.71,0.70,-1,-1,-1
205,1091,580.81,429.95,58.31,69.82,0.14,-1,-1,-1
205,1093,719.80,264.69,40.16,21.50,0.27,-1,-1,-1
205,1098,845.53,295.29,56.31,22.12,0.66,-1,-1,-1
205,1100,806.18,276.12,46.58,22.66,0.60,-1,-1,-1
205,1102,693.86,303.60,30.14,30.13,0.74,-1,-1,-1
205,998,460.90,297.32,27.56,28.19,0.57,-1,-1,-1
205,1106,611.72,281.75,53.67,24.00,0.54,-1,-1,-1
205,1109,558.75,414.85,14.40,23.23,0.31,-1,-1,-1
205,1110,635.39,293.49,52.35,24.86,0.60,-1,-1,-1
205,1111,499.91,398.06,81.89,38.66,0.85,-1,-1,-1
205,1113,739.21,307.07,27.11,31.62,0.41,-1,-1,-1
205,1114,1055.46,376.15,73.01,39.31,0.13,-1,-1,-1
205,1116,494.31,554.98,62.16,65.24,0.86,-1,-1,-1
205,1117,1009.08,397.10,81.76,35.12,0.69,-1,-1,-1
205,1118,449.61,480.64,16.55,35.45,0.57,-1,-1,-1
205,1119,431.37,361.47,27.89,19.31,0.52,-1,-1,-1
205,1120,391.05,424.00,24.38,25.34,0.67,-1,-1,-1
205,1121,585.80,557.01,22.24,35.52,0.50,-1,-1,-1
205,1122,1086.82,320.91,40.33,32.01,0.72,-1,-1,-1
205,1123,623.80,497.04,35.04,43.96,0.43,-1,-1,-1
205,1125,609.47,398.85,28.11,20.83,0.69,-1,-1,-1
205,1126,837.79,375.04,66.97,29.80,0.77,-1,-1,-1
205,1127,654.24,397.03,33.38,21.34,0.72,-1,-1,-1
205,1128,810.26,308.23,29.18,31.40,0.62,-1,-1,-1
205,1129,792.58,274.21,38.48,21.98,0.56,-1,-1,-1
205,1130,360.74,352.85,14.41,27.23,0.46,-1,-1,-1
205,1108,863.93,394.40,57.46,22.48,0.61,-1,-1,-1
206,1010,637.80,254.42,38.90,21.39,0.65,-1,-1,-1
206,1013,842.17,280.83,41.72,20.86,0.71,-1,-1,-1
206,1060,699.10,263.18,34.95,19.25,0.67,-1,-1,-1
206,1063,647.47,299.89,48.38,28.61,0.84,-1,-1,-1
206,1069,934.16,323.82,60.14,32.12,0.71,-1,-1,-1
206,1072,588.91,258.10,48.04,22.33,0.53,-1,-1,-1
206,1077,945.13,379.36,73.19,32.31,0.69,-1,-1,-1
206,1082,555.00,259.92,22.83,22.54,0.51,-1,-1,-1
206,1085,768.88,272.03,37.88,21.09,0.71,-1,-1,-1
206,1091,579.43,429.79,60.03,71.65,0.14,-1,-1,-1
206,1098,846.69,296.61,56.49,22.07,0.66,-1,-1,-1
206,1100,807.04,276.88,45.92,22.41,0.63,-1,-1,-1
206,1102,694.24,304.22,30.48,30.51,0.72,-1,-1,-1
206,998,460.56,298.48,27.32,28.09,0.56,-1,-1,-1
206,1106,612.76,282.73,55.17,24.31,0.56,-1,-1,-1
206,1109,559.82,415.97,14.51,23.59,0.43,-1,-1,-1
206,1110,634.88,294.41,52.48,25.01,0.61,-1,-1,-1
206,1111,496.33,400.48,81.40,38.75,0.88,-1,-1,-1
206,1113,739.96,307.93,26.59,30.86,0.57,-1,-1,-1
206,1114,1052.79,378.93,80.98,43.97,0.20,-1,-1,-1
206,1116,493.19,558.45,63.33,67.50,0.84,-1,-1,-1
206,1117,1004.47,398.22,85.70,36.90,0.76,-1,-1,-1
206,1118,450.17,482.92,17.06,36.49,0.44,-1,-1,-1
206,1119,433.62,361.99,28.64,19.88,0.51,-1,-1,-1
206,1120,388.54,425.05,23.66,24.87,0.56,-1,-1,-1
206,1121,585.88,562.26,21.59,34.25,0.53,-1,-1,-1
206,1122,1088.12,322.06,40.42,32.10,0.74,-1,-1,-1
206,1123,624.89,500.26,34.17,42.89,0.44,-1,-1,-1
206,1125,606.09,401.06,27.72,20.52,0.64,-1,-1,-1
206,1126,840.79,377.45,63.54,27.88,0.77,-1,-1,-1
206,1127,650.84,399.20,32.83,20.95,0.65,-1,-1,-1
206,1128,810.85,309.14,29.08,31.32,0.64,-1,-1,-1
206,1129,790.72,274.60,38.27,21.81,0.61,-1,-1,-1
206,1130,362.63,354.02,14.41,27.22,0.35,-1,-1,-1
206,1108,857.08,396.78,63.17,23.96,0.61,-1,-1,-1
207,1010,638.32,254.80,39.26,21.57,0.71,-1,-1,-1
207,1013,843.08,281.90,41.57,20.73,0.69,-1,-1,-1
207,1060,699.42,263.69,34.77,19.11,0.70,-1,-1,-1
207,1063,648.01,301.22,47.63,28.18,0.84,-1,-1,-1
207,1069,937.12,324.88,60.33,31.94,0.64,-1,-1,-1
207,1072,590.26,258.76,47.13,22.03,0.52,-1,-1,-1
207,1077,946.48,381.36,72.30,31.70,0.74,-1,-1,-1
207,1082,554.94,261.28,21.71,21.41,0.53,-1,-1,-1
207,1085,769.30,272.68,37.64,21.02,0.73,-1,-1,-1
207,1091,579.18,430.54,60.38,71.73,0.15,-1,-1,-1
207,1098,847.26,297.38,56.76,22.05,0.65,-1,-1,-1
207,1100,808.46,277.75,44.89,21.85,0.68,-1,-1,-1
207,1102,694.76,304.93,30.30,30.46,0.76,-1,-1,-1
207,998,460.33,299.23,27.09,27.86,0.56,-1,-1,-1
207,1106,613.45,283.60,55.30,24.02,0.57,-1,-1,-1
207,1109,560.87,416.32,14.68,24.24,0.39,-1,-1,-1
207,1110,635.02,295.37,52.51,25.13,0.60,-1,-1,-1
207,1111,493.40,402.84,81.90,39.20,0.89,-1,-1,-1
207,1113,740.58,308.68,26.59,30.70,0.69,-1,-1,-1
207,1114,1064.49,384.06,80.03,43.35,0.42,-1,-1,-1
207,1116,492.50,561.85,63.27,68.45,0.84,-1,-1,-1
207,1117,999.69,399.16,87.77,37.73,0.75,-1,-1,-1
207,1118,450.84,485.26,16.63,35.39,0.43,-1,-1,-1
207,1119,435.94,363.51,27.91,19.31,0.62,-1,-1,-1
207,1120,384.70,426.80,22.99,24.11,0.69,-1,-1,-1
207,1121,585.41,566.12,21.93,34.36,0.45,-1,-1,-1
207,1122,1089.38,322.72,40.89,32.63,0.67,-1,-1,-1
207,1123,625.14,501.92,34.29,43.20,0.15,-1,-1,-1
207,1125,601.73,402.12,28.75,21.32,0.65,-1,-1,-1
207,1126,842.29,378.52,64.35,27.82,0.72,-1,-1,-1
207,1127,646.93,401.15,32.31,20.59,0.67,-1,-1,-1
207,1128,812.17,310.84,28.31,30.47,0.63,-1,-1,-1
207,1129,789.34,274.86,37.89,21.61,0.61,-1,-1,-1
207,1130,364.32,356.59,13.45,25.39,0.40,-1,-1,-1
207,1108,848.82,397.17,71.06,26.73,0.60,-1,-1,-1
208,1010,637.67,255.07,39.77,21.99,0.62,-1,-1,-1
208,1013,843.76,282.32,42.00,20.84,0.70,-1,-1,-1
208,1060,699.53,263.65,34.68,19.08,0.71,-1,-1,-1
208,1063,647.79,302.03,47.95,28.36,0.85,-1,-1,-1
208,1069,938.10,325.17,62.41,32.88,0.45,-1,-1,-1
208,1072,590.20,259.24,47.35,22.20,0.45,-1,-1,-1
208,1077,947.43,383.42,72.03,31.33,0.77,-1,-1,-1
208,1082,554.73,262.21,21.37,21.18,0.57,-1,-1,-1
208,1085,770.09,273.48,37.51,20.93,0.70,-1,-1,-1
208,1091,578.86,431.98,61.22,72.61,0.13,-1,-1,-1
208,1098,847.30,297.85,57.25,22.22,0.67,-1,-1,-1
208,1100,808.77,278.58,44.65,21.74,0.68,-1,-1,-1
208,1102,694.82,305.49,30.88,31.24,0.73,-1,-1,-1
208,998,459.05,297.41,29.14,30.23,0.58,-1,-1,-1
208,1106,613.10,284.18,55.75,23.95,0.54,-1,-1,-1
208,1109,560.18,414.99,15.70,26.43,0.34,-1,-1,-1
208,1110,634.91,295.85,53.08,25.44,0.59,-1,-1,-1
208,1111,488.58,404.33,84.80,41.05,0.88,-1,-1,-1
208,1113,740.87,309.23,26.72,30.69,0.72,-1,-1,-1
208,1114,1069.44,383.32,84.94,45.33,0.22,-1,-1,-1
208,1116,492.04,565.53,62.82,68.92,0.86,-1,-1,-1
208,1117,997.54,399.77,88.55,38.06,0.77,-1,-1,-1
208,1118,451.62,487.90,16.82,35.84,0.51,-1,-1,-1
208,1119,438.25,364.57,27.48,19.05,0.60,-1,-1,-1
208,1120,381.97,427.67,22.91,24.01,0.66,-1,-1,-1
208,1121,585.29,570.50,21.77,33.59,0.58,-1,-1,-1
208,1122,1092.93,325.40,37.94,30.22,0.69,-1,-1,-1
208,1123,626.43,507.21,32.40,40.55,0.26,-1,-1,-1
208,1125,599.51,405.79,26.48,19.51,0.75,-1,-1,-1
208,1126,844.92,380.22,62.19,26.35,0.67,-1,-1,-1
208,1127,642.58,402.40,32.89,21.01,0.67,-1,-1,-1
208,1128,812.80,311.62,28.44,30.67,0.65,-1,-1,-1
208,1129,787.57,274.92,38.78,22.22,0.64,-1,-1,-1
208,1130,365.91,357.87,12.99,24.53,0.24,-1,-1,-1
208,1108,838.21,400.04,67.51,25.81,0.53,-1,-1,-1
208,1132,486.21,646.16,70.85,39.95,0.57,-1,-1,-1
208,1046,503.18,181.16,16.14,16.36,0.53,-1,-1,-1
209,1010,637.05,255.57,39.94,22.25,0.55,-1,-1,-1
209,1013,844.56,283.18,42.11,20.85,0.68,-1,-1,-1
209,1060,699.68,264.17,34.61,19.03,0.66,-1,-1,-1
209,1063,648.15,303.53,47.04,27.72,0.83,-1,-1,-1
209,1069,937.95,325.91,64.24,33.85,0.51,-1,-1,-1
209,1072,589.71,260.32,46.60,21.86,0.35,-1,-1,-1
209,1077,947.27,384.75,76.86,33.46,0.74,-1,-1,-1
209,1082,554.30,262.85,21.19,21.15,0.60,-1,-1,-1
209,1085,769.26,274.23,37.19,20.94,0.71,-1,-1,-1
209,1091,578.82,434.93,60.74,71.82,0.25,-1,-1,-1
209,1098,847.56,298.52,57.78,22.46,0.65,-1,-1,-1
209,1100,809.34,279.20,44.51,21.71,0.71,-1,-1,-1
209,1102,695.22,306.59,30.65,31.15,0.78,-1,-1,-1
209,998,459.03,299.15,28.19,29.32,0.56,-1,-1,-1
209,1106,610.74,284.76,54.92,23.20,0.52,-1,-1,-1
209,1109,559.77,414.55,16.06,27.52,0.29,-1,-1,-1
209,1110,635.29,296.01,53.94,25.81,0.58,-1,-1,-1
209,1111,485.05,406.90,86.30,42.12,0.87,-1,-1,-1
209,1113,741.30,310.23,26.79,30.78,0.75,-1,-1,-1
209,1114,1076.38,386.20,86.22,44.63,0.10,-1,-1,-1
209,1116,491.47,568.89,62.48,69.37,0.88,-1,-1,-1
209,1117,996.54,401.39,86.56,37.14,0.67,-1,-1,-1
209,1118,452.35,490.35,15.95,33.71,0.46,-1,-1,-1
209,1119,439.71,365.55,27.61,19.24,0.56,-1,-1,-1
209,1120,377.93,428.24,24.10,25.40,0.66,-1,-1,-1
209,1121,583.37,568.20,25.42,39.46,0.56,-1,-1,-1
209,1122,1094.51,326.46,37.94,30.11,0.69,-1,-1,-1
209,1123,626.58,508.94,32.73,40.86,0.41,-1,-1,-1
209,1125,595.57,406.13,28.49,21.07,0.73,-1,-1,-1
209,1126,845.61,380.58,64.80,27.00,0.70,-1,-1,-1
209,1127,639.12,404.06,32.73,20.86,0.71,-1,-1,-1
209,1128,813.26,312.40,28.76,31.12,0.68,-1,-1,-1
209,1129,786.52,277.31,35.81,20.76,0.55,-1,-1,-1
209,1130,368.23,358.14,14.80,27.77,0.20,-1,-1,-1
209,1108,837.64,400.64,71.63,26.94,0.58,-1,-1,-1
209,1132,482.84,651.24,74.55,42.16,0.59,-1,-1,-1
209,1046,503.13,181.66,15.77,16.13,0.61,-1,-1,-1
209,1124,431.00,234.20,19.08,22.12,0.62,-1,-1,-1
209,1093,729.76,269.28,40.16,21.50,0.60,-1,-1,-1
210,1010,637.82,255.91,40.23,22.37,0.51,-1,-1,-1
210,1013,845.16,283.99,42.12,20.81,0.67,-1,-1,-1
210,1060,699.43,264.59,34.79,19.14,0.63,-1,-1,-1
210,1063,648.25,304.32,46.93,27.57,0.84,-1,-1,-1
210,1069,937.98,326.94,64.42,33.95,0.45,-1,-1,-1
210,1072,587.86,261.36,45.80,21.58,0.47,-1,-1,-1
210,1077,948.40,386.05,76.89,33.27,0.79,-1,-1,-1
210,1082,553.56,263.54,21.11,21.06,0.59,-1,-1,-1
210,1085,768.81,274.75,36.83,20.89,0.69,-1,-1,-1
210,1091,578.05,436.73,61.56,72.60,0.19,-1,-1,-1
210,1098,847.36,298.96,58.34,22.73,0.68,-1,-1,-1
210,1100,808.52,279.59,45.37,22.15,0.73,-1,-1,-1
210,1102,695.41,308.04,30.06,30.53,0.77,-1,-1,-1
210,998,458.13,300.23,27.93,29.20,0.60,-1,-1,-1
210,1106,612.21,286.42,56.87,24.06,0.50,-1,-1,-1
210,1109,559.10,414.55,16.22,28.11,0.37,-1,-1,-1
210,1110,635.71,297.35,52.83,25.23,0.51,-1,-1,-1
210,1111,479.55,409.16,87.15,43.12,0.86,-1,-1,-1
210,1113,741.63,311.55,26.35,30.16,0.76,-1,-1,-1
210,1114,1080.28,390.13,84.93,42.93,0.17,-1,-1,-1
210,1116,490.13,572.20,62.64,70.51,0.88,-1,-1,-1
210,1117,993.07,402.50,88.54,38.20,0.76,-1,-1,-1
210,1118,452.54,492.85,15.95,33.44,0.48,-1,-1,-1
210,1119,441.28,366.28,27.22,19.11,0.46,-1,-1,-1
210,1120,374.46,429.09,24.16,25.57,0.54,-1,-1,-1
210,1121,584.37,575.34,23.53,36.49,0.64,-1,-1,-1
210,1122,1094.88,326.93,38.93,30.87,0.78,-1,-1,-1
210,1123,626.37,510.39,33.26,41.36,0.52,-1,-1,-1
210,1125,591.77,408.54,27.47,20.20,0.67,-1,-1,-1
210,1126,845.73,381.79,65.62,26.85,0.71,-1,-1,-1
210,1127,634.09,405.03,33.60,21.51,0.83,-1,-1,-1
210,1128,813.54,313.41,28.80,31.24,0.70,-1,-1,-1
210,1129,784.68,277.13,36.65,21.25,0.55,-1,-1,-1
210,1130,368.50,359.58,14.60,27.29,0.27,-1,-1,-1
210,1108,833.80,400.91,80.06,30.12,0.69,-1,-1,-1
210,1132,478.90,656.96,81.52,46.39,0.63,-1,-1,-1
210,1046,502.76,181.94,15.52,15.98,0.54,-1,-1,-1
210,1124,429.54,234.08,19.61,22.65,0.28,-1,-1,-1
210,1093,731.27,269.86,41.11,22.02,0.63,-1,-1,-1
211,1010,637.15,256.97,40.15,22.16,0.65,-1,-1,-1
211,1013,844.35,284.87,41.40,20.37,0.66,-1,-1,-1
211,1060,698.10,265.31,35.81,19.75,0.60,-1,-1,-1
211,1063,647.16,304.66,47.50,27.97,0.82,-1,-1,-1
211,1069,937.39,327.66,65.08,34.30,0.48,-1,-1,-1
211,1072,585.35,261.58,47.04,22.15,0.61,-1,-1,-1
211,1077,946.75,386.81,79.26,34.31,0.83,-1,-1,-1
211,1082,551.61,263.16,22.84,22.64,0.65,-1,-1,-1
211,1085,768.48,274.93,37.49,21.28,0.66,-1,-1,-1
211,1091,575.74,437.27,63.29,74.73,0.42,-1,-1,-1
211,1098,847.32,300.16,57.91,22.52,0.68,-1,-1,-1
211,1100,807.40,280.07,46.18,22.66,0.66,-1,-1,-1
211,1102,693.63,308.57,30.67,31.17,0.75,-1,-1,-1
211,998,456.51,301.90,27.07,28.27,0.60,-1,-1,-1
211,1106,606.80,286.42,59.38,24.91,0.61,-1,-1,-1
211,1109,557.60,415.91,15.60,27.28,0.39,-1,-1,-1
211,1110,634.86,298.23,52.89,25.17,0.47,-1,-1,-1
211,1111,474.86,412.26,85.65,42.84,0.86,-1,-1,-1
211,1113,740.37,312.56,26.70,30.55,0.69,-1,-1,-1
211,1114,1079.31,389.57,89.67,44.44,0.21,-1,-1,-1
211,1116,488.17,575.33,62.44,71.19,0.82,-1,-1,-1
211,1117,989.04,404.18,86.86,37.61,0.79,-1,-1,-1
211,1118,452.32,495.33,16.54,33.98,0.44,-1,-1,-1
211,1119,441.63,366.74,27.53,19.41,0.34,-1,-1,-1
211,1120,369.87,427.96,24.62,26.26,0.29,-1,-1,-1
211,1121,582.06,579.97,23.18,35.52,0.66,-1,-1,-1
211,1122,1095.32,327.84,38.88,30.82,0.76,-1,-1,-1
211,1123,625.57,512.54,33.64,41.69,0.37,-1,-1,-1
211,1125,584.07,405.72,33.36,25.01,0.54,-1,-1,-1
211,1126,842.14,384.03,70.80,28.74,0.68,-1,-1,-1
211,1127,627.62,405.71,35.18,22.58,0.78,-1,-1,-1
211,1128,813.10,314.21,29.23,31.65,0.67,-1,-1,-1
211,1129,785.30,277.93,36.54,21.26,0.54,-1,-1,-1
211,1130,367.63,359.90,15.35,28.70,0.28,-1,-1,-1
211,1108,830.89,403.02,80.87,30.23,0.68,-1,-1,-1
211,1132,472.34,661.74,88.87,51.07,0.64,-1,-1,-1
211,1046,501.70,182.56,14.75,15.11,0.40,-1,-1,-1
211,1124,427.44,234.31,19.82,22.86,0.40,-1,-1,-1
211,1093,729.93,270.29,41.09,22.21,0.63,-1,-1,-1
212,1010,634.95,257.51,40.09,22.04,0.68,-1,-1,-1
212,1013,842.31,285.32,42.08,20.73,0.64,-1,-1,-1
212,1060,696.84,266.21,36.12,19.89,0.64,-1,-1,-1
212,1063,645.25,305.65,47.54,27.97,0.84,-1,-1,-1
212,1069,936.50,329.43,64.01,33.77,0.66,-1,-1,-1
212,1072,581.16,261.87,48.25,22.82,0.37,-1,-1,-1
212,1077,945.55,387.88,80.35,34.75,0.86,-1,-1,-1
212,1082,549.51,263.51,23.15,23.00,0.52,-1,-1,-1
212,1085,766.65,275.74,36.35,20.82,0.68,-1,-1,-1
212,1091,573.74,438.53,64.29,76.28,0.23,-1,-1,-1
212,1098,846.32,301.03,57.55,22.29,0.72,-1,-1,-1
212,1100,807.45,280.62,47.38,23.23,0.53,-1,-1,-1
212,1102,692.40,309.41,30.05,30.51,0.74,-1,-1,-1
212,998,454.15,303.18,26.70,27.91,0.55,-1,-1,-1
212,1106,604.49,286.81,60.94,25.49,0.48,-1,-1,-1
212,1109,554.91,418.53,15.60,27.76,0.51,-1,-1,-1
212,1110,632.56,299.74,53.50,25.36,0.69,-1,-1,-1
212,1111,470.60,415.64,83.96,42.33,0.90,-1,-1,-1
212,1113,738.22,313.17,28.19,32.45,0.56,-1,-1,-1
212,1114,1075.16,388.60,95.67,46.82,0.10,-1,-1,-1
212,1116,485.57,579.14,62.28,71.76,0.85,-1,-1,-1
212,1117,985.05,405.35,85.57,37.05,0.76,-1,-1,-1
212,1118,449.50,496.79,18.38,37.57,0.41,-1,-1,-1
212,1119,442.01,367.61,27.12,19.17,0.51,-1,-1,-1
212,1120,362.86,423.51,27.60,30.63,0.52,-1,-1,-1
212,1121,580.09,586.08,22.30,33.46,0.64,-1,-1,-1
212,1122,1094.16,328.07,39.79,31.52,0.75,-1,-1,-1
212,1123,623.72,513.04,35.02,43.34,0.44,-1,-1,-1
212,1125,578.77,407.64,33.46,25.50,0.51,-1,-1,-1
212,1126,841.51,385.11,71.01,28.59,0.71,-1,-1,-1
212,1127,622.44,408.52,34.37,22.03,0.73,-1,-1,-1
212,1128,811.90,315.35,28.79,31.20,0.68,-1,-1,-1
212,1129,786.61,278.72,36.52,21.18,0.58,-1,-1,-1
212,1130,366.59,360.26,15.45,29.00,0.49,-1,-1,-1
212,1108,827.65,403.52,82.54,30.90,0.75,-1,-1,-1
212,1132,467.40,666.33,93.46,54.35,0.64,-1,-1,-1
212,1046,498.96,181.66,15.51,15.97,0.58,-1,-1,-1
212,1124,424.95,234.93,19.75,22.81,0.67,-1,-1,-1
212,1093,728.49,270.46,40.99,22.38,0.63,-1,-1,-1
212,1135,693.25,413.99,31.62,19.67,0.57,-1,-1,-1
213,1010,631.70,259.14,37.46,20.70,0.63,-1,-1,-1
213,1013,841.67,286.27,41.41,20.38,0.63,-1,-1,-1
213,1060,694.52,267.02,35.57,19.66,0.69,-1,-1,-1
213,1063,643.64,306.18,47.58,27.97,0.83,-1,-1,-1
213,1069,936.03,330.85,63.35,33.36,0.61,-1,-1,-1
213,1072,577.81,262.46,48.14,22.72,0.41,-1,-1,-1
213,1077,945.35,389.22,79.13,34.13,0.83,-1,-1,-1
213,1082,546.15,263.61,24.00,23.89,0.56,-1,-1,-1
213,1085,764.89,276.75,34.88,20.21,0.74,-1,-1,-1
213,1091,570.09,438.76,65.71,78.04,0.32,-1,-1,-1
213,1098,845.06,301.79,57.13,22.06,0.71,-1,-1,-1
213,1100,806.04,281.57,46.81,23.00,0.64,-1,-1,-1
213,1102,690.96,310.37,29.67,30.05,0.72,-1,-1,-1
213,998,451.10,302.49,28.08,29.45,0.56,-1,-1,-1
213,1106,603.92,287.44,60.84,25.50,0.56,-1,-1,-1
213,1109,553.24,419.82,15.57,27.97,0.46,-1,-1,-1
213,1110,630.05,300.60,51.88,24.35,0.60,-1,-1,-1
213,1111,464.83,418.20,85.62,43.60,0.90,-1,-1,-1
213,1113,736.48,313.90,28.34,32.71,0.61,-1,-1,-1
213,1114,1071.73,389.74,98.41,47.30,0.33,-1,-1,-1
213,1116,482.79,583.46,62.58,72.86,0.86,-1,-1,-1
213,1117,979.25,406.47,85.21,36.76,0.82,-1,-1,-1
213,1118,447.94,499.54,18.12,37.32,0.44,-1,-1,-1
213,1119,441.65,368.21,27.67,19.69,0.59,-1,-1,-1
213,1120,357.08,421.99,28.80,33.08,0.40,-1,-1,-1
213,1121,577.24,588.20,23.89,35.75,0.61,-1,-1,-1
213,1122,1093.84,328.78,39.83,31.61,0.76,-1,-1,-1
213,1123,621.87,514.46,35.80,44.24,0.41,-1,-1,-1
213,1125,574.27,412.30,30.95,23.74,0.58,-1,-1,-1
213,1126,839.63,386.36,72.99,29.32,0.75,-1,-1,-1
213,1127,616.52,410.74,33.40,21.39,0.78,-1,-1,-1
213,1128,809.97,316.04,28.67,31.16,0.71,-1,-1,-1
213,1129,785.31,279.72,35.68,20.77,0.56,-1,-1,-1
213,1130,365.93,361.22,15.10,28.41,0.58,-1,-1,-1
213,1108,824.02,404.31,84.72,31.74,0.75,-1,-1,-1
213,1132,460.71,671.15,101.63,60.19,0.68,-1,-1,-1
213,1046,496.56,183.16,14.73,15.10,0.51,-1,-1,-1
213,1124,422.47,235.96,19.17,22.06,0.63,-1,-1,-1
213,1093,728.03,271.14,40.19,22.04,0.63,-1,-1,-1
213,1135,687.64,415.76,31.97,19.88,0.53,-1,-1,-1
214,1010,631.15,258.88,39.07,21.50,0.61,-1,-1,-1
214,1013,839.86,286.80,41.83,20.64,0.68,-1,-1,-1
214,1060,691.67,268.16,33.41,18.63,0.50,-1,-1,-1
214,1063,642.07,307.41,47.13,27.65,0.81,-1,-1,-1
214,1069,935.22,331.29,64.31,33.74,0.61,-1,-1,-1
214,1072,577.46,263.70,46.14,21.93,0.52,-1,-1,-1
214,1077,944.26,390.32,80.39,34.65,0.83,-1,-1,-1
214,1082,543.81,264.59,23.65,23.82,0.66,-1,-1,-1
214,1085,762.79,277.34,34.44,20.30,0.77,-1,-1,-1
214,1091,567.48,440.99,65.21,77.09,0.24,-1,-1,-1
214,1098,842.57,302.19,58.50,22.71,0.70,-1,-1,-1
214,1100,803.84,282.30,46.20,22.82,0.65,-1,-1,-1
214,1102,688.79,311.49,30.02,30.48,0.79,-1,-1,-1
214,998,448.33,305.03,26.70,27.97,0.57,-1,-1,-1
214,1106,603.54,288.21,60.46,25.48,0.53,-1,-1,-1
214,1109,550.93,421.16,16.20,29.60,0.46,-1,-1,-1
214,1110,628.26,302.02,51.74,24.18,0.59,-1,-1,-1
214,1111,459.94,420.78,86.03,44.15,0.88,-1,-1,-1
214,1113,734.99,314.93,27.84,32.32,0.68,-1,-1,-1
214,1114,1070.50,390.19,101.70,47.98,0.32,-1,-1,-1
214,1116,480.18,587.13,62.39,73.24,0.86,-1,-1,-1
214,1117,979.39,407.62,76.16,32.21,0.65,-1,-1,-1
214,1118,447.14,501.78,18.32,37.65,0.40,-1,-1,-1
214,1119,441.39,368.93,27.87,19.98,0.64,-1,-1,-1
214,1120,351.96,422.92,27.45,32.38,0.37,-1,-1,-1
214,1121,575.69,592.22,23.94,35.81,0.68,-1,-1,-1
214,1122,1093.08,329.23,40.37,32.17,0.76,-1,-1,-1
214,1125,567.35,413.90,32.77,25.40,0.32,-1,-1,-1
214,1126,837.14,386.88,76.56,30.77,0.78,-1,-1,-1
214,1127,610.30,411.78,33.86,21.71,0.67,-1,-1,-1
214,1128,808.27,316.91,28.59,31.04,0.68,-1,-1,-1
214,1129,784.18,279.85,37.18,21.57,0.61,-1,-1,-1
214,1130,364.66,362.16,15.12,28.47,0.57,-1,-1,-1
214,1108,820.29,405.03,86.18,32.34,0.80,-1,-1,-1
214,1132,456.22,676.83,105.41,63.77,0.63,-1,-1,-1
214,1046,494.56,183.87,14.24,14.58,0.51,-1,-1,-1
214,1124,420.08,237.62,18.47,20.93,0.47,-1,-1,-1
214,1093,723.51,270.93,38.57,21.49,0.58,-1,-1,-1
214,1135,680.88,416.68,32.05,19.94,0.62,-1,-1,-1
215,1010,629.09,258.93,40.17,21.92,0.66,-1,-1,-1
215,1013,837.20,287.39,42.55,21.03,0.65,-1,-1,-1
215,1060,690.23,268.30,33.69,18.71,0.61,-1,-1,-1
215,1063,639.40,307.71,48.40,28.48,0.81,-1,-1,-1
215,1069,933.12,331.50,65.50,34.58,0.64,-1,-1,-1
215,1072,577.32,264.23,47.13,22.35,0.52,-1,-1,-1
215,1077,943.81,391.82,79.63,34.27,0.82,-1,-1,-1
215,1082,541.74,265.70,23.28,23.51,0.66,-1,-1,-1
215,1085,761.61,278.05,33.82,20.18,0.76,-1,-1,-1
215,1091,564.33,442.20,66.79,78.95,0.22,-1,-1,-1
215,1098,841.64,303.05,57.68,22.37,0.66,-1,-1,-1
215,1100,801.38,282.91,45.61,22.53,0.68,-1,-1,-1
215,1102,686.40,312.13,30.49,30.83,0.77,-1,-1,-1
215,998,445.73,306.06,26.63,27.87,0.59,-1,-1,-1
215,1106,598.55,288.30,63.31,26.72,0.62,-1,-1,-1
215,1109,549.54,421.93,15.41,28.20,0.31,-1,-1,-1
215,1110,626.18,302.22,52.82,24.68,0.59,-1,-1,-1
215,1111,453.72,423.02,87.51,45.38,0.90,-1,-1,-1
215,1113,733.80,316.18,26.68,30.77,0.69,-1,-1,-1
215,1114,1067.77,389.40,106.51,49.60,0.57,-1,-1,-1
215,1116,478.04,591.12,62.10,73.49,0.82,-1,-1,-1
215,1117,973.48,408.26,79.69,33.41,0.74,-1,-1,-1
215,1118,445.09,503.90,18.98,39.00,0.40,-1,-1,-1
215,1119,440.21,369.22,28.35,20.51,0.68,-1,-1,-1
215,1120,347.17,423.43,26.62,32.31,0.47,-1,-1,-1
215,1121,573.68,596.62,23.92,35.46,0.66,-1,-1,-1
215,1122,1093.03,329.92,40.23,32.31,0.76,-1,-1,-1
215,1125,561.12,417.21,32.54,25.21,0.33,-1,-1,-1
215,1126,836.66,388.10,76.60,30.74,0.72,-1,-1,-1
215,1127,604.53,412.88,34.69,22.28,0.73,-1,-1,-1
215,1128,806.66,317.44,28.57,30.95,0.70,-1,-1,-1
215,1129,783.61,280.00,39.13,22.42,0.55,-1,-1,-1
215,1130,363.82,362.68,14.84,28.19,0.53,-1,-1,-1
215,1108,814.51,406.46,86.86,32.66,0.82,-1,-1,-1
215,1132,451.11,681.34,111.54,69.16,0.53,-1,-1,-1
215,1046,491.57,183.27,14.76,15.04,0.49,-1,-1,-1
215,1124,416.42,236.59,19.65,22.32,0.62,-1,-1,-1
215,1093,720.45,271.50,38.47,21.66,0.54,-1,-1,-1
215,1135,673.73,417.36,32.79,20.43,0.71,-1,-1,-1
216,1010,626.47,258.94,41.68,22.54,0.67,-1,-1,-1
216,1013,835.01,287.74,43.15,21.33,0.70,-1,-1,-1
216,1060,688.81,269.16,34.25,18.95,0.72,-1,-1,-1
216,1063,636.47,308.28,49.21,28.95,0.74,-1,-1,-1
216,1069,931.40,332.57,65.77,34.82,0.70,-1,-1,-1
216,1072,572.65,264.27,47.74,22.58,0.59,-1,-1,-1
216,1077,942.17,392.82,81.17,35.00,0.80,-1,-1,-1
216,1082,538.93,266.55,23.20,23.49,0.49,-1,-1,-1
216,1085,761.71,278.63,33.41,19.93,0.65,-1,-1,-1
216,1091,562.37,444.85,66.51,78.38,0.48,-1,-1,-1
216,1098,839.19,303.29,59.68,23.22,0.73,-1,-1,-1
216,1100,799.87,283.80,45.20,22.32,0.72,-1,-1,-1
216,1102,684.73,312.66,30.66,30.91,0.60,-1,-1,-1
216,998,442.64,306.07,27.52,28.94,0.61,-1,-1,-1
216,1106,594.86,288.48,66.06,28.09,0.71,-1,-1,-1
216,1109,546.62,423.41,15.82,29.17,0.38,-1,-1,-1
216,1110,623.46,303.05,51.07,23.89,0.60,-1,-1,-1
216,1111,447.92,425.95,88.55,46.40,0.89,-1,-1,-1
216,1113,731.43,317.10,27.24,31.37,0.62,-1,-1,-1
216,1114,1066.15,390.52,107.57,49.54,0.63,-1,-1,-1
216,1116,475.25,593.99,62.76,75.04,0.86,-1,-1,-1
216,1117,969.03,409.10,80.80,33.66,0.78,-1,-1,-1
216,1118,442.71,506.25,19.46,40.18,0.47,-1,-1,-1
216,1119,439.69,369.85,28.32,20.61,0.60,-1,-1,-1
216,1120,342.32,424.67,25.83,32.13,0.36,-1,-1,-1
216,1121,571.78,599.29,24.78,36.95,0.73,-1,-1,-1
216,1122,1091.54,330.38,40.69,32.84,0.77,-1,-1,-1
216,1125,554.14,417.64,35.13,27.70,0.26,-1,-1,-1
216,1126,833.33,388.78,81.01,32.71,0.71,-1,-1,-1
216,1127,598.12,414.39,35.01,22.50,0.75,-1,-1,-1
216,1128,804.93,318.41,28.58,31.02,0.69,-1,-1,-1
216,1129,781.74,280.59,38.73,22.04,0.53,-1,-1,-1
216,1130,362.69,364.82,14.54,27.75,0.32,-1,-1,-1
216,1108,810.63,407.75,88.60,33.20,0.80,-1,-1,-1
216,1132,449.87,687.23,108.88,68.77,0.67,-1,-1,-1
216,1046,488.28,182.89,15.68,16.13,0.39,-1,-1,-1
216,1124,414.17,238.65,18.62,20.92,0.26,-1,-1,-1
216,1093,719.65,271.85,38.96,22.10,0.37,-1,-1,-1
216,1135,667.69,419.20,32.74,20.41,0.42,-1,-1,-1
217,1010,623.79,259.28,42.77,23.12,0.65,-1,-1,-1
217,1013,833.35,288.09,43.46,21.48,0.69,-1,-1,-1
217,1060,686.30,269.49,34.02,18.90,0.72,-1,-1,-1
217,1063,634.31,309.34,48.85,28.67,0.81,-1,-1,-1
217,1069,928.59,333.77,65.69,35.02,0.60,-1,-1,-1
217,1072,570.37,264.66,48.49,22.88,0.60,-1,-1,-1
217,1077,940.45,393.51,82.73,35.77,0.80,-1,-1,-1
217,1082,536.43,266.83,23.35,23.63,0.54,-1,-1,-1
217,1085,759.75,279.41,33.02,19.60,0.58,-1,-1,-1
217,1091,560.16,445.61,67.29,79.35,0.16,-1,-1,-1
217,1098,838.04,303.93,60.05,23.44,0.74,-1,-1,-1
217,1100,798.02,284.37,45.24,22.43,0.69,-1,-1,-1
217,1102,682.53,313.15,31.21,31.70,0.68,-1,-1,-1
217,998,439.15,305.97,28.19,29.88,0.59,-1,-1,-1
217,1106,593.07,288.83,63.40,26.98,0.68,-1,-1,-1
217,1109,545.27,425.46,15.45,28.45,0.39,-1,-1,-1
217,1110,620.54,304.34,52.41,24.59,0.61,-1,-1,-1
217,1111,443.04,429.26,88.14,46.61,0.88,-1,-1,-1
217,1113,729.56,317.81,27.37,31.43,0.52,-1,-1,-1
217,1114,1064.20,390.52,110.25,50.35,0.56,-1,-1,-1
217,1116,472.32,598.47,63.12,76.25,0.87,-1,-1,-1
217,1117,963.48,410.65,82.71,34.32,0.73,-1,-1,-1
217,1118,441.31,508.92,19.81,40.86,0.48,-1,-1,-1
217,1119,438.88,369.87,29.17,21.44,0.61,-1,-1,-1
217,1120,336.82,426.05,24.41,30.99,0.31,-1,-1,-1
217,1121,569.15,602.82,24.93,36.92,0.67,-1,-1,-1
217,1122,1091.23,331.17,40.25,32.70,0.74,-1,-1,-1
217,1125,550.85,422.18,30.99,24.52,0.19,-1,-1,-1
217,1126,831.44,390.42,82.25,33.39,0.75,-1,-1,-1
217,1127,591.38,414.57,37.53,24.27,0.69,-1,-1,-1
217,1128,803.39,319.20,28.35,30.81,0.70,-1,-1,-1
217,1129,777.54,282.81,35.98,20.64,0.54,-1,-1,-1
217,1130,361.57,366.19,14.41,27.53,0.37,-1,-1,-1
217,1108,805.61,408.29,91.33,34.42,0.84,-1,-1,-1
217,1132,449.88,692.40,102.58,63.60,0.60,-1,-1,-1
217,1046,485.88,183.42,15.10,15.53,0.35,-1,-1,-1
217,1124,411.62,240.18,18.24,20.25,0.50,-1,-1,-1
217,1093,718.46,272.58,38.48,21.87,0.57,-1,-1,-1
217,1135,661.05,420.54,32.64,20.36,0.52,-1,-1,-1
217,1137,273.12,350.00,49.98,28.45,0.55,-1,-1,-1
217,1138,269.56,388.20,31.92,20.44,0.60,-1,-1,-1
218,1010,622.22,260.07,42.37,22.80,0.49,-1,-1,-1
218,1013,831.83,288.63,44.02,21.83,0.70,-1,-1,-1
218,1060,684.16,269.95,34.49,19.20,0.70,-1,-1,-1
218,1063,632.27,310.08,49.57,29.12,0.83,-1,-1,-1
218,1069,929.57,334.41,66.51,35.11,0.65,-1,-1,-1
218,1072,572.58,267.01,44.34,20.63,0.50,-1,-1,-1
218,1077,940.72,395.34,81.16,34.99,0.80,-1,-1,-1
218,1082,534.08,266.94,24.07,24.30,0.62,-1,-1,-1
218,1085,758.68,279.35,34.87,20.42,0.67,-1,-1,-1
218,1091,558.29,448.72,67.23,79.29,0.33,-1,-1,-1
218,1098,836.52,304.52,60.02,23.40,0.71,-1,-1,-1
218,1100,794.82,284.47,47.69,23.58,0.63,-1,-1,-1
218,1102,680.88,313.66,31.72,32.30,0.67,-1,-1,-1
218,998,436.76,308.59,27.15,28.68,0.49,-1,-1,-1
218,1106,590.78,289.47,63.65,27.03,0.63,-1,-1,-1
218,1109,543.15,427.00,15.80,29.48,0.37,-1,-1,-1
218,1110,618.17,304.48,54.48,25.57,0.64,-1,-1,-1
218,1111,438.03,432.70,87.33,46.54,0.91,-1,-1,-1
218,1113,728.22,317.79,27.81,31.90,0.52,-1,-1,-1
218,1114,1062.82,392.31,110.02,49.80,0.71,-1,-1,-1
218,1116,469.39,601.65,62.85,76.58,0.88,-1,-1,-1
218,1117,958.27,412.14,84.63,35.12,0.69,-1,-1,-1
218,1118,440.60,512.48,18.54,38.34,0.40,-1,-1,-1
218,1119,439.03,371.36,28.39,20.93,0.55,-1,-1,-1
218,1120,331.66,426.26,24.82,32.40,0.42,-1,-1,-1
218,1121,566.80,607.70,24.73,36.32,0.70,-1,-1,-1
218,1122,1088.96,331.69,40.82,33.10,0.74,-1,-1,-1
218,1126,829.10,391.96,83.98,34.39,0.79,-1,-1,-1
218,1127,584.62,416.85,37.48,24.22,0.69,-1,-1,-1
218,1128,801.80,319.67,28.94,31.41,0.71,-1,-1,-1
218,1129,778.77,282.99,37.90,21.34,0.49,-1,-1,-1
218,1130,360.50,367.18,15.00,28.51,0.29,-1,-1,-1
218,1108,801.28,409.83,91.35,34.58,0.82,-1,-1,-1
218,1132,451.51,697.44,93.88,58.56,0.70,-1,-1,-1
218,1046,482.89,183.62,15.07,15.39,0.49,-1,-1,-1
218,1124,408.03,239.90,19.38,21.49,0.64,-1,-1,-1
218,1093,717.74,273.69,38.87,22.03,0.37,-1,-1,-1
218,1135,654.83,422.05,32.39,20.24,0.52,-1,-1,-1
218,1137,266.14,350.30,52.31,29.78,0.70,-1,-1,-1
218,1138,270.80,390.07,30.98,19.82,0.53,-1,-1,-1
219,1010,619.10,260.84,42.48,22.88,0.56,-1,-1,-1
219,1013,829.90,289.31,44.82,22.28,0.68,-1,-1,-1
219,1060,682.32,270.60,34.95,19.42,0.71,-1,-1,-1
219,1063,630.16,310.35,49.91,29.42,0.83,-1,-1,-1
219,1069,927.97,333.82,70.37,36.84,0.56,-1,-1,-1
219,1072,569.19,267.62,45.53,21.28,0.46,-1,-1,-1
219,1077,943.16,396.16,78.87,33.92,0.70,-1,-1,-1
219,1082,531.78,267.14,24.82,24.84,0.53,-1,-1,-1
219,1085,756.17,279.62,36.82,21.43,0.63,-1,-1,-1
219,1091,557.65,453.24,64.93,76.41,0.54,-1,-1,-1
219,1098,834.43,305.16,60.14,23.45,0.69,-1,-1,-1
219,1100,793.91,284.79,49.73,24.19,0.57,-1,-1,-1
219,1102,678.93,314.98,31.25,31.82,0.75,-1,-1,-1
219,998,433.98,309.68,27.02,28.54,0.61,-1,-1,-1
219,1106,586.70,290.26,64.35,27.21,0.56,-1,-1,-1
219,1109,540.12,428.96,15.71,29.43,0.25,-1,-1,-1
219,1110,614.56,304.28,57.16,27.01,0.64,-1,-1,-1
219,1111,432.53,435.44,87.47,46.98,0.91,-1,-1,-1
219,1113,726.19,318.89,27.39,31.36,0.60,-1,-1,-1
219,1114,1060.61,392.41,112.64,50.74,0.66,-1,-1,-1
219,1116,466.61,604.99,63.21,77.61,0.84,-1,-1,-1
219,1117,953.12,414.34,85.45,35.38,0.69,-1,-1,-1
219,1118,440.27,516.02,16.77,34.37,0.35,-1,-1,-1
219,1119,438.93,372.76,27.78,20.61,0.51,-1,-1,-1
219,1120,325.89,425.54,25.58,34.24,0.21,-1,-1,-1
219,1121,564.53,612.39,25.17,36.71,0.62,-1,-1,-1
219,1122,1087.63,332.10,41.18,33.31,0.75,-1,-1,-1
219,1126,828.03,392.90,83.55,34.52,0.80,-1,-1,-1
219,1127,578.20,418.77,37.26,24.10,0.70,-1,-1,-1
219,1128,800.02,320.74,29.40,31.82,0.58,-1,-1,-1
219,1129,778.07,282.95,40.48,22.27,0.48,-1,-1,-1
219,1130,359.31,368.20,15.17,28.69,0.37,-1,-1,-1
219,1108,797.42,410.72,91.83,34.86,0.79,-1,-1,-1
219,1132,454.55,702.90,84.16,53.10,0.71,-1,-1,-1
219,1046,480.06,183.49,15.44,15.93,0.54,-1,-1,-1
219,1124,404.38,240.22,19.96,21.97,0.46,-1,-1,-1
219,1093,714.00,274.11,39.90,22.76,0.16,-1,-1,-1
219,1135,648.36,422.67,33.29,20.88,0.57,-1,-1,-1
219,1137,255.51,353.23,48.90,27.87,0.46,-1,-1,-1
219,1138,271.59,391.55,31.54,20.17,0.60,-1,-1,-1
219,1140,617.54,605.10,26.37,35.14,0.72,-1,-1,-1
219,1123,610.88,526.47,37.38,46.47,0.51,-1,-1,-1
220,1010,616.30,261.17,42.28,22.75,0.68,-1,-1,-1
220,1013,827.25,290.19,44.47,22.17,0.65,-1,-1,-1
220,1060,680.06,270.95,35.58,19.75,0.76,-1,-1,-1
220,1063,627.89,310.83,50.58,29.98,0.79,-1,-1,-1
220,1069,926.95,335.22,69.52,36.19,0.67,-1,-1,-1
220,1072,563.79,267.26,46.00,22.07,0.37,-1,-1,-1
220,1077,942.16,397.09,78.39,33.65,0.69,-1,-1,-1
220,1082,528.68,267.91,24.50,24.61,0.42,-1,-1,-1
220,1085,753.36,279.97,36.93,21.41,0.72,-1,-1,-1
220,1091,555.24,455.13,64.95,76.39,0.41,-1,-1,-1
220,1098,833.12,306.09,59.09,23.02,0.71,-1,-1,-1
220,1100,791.64,285.28,49.03,23.86,0.68,-1,-1,-1
220,1102,676.61,316.05,31.18,31.75,0.75,-1,-1,-1
220,998,431.14,311.30,26.40,27.72,0.64,-1,-1,-1
220,1106,586.67,291.35,64.02,27.19,0.62,-1,-1,-1
220,1109,539.78,430.82,14.96,25.53,0.33,-1,-1,-1
220,1110,612.46,304.92,57.73,27.51,0.61,-1,-1,-1
220,1111,425.46,438.17,90.00,48.98,0.89,-1,-1,-1
220,1113,724.58,319.90,26.99,30.74,0.65,-1,-1,-1
220,1114,1058.92,393.45,113.29,50.83,0.50,-1,-1,-1
220,1116,462.85,608.66,64.61,80.11,0.84,-1,-1,-1
220,1117,947.89,415.51,86.54,35.77,0.74,-1,-1,-1
220,1118,437.49,518.87,16.95,34.88,0.47,-1,-1,-1
220,1119,438.44,374.31,27.23,20.27,0.42,-1,-1,-1
220,1120,322.80,434.23,21.81,28.94,0.56,-1,-1,-1
220,1121,562.57,613.24,26.95,39.80,0.71,-1,-1,-1
220,1122,1085.87,332.11,42.05,34.05,0.76,-1,-1,-1
220,1126,826.51,393.72,83.75,34.90,0.79,-1,-1,-1
220,1127,572.35,421.01,36.09,23.30,0.75,-1,-1,-1
220,1128,798.16,321.15,29.58,32.05,0.71,-1,-1,-1
220,1129,773.80,283.35,40.82,22.38,0.51,-1,-1,-1
220,1130,358.64,369.44,15.08,28.37,0.33,-1,-1,-1
220,1108,792.99,411.59,91.84,35.02,0.75,-1,-1,-1
220,1132,456.27,708.21,74.39,47.79,0.61,-1,-1,-1
220,1046,477.20,183.47,15.58,16.09,0.38,-1,-1,-1
220,1124,401.15,240.37,20.46,22.48,0.58,-1,-1,-1
220,1093,716.42,277.12,37.65,21.32,0.23,-1,-1,-1
220,1135,641.74,424.25,33.81,21.31,0.51,-1,-1,-1
220,1137,246.13,354.79,48.66,27.71,0.53,-1,-1,-1
220,1138,272.73,392.92,31.80,20.33,0.62,-1,-1,-1
220,1140,612.33,603.50,28.42,37.77,0.66,-1,-1,-1
220,1123,608.94,528.29,37.35,46.67,0.39,-1,-1,-1
221,1010,613.88,261.71,42.70,22.98,0.61,-1,-1,-1
221,1013,825.21,290.48,44.07,21.98,0.66,-1,-1,-1
221,1060,676.85,271.45,36.78,20.47,0.78,-1,-1,-1
221,1063,624.69,311.76,51.31,30.50,0.81,-1,-1,-1
221,1069,923.69,336.13,68.32,35.63,0.65,-1,-1,-1
221,1072,561.98,268.06,45.54,21.84,0.35,-1,-1,-1
221,1077,940.26,399.19,79.46,33.92,0.69,-1,-1,-1
221,1082,525.30,268.52,24.72,24.82,0.45,-1,-1,-1
221,1085,749.07,280.73,36.30,21.28,0.70,-1,-1,-1
221,1091,551.07,457.12,65.49,76.68,0.31,-1,-1,-1
221,1098,830.23,306.80,58.51,22.80,0.70,-1,-1,-1
221,1102,674.07,316.78,30.98,31.52,0.72,-1,-1,-1
221,998,426.92,311.26,27.58,28.89,0.47,-1,-1,-1
221,1106,585.23,292.78,62.49,26.54,0.55,-1,-1,-1
221,1109,535.72,430.93,16.14,26.12,0.13,-1,-1,-1
221,1110,610.31,305.64,53.95,25.67,0.31,-1,-1,-1
221,1111,418.88,441.93,90.39,49.74,0.90,-1,-1,-1
221,1113,721.21,320.79,28.29,32.43,0.50,-1,-1,-1
221,1114,1059.43,396.10,111.55,49.65,0.44,-1,-1,-1
221,1116,459.68,612.74,64.89,81.26,0.87,-1,-1,-1
221,1117,943.56,416.36,86.43,35.54,0.75,-1,-1,-1
221,1118,435.88,520.89,17.59,36.31,0.43,-1,-1,-1
221,1119,436.97,375.01,27.11,20.27,0.41,-1,-1,-1
221,1120,317.41,437.49,20.74,27.50,0.55,-1,-1,-1
221,1121,560.17,616.23,27.17,40.74,0.57,-1,-1,-1
221,1122,1084.05,333.04,41.67,33.75,0.82,-1,-1,-1
221,1126,824.72,394.76,83.78,35.22,0.76,-1,-1,-1
221,1127,564.19,422.65,36.99,23.90,0.73,-1,-1,-1
221,1128,795.61,321.44,30.13,32.72,0.76,-1,-1,-1
221,1129,775.90,283.82,44.21,23.40,0.59,-1,-1,-1
221,1130,356.80,370.72,15.02,28.55,0.50,-1,-1,-1
221,1108,790.12,413.28,89.82,34.38,0.77,-1,-1,-1
221,1132,456.75,713.56,67.42,42.44,0.55,-1,-1,-1
221,1046,473.60,183.34,16.35,16.90,0.34,-1,-1,-1
221,1124,397.69,241.57,19.88,21.74,0.49,-1,-1,-1
221,1093,709.38,276.25,39.25,22.31,0.29,-1,-1,-1
221,1135,634.24,425.08,34.19,21.67,0.62,-1,-1,-1
221,1137,234.71,355.04,51.84,29.53,0.34,-1,-1,-1
221,1138,272.80,393.87,32.76,20.96,0.66,-1,-1,-1
221,1140,607.23,605.72,29.01,38.33,0.66,-1,-1,-1
221,1123,605.57,529.77,37.98,47.49,0.55,-1,-1,-1
221,1141,655.45,511.66,20.30,36.32,0.58,-1,-1,-1
221,1142,276.62,384.14,13.78,26.09,0.58,-1,-1,-1
222,1010,609.19,261.87,43.80,23.59,0.64,-1,-1,-1
222,1013,822.38,291.39,42.99,21.40,0.74,-1,-1,-1
222,1060,673.96,272.28,35.55,19.68,0.75,-1,-1,-1
222,1063,621.65,312.35,50.64,30.37,0.80,-1,-1,-1
222,1069,920.01,336.82,66.94,35.11,0.74,-1,-1,-1
222,1072,559.00,268.44,47.34,22.65,0.52,-1,-1,-1
222,1077,938.56,400.02,74.52,31.27,0.63,-1,-1,-1
222,1082,521.45,268.86,25.21,25.23,0.34,-1,-1,-1
222,1085,746.08,281.27,37.41,21.91,0.64,-1,-1,-1
222,1091,545.41,457.40,68.31,79.79,0.21,-1,-1,-1
222,1098,826.94,307.45,58.92,22.92,0.72,-1,-1,-1
222,1102,670.09,318.02,30.91,31.40,0.73,-1,-1,-1
222,998,422.18,311.77,28.39,29.82,0.64,-1,-1,-1
222,1106,578.42,292.76,64.51,27.29,0.62,-1,-1,-1
222,1110,606.81,306.61,56.67,26.94,0.72,-1,-1,-1
222,1111,411.15,444.69,90.81,50.66,0.89,-1,-1,-1
222,1113,718.00,321.48,27.91,31.89,0.64,-1,-1,-1
222,1114,1056.97,398.33,109.65,48.58,0.56,-1,-1,-1
222,1116,456.27,617.10,63.77,80.11,0.85,-1,-1,-1
222,1117,936.78,417.05,88.29,36.20,0.69,-1,-1,-1
222,1118,433.43,522.95,18.12,37.30,0.37,-1,-1,-1
222,1119,433.66,375.30,27.79,20.81,0.40,-1,-1,-1
222,1120,310.08,438.05,21.31,28.38,0.55,-1,-1,-1
222,1121,557.21,620.38,26.46,40.04,0.78,-1,-1,-1
222,1122,1080.26,332.81,43.01,34.96,0.82,-1,-1,-1
222,1126,820.04,396.10,83.53,35.03,0.74,-1,-1,-1
222,1127,555.93,424.57,37.35,24.14,0.70,-1,-1,-1
222,1128,792.58,322.51,29.63,32.23,0.77,-1,-1,-1
222,1130,353.59,371.04,15.56,29.79,0.60,-1,-1,-1
222,1108,784.66,414.22,90.97,34.92,0.77,-1,-1,-1
222,1132,457.47,718.25,56.19,34.84,0.56,-1,-1,-1
222,1046,469.18,183.17,16.79,17.49,0.35,-1,-1,-1
222,1124,394.10,244.01,18.61,20.04,0.52,-1,-1,-1
222,1093,706.37,277.05,38.83,22.12,0.47,-1,-1,-1
222,1135,626.09,426.71,34.35,21.84,0.50,-1,-1,-1
222,1137,221.57,355.77,52.73,30.05,0.37,-1,-1,-1
222,1138,271.88,395.18,33.33,21.35,0.68,-1,-1,-1
222,1140,601.48,608.66,28.83,37.72,0.69,-1,-1,-1
222,1123,602.68,530.70,38.92,49.02,0.26,-1,-1,-1
222,1141,652.81,513.51,20.38,36.49,0.57,-1,-1,-1
222,1142,276.14,386.57,14.10,26.63,0.41,-1,-1,-1
222,1143,716.59,388.44,49.29,29.84,0.63,-1,-1,-1
222,1144,533.66,647.09,23.50,47.36,0.64,-1,-1,-1
222,1145,1018.12,324.41,36.19,39.15,0.59,-1,-1,-1
222,1100,782.56,286.07,49.18,23.97,0.67,-1,-1,-1
223,1010,604.93,262.06,44.55,24.03,0.58,-1,-1,-1
223,1013,818.13,291.47,44.01,21.93,0.69,-1,-1,-1
223,1060,668.45,272.16,37.42,20.75,0.77,-1,-1,-1
223,1063,617.39,313.37,50.40,30.24,0.85,-1,-1,-1
223,1069,918.23,338.01,66.24,34.53,0.70,-1,-1,-1
223,1072,555.65,269.47,46.14,21.87,0.60,-1,-1,-1
223,1077,935.39,400.70,74.79,30.97,0.68,-1,-1,-1
223,1082,517.09,270.21,24.86,24.66,0.58,-1,-1,-1
223,1085,743.55,282.15,37.90,21.96,0.67,-1,-1,-1
223,1091,541.61,460.45,67.68,78.85,0.43,-1,-1,-1
223,1098,822.61,308.14,58.72,22.86,0.76,-1,-1,-1
223,1102,666.26,318.70,31.05,31.52,0.77,-1,-1,-1
223,998,417.19,312.53,28.65,30.11,0.57,-1,-1,-1
223,1106,573.84,293.79,62.78,26.28,0.58,-1,-1,-1
223,1110,602.14,307.32,56.08,26.81,0.68,-1,-1,-1
223,1111,404.15,448.50,90.90,51.30,0.92,-1,-1,-1
223,1113,713.43,321.59,28.59,32.80,0.55,-1,-1,-1
223,1114,1052.40,398.78,112.82,49.86,0.51,-1,-1,-1
223,1116,450.70,620.56,64.91,82.16,0.82,-1,-1,-1
223,1117,927.44,417.80,91.87,37.75,0.77,-1,-1,-1
223,1118,430.67,524.97,19.69,40.39,0.38,-1,-1,-1
223,1119,429.94,374.54,29.52,22.43,0.28,-1,-1,-1
223,1120,302.71,439.72,21.27,28.44,0.47,-1,-1,-1
223,1121,552.88,622.44,27.10,41.38,0.58,-1,-1,-1
223,1122,1077.00,333.13,43.18,35.25,0.84,-1,-1,-1
223,1126,817.97,397.17,83.05,35.08,0.79,-1,-1,-1
223,1127,547.92,427.36,36.63,23.68,0.70,-1,-1,-1
223,1128,788.11,322.68,30.16,32.92,0.76,-1,-1,-1
223,1130,350.99,371.38,15.85,30.48,0.56,-1,-1,-1
223,1108,778.00,415.72,91.12,35.04,0.81,-1,-1,-1
223,1132,455.11,723.47,51.42,30.80,0.49,-1,-1,-1
223,1046,464.17,182.77,17.14,18.01,0.53,-1,-1,-1
223,1124,388.63,243.67,19.39,20.84,0.75,-1,-1,-1
223,1135,618.33,428.49,33.20,21.10,0.70,-1,-1,-1
223,1137,206.88,357.42,53.34,30.10,0.58,-1,-1,-1
223,1138,270.63,396.02,33.98,21.83,0.67,-1,-1,-1
223,1140,595.55,611.25,27.93,35.98,0.67,-1,-1,-1
223,1123,599.67,534.26,37.84,47.92,0.69,-1,-1,-1
223,1141,649.52,516.09,19.84,35.48,0.58,-1,-1,-1
223,1142,275.36,387.78,14.48,27.16,0.26,-1,-1,-1
223,1143,710.47,388.38,50.92,30.84,0.49,-1,-1,-1
223,1144,528.26,647.28,24.37,49.18,0.61,-1,-1,-1
223,1145,1015.01,325.92,35.10,37.97,0.48,-1,-1,-1
223,1100,779.17,286.87,48.72,23.80,0.68,-1,-1,-1
223,1129,763.86,284.16,46.39,24.25,0.54,-1,-1,-1
224,1010,599.26,262.93,44.30,23.96,0.65,-1,-1,-1
224,1013,813.82,292.08,44.14,22.13,0.72,-1,-1,-1
224,1060,664.22,272.75,37.62,20.84,0.73,-1,-1,-1
224,1063,612.08,313.83,51.23,30.86,0.77,-1,-1,-1
224,1069,913.49,338.37,66.44,34.63,0.71,-1,-1,-1
224,1072,547.23,269.84,48.06,22.91,0.61,-1,-1,-1
224,1077,932.34,401.75,74.36,30.44,0.74,-1,-1,-1
224,1082,510.19,269.96,25.91,25.85,0.38,-1,-1,-1
224,1085,739.99,282.56,38.95,22.08,0.66,-1,-1,-1
224,1091,537.06,462.27,67.79,78.75,0.63,-1,-1,-1
224,1098,818.61,308.85,58.47,22.69,0.73,-1,-1,-1
224,1102,661.13,319.77,31.40,31.70,0.78,-1,-1,-1
224,998,411.64,314.31,28.29,29.61,0.57,-1,-1,-1
224,1106,569.90,294.94,65.28,27.49,0.61,-1,-1,-1
224,1110,598.15,307.76,56.36,26.73,0.74,-1,-1,-1
224,1111,396.28,451.55,91.91,52.60,0.91,-1,-1,-1
224,1113,708.92,322.18,28.88,33.22,0.74,-1,-1,-1
224,1114,1049.56,400.02,112.24,49.43,0.41,-1,-1,-1
224,1116,445.15,624.11,66.37,84.67,0.85,-1,-1,-1
224,1117,919.85,417.24,93.73,38.60,0.69,-1,-1,-1
224,1118,426.73,527.49,19.24,39.26,0.42,-1,-1,-1
224,1119,426.71,374.09,30.57,23.75,0.48,-1,-1,-1
224,1120,294.63,440.61,21.49,28.82,0.63,-1,-1,-1
224,1121,547.89,625.36,27.85,42.66,0.75,-1,-1,-1
224,1122,1072.58,333.48,42.91,35.06,0.82,-1,-1,-1
224,1126,815.89,398.04,82.50,35.17,0.76,-1,-1,-1
224,1127,537.47,428.90,38.56,24.94,0.12,-1,-1,-1
224,1128,783.42,322.80,30.68,33.65,0.75,-1,-1,-1
224,1130,347.78,373.25,15.53,29.62,0.49,-1,-1,-1
224,1108,771.46,416.69,91.99,35.51,0.80,-1,-1,-1
224,1132,452.81,728.63,46.89,27.04,0.35,-1,-1,-1
224,1124,382.43,244.03,20.00,21.47,0.64,-1,-1,-1
224,1135,609.63,429.30,33.39,21.22,0.66,-1,-1,-1
224,1137,195.78,358.83,54.06,30.27,0.53,-1,-1,-1
224,1138,269.23,397.52,34.47,22.20,0.57,-1,-1,-1
224,1140,588.69,615.10,28.14,35.50,0.76,-1,-1,-1
224,1123,595.91,536.82,38.07,48.30,0.10,-1,-1,-1
224,1141,645.17,519.43,20.39,36.53,0.53,-1,-1,-1
224,1142,274.12,388.88,14.95,27.90,0.34,-1,-1,-1
224,1143,704.32,388.65,52.34,31.79,0.15,-1,-1,-1
224,1144,521.42,646.23,25.04,50.60,0.63,-1,-1,-1
224,1145,1010.10,324.44,36.91,40.02,0.51,-1,-1,-1
224,1100,774.63,287.35,49.21,24.09,0.69,-1,-1,-1
224,1129,753.41,284.57,46.83,24.65,0.35,-1,-1,-1
225,1010,593.71,263.34,45.54,24.71,0.67,-1,-1,-1
225,1013,808.58,292.37,44.38,22.29,0.76,-1,-1,-1
225,1060,658.82,272.90,38.20,21.11,0.67,-1,-1,-1
225,1063,607.12,314.67,51.69,31.26,0.84,-1,-1,-1
225,1069,907.81,338.15,67.44,35.40,0.62,-1,-1,-1
225,1072,542.91,270.51,49.47,23.57,0.57,-1,-1,-1
225,1077,929.73,402.94,73.64,29.99,0.71,-1,-1,-1
225,1082,504.42,270.45,26.37,26.27,0.37,-1,-1,-1
225,1085,734.15,282.72,39.66,22.31,0.69,-1,-1,-1
225,1091,531.09,463.13,69.32,80.39,0.53,-1,-1,-1
225,1098,813.94,309.44,58.24,22.56,0.77,-1,-1,-1
225,1102,656.60,320.54,31.25,31.63,0.68,-1,-1,-1
225,998,405.19,314.80,28.80,30.18,0.52,-1,-1,-1
225,1106,568.75,296.20,63.01,26.61,0.55,-1,-1,-1
225,1110,590.41,307.85,56.81,26.88,0.64,-1,-1,-1
225,1111,386.93,454.43,93.79,54.46,0.91,-1,-1,-1
225,1113,704.54,323.42,28.65,32.81,0.66,-1,-1,-1
225,1114,1046.69,401.66,111.10,48.57,0.64,-1,-1,-1
225,1116,440.07,627.54,67.46,86.73,0.85,-1,-1,-1
225,1117,914.58,417.59,91.56,37.66,0.67,-1,-1,-1
225,1119,421.93,371.49,31.53,25.66,0.51,-1,-1,-1
225,1120,286.87,442.65,20.73,27.79,0.62,-1,-1,-1
225,1121,542.84,629.78,27.74,42.64,0.54,-1,-1,-1
225,1122,1068.75,334.32,41.81,34.14,0.84,-1,-1,-1
225,1126,811.94,399.94,81.31,34.81,0.79,-1,-1,-1
225,1127,528.46,430.24,39.74,25.77,0.66,-1,-1,-1
225,1128,779.05,324.00,30.34,33.26,0.69,-1,-1,-1
225,1130,343.72,375.45,15.53,29.34,0.27,-1,-1,-1
225,1108,765.25,418.18,91.48,35.28,0.83,-1,-1,-1
225,1132,451.96,733.36,42.43,22.64,0.36,-1,-1,-1
225,1124,376.59,244.85,19.90,21.30,0.56,-1,-1,-1
225,1135,599.35,428.99,35.57,22.81,0.64,-1,-1,-1
225,1137,180.20,360.13,54.32,30.69,0.22,-1,-1,-1
225,1138,268.00,399.60,33.71,21.71,0.61,-1,-1,-1
225,1140,581.84,617.16,28.67,35.18,0.69,-1,-1,-1
225,1123,591.69,540.28,37.66,47.58,0.38,-1,-1,-1
225,1141,640.54,521.49,20.33,36.34,0.51,-1,-1,-1
225,1142,272.95,389.77,15.30,28.45,0.34,-1,-1,-1
225,1143,697.86,391.05,51.45,31.19,0.55,-1,-1,-1
225,1144,516.41,650.83,23.93,48.36,0.61,-1,-1,-1
225,1145,1005.11,325.23,36.28,39.37,0.58,-1,-1,-1
225,1100,769.75,287.82,49.36,24.44,0.66,-1,-1,-1
225,1129,751.23,284.82,47.53,24.85,0.56,-1,-1,-1
225,1147,818.66,328.14,29.11,30.51,0.66,-1,-1,-1
225,1148,1239.22,347.84,12.83,27.53,0.59,-1,-1,-1
226,1010,588.28,263.21,46.35,25.23,0.57,-1,-1,-1
226,1013,803.32,293.00,43.98,22.16,0.75,-1,-1,-1
226,1060,653.24,273.92,39.10,21.54,0.69,-1,-1,-1
226,1063,601.21,315.79,51.16,31.00,0.82,-1,-1,-1
226,1069,904.56,339.07,66.15,34.59,0.66,-1,-1,-1
226,1072,533.60,269.73,52.22,24.97,0.44,-1,-1,-1
226,1077,922.00,403.60,76.88,31.07,0.75,-1,-1,-1
226,1082,498.40,271.13,26.46,26.49,0.64,-1,-1,-1
226,1085,729.12,283.34,40.11,22.35,0.70,-1,-1,-1
226,1091,525.56,465.26,69.97,81.04,0.48,-1,-1,-1
226,1098,809.43,310.30,57.24,22.13,0.75,-1,-1,-1
226,1102,651.33,321.01,31.33,31.73,0.71,-1,-1,-1
226,998,398.59,315.72,29.36,30.79,0.48,-1,-1,-1
226,1106,562.03,296.06,65.53,28.02,0.50,-1,-1,-1
226,1110,586.58,309.54,57.22,27.12,0.60,-1,-1,-1
226,1111,377.78,457.72,94.11,55.59,0.90,-1,-1,-1
226,1113,699.07,324.61,28.94,33.09,0.65,-1,-1,-1
226,1114,1043.13,402.52,110.48,47.94,0.31,-1,-1,-1
226,1116,434.09,631.74,66.86,86.44,0.86,-1,-1,-1
226,1117,908.92,418.80,91.50,37.77,0.69,-1,-1,-1
226,1119,419.19,374.52,29.09,23.87,0.31,-1,-1,-1
226,1120,278.29,444.86,20.57,27.47,0.50,-1,-1,-1
226,1121,537.84,631.57,28.30,44.04,0.69,-1,-1,-1
226,1122,1063.36,334.06,42.72,35.12,0.80,-1,-1,-1
226,1126,807.60,401.13,80.10,34.49,0.82,-1,-1,-1
226,1127,517.50,432.22,41.98,27.28,0.33,-1,-1,-1
226,1128,774.24,325.44,29.53,32.32,0.76,-1,-1,-1
226,1108,758.36,419.48,90.09,34.71,0.86,-1,-1,-1
226,1124,369.79,245.62,19.86,21.24,0.68,-1,-1,-1
226,1135,589.65,431.23,35.27,22.68,0.62,-1,-1,-1
226,1138,266.19,401.74,33.31,21.35,0.55,-1,-1,-1
226,1140,573.05,616.46,31.44,37.88,0.77,-1,-1,-1
226,1123,587.21,542.83,37.85,47.74,0.14,-1,-1,-1
226,1141,635.87,523.84,20.92,37.53,0.58,-1,-1,-1
226,1142,271.27,390.91,15.56,28.83,0.35,-1,-1,-1
226,1143,690.37,391.36,53.25,32.29,0.23,-1,-1,-1
226,1144,510.20,652.98,23.89,48.37,0.69,-1,-1,-1
226,1145,999.64,324.64,37.02,40.22,0.37,-1,-1,-1
226,1100,764.84,288.14,48.90,24.29,0.72,-1,-1,-1
226,1129,745.29,285.33,45.48,23.96,0.57,-1,-1,-1
226,1147,814.50,328.76,28.88,30.28,0.71,-1,-1,-1
226,1148,1241.03,351.14,11.39,24.47,0.16,-1,-1,-1
226,1150,827.33,465.00,18.12,30.67,0.51,-1,-1,-1
226,1093,683.87,277.04,43.26,24.36,0.53,-1,-1,-1
227,1010,581.80,264.65,44.81,24.39,0.61,-1,-1,-1
227,1013,796.73,293.35,43.65,22.07,0.71,-1,-1,-1
227,1060,646.70,274.75,38.96,21.37,0.71,-1,-1,-1
227,1063,594.84,316.28,51.22,31.10,0.77,-1,-1,-1
227,1069,897.72,340.48,64.94,33.97,0.70,-1,-1,-1
227,1072,527.48,270.22,51.56,24.43,0.62,-1,-1,-1
227,1077,913.03,403.90,81.86,32.97,0.76,-1,-1,-1
227,1082,491.38,271.85,26.42,26.52,0.65,-1,-1,-1
227,1085,722.17,283.89,40.04,22.16,0.69,-1,-1,-1
227,1091,518.26,466.55,70.91,82.18,0.20,-1,-1,-1
227,1098,802.24,310.63,57.51,22.27,0.78,-1,-1,-1
227,1102,645.03,321.60,31.54,31.96,0.74,-1,-1,-1
227,998,390.85,316.95,30.05,31.49,0.59,-1,-1,-1
227,1106,552.74,295.86,68.10,29.23,0.51,-1,-1,-1
227,1110,579.71,310.32,58.53,27.81,0.64,-1,-1,-1
227,1111,368.57,461.90,94.06,56.44,0.91,-1,-1,-1
227,1113,692.44,325.38,28.63,32.52,0.70,-1,-1,-1
227,1114,1036.47,404.82,108.55,46.59,0.20,-1,-1,-1
227,1116,427.54,636.05,67.01,87.31,0.83,-1,-1,-1
227,1117,899.65,420.36,92.38,38.13,0.71,-1,-1,-1
227,1119,412.66,374.21,30.51,25.64,0.36,-1,-1,-1
227,1120,268.30,446.01,20.71,27.54,0.68,-1,-1,-1
227,1121,532.08,639.21,26.67,41.15,0.57,-1,-1,-1
227,1122,1056.63,334.39,42.97,35.40,0.78,-1,-1,-1
227,1126,802.29,402.20,79.79,34.44,0.80,-1,-1,-1
227,1127,507.97,431.41,44.05,28.96,0.37,-1,-1,-1
227,1128,767.98,326.64,29.40,32.04,0.57,-1,-1,-1
227,1108,750.04,420.35,89.90,34.64,0.83,-1,-1,-1
227,1124,362.81,247.49,19.16,20.17,0.56,-1,-1,-1
227,1135,577.74,432.00,36.30,23.46,0.78,-1,-1,-1
227,1138,262.54,403.46,34.02,21.78,0.70,-1,-1,-1
227,1140,562.96,617.74,32.21,37.89,0.75,-1,-1,-1
227,1123,580.65,544.15,38.14,48.34,0.22,-1,-1,-1
227,1141,629.86,527.12,20.78,37.47,0.51,-1,-1,-1
227,1143,683.57,392.07,52.74,31.99,0.20,-1,-1,-1
227,1144,502.08,653.46,24.58,49.75,0.72,-1,-1,-1
227,1145,994.46,327.24,35.38,38.40,0.61,-1,-1,-1
227,1100,757.87,288.51,49.00,24.34,0.64,-1,-1,-1
227,1129,738.53,286.24,45.20,23.90,0.49,-1,-1,-1
227,1147,808.42,329.92,28.21,29.56,0.59,-1,-1,-1
227,1150,827.16,466.20,18.07,30.62,0.46,-1,-1,-1
227,1093,679.26,273.89,49.65,28.17,0.18,-1,-1,-1
228,1010,572.82,267.10,41.77,22.92,0.59,-1,-1,-1
228,1013,788.15,293.79,43.70,22.16,0.68,-1,-1,-1
228,1060,638.56,275.40,39.25,21.42,0.60,-1,-1,-1
228,1063,586.79,317.41,51.23,31.19,0.80,-1,-1,-1
228,1069,889.96,340.59,65.75,34.35,0.66,-1,-1,-1
228,1072,519.93,271.11,51.54,24.42,0.47,-1,-1,-1
228,1077,903.49,404.22,84.36,33.92,0.79,-1,-1,-1
228,1082,482.40,273.37,25.78,25.89,0.59,-1,-1,-1
228,1085,711.47,284.79,38.94,21.95,0.70,-1,-1,-1
228,1091,511.51,470.79,68.48,78.70,0.53,-1,-1,-1
228,1098,793.43,310.78,58.73,22.80,0.76,-1,-1,-1
228,1102,636.89,322.92,31.54,31.95,0.73,-1,-1,-1
228,998,381.63,318.52,30.24,31.52,0.53,-1,-1,-1
228,1106,543.60,296.78,67.52,29.04,0.62,-1,-1,-1
228,1110,571.70,311.33,58.88,28.02,0.65,-1,-1,-1
228,1111,357.31,466.07,93.86,57.15,0.89,-1,-1,-1
228,1113,684.33,325.91,29.06,32.98,0.73,-1,-1,-1
228,1114,1028.98,404.33,110.60,47.13,0.22,-1,-1,-1
228,1116,419.11,640.16,66.78,87.32,0.88,-1,-1,-1
228,1117,887.61,422.18,93.26,38.68,0.72,-1,-1,-1
228,1119,405.73,375.05,29.89,25.53,0.19,-1,-1,-1
228,1120,256.62,446.60,21.37,28.50,0.50,-1,-1,-1
228,1121,524.65,644.99,26.39,40.56,0.64,-1,-1,-1
228,1122,1047.69,333.86,44.37,36.63,0.75,-1,-1,-1
228,1126,794.28,402.73,80.51,34.84,0.84,-1,-1,-1
228,1128,760.07,327.15,29.49,32.01,0.73,-1,-1,-1
228,1108,740.42,421.45,88.76,34.19,0.85,-1,-1,-1
228,1124,353.04,247.86,19.85,20.77,0.55,-1,-1,-1
228,1135,565.53,433.78,35.87,23.31,0.68,-1,-1,-1
228,1138,257.22,404.88,34.83,22.33,0.69,-1,-1,-1
228,1140,551.40,618.07,35.61,41.31,0.72,-1,-1,-1
228,1123,574.06,547.28,37.77,47.83,0.44,-1,-1,-1
228,1141,622.66,535.21,20.25,36.18,0.53,-1,-1,-1
228,1143,674.47,393.34,52.74,32.09,0.39,-1,-1,-1
228,1144,493.45,655.59,24.60,50.01,0.48,-1,-1,-1
228,1145,986.14,327.66,35.56,38.55,0.68,-1,-1,-1
228,1100,749.15,289.12,49.77,24.68,0.70,-1,-1,-1
228,1129,733.26,287.01,45.32,23.60,0.55,-1,-1,-1
228,1147,799.71,330.83,28.31,29.61,0.65,-1,-1,-1
228,1150,825.24,468.45,17.40,29.46,0.44,-1,-1,-1
228,1093,672.37,273.93,51.21,29.06,0.33,-1,-1,-1
228,1125,498.00,441.64,33.98,26.64,0.50,-1,-1,-1
229,1010,563.99,268.32,40.92,22.50,0.53,-1,-1,-1
229,1013,779.27,294.39,44.57,22.64,0.65,-1,-1,-1
229,1060,630.23,275.91,38.89,21.08,0.64,-1,-1,-1
229,1063,577.58,317.97,51.95,31.72,0.78,-1,-1,-1
229,1069,880.77,340.86,67.15,35.19,0.70,-1,-1,-1
229,1072,511.49,272.23,49.74,23.40,0.45,-1,-1,-1
229,1077,895.53,404.32,86.54,34.95,0.80,-1,-1,-1
229,1082,472.63,273.54,26.44,26.59,0.66,-1,-1,-1
229,1085,703.77,285.73,38.19,21.55,0.69,-1,-1,-1
229,1091,502.00,471.94,69.51,79.22,0.29,-1,-1,-1
229,1098,784.00,310.76,59.93,23.35,0.75,-1,-1,-1
229,1102,628.51,324.14,31.42,31.76,0.73,-1,-1,-1
229,998,371.76,320.92,29.57,30.73,0.51,-1,-1,-1
229,1106,534.58,298.05,66.92,28.77,0.54,-1,-1,-1
229,1110,563.28,311.49,59.09,28.16,0.49,-1,-1,-1
229,1111,345.78,470.18,94.14,58.35,0.90,-1,-1,-1
229,1113,676.17,326.72,28.80,32.71,0.70,-1,-1,-1
229,1114,1020.13,404.25,111.04,47.17,0.26,-1,-1,-1
229,1116,410.73,644.47,67.59,88.99,0.86,-1,-1,-1
229,1117,876.79,423.74,92.67,38.45,0.70,-1,-1,-1
229,1119,399.11,375.65,29.51,25.65,0.36,-1,-1,-1
229,1121,515.35,645.50,28.52,43.94,0.60,-1,-1,-1
229,1122,1039.95,334.41,42.86,35.55,0.80,-1,-1,-1
229,1126,786.40,403.11,80.29,34.83,0.81,-1,-1,-1
229,1128,751.42,327.46,30.18,32.72,0.58,-1,-1,-1
229,1108,728.73,422.94,90.41,34.87,0.91,-1,-1,-1
229,1124,342.10,248.86,20.64,21.43,0.56,-1,-1,-1
229,1135,552.31,435.54,36.08,23.50,0.73,-1,-1,-1
229,1138,251.56,407.31,35.86,22.96,0.67,-1,-1,-1
229,1140,540.09,620.75,36.42,41.59,0.70,-1,-1,-1
229,1123,566.04,550.14,37.51,47.62,0.56,-1,-1,-1
229,1141,613.98,536.80,22.12,39.61,0.48,-1,-1,-1
229,1143,665.53,396.21,50.72,30.72,0.27,-1,-1,-1
229,1144,484.32,656.68,25.15,51.32,0.60,-1,-1,-1
229,1145,977.75,327.96,35.57,38.59,0.71,-1,-1,-1
229,1100,741.88,289.82,48.78,24.35,0.69,-1,-1,-1
229,1129,723.58,287.53,45.06,23.52,0.62,-1,-1,-1
229,1147,790.65,331.63,28.10,29.27,0.68,-1,-1,-1
229,1150,824.23,470.42,17.01,28.68,0.41,-1,-1,-1
229,1093,662.56,273.99,52.14,29.56,0.24,-1,-1,-1
229,1154,813.52,478.48,42.47,27.14,0.58,-1,-1,-1
229,1125,486.40,442.16,34.50,26.60,0.52,-1,-1,-1
230,1010,555.01,269.33,40.66,22.30,0.47,-1,-1,-1
230,1013,769.94,294.78,44.55,22.71,0.69,-1,-1,-1
230,1060,619.95,276.23,38.65,21.06,0.66,-1,-1,-1
230,1063,567.93,319.09,52.13,31.85,0.82,-1,-1,-1
230,1069,872.54,340.87,66.30,34.69,0.72,-1,-1,-1
230,1072,499.19,273.05,51.42,23.89,0.40,-1,-1,-1
230,1077,884.76,404.81,90.60,36.89,0.77,-1,-1,-1
230,1082,462.93,274.32,26.35,26.58,0.67,-1,-1,-1
230,1085,695.56,286.14,39.37,22.05,0.68,-1,-1,-1
230,1091,492.37,475.89,71.16,80.71,0.18,-1,-1,-1
230,1098,775.58,311.41,59.46,23.20,0.71,-1,-1,-1
230,1102,619.19,324.92,31.84,32.15,0.72,-1,-1,-1
230,998,361.82,323.24,28.85,29.79,0.55,-1,-1,-1
230,1106,524.89,299.36,66.49,28.49,0.64,-1,-1,-1
230,1110,554.46,313.19,59.01,28.33,0.55,-1,-1,-1
230,1111,334.35,474.95,93.47,58.91,0.89,-1,-1,-1
230,1113,667.76,327.56,28.60,32.46,0.76,-1,-1,-1
230,1114,1012.63,404.18,111.91,47.50,0.19,-1,-1,-1
230,1116,401.58,649.03,68.01,89.88,0.84,-1,-1,-1
230,1117,866.08,424.85,89.15,37.01,0.68,-1,-1,-1
230,1119,391.88,376.68,28.27,25.01,0.19,-1,-1,-1
230,1121,506.10,644.24,31.83,50.11,0.52,-1,-1,-1
230,1122,1031.04,335.09,41.98,34.94,0.75,-1,-1,-1
230,1126,777.32,403.47,80.52,35.03,0.85,-1,-1,-1
230,1128,742.81,328.38,29.74,32.23,0.74,-1,-1,-1
230,1108,718.76,424.31,89.80,34.60,0.87,-1,-1,-1
230,1135,539.33,437.23,35.54,23.17,0.54,-1,-1,-1
230,1138,246.16,409.84,34.88,22.30,0.68,-1,-1,-1
230,1140,525.87,622.84,38.84,42.85,0.61,-1,-1,-1
230,1123,557.72,551.90,38.06,48.47,0.70,-1,-1,-1
230,1141,606.48,536.52,21.71,38.98,0.54,-1,-1,-1
230,1143,655.37,397.01,51.53,31.31,0.11,-1,-1,-1
230,1144,474.73,658.22,25.99,53.46,0.60,-1,-1,-1
230,1145,968.33,328.39,35.26,38.16,0.73,-1,-1,-1
230,1100,733.79,290.63,47.74,23.88,0.72,-1,-1,-1
230,1129,714.13,287.79,44.53,23.29,0.59,-1,-1,-1
230,1147,781.45,332.90,27.74,28.69,0.59,-1,-1,-1
230,1150,822.50,472.00,16.99,28.68,0.43,-1,-1,-1
230,1093,650.40,274.93,52.17,28.94,0.32,-1,-1,-1
230,1154,811.78,478.91,44.20,28.29,0.65,-1,-1,-1
230,1125,473.51,443.04,35.54,27.21,0.58,-1,-1,-1
231,1010,543.66,268.26,44.18,24.38,0.61,-1,-1,-1
231,1013,760.77,295.31,43.79,22.31,0.69,-1,-1,-1
231,1060,608.02,277.15,36.57,20.42,0.72,-1,-1,-1
231,1063,558.76,320.00,51.71,31.55,0.77,-1,-1,-1
231,1069,863.04,341.28,66.44,34.81,0.76,-1,-1,-1
231,1072,489.41,273.75,52.19,24.17,0.41,-1,-1,-1
231,1077,876.10,405.21,91.86,37.73,0.78,-1,-1,-1
231,1082,452.54,274.73,26.98,27.27,0.58,-1,-1,-1
231,1091,481.41,475.21,73.94,83.55,0.22,-1,-1,-1
231,1098,766.35,311.66,60.06,23.51,0.71,-1,-1,-1
231,1102,609.96,325.72,32.08,32.35,0.68,-1,-1,-1
231,998,350.46,324.39,30.02,30.82,0.62,-1,-1,-1
231,1106,513.35,300.22,64.13,27.46,0.56,-1,-1,-1
231,1110,544.05,314.67,58.94,28.20,0.60,-1,-1,-1
231,1111,322.18,479.14,93.62,60.06,0.88,-1,-1,-1
231,1113,658.08,328.06,29.98,34.13,0.64,-1,-1,-1
231,1114,1001.62,404.29,112.37,47.50,0.24,-1,-1,-1
231,1116,393.11,653.03,67.97,90.19,0.84,-1,-1,-1
231,1117,854.60,425.12,89.21,37.10,0.72,-1,-1,-1
231,1121,497.76,648.46,31.15,49.24,0.57,-1,-1,-1
231,1122,1021.65,334.96,42.06,35.22,0.72,-1,-1,-1
231,1126,768.51,403.52,81.87,35.85,0.81,-1,-1,-1
231,1128,733.19,328.62,30.87,33.50,0.66,-1,-1,-1
231,1108,708.52,425.24,88.29,33.95,0.84,-1,-1,-1
231,1135,525.09,439.51,35.86,23.41,0.65,-1,-1,-1
231,1138,239.67,411.89,35.32,22.61,0.60,-1,-1,-1
231,1140,513.75,626.28,39.37,42.21,0.64,-1,-1,-1
231,1123,548.55,553.47,39.77,50.77,0.29,-1,-1,-1
231,1141,599.10,538.22,20.53,36.74,0.44,-1,-1,-1
231,1143,645.70,398.77,52.14,31.58,0.11,-1,-1,-1
231,1144,464.85,658.72,26.99,55.94,0.51,-1,-1,-1
231,1145,959.74,330.06,34.18,36.82,0.72,-1,-1,-1
231,1100,722.52,290.11,49.92,24.90,0.59,-1,-1,-1
231,1129,697.19,287.18,49.49,24.98,0.58,-1,-1,-1
231,1147,771.80,333.22,28.51,29.34,0.49,-1,-1,-1
231,1150,820.37,473.14,17.01,28.74,0.61,-1,-1,-1
231,1093,646.72,274.14,54.70,30.70,0.12,-1,-1,-1
231,1154,810.84,482.14,41.58,26.57,0.68,-1,-1,-1
231,1125,460.60,444.83,36.88,27.55,0.59,-1,-1,-1
231,1158,1113.07,502.57,53.32,33.00,0.72,-1,-1,-1
232,1010,533.69,270.18,41.07,22.72,0.70,-1,-1,-1
232,1013,751.21,295.71,43.54,22.19,0.73,-1,-1,-1
232,1060,599.15,277.49,36.52,20.47,0.72,-1,-1,-1
232,1063,549.60,321.52,51.07,31.07,0.77,-1,-1,-1
232,1069,854.13,341.02,68.69,35.92,0.68,-1,-1,-1
232,1072,480.19,274.48,51.96,23.91,0.46,-1,-1,-1
232,1077,869.72,405.99,89.20,37.03,0.77,-1,-1,-1
232,1082,441.84,275.48,26.87,27.20,0.74,-1,-1,-1
232,1091,472.95,478.53,72.57,81.47,0.32,-1,-1,-1
232,1098,756.46,311.79,60.88,23.94,0.75,-1,-1,-1
232,1102,601.27,326.69,31.11,31.24,0.64,-1,-1,-1
232,998,338.84,324.67,30.93,31.79,0.46,-1,-1,-1
232,1106,505.18,302.54,62.85,26.64,0.54,-1,-1,-1
232,1110,534.31,315.23,57.99,27.65,0.59,-1,-1,-1
232,1111,309.15,483.06,94.17,61.65,0.89,-1,-1,-1
232,1113,648.85,329.04,29.70,33.86,0.69,-1,-1,-1
232,1114,992.23,403.41,113.50,47.74,0.31,-1,-1,-1
232,1116,383.36,656.92,69.14,92.21,0.84,-1,-1,-1
232,1117,843.50,427.03,86.35,35.85,0.76,-1,-1,-1
232,1121,488.59,650.48,32.61,52.20,0.61,-1,-1,-1
232,1122,1011.45,334.44,41.93,35.25,0.80,-1,-1,-1
232,1126,758.25,403.61,83.40,36.75,0.86,-1,-1,-1
232,1128,723.91,329.51,30.32,32.94,0.74,-1,-1,-1
232,1108,696.27,425.64,89.71,34.52,0.85,-1,-1,-1
232,1135,510.08,440.70,36.84,24.13,0.66,-1,-1,-1
232,1138,232.62,413.28,35.70,22.89,0.70,-1,-1,-1
232,1140,501.61,629.99,39.98,41.50,0.65,-1,-1,-1
232,1123,539.92,556.37,39.60,50.49,0.62,-1,-1,-1
232,1141,590.72,539.45,20.47,36.67,0.55,-1,-1,-1
232,1143,635.63,400.88,50.97,30.81,0.13,-1,-1,-1
232,1144,455.26,659.27,27.82,58.17,0.38,-1,-1,-1
232,1145,950.50,330.99,33.44,35.77,0.74,-1,-1,-1
232,1100,714.08,291.22,49.28,24.71,0.71,-1,-1,-1
232,1129,687.90,287.69,48.24,24.58,0.60,-1,-1,-1
232,1147,762.32,333.53,29.34,30.01,0.52,-1,-1,-1
232,1150,817.63,473.88,17.52,29.73,0.50,-1,-1,-1
232,1093,630.90,274.53,55.58,30.63,0.31,-1,-1,-1
232,1154,808.78,484.27,40.36,25.71,0.62,-1,-1,-1
232,1125,446.96,447.80,37.71,27.63,0.59,-1,-1,-1
232,1158,1111.12,503.94,51.41,31.82,0.28,-1,-1,-1
232,1085,675.66,287.03,40.29,22.65,0.64,-1,-1,-1
233,1010,523.22,268.79,44.36,24.66,0.65,-1,-1,-1
233,1013,741.68,296.20,43.66,22.25,0.71,-1,-1,-1
233,1060,590.13,278.18,36.78,20.63,0.73,-1,-1,-1
233,1063,539.45,322.40,52.08,31.67,0.76,-1,-1,-1
233,1069,844.33,341.26,69.84,36.51,0.65,-1,-1,-1
233,1072,468.79,275.27,52.07,23.83,0.54,-1,-1,-1
233,1077,861.04,405.97,87.66,36.54,0.75,-1,-1,-1
233,1082,431.46,277.22,25.91,26.30,0.71,-1,-1,-1
233,1091,461.76,478.97,75.60,84.75,0.40,-1,-1,-1
233,1098,747.18,312.30,61.50,24.28,0.73,-1,-1,-1
233,1102,590.90,327.55,32.01,32.21,0.64,-1,-1,-1
233,998,327.73,326.34,30.63,31.53,0.55,-1,-1,-1
233,1106,494.98,303.07,65.86,28.05,0.59,-1,-1,-1
233,1110,523.26,315.81,59.18,28.27,0.67,-1,-1,-1
233,1111,297.11,487.95,93.34,62.18,0.89,-1,-1,-1
233,1113,638.87,329.74,29.93,34.21,0.59,-1,-1,-1
233,1114,983.13,404.52,111.62,46.71,0.24,-1,-1,-1
233,1116,374.86,660.91,68.80,92.13,0.80,-1,-1,-1
233,1117,832.14,427.86,83.99,34.75,0.73,-1,-1,-1
233,1121,480.91,653.37,32.97,53.11,0.59,-1,-1,-1
233,1122,1002.12,334.17,41.25,34.83,0.83,-1,-1,-1
233,1126,751.04,404.69,81.53,36.04,0.81,-1,-1,-1
233,1128,713.99,330.01,30.81,33.56,0.72,-1,-1,-1
233,1108,684.67,426.60,90.79,35.03,0.83,-1,-1,-1
233,1135,494.89,441.01,38.93,25.81,0.70,-1,-1,-1
233,1138,225.27,415.47,35.53,22.76,0.66,-1,-1,-1
233,1140,490.46,628.40,41.96,43.01,0.56,-1,-1,-1
233,1123,531.80,559.33,38.66,49.29,0.60,-1,-1,-1
233,1141,581.87,542.01,21.33,38.29,0.59,-1,-1,-1
233,1143,625.79,401.61,52.26,31.57,0.35,-1,-1,-1
233,1144,447.23,663.50,26.70,56.26,0.60,-1,-1,-1
233,1145,940.72,330.89,33.58,35.80,0.75,-1,-1,-1
233,1100,701.07,291.16,50.69,24.95,0.62,-1,-1,-1
233,1129,682.97,288.20,47.20,24.29,0.24,-1,-1,-1
233,1147,753.50,333.99,29.17,29.70,0.56,-1,-1,-1
233,1150,815.08,476.01,17.17,29.16,0.42,-1,-1,-1
233,1093,621.71,275.36,54.97,30.75,0.22,-1,-1,-1
233,1154,806.66,485.55,40.29,25.63,0.54,-1,-1,-1
233,1125,430.21,447.41,41.98,30.92,0.65,-1,-1,-1
233,1085,665.63,287.39,40.37,22.80,0.72,-1,-1,-1
234,1010,513.72,269.05,44.71,24.94,0.66,-1,-1,-1
234,1013,732.74,296.65,43.56,22.19,0.73,-1,-1,-1
234,1060,580.85,278.74,37.63,21.12,0.74,-1,-1,-1
234,1063,530.53,323.36,51.86,31.66,0.78,-1,-1,-1
234,1069,835.61,341.81,69.17,36.17,0.64,-1,-1,-1
234,1072,457.27,276.11,52.72,24.07,0.45,-1,-1,-1
234,1077,851.74,407.27,89.72,37.81,0.77,-1,-1,-1
234,1082,421.40,278.35,25.78,26.01,0.69,-1,-1,-1
234,1091,452.25,479.94,76.99,85.91,0.32,-1,-1,-1
234,1098,738.75,313.10,60.52,23.88,0.73,-1,-1,-1
234,1102,581.81,328.23,32.30,32.28,0.67,-1,-1,-1
234,998,317.33,327.73,30.90,31.88,0.61,-1,-1,-1
234,1106,486.97,303.90,67.09,28.73,0.59,-1,-1,-1
234,1110,513.77,316.67,58.08,27.61,0.66,-1,-1,-1
234,1111,285.76,492.76,93.27,63.27,0.90,-1,-1,-1
234,1113,629.44,329.95,30.65,35.24,0.67,-1,-1,-1
234,1114,975.71,404.92,110.59,45.99,0.19,-1,-1,-1
234,1116,367.80,665.89,67.21,89.89,0.82,-1,-1,-1
234,1117,821.75,427.66,86.15,35.65,0.78,-1,-1,-1
234,1121,472.53,657.42,32.93,53.15,0.68,-1,-1,-1
234,1122,992.73,333.51,41.38,35.09,0.83,-1,-1,-1
234,1126,743.04,406.48,79.91,35.36,0.85,-1,-1,-1
234,1128,705.04,330.40,30.95,33.74,0.70,-1,-1,-1
234,1108,673.91,427.59,91.00,35.21,0.82,-1,-1,-1
234,1135,480.57,442.97,39.39,26.41,0.76,-1,-1,-1
234,1138,220.43,417.93,34.48,21.94,0.63,-1,-1,-1
234,1140,478.27,628.32,45.26,46.11,0.57,-1,-1,-1
234,1123,524.11,561.50,38.70,49.49,0.37,-1,-1,-1
234,1141,574.44,544.84,20.94,37.72,0.59,-1,-1,-1
234,1143,615.84,402.41,52.82,31.98,0.25,-1,-1,-1
234,1144,437.69,665.97,26.27,55.74,0.52,-1,-1,-1
234,1145,931.25,330.39,33.89,36.00,0.74,-1,-1,-1
234,1100,687.93,291.63,50.96,24.70,0.63,-1,-1,-1
234,1147,743.83,334.52,29.24,29.54,0.48,-1,-1,-1
234,1150,813.39,478.04,16.89,28.81,0.51,-1,-1,-1
234,1154,804.84,486.95,40.17,25.50,0.65,-1,-1,-1
234,1125,414.43,449.43,42.60,32.25,0.70,-1,-1,-1
234,1085,657.25,287.92,40.20,22.65,0.70,-1,-1,-1
235,1010,505.05,269.45,45.15,25.20,0.60,-1,-1,-1
235,1013,724.02,296.96,43.93,22.43,0.70,-1,-1,-1
235,1060,572.62,279.34,37.19,20.84,0.73,-1,-1,-1
235,1063,521.47,324.06,52.42,32.06,0.78,-1,-1,-1
235,1069,827.67,342.34,68.32,35.68,0.66,-1,-1,-1
235,1072,447.69,277.14,53.31,24.07,0.48,-1,-1,-1
235,1077,843.91,407.47,89.74,38.06,0.78,-1,-1,-1
235,1082,411.67,279.71,25.59,25.90,0.68,-1,-1,-1
235,1091,443.77,481.35,77.34,86.10,0.46,-1,-1,-1
235,1098,729.46,313.51,60.29,23.88,0.71,-1,-1,-1
235,1102,573.19,328.18,33.24,33.35,0.58,-1,-1,-1
235,998,307.46,328.74,31.09,32.08,0.52,-1,-1,-1
235,1106,478.07,304.86,67.02,28.60,0.57,-1,-1,-1
235,1110,504.65,317.63,57.33,27.28,0.61,-1,-1,-1
235,1111,274.73,496.56,93.79,64.81,0.88,-1,-1,-1
235,1113,621.73,330.93,30.17,34.87,0.70,-1,-1,-1
235,1114,967.20,404.86,111.80,46.40,0.43,-1,-1,-1
235,1116,362.00,670.83,64.27,85.17,0.78,-1,-1,-1
235,1117,811.15,428.60,87.61,36.21,0.76,-1,-1,-1
235,1121,466.68,662.63,31.86,51.75,0.65,-1,-1,-1
235,1122,983.47,333.22,41.39,35.10,0.80,-1,-1,-1
235,1126,735.75,407.63,79.30,35.09,0.78,-1,-1,-1
235,1128,696.80,331.01,31.01,33.92,0.62,-1,-1,-1
235,1108,664.01,428.42,91.74,35.56,0.80,-1,-1,-1
235,1135,468.74,446.81,37.65,25.20,0.75,-1,-1,-1
235,1138,215.78,419.83,33.99,21.51,0.61,-1,-1,-1
235,1140,468.14,631.44,45.61,45.93,0.61,-1,-1,-1
235,1123,517.37,563.39,39.31,50.47,0.47,-1,-1,-1
235,1141,568.39,547.32,20.54,37.16,0.54,-1,-1,-1
235,1143,606.53,402.95,53.33,32.40,0.44,-1,-1,-1
235,1144,431.12,666.24,25.93,55.13,0.52,-1,-1,-1
235,1145,923.81,332.19,32.66,34.46,0.73,-1,-1,-1
235,1100,676.45,291.82,52.51,24.98,0.64,-1,-1,-1
235,1147,735.99,335.04,29.23,29.43,0.55,-1,-1,-1
235,1150,812.80,479.19,16.81,28.80,0.48,-1,-1,-1
235,1154,803.88,487.96,40.56,25.71,0.56,-1,-1,-1
235,1125,402.33,453.14,42.81,32.71,0.62,-1,-1,-1
235,1085,647.24,288.51,38.46,22.04,0.73,-1,-1,-1
235,1169,313.47,311.56,32.39,27.94,0.70,-1,-1,-1
236,1010,497.21,269.96,45.45,25.34,0.68,-1,-1,-1
236,1013,716.24,297.33,44.33,22.81,0.72,-1,-1,-1
236,1060,564.86,279.91,37.31,20.85,0.73,-1,-1,-1
236,1063,513.72,325.29,51.80,31.64,0.80,-1,-1,-1
236,1069,820.32,343.42,66.85,34.84,0.71,-1,-1,-1
236,1072,439.02,277.62,54.24,24.43,0.63,-1,-1,-1
236,1077,836.80,407.71,90.48,38.73,0.79,-1,-1,-1
236,1082,403.12,280.85,24.94,25.24,0.75,-1,-1,-1
236,1091,436.93,485.27,76.13,84.26,0.20,-1,-1,-1
236,1098,722.70,314.13,59.90,23.71,0.79,-1,-1,-1
236,1102,565.90,328.94,33.41,33.55,0.70,-1,-1,-1
236,998,298.93,330.10,30.68,31.78,0.59,-1,-1,-1
236,1106,465.07,305.57,63.39,27.45,0.55,-1,-1,-1
236,1110,496.66,318.98,58.94,28.24,0.65,-1,-1,-1
236,1111,264.96,501.50,93.75,66.01,0.92,-1,-1,-1
236,1113,614.91,332.20,29.54,34.11,0.69,-1,-1,-1
236,1114,961.06,405.32,111.36,46.02,0.58,-1,-1,-1
236,1116,355.98,674.37,62.53,81.63,0.74,-1,-1,-1
236,1117,801.72,428.46,88.84,36.80,0.77,-1,-1,-1
236,1121,461.08,667.01,31.47,51.48,0.53,-1,-1,-1
236,1122,975.79,333.07,41.93,35.67,0.84,-1,-1,-1
236,1126,729.12,407.94,80.83,35.73,0.77,-1,-1,-1
236,1128,689.97,331.38,30.84,33.71,0.72,-1,-1,-1
236,1108,655.11,429.30,92.52,35.97,0.82,-1,-1,-1
236,1135,456.78,448.65,37.22,25.02,0.74,-1,-1,-1
236,1138,211.35,420.95,34.87,22.01,0.53,-1,-1,-1
236,1140,458.27,636.92,47.34,47.55,0.63,-1,-1,-1
236,1123,511.08,565.36,39.62,51.25,0.74,-1,-1,-1
236,1141,561.83,549.51,21.22,38.67,0.48,-1,-1,-1
236,1143,598.65,403.74,53.79,32.73,0.24,-1,-1,-1
236,1144,424.72,670.99,25.06,53.71,0.51,-1,-1,-1
236,1145,916.63,331.84,33.38,35.11,0.71,-1,-1,-1
236,1100,674.78,293.16,51.32,24.62,0.71,-1,-1,-1
236,1147,729.77,335.64,29.46,29.75,0.65,-1,-1,-1
236,1150,813.00,479.91,16.59,28.42,0.57,-1,-1,-1
236,1154,803.77,489.06,41.34,26.19,0.71,-1,-1,-1
236,1125,391.30,457.99,40.74,31.44,0.67,-1,-1,-1
236,1085,639.75,288.96,38.03,22.00,0.70,-1,-1,-1
236,1169,305.49,311.74,33.30,28.78,0.64,-1,-1,-1
236,1172,936.05,511.56,34.11,21.98,0.64,-1,-1,-1
236,1129,662.66,290.86,46.20,23.59,0.62,-1,-1,-1
237,1010,489.84,270.58,46.15,25.73,0.64,-1,-1,-1
237,1013,709.40,298.30,44.19,22.75,0.63,-1,-1,-1
237,1060,557.51,280.16,38.94,21.71,0.70,-1,-1,-1
237,1063,505.87,325.88,53.12,32.41,0.75,-1,-1,-1
237,1069,813.59,344.56,66.46,34.54,0.67,-1,-1,-1
237,1072,430.99,278.21,54.14,24.64,0.51,-1,-1,-1
237,1077,830.72,408.66,88.75,38.05,0.80,-1,-1,-1
237,1082,395.25,281.96,24.65,25.08,0.70,-1,-1,-1
237,1091,429.31,487.69,78.72,87.18,0.24,-1,-1,-1
237,1098,715.94,314.59,60.35,23.88,0.78,-1,-1,-1
237,1102,558.50,329.60,34.36,34.64,0.67,-1,-1,-1
237,998,290.91,331.78,30.59,31.70,0.61,-1,-1,-1
237,1106,459.59,306.62,63.62,27.38,0.55,-1,-1,-1
237,1110,488.65,319.51,60.57,29.33,0.61,-1,-1,-1
237,1111,256.34,506.48,93.01,66.66,0.89,-1,-1,-1
237,1113,608.21,332.77,29.97,34.61,0.63,-1,-1,-1
237,1114,957.11,407.07,108.75,44.55,0.54,-1,-1,-1
237,1116,351.24,678.59,60.60,77.41,0.80,-1,-1,-1
237,1117,791.67,428.01,91.40,38.09,0.80,-1,-1,-1
237,1121,455.97,668.00,32.91,54.46,0.42,-1,-1,-1
237,1122,970.37,333.86,40.77,34.85,0.78,-1,-1,-1
237,1126,722.76,408.79,80.66,35.64,0.75,-1,-1,-1
237,1128,684.16,332.68,30.03,32.85,0.72,-1,-1,-1
237,1108,646.94,430.27,93.42,36.46,0.84,-1,-1,-1
237,1135,445.29,450.48,37.46,25.32,0.68,-1,-1,-1
237,1138,207.58,421.74,35.69,22.65,0.69,-1,-1,-1
237,1140,447.40,634.02,52.19,53.37,0.12,-1,-1,-1
237,1123,505.01,566.36,39.99,52.02,0.36,-1,-1,-1
237,1141,555.98,552.44,21.34,38.81,0.64,-1,-1,-1
237,1143,592.01,404.60,54.04,32.84,0.36,-1,-1,-1
237,1144,417.90,672.89,25.54,55.03,0.55,-1,-1,-1
237,1145,910.67,332.30,33.00,34.57,0.71,-1,-1,-1
237,1100,670.95,294.23,49.91,24.10,0.71,-1,-1,-1
237,1147,722.76,334.55,31.16,31.63,0.60,-1,-1,-1
237,1150,814.50,480.94,17.10,29.20,0.51,-1,-1,-1
237,1154,804.32,490.06,42.14,26.70,0.66,-1,-1,-1
237,1125,379.80,460.08,42.59,33.37,0.69,-1,-1,-1
237,1085,632.79,289.64,37.76,21.99,0.67,-1,-1,-1
237,1169,297.58,313.82,32.32,27.97,0.70,-1,-1,-1
237,1172,936.62,511.79,34.66,22.32,0.65,-1,-1,-1
237,1129,651.81,291.16,45.38,23.71,0.70,-1,-1,-1
238,1010,482.54,271.37,46.03,25.60,0.68,-1,-1,-1
238,1013,703.67,299.15,43.24,22.27,0.74,-1,-1,-1
238,1060,550.82,280.70,39.53,22.02,0.75,-1,-1,-1
238,1063,498.42,325.88,54.44,33.42,0.78,-1,-1,-1
238,1069,807.71,344.35,68.43,35.44,0.59,-1,-1,-1
238,1072,420.11,279.24,53.63,24.50,0.69,-1,-1,-1
238,1077,825.75,409.42,87.39,37.57,0.78,-1,-1,-1
238,1082,387.59,282.70,24.98,25.28,0.73,-1,-1,-1
238,1091,421.76,487.51,80.67,89.12,0.20,-1,-1,-1
238,1098,709.79,315.13,60.61,23.97,0.74,-1,-1,-1
238,1102,552.37,330.90,33.61,33.91,0.66,-1,-1,-1
238,998,283.16,332.99,30.77,32.00,0.62,-1,-1,-1
238,1106,451.60,306.68,66.98,28.62,0.59,-1,-1,-1
238,1110,481.89,320.13,62.47,30.66,0.58,-1,-1,-1
238,1111,247.63,510.52,93.60,68.34,0.92,-1,-1,-1
238,1113,601.92,333.90,29.81,34.49,0.71,-1,-1,-1
238,1114,950.36,407.24,110.18,44.93,0.46,-1,-1,-1
238,1116,346.82,682.40,59.04,73.60,0.71,-1,-1,-1
238,1117,781.47,428.23,94.66,39.88,0.78,-1,-1,-1
238,1121,451.13,672.90,32.08,53.34,0.60,-1,-1,-1
238,1122,962.16,333.47,41.89,35.60,0.76,-1,-1,-1
238,1126,715.79,409.20,81.05,35.82,0.74,-1,-1,-1
238,1128,677.77,332.84,30.49,33.40,0.69,-1,-1,-1
238,1108,638.53,431.78,94.10,36.95,0.84,-1,-1,-1
238,1135,434.20,452.51,37.89,25.74,0.58,-1,-1,-1
238,1138,205.07,423.34,35.75,22.69,0.72,-1,-1,-1
238,1140,439.29,638.12,53.44,55.39,0.52,-1,-1,-1
238,1123,499.91,568.13,40.19,52.69,0.68,-1,-1,-1
238,1141,551.04,554.64,21.10,38.24,0.55,-1,-1,-1
238,1143,585.09,405.88,53.92,32.79,0.61,-1,-1,-1
238,1144,414.22,673.22,23.51,49.96,0.54,-1,-1,-1
238,1145,903.64,331.77,33.80,35.18,0.71,-1,-1,-1
238,1100,664.54,294.65,49.72,24.23,0.70,-1,-1,-1
238,1147,718.88,338.32,28.48,28.78,0.52,-1,-1,-1
238,1150,815.20,482.33,17.52,29.94,0.53,-1,-1,-1
238,1154,805.29,492.00,41.43,26.19,0.69,-1,-1,-1
238,1125,370.81,465.00,40.08,31.63,0.58,-1,-1,-1
238,1085,625.52,290.16,38.36,22.51,0.60,-1,-1,-1
238,1169,290.30,315.74,32.34,28.08,0.57,-1,-1,-1
238,1172,936.71,512.26,35.65,22.94,0.52,-1,-1,-1
238,1129,641.40,291.19,44.61,24.18,0.54,-1,-1,-1
239,1010,475.32,271.54,46.44,25.77,0.64,-1,-1,-1
239,1013,697.43,299.31,43.10,22.19,0.70,-1,-1,-1
239,1060,543.38,280.97,39.41,21.97,0.72,-1,-1,-1
239,1063,492.21,327.31,53.73,33.02,0.74,-1,-1,-1
239,1069,800.67,344.41,68.99,35.76,0.66,-1,-1,-1
239,1072,412.23,279.58,54.57,24.83,0.64,-1,-1,-1
239,1077,821.15,409.84,87.25,37.81,0.78,-1,-1,-1
239,1082,380.36,283.54,25.11,25.39,0.71,-1,-1,-1
239,1091,415.02,487.08,81.05,89.03,0.58,-1,-1,-1
239,1098,704.05,315.71,59.67,23.53,0.78,-1,-1,-1
239,1102,545.87,331.34,34.40,34.69,0.67,-1,-1,-1
239,998,275.51,334.46,30.57,31.78,0.68,-1,-1,-1
239,1106,443.93,306.79,67.27,28.35,0.62,-1,-1,-1
239,1110,475.89,321.49,60.11,29.67,0.68,-1,-1,-1
239,1111,238.56,514.89,94.13,70.11,0.92,-1,-1,-1
239,1113,595.36,334.34,29.88,34.52,0.70,-1,-1,-1
239,1114,945.49,408.31,108.94,44.09,0.66,-1,-1,-1
239,1116,341.78,685.72,57.93,70.28,0.67,-1,-1,-1
239,1117,775.13,429.77,92.21,38.88,0.79,-1,-1,-1
239,1121,445.75,676.85,31.89,53.41,0.58,-1,-1,-1
239,1122,956.62,333.88,41.73,35.59,0.79,-1,-1,-1
239,1126,710.16,409.52,82.56,36.26,0.78,-1,-1,-1
239,1128,672.16,334.14,29.72,32.30,0.70,-1,-1,-1
239,1108,631.37,432.77,93.45,36.84,0.85,-1,-1,-1
239,1135,419.19,454.46,39.78,26.73,0.70,-1,-1,-1
239,1138,202.49,425.52,35.47,22.44,0.70,-1,-1,-1
239,1140,432.05,643.44,50.28,52.15,0.52,-1,-1,-1
239,1123,494.56,571.29,39.58,52.03,0.69,-1,-1,-1
239,1141,546.76,556.52,20.12,36.17,0.48,-1,-1,-1
239,1143,579.81,408.73,51.21,30.91,0.22,-1,-1,-1
239,1144,409.81,674.93,22.96,48.56,0.41,-1,-1,-1
239,1145,897.43,332.65,33.47,34.51,0.60,-1,-1,-1
239,1100,659.23,295.24,48.06,23.62,0.67,-1,-1,-1
239,1147,711.93,337.74,29.42,29.78,0.64,-1,-1,-1
239,1150,816.10,484.08,17.17,29.23,0.47,-1,-1,-1
239,1154,805.77,493.25,41.47,26.18,0.55,-1,-1,-1
239,1125,360.47,468.02,39.79,31.65,0.46,-1,-1,-1
239,1085,620.87,290.35,39.45,22.94,0.70,-1,-1,-1
239,1169,281.05,316.30,33.10,28.83,0.65,-1,-1,-1
239,1172,936.77,512.60,36.43,23.46,0.28,-1,-1,-1
239,1129,635.03,292.67,42.36,23.69,0.51,-1,-1,-1
239,1183,536.76,656.00,42.57,74.29,0.82,-1,-1,-1
240,1010,468.55,272.68,46.02,25.44,0.65,-1,-1,-1
240,1013,690.19,299.13,44.07,22.77,0.69,-1,-1,-1
240,1060,536.07,281.50,39.18,21.85,0.69,-1,-1,-1
240,1063,486.30,328.20,53.15,32.76,0.75,-1,-1,-1
240,1069,793.73,344.80,69.01,35.72,0.70,-1,-1,-1
240,1072,404.42,280.59,54.65,24.90,0.56,-1,-1,-1
240,1077,815.85,409.84,87.12,38.07,0.81,-1,-1,-1
240,1082,372.77,284.11,25.20,25.58,0.69,-1,-1,-1
240,1091,407.42,487.25,82.66,90.66,0.14,-1,-1,-1
240,1098,697.65,316.44,59.07,23.21,0.80,-1,-1,-1
240,1102,538.99,332.58,34.76,35.04,0.74,-1,-1,-1
240,998,267.44,334.52,31.36,32.83,0.66,-1,-1,-1
240,1106,435.54,307.02,68.11,28.32,0.62,-1,-1,-1
240,1110,468.03,321.38,60.78,30.02,0.69,-1,-1,-1
240,1111,230.27,519.88,93.73,71.18,0.92,-1,-1,-1
240,1113,589.19,334.72,29.49,34.11,0.66,-1,-1,-1
240,1114,940.22,409.33,108.13,43.44,0.64,-1,-1,-1
240,1116,336.98,689.19,56.01,66.81,0.71,-1,-1,-1
240,1117,766.92,430.07,92.55,39.15,0.82,-1,-1,-1
240,1121,441.22,680.54,31.91,53.92,0.61,-1,-1,-1
240,1122,949.99,334.16,41.46,35.37,0.76,-1,-1,-1
240,1126,705.18,409.55,84.75,37.18,0.76,-1,-1,-1
240,1128,665.72,334.41,30.12,32.67,0.71,-1,-1,-1
240,1108,623.17,434.02,92.87,36.72,0.86,-1,-1,-1
240,1135,407.83,456.41,40.89,27.56,0.49,-1,-1,-1
240,1138,199.51,426.94,35.05,22.16,0.77,-1,-1,-1
240,1140,421.99,642.48,55.88,59.26,0.33,-1,-1,-1
240,1123,489.62,574.16,38.75,50.92,0.74,-1,-1,-1
240,1141,540.74,558.55,21.24,38.43,0.61,-1,-1,-1
240,1143,571.79,410.08,51.21,30.84,0.44,-1,-1,-1
240,1144,402.78,681.40,23.51,50.05,0.59,-1,-1,-1
240,1145,890.92,332.60,33.71,34.62,0.75,-1,-1,-1
240,1100,648.13,295.19,50.42,24.64,0.62,-1,-1,-1
240,1147,705.56,338.39,29.36,29.63,0.62,-1,-1,-1
240,1150,816.75,485.03,17.13,29.06,0.41,-1,-1,-1
240,1154,806.26,494.17,41.91,26.39,0.56,-1,-1,-1
240,1125,350.22,470.93,40.53,32.46,0.66,-1,-1,-1
240,1085,612.68,290.79,38.71,22.74,0.68,-1,-1,-1
240,1169,272.01,316.70,34.52,30.20,0.58,-1,-1,-1
240,1172,937.62,512.90,35.27,22.69,0.43,-1,-1,-1
240,1129,629.75,292.72,43.76,24.82,0.50,-1,-1,-1
240,1183,531.89,657.18,42.08,73.49,0.84,-1,-1,-1
240,1187,749.52,335.31,35.50,33.72,0.60,-1,-1,-1
240,1093,572.01,284.33,46.34,26.22,0.57,-1,-1,-1
241,1010,460.67,273.49,45.68,25.15,0.66,-1,-1,-1
241,1013,682.54,299.68,44.10,22.92,0.68,-1,-1,-1
241,1060,528.30,282.18,38.46,21.43,0.69,-1,-1,-1
241,1063,478.93,329.83,51.79,31.79,0.77,-1,-1,-1
241,1069,786.76,345.33,68.50,35.56,0.67,-1,-1,-1
241,1072,401.75,281.65,53.12,23.98,0.51,-1,-1,-1
241,1077,809.19,410.35,86.36,37.84,0.77,-1,-1,-1
241,1082,364.47,284.31,25.74,26.24,0.68,-1,-1,-1
241,1091,400.23,489.53,82.28,89.64,0.30,-1,-1,-1
241,1098,690.32,317.27,58.74,22.94,0.82,-1,-1,-1
241,1102,531.96,334.10,33.94,34.10,0.76,-1,-1,-1
241,998,258.67,336.81,31.04,32.47,0.62,-1,-1,-1
241,1106,422.08,307.58,61.12,25.75,0.52,-1,-1,-1
241,1110,462.10,322.62,58.44,28.82,0.75,-1,-1,-1
241,1111,220.92,524.68,93.40,72.41,0.88,-1,-1,-1
241,1113,582.24,335.51,29.60,34.30,0.69,-1,-1,-1
241,1114,933.24,409.30,108.05,43.24,0.52,-1,-1,-1
241,1116,331.67,692.52,54.54,63.48,0.46,-1,-1,-1
241,1117,758.38,431.26,90.82,38.45,0.83,-1,-1,-1
241,1121,435.24,683.78,31.67,53.86,0.55,-1,-1,-1
241,1122,942.10,334.07,41.98,35.82,0.78,-1,-1,-1
241,1126,699.73,410.04,85.61,37.38,0.74,-1,-1,-1
241,1128,658.83,335.80,29.64,32.01,0.69,-1,-1,-1
241,1108,615.70,435.15,91.68,36.31,0.86,-1,-1,-1
241,1135,395.59,458.45,42.06,28.80,0.30,-1,-1,-1
241,1138,196.16,428.22,34.73,21.91,0.61,-1,-1,-1
241,1140,415.69,647.57,49.71,52.21,0.56,-1,-1,-1
241,1123,484.30,576.75,38.41,50.36,0.19,-1,-1,-1
241,1141,535.16,561.12,20.81,37.66,0.52,-1,-1,-1
241,1143,564.90,411.35,50.94,30.53,0.41,-1,-1,-1
241,1144,397.43,680.53,23.50,49.88,0.51,-1,-1,-1
241,1145,884.36,333.75,33.25,33.79,0.70,-1,-1,-1
241,1100,643.44,295.75,49.87,24.57,0.69,-1,-1,-1
241,1147,698.73,338.79,29.35,29.62,0.60,-1,-1,-1
241,1150,816.46,486.19,17.25,29.25,0.38,-1,-1,-1
241,1154,806.11,495.17,42.91,26.99,0.33,-1,-1,-1
241,1125,338.84,472.12,42.62,34.48,0.69,-1,-1,-1
241,1085,604.52,291.29,38.32,22.82,0.68,-1,-1,-1
241,1169,262.89,318.09,34.42,30.22,0.65,-1,-1,-1
241,1172,937.97,512.56,34.37,22.08,0.54,-1,-1,-1
241,1129,622.72,293.38,41.73,24.04,0.62,-1,-1,-1
241,1183,526.03,659.79,41.28,72.05,0.85,-1,-1,-1
241,1187,743.01,335.91,35.34,33.50,0.33,-1,-1,-1
241,1093,565.15,286.09,44.14,25.22,0.52,-1,-1,-1
242,1010,451.91,273.92,47.25,25.97,0.71,-1,-1,-1
242,1013,675.21,300.13,44.33,23.15,0.77,-1,-1,-1
242,1060,519.86,282.83,37.87,21.17,0.62,-1,-1,-1
242,1063,470.23,329.54,54.75,33.87,0.78,-1,-1,-1
242,1069,778.63,345.51,68.74,35.79,0.75,-1,-1,-1
242,1072,391.12,282.37,55.95,25.10,0.59,-1,-1,-1
242,1077,801.91,410.49,87.81,38.80,0.82,-1,-1,-1
242,1082,355.26,285.49,25.83,26.21,0.68,-1,-1,-1
242,1091,392.86,492.82,81.14,87.63,0.62,-1,-1,-1
242,1098,683.46,318.07,57.94,22.55,0.84,-1,-1,-1
242,1102,524.17,335.11,34.34,34.35,0.74,-1,-1,-1
242,998,248.92,337.01,32.26,33.96,0.63,-1,-1,-1
242,1106,410.38,306.86,57.32,24.47,0.56,-1,-1,-1
242,1110,453.75,323.50,58.54,28.90,0.67,-1,-1,-1
242,1111,211.53,529.81,92.74,73.45,0.90,-1,-1,-1
242,1113,574.58,335.72,30.21,35.20,0.52,-1,-1,-1
242,1114,925.85,409.38,108.78,43.24,0.46,-1,-1,-1
242,1116,325.79,696.49,53.37,59.51,0.32,-1,-1,-1
242,1117,749.30,431.74,89.26,37.91,0.81,-1,-1,-1
242,1121,428.57,683.37,33.29,57.20,0.59,-1,-1,-1
242,1122,935.95,334.92,40.52,34.63,0.73,-1,-1,-1
242,1126,691.60,409.85,87.62,38.36,0.78,-1,-1,-1
242,1128,651.44,336.37,29.76,32.09,0.73,-1,-1,-1
242,1108,606.47,436.17,91.63,36.36,0.90,-1,-1,-1
242,1135,383.95,462.41,40.72,28.14,0.50,-1,-1,-1
242,1138,191.43,429.05,35.21,22.30,0.65,-1,-1,-1
242,1140,407.34,647.48,46.46,48.65,0.67,-1,-1,-1
242,1123,477.21,576.70,40.26,53.22,0.46,-1,-1,-1
242,1141,528.52,568.38,21.29,38.11,0.61,-1,-1,-1
242,1143,556.73,411.50,51.75,31.02,0.42,-1,-1,-1
242,1144,390.70,681.35,24.51,51.86,0.33,-1,-1,-1
242,1145,876.63,334.28,33.14,33.29,0.75,-1,-1,-1
242,1100,636.91,296.16,48.96,24.33,0.71,-1,-1,-1
242,1147,690.87,338.51,29.96,30.22,0.67,-1,-1,-1
242,1150,816.98,487.22,16.77,28.27,0.45,-1,-1,-1
242,1154,806.01,495.57,43.44,27.31,0.48,-1,-1,-1
242,1125,327.43,474.81,43.60,35.61,0.61,-1,-1,-1
242,1085,595.77,292.08,37.71,22.88,0.62,-1,-1,-1
242,1169,253.62,318.11,35.71,31.52,0.59,-1,-1,-1
242,1172,936.89,512.29,35.06,22.48,0.68,-1,-1,-1
242,1129,614.85,293.55,41.81,24.52,0.62,-1,-1,-1
242,1183,518.34,659.93,41.97,73.22,0.83,-1,-1,-1
242,1187,734.75,336.67,35.63,33.69,0.51,-1,-1,-1
242,1093,555.18,285.88,45.40,26.13,0.52,-1,-1,-1
243,1010,441.72,274.19,48.03,26.37,0.65,-1,-1,-1
243,1013,666.96,300.71,44.02,23.08,0.73,-1,-1,-1
243,1060,511.02,283.63,37.20,20.87,0.66,-1,-1,-1
243,1063,462.17,330.68,54.01,33.51,0.83,-1,-1,-1
243,1069,770.17,346.26,67.75,35.24,0.74,-1,-1,-1
243,1072,382.69,283.48,55.22,24.76,0.61,-1,-1,-1
243,1077,794.18,411.13,86.96,38.54,0.79,-1,-1,-1
243,1082,345.83,286.95,25.89,26.15,0.62,-1,-1,-1
243,1091,384.64,494.36,82.08,87.89,0.28,-1,-1,-1
243,1098,675.18,318.55,57.65,22.37,0.83,-1,-1,-1
243,1102,515.89,335.50,33.95,33.86,0.72,-1,-1,-1
243,998,238.43,336.79,33.96,35.90,0.66,-1,-1,-1
243,1106,399.05,308.13,60.44,26.29,0.55,-1,-1,-1
243,1110,444.01,324.66,58.12,28.78,0.72,-1,-1,-1
243,1111,201.40,535.55,92.60,74.75,0.91,-1,-1,-1
243,1113,566.41,336.49,30.24,35.25,0.70,-1,-1,-1
243,1114,917.50,409.11,109.45,43.36,0.56,-1,-1,-1
243,1116,319.69,700.57,51.57,55.43,0.43,-1,-1,-1
243,1117,739.97,431.71,88.06,37.55,0.83,-1,-1,-1
243,1121,421.45,686.67,33.70,57.45,0.53,-1,-1,-1
243,1122,926.97,334.19,41.23,35.15,0.81,-1,-1,-1
243,1126,683.96,410.27,88.64,39.12,0.80,-1,-1,-1
243,1128,643.33,336.55,30.10,32.51,0.68,-1,-1,-1
243,1108,596.69,436.88,92.45,36.80,0.88,-1,-1,-1
243,1135,370.59,464.47,40.36,28.06,0.46,-1,-1,-1
243,1138,185.45,429.47,36.56,23.31,0.55,-1,-1,-1
243,1140,399.19,649.16,43.82,45.23,0.63,-1,-1,-1
243,1123,470.60,578.68,40.69,54.02,0.29,-1,-1,-1
243,1141,521.25,572.30,22.11,39.06,0.58,-1,-1,-1
243,1143,548.59,412.73,51.88,31.10,0.36,-1,-1,-1
243,1144,383.72,683.06,25.80,54.72,0.41,-1,-1,-1
243,1145,868.39,334.27,33.32,33.11,0.75,-1,-1,-1
243,1100,628.55,296.58,48.59,24.26,0.69,-1,-1,-1
243,1147,682.62,338.87,30.03,30.33,0.67,-1,-1,-1
243,1150,816.91,488.01,16.49,27.70,0.49,-1,-1,-1
243,1154,805.48,496.27,43.51,27.46,0.43,-1,-1,-1
243,1125,316.17,477.41,44.45,36.72,0.75,-1,-1,-1
243,1085,587.22,292.46,36.55,22.56,0.70,-1,-1,-1
243,1169,243.70,320.73,34.78,30.71,0.51,-1,-1,-1
243,1172,935.73,512.31,34.06,21.86,0.67,-1,-1,-1
243,1129,605.62,294.51,40.99,24.10,0.43,-1,-1,-1
243,1183,511.11,660.05,42.06,73.34,0.82,-1,-1,-1
243,1187,725.94,336.62,36.35,34.29,0.52,-1,-1,-1
243,1093,547.64,285.60,45.75,26.59,0.25,-1,-1,-1
243,1198,1127.68,606.16,50.03,37.53,0.52,-1,-1,-1
243,1199,119.25,387.72,51.55,35.01,0.76,-1,-1,-1
243,1200,421.52,310.80,64.00,30.10,0.62,-1,-1,-1
244,1010,431.82,275.33,47.19,25.86,0.67,-1,-1,-1
244,1013,658.55,301.13,42.88,22.49,0.76,-1,-1,-1
244,1060,502.41,284.53,37.92,21.22,0.73,-1,-1,-1
244,1063,452.11,330.39,55.75,34.90,0.82,-1,-1,-1
244,1069,761.22,345.91,68.08,35.66,0.79,-1,-1,-1
244,1072,371.74,284.17,55.75,24.82,0.59,-1,-1,-1
244,1077,787.13,411.04,86.94,38.90,0.80,-1,-1,-1
244,1082,335.81,288.31,25.52,25.59,0.56,-1,-1,-1
244,1091,376.42,496.76,81.17,85.98,0.66,-1,-1,-1
244,1098,666.38,318.85,57.43,22.22,0.83,-1,-1,-1
244,1102,506.91,336.14,34.26,34.01,0.73,-1,-1,-1
244,998,227.71,338.84,33.82,35.78,0.69,-1,-1,-1
244,1106,390.40,308.50,57.28,25.19,0.56,-1,-1,-1
244,1110,434.61,325.63,60.55,29.99,0.62,-1,-1,-1
244,1111,190.36,541.34,91.87,75.74,0.89,-1,-1,-1
244,1113,557.70,337.03,30.19,35.18,0.62,-1,-1,-1
244,1114,908.66,409.00,109.45,43.19,0.29,-1,-1,-1
244,1116,312.78,704.12,50.61,51.88,0.26,-1,-1,-1
244,1117,728.82,431.30,90.21,38.57,0.82,-1,-1,-1
244,1121,415.05,689.09,34.29,58.59,0.63,-1,-1,-1
244,1122,917.86,333.61,41.50,35.40,0.75,-1,-1,-1
244,1126,675.93,411.71,86.98,38.58,0.77,-1,-1,-1
244,1128,634.63,336.82,30.12,32.59,0.68,-1,-1,-1
244,1108,587.29,437.84,91.73,36.56,0.86,-1,-1,-1
244,1135,358.82,468.35,37.67,25.96,0.41,-1,-1,-1
244,1138,180.04,430.67,36.36,23.19,0.62,-1,-1,-1
244,1140,388.15,650.45,42.53,43.10,0.69,-1,-1,-1
244,1123,463.95,581.59,39.05,51.82,0.23,-1,-1,-1
244,1141,513.88,569.46,22.54,39.92,0.59,-1,-1,-1
244,1143,539.36,414.25,51.11,30.63,0.17,-1,-1,-1
244,1144,377.48,685.55,24.75,52.39,0.37,-1,-1,-1
244,1145,858.96,334.18,33.68,33.02,0.73,-1,-1,-1
244,1100,619.96,297.17,48.47,24.36,0.70,-1,-1,-1
244,1147,674.14,339.60,29.80,30.11,0.60,-1,-1,-1
244,1150,814.58,488.30,16.89,28.52,0.52,-1,-1,-1
244,1154,804.29,496.68,43.35,27.33,0.53,-1,-1,-1
244,1125,303.75,479.37,46.05,38.55,0.52,-1,-1,-1
244,1085,578.32,292.89,35.89,22.48,0.71,-1,-1,-1
244,1169,233.33,322.63,33.51,29.69,0.59,-1,-1,-1
244,1172,933.40,511.08,34.51,22.28,0.56,-1,-1,-1
244,1129,599.42,294.85,40.98,24.07,0.58,-1,-1,-1
244,1183,502.80,660.06,42.90,74.50,0.80,-1,-1,-1
244,1187,717.06,337.05,35.93,33.76,0.60,-1,-1,-1
244,1093,537.67,284.27,47.68,27.98,0.33,-1,-1,-1
244,1198,1120.23,603.43,50.88,38.19,0.74,-1,-1,-1
244,1199,107.11,390.22,50.73,34.43,0.64,-1,-1,-1
244,1200,408.21,311.49,64.07,30.03,0.54,-1,-1,-1
245,1010,420.45,278.55,42.03,23.16,0.53,-1,-1,-1
245,1013,648.43,300.98,43.36,22.77,0.66,-1,-1,-1
245,1060,490.54,285.36,37.07,20.96,0.68,-1,-1,-1
245,1063,439.63,331.07,56.67,35.47,0.78,-1,-1,-1
245,1069,751.58,346.12,67.87,35.66,0.79,-1,-1,-1
245,1072,360.48,284.56,56.67,25.06,0.55,-1,-1,-1
245,1077,778.41,411.53,84.74,37.92,0.78,-1,-1,-1
245,1082,324.14,289.32,26.24,26.15,0.70,-1,-1,-1
245,1091,365.48,497.91,82.80,86.76,0.25,-1,-1,-1
245,1098,655.99,318.77,59.13,22.88,0.80,-1,-1,-1
245,1102,496.10,335.92,36.07,35.84,0.74,-1,-1,-1
245,998,215.17,337.77,36.21,38.80,0.68,-1,-1,-1
245,1106,377.36,308.40,55.73,25.01,0.55,-1,-1,-1
245,1110,420.58,326.36,61.73,30.50,0.42,-1,-1,-1
245,1111,178.49,546.62,91.81,77.16,0.93,-1,-1,-1
245,1113,547.43,337.41,30.64,35.57,0.66,-1,-1,-1
245,1114,897.59,407.08,111.74,44.07,0.15,-1,-1,-1
245,1116,304.31,708.40,48.83,47.60,0.47,-1,-1,-1
245,1117,718.24,431.66,89.61,38.39,0.79,-1,-1,-1
245,1121,408.50,694.36,32.79,56.23,0.41,-1,-1,-1
245,1122,908.35,333.65,41.24,35.23,0.74,-1,-1,-1
245,1126,667.52,413.29,85.06,37.97,0.76,-1,-1,-1
245,1128,625.19,337.55,30.25,32.61,0.64,-1,-1,-1
245,1108,575.38,438.71,92.47,37.00,0.88,-1,-1,-1
245,1135,344.26,469.70,39.46,26.99,0.45,-1,-1,-1
245,1138,173.31,432.71,36.33,23.21,0.47,-1,-1,-1
245,1140,377.20,653.67,39.36,38.69,0.58,-1,-1,-1
245,1123,455.64,583.95,39.13,52.09,0.17,-1,-1,-1
245,1141,505.53,570.26,22.56,39.85,0.49,-1,-1,-1
245,1143,528.83,415.41,52.03,31.18,0.18,-1,-1,-1
245,1144,369.32,688.39,24.47,51.33,0.53,-1,-1,-1
245,1145,849.18,334.99,33.41,32.26,0.71,-1,-1,-1
245,1100,609.69,297.23,49.72,25.40,0.63,-1,-1,-1
245,1147,664.35,339.75,30.25,30.46,0.58,-1,-1,-1
245,1150,811.95,488.62,17.48,29.67,0.54,-1,-1,-1
245,1154,801.33,495.87,44.45,28.26,0.44,-1,-1,-1
245,1125,290.67,483.65,45.38,38.54,0.34,-1,-1,-1
245,1085,568.53,293.65,35.07,22.24,0.64,-1,-1,-1
245,1169,219.62,324.67,36.25,32.26,0.24,-1,-1,-1
245,1172,929.34,509.13,35.80,23.44,0.58,-1,-1,-1
245,1129,588.10,295.54,40.38,24.20,0.54,-1,-1,-1
245,1183,494.60,661.64,42.26,73.27,0.86,-1,-1,-1
245,1187,707.16,336.90,36.49,34.18,0.43,-1,-1,-1
245,1093,522.35,285.09,48.66,27.98,0.30,-1,-1,-1
245,1198,1112.02,603.05,48.77,36.59,0.60,-1,-1,-1
245,1199,93.44,393.79,47.82,32.38,0.75,-1,-1,-1
245,1200,398.35,312.39,63.03,29.43,0.59,-1,-1,-1
246,1010,406.09,279.03,42.30,23.65,0.52,-1,-1,-1
246,1013,636.49,301.45,44.16,23.27,0.70,-1,-1,-1
246,1060,478.82,285.60,37.85,21.42,0.77,-1,-1,-1
246,1063,429.35,332.82,55.10,34.51,0.81,-1,-1,-1
246,1069,741.54,345.92,68.30,35.84,0.75,-1,-1,-1
246,1072,346.50,285.33,58.39,25.90,0.62,-1,-1,-1
246,1077,767.70,411.24,84.98,38.18,0.76,-1,-1,-1
246,1082,311.67,290.50,26.39,26.14,0.63,-1,-1,-1
246,1091,355.35,500.41,82.42,85.60,0.27,-1,-1,-1
246,1098,644.61,318.63,59.92,23.20,0.81,-1,-1,-1
246,1102,484.38,336.46,36.26,35.87,0.63,-1,-1,-1
246,998,202.79,341.64,34.29,36.78,0.60,-1,-1,-1
246,1106,364.69,310.00,55.83,25.51,0.41,-1,-1,-1
246,1110,410.93,327.08,62.49,31.04,0.65,-1,-1,-1
246,1111,165.11,552.58,92.40,79.36,0.94,-1,-1,-1
246,1113,536.07,338.19,31.41,36.57,0.53,-1,-1,-1
246,1114,887.18,406.43,111.59,44.00,0.27,-1,-1,-1
246,1116,296.00,713.42,46.43,42.41,0.43,-1,-1,-1
246,1117,705.23,430.94,91.21,39.34,0.83,-1,-1,-1
246,1121,398.90,697.53,32.96,56.25,0.51,-1,-1,-1
246,1122,896.66,333.46,41.23,35.22,0.72,-1,-1,-1
246,1126,658.00,414.10,83.11,37.22,0.82,-1,-1,-1
246,1128,613.99,337.66,30.77,33.08,0.69,-1,-1,-1
246,1108,564.27,439.56,92.62,37.14,0.84,-1,-1,-1
246,1135,326.19,469.54,42.84,29.57,0.66,-1,-1,-1
246,1138,164.84,433.91,36.64,23.46,0.45,-1,-1,-1
246,1140,362.70,651.94,43.25,42.29,0.58,-1,-1,-1
246,1123,445.44,584.97,40.69,54.56,0.25,-1,-1,-1
246,1141,496.96,571.64,22.79,40.23,0.39,-1,-1,-1
246,1143,516.49,415.51,54.63,32.84,0.12,-1,-1,-1
246,1144,360.75,693.52,24.25,50.14,0.32,-1,-1,-1
246,1145,838.09,334.53,34.16,32.59,0.82,-1,-1,-1
246,1100,597.64,297.65,49.85,25.54,0.67,-1,-1,-1
246,1147,653.87,339.55,30.80,31.01,0.50,-1,-1,-1
246,1150,809.36,488.89,17.38,29.52,0.48,-1,-1,-1
246,1154,797.90,496.52,44.43,28.35,0.41,-1,-1,-1
246,1125,275.77,487.26,45.70,39.57,0.46,-1,-1,-1
246,1085,557.42,293.85,35.63,22.84,0.59,-1,-1,-1
246,1169,207.48,325.26,35.79,32.02,0.49,-1,-1,-1
246,1172,926.67,508.05,35.52,23.41,0.20,-1,-1,-1
246,1129,579.89,295.55,42.00,25.01,0.28,-1,-1,-1
246,1183,484.73,661.40,43.57,75.25,0.82,-1,-1,-1
246,1187,696.18,337.20,36.99,34.46,0.38,-1,-1,-1
246,1093,508.09,283.69,54.04,30.36,0.23,-1,-1,-1
246,1198,1103.49,602.59,47.55,35.54,0.48,-1,-1,-1
246,1199,75.78,396.00,49.48,33.45,0.54,-1,-1,-1
246,1200,382.22,312.32,65.66,30.41,0.54,-1,-1,-1
247,1010,400.83,278.42,39.52,22.35,0.13,-1,-1,-1
247,1013,625.62,302.01,43.15,22.81,0.71,-1,-1,-1
247,1060,466.13,286.15,40.45,22.88,0.70,-1,-1,-1
247,1063,415.70,333.40,55.81,34.79,0.76,-1,-1,-1
247,1069,730.03,345.92,67.18,35.48,0.77,-1,-1,-1
247,1072,330.34,286.37,58.23,26.18,0.67,-1,-1,-1
247,1077,757.94,411.18,84.32,38.03,0.79,-1,-1,-1
247,1082,297.26,290.92,27.64,27.25,0.56,-1,-1,-1
247,1091,344.78,502.66,83.59,86.03,0.31,-1,-1,-1
247,1098,633.40,318.92,59.01,22.84,0.85,-1,-1,-1
247,1102,473.38,337.40,36.10,35.52,0.62,-1,-1,-1
247,998,188.23,344.09,34.65,37.18,0.58,-1,-1,-1
247,1106,351.65,312.54,57.76,27.11,0.28,-1,-1,-1
247,1110,399.54,328.61,59.19,29.27,0.35,-1,-1,-1
247,1111,151.72,559.15,92.39,80.82,0.90,-1,-1,-1
247,1113,524.83,339.17,30.89,35.75,0.61,-1,-1,-1
247,1114,877.32,405.19,112.57,44.43,0.39,-1,-1,-1
247,1116,286.64,717.35,45.23,38.53,0.38,-1,-1,-1
247,1117,692.45,431.23,90.71,39.16,0.83,-1,-1,-1
247,1121,392.35,703.94,30.54,51.90,0.37,-1,-1,-1
247,1122,885.23,332.76,40.46,34.60,0.77,-1,-1,-1
247,1126,648.58,415.12,80.50,36.04,0.79,-1,-1,-1
247,1128,602.66,338.16,30.90,33.18,0.72,-1,-1,-1
247,1108,552.67,440.69,92.14,37.01,0.84,-1,-1,-1
247,1135,306.23,470.35,45.49,32.04,0.61,-1,-1,-1
247,1138,155.79,435.92,36.43,23.39,0.53,-1,-1,-1
247,1140,349.25,656.52,43.64,42.42,0.67,-1,-1,-1
247,1123,435.43,586.06,41.12,55.27,0.46,-1,-1,-1
247,1141,488.14,579.69,22.76,39.60,0.55,-1,-1,-1
247,1143,504.26,416.25,55.07,33.30,0.29,-1,-1,-1
247,1144,351.39,696.26,24.67,50.21,0.41,-1,-1,-1
247,1145,825.61,332.85,36.03,34.15,0.76,-1,-1,-1
247,1100,586.81,297.75,49.40,25.49,0.68,-1,-1,-1
247,1147,642.37,340.03,30.87,30.95,0.58,-1,-1,-1
247,1150,805.39,489.30,17.36,29.61,0.49,-1,-1,-1
247,1154,794.22,495.68,45.26,29.02,0.19,-1,-1,-1
247,1125,260.64,491.40,45.45,40.13,0.42,-1,-1,-1
247,1085,547.89,294.31,37.65,23.90,0.60,-1,-1,-1
247,1169,193.55,326.97,35.44,31.87,0.61,-1,-1,-1
247,1129,564.31,295.75,42.03,25.34,0.37,-1,-1,-1
247,1183,476.96,668.27,40.48,69.17,0.68,-1,-1,-1
247,1187,685.09,337.75,36.70,34.06,0.54,-1,-1,-1
247,1093,494.26,285.42,52.24,29.00,0.18,-1,-1,-1
247,1198,1094.32,604.39,43.73,32.44,0.41,-1,-1,-1
247,1199,57.55,399.72,51.05,34.39,0.57,-1,-1,-1
247,1200,371.50,314.16,64.95,30.09,0.53,-1,-1,-1
248,1013,613.77,302.02,43.25,22.90,0.70,-1,-1,-1
248,1060,453.46,286.69,40.31,22.75,0.74,-1,-1,-1
248,1063,402.74,333.77,57.26,35.65,0.73,-1,-1,-1
248,1069,718.91,346.08,66.66,35.25,0.81,-1,-1,-1
248,1072,318.21,288.02,56.69,25.58,0.53,-1,-1,-1
248,1077,746.99,411.13,84.21,38.08,0.79,-1,-1,-1
248,1082,282.54,291.51,28.77,28.43,0.69,-1,-1,-1
248,1091,331.61,504.12,84.96,86.50,0.14,-1,-1,-1
248,1098,621.34,318.88,60.18,23.30,0.78,-1,-1,-1
248,1102,460.42,337.93,37.66,36.98,0.69,-1,-1,-1
248,998,173.84,345.40,34.69,37.23,0.62,-1,-1,-1
248,1106,339.53,313.06,56.13,26.71,0.37,-1,-1,-1
248,1110,383.76,328.96,64.69,32.15,0.44,-1,-1,-1
248,1111,137.81,565.36,91.98,82.01,0.89,-1,-1,-1
248,1113,513.22,339.38,31.15,36.01,0.73,-1,-1,-1
248,1114,862.38,402.71,116.30,46.13,0.17,-1,-1,-1
248,1116,277.89,720.75,44.60,35.13,0.24,-1,-1,-1
248,1117,677.78,430.37,91.53,39.61,0.84,-1,-1,-1
248,1121,383.81,706.90,29.37,49.10,0.35,-1,-1,-1
248,1122,874.51,332.95,40.20,34.61,0.68,-1,-1,-1
248,1126,637.76,415.33,81.67,36.48,0.79,-1,-1,-1
248,1128,591.52,338.98,30.93,32.95,0.58,-1,-1,-1
248,1108,539.00,442.01,92.70,37.32,0.84,-1,-1,-1
248,1135,288.91,474.39,44.15,31.50,0.61,-1,-1,-1
248,1138,145.36,436.58,37.09,24.02,0.64,-1,-1,-1
248,1140,336.96,660.94,41.18,39.26,0.64,-1,-1,-1
248,1123,426.06,588.30,40.98,55.04,0.64,-1,-1,-1
248,1141,477.49,583.45,22.84,38.91,0.51,-1,-1,-1
248,1143,491.84,418.20,54.52,32.81,0.50,-1,-1,-1
248,1144,342.18,699.47,24.19,48.17,0.23,-1,-1,-1
248,1145,814.94,335.44,34.02,31.59,0.71,-1,-1,-1
248,1100,574.30,298.30,49.54,25.71,0.58,-1,-1,-1
248,1147,631.56,341.71,30.42,30.37,0.51,-1,-1,-1
248,1150,801.87,489.09,16.89,28.68,0.48,-1,-1,-1
248,1154,790.22,496.59,43.84,28.02,0.18,-1,-1,-1
248,1125,245.66,496.17,44.54,40.12,0.46,-1,-1,-1
248,1085,533.82,294.62,37.45,23.94,0.43,-1,-1,-1
248,1169,179.29,330.18,33.91,30.39,0.67,-1,-1,-1
248,1129,554.03,295.88,42.37,25.58,0.40,-1,-1,-1
248,1183,465.95,668.39,41.35,69.70,0.64,-1,-1,-1
248,1187,672.66,336.69,38.03,35.18,0.32,-1,-1,-1
248,1093,485.41,285.01,54.52,30.58,0.12,-1,-1,-1
248,1198,1081.79,599.97,47.07,34.95,0.27,-1,-1,-1
248,1199,39.60,401.86,52.06,34.92,0.57,-1,-1,-1
248,1200,356.59,314.79,67.10,30.95,0.50,-1,-1,-1
249,1013,601.22,302.31,43.26,22.97,0.72,-1,-1,-1
249,1060,441.18,287.42,39.33,22.01,0.72,-1,-1,-1
249,1063,389.64,334.18,57.46,35.80,0.74,-1,-1,-1
249,1069,706.68,345.57,66.97,35.47,0.72,-1,-1,-1
249,1072,306.86,289.03,55.73,25.32,0.55,-1,-1,-1
249,1077,734.91,410.86,85.06,38.67,0.78,-1,-1,-1
249,1082,268.34,292.66,28.86,28.57,0.74,-1,-1,-1
249,1091,317.64,505.96,86.03,86.41,0.16,-1,-1,-1
249,1098,608.84,319.01,60.07,23.27,0.80,-1,-1,-1
249,1102,447.47,338.91,37.41,36.66,0.71,-1,-1,-1
249,998,158.60,347.68,34.86,37.44,0.63,-1,-1,-1
249,1106,325.36,314.82,55.04,26.67,0.55,-1,-1,-1
249,1110,371.10,330.47,63.38,31.32,0.52,-1,-1,-1
249,1111,123.03,571.50,92.40,84.14,0.92,-1,-1,-1
249,1113,500.56,340.90,30.81,35.42,0.71,-1,-1,-1
249,1114,850.97,404.23,111.13,44.10,0.41,-1,-1,-1
249,1116,266.62,724.98,42.46,30.52,0.29,-1,-1,-1
249,1117,664.34,430.28,91.98,40.03,0.80,-1,-1,-1
249,1121,374.42,705.53,26.37,43.96,0.50,-1,-1,-1
249,1122,862.44,332.72,39.03,33.69,0.71,-1,-1,-1
249,1126,627.26,416.24,79.69,35.48,0.79,-1,-1,-1
249,1128,578.66,339.13,31.17,33.10,0.68,-1,-1,-1
249,1108,525.97,442.81,92.59,37.35,0.82,-1,-1,-1
249,1135,269.79,477.50,46.38,33.53,0.57,-1,-1,-1
249,1138,134.53,437.79,38.32,25.09,0.31,-1,-1,-1
249,1140,321.61,663.45,41.55,39.04,0.50,-1,-1,-1
249,1123,415.75,589.99,40.93,54.82,0.35,-1,-1,-1
249,1141,466.76,579.94,23.44,39.94,0.54,-1,-1,-1
249,1143,478.87,417.49,57.15,34.58,0.18,-1,-1,-1
249,1144,331.83,704.07,24.28,47.66,0.38,-1,-1,-1
249,1145,802.02,334.82,34.92,32.03,0.78,-1,-1,-1
249,1100,562.19,298.81,48.79,25.45,0.60,-1,-1,-1
249,1147,619.99,340.81,30.97,30.94,0.56,-1,-1,-1
249,1150,797.20,488.76,16.86,28.62,0.51,-1,-1,-1
249,1154,786.34,495.82,43.49,27.83,0.45,-1,-1,-1
249,1125,230.60,502.71,42.01,38.44,0.25,-1,-1,-1
249,1085,520.06,295.51,36.12,23.47,0.54,-1,-1,-1
249,1169,163.39,332.46,33.37,29.79,0.56,-1,-1,-1
249,1183,454.34,667.64,42.79,71.69,0.86,-1,-1,-1
249,1187,661.35,337.41,37.43,34.45,0.33,-1,-1,-1
249,1198,1070.19,596.23,47.79,35.50,0.37,-1,-1,-1
249,1199,19.82,404.19,54.77,36.63,0.50,-1,-1,-1
249,1200,347.62,316.18,65.48,30.25,0.56,-1,-1,-1
250,1013,588.82,302.74,42.37,22.49,0.72,-1,-1,-1
250,1060,426.92,287.84,40.16,22.41,0.77,-1,-1,-1
250,1063,376.63,336.02,57.21,35.66,0.75,-1,-1,-1
250,1069,694.61,345.38,67.11,35.61,0.76,-1,-1,-1
250,1072,291.10,289.68,56.70,25.86,0.54,-1,-1,-1
250,1077,723.67,410.40,84.65,38.63,0.81,-1,-1,-1
250,1082,253.40,294.12,28.99,28.70,0.62,-1,-1,-1
250,1091,306.56,509.28,85.40,84.53,0.69,-1,-1,-1
250,1098,596.64,319.18,60.37,23.35,0.78,-1,-1,-1
250,1102,433.82,339.40,37.74,36.94,0.70,-1,-1,-1
250,998,141.80,346.72,37.44,40.59,0.62,-1,-1,-1
250,1106,312.37,314.64,53.00,25.86,0.45,-1,-1,-1
250,1110,358.51,332.10,63.10,31.09,0.41,-1,-1,-1
250,1111,108.43,578.60,91.49,84.85,0.91,-1,-1,-1
250,1113,487.92,341.30,30.90,35.50,0.75,-1,-1,-1
250,1114,842.42,402.27,111.87,44.35,0.33,-1,-1,-1
250,1117,651.11,430.70,90.97,39.74,0.80,-1,-1,-1
250,1121,363.74,706.42,28.18,46.59,0.12,-1,-1,-1
250,1122,850.15,332.15,38.45,33.29,0.72,-1,-1,-1
250,1126,615.33,416.13,80.67,35.90,0.82,-1,-1,-1
250,1128,566.22,339.30,31.54,33.42,0.67,-1,-1,-1
250,1108,511.75,443.73,93.78,37.96,0.84,-1,-1,-1
250,1135,250.75,479.61,48.64,35.78,0.66,-1,-1,-1
250,1138,123.15,439.26,39.20,25.90,0.54,-1,-1,-1
250,1140,305.68,661.54,46.32,43.57,0.56,-1,-1,-1
250,1141,456.81,585.01,24.17,40.27,0.52,-1,-1,-1
250,1143,464.01,417.98,58.36,35.32,0.37,-1,-1,-1
250,1144,320.81,705.75,24.71,47.71,0.13,-1,-1,-1
250,1145,789.58,335.17,34.40,31.14,0.76,-1,-1,-1
250,1100,547.20,298.36,50.12,26.34,0.54,-1,-1,-1
250,1147,607.59,342.09,30.30,30.11,0.60,-1,-1,-1
250,1150,792.23,488.28,17.11,28.81,0.45,-1,-1,-1
250,1154,781.40,495.46,42.97,27.48,0.50,-1,-1,-1
250,1125,214.43,507.07,41.96,39.03,0.33,-1,-1,-1
250,1085,507.19,295.17,37.10,24.19,0.42,-1,-1,-1
250,1169,146.53,334.04,33.65,29.84,0.58,-1,-1,-1
250,1183,444.26,670.44,42.09,69.54,0.65,-1,-1,-1
250,1187,649.42,337.75,37.05,33.91,0.37,-1,-1,-1
250,1198,1058.17,594.79,46.64,34.22,0.29,-1,-1,-1
250,1199,2.95,408.34,53.18,35.41,0.40,-1,-1,-1
250,1200,330.15,316.90,67.68,30.99,0.53,-1,-1,-1
250,1213,941.40,425.13,92.02,38.59,0.68,-1,-1,-1
250,1214,736.33,535.29,47.95,28.28,0.62,-1,-1,-1
251,1013,574.90,302.53,43.18,22.99,0.74,-1,-1,-1
251,1060,412.04,288.41,40.42,22.51,0.72,-1,-1,-1
251,1063,363.37,336.92,57.06,35.77,0.80,-1,-1,-1
251,1069,682.39,345.31,66.90,35.54,0.77,-1,-1,-1
251,1072,274.62,291.16,55.08,25.17,0.64,-1,-1,-1
251,1077,712.25,410.13,83.68,38.22,0.79,-1,-1,-1
251,1082,238.53,296.34,28.21,27.80,0.67,-1,-1,-1
251,1091,293.10,510.68,87.42,85.36,0.50,-1,-1,-1
251,1098,582.65,319.00,61.85,23.99,0.79,-1,-1,-1
251,1102,420.60,340.73,37.83,36.80,0.43,-1,-1,-1
251,998,126.21,351.26,35.77,38.59,0.67,-1,-1,-1
251,1106,300.01,315.24,52.02,25.30,0.51,-1,-1,-1
251,1110,343.73,332.85,63.35,31.18,0.41,-1,-1,-1
251,1111,93.12,585.02,92.62,87.66,0.90,-1,-1,-1
251,1113,474.63,341.93,31.46,36.04,0.50,-1,-1,-1
251,1114,830.83,402.06,110.10,43.31,0.53,-1,-1,-1
251,1117,637.05,430.02,92.33,40.54,0.80,-1,-1,-1
251,1121,353.93,711.40,27.22,43.88,0.15,-1,-1,-1
251,1122,837.66,331.15,38.64,33.81,0.70,-1,-1,-1
251,1126,603.11,416.75,80.90,35.91,0.79,-1,-1,-1
251,1128,553.16,339.47,31.79,33.65,0.66,-1,-1,-1
251,1108,496.85,444.48,96.43,39.25,0.84,-1,-1,-1
251,1135,232.74,482.71,48.84,36.69,0.63,-1,-1,-1
251,1138,111.56,440.54,39.41,26.45,0.56,-1,-1,-1
251,1140,292.69,665.61,43.29,40.00,0.60,-1,-1,-1
251,1141,445.23,586.83,25.24,41.79,0.61,-1,-1,-1
251,1143,450.84,418.32,58.84,35.80,0.40,-1,-1,-1
251,1144,311.57,707.41,24.99,47.67,0.14,-1,-1,-1
251,1145,776.06,333.89,35.90,32.25,0.74,-1,-1,-1
251,1100,534.05,298.18,50.87,27.01,0.58,-1,-1,-1
251,1147,594.34,341.50,31.61,31.48,0.55,-1,-1,-1
251,1150,786.94,487.76,16.97,28.65,0.42,-1,-1,-1
251,1154,777.10,495.31,41.89,26.71,0.53,-1,-1,-1
251,1125,196.99,510.13,43.83,41.63,0.35,-1,-1,-1
251,1085,495.76,295.54,39.45,25.27,0.40,-1,-1,-1
251,1169,130.21,335.26,34.05,30.19,0.65,-1,-1,-1
251,1183,431.76,668.19,43.91,72.02,0.60,-1,-1,-1
251,1187,636.35,336.80,37.92,34.54,0.15,-1,-1,-1
251,1198,1045.07,590.29,48.29,35.31,0.26,-1,-1,-1
251,1200,312.44,318.01,70.56,32.10,0.51,-1,-1,-1
251,1213,929.79,423.67,92.34,38.65,0.77,-1,-1,-1
252,1013,560.70,302.60,43.91,23.43,0.75,-1,-1,-1
252,1060,397.70,289.16,39.95,22.12,0.69,-1,-1,-1
252,1063,348.47,338.01,56.59,35.55,0.79,-1,-1,-1
252,1069,669.18,344.89,66.86,35.68,0.81,-1,-1,-1
252,1072,260.32,292.62,54.27,24.91,0.69,-1,-1,-1
252,1077,700.38,409.95,83.00,37.96,0.80,-1,-1,-1
252,1082,222.26,297.36,28.83,28.26,0.68,-1,-1,-1
252,1091,278.31,513.02,88.50,85.16,0.57,-1,-1,-1
252,1098,569.53,319.08,62.23,24.14,0.75,-1,-1,-1
252,1102,407.53,342.84,36.28,35.04,0.64,-1,-1,-1
252,998,109.12,353.66,36.05,38.78,0.62,-1,-1,-1
252,1106,283.77,315.50,51.25,25.29,0.46,-1,-1,-1
252,1110,328.33,333.74,61.20,30.18,0.47,-1,-1,-1
252,1111,78.14,592.80,91.97,88.69,0.89,-1,-1,-1
252,1113,459.89,343.08,32.10,36.64,0.51,-1,-1,-1
252,1114,819.95,401.73,107.25,41.92,0.54,-1,-1,-1
252,1117,622.49,430.00,91.84,40.55,0.80,-1,-1,-1
252,1121,346.01,713.74,22.02,34.25,0.35,-1,-1,-1
252,1122,824.89,333.29,35.85,31.11,0.51,-1,-1,-1
252,1126,590.62,416.21,82.79,36.81,0.77,-1,-1,-1
252,1128,540.21,340.18,31.41,32.97,0.71,-1,-1,-1
252,1108,481.80,445.04,98.60,40.43,0.84,-1,-1,-1
252,1135,215.16,486.48,47.84,36.46,0.71,-1,-1,-1
252,1138,99.84,442.67,37.72,25.59,0.48,-1,-1,-1
252,1140,276.44,665.46,44.88,41.14,0.48,-1,-1,-1
252,1141,434.89,591.41,24.19,39.25,0.66,-1,-1,-1
252,1143,438.00,419.21,58.20,35.63,0.12,-1,-1,-1
252,1144,300.88,709.71,23.25,43.03,0.17,-1,-1,-1
252,1145,763.24,334.54,34.84,30.77,0.76,-1,-1,-1
252,1147,581.61,341.66,31.41,31.11,0.57,-1,-1,-1
252,1150,781.71,486.65,16.67,28.32,0.48,-1,-1,-1
252,1154,771.24,494.55,42.79,27.34,0.35,-1,-1,-1
252,1125,180.61,514.74,42.56,40.98,0.59,-1,-1,-1
252,1085,481.55,296.10,38.95,24.93,0.59,-1,-1,-1
252,1169,112.56,336.45,35.52,31.56,0.60,-1,-1,-1
252,1183,420.16,667.35,45.01,73.06,0.48,-1,-1,-1
252,1187,622.83,336.83,38.38,34.77,0.48,-1,-1,-1
252,1200,299.65,318.98,70.25,31.94,0.61,-1,-1,-1
252,1213,907.51,422.96,87.92,36.86,0.67,-1,-1,-1
252,1129,522.01,298.94,43.06,25.79,0.64,-1,-1,-1
253,1013,547.46,302.69,43.84,23.42,0.70,-1,-1,-1
253,1060,382.64,289.80,41.40,22.76,0.72,-1,-1,-1
253,1063,333.00,338.87,58.57,36.90,0.77,-1,-1,-1
253,1069,656.75,344.71,66.59,35.61,0.74,-1,-1,-1
253,1072,243.02,293.64,55.45,25.49,0.47,-1,-1,-1
253,1077,687.98,409.08,83.63,38.40,0.82,-1,-1,-1
253,1082,205.03,298.38,29.62,28.82,0.41,-1,-1,-1
253,1091,263.61,515.44,89.03,84.05,0.62,-1,-1,-1
253,1098,555.78,319.13,61.83,24.04,0.80,-1,-1,-1
253,1102,393.02,343.14,37.31,35.89,0.68,-1,-1,-1
253,998,92.31,356.92,34.98,37.43,0.64,-1,-1,-1
253,1106,265.80,315.44,50.70,25.87,0.27,-1,-1,-1
253,1110,313.41,334.78,64.33,32.03,0.60,-1,-1,-1
253,1111,61.99,600.24,92.53,90.85,0.92,-1,-1,-1
253,1113,446.41,343.15,32.65,37.27,0.60,-1,-1,-1
253,1114,807.09,402.19,105.98,41.27,0.22,-1,-1,-1
253,1117,608.66,430.41,90.18,39.87,0.84,-1,-1,-1
253,1121,337.52,715.94,20.20,30.33,0.23,-1,-1,-1
253,1122,809.86,330.59,38.12,33.11,0.63,-1,-1,-1
253,1126,579.17,417.15,80.42,35.76,0.80,-1,-1,-1
253,1128,526.52,340.34,31.91,33.50,0.68,-1,-1,-1
253,1108,468.12,446.59,97.50,40.22,0.85,-1,-1,-1
253,1135,195.27,489.74,49.28,38.12,0.50,-1,-1,-1
253,1138,87.31,442.98,38.97,26.90,0.56,-1,-1,-1
253,1140,261.68,666.02,47.51,43.18,0.65,-1,-1,-1
253,1141,424.84,596.62,23.17,36.35,0.66,-1,-1,-1
253,1143,425.51,420.83,57.55,35.45,0.21,-1,-1,-1
253,1144,291.27,711.47,22.32,39.82,0.23,-1,-1,-1
253,1145,749.24,332.90,36.42,31.99,0.78,-1,-1,-1
253,1147,568.99,342.64,30.98,30.64,0.61,-1,-1,-1
253,1150,775.72,485.81,17.43,29.51,0.37,-1,-1,-1
253,1154,766.22,494.14,42.22,26.91,0.76,-1,-1,-1
253,1125,163.37,519.48,42.72,41.82,0.55,-1,-1,-1
253,1085,465.50,296.32,38.31,24.73,0.59,-1,-1,-1
253,1169,95.80,338.81,35.48,31.58,0.50,-1,-1,-1
253,1183,409.71,669.50,44.91,72.27,0.51,-1,-1,-1
253,1187,609.81,337.04,38.45,34.81,0.35,-1,-1,-1
253,1200,287.03,324.50,62.90,28.33,0.38,-1,-1,-1
253,1213,887.50,420.72,90.04,37.85,0.68,-1,-1,-1
253,1129,507.52,298.50,45.50,27.34,0.57,-1,-1,-1
253,1198,1019.97,584.80,46.31,32.81,0.58,-1,-1,-1
254,1013,533.12,302.95,44.47,23.78,0.71,-1,-1,-1
254,1060,367.21,290.42,42.28,23.22,0.70,-1,-1,-1
254,1063,318.71,340.01,58.64,37.03,0.78,-1,-1,-1
254,1069,643.49,344.54,67.10,35.99,0.75,-1,-1,-1
254,1072,229.65,294.93,54.24,24.98,0.45,-1,-1,-1
254,1077,674.53,408.60,85.33,39.23,0.81,-1,-1,-1
254,1082,188.28,300.19,30.07,28.92,0.58,-1,-1,-1
254,1091,249.61,516.98,90.17,83.37,0.73,-1,-1,-1
254,1098,541.63,319.03,63.46,24.72,0.75,-1,-1,-1
254,1102,378.70,344.01,37.89,36.27,0.67,-1,-1,-1
254,998,73.89,358.89,36.09,38.39,0.56,-1,-1,-1
254,1106,249.81,316.68,51.24,26.51,0.16,-1,-1,-1
254,1110,298.96,335.57,65.99,33.08,0.63,-1,-1,-1
254,1111,45.92,608.89,93.25,93.24,0.89,-1,-1,-1
254,1113,432.23,343.29,33.71,38.54,0.61,-1,-1,-1
254,1114,791.47,399.49,111.45,43.43,0.19,-1,-1,-1
254,1117,594.74,431.55,88.82,39.30,0.81,-1,-1,-1
254,1122,794.73,328.80,39.41,34.25,0.66,-1,-1,-1
254,1126,564.87,416.91,81.31,36.36,0.82,-1,-1,-1
254,1128,512.78,340.32,32.70,34.16,0.65,-1,-1,-1
254,1108,453.98,447.80,96.82,40.06,0.85,-1,-1,-1
254,1135,176.03,493.70,50.85,39.96,0.58,-1,-1,-1
254,1138,75.65,444.25,39.68,27.76,0.50,-1,-1,-1
254,1140,246.61,667.18,50.07,45.43,0.65,-1,-1,-1
254,1141,412.49,595.91,25.64,39.63,0.52,-1,-1,-1
254,1143,410.82,421.52,58.39,36.12,0.34,-1,-1,-1
254,1144,280.76,714.41,22.48,38.83,0.29,-1,-1,-1
254,1145,734.77,330.76,38.44,33.81,0.78,-1,-1,-1
254,1147,554.14,340.59,32.83,32.49,0.63,-1,-1,-1
254,1150,770.57,484.79,17.81,30.07,0.42,-1,-1,-1
254,1154,760.33,492.82,43.13,27.46,0.68,-1,-1,-1
254,1125,145.18,524.68,43.34,43.03,0.37,-1,-1,-1
254,1085,450.55,296.75,38.34,24.82,0.49,-1,-1,-1
254,1169,78.11,341.73,34.80,30.74,0.47,-1,-1,-1
254,1183,400.83,679.59,40.59,63.16,0.34,-1,-1,-1
254,1187,597.08,336.80,38.99,35.17,0.25,-1,-1,-1
254,1200,280.29,322.71,59.21,26.60,0.37,-1,-1,-1
254,1213,872.72,419.24,88.87,37.46,0.57,-1,-1,-1
254,1129,488.31,298.52,48.34,27.93,0.51,-1,-1,-1
254,1223,680.68,530.57,52.05,30.35,0.76,-1,-1,-1
254,1127,319.15,469.23,40.72,28.14,0.73,-1,-1,-1
255,1013,519.49,303.06,44.29,23.70,0.76,-1,-1,-1
255,1060,351.68,291.31,42.01,23.07,0.72,-1,-1,-1
255,1063,304.13,341.17,58.75,37.28,0.73,-1,-1,-1
255,1069,630.84,344.11,66.82,35.99,0.70,-1,-1,-1
255,1072,212.01,295.99,56.22,26.17,0.64,-1,-1,-1
255,1077,662.32,407.91,85.26,39.37,0.83,-1,-1,-1
255,1082,170.42,300.51,32.00,30.59,0.60,-1,-1,-1
255,1091,232.55,517.15,94.90,86.16,0.76,-1,-1,-1
255,1098,528.26,319.39,63.04,24.61,0.76,-1,-1,-1
255,1102,363.02,344.38,39.10,37.54,0.58,-1,-1,-1
255,998,55.84,361.74,36.43,38.55,0.65,-1,-1,-1
255,1106,234.31,317.43,48.00,25.27,0.27,-1,-1,-1
255,1110,284.57,336.75,65.82,33.05,0.59,-1,-1,-1
255,1111,31.42,617.05,92.94,94.70,0.89,-1,-1,-1
255,1113,418.13,344.18,33.58,38.26,0.64,-1,-1,-1
255,1114,776.87,397.82,114.96,44.97,0.40,-1,-1,-1
255,1117,581.42,431.52,88.76,39.35,0.84,-1,-1,-1
255,1122,780.38,327.69,40.11,35.07,0.59,-1,-1,-1
255,1126,552.96,417.43,81.34,36.49,0.87,-1,-1,-1
255,1128,499.50,341.11,32.58,33.93,0.68,-1,-1,-1
255,1108,440.06,449.37,95.38,39.47,0.87,-1,-1,-1
255,1135,157.68,498.49,49.98,39.80,0.54,-1,-1,-1
255,1138,62.65,446.43,39.17,27.74,0.41,-1,-1,-1
255,1140,232.56,673.61,48.80,43.62,0.70,-1,-1,-1
255,1141,401.19,597.91,26.12,39.79,0.57,-1,-1,-1
255,1143,397.56,424.01,56.51,34.92,0.47,-1,-1,-1
255,1144,268.59,713.51,23.13,39.22,0.22,-1,-1,-1
255,1145,721.20,330.32,38.66,33.79,0.72,-1,-1,-1
255,1147,540.91,342.02,31.73,31.02,0.58,-1,-1,-1
255,1150,765.21,482.72,17.70,30.02,0.40,-1,-1,-1
255,1154,755.34,491.78,42.72,27.13,0.71,-1,-1,-1
255,1125,128.37,531.02,41.85,41.75,0.20,-1,-1,-1
255,1085,435.39,297.44,37.77,24.60,0.63,-1,-1,-1
255,1169,59.16,343.24,36.41,32.08,0.60,-1,-1,-1
255,1183,388.28,678.87,42.49,65.03,0.61,-1,-1,-1
255,1187,584.13,337.22,38.51,34.59,0.46,-1,-1,-1
255,1200,262.06,322.36,66.59,29.84,0.35,-1,-1,-1
255,1213,855.11,417.99,89.12,37.56,0.65,-1,-1,-1
255,1129,469.20,298.68,50.97,28.23,0.56,-1,-1,-1
255,1223,668.40,531.83,49.15,28.66,0.69,-1,-1,-1
255,1127,304.88,469.97,40.63,29.03,0.67,-1,-1,-1
255,1119,323.47,391.47,28.49,25.67,0.69,-1,-1,-1
256,1013,505.75,302.95,44.60,23.95,0.79,-1,-1,-1
256,1060,335.63,292.16,41.44,22.95,0.75,-1,-1,-1
256,1063,288.46,341.99,59.85,37.97,0.76,-1,-1,-1
256,1069,619.17,344.05,66.05,35.68,0.74,-1,-1,-1
256,1072,197.41,296.81,56.28,26.24,0.62,-1,-1,-1
256,1077,650.88,407.10,85.77,39.78,0.83,-1,-1,-1
256,1082,153.85,302.36,31.84,30.10,0.69,-1,-1,-1
256,1091,219.13,519.22,96.48,86.38,0.76,-1,-1,-1
256,1098,514.77,319.20,64.08,25.11,0.83,-1,-1,-1
256,1102,348.43,345.46,38.52,37.16,0.62,-1,-1,-1
256,998,37.88,361.87,38.46,40.74,0.62,-1,-1,-1
256,1106,221.33,317.79,47.93,25.41,0.18,-1,-1,-1
256,1110,269.21,337.84,64.30,32.22,0.56,-1,-1,-1
256,1111,18.11,625.30,93.03,96.61,0.87,-1,-1,-1
256,1113,405.14,344.72,32.80,37.38,0.54,-1,-1,-1
256,1114,763.54,396.19,117.50,46.25,0.25,-1,-1,-1
256,1117,567.11,430.78,90.29,40.19,0.81,-1,-1,-1
256,1122,767.87,327.77,38.69,33.85,0.71,-1,-1,-1
256,1126,542.48,417.87,80.38,36.24,0.82,-1,-1,-1
256,1128,486.67,342.04,31.89,32.85,0.69,-1,-1,-1
256,1108,426.26,450.71,95.05,39.35,0.88,-1,-1,-1
256,1135,136.93,501.89,52.13,42.18,0.51,-1,-1,-1
256,1138,49.45,446.19,41.76,30.10,0.40,-1,-1,-1
256,1140,217.62,675.77,50.35,44.42,0.72,-1,-1,-1
256,1141,391.35,601.65,25.13,37.36,0.67,-1,-1,-1
256,1143,383.72,425.17,56.95,35.37,0.45,-1,-1,-1
256,1144,259.02,714.97,22.94,38.02,0.19,-1,-1,-1
256,1145,708.64,329.70,38.51,33.50,0.76,-1,-1,-1
256,1147,529.61,343.66,30.58,29.71,0.60,-1,-1,-1
256,1150,760.58,482.32,17.64,30.06,0.45,-1,-1,-1
256,1154,751.41,491.98,41.22,26.00,0.60,-1,-1,-1
256,1125,112.01,536.82,41.11,41.26,0.63,-1,-1,-1
256,1085,421.32,298.29,36.56,24.05,0.63,-1,-1,-1
256,1169,41.97,345.78,36.75,32.23,0.37,-1,-1,-1
256,1183,376.41,674.54,45.85,69.46,0.75,-1,-1,-1
256,1187,571.38,336.81,38.65,34.67,0.35,-1,-1,-1
256,1200,232.88,323.06,69.99,31.37,0.57,-1,-1,-1
256,1213,838.36,417.37,88.22,37.10,0.80,-1,-1,-1
256,1129,456.50,298.80,51.75,28.21,0.51,-1,-1,-1
256,1223,655.27,533.00,46.19,26.88,0.56,-1,-1,-1
256,1127,290.70,472.96,38.58,27.96,0.70,-1,-1,-1
256,1119,317.10,395.72,25.64,22.38,0.74,-1,-1,-1
256,1172,916.78,493.44,39.32,25.89,0.58,-1,-1,-1
257,1013,495.39,303.52,43.46,23.33,0.75,-1,-1,-1
257,1060,323.72,292.58,40.83,22.60,0.79,-1,-1,-1
257,1063,276.84,342.97,59.05,37.39,0.84,-1,-1,-1
257,1069,610.16,343.95,65.00,35.09,0.75,-1,-1,-1
257,1072,184.94,297.67,55.79,26.17,0.57,-1,-1,-1
257,1077,642.41,407.12,84.26,39.18,0.84,-1,-1,-1
257,1082,140.50,303.63,31.28,29.45,0.66,-1,-1,-1
257,1091,206.87,520.24,100.01,88.45,0.60,-1,-1,-1
257,1098,505.35,319.54,62.28,24.45,0.79,-1,-1,-1
257,1102,338.38,345.87,38.15,36.86,0.70,-1,-1,-1
257,998,23.13,363.18,38.52,40.95,0.72,-1,-1,-1
257,1106,210.69,321.99,47.58,24.92,0.54,-1,-1,-1
257,1110,257.53,338.11,64.62,32.61,0.52,-1,-1,-1
257,1111,5.85,632.71,93.17,98.35,0.85,-1,-1,-1
257,1113,394.23,345.39,31.78,35.99,0.73,-1,-1,-1
257,1114,756.25,394.24,117.25,45.99,0.67,-1,-1,-1
257,1117,555.66,431.18,88.86,39.58,0.82,-1,-1,-1
257,1122,757.13,326.83,38.80,34.02,0.74,-1,-1,-1
257,1126,532.16,417.83,79.69,36.13,0.83,-1,-1,-1
257,1128,475.82,341.64,32.10,32.89,0.78,-1,-1,-1
257,1108,414.60,451.14,96.37,40.07,0.88,-1,-1,-1
257,1135,123.30,506.72,50.56,41.67,0.72,-1,-1,-1
257,1138,43.00,446.87,38.90,28.16,0.49,-1,-1,-1
257,1140,206.95,679.11,48.75,42.45,0.80,-1,-1,-1
257,1141,385.65,607.92,22.76,32.32,0.52,-1,-1,-1
257,1143,373.12,425.66,57.00,35.49,0.58,-1,-1,-1
257,1144,251.28,715.73,22.92,37.09,0.32,-1,-1,-1
257,1145,698.31,329.80,37.53,32.48,0.69,-1,-1,-1
257,1147,517.32,341.67,32.19,31.29,0.71,-1,-1,-1
257,1150,758.26,481.45,17.75,30.35,0.53,-1,-1,-1
257,1154,748.83,490.69,41.52,26.09,0.65,-1,-1,-1
257,1125,97.50,542.51,41.20,41.58,0.80,-1,-1,-1
257,1085,410.07,298.59,35.59,23.49,0.73,-1,-1,-1
257,1169,26.97,346.39,37.31,32.68,0.49,-1,-1,-1
257,1183,367.13,673.05,47.87,72.05,0.83,-1,-1,-1
257,1187,561.37,337.21,37.87,33.68,0.69,-1,-1,-1
257,1200,219.45,324.46,74.43,33.28,0.65,-1,-1,-1
257,1213,822.99,416.58,88.03,37.22,0.79,-1,-1,-1
257,1129,452.28,300.50,47.59,26.00,0.75,-1,-1,-1
257,1223,643.06,532.97,46.11,26.84,0.37,-1,-1,-1
257,1127,277.44,476.41,36.45,26.29,0.65,-1,-1,-1
257,1119,311.60,397.13,25.77,21.38,0.52,-1,-1,-1
257,1172,914.63,491.81,38.67,25.48,0.42,-1,-1,-1
258,1013,486.82,303.32,43.35,23.30,0.78,-1,-1,-1
258,1060,314.88,292.95,40.10,22.12,0.78,-1,-1,-1
258,1063,268.95,343.49,58.46,37.07,0.85,-1,-1,-1
258,1069,603.34,343.32,65.07,35.13,0.74,-1,-1,-1
258,1072,173.76,298.18,56.90,26.80,0.54,-1,-1,-1
258,1077,636.90,406.90,82.42,38.44,0.86,-1,-1,-1
258,1082,129.84,305.15,29.65,27.74,0.75,-1,-1,-1
258,1091,198.03,521.08,101.29,88.27,0.30,-1,-1,-1
258,1098,496.06,319.84,62.37,24.53,0.76,-1,-1,-1
258,1102,328.75,346.63,36.52,36.05,0.70,-1,-1,-1
258,998,12.88,364.88,37.47,39.96,0.73,-1,-1,-1
258,1106,201.26,323.74,47.51,24.72,0.21,-1,-1,-1
258,1110,247.26,339.11,61.72,31.47,0.57,-1,-1,-1
258,1111,0.00,639.67,92.04,100.43,0.85,-1,-1,-1
258,1113,386.18,345.89,31.16,35.14,0.73,-1,-1,-1
258,1114,750.22,394.34,113.86,44.55,0.73,-1,-1,-1
258,1117,546.72,431.27,88.51,39.54,0.84,-1,-1,-1
258,1122,749.55,326.72,37.90,33.29,0.68,-1,-1,-1
258,1126,525.80,417.14,80.97,36.89,0.77,-1,-1,-1
258,1128,467.80,341.62,32.05,32.65,0.83,-1,-1,-1
258,1108,405.26,451.75,97.79,40.85,0.88,-1,-1,-1
258,1135,111.70,510.38,49.75,41.98,0.61,-1,-1,-1
258,1138,38.73,447.78,36.21,26.10,0.33,-1,-1,-1
258,1140,197.21,679.39,49.57,42.70,0.68,-1,-1,-1
258,1141,381.59,609.38,22.61,31.21,0.65,-1,-1,-1
258,1143,365.77,426.04,57.36,35.91,0.54,-1,-1,-1
258,1145,690.56,329.37,37.19,32.05,0.68,-1,-1,-1
258,1147,509.69,342.25,31.53,30.49,0.70,-1,-1,-1
258,1150,759.40,480.33,17.07,29.06,0.61,-1,-1,-1
258,1154,749.11,489.18,41.61,26.11,0.69,-1,-1,-1
258,1125,86.85,546.87,40.99,41.49,0.79,-1,-1,-1
258,1085,400.88,298.90,34.57,22.97,0.78,-1,-1,-1
258,1169,15.52,347.16,37.22,32.63,0.45,-1,-1,-1
258,1183,361.60,672.15,49.04,73.06,0.82,-1,-1,-1
258,1187,553.39,337.18,37.93,33.63,0.64,-1,-1,-1
258,1200,207.21,325.67,72.13,31.90,0.58,-1,-1,-1
258,1213,812.55,416.03,87.67,37.20,0.81,-1,-1,-1
258,1129,443.52,300.35,47.42,25.85,0.68,-1,-1,-1
258,1223,633.26,530.52,50.22,29.35,0.59,-1,-1,-1
258,1127,266.72,478.60,34.85,25.08,0.60,-1,-1,-1
258,1119,308.02,396.83,28.32,22.88,0.42,-1,-1,-1
258,1172,911.65,489.55,38.93,26.29,0.63,-1,-1,-1
258,1226,177.44,632.11,47.24,46.58,0.66,-1,-1,-1
258,1228,431.75,346.67,30.97,30.64,0.60,-1,-1,-1
258,1229,240.31,286.07,51.77,26.46,0.67,-1,-1,-1
258,1231,382.89,590.83,22.16,42.88,0.56,-1,-1,-1
259,1013,480.39,303.43,43.30,23.32,0.74,-1,-1,-1
259,1060,307.73,292.95,39.56,21.81,0.79,-1,-1,-1
259,1063,263.54,344.33,57.37,36.49,0.84,-1,-1,-1
259,1069,597.91,343.24,63.71,34.41,0.71,-1,-1,-1
259,1072,162.90,298.40,58.36,27.30,0.68,-1,-1,-1
259,1077,632.24,406.61,83.02,38.84,0.85,-1,-1,-1
259,1082,121.92,305.69,29.28,27.35,0.71,-1,-1,-1
259,1091,190.53,520.30,104.44,89.69,0.61,-1,-1,-1
259,1098,490.95,319.73,61.38,24.10,0.80,-1,-1,-1
259,1102,324.17,346.83,36.69,36.03,0.76,-1,-1,-1
259,998,5.24,366.48,36.53,38.91,0.71,-1,-1,-1
259,1106,194.92,324.47,48.15,24.61,0.46,-1,-1,-1
259,1110,238.33,339.62,62.19,32.27,0.57,-1,-1,-1
259,1111,0.00,644.86,86.48,102.93,0.83,-1,-1,-1
259,1113,379.92,346.00,30.78,34.62,0.74,-1,-1,-1
259,1114,744.59,393.40,113.16,44.39,0.81,-1,-1,-1
259,1117,538.60,431.54,88.62,39.66,0.85,-1,-1,-1
259,1122,740.49,322.31,41.30,36.47,0.53,-1,-1,-1
259,1126,521.93,417.26,80.07,36.45,0.77,-1,-1,-1
259,1128,461.69,341.08,32.38,32.99,0.83,-1,-1,-1
259,1108,398.29,451.90,97.26,40.65,0.88,-1,-1,-1
259,1135,102.59,515.37,47.40,40.51,0.72,-1,-1,-1
259,1138,34.68,446.35,37.09,27.18,0.13,-1,-1,-1
259,1140,189.92,679.37,50.84,43.79,0.79,-1,-1,-1
259,1143,359.29,426.87,57.50,36.00,0.23,-1,-1,-1
259,1145,684.93,329.23,37.39,32.09,0.36,-1,-1,-1
259,1147,503.43,340.92,32.12,31.17,0.74,-1,-1,-1
259,1154,751.45,488.46,41.06,25.78,0.57,-1,-1,-1
259,1125,77.11,547.44,43.25,44.23,0.79,-1,-1,-1
259,1085,394.57,298.80,33.94,22.62,0.75,-1,-1,-1
259,1169,6.09,348.67,38.27,33.65,0.52,-1,-1,-1
259,1183,357.82,671.46,49.46,72.89,0.81,-1,-1,-1
259,1187,547.71,337.72,37.12,32.76,0.68,-1,-1,-1
259,1200,202.39,326.17,72.25,31.49,0.59,-1,-1,-1
259,1213,805.27,416.77,85.49,36.17,0.79,-1,-1,-1
259,1129,439.98,300.91,45.30,24.55,0.71,-1,-1,-1
259,1223,628.27,531.91,46.74,27.27,0.78,-1,-1,-1
259,1127,256.33,478.48,36.27,26.23,0.74,-1,-1,-1
259,1119,303.02,393.36,32.11,26.51,0.32,-1,-1,-1
259,1172,913.28,488.06,39.13,26.33,0.14,-1,-1,-1
259,1226,177.02,632.87,45.57,44.88,0.61,-1,-1,-1
259,1228,426.52,346.81,31.52,31.22,0.73,-1,-1,-1
259,1229,234.31,285.79,52.32,26.78,0.65,-1,-1,-1
259,1231,381.33,591.47,22.97,44.44,0.56,-1,-1,-1
259,1234,409.33,587.25,22.66,34.26,0.59,-1,-1,-1
259,1123,329.04,607.59,40.65,54.51,0.63,-1,-1,-1
260,1013,475.82,303.27,42.64,22.98,0.75,-1,-1,-1
260,1060,302.49,292.95,40.41,22.20,0.75,-1,-1,-1
260,1063,258.11,344.22,57.83,36.92,0.87,-1,-1,-1
260,1069,593.54,342.81,63.79,34.49,0.73,-1,-1,-1
260,1072,156.37,298.32,58.39,27.20,0.65,-1,-1,-1
260,1077,629.72,406.82,80.28,37.57,0.89,-1,-1,-1
260,1082,115.19,305.85,29.19,27.33,0.75,-1,-1,-1
260,1091,186.03,520.29,105.50,89.20,0.68,-1,-1,-1
260,1098,486.06,319.71,60.40,23.65,0.78,-1,-1,-1
260,1102,320.06,346.76,36.85,36.15,0.74,-1,-1,-1
260,998,0.00,366.31,35.46,39.81,0.71,-1,-1,-1
260,1110,237.74,339.47,62.35,32.26,0.65,-1,-1,-1
260,1111,0.00,652.20,82.22,100.35,0.87,-1,-1,-1
260,1113,375.16,346.01,30.94,34.75,0.76,-1,-1,-1
260,1114,742.41,392.87,112.39,43.93,0.72,-1,-1,-1
260,1117,533.46,431.27,88.05,39.45,0.81,-1,-1,-1
260,1122,733.31,322.30,41.68,36.31,0.66,-1,-1,-1
260,1126,518.66,416.84,80.00,36.45,0.81,-1,-1,-1
260,1128,456.79,340.46,32.86,33.39,0.83,-1,-1,-1
260,1108,390.79,452.10,100.22,42.09,0.90,-1,-1,-1
260,1135,94.80,518.17,46.98,41.02,0.54,-1,-1,-1
260,1138,31.65,445.12,37.47,27.98,0.51,-1,-1,-1
260,1140,184.19,679.07,51.87,44.73,0.83,-1,-1,-1
260,1143,354.79,426.51,57.41,35.98,0.44,-1,-1,-1
260,1145,681.45,329.46,35.90,30.70,0.73,-1,-1,-1
260,1147,498.58,339.69,32.70,31.89,0.78,-1,-1,-1
260,1154,755.35,487.57,41.32,25.97,0.49,-1,-1,-1
260,1125,70.07,552.33,41.89,43.03,0.75,-1,-1,-1
260,1085,389.37,298.60,33.92,22.69,0.77,-1,-1,-1
260,1169,0.00,344.48,38.65,36.87,0.51,-1,-1,-1
260,1183,355.21,671.72,49.31,71.93,0.46,-1,-1,-1
260,1187,543.20,337.15,37.77,33.19,0.69,-1,-1,-1
260,1200,190.78,326.07,70.22,30.48,0.58,-1,-1,-1
260,1213,797.09,415.20,87.60,37.19,0.82,-1,-1,-1
260,1129,420.31,299.78,44.84,24.51,0.68,-1,-1,-1
260,1223,621.54,529.55,49.93,29.24,0.55,-1,-1,-1
260,1127,248.11,478.90,36.58,26.45,0.70,-1,-1,-1
260,1119,300.97,394.95,30.64,25.63,0.23,-1,-1,-1
260,1172,916.31,487.70,39.18,26.35,0.14,-1,-1,-1
260,1226,175.10,632.64,46.12,45.38,0.56,-1,-1,-1
260,1228,421.87,346.83,31.31,31.05,0.63,-1,-1,-1
260,1229,227.56,286.19,52.17,26.71,0.69,-1,-1,-1
260,1231,379.00,591.80,22.99,44.46,0.55,-1,-1,-1
260,1234,407.90,587.41,22.64,34.14,0.57,-1,-1,-1
260,1238,8.50,330.08,34.03,32.09,0.59,-1,-1,-1
260,1123,324.50,607.09,42.03,56.45,0.62,-1,-1,-1
260,1100,438.87,300.97,45.92,24.60,0.72,-1,-1,-1
261,1013,471.78,303.00,42.66,22.98,0.75,-1,-1,-1
261,1060,298.21,293.32,39.51,21.59,0.79,-1,-1,-1
261,1063,253.88,344.74,56.88,36.26,0.86,-1,-1,-1
261,1069,590.49,342.63,62.95,34.12,0.78,-1,-1,-1
261,1072,154.42,298.87,56.61,26.36,0.60,-1,-1,-1
261,1077,627.53,406.29,79.82,37.39,0.84,-1,-1,-1
261,1082,109.86,306.07,28.88,26.89,0.68,-1,-1,-1
261,1091,182.79,521.16,105.93,88.05,0.61,-1,-1,-1
261,1098,483.10,319.36,59.63,23.26,0.84,-1,-1,-1
261,1102,317.11,347.00,36.57,35.69,0.76,-1,-1,-1
261,998,0.00,367.94,30.33,38.98,0.67,-1,-1,-1
261,1110,233.48,339.24,62.63,32.67,0.59,-1,-1,-1
261,1111,0.00,658.17,79.60,97.83,0.85,-1,-1,-1
261,1113,371.35,346.05,30.72,34.27,0.77,-1,-1,-1
261,1114,739.24,391.77,113.10,44.18,0.62,-1,-1,-1
261,1117,528.11,431.14,87.55,39.42,0.81,-1,-1,-1
261,1122,732.55,323.10,40.24,35.02,0.69,-1,-1,-1
261,1126,517.81,416.50,78.97,35.85,0.81,-1,-1,-1
261,1128,453.41,340.33,32.80,33.29,0.80,-1,-1,-1
261,1108,386.35,452.74,100.12,42.15,0.90,-1,-1,-1
261,1135,89.16,522.29,45.28,39.91,0.58,-1,-1,-1
261,1140,178.43,676.88,54.90,47.58,0.75,-1,-1,-1
261,1143,351.74,426.86,57.11,35.84,0.60,-1,-1,-1
261,1145,676.53,326.41,38.52,33.03,0.73,-1,-1,-1
261,1147,495.06,337.86,33.82,33.11,0.74,-1,-1,-1
261,1154,759.21,485.75,42.48,26.95,0.54,-1,-1,-1
261,1125,63.80,553.14,43.09,44.37,0.74,-1,-1,-1
261,1085,385.24,298.28,33.78,22.74,0.77,-1,-1,-1
261,1169,0.00,342.94,34.71,39.58,0.59,-1,-1,-1
261,1183,354.00,672.23,48.63,70.07,0.61,-1,-1,-1
261,1187,540.23,336.85,37.63,32.95,0.65,-1,-1,-1
261,1200,189.32,325.85,72.65,30.94,0.58,-1,-1,-1
261,1213,789.86,414.78,88.94,37.84,0.82,-1,-1,-1
261,1129,408.67,299.35,43.74,24.37,0.62,-1,-1,-1
261,1223,616.82,529.69,49.09,28.82,0.33,-1,-1,-1
261,1127,241.28,479.58,36.24,26.30,0.69,-1,-1,-1
261,1119,299.97,394.02,30.97,26.40,0.24,-1,-1,-1
261,1172,914.76,483.43,42.04,29.02,0.16,-1,-1,-1
261,1226,173.26,635.39,47.26,46.41,0.44,-1,-1,-1
261,1228,417.22,346.76,30.96,30.83,0.72,-1,-1,-1
261,1229,222.15,286.45,50.99,26.12,0.69,-1,-1,-1
261,1231,377.72,591.96,23.03,44.50,0.52,-1,-1,-1
261,1234,406.96,588.16,22.34,33.53,0.60,-1,-1,-1
261,1238,2.57,330.23,35.01,33.05,0.56,-1,-1,-1
261,1123,322.83,607.09,41.85,56.24,0.68,-1,-1,-1
261,1239,813.71,494.06,63.75,51.81,0.81,-1,-1,-1
261,1240,662.82,559.38,19.72,35.69,0.59,-1,-1,-1
261,1242,881.98,479.00,32.09,23.79,0.65,-1,-1,-1
261,1100,434.60,300.95,44.11,23.67,0.74,-1,-1,-1
262,1013,469.10,302.70,41.81,22.50,0.81,-1,-1,-1
262,1060,294.96,292.93,39.77,21.64,0.77,-1,-1,-1
262,1063,251.15,344.41,57.09,36.38,0.86,-1,-1,-1
262,1069,589.03,342.34,62.34,33.81,0.76,-1,-1,-1
262,1072,149.67,298.47,57.91,26.88,0.67,-1,-1,-1
262,1077,626.03,405.30,80.37,37.64,0.84,-1,-1,-1
262,1082,105.62,305.93,28.88,26.84,0.63,-1,-1,-1
262,1091,178.67,521.49,108.98,89.16,0.16,-1,-1,-1
262,1098,479.59,319.08,60.50,23.54,0.81,-1,-1,-1
262,1102,312.86,346.73,36.29,35.83,0.74,-1,-1,-1
262,1110,226.94,339.07,61.72,32.75,0.66,-1,-1,-1
262,1111,0.00,664.38,77.21,91.62,0.84,-1,-1,-1
262,1113,368.59,346.05,30.91,34.43,0.75,-1,-1,-1
262,1114,736.60,391.51,111.79,43.75,0.42,-1,-1,-1
262,1117,524.90,430.24,88.71,40.06,0.81,-1,-1,-1
262,1122,729.49,320.52,42.15,36.92,0.70,-1,-1,-1
262,1126,517.57,416.33,78.50,35.39,0.79,-1,-1,-1
262,1128,451.22,340.85,31.99,32.30,0.81,-1,-1,-1
262,1108,383.74,453.54,98.77,41.54,0.90,-1,-1,-1
262,1135,83.46,524.41,45.05,40.42,0.70,-1,-1,-1
262,1140,175.74,676.32,54.66,47.48,0.72,-1,-1,-1
262,1143,349.25,426.49,57.39,36.28,0.58,-1,-1,-1
262,1145,674.81,327.06,37.00,31.62,0.46,-1,-1,-1
262,1147,491.65,337.07,34.30,33.69,0.74,-1,-1,-1
262,1154,765.37,484.21,42.33,27.15,0.54,-1,-1,-1
262,1125,58.72,554.76,43.78,45.62,0.73,-1,-1,-1
262,1085,382.40,298.03,33.46,22.60,0.78,-1,-1,-1
262,1183,353.98,671.99,48.56,69.26,0.69,-1,-1,-1
262,1187,537.22,336.32,38.44,33.66,0.73,-1,-1,-1
262,1200,182.57,324.99,78.07,33.01,0.68,-1,-1,-1
262,1213,784.53,414.23,89.03,38.04,0.82,-1,-1,-1
262,1129,404.99,299.05,43.06,24.20,0.63,-1,-1,-1
262,1223,613.14,529.24,49.13,28.96,0.57,-1,-1,-1
262,1127,236.27,480.82,34.92,25.32,0.45,-1,-1,-1
262,1119,301.33,394.52,31.05,26.38,0.17,-1,-1,-1
262,1226,175.71,636.01,45.53,44.67,0.40,-1,-1,-1
262,1228,414.14,346.30,30.65,30.60,0.67,-1,-1,-1
262,1229,218.04,286.15,51.56,26.44,0.70,-1,-1,-1
262,1231,377.61,592.13,23.13,44.69,0.51,-1,-1,-1
262,1234,406.34,587.64,23.03,34.42,0.54,-1,-1,-1
262,1238,0.00,332.62,49.21,64.25,0.69,-1,-1,-1
262,1123,322.64,606.99,41.87,56.22,0.74,-1,-1,-1
262,1239,809.82,493.44,62.65,51.09,0.74,-1,-1,-1
262,1240,663.64,560.22,20.32,36.75,0.57,-1,-1,-1
262,1242,886.35,476.72,33.65,25.00,0.69,-1,-1,-1
262,1100,429.12,299.90,45.73,24.77,0.71,-1,-1,-1
263,1013,467.29,302.11,41.92,22.57,0.76,-1,-1,-1
263,1060,292.12,292.73,40.27,21.80,0.77,-1,-1,-1
263,1063,249.27,343.40,57.62,36.89,0.86,-1,-1,-1
263,1069,587.89,341.19,63.31,34.41,0.77,-1,-1,-1
263,1072,145.01,297.63,60.01,27.64,0.66,-1,-1,-1
263,1077,625.72,404.59,79.81,37.32,0.86,-1,-1,-1
263,1082,102.87,305.96,28.91,26.68,0.75,-1,-1,-1
263,1091,176.09,520.63,111.24,89.54,0.32,-1,-1,-1
263,1098,477.99,319.04,59.31,22.96,0.82,-1,-1,-1
263,1102,311.08,346.61,36.10,35.84,0.72,-1,-1,-1
263,1110,223.89,339.09,60.27,32.49,0.61,-1,-1,-1
263,1111,0.00,670.32,76.03,85.68,0.79,-1,-1,-1
263,1113,366.72,345.84,31.32,34.81,0.77,-1,-1,-1
263,1114,738.46,392.50,105.52,41.30,0.15,-1,-1,-1
263,1117,521.81,429.95,89.37,40.37,0.82,-1,-1,-1
263,1122,728.44,318.93,42.33,37.48,0.55,-1,-1,-1
263,1126,517.28,416.35,77.88,34.92,0.73,-1,-1,-1
263,1128,449.19,340.01,32.71,32.98,0.82,-1,-1,-1
263,1108,382.99,453.99,95.46,39.91,0.89,-1,-1,-1
263,1135,78.63,525.13,46.07,42.18,0.68,-1,-1,-1
263,1140,174.60,677.20,53.75,46.89,0.73,-1,-1,-1
263,1143,347.58,426.74,56.58,35.85,0.58,-1,-1,-1
263,1145,674.00,327.06,36.16,30.79,0.62,-1,-1,-1
263,1147,489.21,335.53,35.50,35.15,0.79,-1,-1,-1
263,1154,770.84,483.66,41.72,26.77,0.40,-1,-1,-1
263,1125,55.20,558.22,42.86,44.98,0.84,-1,-1,-1
263,1085,380.14,297.59,34.09,23.06,0.75,-1,-1,-1
263,1183,353.84,668.86,50.22,71.07,0.79,-1,-1,-1
263,1187,535.56,335.79,38.78,33.96,0.53,-1,-1,-1
263,1200,182.22,325.27,76.67,32.10,0.67,-1,-1,-1
263,1213,780.41,413.75,88.98,38.16,0.83,-1,-1,-1
263,1129,400.19,298.99,41.93,23.97,0.68,-1,-1,-1
263,1223,609.08,528.57,50.35,29.84,0.57,-1,-1,-1
263,1127,230.83,482.11,34.98,25.21,0.47,-1,-1,-1
263,1119,303.26,395.64,30.77,25.93,0.35,-1,-1,-1
263,1226,170.73,635.98,58.16,57.89,0.45,-1,-1,-1
263,1228,412.46,346.13,31.05,31.07,0.64,-1,-1,-1
263,1229,215.63,285.57,52.04,26.76,0.69,-1,-1,-1
263,1231,378.72,591.96,23.15,44.75,0.54,-1,-1,-1
263,1234,406.43,585.69,24.41,36.47,0.54,-1,-1,-1
263,1238,0.00,332.86,51.64,75.30,0.73,-1,-1,-1
263,1123,324.65,607.34,41.23,55.23,0.76,-1,-1,-1
263,1239,808.75,491.95,63.13,51.76,0.64,-1,-1,-1
263,1240,666.50,557.34,20.94,37.82,0.59,-1,-1,-1
263,1242,890.17,473.07,36.63,27.32,0.62,-1,-1,-1
263,1100,426.86,299.86,45.18,24.61,0.73,-1,-1,-1
263,1246,833.84,551.49,17.66,36.19,0.71,-1,-1,-1
263,1247,12.97,429.85,18.07,33.82,0.64,-1,-1,-1
263,1248,73.66,357.55,17.53,26.02,0.65,-1,-1,-1
263,1250,665.62,550.10,23.32,38.52,0.54,-1,-1,-1
264,1013,465.96,301.59,42.04,22.65,0.81,-1,-1,-1
264,1060,288.98,291.71,41.19,22.39,0.79,-1,-1,-1
264,1063,248.79,343.26,57.11,36.69,0.86,-1,-1,-1
264,1069,588.57,340.45,64.16,34.85,0.75,-1,-1,-1
264,1072,142.13,297.00,61.13,27.99,0.65,-1,-1,-1
264,1077,626.15,403.98,79.72,37.21,0.86,-1,-1,-1
264,1082,100.31,305.75,28.90,26.46,0.75,-1,-1,-1
264,1091,176.29,519.56,109.92,86.58,0.61,-1,-1,-1
264,1098,477.71,318.88,58.16,22.39,0.83,-1,-1,-1
264,1102,309.52,345.87,35.96,36.22,0.70,-1,-1,-1
264,1110,227.11,337.91,62.39,33.75,0.60,-1,-1,-1
264,1111,3.77,675.59,73.30,80.41,0.79,-1,-1,-1
264,1113,365.67,345.66,31.27,34.65,0.76,-1,-1,-1
264,1114,728.38,392.68,101.91,41.09,0.45,-1,-1,-1
264,1117,519.40,430.35,87.32,39.65,0.83,-1,-1,-1
264,1122,727.01,316.02,43.95,39.60,0.55,-1,-1,-1
264,1126,518.12,413.98,78.16,35.03,0.71,-1,-1,-1
264,1128,448.03,339.06,33.57,33.82,0.83,-1,-1,-1
264,1108,381.58,453.37,96.31,40.20,0.90,-1,-1,-1
264,1140,174.60,675.73,52.52,46.04,0.76,-1,-1,-1
264,1143,346.63,426.65,56.28,35.70,0.57,-1,-1,-1
264,1145,673.92,326.97,35.67,30.24,0.63,-1,-1,-1
264,1147,488.74,335.50,35.24,35.02,0.76,-1,-1,-1
264,1154,775.91,480.17,43.70,28.32,0.48,-1,-1,-1
264,1125,52.90,560.72,42.53,44.94,0.77,-1,-1,-1
264,1085,378.80,296.71,35.01,23.57,0.77,-1,-1,-1
264,1183,354.14,666.14,51.50,72.30,0.81,-1,-1,-1
264,1187,534.72,334.94,39.12,34.25,0.69,-1,-1,-1
264,1200,180.84,324.16,77.77,32.41,0.60,-1,-1,-1
264,1213,776.44,413.20,88.87,38.24,0.80,-1,-1,-1
264,1129,398.55,298.27,42.12,24.39,0.68,-1,-1,-1
264,1223,606.53,528.48,50.41,29.96,0.54,-1,-1,-1
264,1127,226.39,481.26,36.39,26.33,0.51,-1,-1,-1
264,1119,300.30,389.36,38.07,32.22,0.10,-1,-1,-1
264,1226,168.39,633.54,66.03,67.04,0.18,-1,-1,-1
264,1228,413.03,345.73,30.68,30.56,0.69,-1,-1,-1
264,1229,214.05,285.53,51.98,26.75,0.68,-1,-1,-1
264,1231,380.51,591.25,22.43,43.22,0.58,-1,-1,-1
264,1234,408.20,586.62,23.74,35.37,0.65,-1,-1,-1
264,1123,326.76,606.65,41.69,55.60,0.81,-1,-1,-1
264,1239,812.98,491.26,61.85,50.91,0.47,-1,-1,-1
264,1242,896.01,468.48,40.16,30.14,0.45,-1,-1,-1
264,1100,425.58,299.56,45.04,24.66,0.74,-1,-1,-1
264,1246,835.84,549.66,17.97,36.79,0.68,-1,-1,-1
264,1247,13.41,429.67,18.11,33.91,0.63,-1,-1,-1
264,1248,72.97,357.55,17.41,25.83,0.62,-1,-1,-1
264,1250,668.11,550.63,24.26,40.14,0.77,-1,-1,-1
264,1251,382.38,608.23,22.58,31.99,0.71,-1,-1,-1
265,1013,465.40,301.22,42.24,22.77,0.78,-1,-1,-1
265,1060,287.41,291.28,40.69,22.28,0.79,-1,-1,-1
265,1063,248.54,343.23,56.50,36.42,0.85,-1,-1,-1
265,1069,588.37,339.90,64.50,35.08,0.78,-1,-1,-1
265,1072,141.90,296.36,61.46,27.95,0.63,-1,-1,-1
265,1077,627.16,403.57,80.55,37.67,0.86,-1,-1,-1
265,1082,99.31,305.71,28.86,26.39,0.73,-1,-1,-1
265,1091,177.33,519.18,109.62,84.55,0.41,-1,-1,-1
265,1098,477.97,318.72,57.89,22.16,0.82,-1,-1,-1
265,1102,309.17,345.55,35.30,36.08,0.68,-1,-1,-1
265,1110,223.80,337.79,62.11,34.24,0.63,-1,-1,-1
265,1111,7.75,680.38,69.95,75.62,0.62,-1,-1,-1
265,1113,365.68,345.29,31.28,34.61,0.75,-1,-1,-1
265,1114,727.10,392.74,97.18,40.26,0.60,-1,-1,-1
265,1117,518.70,430.66,85.54,38.99,0.82,-1,-1,-1
265,1122,727.83,316.36,42.60,38.75,0.53,-1,-1,-1
265,1126,518.69,413.79,79.85,35.59,0.77,-1,-1,-1
265,1128,447.69,338.64,33.76,34.00,0.82,-1,-1,-1
265,1108,381.79,453.11,94.64,39.32,0.88,-1,-1,-1
265,1140,175.30,674.26,51.32,45.04,0.75,-1,-1,-1
265,1143,346.90,426.64,55.77,35.32,0.48,-1,-1,-1
265,1145,673.59,325.93,36.44,30.89,0.69,-1,-1,-1
265,1147,488.64,334.82,35.62,35.60,0.77,-1,-1,-1
265,1154,783.43,479.61,42.27,27.62,0.69,-1,-1,-1
265,1125,51.56,561.95,42.43,45.17,0.75,-1,-1,-1
265,1085,378.62,296.12,35.13,23.59,0.76,-1,-1,-1
265,1183,355.58,664.40,51.86,72.07,0.81,-1,-1,-1
265,1187,534.48,334.46,39.58,34.63,0.62,-1,-1,-1
265,1200,177.76,323.71,83.82,34.97,0.66,-1,-1,-1
265,1213,773.17,412.76,89.22,38.49,0.83,-1,-1,-1
265,1129,397.37,298.06,41.43,24.38,0.63,-1,-1,-1
265,1223,605.26,528.10,50.52,30.11,0.55,-1,-1,-1
265,1127,223.02,480.16,37.42,27.16,0.49,-1,-1,-1
265,1119,299.90,386.79,41.02,34.53,0.36,-1,-1,-1
265,1226,172.09,631.71,63.98,65.62,0.22,-1,-1,-1
265,1228,412.26,345.47,30.50,30.25,0.64,-1,-1,-1
265,1229,212.18,285.42,51.28,26.48,0.67,-1,-1,-1
265,1231,383.82,591.26,21.77,41.94,0.56,-1,-1,-1
265,1234,410.81,585.38,24.12,35.76,0.58,-1,-1,-1
265,1123,329.81,607.07,40.94,54.25,0.75,-1,-1,-1
265,1239,815.93,491.47,61.37,50.74,0.52,-1,-1,-1
265,1242,903.03,466.13,40.25,30.42,0.58,-1,-1,-1
265,1100,424.80,299.02,45.59,25.12,0.75,-1,-1,-1
265,1246,839.24,548.02,17.18,35.02,0.49,-1,-1,-1
265,1247,14.37,429.30,18.08,33.79,0.59,-1,-1,-1
265,1248,72.65,358.31,17.41,25.85,0.56,-1,-1,-1
265,1250,673.11,550.05,23.17,38.33,0.65,-1,-1,-1
265,1251,385.22,608.61,22.61,31.81,0.74,-1,-1,-1
265,1252,0.00,367.83,24.68,38.40,0.69,-1,-1,-1
265,1253,1.20,330.20,23.47,66.49,0.52,-1,-1,-1
266,1013,465.05,300.85,42.58,22.97,0.77,-1,-1,-1
266,1060,286.86,290.87,39.62,21.92,0.80,-1,-1,-1
266,1063,248.54,342.93,56.56,36.56,0.83,-1,-1,-1
266,1069,589.23,339.68,63.25,34.24,0.79,-1,-1,-1
266,1072,142.42,296.18,61.29,27.67,0.63,-1,-1,-1
266,1077,628.77,403.47,80.27,37.58,0.86,-1,-1,-1
266,1082,98.77,305.84,28.62,26.17,0.78,-1,-1,-1
266,1091,178.31,517.88,110.09,83.03,0.73,-1,-1,-1
266,1098,477.84,318.42,58.27,22.22,0.83,-1,-1,-1
266,1102,309.77,345.17,35.11,36.10,0.71,-1,-1,-1
266,1110,223.29,337.47,62.25,34.94,0.61,-1,-1,-1
266,1111,12.36,685.50,66.47,70.50,0.60,-1,-1,-1
266,1113,365.90,345.02,31.41,34.68,0.76,-1,-1,-1
266,1114,727.79,393.30,91.38,38.92,0.63,-1,-1,-1
266,1117,517.85,430.54,84.72,38.78,0.80,-1,-1,-1
266,1122,729.35,316.21,41.79,38.34,0.32,-1,-1,-1
266,1126,520.49,412.61,77.03,34.08,0.72,-1,-1,-1
266,1128,447.81,338.20,33.90,34.09,0.81,-1,-1,-1
266,1108,380.70,453.42,96.45,40.07,0.89,-1,-1,-1
266,1140,177.04,672.71,49.43,43.28,0.63,-1,-1,-1
266,1143,347.31,425.40,55.68,35.21,0.48,-1,-1,-1
266,1145,674.44,327.04,35.40,29.73,0.65,-1,-1,-1
266,1147,489.23,334.81,35.21,35.29,0.76,-1,-1,-1
266,1154,791.18,479.66,41.04,27.08,0.68,-1,-1,-1
266,1125,50.38,563.87,42.74,45.93,0.71,-1,-1,-1
266,1085,378.36,295.96,34.47,23.16,0.77,-1,-1,-1
266,1183,357.51,663.13,52.34,72.00,0.74,-1,-1,-1
266,1187,534.85,333.91,39.82,34.94,0.74,-1,-1,-1
266,1200,175.15,323.67,86.24,36.06,0.67,-1,-1,-1
266,1213,770.82,412.69,88.94,38.47,0.83,-1,-1,-1
266,1129,397.11,297.77,40.55,24.28,0.66,-1,-1,-1
266,1223,604.56,527.84,49.97,29.88,0.46,-1,-1,-1
266,1127,220.27,480.09,37.44,27.08,0.51,-1,-1,-1
266,1119,303.76,385.02,38.02,30.38,0.16,-1,-1,-1
266,1226,178.31,630.23,57.00,58.36,0.42,-1,-1,-1
266,1228,412.30,345.28,30.70,30.26,0.65,-1,-1,-1
266,1229,210.87,285.03,52.64,27.30,0.71,-1,-1,-1
266,1231,386.20,591.04,22.35,42.99,0.59,-1,-1,-1
266,1234,413.99,585.75,23.68,34.93,0.53,-1,-1,-1
266,1123,332.59,606.66,40.86,53.20,0.63,-1,-1,-1
266,1239,817.46,491.05,60.86,50.73,0.61,-1,-1,-1
266,1242,912.38,468.16,36.06,27.32,0.28,-1,-1,-1
266,1100,424.44,298.49,45.80,25.41,0.77,-1,-1,-1
266,1246,843.46,546.95,16.09,32.65,0.58,-1,-1,-1
266,1247,15.11,428.62,18.32,34.16,0.63,-1,-1,-1
266,1248,72.85,359.34,17.06,25.33,0.51,-1,-1,-1
266,1250,677.76,547.52,22.71,37.62,0.64,-1,-1,-1
266,1251,386.83,603.57,25.68,36.01,0.63,-1,-1,-1
266,1252,0.00,368.54,24.00,37.38,0.69,-1,-1,-1
266,1253,1.96,332.75,21.01,59.31,0.50,-1,-1,-1
266,1254,43.88,432.71,32.32,31.89,0.64,-1,-1,-1
266,1255,319.07,293.50,23.69,21.78,0.66,-1,-1,-1
267,1013,464.94,300.19,43.33,23.45,0.77,-1,-1,-1
267,1060,286.79,290.63,38.87,21.72,0.76,-1,-1,-1
267,1063,248.49,342.90,56.47,36.51,0.81,-1,-1,-1
267,1069,589.68,339.45,63.13,34.17,0.81,-1,-1,-1
267,1072,142.63,296.27,60.40,27.11,0.63,-1,-1,-1
267,1077,630.16,403.39,79.38,37.21,0.87,-1,-1,-1
267,1082,98.36,305.65,28.52,26.04,0.74,-1,-1,-1
267,1091,177.40,517.04,112.71,83.15,0.66,-1,-1,-1
267,1098,477.83,318.22,58.64,22.28,0.84,-1,-1,-1
267,1102,310.36,344.95,34.86,36.06,0.71,-1,-1,-1
267,1110,226.46,336.51,62.64,35.23,0.58,-1,-1,-1
267,1111,18.90,690.34,63.68,65.31,0.49,-1,-1,-1
267,1113,365.91,344.66,31.65,34.93,0.76,-1,-1,-1
267,1114,727.44,392.74,88.07,38.88,0.60,-1,-1,-1
267,1117,517.76,430.84,84.68,38.77,0.81,-1,-1,-1
267,1122,730.56,318.80,39.06,35.71,0.15,-1,-1,-1
267,1126,522.49,411.99,76.00,33.35,0.75,-1,-1,-1
267,1128,448.19,337.93,33.92,34.10,0.81,-1,-1,-1
267,1108,380.18,453.22,97.59,40.58,0.88,-1,-1,-1
267,1140,178.38,670.64,49.76,43.51,0.64,-1,-1,-1
267,1143,348.27,425.99,54.61,34.44,0.54,-1,-1,-1
267,1145,675.16,326.62,35.69,29.76,0.67,-1,-1,-1
267,1147,489.99,334.91,34.87,35.00,0.77,-1,-1,-1
267,1154,799.32,478.35,41.97,28.02,0.49,-1,-1,-1
267,1125,49.21,564.34,44.00,47.91,0.81,-1,-1,-1
267,1085,377.66,295.64,34.56,23.34,0.77,-1,-1,-1
267,1183,359.72,662.39,52.83,71.90,0.80,-1,-1,-1
267,1187,535.54,333.65,39.83,34.99,0.74,-1,-1,-1
267,1200,174.58,323.63,87.47,36.58,0.65,-1,-1,-1
267,1213,768.74,412.71,88.08,38.20,0.81,-1,-1,-1
267,1129,397.24,297.62,39.34,24.03,0.67,-1,-1,-1
267,1223,603.74,527.50,50.38,30.27,0.55,-1,-1,-1
267,1127,219.24,480.03,37.34,27.25,0.38,-1,-1,-1
267,1119,306.30,386.15,40.49,31.72,0.16,-1,-1,-1
267,1228,412.55,345.02,31.24,30.73,0.65,-1,-1,-1
267,1229,209.96,284.78,53.06,27.64,0.71,-1,-1,-1
267,1231,389.86,590.79,22.02,42.29,0.55,-1,-1,-1
267,1234,415.90,583.86,25.25,37.27,0.63,-1,-1,-1
267,1123,336.43,606.20,40.89,52.61,0.54,-1,-1,-1
267,1239,819.54,490.14,61.62,51.87,0.64,-1,-1,-1
267,1100,424.22,298.05,45.92,25.60,0.76,-1,-1,-1
267,1246,847.30,546.08,16.62,33.76,0.61,-1,-1,-1
267,1247,18.27,428.76,17.78,33.03,0.56,-1,-1,-1
267,1248,73.60,360.64,16.40,24.30,0.51,-1,-1,-1
267,1250,682.37,542.36,23.40,39.03,0.66,-1,-1,-1
267,1251,390.46,606.07,24.29,33.66,0.74,-1,-1,-1
267,1252,0.00,368.49,23.40,37.27,0.71,-1,-1,-1
267,1253,1.63,333.47,20.75,58.40,0.45,-1,-1,-1
267,1254,47.05,432.18,31.43,31.08,0.61,-1,-1,-1
267,1255,320.05,292.77,24.62,22.51,0.63,-1,-1,-1
268,1013,464.80,299.45,43.89,23.87,0.78,-1,-1,-1
268,1060,286.73,290.17,39.37,22.16,0.76,-1,-1,-1
268,1063,246.91,342.21,57.71,37.14,0.79,-1,-1,-1
268,1069,590.16,338.68,63.88,34.67,0.80,-1,-1,-1
268,1072,144.51,296.37,59.90,26.91,0.63,-1,-1,-1
268,1077,631.89,403.10,79.48,37.29,0.89,-1,-1,-1
268,1082,97.25,305.33,29.06,26.40,0.74,-1,-1,-1
268,1091,177.16,516.91,113.65,81.93,0.67,-1,-1,-1
268,1098,477.83,317.64,59.71,22.65,0.83,-1,-1,-1
268,1102,310.76,345.09,34.52,35.86,0.77,-1,-1,-1
268,1110,227.44,335.75,63.98,36.17,0.55,-1,-1,-1
268,1111,28.66,696.07,58.89,58.23,0.50,-1,-1,-1
268,1113,366.11,344.31,32.02,35.21,0.76,-1,-1,-1
268,1114,731.06,392.17,85.67,38.77,0.66,-1,-1,-1
268,1117,517.06,430.56,85.58,39.25,0.82,-1,-1,-1
268,1122,730.96,320.30,37.99,34.29,0.34,-1,-1,-1
268,1126,523.54,411.18,76.30,33.31,0.76,-1,-1,-1
268,1128,448.49,337.38,34.03,34.18,0.80,-1,-1,-1
268,1108,380.64,453.20,97.55,40.58,0.87,-1,-1,-1
268,1140,177.13,665.26,54.47,48.20,0.58,-1,-1,-1
268,1143,349.03,425.41,55.19,34.78,0.53,-1,-1,-1
268,1145,675.91,325.99,36.24,29.99,0.74,-1,-1,-1
268,1147,491.41,335.85,33.62,33.59,0.79,-1,-1,-1
268,1154,805.17,478.95,38.84,26.75,0.31,-1,-1,-1
268,1125,48.02,564.40,45.62,50.47,0.79,-1,-1,-1
268,1085,377.46,295.40,34.63,23.48,0.75,-1,-1,-1
268,1183,362.58,661.36,53.77,72.58,0.68,-1,-1,-1
268,1187,536.01,333.37,40.22,35.38,0.72,-1,-1,-1
268,1200,172.91,323.03,87.26,36.44,0.67,-1,-1,-1
268,1213,767.45,412.88,86.40,37.48,0.81,-1,-1,-1
268,1129,397.65,297.07,39.14,24.32,0.62,-1,-1,-1
268,1223,602.80,527.57,50.27,30.29,0.60,-1,-1,-1
268,1228,413.86,344.45,31.27,30.47,0.61,-1,-1,-1
268,1229,209.91,284.55,52.70,27.56,0.66,-1,-1,-1
268,1231,393.42,590.64,22.40,43.09,0.51,-1,-1,-1
268,1234,418.56,582.47,26.23,38.50,0.57,-1,-1,-1
268,1123,340.71,606.90,40.59,52.33,0.18,-1,-1,-1
268,1239,820.24,489.36,60.84,51.92,0.58,-1,-1,-1
268,1100,424.25,297.80,46.14,25.84,0.76,-1,-1,-1
268,1246,851.91,544.64,15.40,31.18,0.47,-1,-1,-1
268,1247,20.59,428.10,17.95,33.34,0.52,-1,-1,-1
268,1248,74.17,361.27,16.37,24.24,0.57,-1,-1,-1
268,1250,687.23,538.73,23.57,39.50,0.59,-1,-1,-1
268,1251,392.69,601.44,28.20,39.04,0.72,-1,-1,-1
268,1252,0.00,366.51,23.83,39.29,0.70,-1,-1,-1
268,1253,0.86,330.17,21.64,60.76,0.38,-1,-1,-1
268,1254,50.27,430.36,31.19,30.99,0.59,-1,-1,-1
268,1255,317.65,293.16,24.13,22.04,0.57,-1,-1,-1
268,1258,7.16,244.37,19.56,24.82,0.55,-1,-1,-1
268,1259,1149.23,361.26,29.52,17.63,0.51,-1,-1,-1
268,1260,176.17,614.96,23.77,46.18,0.66,-1,-1,-1
269,1013,465.00,298.93,44.08,24.11,0.79,-1,-1,-1
269,1060,287.94,290.14,39.16,22.00,0.79,-1,-1,-1
269,1063,246.94,341.88,58.10,37.15,0.80,-1,-1,-1
269,1069,590.32,337.48,65.41,35.73,0.77,-1,-1,-1
269,1072,146.77,296.50,58.90,26.46,0.66,-1,-1,-1
269,1077,633.99,402.79,79.45,37.35,0.88,-1,-1,-1
269,1082,96.58,305.04,29.25,26.34,0.73,-1,-1,-1
269,1091,176.24,516.35,118.09,83.99,0.59,-1,-1,-1
269,1098,477.99,316.88,61.31,23.29,0.80,-1,-1,-1
269,1102,311.24,344.73,34.19,35.79,0.75,-1,-1,-1
269,1110,226.76,337.16,62.02,35.69,0.45,-1,-1,-1
269,1111,37.39,702.43,56.36,53.24,0.49,-1,-1,-1
269,1113,366.62,343.73,32.31,35.37,0.78,-1,-1,-1
269,1114,732.71,391.81,83.64,38.95,0.64,-1,-1,-1
269,1117,516.58,430.29,86.07,39.54,0.81,-1,-1,-1
269,1122,732.24,320.51,37.88,33.88,0.28,-1,-1,-1
269,1126,525.99,410.90,74.97,32.46,0.75,-1,-1,-1
269,1128,449.70,337.18,33.85,33.93,0.79,-1,-1,-1
269,1108,381.13,453.05,97.19,40.45,0.86,-1,-1,-1
269,1140,176.84,662.11,56.61,50.90,0.59,-1,-1,-1
269,1143,350.00,424.81,57.46,36.25,0.70,-1,-1,-1
269,1145,676.97,326.38,35.51,29.13,0.75,-1,-1,-1
269,1147,492.75,336.38,33.06,32.83,0.69,-1,-1,-1
269,1154,814.21,476.45,40.96,28.70,0.15,-1,-1,-1
269,1125,48.52,566.05,45.23,50.66,0.74,-1,-1,-1
269,1085,377.86,295.29,33.96,23.16,0.77,-1,-1,-1
269,1183,365.43,660.18,54.52,73.13,0.76,-1,-1,-1
269,1187,536.95,332.86,40.26,35.44,0.70,-1,-1,-1
269,1200,176.40,323.18,82.65,34.35,0.61,-1,-1,-1
269,1213,766.19,412.76,86.11,37.35,0.79,-1,-1,-1
269,1129,398.14,296.66,38.29,24.22,0.62,-1,-1,-1
269,1223,602.25,527.59,50.30,30.40,0.60,-1,-1,-1
269,1228,412.79,343.64,31.84,31.20,0.68,-1,-1,-1
269,1229,210.35,284.31,52.07,27.34,0.68,-1,-1,-1
269,1231,396.74,590.51,22.09,42.39,0.57,-1,-1,-1
269,1234,421.23,581.77,26.60,38.93,0.54,-1,-1,-1
269,1123,345.52,606.56,40.68,52.31,0.30,-1,-1,-1
269,1239,820.40,488.17,60.75,52.52,0.55,-1,-1,-1
269,1100,424.51,297.02,46.45,26.17,0.76,-1,-1,-1
269,1246,855.50,543.67,16.00,32.32,0.54,-1,-1,-1
269,1247,22.97,426.26,18.15,33.87,0.46,-1,-1,-1
269,1248,74.94,361.48,16.41,24.30,0.54,-1,-1,-1
269,1250,692.67,535.57,23.59,39.70,0.63,-1,-1,-1
269,1251,397.53,605.69,25.36,34.47,0.76,-1,-1,-1
269,1252,0.00,367.54,23.37,38.50,0.67,-1,-1,-1
269,1253,0.81,331.55,21.72,60.87,0.33,-1,-1,-1
269,1254,52.85,428.28,30.94,30.93,0.44,-1,-1,-1
269,1255,315.92,293.43,23.69,21.65,0.50,-1,-1,-1
269,1258,5.86,243.88,19.13,24.30,0.70,-1,-1,-1
269,1259,1144.29,359.98,31.74,18.98,0.43,-1,-1,-1
269,1260,180.55,613.62,23.78,46.22,0.65,-1,-1,-1
270,1013,465.48,298.47,44.37,24.44,0.78,-1,-1,-1
270,1060,288.21,289.93,38.77,21.81,0.78,-1,-1,-1
270,1063,248.97,341.53,58.02,37.16,0.82,-1,-1,-1
270,1069,591.94,337.67,64.23,35.12,0.79,-1,-1,-1
270,1072,147.97,296.24,58.44,26.20,0.59,-1,-1,-1
270,1077,636.24,402.29,79.17,37.26,0.88,-1,-1,-1
270,1082,96.45,304.41,29.61,26.54,0.77,-1,-1,-1
270,1091,176.49,515.44,120.56,84.66,0.53,-1,-1,-1
270,1098,478.03,316.31,62.24,23.72,0.76,-1,-1,-1
270,1102,312.11,344.32,33.84,35.74,0.75,-1,-1,-1
270,1110,231.06,336.01,61.99,35.60,0.58,-1,-1,-1
270,1113,367.94,343.28,32.23,35.15,0.75,-1,-1,-1
270,1114,742.72,391.60,83.79,38.91,0.62,-1,-1,-1
270,1117,515.76,429.71,87.15,40.09,0.78,-1,-1,-1
270,1122,732.96,319.12,39.09,34.89,0.44,-1,-1,-1
270,1126,528.23,410.30,74.42,31.94,0.73,-1,-1,-1
270,1128,451.07,337.18,33.51,33.52,0.77,-1,-1,-1
270,1108,382.05,453.39,97.13,40.51,0.85,-1,-1,-1
270,1140,175.54,653.78,62.40,57.74,0.71,-1,-1,-1
270,1143,351.19,424.99,56.50,35.64,0.47,-1,-1,-1
270,1145,678.23,326.21,35.56,28.97,0.79,-1,-1,-1
270,1147,493.66,335.90,33.35,32.94,0.69,-1,-1,-1
270,1125,47.46,565.68,47.42,54.22,0.78,-1,-1,-1
270,1085,378.54,294.98,33.49,22.93,0.76,-1,-1,-1
270,1183,368.19,659.81,55.01,73.00,0.81,-1,-1,-1
270,1187,538.93,332.65,39.64,34.66,0.67,-1,-1,-1
270,1200,177.49,323.33,83.48,34.94,0.56,-1,-1,-1
270,1213,764.37,412.54,87.28,37.90,0.79,-1,-1,-1
270,1129,398.62,296.38,37.56,24.13,0.62,-1,-1,-1
270,1223,601.82,528.07,49.38,29.86,0.63,-1,-1,-1
270,1228,413.21,343.44,31.97,31.37,0.73,-1,-1,-1
270,1229,210.30,283.89,52.06,27.48,0.64,-1,-1,-1
270,1231,400.85,590.47,22.21,42.68,0.51,-1,-1,-1
270,1234,424.88,581.35,26.69,38.99,0.51,-1,-1,-1
270,1123,349.14,605.73,42.05,54.19,0.25,-1,-1,-1
270,1239,823.45,483.32,64.65,56.72,0.65,-1,-1,-1
270,1100,425.29,296.66,45.55,25.66,0.75,-1,-1,-1
270,1246,859.78,543.14,16.48,33.41,0.63,-1,-1,-1
270,1247,25.08,424.91,18.61,35.00,0.44,-1,-1,-1
270,1248,76.06,361.99,16.76,24.75,0.56,-1,-1,-1
270,1250,698.48,532.28,23.45,39.66,0.60,-1,-1,-1
270,1251,401.42,606.67,25.32,33.86,0.73,-1,-1,-1
270,1252,0.00,367.24,23.39,38.49,0.70,-1,-1,-1
270,1253,2.16,337.27,19.10,52.74,0.33,-1,-1,-1
270,1254,57.50,428.40,28.31,28.36,0.53,-1,-1,-1
270,1255,316.03,292.96,23.74,21.64,0.52,-1,-1,-1
270,1258,4.02,242.51,19.23,24.47,0.76,-1,-1,-1
270,1259,1139.38,357.05,35.96,21.65,0.28,-1,-1,-1
270,1260,186.17,613.03,22.94,44.62,0.46,-1,-1,-1
271,1013,466.84,298.39,43.97,24.35,0.78,-1,-1,-1
271,1060,288.63,289.64,38.83,21.82,0.79,-1,-1,-1
271,1063,251.15,341.17,57.25,36.70,0.81,-1,-1,-1
271,1069,594.01,338.12,62.42,34.13,0.74,-1,-1,-1
271,1072,148.11,295.67,58.94,26.42,0.61,-1,-1,-1
271,1077,638.56,402.08,79.53,37.43,0.89,-1,-1,-1
271,1082,96.34,304.05,29.76,26.49,0.75,-1,-1,-1
271,1091,176.94,513.57,122.62,84.70,0.36,-1,-1,-1
271,1098,478.97,315.66,63.27,24.08,0.80,-1,-1,-1
271,1102,313.46,343.83,33.74,35.89,0.78,-1,-1,-1
271,1110,232.12,335.59,61.34,35.32,0.74,-1,-1,-1
271,1113,369.26,342.92,32.10,34.85,0.78,-1,-1,-1
271,1114,743.40,391.71,80.71,38.11,0.65,-1,-1,-1
271,1117,516.18,429.85,86.35,39.60,0.78,-1,-1,-1
271,1122,733.33,317.33,40.85,36.48,0.58,-1,-1,-1
271,1126,531.70,410.80,71.65,30.07,0.71,-1,-1,-1
271,1128,452.98,337.21,33.27,33.12,0.81,-1,-1,-1
271,1108,382.88,453.83,96.81,40.45,0.86,-1,-1,-1
271,1140,178.15,654.12,59.07,55.80,0.75,-1,-1,-1
271,1143,353.11,425.03,55.66,34.91,0.34,-1,-1,-1
271,1145,679.27,326.08,35.49,28.81,0.81,-1,-1,-1
271,1147,495.52,336.41,32.68,31.99,0.76,-1,-1,-1
271,1125,47.95,569.49,46.08,53.55,0.79,-1,-1,-1
271,1085,379.62,294.61,34.06,23.25,0.76,-1,-1,-1
271,1183,371.12,658.99,55.74,73.28,0.83,-1,-1,-1
271,1187,539.97,332.13,40.57,35.44,0.66,-1,-1,-1
271,1200,174.66,322.22,80.98,34.28,0.62,-1,-1,-1
271,1213,762.40,412.43,86.87,37.86,0.79,-1,-1,-1
271,1129,400.61,295.92,37.41,24.15,0.57,-1,-1,-1
271,1223,601.54,528.76,48.24,29.20,0.55,-1,-1,-1
271,1228,414.31,343.00,32.52,31.88,0.75,-1,-1,-1
271,1229,210.47,283.35,52.19,27.67,0.55,-1,-1,-1
271,1231,405.02,590.21,21.77,41.64,0.58,-1,-1,-1
271,1234,428.92,582.31,26.05,37.63,0.46,-1,-1,-1
271,1123,351.11,603.92,44.14,56.11,0.68,-1,-1,-1
271,1239,828.32,482.39,63.88,56.76,0.61,-1,-1,-1
271,1100,425.95,296.38,45.33,25.50,0.75,-1,-1,-1
271,1246,863.21,542.35,17.36,35.18,0.46,-1,-1,-1
271,1247,28.54,424.12,17.91,33.76,0.55,-1,-1,-1
271,1248,77.38,362.55,17.05,25.18,0.53,-1,-1,-1
271,1250,704.26,529.62,23.15,39.38,0.61,-1,-1,-1
271,1251,405.93,609.32,23.63,30.87,0.76,-1,-1,-1
271,1252,0.00,366.28,23.66,38.95,0.70,-1,-1,-1
271,1253,3.64,346.97,15.85,42.26,0.33,-1,-1,-1
271,1254,60.62,425.86,28.98,29.38,0.58,-1,-1,-1
271,1255,315.35,292.45,23.61,21.56,0.60,-1,-1,-1
271,1258,2.31,241.09,19.40,24.72,0.77,-1,-1,-1
271,1259,1133.69,357.04,37.46,22.61,0.12,-1,-1,-1
271,1260,190.96,614.07,21.52,41.83,0.49,-1,-1,-1
272,1013,468.06,298.16,43.54,24.23,0.79,-1,-1,-1
272,1060,288.95,289.67,38.63,21.69,0.80,-1,-1,-1
272,1063,251.97,340.75,57.55,36.95,0.80,-1,-1,-1
272,1069,595.08,336.49,63.90,35.22,0.65,-1,-1,-1
272,1072,146.37,295.52,60.31,27.09,0.61,-1,-1,-1
272,1077,640.67,401.87,79.41,37.34,0.89,-1,-1,-1
272,1082,96.41,303.72,30.05,26.66,0.75,-1,-1,-1
272,1091,174.29,512.60,126.12,85.66,0.56,-1,-1,-1
272,1098,480.00,315.25,63.71,24.23,0.83,-1,-1,-1
272,1102,314.85,343.54,33.68,35.94,0.79,-1,-1,-1
272,1110,232.99,335.37,61.20,35.31,0.71,-1,-1,-1
272,1113,370.25,342.78,32.52,35.11,0.79,-1,-1,-1
272,1114,745.08,388.94,82.97,39.76,0.62,-1,-1,-1
272,1117,514.37,429.06,88.61,40.80,0.80,-1,-1,-1
272,1122,736.18,316.81,40.58,36.73,0.48,-1,-1,-1
272,1126,533.47,410.47,72.22,29.77,0.73,-1,-1,-1
272,1128,454.77,337.16,33.11,32.73,0.81,-1,-1,-1
272,1108,382.14,454.79,97.84,40.99,0.85,-1,-1,-1
272,1140,181.24,654.22,56.99,54.73,0.64,-1,-1,-1
272,1143,355.53,426.32,54.29,33.74,0.41,-1,-1,-1
272,1145,680.58,325.79,35.72,28.96,0.80,-1,-1,-1
272,1147,497.47,336.47,32.24,31.42,0.76,-1,-1,-1
272,1125,49.00,572.09,45.61,53.72,0.73,-1,-1,-1
272,1085,380.26,294.34,34.26,23.33,0.75,-1,-1,-1
272,1183,373.97,657.90,56.89,74.13,0.87,-1,-1,-1
272,1187,541.45,331.88,40.16,34.91,0.70,-1,-1,-1
272,1200,174.66,321.05,83.48,35.24,0.63,-1,-1,-1
272,1213,762.10,412.76,84.99,37.12,0.77,-1,-1,-1
272,1129,402.81,295.62,37.94,24.50,0.62,-1,-1,-1
272,1223,600.60,528.80,48.73,29.53,0.43,-1,-1,-1
272,1228,414.67,342.80,32.19,31.62,0.78,-1,-1,-1
272,1229,211.11,283.25,51.23,27.17,0.58,-1,-1,-1
272,1231,408.52,590.33,22.42,42.86,0.49,-1,-1,-1
272,1234,432.62,580.64,27.20,39.18,0.55,-1,-1,-1
272,1123,355.04,604.45,44.68,56.95,0.54,-1,-1,-1
272,1239,832.68,481.84,64.32,57.72,0.57,-1,-1,-1
272,1100,426.68,296.25,45.19,25.42,0.75,-1,-1,-1
272,1246,868.61,541.75,17.45,35.39,0.72,-1,-1,-1
272,1247,29.81,423.29,17.84,33.74,0.59,-1,-1,-1
272,1248,78.40,363.02,17.52,25.96,0.60,-1,-1,-1
272,1250,709.49,527.04,23.78,40.56,0.52,-1,-1,-1
272,1251,408.34,608.02,25.34,32.60,0.74,-1,-1,-1
272,1252,0.00,364.39,24.16,40.39,0.72,-1,-1,-1
272,1254,62.19,423.50,29.39,30.20,0.51,-1,-1,-1
272,1255,314.82,292.20,23.52,21.55,0.65,-1,-1,-1
272,1258,0.70,239.27,20.22,25.82,0.75,-1,-1,-1
272,1260,197.57,612.51,19.65,37.88,0.58,-1,-1,-1
272,1266,1237.21,348.11,35.79,29.45,0.68,-1,-1,-1
272,1226,190.52,654.59,39.32,40.47,0.51,-1,-1,-1
273,1013,469.02,298.11,42.70,23.80,0.79,-1,-1,-1
273,1060,288.41,289.57,38.24,21.60,0.81,-1,-1,-1
273,1063,250.64,340.03,59.98,38.59,0.80,-1,-1,-1
273,1069,596.44,335.97,64.05,35.51,0.74,-1,-1,-1
273,1072,143.53,294.37,62.52,28.11,0.64,-1,-1,-1
273,1077,642.67,401.71,79.58,37.43,0.89,-1,-1,-1
273,1082,96.24,303.34,30.29,26.83,0.72,-1,-1,-1
273,1091,175.53,511.21,126.83,84.70,0.54,-1,-1,-1
273,1098,480.58,314.95,64.09,24.38,0.81,-1,-1,-1
273,1102,315.83,343.71,33.43,35.70,0.75,-1,-1,-1
273,1110,233.03,335.64,60.37,34.98,0.65,-1,-1,-1
273,1113,370.92,342.41,32.59,35.03,0.79,-1,-1,-1
273,1114,751.41,389.88,79.68,38.17,0.60,-1,-1,-1
273,1117,514.17,429.88,86.66,39.94,0.83,-1,-1,-1
273,1122,737.91,316.10,40.44,37.19,0.64,-1,-1,-1
273,1126,533.99,410.29,73.54,29.85,0.72,-1,-1,-1
273,1128,455.75,336.68,33.63,33.09,0.81,-1,-1,-1
273,1108,383.21,454.71,97.79,41.11,0.86,-1,-1,-1
273,1140,183.71,654.97,54.24,53.07,0.68,-1,-1,-1
273,1143,357.96,428.20,52.19,31.94,0.38,-1,-1,-1
273,1145,681.76,326.01,35.47,28.69,0.83,-1,-1,-1
273,1147,498.46,336.58,32.05,30.90,0.78,-1,-1,-1
273,1125,50.15,574.39,45.20,54.18,0.80,-1,-1,-1
273,1085,380.39,294.15,34.39,23.41,0.74,-1,-1,-1
273,1183,377.29,658.08,57.07,73.76,0.68,-1,-1,-1
273,1187,542.48,331.52,39.96,34.62,0.69,-1,-1,-1
273,1200,175.36,320.50,84.64,35.64,0.64,-1,-1,-1
273,1213,760.39,413.52,85.53,37.27,0.77,-1,-1,-1
273,1129,403.54,295.42,38.21,24.75,0.66,-1,-1,-1
273,1223,599.73,528.57,49.39,29.96,0.50,-1,-1,-1
273,1228,415.32,342.54,31.71,31.30,0.77,-1,-1,-1
273,1229,211.14,283.09,50.74,26.92,0.60,-1,-1,-1
273,1231,412.27,590.39,22.86,43.53,0.49,-1,-1,-1
273,1234,436.20,582.20,26.75,38.16,0.51,-1,-1,-1
273,1123,360.05,605.19,44.22,56.32,0.48,-1,-1,-1
273,1239,837.18,481.38,64.64,58.42,0.59,-1,-1,-1
273,1100,427.27,296.21,45.15,25.41,0.75,-1,-1,-1
273,1246,873.40,540.46,18.86,38.33,0.69,-1,-1,-1
273,1247,33.65,423.21,17.28,32.41,0.32,-1,-1,-1
273,1248,78.88,362.56,18.11,26.91,0.69,-1,-1,-1
273,1250,715.15,523.80,23.77,40.54,0.57,-1,-1,-1
273,1251,409.50,600.16,31.01,40.12,0.62,-1,-1,-1
273,1252,0.00,364.23,24.25,40.54,0.71,-1,-1,-1
273,1254,64.72,421.61,29.22,30.43,0.58,-1,-1,-1
273,1255,314.97,292.08,23.54,21.60,0.64,-1,-1,-1
273,1258,0.00,236.09,20.55,28.41,0.68,-1,-1,-1
273,1260,201.72,612.88,19.52,37.47,0.52,-1,-1,-1
273,1266,1236.38,346.76,38.32,31.25,0.72,-1,-1,-1
273,1226,189.47,656.80,35.68,37.53,0.15,-1,-1,-1
274,1013,469.80,297.90,42.02,23.42,0.81,-1,-1,-1
274,1060,288.48,289.00,38.64,21.85,0.80,-1,-1,-1
274,1063,250.83,339.65,60.79,39.25,0.84,-1,-1,-1
274,1069,596.67,334.89,65.33,36.57,0.74,-1,-1,-1
274,1072,142.36,293.62,63.67,28.68,0.63,-1,-1,-1
274,1077,644.06,400.99,80.34,37.85,0.88,-1,-1,-1
274,1082,95.41,302.61,31.02,27.48,0.75,-1,-1,-1
274,1091,175.15,510.81,128.78,84.70,0.46,-1,-1,-1
274,1098,480.88,314.59,64.42,24.54,0.79,-1,-1,-1
274,1102,316.25,343.11,33.89,36.39,0.77,-1,-1,-1
274,1110,232.43,335.64,59.85,34.96,0.77,-1,-1,-1
274,1113,371.24,342.06,32.71,35.05,0.78,-1,-1,-1
274,1114,745.34,386.24,81.35,40.09,0.57,-1,-1,-1
274,1117,515.05,430.55,85.21,39.09,0.83,-1,-1,-1
274,1122,740.15,316.95,38.76,35.78,0.59,-1,-1,-1
274,1126,532.73,409.73,76.09,30.33,0.74,-1,-1,-1
274,1128,456.75,336.45,33.60,32.88,0.80,-1,-1,-1
274,1108,382.61,454.64,99.54,42.08,0.89,-1,-1,-1
274,1140,184.49,653.40,53.65,53.68,0.62,-1,-1,-1
274,1143,361.87,432.66,47.00,27.91,0.12,-1,-1,-1
274,1145,682.52,325.59,35.82,29.00,0.82,-1,-1,-1
274,1147,498.85,335.65,32.96,31.58,0.77,-1,-1,-1
274,1125,50.02,577.17,44.48,54.24,0.73,-1,-1,-1
274,1085,380.07,293.90,33.82,23.14,0.75,-1,-1,-1
274,1183,380.85,656.99,57.10,73.16,0.74,-1,-1,-1
274,1187,543.24,331.02,40.17,34.75,0.74,-1,-1,-1
274,1200,175.73,319.96,84.80,35.70,0.60,-1,-1,-1
274,1213,756.90,412.91,85.83,37.48,0.78,-1,-1,-1
274,1129,404.36,295.34,37.27,24.30,0.76,-1,-1,-1
274,1223,599.12,528.60,49.75,30.21,0.56,-1,-1,-1
274,1228,416.88,342.33,31.25,30.75,0.73,-1,-1,-1
274,1229,209.59,282.50,50.62,27.08,0.50,-1,-1,-1
274,1231,415.94,590.78,22.84,43.67,0.51,-1,-1,-1
274,1234,439.78,583.26,26.41,37.70,0.53,-1,-1,-1
274,1123,365.01,607.11,42.47,53.88,0.30,-1,-1,-1
274,1239,843.40,483.54,62.16,56.10,0.67,-1,-1,-1
274,1100,427.84,296.09,44.90,25.30,0.78,-1,-1,-1
274,1246,877.76,539.62,18.91,38.45,0.80,-1,-1,-1
274,1247,36.65,423.30,17.01,31.81,0.51,-1,-1,-1
274,1248,79.34,361.82,18.68,27.87,0.68,-1,-1,-1
274,1250,721.16,520.57,23.18,39.66,0.60,-1,-1,-1
274,1251,414.05,604.00,28.78,36.60,0.75,-1,-1,-1
274,1252,0.00,365.78,23.36,38.81,0.69,-1,-1,-1
274,1254,67.21,420.99,28.56,30.10,0.65,-1,-1,-1
274,1255,314.73,292.01,23.35,21.48,0.67,-1,-1,-1
274,1258,0.00,235.97,19.04,27.78,0.73,-1,-1,-1
274,1260,205.32,612.11,21.28,41.00,0.58,-1,-1,-1
274,1266,1233.60,344.86,41.12,33.03,0.66,-1,-1,-1
274,1226,190.20,654.53,36.56,39.51,0.44,-1,-1,-1
274,1269,885.01,377.89,28.22,20.77,0.54,-1,-1,-1
275,1013,470.05,297.72,41.81,23.34,0.81,-1,-1,-1
275,1060,288.83,288.71,38.94,21.93,0.80,-1,-1,-1
275,1063,250.95,339.62,60.75,39.28,0.81,-1,-1,-1
275,1069,597.73,334.96,64.65,36.40,0.68,-1,-1,-1
275,1072,141.49,293.20,64.01,28.74,0.64,-1,-1,-1
275,1077,645.37,400.23,80.88,38.20,0.86,-1,-1,-1
275,1082,94.77,302.35,31.21,27.54,0.76,-1,-1,-1
275,1091,173.67,510.41,132.42,86.04,0.45,-1,-1,-1
275,1098,481.50,314.66,63.93,24.34,0.79,-1,-1,-1
275,1102,316.87,343.12,33.58,36.14,0.78,-1,-1,-1
275,1110,232.83,335.51,59.39,34.86,0.76,-1,-1,-1
275,1113,372.04,342.20,32.30,34.45,0.77,-1,-1,-1
275,1117,514.87,430.62,85.15,38.94,0.83,-1,-1,-1
275,1122,744.01,318.53,36.06,33.43,0.43,-1,-1,-1
275,1126,530.76,409.29,80.89,31.91,0.78,-1,-1,-1
275,1128,457.46,336.42,33.59,32.69,0.81,-1,-1,-1
275,1108,381.83,454.56,101.05,43.01,0.88,-1,-1,-1
275,1140,186.11,653.74,51.13,51.87,0.39,-1,-1,-1
275,1143,363.92,434.92,44.63,25.82,0.13,-1,-1,-1
275,1145,683.23,324.29,36.27,29.48,0.83,-1,-1,-1
275,1147,499.11,334.95,33.63,32.03,0.81,-1,-1,-1
275,1125,50.80,580.55,43.44,53.70,0.75,-1,-1,-1
275,1085,380.16,293.50,33.62,23.04,0.77,-1,-1,-1
275,1183,384.64,661.54,54.09,68.34,0.76,-1,-1,-1
275,1187,543.97,330.79,40.15,34.64,0.76,-1,-1,-1
275,1200,176.45,319.67,85.16,35.82,0.60,-1,-1,-1
275,1213,756.31,412.71,83.94,36.72,0.81,-1,-1,-1
275,1129,404.40,295.11,36.83,24.22,0.76,-1,-1,-1
275,1223,597.50,527.81,51.00,31.15,0.45,-1,-1,-1
275,1228,418.32,342.08,31.43,30.71,0.74,-1,-1,-1
275,1229,210.08,282.47,50.14,26.90,0.57,-1,-1,-1
275,1231,418.15,590.91,23.53,45.17,0.52,-1,-1,-1
275,1234,442.98,582.70,26.68,38.08,0.48,-1,-1,-1
275,1123,369.49,608.71,41.00,51.57,0.20,-1,-1,-1
275,1239,846.96,485.24,59.19,53.48,0.74,-1,-1,-1
275,1100,428.21,295.89,44.82,25.30,0.77,-1,-1,-1
275,1246,882.17,539.02,18.90,38.56,0.77,-1,-1,-1
275,1247,37.89,422.25,17.38,32.64,0.48,-1,-1,-1
275,1248,79.57,361.81,18.97,28.34,0.69,-1,-1,-1
275,1250,727.06,519.46,22.10,37.68,0.58,-1,-1,-1
275,1251,418.07,605.67,28.69,35.89,0.61,-1,-1,-1
275,1252,0.00,366.63,22.85,38.01,0.70,-1,-1,-1
275,1254,69.37,420.17,27.60,29.46,0.69,-1,-1,-1
275,1255,314.57,291.92,23.04,21.21,0.62,-1,-1,-1
275,1258,0.00,235.22,17.44,27.40,0.73,-1,-1,-1
275,1260,209.59,611.82,21.30,40.96,0.57,-1,-1,-1
275,1266,1232.26,343.74,42.54,33.20,0.75,-1,-1,-1
275,1226,190.74,655.00,41.68,45.28,0.22,-1,-1,-1
275,1269,882.17,377.93,27.95,20.54,0.65,-1,-1,-1
276,1013,470.14,297.25,41.95,23.48,0.81,-1,-1,-1
276,1060,288.54,288.48,39.06,21.96,0.80,-1,-1,-1
276,1063,251.28,339.29,60.39,39.11,0.83,-1,-1,-1
276,1069,598.76,334.85,64.39,36.32,0.67,-1,-1,-1
276,1072,140.53,293.02,64.31,28.75,0.69,-1,-1,-1
276,1077,646.53,399.60,81.69,38.73,0.86,-1,-1,-1
276,1082,94.05,302.05,31.20,27.49,0.78,-1,-1,-1
276,1091,173.97,511.77,134.18,86.16,0.55,-1,-1,-1
276,1098,481.64,314.35,64.07,24.41,0.77,-1,-1,-1
276,1102,317.11,342.79,33.43,36.09,0.81,-1,-1,-1
276,1110,232.95,335.22,59.63,35.17,0.75,-1,-1,-1
276,1113,372.42,341.76,32.68,34.66,0.79,-1,-1,-1
276,1117,514.45,430.93,84.99,38.68,0.86,-1,-1,-1
276,1122,743.27,318.27,36.56,33.56,0.37,-1,-1,-1
276,1126,538.92,409.83,80.35,32.16,0.73,-1,-1,-1
276,1128,457.92,336.23,33.75,32.69,0.82,-1,-1,-1
276,1108,381.51,455.02,101.15,43.29,0.88,-1,-1,-1
276,1140,187.74,655.59,47.80,48.91,0.25,-1,-1,-1
276,1143,364.81,435.68,44.30,24.99,0.11,-1,-1,-1
276,1145,684.33,323.67,36.13,29.36,0.80,-1,-1,-1
276,1147,499.31,334.49,34.05,32.21,0.82,-1,-1,-1
276,1125,50.09,582.18,44.17,55.76,0.67,-1,-1,-1
276,1085,380.57,293.10,33.43,22.92,0.77,-1,-1,-1
276,1183,385.76,659.67,55.68,70.02,0.81,-1,-1,-1
276,1187,544.55,330.62,40.31,34.64,0.74,-1,-1,-1
276,1200,175.63,319.37,85.83,35.90,0.65,-1,-1,-1
276,1213,752.89,412.90,86.84,38.03,0.82,-1,-1,-1
276,1129,404.15,294.71,36.51,24.18,0.77,-1,-1,-1
276,1223,597.32,527.94,50.38,30.86,0.35,-1,-1,-1
276,1228,418.58,341.84,31.31,30.53,0.72,-1,-1,-1
276,1229,210.03,281.89,50.30,27.09,0.52,-1,-1,-1
276,1231,421.86,590.98,23.42,44.59,0.54,-1,-1,-1
276,1234,447.24,582.58,26.81,38.42,0.39,-1,-1,-1
276,1123,372.33,608.81,41.12,51.12,0.11,-1,-1,-1
276,1239,849.08,485.88,57.26,52.15,0.65,-1,-1,-1
276,1100,429.01,295.61,44.22,24.97,0.77,-1,-1,-1
276,1246,887.05,538.40,18.37,37.73,0.82,-1,-1,-1
276,1247,38.79,421.07,17.43,32.75,0.43,-1,-1,-1
276,1248,80.01,362.84,18.76,27.99,0.73,-1,-1,-1
276,1250,732.93,516.31,22.27,37.75,0.62,-1,-1,-1
276,1251,421.99,609.43,26.42,32.08,0.70,-1,-1,-1
276,1252,0.00,365.97,22.70,38.46,0.72,-1,-1,-1
276,1254,70.73,418.32,27.48,29.85,0.64,-1,-1,-1
276,1255,313.63,291.60,22.41,20.64,0.69,-1,-1,-1
276,1258,0.00,235.77,15.48,25.82,0.68,-1,-1,-1
276,1260,214.06,610.97,22.46,43.30,0.63,-1,-1,-1
276,1266,1231.16,343.61,43.89,32.93,0.77,-1,-1,-1
276,1226,191.15,656.91,42.75,46.63,0.42,-1,-1,-1
276,1269,878.84,377.64,28.00,20.53,0.62,-1,-1,-1
277,1013,470.05,296.85,42.60,23.89,0.81,-1,-1,-1
277,1060,287.89,288.42,38.89,21.87,0.79,-1,-1,-1
277,1063,252.18,339.43,59.38,38.52,0.84,-1,-1,-1
277,1069,592.14,331.81,68.89,38.77,0.69,-1,-1,-1
277,1072,140.35,293.00,63.91,28.46,0.61,-1,-1,-1
277,1077,648.64,399.36,81.46,38.74,0.87,-1,-1,-1
277,1082,93.55,301.79,31.15,27.46,0.78,-1,-1,-1
277,1091,173.89,512.09,135.45,85.70,0.45,-1,-1,-1
277,1098,481.92,314.00,64.04,24.41,0.76,-1,-1,-1
277,1102,316.94,342.30,33.68,36.53,0.82,-1,-1,-1
277,1110,232.82,335.26,58.53,34.77,0.76,-1,-1,-1
277,1113,372.82,341.43,33.06,34.84,0.79,-1,-1,-1
277,1117,513.06,430.47,86.60,39.32,0.87,-1,-1,-1
277,1122,744.83,317.79,36.38,33.44,0.45,-1,-1,-1
277,1126,548.65,409.91,78.52,32.44,0.71,-1,-1,-1
277,1128,457.98,336.11,34.22,32.93,0.81,-1,-1,-1
277,1108,381.27,455.29,100.73,43.27,0.88,-1,-1,-1
277,1143,365.27,435.48,45.67,25.27,0.12,-1,-1,-1
277,1145,684.33,322.89,36.78,29.95,0.81,-1,-1,-1
277,1147,499.72,334.69,34.02,31.86,0.76,-1,-1,-1
277,1125,49.75,582.19,45.40,59.12,0.58,-1,-1,-1
277,1085,380.81,292.84,33.26,22.69,0.78,-1,-1,-1
277,1183,385.97,656.10,58.38,73.40,0.80,-1,-1,-1
277,1187,544.95,330.26,40.66,34.80,0.70,-1,-1,-1
277,1200,176.09,319.66,84.91,35.20,0.61,-1,-1,-1
277,1213,749.29,411.72,89.88,39.61,0.82,-1,-1,-1
277,1129,404.36,294.46,35.84,23.86,0.78,-1,-1,-1
277,1223,595.40,528.28,51.29,31.58,0.58,-1,-1,-1
277,1228,418.68,341.58,31.20,30.46,0.78,-1,-1,-1
277,1229,209.96,281.80,49.90,26.94,0.55,-1,-1,-1
277,1231,425.53,591.48,23.09,43.75,0.56,-1,-1,-1
277,1234,449.03,580.62,28.10,40.37,0.43,-1,-1,-1
277,1123,374.50,608.23,42.25,52.49,0.30,-1,-1,-1
277,1239,855.64,485.60,58.73,53.03,0.68,-1,-1,-1
277,1100,429.44,295.49,44.52,25.24,0.77,-1,-1,-1
277,1246,891.69,537.92,18.35,37.77,0.73,-1,-1,-1
277,1247,39.61,420.33,17.90,33.62,0.42,-1,-1,-1
277,1248,80.89,363.98,18.36,27.30,0.67,-1,-1,-1
277,1250,738.19,512.83,22.81,38.76,0.66,-1,-1,-1
277,1251,423.33,607.87,28.55,34.13,0.71,-1,-1,-1
277,1252,0.00,365.52,22.51,38.94,0.72,-1,-1,-1
277,1254,71.69,416.83,27.29,30.14,0.47,-1,-1,-1
277,1255,312.96,290.99,22.49,20.84,0.73,-1,-1,-1
277,1260,217.33,610.10,24.03,46.71,0.67,-1,-1,-1
277,1266,1228.21,342.61,47.21,33.97,0.81,-1,-1,-1
277,1226,191.19,656.55,43.42,47.61,0.54,-1,-1,-1
277,1269,876.13,377.51,27.29,19.97,0.66,-1,-1,-1
278,1013,470.43,296.67,42.21,23.69,0.82,-1,-1,-1
278,1060,287.72,287.91,39.70,22.26,0.79,-1,-1,-1
278,1063,252.55,339.21,59.40,38.68,0.83,-1,-1,-1
278,1069,590.65,331.18,69.99,39.12,0.74,-1,-1,-1
278,1072,136.47,291.84,67.92,30.17,0.67,-1,-1,-1
278,1077,650.92,399.54,80.57,38.29,0.87,-1,-1,-1
278,1082,93.24,301.77,31.08,27.27,0.74,-1,-1,-1
278,1091,171.96,511.40,138.58,86.64,0.26,-1,-1,-1
278,1098,483.29,313.73,62.66,23.87,0.76,-1,-1,-1
278,1102,317.51,342.02,33.62,36.64,0.79,-1,-1,-1
278,1110,232.54,335.24,57.64,34.56,0.77,-1,-1,-1
278,1113,373.22,341.33,33.00,34.59,0.80,-1,-1,-1
278,1117,511.70,430.19,87.83,39.81,0.87,-1,-1,-1
278,1122,743.89,315.98,37.51,34.56,0.61,-1,-1,-1
278,1126,549.38,409.71,78.35,32.98,0.75,-1,-1,-1
278,1128,458.38,335.84,34.51,33.02,0.81,-1,-1,-1
278,1108,380.62,455.44,101.12,43.59,0.87,-1,-1,-1
278,1143,361.27,429.38,54.95,30.59,0.13,-1,-1,-1
278,1145,683.85,320.61,38.94,32.04,0.79,-1,-1,-1
278,1147,499.65,333.60,35.16,32.80,0.72,-1,-1,-1
278,1125,49.33,582.04,46.70,62.48,0.54,-1,-1,-1
278,1085,381.65,292.72,33.14,22.40,0.79,-1,-1,-1
278,1183,387.49,656.29,57.69,72.50,0.64,-1,-1,-1
278,1187,545.56,329.91,40.90,34.86,0.74,-1,-1,-1
278,1200,174.84,319.19,86.61,35.64,0.67,-1,-1,-1
278,1213,746.30,411.09,91.02,40.26,0.82,-1,-1,-1
278,1129,404.16,294.06,35.53,23.77,0.75,-1,-1,-1
278,1223,594.63,529.51,51.11,31.85,0.56,-1,-1,-1
278,1228,418.63,341.28,31.21,30.63,0.78,-1,-1,-1
278,1229,208.67,281.57,49.71,26.92,0.51,-1,-1,-1
278,1231,428.47,591.95,23.64,44.75,0.48,-1,-1,-1
278,1234,451.38,581.41,28.21,40.44,0.52,-1,-1,-1
278,1239,859.45,485.70,59.01,52.62,0.68,-1,-1,-1
278,1100,429.42,295.36,44.51,25.32,0.78,-1,-1,-1
278,1246,895.59,537.23,18.20,37.71,0.80,-1,-1,-1
278,1247,41.02,419.53,18.49,34.52,0.30,-1,-1,-1
278,1248,81.30,363.43,19.06,28.37,0.66,-1,-1,-1
278,1250,743.35,510.78,22.88,38.60,0.59,-1,-1,-1
278,1251,425.82,604.75,31.55,37.83,0.67,-1,-1,-1
278,1252,0.00,362.57,22.85,41.92,0.70,-1,-1,-1
278,1254,72.41,414.65,27.63,31.19,0.54,-1,-1,-1
278,1255,312.20,290.74,22.24,20.69,0.70,-1,-1,-1
278,1260,220.47,609.75,23.38,45.76,0.45,-1,-1,-1
278,1266,1224.05,343.30,48.20,33.10,0.81,-1,-1,-1
278,1226,189.97,653.34,43.59,47.89,0.13,-1,-1,-1
278,1269,872.47,376.91,28.18,20.62,0.52,-1,-1,-1
278,1272,911.09,405.75,31.44,22.94,0.74,-1,-1,-1
278,1172,897.29,468.72,40.70,28.34,0.59,-1,-1,-1
278,1140,187.82,655.62,45.16,46.35,0.52,-1,-1,-1
279,1013,470.87,296.51,41.78,23.43,0.82,-1,-1,-1
279,1060,286.96,287.36,40.27,22.60,0.77,-1,-1,-1
279,1063,253.26,338.85,58.93,38.50,0.84,-1,-1,-1
279,1069,598.95,333.39,66.03,37.08,0.70,-1,-1,-1
279,1072,135.41,291.32,68.17,30.17,0.66,-1,-1,-1
279,1077,652.59,399.26,80.76,38.41,0.88,-1,-1,-1
279,1082,92.45,301.72,31.10,27.28,0.74,-1,-1,-1
279,1091,173.59,511.49,137.03,84.55,0.28,-1,-1,-1
279,1098,483.75,313.50,62.44,23.80,0.74,-1,-1,-1
279,1102,317.88,341.90,33.35,36.54,0.80,-1,-1,-1
279,1110,231.31,335.44,56.27,34.30,0.77,-1,-1,-1
279,1113,373.52,341.10,33.38,34.81,0.80,-1,-1,-1
279,1117,510.96,430.76,87.55,39.52,0.87,-1,-1,-1
279,1122,744.14,314.69,38.08,35.42,0.50,-1,-1,-1
279,1126,548.56,409.09,79.72,34.11,0.78,-1,-1,-1
279,1128,458.62,335.88,34.58,32.86,0.81,-1,-1,-1
279,1108,379.66,456.07,101.37,43.84,0.85,-1,-1,-1
279,1143,361.25,428.93,55.80,31.01,0.22,-1,-1,-1
279,1145,684.99,321.31,37.82,31.25,0.85,-1,-1,-1
279,1147,500.01,333.05,35.75,33.29,0.71,-1,-1,-1
279,1125,50.20,585.30,45.90,62.57,0.74,-1,-1,-1
279,1085,382.28,292.56,33.35,22.24,0.79,-1,-1,-1
279,1183,388.99,655.98,57.72,72.37,0.59,-1,-1,-1
279,1187,546.11,329.66,41.08,34.84,0.71,-1,-1,-1
279,1200,174.05,318.80,88.00,35.95,0.69,-1,-1,-1
279,1213,744.73,411.79,89.43,39.61,0.81,-1,-1,-1
279,1129,404.31,293.82,35.17,23.55,0.76,-1,-1,-1
279,1223,593.25,529.59,51.43,32.40,0.52,-1,-1,-1
279,1228,419.11,341.02,31.00,30.53,0.75,-1,-1,-1
279,1229,206.92,282.42,47.67,25.80,0.55,-1,-1,-1
279,1231,431.55,592.24,23.43,44.17,0.55,-1,-1,-1
279,1234,455.09,584.12,26.82,38.06,0.40,-1,-1,-1
279,1239,859.24,485.49,57.80,51.93,0.78,-1,-1,-1
279,1100,429.04,295.04,44.64,25.42,0.78,-1,-1,-1
279,1246,899.37,536.89,17.95,37.19,0.73,-1,-1,-1
279,1247,43.26,419.89,18.90,35.02,0.41,-1,-1,-1
279,1248,82.77,364.00,18.94,28.31,0.66,-1,-1,-1
279,1250,749.37,508.52,22.92,38.44,0.57,-1,-1,-1
279,1251,429.02,605.48,31.06,37.02,0.69,-1,-1,-1
279,1252,0.00,358.94,23.54,45.81,0.68,-1,-1,-1
279,1254,73.19,412.77,27.59,31.87,0.53,-1,-1,-1
279,1255,311.93,290.56,22.05,20.60,0.64,-1,-1,-1
279,1260,223.52,609.81,22.61,44.23,0.56,-1,-1,-1
279,1266,1219.18,342.71,50.20,32.93,0.83,-1,-1,-1
279,1269,869.17,376.50,28.60,20.92,0.67,-1,-1,-1
279,1272,910.57,406.66,31.14,22.66,0.66,-1,-1,-1
279,1172,901.67,466.42,41.63,30.20,0.54,-1,-1,-1
279,1140,187.91,654.89,44.75,46.32,0.59,-1,-1,-1
280,1013,471.24,296.39,41.51,23.25,0.82,-1,-1,-1
280,1060,286.10,286.94,40.75,22.97,0.79,-1,-1,-1
280,1063,253.69,338.78,58.71,38.50,0.85,-1,-1,-1
280,1069,603.62,334.40,63.78,35.94,0.71,-1,-1,-1
280,1072,134.26,290.90,68.76,30.26,0.69,-1,-1,-1
280,1077,654.69,399.24,80.59,38.36,0.88,-1,-1,-1
280,1082,91.80,301.46,31.40,27.60,0.74,-1,-1,-1
280,1091,176.39,512.72,133.32,80.76,0.28,-1,-1,-1
280,1098,484.17,313.27,62.36,23.77,0.74,-1,-1,-1
280,1102,318.61,341.83,33.09,36.46,0.80,-1,-1,-1
280,1110,231.47,335.37,55.67,34.41,0.76,-1,-1,-1
280,1113,373.86,340.99,33.76,35.02,0.81,-1,-1,-1
280,1117,509.26,430.48,89.10,40.16,0.88,-1,-1,-1
280,1122,745.61,314.40,37.76,35.57,0.61,-1,-1,-1
280,1126,549.90,408.83,80.03,34.71,0.76,-1,-1,-1
280,1128,458.84,335.82,35.09,33.25,0.82,-1,-1,-1
280,1108,379.79,455.66,101.44,44.01,0.83,-1,-1,-1
280,1143,362.66,429.75,55.32,30.62,0.13,-1,-1,-1
280,1145,686.16,321.54,36.93,30.58,0.84,-1,-1,-1
280,1147,500.53,332.50,36.34,33.81,0.68,-1,-1,-1
280,1125,48.57,580.72,50.41,70.88,0.62,-1,-1,-1
280,1085,382.84,292.33,33.97,22.32,0.78,-1,-1,-1
280,1183,390.51,655.21,58.34,72.89,0.79,-1,-1,-1
280,1187,546.92,329.53,41.43,34.87,0.75,-1,-1,-1
280,1200,173.66,318.57,88.85,36.02,0.67,-1,-1,-1
280,1213,743.19,411.98,88.36,39.14,0.82,-1,-1,-1
280,1129,404.45,293.48,35.17,23.60,0.76,-1,-1,-1
280,1223,591.74,528.54,52.82,33.76,0.41,-1,-1,-1
280,1228,419.47,340.72,31.10,30.78,0.72,-1,-1,-1
280,1229,205.22,282.90,46.47,25.04,0.58,-1,-1,-1
280,1231,435.07,592.83,23.52,44.30,0.44,-1,-1,-1
280,1234,459.26,586.19,25.99,36.74,0.37,-1,-1,-1
280,1239,861.76,485.78,57.19,51.64,0.81,-1,-1,-1
280,1100,428.68,294.48,45.41,25.97,0.78,-1,-1,-1
280,1246,903.76,536.82,17.72,36.97,0.78,-1,-1,-1
280,1247,45.12,420.67,19.21,35.45,0.48,-1,-1,-1
280,1248,83.77,363.84,19.58,29.35,0.66,-1,-1,-1
280,1250,755.66,507.42,22.20,36.82,0.68,-1,-1,-1
280,1251,431.12,603.95,33.58,40.13,0.66,-1,-1,-1
280,1252,0.00,358.49,23.28,46.37,0.70,-1,-1,-1
280,1254,73.75,410.96,27.16,32.10,0.46,-1,-1,-1
280,1255,311.73,290.49,21.95,20.57,0.59,-1,-1,-1
280,1260,227.13,609.86,23.50,46.06,0.51,-1,-1,-1
280,1266,1214.13,342.71,52.39,32.95,0.82,-1,-1,-1
280,1269,866.81,377.23,27.75,20.27,0.63,-1,-1,-1
280,1272,908.52,407.85,29.45,21.35,0.74,-1,-1,-1
280,1172,909.02,468.02,38.49,28.27,0.55,-1,-1,-1
280,1140,187.70,654.64,43.87,45.47,0.55,-1,-1,-1
280,1274,310.22,385.70,19.27,19.00,0.64,-1,-1,-1
280,1277,124.97,383.85,18.97,27.79,0.55,-1,-1,-1
281,1013,471.73,296.21,41.02,22.92,0.83,-1,-1,-1
281,1060,285.90,286.60,41.02,23.20,0.79,-1,-1,-1
281,1063,254.07,338.64,58.49,38.49,0.84,-1,-1,-1
281,1069,606.10,335.66,61.47,34.17,0.60,-1,-1,-1
281,1072,134.39,290.54,68.80,30.14,0.65,-1,-1,-1
281,1077,655.87,398.90,81.73,38.90,0.89,-1,-1,-1
281,1082,90.79,301.23,31.66,27.79,0.74,-1,-1,-1
281,1091,180.09,515.43,129.86,77.36,0.22,-1,-1,-1
281,1098,482.62,312.75,63.81,24.53,0.74,-1,-1,-1
281,1102,319.18,341.69,32.87,36.44,0.79,-1,-1,-1
281,1110,231.28,335.36,54.72,34.34,0.74,-1,-1,-1
281,1113,374.36,340.76,34.27,35.45,0.83,-1,-1,-1
281,1117,508.02,431.07,88.72,39.94,0.88,-1,-1,-1
281,1122,747.84,314.86,36.72,34.88,0.62,-1,-1,-1
281,1126,550.27,408.80,80.07,35.01,0.79,-1,-1,-1
281,1128,459.31,335.62,35.52,33.57,0.81,-1,-1,-1
281,1108,376.92,456.04,106.11,46.47,0.85,-1,-1,-1
281,1143,362.69,428.27,57.84,32.31,0.20,-1,-1,-1
281,1145,687.90,321.93,36.21,29.83,0.75,-1,-1,-1
281,1147,501.83,332.81,35.89,33.23,0.70,-1,-1,-1
281,1125,48.80,584.04,50.30,72.65,0.78,-1,-1,-1
281,1085,382.40,292.13,34.55,22.52,0.78,-1,-1,-1
281,1183,392.20,656.87,57.47,71.28,0.72,-1,-1,-1
281,1187,547.72,329.53,42.04,35.14,0.74,-1,-1,-1
281,1200,173.31,318.39,90.10,36.28,0.67,-1,-1,-1
281,1213,741.03,412.06,88.33,39.18,0.82,-1,-1,-1
281,1129,404.68,293.21,35.27,23.73,0.75,-1,-1,-1
281,1223,590.60,528.91,52.05,33.43,0.45,-1,-1,-1
281,1228,419.37,340.50,31.45,31.32,0.78,-1,-1,-1
281,1229,202.74,282.98,46.48,24.75,0.60,-1,-1,-1
281,1231,438.26,593.76,22.21,41.56,0.51,-1,-1,-1
281,1234,462.06,587.42,25.90,36.18,0.43,-1,-1,-1
281,1239,864.47,485.95,56.91,51.66,0.70,-1,-1,-1
281,1100,429.28,294.08,45.20,25.99,0.78,-1,-1,-1
281,1246,908.32,536.81,17.83,37.38,0.75,-1,-1,-1
281,1247,46.39,419.94,20.15,37.47,0.49,-1,-1,-1
281,1248,85.74,365.26,19.13,28.66,0.69,-1,-1,-1
281,1250,762.47,506.92,21.42,35.05,0.66,-1,-1,-1
281,1251,434.88,605.34,33.06,39.40,0.68,-1,-1,-1
281,1252,0.00,359.26,22.66,45.50,0.72,-1,-1,-1
281,1254,74.69,409.59,26.19,31.64,0.54,-1,-1,-1
281,1255,311.51,290.12,21.92,20.64,0.54,-1,-1,-1
281,1260,230.91,609.55,20.93,40.63,0.46,-1,-1,-1
281,1266,1210.28,343.40,53.67,32.28,0.80,-1,-1,-1
281,1269,864.43,377.75,28.05,20.49,0.62,-1,-1,-1
281,1272,906.67,408.85,28.88,20.87,0.70,-1,-1,-1
281,1172,919.39,467.29,39.47,28.86,0.61,-1,-1,-1
281,1140,187.17,653.06,44.56,46.42,0.64,-1,-1,-1
281,1274,310.47,384.94,19.57,19.32,0.63,-1,-1,-1
281,1277,125.34,383.04,19.29,28.29,0.49,-1,-1,-1
281,1278,1149.14,447.13,47.70,31.83,0.76,-1,-1,-1
282,1013,471.84,296.08,41.19,22.96,0.83,-1,-1,-1
282,1060,286.19,286.65,41.05,23.20,0.77,-1,-1,-1
282,1063,254.63,338.22,58.94,38.88,0.79,-1,-1,-1
282,1069,602.15,332.50,67.91,37.10,0.71,-1,-1,-1
282,1072,134.41,290.50,68.61,29.91,0.69,-1,-1,-1
282,1077,658.00,399.14,81.09,38.58,0.89,-1,-1,-1
282,1082,89.98,300.95,32.15,28.15,0.74,-1,-1,-1
282,1091,188.74,515.61,126.24,74.85,0.30,-1,-1,-1
282,1098,484.59,312.96,62.73,24.07,0.75,-1,-1,-1
282,1102,319.96,341.49,32.62,36.43,0.76,-1,-1,-1
282,1110,231.34,335.78,52.35,33.35,0.75,-1,-1,-1
282,1113,374.95,340.69,34.39,35.43,0.85,-1,-1,-1
282,1117,507.23,431.05,89.45,40.26,0.88,-1,-1,-1
282,1122,746.87,314.33,37.68,35.41,0.57,-1,-1,-1
282,1126,544.73,408.75,81.91,35.23,0.79,-1,-1,-1
282,1128,460.05,335.31,35.31,33.31,0.80,-1,-1,-1
282,1108,374.61,455.53,110.42,48.95,0.87,-1,-1,-1
282,1143,363.36,428.45,58.46,32.86,0.14,-1,-1,-1
282,1145,689.22,321.67,36.74,30.10,0.75,-1,-1,-1
282,1147,503.73,334.48,34.35,31.48,0.60,-1,-1,-1
282,1125,48.75,584.81,51.33,76.17,0.66,-1,-1,-1
282,1085,382.06,292.06,34.56,22.48,0.80,-1,-1,-1
282,1183,393.86,657.85,57.31,70.55,0.53,-1,-1,-1
282,1187,548.45,329.41,42.39,35.28,0.75,-1,-1,-1
282,1200,173.28,318.47,90.35,36.14,0.68,-1,-1,-1
282,1213,739.62,412.42,88.49,39.31,0.82,-1,-1,-1
282,1129,405.25,293.31,34.92,23.50,0.76,-1,-1,-1
282,1223,590.54,528.97,51.40,33.55,0.48,-1,-1,-1
282,1228,420.13,340.35,31.32,31.43,0.77,-1,-1,-1
282,1229,204.27,282.42,47.48,25.20,0.57,-1,-1,-1
282,1231,440.66,594.46,22.32,41.51,0.46,-1,-1,-1
282,1234,466.16,587.50,26.27,36.98,0.47,-1,-1,-1
282,1239,866.34,485.92,57.18,52.50,0.70,-1,-1,-1
282,1100,430.32,294.01,44.45,25.67,0.78,-1,-1,-1
282,1246,912.18,536.47,18.22,38.59,0.76,-1,-1,-1
282,1247,47.91,419.70,18.38,33.95,0.52,-1,-1,-1
282,1248,87.79,368.38,17.82,26.53,0.68,-1,-1,-1
282,1250,769.41,506.74,20.85,33.27,0.72,-1,-1,-1
282,1251,437.51,606.29,33.63,39.98,0.68,-1,-1,-1
282,1252,0.00,359.69,22.26,45.44,0.69,-1,-1,-1
282,1254,75.92,408.67,25.34,31.19,0.52,-1,-1,-1
282,1255,312.06,290.26,21.61,20.45,0.71,-1,-1,-1
282,1260,234.05,609.02,24.03,46.79,0.59,-1,-1,-1
282,1266,1206.20,344.49,55.28,31.88,0.79,-1,-1,-1
282,1269,861.81,376.84,29.76,21.85,0.47,-1,-1,-1
282,1272,904.10,409.32,30.61,22.11,0.69,-1,-1,-1
282,1172,930.69,466.88,39.08,28.84,0.50,-1,-1,-1
282,1140,186.07,650.79,45.87,48.15,0.68,-1,-1,-1
282,1274,310.30,384.32,20.26,20.03,0.56,-1,-1,-1
282,1277,127.64,384.46,18.33,26.83,0.52,-1,-1,-1
282,1278,1154.22,446.10,48.93,32.67,0.73,-1,-1,-1
283,1013,472.07,295.88,41.52,23.14,0.82,-1,-1,-1
283,1060,286.14,286.66,40.71,23.06,0.76,-1,-1,-1
283,1063,254.10,337.78,59.60,39.43,0.81,-1,-1,-1
283,1069,606.24,332.97,67.87,36.81,0.71,-1,-1,-1
283,1072,134.19,290.32,68.66,29.85,0.65,-1,-1,-1
283,1077,659.96,399.16,81.02,38.51,0.88,-1,-1,-1
283,1082,89.78,300.79,32.30,28.24,0.73,-1,-1,-1
283,1091,188.29,514.83,126.27,74.11,0.33,-1,-1,-1
283,1098,485.56,312.53,62.98,24.23,0.76,-1,-1,-1
283,1102,320.71,341.18,32.56,36.64,0.81,-1,-1,-1
283,1110,232.83,335.73,52.59,33.72,0.72,-1,-1,-1
283,1113,375.55,340.56,34.47,35.30,0.84,-1,-1,-1
283,1117,506.24,431.43,89.63,40.36,0.88,-1,-1,-1
283,1122,746.21,311.79,39.82,37.40,0.60,-1,-1,-1
283,1126,547.34,408.45,83.48,36.18,0.79,-1,-1,-1
283,1128,460.97,334.97,35.56,33.48,0.79,-1,-1,-1
283,1108,374.69,456.07,110.55,49.51,0.86,-1,-1,-1
283,1143,363.83,427.50,59.82,33.89,0.25,-1,-1,-1
283,1145,690.59,322.04,36.13,29.36,0.79,-1,-1,-1
283,1147,504.04,333.75,35.27,32.12,0.62,-1,-1,-1
283,1125,47.90,584.00,52.57,80.46,0.66,-1,-1,-1
283,1085,383.06,291.74,35.50,22.84,0.80,-1,-1,-1
283,1183,395.36,660.24,55.86,68.07,0.66,-1,-1,-1
283,1187,549.23,328.93,42.41,35.18,0.73,-1,-1,-1
283,1200,173.29,318.61,90.75,36.09,0.65,-1,-1,-1
283,1213,738.76,412.62,88.24,39.25,0.84,-1,-1,-1
283,1129,405.52,293.02,35.40,23.80,0.73,-1,-1,-1
283,1223,589.19,534.26,46.55,30.16,0.18,-1,-1,-1
283,1228,421.42,340.47,30.67,30.79,0.75,-1,-1,-1
283,1229,206.07,281.46,47.55,25.58,0.61,-1,-1,-1
283,1231,445.03,595.06,21.05,38.95,0.41,-1,-1,-1
283,1234,468.64,588.16,26.78,37.71,0.41,-1,-1,-1
283,1239,869.22,486.03,56.77,52.57,0.66,-1,-1,-1
283,1100,430.76,293.87,44.04,25.48,0.77,-1,-1,-1
283,1246,916.56,536.56,17.78,37.94,0.73,-1,-1,-1
283,1247,49.71,418.95,17.99,33.43,0.53,-1,-1,-1
283,1248,88.68,367.96,18.42,27.53,0.62,-1,-1,-1
283,1250,776.20,505.08,21.29,33.17,0.67,-1,-1,-1
283,1251,441.25,607.38,33.28,39.52,0.75,-1,-1,-1
283,1252,0.00,358.75,22.42,46.93,0.68,-1,-1,-1
283,1254,76.60,408.57,24.34,30.43,0.49,-1,-1,-1
283,1255,312.38,290.10,21.61,20.50,0.65,-1,-1,-1
283,1260,238.22,608.53,21.64,41.76,0.48,-1,-1,-1
283,1266,1203.24,345.53,56.25,31.25,0.77,-1,-1,-1
283,1269,859.10,376.98,29.69,22.12,0.43,-1,-1,-1
283,1272,902.86,409.30,31.45,22.71,0.70,-1,-1,-1
283,1172,937.97,465.29,41.18,30.55,0.52,-1,-1,-1
283,1140,185.33,649.90,45.83,48.23,0.66,-1,-1,-1
283,1274,310.53,383.73,21.03,20.77,0.51,-1,-1,-1
283,1277,129.07,383.93,18.01,26.30,0.51,-1,-1,-1
283,1278,1162.13,444.66,49.50,33.01,0.55,-1,-1,-1
283,1279,111.30,343.82,20.98,30.73,0.58,-1,-1,-1
283,1280,401.45,391.34,30.81,21.90,0.54,-1,-1,-1
283,1259,1100.94,357.40,31.17,19.37,0.53,-1,-1,-1
284,1013,472.39,295.73,41.49,23.10,0.82,-1,-1,-1
284,1060,285.67,286.42,40.75,23.25,0.79,-1,-1,-1
284,1063,254.75,337.98,59.07,39.10,0.84,-1,-1,-1
284,1069,608.12,333.01,68.80,37.18,0.66,-1,-1,-1
284,1072,133.74,290.09,69.18,29.98,0.66,-1,-1,-1
284,1077,661.30,398.74,81.73,38.88,0.86,-1,-1,-1
284,1082,89.17,300.88,32.32,28.03,0.74,-1,-1,-1
284,1091,185.71,514.17,127.65,74.03,0.29,-1,-1,-1
284,1098,486.28,312.60,62.58,24.04,0.74,-1,-1,-1
284,1102,321.31,340.74,32.55,36.83,0.82,-1,-1,-1
284,1110,233.26,335.92,52.02,33.65,0.71,-1,-1,-1
284,1113,376.05,340.62,34.53,35.12,0.83,-1,-1,-1
284,1117,505.14,431.54,90.12,40.64,0.88,-1,-1,-1
284,1122,746.92,310.28,41.06,38.55,0.58,-1,-1,-1
284,1126,550.51,408.57,83.31,36.42,0.80,-1,-1,-1
284,1128,462.01,334.82,35.83,33.55,0.80,-1,-1,-1
284,1108,375.23,457.30,109.60,49.58,0.87,-1,-1,-1
284,1143,364.95,427.35,60.21,34.43,0.38,-1,-1,-1
284,1145,691.40,321.51,36.52,29.61,0.82,-1,-1,-1
284,1147,504.33,333.17,35.93,32.52,0.49,-1,-1,-1
284,1125,50.11,596.65,47.09,73.52,0.71,-1,-1,-1
284,1085,383.42,291.39,36.28,23.10,0.79,-1,-1,-1
284,1183,396.25,662.46,54.53,65.79,0.69,-1,-1,-1
284,1187,550.41,328.79,41.93,34.62,0.79,-1,-1,-1
284,1200,173.08,318.23,92.33,36.55,0.67,-1,-1,-1
284,1213,737.03,413.76,87.72,38.96,0.83,-1,-1,-1
284,1129,406.42,292.77,35.80,23.93,0.74,-1,-1,-1
284,1223,587.93,535.65,46.75,30.14,0.18,-1,-1,-1
284,1228,422.13,340.60,30.62,30.74,0.75,-1,-1,-1
284,1229,205.97,282.23,45.83,24.84,0.57,-1,-1,-1
284,1231,448.21,596.05,20.95,38.69,0.45,-1,-1,-1
284,1234,471.33,587.61,27.41,38.69,0.48,-1,-1,-1
284,1239,874.14,486.19,56.97,52.65,0.60,-1,-1,-1
284,1100,431.19,293.70,43.59,25.23,0.77,-1,-1,-1
284,1246,921.37,536.36,17.27,36.83,0.72,-1,-1,-1
284,1247,51.38,418.05,19.07,36.04,0.53,-1,-1,-1
284,1248,89.44,368.19,19.06,28.51,0.73,-1,-1,-1
284,1250,783.37,505.88,20.69,31.02,0.74,-1,-1,-1
284,1251,444.88,610.04,32.36,38.27,0.79,-1,-1,-1
284,1252,0.00,345.20,25.00,60.29,0.64,-1,-1,-1
284,1254,76.91,407.19,23.78,30.19,0.50,-1,-1,-1
284,1255,312.84,290.29,21.44,20.32,0.60,-1,-1,-1
284,1260,242.97,608.73,20.22,38.24,0.54,-1,-1,-1
284,1266,1200.51,346.13,56.86,30.55,0.78,-1,-1,-1
284,1272,902.11,409.30,30.97,22.31,0.69,-1,-1,-1
284,1172,946.86,464.94,40.55,30.24,0.68,-1,-1,-1
284,1140,185.09,650.26,45.18,47.50,0.65,-1,-1,-1
284,1274,311.28,383.79,21.13,20.90,0.49,-1,-1,-1
284,1277,129.71,383.72,17.71,25.76,0.45,-1,-1,-1
284,1278,1166.48,444.83,48.22,31.99,0.24,-1,-1,-1
284,1279,110.00,342.83,21.47,31.43,0.51,-1,-1,-1
284,1280,406.41,389.92,31.84,22.63,0.49,-1,-1,-1
284,1281,258.92,623.30,38.63,51.75,0.67,-1,-1,-1
284,1282,890.15,307.95,61.77,31.32,0.58,-1,-1,-1
284,1283,32.22,284.38,14.35,22.68,0.64,-1,-1,-1
284,1259,1099.06,358.15,30.47,19.17,0.60,-1,-1,-1
285,1013,472.67,295.54,41.58,23.14,0.82,-1,-1,-1
285,1060,285.53,286.25,40.53,23.28,0.77,-1,-1,-1
285,1063,255.33,338.05,58.94,39.04,0.85,-1,-1,-1
285,1069,610.99,333.43,68.46,36.96,0.67,-1,-1,-1
285,1072,135.11,290.32,68.09,29.44,0.66,-1,-1,-1
285,1077,662.85,398.56,82.50,39.35,0.85,-1,-1,-1
285,1082,88.84,300.85,32.38,27.89,0.73,-1,-1,-1
285,1098,485.08,312.09,63.74,24.75,0.74,-1,-1,-1
285,1102,321.78,340.33,32.82,37.30,0.83,-1,-1,-1
285,1110,234.51,335.58,52.56,34.08,0.62,-1,-1,-1
285,1113,376.60,340.58,34.91,35.27,0.81,-1,-1,-1
285,1117,503.97,431.38,91.20,41.19,0.87,-1,-1,-1
285,1122,752.21,312.43,38.17,36.39,0.48,-1,-1,-1
285,1126,552.40,408.88,82.34,35.95,0.79,-1,-1,-1
285,1128,462.78,334.55,36.43,33.90,0.81,-1,-1,-1
285,1108,374.80,457.63,110.99,50.79,0.87,-1,-1,-1
285,1143,368.30,426.31,62.76,35.84,0.32,-1,-1,-1
285,1145,692.48,322.06,36.15,29.17,0.88,-1,-1,-1
285,1147,504.59,331.72,37.51,33.85,0.63,-1,-1,-1
285,1125,50.71,603.13,44.83,71.66,0.76,-1,-1,-1
285,1085,383.31,291.22,36.77,23.22,0.80,-1,-1,-1
285,1183,398.34,669.15,50.30,59.24,0.64,-1,-1,-1
285,1187,551.12,328.39,42.30,34.82,0.73,-1,-1,-1
285,1200,174.22,318.00,95.12,37.42,0.72,-1,-1,-1
285,1213,735.37,414.47,87.63,38.85,0.86,-1,-1,-1
285,1129,407.33,292.37,36.19,24.04,0.73,-1,-1,-1
285,1223,586.29,536.38,47.13,30.23,0.19,-1,-1,-1
285,1228,423.20,340.69,30.51,30.57,0.75,-1,-1,-1
285,1229,207.19,282.49,45.34,24.51,0.54,-1,-1,-1
285,1231,449.70,597.35,22.18,41.23,0.43,-1,-1,-1
285,1234,474.33,588.70,27.11,38.16,0.40,-1,-1,-1
285,1239,878.58,486.74,56.99,52.58,0.67,-1,-1,-1
285,1100,431.37,293.51,43.48,25.16,0.77,-1,-1,-1
285,1246,925.75,536.04,17.31,36.53,0.68,-1,-1,-1
285,1247,53.05,417.91,18.95,36.30,0.60,-1,-1,-1
285,1248,90.40,368.00,19.62,29.45,0.76,-1,-1,-1
285,1250,789.50,503.15,22.09,32.39,0.71,-1,-1,-1
285,1251,448.48,612.89,31.62,36.92,0.57,-1,-1,-1
285,1254,76.94,405.72,23.22,29.94,0.40,-1,-1,-1
285,1255,313.01,290.14,21.36,20.27,0.70,-1,-1,-1
285,1260,246.25,608.73,20.14,37.77,0.45,-1,-1,-1
285,1266,1195.86,345.97,59.78,31.11,0.68,-1,-1,-1
285,1272,900.98,409.12,31.83,22.90,0.64,-1,-1,-1
285,1172,956.32,465.67,39.15,29.25,0.57,-1,-1,-1
285,1140,183.53,649.31,46.03,48.68,0.59,-1,-1,-1
285,1274,312.65,384.64,20.56,20.29,0.44,-1,-1,-1
285,1277,130.41,383.69,17.53,25.42,0.42,-1,-1,-1
285,1278,1174.16,443.23,49.93,33.09,0.27,-1,-1,-1
285,1279,107.12,341.58,21.76,31.73,0.55,-1,-1,-1
285,1280,413.04,391.20,29.79,21.07,0.52,-1,-1,-1
285,1281,258.53,621.62,41.00,55.03,0.33,-1,-1,-1
285,1282,894.06,307.46,61.27,31.14,0.62,-1,-1,-1
285,1283,31.09,284.22,14.05,22.19,0.62,-1,-1,-1
285,1259,1097.38,357.90,30.73,19.61,0.60,-1,-1,-1
285,1284,783.16,388.64,104.89,38.01,0.69,-1,-1,-1
285,1253,0.00,352.30,19.46,53.63,0.61,-1,-1,-1
286,1013,472.72,295.12,42.26,23.55,0.80,-1,-1,-1
286,1060,285.64,286.09,40.22,23.18,0.76,-1,-1,-1
286,1063,256.39,338.56,58.25,38.62,0.81,-1,-1,-1
286,1069,605.94,331.16,73.26,39.09,0.65,-1,-1,-1
286,1072,134.81,291.16,66.55,28.63,0.68,-1,-1,-1
286,1077,664.31,398.25,83.22,39.77,0.85,-1,-1,-1
286,1082,88.09,301.08,32.27,27.62,0.75,-1,-1,-1
286,1098,485.01,311.79,64.22,25.19,0.75,-1,-1,-1
286,1102,322.38,340.67,32.58,37.12,0.83,-1,-1,-1
286,1110,235.18,335.46,53.27,34.52,0.62,-1,-1,-1
286,1113,377.09,340.46,35.26,35.34,0.82,-1,-1,-1
286,1117,503.27,431.83,91.17,41.17,0.85,-1,-1,-1
286,1122,749.64,311.77,39.38,37.16,0.42,-1,-1,-1
286,1126,554.88,409.24,81.79,35.81,0.79,-1,-1,-1
286,1128,463.30,334.02,37.02,34.33,0.81,-1,-1,-1
286,1108,374.62,458.54,110.55,51.05,0.87,-1,-1,-1
286,1143,369.43,427.60,62.06,35.41,0.41,-1,-1,-1
286,1145,693.19,321.74,36.48,29.37,0.87,-1,-1,-1
286,1147,504.81,331.34,37.85,33.69,0.66,-1,-1,-1
286,1125,49.38,604.98,45.96,75.28,0.75,-1,-1,-1
286,1085,383.12,291.09,37.12,23.28,0.81,-1,-1,-1
286,1183,397.69,670.01,51.07,59.00,0.66,-1,-1,-1
286,1187,551.96,328.42,42.78,35.03,0.74,-1,-1,-1
286,1200,174.25,317.83,97.03,37.90,0.74,-1,-1,-1
286,1213,733.59,415.09,87.32,38.52,0.81,-1,-1,-1
286,1129,407.96,292.20,36.20,23.79,0.75,-1,-1,-1
286,1223,584.45,536.73,46.91,29.83,0.51,-1,-1,-1
286,1228,424.22,340.84,30.73,30.68,0.78,-1,-1,-1
286,1229,202.80,282.43,45.35,24.55,0.59,-1,-1,-1
286,1231,451.53,598.16,23.16,43.02,0.38,-1,-1,-1
286,1234,476.52,589.82,27.53,38.40,0.36,-1,-1,-1
286,1239,881.34,487.10,56.84,52.76,0.67,-1,-1,-1
286,1100,431.98,293.48,42.92,24.80,0.75,-1,-1,-1
286,1246,930.56,536.76,17.07,35.61,0.68,-1,-1,-1
286,1247,54.17,417.66,18.37,35.40,0.59,-1,-1,-1
286,1248,91.41,368.83,20.48,31.00,0.70,-1,-1,-1
286,1250,796.76,502.46,22.09,31.57,0.66,-1,-1,-1
286,1251,449.60,610.73,34.69,40.69,0.57,-1,-1,-1
286,1254,77.14,404.94,22.71,29.63,0.62,-1,-1,-1
286,1255,312.62,289.53,21.88,20.86,0.66,-1,-1,-1
286,1260,249.50,609.31,19.64,36.42,0.61,-1,-1,-1
286,1266,1200.97,347.96,55.44,28.37,0.63,-1,-1,-1
286,1272,899.46,409.75,32.70,23.53,0.61,-1,-1,-1
286,1172,965.48,466.25,38.22,28.56,0.63,-1,-1,-1
286,1140,181.49,647.73,47.07,50.18,0.57,-1,-1,-1
286,1274,312.60,384.74,21.18,20.80,0.33,-1,-1,-1
286,1277,129.81,381.09,18.31,26.72,0.54,-1,-1,-1
286,1279,105.81,341.31,21.51,31.22,0.59,-1,-1,-1
286,1280,418.06,390.90,30.27,21.37,0.34,-1,-1,-1
286,1281,257.05,620.76,41.69,56.54,0.52,-1,-1,-1
286,1282,898.01,307.33,61.54,31.52,0.16,-1,-1,-1
286,1283,28.95,283.07,14.56,22.98,0.58,-1,-1,-1
286,1259,1095.86,359.06,29.29,18.75,0.70,-1,-1,-1
286,1284,787.77,389.14,103.48,37.54,0.81,-1,-1,-1
286,1286,402.81,361.88,13.73,29.81,0.63,-1,-1,-1
286,1253,0.00,342.07,20.77,64.36,0.61,-1,-1,-1
287,1013,473.08,294.91,42.42,23.64,0.80,-1,-1,-1
287,1060,286.08,286.09,40.27,23.22,0.76,-1,-1,-1
287,1063,256.04,338.42,59.01,39.18,0.82,-1,-1,-1
287,1069,611.08,332.56,70.70,37.64,0.72,-1,-1,-1
287,1072,134.60,290.91,67.52,28.92,0.71,-1,-1,-1
287,1077,666.40,398.41,82.98,39.72,0.87,-1,-1,-1
287,1082,86.72,300.84,32.73,27.90,0.75,-1,-1,-1
287,1098,485.39,311.52,64.54,25.55,0.74,-1,-1,-1
287,1102,323.10,340.85,32.35,36.88,0.82,-1,-1,-1
287,1110,235.04,335.17,53.90,34.97,0.62,-1,-1,-1
287,1113,377.67,340.28,35.51,35.41,0.81,-1,-1,-1
287,1117,502.20,432.68,91.07,41.10,0.85,-1,-1,-1
287,1122,749.65,310.31,40.77,38.19,0.51,-1,-1,-1
287,1126,555.45,409.11,83.02,36.42,0.80,-1,-1,-1
287,1128,464.00,334.22,37.15,34.31,0.81,-1,-1,-1
287,1108,374.78,459.92,108.82,50.56,0.86,-1,-1,-1
287,1143,368.92,426.34,64.35,36.95,0.44,-1,-1,-1
287,1145,694.52,321.50,36.66,29.55,0.83,-1,-1,-1
287,1147,506.19,332.16,37.78,33.41,0.60,-1,-1,-1
287,1125,49.49,614.16,42.41,70.50,0.37,-1,-1,-1
287,1085,382.89,290.99,37.48,23.37,0.80,-1,-1,-1
287,1183,396.24,667.02,54.48,62.27,0.64,-1,-1,-1
287,1187,552.92,328.34,42.90,35.01,0.77,-1,-1,-1
287,1200,173.61,317.75,98.52,38.26,0.76,-1,-1,-1
287,1213,731.68,415.12,87.91,38.84,0.84,-1,-1,-1
287,1129,408.62,292.06,36.47,23.71,0.75,-1,-1,-1
287,1223,583.94,538.44,45.48,28.60,0.36,-1,-1,-1
287,1228,424.83,340.98,31.06,30.91,0.76,-1,-1,-1
287,1229,201.15,281.70,46.58,25.25,0.57,-1,-1,-1
287,1231,455.65,599.43,24.32,44.55,0.42,-1,-1,-1
287,1234,478.65,590.74,27.84,38.44,0.47,-1,-1,-1
287,1239,885.38,487.54,57.71,53.20,0.68,-1,-1,-1
287,1100,432.67,293.51,42.38,24.45,0.74,-1,-1,-1
287,1246,935.16,537.06,17.78,36.81,0.75,-1,-1,-1
287,1247,54.61,417.22,18.08,35.04,0.56,-1,-1,-1
287,1248,92.17,369.11,20.81,31.78,0.59,-1,-1,-1
287,1250,803.99,501.82,22.26,30.85,0.65,-1,-1,-1
287,1251,450.06,606.67,38.86,46.46,0.59,-1,-1,-1
287,1254,76.78,403.93,22.43,29.70,0.50,-1,-1,-1
287,1255,312.39,289.23,22.12,21.14,0.58,-1,-1,-1
287,1260,251.16,610.04,19.78,36.22,0.54,-1,-1,-1
287,1266,1200.87,348.65,54.43,27.33,0.59,-1,-1,-1
287,1272,898.62,409.58,33.35,24.07,0.56,-1,-1,-1
287,1172,973.29,461.35,37.55,29.90,0.59,-1,-1,-1
287,1140,180.09,648.69,46.14,49.28,0.50,-1,-1,-1
287,1274,312.45,384.71,21.63,21.15,0.28,-1,-1,-1
287,1277,129.83,380.01,18.31,26.87,0.53,-1,-1,-1
287,1279,104.59,340.79,21.50,31.09,0.61,-1,-1,-1
287,1280,422.97,390.04,30.91,21.78,0.32,-1,-1,-1
287,1281,262.44,622.89,41.50,56.41,0.50,-1,-1,-1
287,1282,897.13,307.29,63.12,32.57,0.16,-1,-1,-1
287,1283,27.59,282.16,14.56,22.92,0.56,-1,-1,-1
287,1259,1094.47,359.82,28.32,18.13,0.69,-1,-1,-1
287,1284,785.10,387.63,109.77,39.91,0.82,-1,-1,-1
287,1286,403.66,362.66,13.51,29.33,0.63,-1,-1,-1
287,1253,0.00,350.32,19.28,56.71,0.61,-1,-1,-1
287,1287,49.64,311.32,18.48,23.12,0.54,-1,-1,-1
288,1013,473.64,294.79,42.53,23.72,0.78,-1,-1,-1
288,1060,286.40,286.14,39.63,22.84,0.75,-1,-1,-1
288,1063,256.26,337.93,59.56,39.71,0.85,-1,-1,-1
288,1069,614.99,335.98,65.12,34.24,0.64,-1,-1,-1
288,1072,134.93,291.05,67.40,28.71,0.69,-1,-1,-1
288,1077,668.90,398.85,82.77,39.66,0.87,-1,-1,-1
288,1082,86.35,300.82,32.62,27.69,0.75,-1,-1,-1
288,1098,486.95,311.62,63.91,25.42,0.74,-1,-1,-1
288,1102,323.35,341.07,32.10,36.67,0.83,-1,-1,-1
288,1110,233.03,335.76,51.77,34.00,0.61,-1,-1,-1
288,1113,378.49,339.94,36.12,35.82,0.82,-1,-1,-1
288,1117,500.82,433.15,91.95,41.49,0.85,-1,-1,-1
288,1122,751.02,309.53,41.41,38.69,0.45,-1,-1,-1
288,1126,555.99,409.11,84.36,37.04,0.78,-1,-1,-1
288,1128,464.67,334.20,37.32,34.39,0.82,-1,-1,-1
288,1108,375.13,461.45,107.23,50.16,0.85,-1,-1,-1
288,1143,373.02,426.57,66.59,37.58,0.49,-1,-1,-1
288,1145,695.98,322.25,35.93,28.79,0.81,-1,-1,-1
288,1147,507.62,333.10,37.34,32.84,0.64,-1,-1,-1
288,1125,48.15,618.43,43.63,73.34,0.67,-1,-1,-1
288,1085,383.32,290.84,37.94,23.46,0.78,-1,-1,-1
288,1183,397.73,670.98,53.17,58.97,0.61,-1,-1,-1
288,1187,553.87,328.59,42.96,34.91,0.75,-1,-1,-1
288,1200,173.40,317.84,99.81,38.55,0.75,-1,-1,-1
288,1213,730.97,415.44,87.85,38.85,0.83,-1,-1,-1
288,1129,409.17,291.74,37.22,23.88,0.70,-1,-1,-1
288,1223,581.79,540.28,45.56,28.61,0.36,-1,-1,-1
288,1228,425.29,340.94,31.62,31.43,0.80,-1,-1,-1
288,1229,201.13,282.42,45.26,24.54,0.57,-1,-1,-1
288,1231,457.63,601.73,25.83,46.66,0.42,-1,-1,-1
288,1234,479.22,591.40,28.88,39.20,0.53,-1,-1,-1
288,1239,887.49,488.29,58.11,53.73,0.68,-1,-1,-1
288,1100,431.40,292.98,43.58,24.97,0.73,-1,-1,-1
288,1246,939.87,537.57,18.38,38.01,0.73,-1,-1,-1
288,1247,54.04,417.02,19.82,39.04,0.56,-1,-1,-1
288,1248,93.38,369.89,20.87,32.22,0.61,-1,-1,-1
288,1250,811.21,500.62,22.79,30.73,0.54,-1,-1,-1
288,1251,452.11,606.79,39.95,48.48,0.53,-1,-1,-1
288,1254,76.33,403.00,22.12,29.75,0.55,-1,-1,-1
288,1255,312.74,289.07,22.15,21.22,0.58,-1,-1,-1
288,1260,253.51,611.79,19.78,35.65,0.43,-1,-1,-1
288,1266,1198.40,350.21,53.87,26.57,0.58,-1,-1,-1
288,1272,897.89,405.41,35.03,26.38,0.52,-1,-1,-1
288,1172,981.85,461.38,39.79,31.72,0.55,-1,-1,-1
288,1140,177.70,648.99,46.33,49.71,0.56,-1,-1,-1
288,1274,312.79,385.40,21.51,20.79,0.21,-1,-1,-1
288,1277,129.95,379.47,18.24,26.86,0.61,-1,-1,-1
288,1279,103.33,340.11,21.22,30.58,0.58,-1,-1,-1
288,1280,428.24,390.66,29.92,20.81,0.15,-1,-1,-1
288,1281,266.31,625.43,40.06,54.43,0.50,-1,-1,-1
288,1282,897.89,306.42,65.80,34.34,0.12,-1,-1,-1
288,1283,26.30,281.05,14.83,23.28,0.45,-1,-1,-1
288,1259,1092.78,360.57,27.81,17.72,0.59,-1,-1,-1
288,1284,788.61,388.08,108.52,39.52,0.80,-1,-1,-1
288,1286,405.28,364.50,12.75,27.72,0.56,-1,-1,-1
288,1253,0.00,346.02,19.48,60.80,0.66,-1,-1,-1
288,1287,49.26,311.35,17.85,22.36,0.60,-1,-1,-1
288,1288,184.32,645.67,23.02,38.69,0.58,-1,-1,-1
289,1013,473.70,294.63,43.56,24.41,0.79,-1,-1,-1
289,1060,286.52,286.25,39.75,22.87,0.76,-1,-1,-1
289,1063,257.51,338.73,58.48,39.06,0.82,-1,-1,-1
289,1069,615.76,337.50,63.41,33.08,0.62,-1,-1,-1
289,1072,134.36,291.01,68.05,28.84,0.67,-1,-1,-1
289,1077,671.75,399.46,82.37,39.49,0.89,-1,-1,-1
289,1082,86.27,300.85,32.77,27.72,0.78,-1,-1,-1
289,1098,487.72,311.37,64.00,25.65,0.74,-1,-1,-1
289,1102,323.90,341.62,32.27,36.86,0.81,-1,-1,-1
289,1110,232.66,335.91,51.29,34.06,0.67,-1,-1,-1
289,1113,379.03,340.07,36.31,35.83,0.80,-1,-1,-1
289,1117,497.90,433.34,95.28,43.16,0.85,-1,-1,-1
289,1122,752.44,309.60,42.12,39.05,0.42,-1,-1,-1
289,1126,557.45,409.83,84.58,37.23,0.80,-1,-1,-1
289,1128,465.24,334.62,37.27,34.17,0.81,-1,-1,-1
289,1108,373.80,461.07,110.78,52.35,0.83,-1,-1,-1
289,1143,374.55,426.64,69.91,38.97,0.67,-1,-1,-1
289,1145,697.35,322.62,35.89,28.55,0.81,-1,-1,-1
289,1147,507.94,332.35,38.28,33.67,0.68,-1,-1,-1
289,1125,46.46,621.99,44.78,76.48,0.48,-1,-1,-1
289,1085,383.08,290.68,38.42,23.67,0.79,-1,-1,-1
289,1183,397.80,675.26,51.93,56.36,0.20,-1,-1,-1
289,1187,554.91,328.78,43.12,34.88,0.73,-1,-1,-1
289,1200,173.14,318.05,100.27,38.51,0.71,-1,-1,-1
289,1213,727.70,416.43,87.47,38.54,0.85,-1,-1,-1
289,1129,409.08,291.67,37.95,24.22,0.68,-1,-1,-1
289,1223,579.56,541.85,47.18,29.77,0.27,-1,-1,-1
289,1228,426.20,340.91,32.09,31.78,0.78,-1,-1,-1
289,1229,200.66,282.82,44.47,24.14,0.58,-1,-1,-1
289,1231,460.31,602.96,26.72,48.16,0.43,-1,-1,-1
289,1234,481.23,591.87,30.34,41.00,0.48,-1,-1,-1
289,1239,891.28,488.85,58.45,54.49,0.76,-1,-1,-1
289,1100,430.29,292.78,44.97,25.57,0.75,-1,-1,-1
289,1246,945.19,537.89,18.26,37.85,0.66,-1,-1,-1
289,1247,55.31,417.20,18.13,35.48,0.60,-1,-1,-1
289,1248,94.99,371.19,20.28,31.40,0.66,-1,-1,-1
289,1250,818.93,500.94,22.45,29.34,0.65,-1,-1,-1
289,1251,455.67,610.52,38.04,46.42,0.65,-1,-1,-1
289,1254,75.59,401.55,21.63,29.45,0.56,-1,-1,-1
289,1255,312.70,289.10,22.13,21.19,0.63,-1,-1,-1
289,1260,254.70,612.96,23.98,43.97,0.56,-1,-1,-1
289,1266,1187.08,349.87,59.29,28.27,0.55,-1,-1,-1
289,1272,897.76,409.54,31.80,23.86,0.51,-1,-1,-1
289,1172,990.67,459.24,38.66,32.81,0.61,-1,-1,-1
289,1140,175.41,650.52,47.03,50.45,0.40,-1,-1,-1
289,1274,314.47,387.10,21.44,20.72,0.13,-1,-1,-1
289,1277,130.49,379.17,18.03,26.78,0.65,-1,-1,-1
289,1279,101.52,339.91,21.38,30.65,0.25,-1,-1,-1
289,1280,432.87,390.11,31.06,21.46,0.18,-1,-1,-1
289,1281,269.19,623.92,39.68,53.90,0.34,-1,-1,-1
289,1282,899.90,306.64,63.41,33.46,0.45,-1,-1,-1
289,1283,25.15,280.75,14.73,23.09,0.39,-1,-1,-1
289,1259,1090.14,360.59,29.28,18.75,0.51,-1,-1,-1
289,1284,785.70,388.10,113.31,41.43,0.77,-1,-1,-1
289,1286,406.18,364.66,12.81,27.84,0.57,-1,-1,-1
289,1253,0.00,351.72,18.27,55.61,0.66,-1,-1,-1
289,1287,48.40,310.65,18.01,22.61,0.48,-1,-1,-1
289,1288,183.92,645.83,23.13,38.91,0.67,-1,-1,-1
289,1091,158.18,511.02,139.15,76.97,0.66,-1,-1,-1
290,1013,474.06,294.44,43.82,24.68,0.78,-1,-1,-1
290,1060,287.13,286.29,40.07,22.95,0.79,-1,-1,-1
290,1063,258.23,338.84,58.40,39.11,0.85,-1,-1,-1
290,1069,615.00,336.38,65.45,34.12,0.53,-1,-1,-1
290,1072,134.09,291.22,67.82,28.61,0.66,-1,-1,-1
290,1077,673.17,400.43,82.74,39.74,0.89,-1,-1,-1
290,1082,85.28,301.30,32.82,27.63,0.79,-1,-1,-1
290,1098,488.77,311.42,64.24,25.85,0.76,-1,-1,-1
290,1102,324.46,341.81,32.53,37.28,0.81,-1,-1,-1
290,1110,234.65,335.68,51.75,34.45,0.74,-1,-1,-1
290,1113,379.27,340.47,36.66,36.06,0.80,-1,-1,-1
290,1117,495.84,433.61,97.85,44.55,0.85,-1,-1,-1
290,1122,753.41,310.35,42.35,38.73,0.46,-1,-1,-1
290,1126,559.92,410.81,84.10,37.11,0.81,-1,-1,-1
290,1128,465.65,334.67,37.64,34.38,0.84,-1,-1,-1
290,1108,376.30,465.00,104.56,49.44,0.90,-1,-1,-1
290,1143,374.81,426.41,72.75,40.16,0.74,-1,-1,-1
290,1145,698.69,322.60,36.31,28.70,0.76,-1,-1,-1
290,1147,508.24,331.63,38.98,34.34,0.71,-1,-1,-1
290,1125,47.03,634.46,41.97,72.15,0.56,-1,-1,-1
290,1085,382.83,290.64,38.62,23.81,0.80,-1,-1,-1
290,1183,393.28,667.26,60.22,65.19,0.55,-1,-1,-1
290,1187,555.62,328.82,43.08,34.71,0.73,-1,-1,-1
290,1200,172.07,318.73,98.75,37.72,0.65,-1,-1,-1
290,1213,723.76,417.63,89.14,39.14,0.86,-1,-1,-1
290,1129,409.59,291.48,38.70,24.58,0.58,-1,-1,-1
290,1223,577.02,542.68,49.09,31.03,0.42,-1,-1,-1
290,1228,426.98,340.69,32.68,32.29,0.78,-1,-1,-1
290,1229,202.92,281.18,47.55,25.70,0.57,-1,-1,-1
290,1231,463.55,604.91,25.14,45.30,0.39,-1,-1,-1
290,1234,484.73,595.29,29.47,39.50,0.48,-1,-1,-1
290,1239,894.59,489.38,58.33,54.56,0.66,-1,-1,-1
290,1100,428.23,292.53,46.52,26.02,0.73,-1,-1,-1
290,1246,950.37,539.48,18.43,38.47,0.70,-1,-1,-1
290,1247,57.04,416.87,17.83,34.49,0.57,-1,-1,-1
290,1248,96.64,373.66,19.20,29.80,0.60,-1,-1,-1
290,1250,826.88,499.52,23.38,29.79,0.48,-1,-1,-1
290,1251,458.92,613.47,36.77,45.09,0.65,-1,-1,-1
290,1254,75.34,400.22,21.62,29.75,0.60,-1,-1,-1
290,1255,312.82,289.21,22.06,21.16,0.65,-1,-1,-1
290,1260,256.24,614.89,24.99,46.48,0.58,-1,-1,-1
290,1266,1179.53,349.21,65.32,30.39,0.66,-1,-1,-1
290,1272,896.47,408.47,33.55,25.47,0.33,-1,-1,-1
290,1172,999.63,459.68,40.39,34.15,0.35,-1,-1,-1
290,1140,173.75,650.96,47.05,50.59,0.58,-1,-1,-1
290,1274,312.95,388.83,24.52,23.77,0.28,-1,-1,-1
290,1277,130.72,378.58,17.98,27.07,0.66,-1,-1,-1
290,1279,99.75,339.04,21.82,31.39,0.55,-1,-1,-1
290,1280,438.48,390.26,30.87,21.25,0.19,-1,-1,-1
290,1281,274.66,625.51,37.06,50.51,0.21,-1,-1,-1
290,1282,901.57,306.64,64.00,34.21,0.15,-1,-1,-1
290,1283,23.77,280.31,14.17,22.25,0.49,-1,-1,-1
290,1259,1087.99,360.31,31.22,20.16,0.54,-1,-1,-1
290,1284,786.43,389.19,111.23,40.79,0.72,-1,-1,-1
290,1286,407.07,365.11,12.68,27.55,0.59,-1,-1,-1
290,1253,0.00,353.41,17.59,54.94,0.66,-1,-1,-1
290,1287,47.69,310.38,18.05,22.77,0.25,-1,-1,-1
290,1288,180.21,646.19,22.62,38.10,0.57,-1,-1,-1
290,1290,254.84,496.84,17.66,24.08,0.59,-1,-1,-1
290,1091,151.93,511.60,144.82,77.03,0.54,-1,-1,-1
291,1013,474.42,294.59,43.89,24.84,0.80,-1,-1,-1
291,1060,286.57,286.16,40.35,23.21,0.80,-1,-1,-1
291,1063,257.17,338.59,59.71,40.12,0.84,-1,-1,-1
291,1069,613.22,334.45,69.86,36.91,0.67,-1,-1,-1
291,1072,132.45,291.38,68.71,28.75,0.67,-1,-1,-1
291,1077,674.27,400.69,83.45,40.17,0.89,-1,-1,-1
291,1082,85.18,301.14,33.00,27.68,0.76,-1,-1,-1
291,1098,489.38,311.62,64.48,26.05,0.74,-1,-1,-1
291,1102,324.86,342.23,32.73,37.62,0.78,-1,-1,-1
291,1110,235.77,335.70,51.71,34.47,0.70,-1,-1,-1
291,1113,379.80,340.89,36.93,36.23,0.80,-1,-1,-1
291,1117,493.41,433.86,100.46,46.05,0.84,-1,-1,-1
291,1122,755.13,310.90,43.18,39.05,0.59,-1,-1,-1
291,1126,560.03,411.15,86.20,38.20,0.82,-1,-1,-1
291,1128,466.16,334.99,38.02,34.68,0.81,-1,-1,-1
291,1108,377.53,468.38,101.22,47.76,0.89,-1,-1,-1
291,1143,374.26,426.74,74.99,41.24,0.76,-1,-1,-1
291,1145,699.69,322.31,37.23,29.39,0.82,-1,-1,-1
291,1147,509.95,332.94,37.89,33.24,0.77,-1,-1,-1
291,1125,51.42,642.69,37.41,65.54,0.52,-1,-1,-1
291,1085,382.68,290.77,38.46,23.78,0.81,-1,-1,-1
291,1183,393.95,670.79,59.59,63.44,0.36,-1,-1,-1
291,1187,556.54,329.15,43.84,35.18,0.68,-1,-1,-1
291,1200,171.21,319.03,98.54,37.46,0.64,-1,-1,-1
291,1213,721.75,419.33,89.06,38.87,0.86,-1,-1,-1
291,1129,408.26,291.92,38.69,24.80,0.62,-1,-1,-1
291,1223,574.79,543.87,50.29,31.85,0.32,-1,-1,-1
291,1228,427.53,340.80,32.83,32.45,0.82,-1,-1,-1
291,1229,204.32,281.23,47.92,25.79,0.57,-1,-1,-1
291,1231,467.02,607.47,23.37,42.11,0.45,-1,-1,-1
291,1234,486.74,597.64,29.45,38.96,0.50,-1,-1,-1
291,1239,897.69,491.04,57.07,53.84,0.83,-1,-1,-1
291,1100,428.31,292.66,47.29,26.16,0.73,-1,-1,-1
291,1246,955.54,541.96,18.02,37.68,0.66,-1,-1,-1
291,1247,59.26,416.84,17.42,33.46,0.56,-1,-1,-1
291,1248,97.40,375.38,18.88,29.24,0.61,-1,-1,-1
291,1250,835.04,499.02,23.83,29.66,0.64,-1,-1,-1
291,1251,463.49,620.75,33.20,40.25,0.71,-1,-1,-1
291,1254,74.74,399.58,21.13,29.34,0.46,-1,-1,-1
291,1255,313.25,289.84,21.70,20.74,0.64,-1,-1,-1
291,1260,259.39,615.90,24.75,46.46,0.62,-1,-1,-1
291,1266,1173.70,349.14,70.55,32.42,0.55,-1,-1,-1
291,1272,897.63,413.21,30.03,22.38,0.54,-1,-1,-1
291,1172,1008.55,460.58,40.45,34.19,0.20,-1,-1,-1
291,1140,171.65,652.74,45.29,48.63,0.53,-1,-1,-1
291,1274,310.53,386.96,26.39,26.45,0.51,-1,-1,-1
291,1277,131.03,378.13,17.88,27.32,0.66,-1,-1,-1
291,1279,98.57,338.62,22.07,31.67,0.51,-1,-1,-1
291,1280,442.94,389.25,32.33,22.25,0.55,-1,-1,-1
291,1281,278.34,627.40,35.11,47.87,0.41,-1,-1,-1
291,1282,902.51,307.10,62.05,33.60,0.54,-1,-1,-1
291,1283,22.51,279.77,13.95,21.93,0.47,-1,-1,-1
291,1259,1086.75,360.99,31.35,20.38,0.68,-1,-1,-1
291,1284,789.38,390.60,110.06,40.39,0.65,-1,-1,-1
291,1286,407.58,364.89,13.02,28.23,0.57,-1,-1,-1
291,1253,0.00,352.29,17.53,56.58,0.62,-1,-1,-1
291,1287,46.39,309.86,18.36,23.27,0.47,-1,-1,-1
291,1288,177.82,646.98,21.88,36.87,0.54,-1,-1,-1
291,1290,255.68,498.80,17.00,23.09,0.65,-1,-1,-1
291,1091,148.52,512.89,148.50,76.54,0.67,-1,-1,-1
291,1269,841.80,371.37,32.30,26.16,0.53,-1,-1,-1
292,1013,475.00,294.90,43.90,25.01,0.80,-1,-1,-1
292,1060,285.95,286.09,40.66,23.54,0.80,-1,-1,-1
292,1063,258.41,339.50,58.62,39.45,0.84,-1,-1,-1
292,1069,614.45,334.57,69.95,37.27,0.68,-1,-1,-1
292,1072,132.59,291.62,69.20,28.87,0.67,-1,-1,-1
292,1077,675.75,401.09,84.20,40.63,0.87,-1,-1,-1
292,1082,84.89,300.92,33.38,27.97,0.75,-1,-1,-1
292,1098,489.90,312.10,64.63,26.22,0.71,-1,-1,-1
292,1102,325.48,342.40,32.75,37.80,0.79,-1,-1,-1
292,1110,236.36,335.69,51.91,34.64,0.72,-1,-1,-1
292,1113,379.95,341.40,37.28,36.66,0.81,-1,-1,-1
292,1117,492.03,434.80,101.04,46.63,0.83,-1,-1,-1
292,1122,756.92,311.96,43.25,38.62,0.53,-1,-1,-1
292,1126,560.19,411.66,88.90,39.69,0.83,-1,-1,-1
292,1128,467.06,335.37,38.08,34.74,0.82,-1,-1,-1
292,1108,376.77,470.84,102.19,48.30,0.88,-1,-1,-1
292,1143,374.71,427.77,74.78,40.95,0.68,-1,-1,-1
292,1145,699.90,321.45,38.93,30.90,0.74,-1,-1,-1
292,1147,510.84,333.41,38.34,33.57,0.81,-1,-1,-1
292,1125,52.53,651.74,34.03,60.32,0.58,-1,-1,-1
292,1085,382.83,291.03,38.18,23.67,0.80,-1,-1,-1
292,1183,394.65,678.09,54.38,56.90,0.14,-1,-1,-1
292,1187,557.31,329.52,44.68,35.76,0.64,-1,-1,-1
292,1200,170.06,318.94,99.75,37.87,0.66,-1,-1,-1
292,1213,719.29,420.89,89.69,39.15,0.85,-1,-1,-1
292,1129,408.26,292.08,38.48,24.89,0.69,-1,-1,-1
292,1223,569.75,543.42,51.68,34.71,0.51,-1,-1,-1
292,1228,428.08,341.14,32.96,32.59,0.78,-1,-1,-1
292,1229,204.39,281.63,47.93,25.62,0.57,-1,-1,-1
292,1231,468.03,610.16,23.76,42.59,0.45,-1,-1,-1
292,1234,487.14,602.13,29.66,37.94,0.51,-1,-1,-1
292,1239,904.07,492.80,57.85,54.22,0.69,-1,-1,-1
292,1100,430.80,293.11,47.24,26.06,0.68,-1,-1,-1
292,1246,960.23,544.35,18.10,37.81,0.75,-1,-1,-1
292,1247,60.96,417.06,17.23,32.75,0.59,-1,-1,-1
292,1248,98.37,377.15,18.74,28.87,0.57,-1,-1,-1
292,1250,843.08,499.42,23.71,28.65,0.42,-1,-1,-1
292,1251,465.58,622.34,33.91,41.03,0.79,-1,-1,-1
292,1254,73.79,399.05,21.58,30.17,0.48,-1,-1,-1
292,1255,313.78,290.08,21.67,20.60,0.75,-1,-1,-1
292,1260,261.08,617.40,24.95,47.34,0.68,-1,-1,-1
292,1266,1170.07,349.52,73.08,33.23,0.67,-1,-1,-1
292,1272,897.76,414.04,30.74,22.56,0.66,-1,-1,-1
292,1172,1016.35,459.53,41.82,35.57,0.15,-1,-1,-1
292,1140,169.72,656.11,43.26,46.04,0.51,-1,-1,-1
292,1274,313.89,389.89,25.41,25.53,0.45,-1,-1,-1
292,1277,131.12,377.82,17.75,27.46,0.64,-1,-1,-1
292,1279,97.62,338.50,21.81,31.12,0.67,-1,-1,-1
292,1280,448.49,390.64,31.15,21.32,0.62,-1,-1,-1
292,1281,281.01,629.54,36.52,49.92,0.24,-1,-1,-1
292,1282,903.03,306.60,64.76,35.50,0.14,-1,-1,-1
292,1283,21.08,279.47,13.84,21.63,0.48,-1,-1,-1
292,1259,1085.55,361.85,31.04,20.33,0.69,-1,-1,-1
292,1284,790.31,390.95,111.92,41.15,0.72,-1,-1,-1
292,1286,408.18,365.61,13.20,28.54,0.55,-1,-1,-1
292,1253,0.00,353.44,17.22,56.11,0.62,-1,-1,-1
292,1287,45.99,309.55,18.12,23.05,0.35,-1,-1,-1
292,1288,174.67,648.50,21.38,35.35,0.44,-1,-1,-1
292,1290,256.30,499.95,16.48,22.24,0.64,-1,-1,-1
292,1091,149.39,514.55,150.18,75.78,0.59,-1,-1,-1
292,1292,1234.38,441.69,71.31,37.06,0.52,-1,-1,-1
293,1013,477.06,295.39,42.38,24.19,0.81,-1,-1,-1
293,1060,285.72,286.23,40.52,23.60,0.78,-1,-1,-1
293,1063,259.39,340.31,58.16,39.22,0.87,-1,-1,-1
293,1069,611.70,333.65,71.15,37.84,0.54,-1,-1,-1
293,1072,132.18,291.85,70.00,29.18,0.72,-1,-1,-1
293,1077,677.96,401.65,84.31,40.75,0.87,-1,-1,-1
293,1082,84.66,300.94,33.79,28.28,0.73,-1,-1,-1
293,1098,492.98,312.28,63.80,25.87,0.75,-1,-1,-1
293,1102,326.08,342.97,32.72,37.89,0.78,-1,-1,-1
293,1110,235.11,336.36,52.56,35.25,0.68,-1,-1,-1
293,1113,380.61,342.02,37.24,36.71,0.82,-1,-1,-1
293,1117,491.04,436.35,100.50,46.67,0.83,-1,-1,-1
293,1122,758.03,311.34,44.34,39.39,0.53,-1,-1,-1
293,1126,562.14,412.69,89.05,40.02,0.83,-1,-1,-1
293,1128,468.32,335.68,38.51,35.11,0.82,-1,-1,-1
293,1108,373.87,471.82,106.24,50.51,0.87,-1,-1,-1
293,1143,373.42,428.77,74.61,40.92,0.74,-1,-1,-1
293,1145,701.32,322.06,39.55,31.50,0.72,-1,-1,-1
293,1147,511.06,332.70,39.52,34.60,0.82,-1,-1,-1
293,1125,52.30,660.48,33.98,61.34,0.45,-1,-1,-1
293,1085,383.78,291.30,38.29,23.73,0.78,-1,-1,-1
293,1183,393.53,682.03,52.84,54.39,0.64,-1,-1,-1
293,1187,558.24,329.63,45.54,36.53,0.63,-1,-1,-1
293,1200,170.26,319.05,101.83,38.66,0.68,-1,-1,-1
293,1213,718.21,422.14,89.81,39.19,0.90,-1,-1,-1
293,1129,408.58,292.17,38.48,25.12,0.73,-1,-1,-1
293,1223,568.99,545.20,52.31,35.50,0.29,-1,-1,-1
293,1228,428.62,341.58,32.71,32.41,0.78,-1,-1,-1
293,1229,204.30,281.08,49.46,26.40,0.53,-1,-1,-1
293,1231,470.67,612.10,24.57,43.84,0.38,-1,-1,-1
293,1234,491.71,605.46,29.36,37.18,0.44,-1,-1,-1
293,1239,910.29,494.26,58.61,54.10,0.85,-1,-1,-1
293,1100,433.84,293.95,45.77,25.22,0.72,-1,-1,-1
293,1246,964.92,545.39,18.46,38.44,0.72,-1,-1,-1
293,1247,62.62,418.11,16.69,31.15,0.61,-1,-1,-1
293,1248,99.15,377.82,19.16,29.53,0.67,-1,-1,-1
293,1250,851.66,498.76,24.56,29.01,0.56,-1,-1,-1
293,1251,467.65,624.14,34.58,41.86,0.78,-1,-1,-1
293,1254,72.99,398.80,21.34,30.12,0.52,-1,-1,-1
293,1255,314.08,290.56,21.66,20.48,0.77,-1,-1,-1
293,1260,262.83,619.19,24.44,46.90,0.53,-1,-1,-1
293,1266,1166.16,349.80,76.66,34.56,0.69,-1,-1,-1
293,1272,896.39,416.25,31.17,22.78,0.49,-1,-1,-1
293,1140,168.07,659.90,40.90,42.72,0.68,-1,-1,-1
293,1274,315.45,389.53,26.14,26.71,0.37,-1,-1,-1
293,1277,131.26,377.67,17.48,27.36,0.64,-1,-1,-1
293,1279,96.66,338.38,21.70,30.85,0.67,-1,-1,-1
293,1280,453.11,390.60,31.87,21.78,0.58,-1,-1,-1
293,1281,283.45,630.32,34.82,47.21,0.22,-1,-1,-1
293,1282,905.80,307.01,62.96,34.90,0.11,-1,-1,-1
293,1283,19.63,278.21,14.00,21.84,0.26,-1,-1,-1
293,1259,1085.12,363.72,30.30,20.02,0.63,-1,-1,-1
293,1284,792.01,391.86,113.23,41.69,0.75,-1,-1,-1
293,1286,408.91,365.26,13.91,29.84,0.66,-1,-1,-1
293,1253,0.00,353.48,16.75,56.49,0.62,-1,-1,-1
293,1287,44.72,308.14,18.47,23.53,0.29,-1,-1,-1
293,1288,171.04,649.21,21.95,35.76,0.48,-1,-1,-1
293,1290,256.32,499.64,17.13,23.00,0.63,-1,-1,-1
293,1091,154.34,517.54,149.40,74.94,0.41,-1,-1,-1
293,1292,1242.84,441.96,71.42,37.13,0.52,-1,-1,-1
294,1013,478.62,296.04,41.95,23.91,0.82,-1,-1,-1
294,1060,285.96,286.40,40.04,23.46,0.79,-1,-1,-1
294,1063,259.75,340.95,58.03,39.20,0.86,-1,-1,-1
294,1069,616.73,335.66,68.68,36.74,0.62,-1,-1,-1
294,1072,132.17,292.26,70.02,29.16,0.71,-1,-1,-1
294,1077,679.57,402.32,85.10,41.29,0.88,-1,-1,-1
294,1082,83.96,301.59,33.78,28.26,0.74,-1,-1,-1
294,1098,494.16,312.74,63.84,25.87,0.78,-1,-1,-1
294,1102,326.22,343.24,33.22,38.60,0.79,-1,-1,-1
294,1110,237.22,336.17,55.01,36.52,0.71,-1,-1,-1
294,1113,381.54,342.95,36.91,36.45,0.82,-1,-1,-1
294,1117,489.74,437.25,101.07,47.21,0.83,-1,-1,-1
294,1122,759.31,312.15,44.19,38.91,0.62,-1,-1,-1
294,1126,565.68,414.13,87.56,39.52,0.82,-1,-1,-1
294,1128,469.52,336.50,38.49,35.00,0.84,-1,-1,-1
294,1108,371.30,472.36,110.23,52.86,0.90,-1,-1,-1
294,1143,373.95,431.56,70.38,38.74,0.44,-1,-1,-1
294,1145,702.94,322.92,39.15,31.06,0.75,-1,-1,-1
294,1147,511.71,332.35,40.94,35.98,0.78,-1,-1,-1
294,1125,52.44,668.97,32.86,60.09,0.54,-1,-1,-1
294,1085,384.91,291.61,38.14,23.58,0.76,-1,-1,-1
294,1183,391.37,684.12,53.93,54.89,0.62,-1,-1,-1
294,1187,559.51,330.30,46.24,37.13,0.58,-1,-1,-1
294,1200,171.91,319.72,101.93,38.46,0.72,-1,-1,-1
294,1213,717.26,423.55,89.28,38.89,0.87,-1,-1,-1
294,1129,408.45,292.24,39.08,25.68,0.67,-1,-1,-1
294,1223,568.97,546.82,52.40,35.68,0.22,-1,-1,-1
294,1228,429.40,342.74,32.89,32.65,0.73,-1,-1,-1
294,1229,204.93,279.67,51.56,27.83,0.56,-1,-1,-1
294,1231,474.03,615.22,24.71,43.48,0.53,-1,-1,-1
294,1234,495.00,606.62,30.46,38.63,0.44,-1,-1,-1
294,1239,914.90,494.44,60.00,54.64,0.85,-1,-1,-1
294,1100,433.97,294.05,47.14,25.98,0.74,-1,-1,-1
294,1246,969.38,546.90,18.77,39.10,0.79,-1,-1,-1
294,1247,63.80,418.22,16.94,31.26,0.43,-1,-1,-1
294,1248,100.09,378.80,19.09,29.26,0.63,-1,-1,-1
294,1250,860.81,499.48,24.22,27.82,0.30,-1,-1,-1
294,1251,468.79,624.39,36.98,45.19,0.67,-1,-1,-1
294,1254,71.79,398.52,21.54,30.96,0.26,-1,-1,-1
294,1255,314.31,290.56,21.93,20.69,0.73,-1,-1,-1
294,1260,264.80,620.76,23.99,46.01,0.50,-1,-1,-1
294,1266,1162.57,349.48,80.71,36.31,0.76,-1,-1,-1
294,1272,894.75,418.05,31.85,23.31,0.50,-1,-1,-1
294,1140,163.59,659.70,43.13,44.93,0.43,-1,-1,-1
294,1277,131.19,377.67,17.31,27.41,0.60,-1,-1,-1
294,1279,95.33,338.35,21.68,30.80,0.43,-1,-1,-1
294,1280,458.15,390.64,32.29,21.94,0.61,-1,-1,-1
294,1281,279.83,632.12,38.47,53.26,0.50,-1,-1,-1
294,1282,905.61,307.53,63.45,35.45,0.34,-1,-1,-1
294,1283,18.41,277.43,13.76,21.36,0.25,-1,-1,-1
294,1259,1083.43,364.23,30.62,20.34,0.63,-1,-1,-1
294,1284,791.65,392.08,114.75,42.54,0.73,-1,-1,-1
294,1286,409.46,365.46,14.23,30.34,0.63,-1,-1,-1
294,1253,0.00,352.71,16.31,58.10,0.62,-1,-1,-1
294,1287,43.89,307.58,18.41,23.60,0.30,-1,-1,-1
294,1288,166.87,651.31,21.03,33.48,0.47,-1,-1,-1
294,1290,255.97,499.47,17.90,23.93,0.66,-1,-1,-1
294,1091,153.18,518.66,152.51,76.39,0.49,-1,-1,-1
294,1292,1251.89,443.02,70.30,36.60,0.41,-1,-1,-1
295,1013,478.52,296.25,42.44,24.26,0.82,-1,-1,-1
295,1060,285.70,286.48,40.00,23.61,0.81,-1,-1,-1
295,1063,259.78,341.47,58.17,39.42,0.87,-1,-1,-1
295,1069,609.38,333.41,70.48,37.48,0.56,-1,-1,-1
295,1072,130.93,292.53,71.30,29.70,0.71,-1,-1,-1
295,1077,681.74,403.34,85.30,41.41,0.86,-1,-1,-1
295,1082,83.56,301.83,34.14,28.66,0.66,-1,-1,-1
295,1098,494.87,313.37,63.68,25.80,0.82,-1,-1,-1
295,1102,326.27,343.39,33.60,39.18,0.78,-1,-1,-1
295,1110,238.27,336.55,56.46,37.18,0.75,-1,-1,-1
295,1113,382.15,343.54,36.88,36.41,0.84,-1,-1,-1
295,1117,488.70,439.09,100.78,47.30,0.84,-1,-1,-1
295,1122,759.26,311.19,46.00,40.36,0.62,-1,-1,-1
295,1126,568.52,415.54,86.10,38.98,0.86,-1,-1,-1
295,1128,470.73,336.97,38.75,35.19,0.85,-1,-1,-1
295,1108,371.54,475.51,108.94,52.41,0.89,-1,-1,-1
295,1143,374.05,432.44,70.46,39.05,0.52,-1,-1,-1
295,1145,704.04,322.82,39.89,31.55,0.77,-1,-1,-1
295,1147,512.98,333.28,40.99,36.02,0.78,-1,-1,-1
295,1125,51.33,677.79,32.36,59.63,0.44,-1,-1,-1
295,1085,385.14,291.90,38.18,23.61,0.75,-1,-1,-1
295,1183,390.07,686.64,53.98,54.30,0.75,-1,-1,-1
295,1187,560.55,331.41,45.92,36.89,0.64,-1,-1,-1
295,1200,171.68,320.01,102.70,38.55,0.75,-1,-1,-1
295,1213,716.30,425.05,87.77,38.03,0.88,-1,-1,-1
295,1129,409.66,292.91,38.46,25.35,0.67,-1,-1,-1
295,1223,568.37,549.65,52.20,35.65,0.24,-1,-1,-1
295,1228,429.83,343.43,32.74,32.51,0.70,-1,-1,-1
295,1229,205.13,279.25,52.41,28.65,0.58,-1,-1,-1
295,1231,475.49,618.64,25.97,45.90,0.49,-1,-1,-1
295,1234,496.03,607.87,32.02,40.76,0.46,-1,-1,-1
295,1239,918.30,495.58,61.64,55.70,0.80,-1,-1,-1
295,1100,435.11,294.44,47.82,26.50,0.80,-1,-1,-1
295,1246,975.03,550.18,18.34,38.23,0.72,-1,-1,-1
295,1247,63.82,418.47,17.70,32.63,0.50,-1,-1,-1
295,1248,100.69,379.52,19.32,29.75,0.39,-1,-1,-1
295,1250,869.89,500.84,24.62,27.59,0.16,-1,-1,-1
295,1251,470.96,629.07,36.59,44.78,0.70,-1,-1,-1
295,1254,70.75,398.43,21.03,30.66,0.59,-1,-1,-1
295,1255,314.43,290.58,22.30,21.06,0.68,-1,-1,-1
295,1260,265.31,624.20,23.03,44.48,0.51,-1,-1,-1
295,1266,1159.05,348.87,84.01,37.81,0.75,-1,-1,-1
295,1272,894.68,419.78,30.94,22.63,0.49,-1,-1,-1
295,1140,159.62,660.68,43.26,45.12,0.64,-1,-1,-1
295,1277,131.01,377.50,17.18,27.59,0.58,-1,-1,-1
295,1279,93.36,338.41,21.78,30.99,0.29,-1,-1,-1
295,1280,461.67,389.64,34.04,23.18,0.52,-1,-1,-1
295,1281,279.94,635.62,34.65,49.09,0.50,-1,-1,-1
295,1283,17.24,277.17,14.36,22.20,0.55,-1,-1,-1
295,1259,1081.65,364.94,30.97,20.74,0.46,-1,-1,-1
295,1284,794.27,392.17,116.29,43.23,0.69,-1,-1,-1
295,1286,410.08,366.27,14.44,30.65,0.58,-1,-1,-1
295,1253,0.00,354.59,15.15,56.12,0.57,-1,-1,-1
295,1287,43.28,308.05,17.91,22.92,0.36,-1,-1,-1
295,1288,163.27,653.15,22.26,34.98,0.47,-1,-1,-1
295,1290,255.79,499.48,18.44,24.58,0.60,-1,-1,-1
295,1091,158.32,521.49,148.30,74.56,0.39,-1,-1,-1
295,1292,1256.99,441.79,76.34,40.03,0.24,-1,-1,-1
296,1013,478.67,296.62,42.75,24.49,0.85,-1,-1,-1
296,1060,286.58,286.94,39.99,23.55,0.80,-1,-1,-1
296,1063,258.21,341.41,60.30,41.00,0.87,-1,-1,-1
296,1069,608.53,332.28,74.26,39.04,0.53,-1,-1,-1
296,1072,131.37,292.93,71.57,29.93,0.67,-1,-1,-1
296,1077,684.00,404.18,85.79,41.62,0.89,-1,-1,-1
296,1082,83.28,302.48,33.93,28.53,0.74,-1,-1,-1
296,1098,495.82,313.90,63.40,25.64,0.84,-1,-1,-1
296,1102,326.36,343.79,33.93,39.71,0.79,-1,-1,-1
296,1110,238.90,337.32,57.29,37.36,0.73,-1,-1,-1
296,1113,382.25,343.86,37.32,36.85,0.83,-1,-1,-1
296,1117,488.85,441.61,99.46,46.77,0.87,-1,-1,-1
296,1122,756.50,310.84,47.96,41.31,0.65,-1,-1,-1
296,1126,569.61,416.77,86.40,39.24,0.86,-1,-1,-1
296,1128,471.65,337.83,38.58,34.93,0.85,-1,-1,-1
296,1108,372.02,479.26,106.15,50.93,0.86,-1,-1,-1
296,1143,375.56,435.70,67.01,37.03,0.62,-1,-1,-1
296,1145,705.75,324.29,39.44,30.93,0.82,-1,-1,-1
296,1147,513.44,334.33,41.01,36.10,0.77,-1,-1,-1
296,1125,50.25,687.15,31.66,58.12,0.41,-1,-1,-1
296,1085,385.39,292.55,38.51,23.81,0.72,-1,-1,-1
296,1183,388.46,688.12,55.99,55.47,0.70,-1,-1,-1
296,1187,561.45,331.77,46.60,37.45,0.73,-1,-1,-1
296,1200,170.25,320.29,103.91,39.07,0.77,-1,-1,-1
296,1213,713.26,426.22,91.09,39.48,0.87,-1,-1,-1
296,1129,410.80,293.56,38.41,25.28,0.59,-1,-1,-1
296,1223,569.56,549.40,52.60,38.47,0.63,-1,-1,-1
296,1228,430.45,344.24,33.22,32.93,0.68,-1,-1,-1
296,1229,206.05,279.63,52.12,28.83,0.54,-1,-1,-1
296,1231,477.81,621.82,24.69,43.66,0.44,-1,-1,-1
296,1234,498.13,611.10,32.28,41.31,0.45,-1,-1,-1
296,1239,919.50,498.57,61.00,55.59,0.66,-1,-1,-1
296,1100,436.02,294.94,47.89,26.72,0.77,-1,-1,-1
296,1246,979.21,552.35,18.73,39.05,0.74,-1,-1,-1
296,1247,64.08,419.00,18.27,33.83,0.54,-1,-1,-1
296,1248,101.50,381.65,19.90,30.31,0.54,-1,-1,-1
296,1250,877.99,499.56,27.00,30.01,0.52,-1,-1,-1
296,1251,472.11,631.15,37.92,46.50,0.73,-1,-1,-1
296,1254,69.34,398.07,21.14,31.09,0.55,-1,-1,-1
296,1255,313.89,290.54,22.95,21.64,0.64,-1,-1,-1
296,1260,268.26,625.32,21.53,41.15,0.47,-1,-1,-1
296,1266,1157.91,350.30,82.62,36.97,0.75,-1,-1,-1
296,1272,894.90,422.26,29.96,21.82,0.39,-1,-1,-1
296,1140,155.32,662.90,42.21,43.69,0.52,-1,-1,-1
296,1277,130.77,377.35,17.31,28.21,0.56,-1,-1,-1
296,1279,91.56,338.81,21.43,30.50,0.22,-1,-1,-1
296,1280,467.44,390.90,33.06,22.46,0.64,-1,-1,-1
296,1281,279.54,638.48,35.93,52.32,0.44,-1,-1,-1
296,1283,15.98,276.72,14.75,22.71,0.55,-1,-1,-1
296,1259,1079.79,366.06,31.28,21.03,0.53,-1,-1,-1
296,1284,797.23,391.66,119.64,44.65,0.78,-1,-1,-1
296,1286,410.61,366.34,14.87,31.53,0.69,-1,-1,-1
296,1253,0.00,356.59,14.59,55.81,0.52,-1,-1,-1
296,1287,41.59,307.99,17.56,22.52,0.53,-1,-1,-1
296,1288,159.23,654.98,22.06,34.52,0.43,-1,-1,-1
296,1290,255.18,499.73,18.73,24.87,0.57,-1,-1,-1
296,1091,160.82,524.87,144.51,72.91,0.54,-1,-1,-1
296,1292,1267.10,442.68,74.55,39.27,0.54,-1,-1,-1
297,1013,478.68,296.90,43.33,24.90,0.84,-1,-1,-1
297,1060,285.73,287.25,39.74,23.59,0.80,-1,-1,-1
297,1063,257.63,341.98,60.96,41.54,0.84,-1,-1,-1
297,1069,618.07,337.45,68.77,36.25,0.71,-1,-1,-1
297,1072,130.05,293.12,72.97,30.60,0.72,-1,-1,-1
297,1077,686.79,405.64,85.41,41.40,0.87,-1,-1,-1
297,1082,82.33,303.41,33.74,28.35,0.76,-1,-1,-1
297,1098,496.58,314.43,63.21,25.43,0.83,-1,-1,-1
297,1102,326.84,344.84,33.88,39.75,0.81,-1,-1,-1
297,1110,236.87,338.41,56.03,36.68,0.66,-1,-1,-1
297,1113,382.25,344.42,37.88,37.32,0.83,-1,-1,-1
297,1117,486.76,443.15,101.17,47.91,0.90,-1,-1,-1
297,1122,757.85,311.34,48.82,41.56,0.61,-1,-1,-1
297,1126,571.20,418.18,86.39,39.31,0.87,-1,-1,-1
297,1128,472.14,338.25,39.20,35.52,0.84,-1,-1,-1
297,1108,370.83,482.10,106.75,51.35,0.87,-1,-1,-1
297,1143,374.77,436.98,68.26,37.78,0.59,-1,-1,-1
297,1145,707.45,326.42,38.03,29.53,0.78,-1,-1,-1
297,1147,513.18,333.73,42.48,37.59,0.74,-1,-1,-1
297,1125,49.23,696.85,30.33,55.48,0.48,-1,-1,-1
297,1085,384.30,292.98,38.96,24.30,0.73,-1,-1,-1
297,1183,385.64,690.59,58.30,57.49,0.69,-1,-1,-1
297,1187,562.21,333.09,46.09,37.02,0.70,-1,-1,-1
297,1200,170.10,321.42,103.52,38.82,0.75,-1,-1,-1
297,1213,710.18,427.90,94.40,41.05,0.87,-1,-1,-1
297,1129,411.54,294.20,39.47,25.96,0.67,-1,-1,-1
297,1223,568.17,556.72,49.12,35.64,0.24,-1,-1,-1
297,1228,431.07,344.69,33.76,33.40,0.74,-1,-1,-1
297,1229,206.21,280.93,50.86,28.17,0.57,-1,-1,-1
297,1231,480.43,626.28,23.24,41.39,0.38,-1,-1,-1
297,1234,499.78,613.38,32.83,42.44,0.19,-1,-1,-1
297,1239,924.60,500.38,63.88,57.74,0.66,-1,-1,-1
297,1100,436.43,295.39,47.32,26.50,0.76,-1,-1,-1
297,1246,985.00,554.70,19.03,39.93,0.80,-1,-1,-1
297,1247,64.54,420.36,17.98,33.45,0.66,-1,-1,-1
297,1248,102.49,384.93,19.28,29.00,0.58,-1,-1,-1
297,1250,887.91,500.51,26.03,28.26,0.69,-1,-1,-1
297,1251,474.87,636.79,36.53,44.89,0.69,-1,-1,-1
297,1254,68.20,397.71,20.77,30.75,0.49,-1,-1,-1
297,1255,313.81,290.91,23.26,21.86,0.75,-1,-1,-1
297,1260,267.05,629.24,23.94,46.18,0.47,-1,-1,-1
297,1266,1155.44,350.99,83.46,37.23,0.79,-1,-1,-1
297,1272,895.45,423.73,29.76,21.49,0.46,-1,-1,-1
297,1140,149.86,664.50,43.79,45.14,0.52,-1,-1,-1
297,1277,130.11,377.64,17.55,28.97,0.60,-1,-1,-1
297,1279,89.54,338.55,21.68,30.95,0.26,-1,-1,-1
297,1280,471.48,390.59,34.20,23.31,0.61,-1,-1,-1
297,1281,281.21,642.45,36.35,54.08,0.46,-1,-1,-1
297,1283,14.24,276.71,15.04,23.13,0.59,-1,-1,-1
297,1259,1078.98,367.92,30.81,20.68,0.62,-1,-1,-1
297,1284,799.21,391.78,122.05,45.71,0.83,-1,-1,-1
297,1286,410.88,366.55,15.00,31.83,0.60,-1,-1,-1
297,1253,0.00,360.75,13.43,53.26,0.46,-1,-1,-1
297,1287,40.20,307.21,17.97,23.25,0.37,-1,-1,-1
297,1288,152.96,656.98,24.30,37.93,0.60,-1,-1,-1
297,1290,253.51,499.15,19.91,26.49,0.57,-1,-1,-1
297,1091,159.78,527.89,141.37,71.38,0.33,-1,-1,-1
297,1292,1278.09,443.87,65.91,36.23,0.32,-1,-1,-1
297,1296,418.99,640.32,58.87,68.59,0.55,-1,-1,-1
297,1297,1177.08,594.52,40.45,49.97,0.77,-1,-1,-1
297,1298,336.54,288.05,44.37,27.32,0.54,-1,-1,-1
298,1013,479.07,297.65,43.78,25.21,0.83,-1,-1,-1
298,1060,286.15,288.00,39.13,23.29,0.77,-1,-1,-1
298,1063,257.25,342.34,61.67,42.16,0.85,-1,-1,-1
298,1069,622.94,339.80,67.95,35.85,0.62,-1,-1,-1
298,1072,130.21,293.57,71.71,30.06,0.69,-1,-1,-1
298,1077,688.78,407.30,85.16,41.37,0.89,-1,-1,-1
298,1082,81.52,304.44,33.33,27.89,0.77,-1,-1,-1
298,1098,497.83,315.64,61.64,24.51,0.85,-1,-1,-1
298,1102,326.84,345.85,33.96,40.01,0.81,-1,-1,-1
298,1110,236.15,339.48,56.81,37.36,0.58,-1,-1,-1
298,1113,383.23,345.44,38.15,37.56,0.81,-1,-1,-1
298,1117,486.11,445.51,99.28,47.10,0.92,-1,-1,-1
298,1122,754.25,313.18,50.00,40.72,0.54,-1,-1,-1
298,1126,572.71,419.92,85.75,38.99,0.85,-1,-1,-1
298,1128,472.65,338.61,39.91,36.29,0.85,-1,-1,-1
298,1108,368.76,484.17,109.31,52.83,0.89,-1,-1,-1
298,1143,374.06,440.31,66.25,36.84,0.52,-1,-1,-1
298,1145,708.91,327.32,38.47,29.62,0.80,-1,-1,-1
298,1147,512.95,332.89,44.13,39.37,0.81,-1,-1,-1
298,1125,49.26,707.79,26.75,47.87,0.43,-1,-1,-1
298,1085,383.56,293.19,39.68,25.11,0.69,-1,-1,-1
298,1183,385.61,697.12,56.49,55.15,0.14,-1,-1,-1
298,1187,563.12,333.86,45.97,36.72,0.70,-1,-1,-1
298,1200,170.19,322.57,102.09,38.24,0.67,-1,-1,-1
298,1213,708.42,430.68,93.32,40.54,0.89,-1,-1,-1
298,1129,412.75,294.81,39.75,26.11,0.66,-1,-1,-1
298,1223,565.49,560.80,50.66,36.68,0.38,-1,-1,-1
298,1228,431.35,345.69,33.67,33.25,0.80,-1,-1,-1
298,1229,206.41,282.11,49.56,27.37,0.52,-1,-1,-1
298,1231,481.66,629.64,25.76,46.10,0.46,-1,-1,-1
298,1234,503.74,618.79,31.55,41.23,0.34,-1,-1,-1
298,1239,929.10,503.09,65.58,58.75,0.72,-1,-1,-1
298,1100,436.78,295.93,47.46,26.68,0.75,-1,-1,-1
298,1246,989.96,558.30,18.81,39.56,0.67,-1,-1,-1
298,1247,65.11,421.21,17.78,33.23,0.64,-1,-1,-1
298,1248,102.64,387.52,19.42,28.94,0.61,-1,-1,-1
298,1250,898.11,502.27,25.29,26.80,0.67,-1,-1,-1
298,1251,475.56,638.50,38.70,48.06,0.55,-1,-1,-1
298,1254,67.05,397.33,20.92,31.19,0.54,-1,-1,-1
298,1255,314.17,291.67,23.59,22.15,0.68,-1,-1,-1
298,1260,266.84,633.34,23.96,46.52,0.60,-1,-1,-1
298,1266,1153.92,352.28,84.39,37.60,0.77,-1,-1,-1
298,1272,895.10,425.71,30.35,22.05,0.18,-1,-1,-1
298,1140,145.32,668.34,44.35,45.58,0.44,-1,-1,-1
298,1277,129.67,377.77,17.25,28.73,0.51,-1,-1,-1
298,1280,476.24,391.27,34.24,23.36,0.61,-1,-1,-1
298,1281,282.77,645.46,36.14,54.62,0.46,-1,-1,-1
298,1283,12.74,276.39,14.82,22.91,0.55,-1,-1,-1
298,1259,1077.34,368.97,31.94,21.59,0.58,-1,-1,-1
298,1284,802.20,392.47,123.31,46.37,0.86,-1,-1,-1
298,1286,411.34,368.49,14.76,31.32,0.58,-1,-1,-1
298,1287,38.85,306.66,18.33,23.89,0.14,-1,-1,-1
298,1288,148.10,659.76,24.75,38.47,0.50,-1,-1,-1
298,1290,252.50,499.59,20.21,26.88,0.48,-1,-1,-1
298,1091,178.52,532.80,132.88,69.29,0.39,-1,-1,-1
298,1292,1284.25,442.08,59.75,37.27,0.27,-1,-1,-1
298,1296,420.18,645.11,58.34,68.08,0.18,-1,-1,-1
298,1297,1183.41,598.90,40.19,49.62,0.72,-1,-1,-1
298,1298,335.24,287.87,45.36,27.94,0.50,-1,-1,-1
298,1282,920.14,310.65,60.31,34.47,0.50,-1,-1,-1
299,1013,480.11,298.51,43.14,24.88,0.82,-1,-1,-1
299,1060,285.31,288.75,38.01,22.92,0.75,-1,-1,-1
299,1063,257.01,343.05,61.63,42.37,0.83,-1,-1,-1
299,1069,624.44,340.48,69.12,36.60,0.66,-1,-1,-1
299,1072,128.86,294.35,71.92,30.11,0.65,-1,-1,-1
299,1077,690.36,408.68,85.50,41.56,0.86,-1,-1,-1
299,1082,80.32,305.23,33.31,27.72,0.79,-1,-1,-1
299,1098,499.40,317.35,59.76,23.39,0.81,-1,-1,-1
299,1102,326.93,347.30,33.58,39.54,0.82,-1,-1,-1
299,1110,235.66,341.28,55.66,36.72,0.60,-1,-1,-1
299,1113,383.75,346.64,38.43,37.81,0.80,-1,-1,-1
299,1117,484.03,447.98,99.79,47.44,0.91,-1,-1,-1
299,1122,761.52,314.43,49.48,40.37,0.55,-1,-1,-1
299,1126,573.20,420.81,88.33,40.31,0.85,-1,-1,-1
299,1128,472.94,339.86,40.08,36.60,0.84,-1,-1,-1
299,1108,363.26,485.61,116.30,56.86,0.89,-1,-1,-1
299,1143,372.78,441.20,67.79,37.94,0.20,-1,-1,-1
299,1145,710.20,328.03,39.30,30.11,0.83,-1,-1,-1
299,1147,513.98,333.71,43.87,39.41,0.81,-1,-1,-1
299,1125,49.25,720.27,21.79,35.73,0.38,-1,-1,-1
299,1085,383.95,294.05,38.79,24.77,0.75,-1,-1,-1
299,1183,384.20,702.73,53.77,51.51,0.45,-1,-1,-1
299,1187,564.22,334.68,45.48,36.20,0.78,-1,-1,-1
299,1200,169.86,324.90,94.42,35.20,0.58,-1,-1,-1
299,1213,707.26,433.72,91.71,39.70,0.86,-1,-1,-1
299,1129,414.99,295.38,40.51,26.00,0.64,-1,-1,-1
299,1223,556.71,563.68,50.58,38.80,0.53,-1,-1,-1
299,1228,432.25,346.94,33.42,32.80,0.79,-1,-1,-1
299,1229,207.82,283.17,48.11,26.69,0.46,-1,-1,-1
299,1231,483.85,634.70,25.65,46.11,0.58,-1,-1,-1
299,1234,504.58,622.13,31.89,42.02,0.29,-1,-1,-1
299,1239,933.83,505.92,66.08,58.72,0.67,-1,-1,-1
299,1100,436.65,296.42,47.61,26.77,0.75,-1,-1,-1
299,1246,994.61,561.33,19.50,41.11,0.77,-1,-1,-1
299,1247,64.70,422.05,17.87,33.46,0.66,-1,-1,-1
299,1248,102.96,389.37,19.52,28.93,0.59,-1,-1,-1
299,1250,907.01,501.28,27.33,28.54,0.55,-1,-1,-1
299,1251,476.44,640.82,40.44,50.66,0.75,-1,-1,-1
299,1254,65.78,397.16,21.24,31.83,0.56,-1,-1,-1
299,1255,313.93,291.92,23.78,22.25,0.67,-1,-1,-1
299,1260,266.94,637.58,23.30,45.09,0.49,-1,-1,-1
299,1266,1154.89,355.46,80.45,35.48,0.78,-1,-1,-1
299,1272,894.51,428.09,30.46,22.02,0.40,-1,-1,-1
299,1140,140.14,672.03,44.79,45.78,0.62,-1,-1,-1
299,1277,129.43,377.86,17.14,28.85,0.48,-1,-1,-1
299,1280,481.51,392.55,33.23,22.62,0.76,-1,-1,-1
299,1281,285.27,649.42,34.35,52.04,0.40,-1,-1,-1
299,1283,10.84,276.29,14.92,22.88,0.45,-1,-1,-1
299,1259,1075.81,371.22,31.60,21.36,0.62,-1,-1,-1
299,1284,805.21,394.35,123.10,46.41,0.85,-1,-1,-1
299,1286,411.85,369.61,14.93,31.80,0.49,-1,-1,-1
299,1287,37.39,307.05,17.95,23.47,0.35,-1,-1,-1
299,1288,143.95,662.94,24.19,37.21,0.57,-1,-1,-1
299,1290,251.16,502.99,19.70,25.93,0.51,-1,-1,-1
299,1091,175.09,532.87,134.99,72.16,0.28,-1,-1,-1
299,1296,421.17,654.59,54.90,63.86,0.22,-1,-1,-1
299,1297,1190.03,602.01,41.93,51.80,0.55,-1,-1,-1
299,1298,336.24,289.45,44.22,27.17,0.44,-1,-1,-1
299,1301,1270.98,627.28,23.50,49.37,0.72,-1,-1,-1
299,1302,606.18,337.07,35.88,25.11,0.56,-1,-1,-1
299,1282,919.96,310.90,62.64,36.42,0.20,-1,-1,-1
300,1013,481.13,299.67,42.65,24.49,0.82,-1,-1,-1
300,1060,285.38,289.13,38.08,23.19,0.74,-1,-1,-1
300,1063,258.60,345.32,59.45,41.03,0.84,-1,-1,-1
300,1069,626.40,341.39,71.68,38.00,0.71,-1,-1,-1
300,1072,128.47,294.83,72.26,30.40,0.69,-1,-1,-1
300,1077,691.95,410.48,85.86,41.65,0.87,-1,-1,-1
300,1082,78.94,305.69,33.64,27.90,0.77,-1,-1,-1
300,1098,498.22,318.22,62.44,24.39,0.82,-1,-1,-1
300,1102,326.59,348.31,33.73,39.82,0.73,-1,-1,-1
300,1110,235.22,342.81,55.04,36.42,0.71,-1,-1,-1
300,1113,383.88,347.88,38.53,37.72,0.78,-1,-1,-1
300,1117,480.99,449.26,103.03,49.27,0.91,-1,-1,-1
300,1122,765.48,316.61,48.29,39.38,0.71,-1,-1,-1
300,1126,572.71,422.62,90.71,41.65,0.85,-1,-1,-1
300,1128,473.14,341.07,40.33,36.92,0.80,-1,-1,-1
300,1108,360.02,488.18,117.74,58.12,0.88,-1,-1,-1
300,1143,370.24,441.83,71.59,40.54,0.37,-1,-1,-1
300,1145,711.14,328.29,40.80,31.24,0.81,-1,-1,-1
300,1147,515.35,335.99,42.63,38.37,0.78,-1,-1,-1
300,1125,48.98,729.81,17.78,26.19,0.27,-1,-1,-1
300,1085,384.97,295.12,38.73,24.96,0.75,-1,-1,-1
300,1183,382.24,706.34,51.31,48.26,0.41,-1,-1,-1
300,1187,564.43,335.56,46.43,36.92,0.80,-1,-1,-1
300,1200,168.53,326.19,94.17,35.07,0.58,-1,-1,-1
300,1213,705.58,435.73,92.97,40.18,0.84,-1,-1,-1
300,1129,414.45,295.90,41.66,26.47,0.63,-1,-1,-1
300,1223,560.15,567.40,51.09,38.89,0.36,-1,-1,-1
300,1228,433.10,348.24,33.63,32.87,0.76,-1,-1,-1
300,1229,205.34,283.09,50.55,28.25,0.51,-1,-1,-1
300,1231,484.07,639.86,26.05,46.89,0.47,-1,-1,-1
300,1234,505.65,626.42,32.71,43.41,0.23,-1,-1,-1
300,1239,935.25,509.35,66.08,59.10,0.45,-1,-1,-1
300,1100,436.77,297.33,47.76,26.88,0.74,-1,-1,-1
300,1246,999.77,564.75,19.37,40.87,0.75,-1,-1,-1
300,1247,64.79,423.05,17.97,33.85,0.62,-1,-1,-1
300,1248,103.31,392.98,18.75,27.43,0.65,-1,-1,-1
300,1250,916.77,502.60,27.89,28.52,0.54,-1,-1,-1
300,1251,478.11,645.93,40.14,50.53,0.67,-1,-1,-1
300,1254,65.10,397.45,20.77,31.31,0.54,-1,-1,-1
300,1255,313.93,293.16,23.37,21.67,0.69,-1,-1,-1
300,1260,265.73,642.16,23.00,44.93,0.53,-1,-1,-1
300,1266,1153.26,357.53,81.34,35.62,0.82,-1,-1,-1
300,1272,894.82,431.49,29.89,21.37,0.42,-1,-1,-1
300,1140,133.23,670.98,48.55,49.96,0.28,-1,-1,-1
300,1277,128.98,379.07,16.88,28.56,0.52,-1,-1,-1
300,1280,486.93,393.55,32.88,22.48,0.68,-1,-1,-1
300,1281,288.89,656.41,34.39,51.60,0.17,-1,-1,-1
300,1283,9.44,276.50,14.64,22.35,0.32,-1,-1,-1
300,1259,1074.58,372.37,32.37,22.09,0.60,-1,-1,-1
300,1284,806.98,395.38,123.53,46.74,0.82,-1,-1,-1
300,1286,412.54,372.05,14.54,31.07,0.60,-1,-1,-1
300,1287,36.05,307.51,17.84,23.45,0.49,-1,-1,-1
300,1288,137.23,666.63,23.21,34.93,0.44,-1,-1,-1
300,1290,250.37,505.70,19.03,24.61,0.58,-1,-1,-1
300,1296,423.40,655.77,57.48,67.18,0.69,-1,-1,-1
300,1297,1198.09,607.08,42.12,52.10,0.70,-1,-1,-1
300,1298,338.08,290.57,44.55,27.22,0.29,-1,-1,-1
300,1301,1277.72,632.17,24.11,50.61,0.70,-1,-1,-1
300,1302,607.16,338.75,35.08,24.59,0.59,-1,-1,-1
300,1282,923.51,310.87,63.08,37.95,0.13,-1,-1,-1
301,1013,481.27,300.53,43.43,24.91,0.83,-1,-1,-1
301,1060,286.21,289.93,38.18,23.28,0.73,-1,-1,-1
301,1063,258.97,346.33,59.18,40.98,0.83,-1,-1,-1
301,1069,628.11,340.40,74.85,39.76,0.63,-1,-1,-1
301,1072,127.13,296.27,71.79,30.18,0.69,-1,-1,-1
301,1077,695.29,411.73,86.36,41.70,0.83,-1,-1,-1
301,1082,77.35,306.37,34.61,28.61,0.78,-1,-1,-1
301,1098,497.58,318.76,64.91,25.39,0.84,-1,-1,-1
301,1102,326.05,348.72,34.55,41.01,0.76,-1,-1,-1
301,1110,234.85,343.70,55.17,36.68,0.68,-1,-1,-1
301,1113,383.97,348.97,39.07,38.14,0.78,-1,-1,-1
301,1117,479.57,451.51,102.83,49.23,0.88,-1,-1,-1
301,1122,767.73,317.62,48.39,39.13,0.59,-1,-1,-1
301,1126,573.01,424.15,92.81,42.90,0.86,-1,-1,-1
301,1128,473.67,342.35,40.03,36.68,0.79,-1,-1,-1
301,1108,357.73,490.59,117.94,58.76,0.89,-1,-1,-1
301,1143,370.06,444.52,71.82,41.03,0.65,-1,-1,-1
301,1145,712.02,328.82,41.61,31.87,0.79,-1,-1,-1
301,1147,517.70,338.76,40.79,36.71,0.83,-1,-1,-1
301,1085,384.72,295.53,38.87,25.24,0.74,-1,-1,-1
301,1183,374.36,697.71,60.72,57.31,0.60,-1,-1,-1
301,1187,564.65,336.29,47.75,38.07,0.77,-1,-1,-1
301,1200,168.49,327.47,93.93,34.79,0.61,-1,-1,-1
301,1213,702.91,437.49,94.03,40.51,0.84,-1,-1,-1
301,1129,412.84,296.56,42.15,26.77,0.66,-1,-1,-1
301,1223,561.67,573.49,49.05,36.74,0.63,-1,-1,-1
301,1228,433.57,349.20,34.53,33.59,0.78,-1,-1,-1
301,1229,204.84,283.19,51.34,28.98,0.62,-1,-1,-1
301,1231,482.78,644.53,26.73,48.13,0.48,-1,-1,-1
301,1234,506.07,631.98,32.93,43.30,0.47,-1,-1,-1
301,1239,937.56,511.92,67.51,60.85,0.54,-1,-1,-1
301,1100,438.82,298.39,47.31,26.81,0.75,-1,-1,-1
301,1246,1005.69,568.61,19.20,40.66,0.72,-1,-1,-1
301,1247,64.52,424.26,17.77,33.68,0.63,-1,-1,-1
301,1248,103.39,395.94,18.49,26.84,0.60,-1,-1,-1
301,1250,926.34,501.18,30.56,31.19,0.39,-1,-1,-1
301,1251,480.42,654.36,38.70,48.67,0.65,-1,-1,-1
301,1254,64.09,397.61,20.32,30.79,0.52,-1,-1,-1
301,1255,314.27,294.42,23.17,21.43,0.60,-1,-1,-1
301,1260,269.87,643.84,20.94,39.98,0.15,-1,-1,-1
301,1266,1152.01,359.36,82.37,35.89,0.77,-1,-1,-1
301,1272,894.30,432.94,30.67,21.78,0.65,-1,-1,-1
301,1140,127.78,674.67,46.90,48.28,0.29,-1,-1,-1
301,1277,128.80,381.02,16.30,27.62,0.19,-1,-1,-1
301,1280,491.86,394.69,32.75,22.36,0.75,-1,-1,-1
301,1281,290.35,660.38,34.75,52.00,0.13,-1,-1,-1
301,1283,7.85,276.64,14.63,22.43,0.60,-1,-1,-1
301,1259,1072.51,373.54,33.60,23.15,0.60,-1,-1,-1
301,1284,810.23,398.57,120.77,45.74,0.77,-1,-1,-1
301,1286,413.04,373.55,14.61,31.37,0.63,-1,-1,-1
301,1287,34.63,307.93,17.86,23.64,0.36,-1,-1,-1
301,1288,132.65,669.99,22.92,34.40,0.47,-1,-1,-1
301,1290,249.36,507.35,19.05,24.23,0.47,-1,-1,-1
301,1296,424.80,659.43,58.42,68.63,0.56,-1,-1,-1
301,1297,1205.39,611.81,42.24,52.30,0.54,-1,-1,-1
301,1301,1286.59,637.81,23.70,49.63,0.76,-1,-1,-1
301,1302,608.02,339.87,34.42,24.20,0.53,-1,-1,-1
301,1282,927.35,312.04,61.50,38.07,0.37,-1,-1,-1
302,1013,481.55,301.40,43.52,24.93,0.84,-1,-1,-1
302,1060,286.44,290.74,38.49,23.45,0.73,-1,-1,-1
302,1063,257.35,347.31,60.20,41.67,0.81,-1,-1,-1
302,1069,629.04,341.16,75.49,40.33,0.72,-1,-1,-1
302,1072,124.83,297.01,74.33,31.34,0.68,-1,-1,-1
302,1077,698.35,413.42,84.92,40.80,0.85,-1,-1,-1
302,1082,77.42,307.62,34.43,28.36,0.76,-1,-1,-1
302,1098,497.22,319.28,66.22,26.02,0.84,-1,-1,-1
302,1102,326.50,350.49,34.11,40.53,0.76,-1,-1,-1
302,1110,234.31,344.90,59.21,39.17,0.55,-1,-1,-1
302,1113,384.28,350.30,39.43,38.38,0.79,-1,-1,-1
302,1117,477.07,453.22,105.77,50.96,0.87,-1,-1,-1
302,1122,769.15,320.40,47.41,37.77,0.68,-1,-1,-1
302,1126,575.11,426.55,92.17,42.79,0.87,-1,-1,-1
302,1128,474.37,343.56,39.95,36.67,0.78,-1,-1,-1
302,1108,353.64,493.26,121.86,61.53,0.91,-1,-1,-1
302,1143,371.16,450.85,65.13,37.36,0.47,-1,-1,-1
302,1145,713.32,329.40,42.21,32.33,0.80,-1,-1,-1
302,1147,517.36,338.15,43.23,39.11,0.81,-1,-1,-1
302,1085,384.82,296.39,38.38,25.10,0.78,-1,-1,-1
302,1183,372.64,698.34,60.42,56.73,0.11,-1,-1,-1
302,1187,565.46,337.22,48.38,38.73,0.79,-1,-1,-1
302,1200,168.45,328.69,93.98,34.51,0.66,-1,-1,-1
302,1213,701.15,439.89,94.63,40.66,0.86,-1,-1,-1
302,1129,410.29,297.28,41.47,26.67,0.65,-1,-1,-1
302,1223,560.50,578.80,49.65,36.70,0.60,-1,-1,-1
302,1228,433.85,350.32,35.33,34.27,0.74,-1,-1,-1
302,1229,204.23,283.31,52.07,29.68,0.69,-1,-1,-1
302,1231,485.57,649.86,26.70,47.95,0.46,-1,-1,-1
302,1234,504.88,637.81,33.54,42.60,0.46,-1,-1,-1
302,1239,940.11,515.36,65.53,60.16,0.65,-1,-1,-1
302,1100,439.06,299.06,47.51,27.19,0.72,-1,-1,-1
302,1246,1010.97,572.13,19.85,41.92,0.75,-1,-1,-1
302,1247,64.71,426.34,17.31,32.91,0.65,-1,-1,-1
302,1248,103.65,398.74,18.23,26.13,0.69,-1,-1,-1
302,1250,938.25,497.77,27.91,29.09,0.50,-1,-1,-1
302,1251,481.97,657.96,39.26,49.72,0.65,-1,-1,-1
302,1254,62.97,398.05,20.06,30.34,0.41,-1,-1,-1
302,1255,315.93,294.56,25.17,22.82,0.60,-1,-1,-1
302,1260,267.01,650.05,22.95,43.97,0.62,-1,-1,-1
302,1266,1151.64,362.14,82.29,35.58,0.79,-1,-1,-1
302,1272,893.34,436.00,31.78,22.53,0.59,-1,-1,-1
302,1140,122.99,683.66,45.31,46.20,0.65,-1,-1,-1
302,1277,127.51,382.06,16.33,27.50,0.30,-1,-1,-1
302,1280,495.69,395.32,33.62,23.00,0.75,-1,-1,-1
302,1281,295.48,664.52,28.42,39.60,0.21,-1,-1,-1
302,1283,5.75,276.56,14.78,22.80,0.58,-1,-1,-1
302,1259,1072.01,375.69,32.29,22.29,0.67,-1,-1,-1
302,1284,811.15,399.34,124.13,47.25,0.75,-1,-1,-1
302,1286,413.36,374.51,14.90,32.01,0.60,-1,-1,-1
302,1287,33.30,308.49,17.28,22.84,0.65,-1,-1,-1
302,1288,126.59,673.40,26.19,39.18,0.49,-1,-1,-1
302,1290,247.66,507.18,20.34,25.70,0.47,-1,-1,-1
302,1296,425.36,662.74,60.95,72.18,0.13,-1,-1,-1
302,1297,1212.92,617.15,42.27,52.46,0.56,-1,-1,-1
302,1301,1295.86,643.78,24.06,50.26,0.75,-1,-1,-1
302,1302,609.48,340.65,35.52,25.03,0.61,-1,-1,-1
302,1282,927.25,312.90,62.20,38.87,0.23,-1,-1,-1
302,1305,469.15,366.68,14.85,29.33,0.52,-1,-1,-1
303,1013,481.77,302.26,43.30,24.78,0.81,-1,-1,-1
303,1060,286.15,291.74,38.49,23.46,0.71,-1,-1,-1
303,1063,255.98,347.92,62.04,43.14,0.83,-1,-1,-1
303,1069,629.99,342.75,76.20,40.93,0.69,-1,-1,-1
303,1072,123.18,297.75,75.89,32.13,0.70,-1,-1,-1
303,1077,701.78,415.65,83.32,39.59,0.86,-1,-1,-1
303,1082,76.97,308.91,33.96,28.02,0.79,-1,-1,-1
303,1098,496.89,320.19,67.60,26.71,0.75,-1,-1,-1
303,1102,326.32,351.75,34.37,40.90,0.81,-1,-1,-1
303,1110,231.05,346.05,58.28,39.28,0.60,-1,-1,-1
303,1113,384.15,351.65,39.92,38.78,0.81,-1,-1,-1
303,1117,473.86,455.29,109.76,53.41,0.87,-1,-1,-1
303,1122,770.23,321.70,48.02,37.97,0.68,-1,-1,-1
303,1126,576.94,428.65,92.44,43.07,0.87,-1,-1,-1
303,1128,475.06,344.38,40.54,37.29,0.81,-1,-1,-1
303,1108,351.49,498.26,120.84,61.55,0.90,-1,-1,-1
303,1143,368.10,451.47,67.22,38.96,0.14,-1,-1,-1
303,1145,714.61,330.27,42.97,33.05,0.79,-1,-1,-1
303,1147,518.22,339.47,43.70,39.75,0.82,-1,-1,-1
303,1085,384.88,297.55,38.22,25.12,0.75,-1,-1,-1
303,1187,566.87,338.40,48.76,39.13,0.79,-1,-1,-1
303,1200,165.40,328.95,98.55,36.22,0.68,-1,-1,-1
303,1213,699.34,443.47,96.52,41.57,0.81,-1,-1,-1
303,1129,412.58,298.71,41.55,26.53,0.71,-1,-1,-1
303,1223,557.24,581.62,52.95,39.14,0.29,-1,-1,-1
303,1228,433.28,351.61,36.38,35.30,0.74,-1,-1,-1
303,1229,204.04,283.81,52.29,30.04,0.63,-1,-1,-1
303,1231,487.34,655.56,28.89,52.31,0.51,-1,-1,-1
303,1234,507.62,644.12,33.65,42.06,0.39,-1,-1,-1
303,1239,948.21,517.58,66.03,60.06,0.53,-1,-1,-1
303,1100,440.15,300.21,46.36,26.73,0.71,-1,-1,-1
303,1246,1016.77,577.79,19.56,41.18,0.69,-1,-1,-1
303,1247,64.93,428.33,16.66,31.83,0.64,-1,-1,-1
303,1248,103.83,401.33,18.90,26.93,0.58,-1,-1,-1
303,1250,950.81,497.20,25.56,27.19,0.49,-1,-1,-1
303,1251,482.49,662.53,40.79,51.84,0.61,-1,-1,-1
303,1254,61.68,398.76,20.20,30.63,0.49,-1,-1,-1
303,1255,313.68,294.98,25.54,23.25,0.60,-1,-1,-1
303,1260,265.17,654.68,23.77,46.04,0.59,-1,-1,-1
303,1266,1150.71,364.51,83.34,35.83,0.81,-1,-1,-1
303,1272,894.04,438.27,31.28,22.03,0.50,-1,-1,-1
303,1140,116.35,687.08,47.62,48.55,0.49,-1,-1,-1
303,1277,124.47,381.85,17.11,28.80,0.58,-1,-1,-1
303,1280,500.91,396.66,33.08,22.55,0.70,-1,-1,-1
303,1281,297.17,670.63,26.41,34.63,0.22,-1,-1,-1
303,1283,3.09,276.39,14.83,22.83,0.46,-1,-1,-1
303,1259,1071.56,377.96,31.55,21.74,0.61,-1,-1,-1
303,1284,813.73,402.68,121.48,46.34,0.52,-1,-1,-1
303,1286,413.61,375.90,15.03,32.41,0.66,-1,-1,-1
303,1287,31.78,308.00,17.75,23.66,0.48,-1,-1,-1
303,1288,120.50,677.67,26.45,38.96,0.49,-1,-1,-1
303,1290,245.73,507.45,21.46,27.08,0.46,-1,-1,-1
303,1296,425.77,667.79,60.98,72.86,0.12,-1,-1,-1
303,1297,1221.39,622.04,42.16,52.29,0.58,-1,-1,-1
303,1301,1304.76,648.79,24.25,50.48,0.70,-1,-1,-1
303,1302,610.84,342.08,36.22,25.57,0.55,-1,-1,-1
303,1282,928.42,313.93,61.69,38.72,0.23,-1,-1,-1
303,1305,470.99,369.03,14.52,28.71,0.50,-1,-1,-1
303,1308,12.40,699.84,28.07,55.24,0.64,-1,-1,-1
303,1274,318.34,400.38,21.73,22.38,0.71,-1,-1,-1
304,1013,481.63,302.99,44.64,25.72,0.83,-1,-1,-1
304,1060,284.71,292.42,39.25,24.12,0.71,-1,-1,-1
304,1063,256.30,349.80,61.48,43.00,0.84,-1,-1,-1
304,1069,635.49,352.02,63.22,33.36,0.66,-1,-1,-1
304,1072,123.53,299.36,73.66,31.27,0.70,-1,-1,-1
304,1077,703.35,418.13,83.72,39.31,0.87,-1,-1,-1
304,1082,75.43,309.82,34.23,28.22,0.69,-1,-1,-1
304,1098,499.31,321.07,66.96,26.47,0.71,-1,-1,-1
304,1102,325.84,353.42,34.48,41.09,0.82,-1,-1,-1
304,1110,228.74,347.50,56.69,38.97,0.65,-1,-1,-1
304,1113,383.61,352.55,40.76,39.67,0.79,-1,-1,-1
304,1117,472.80,458.72,108.83,53.25,0.89,-1,-1,-1
304,1122,772.52,323.17,48.64,38.17,0.68,-1,-1,-1
304,1126,578.44,431.32,90.83,42.27,0.91,-1,-1,-1
304,1128,475.77,345.84,40.22,36.96,0.82,-1,-1,-1
304,1108,347.31,502.08,124.10,64.01,0.91,-1,-1,-1
304,1143,368.89,457.68,62.88,36.46,0.19,-1,-1,-1
304,1145,716.46,332.15,42.57,32.69,0.81,-1,-1,-1
304,1147,518.97,340.98,43.27,39.43,0.84,-1,-1,-1
304,1085,385.06,298.36,37.68,24.90,0.78,-1,-1,-1
304,1187,568.11,340.23,47.83,38.43,0.77,-1,-1,-1
304,1200,162.45,329.12,103.69,38.16,0.59,-1,-1,-1
304,1213,694.82,444.82,100.30,43.40,0.80,-1,-1,-1
304,1129,412.78,299.79,41.26,26.36,0.77,-1,-1,-1
304,1223,555.63,587.26,52.11,38.11,0.61,-1,-1,-1
304,1228,432.98,353.14,36.62,35.56,0.77,-1,-1,-1
304,1229,203.79,285.29,51.08,29.43,0.68,-1,-1,-1
304,1231,488.50,660.88,28.85,52.24,0.53,-1,-1,-1
304,1234,508.10,647.77,36.10,44.72,0.47,-1,-1,-1
304,1239,957.75,522.75,64.49,57.52,0.71,-1,-1,-1
304,1100,440.61,301.55,44.93,25.96,0.76,-1,-1,-1
304,1246,1022.51,581.67,19.73,41.68,0.71,-1,-1,-1
304,1247,64.94,429.26,16.47,31.87,0.56,-1,-1,-1
304,1248,104.45,404.98,18.66,26.43,0.54,-1,-1,-1
304,1250,960.70,497.23,26.02,28.57,0.40,-1,-1,-1
304,1251,483.93,669.56,40.54,51.57,0.71,-1,-1,-1
304,1254,59.25,399.19,21.59,32.94,0.65,-1,-1,-1
304,1255,312.89,296.10,24.94,22.75,0.44,-1,-1,-1
304,1260,263.91,659.87,25.02,48.97,0.58,-1,-1,-1
304,1266,1148.68,366.46,84.59,36.22,0.85,-1,-1,-1
304,1272,893.84,441.12,31.58,22.18,0.31,-1,-1,-1
304,1140,111.04,691.91,46.91,47.41,0.60,-1,-1,-1
304,1277,122.29,382.28,17.24,29.05,0.54,-1,-1,-1
304,1280,504.80,397.91,33.58,22.89,0.60,-1,-1,-1
304,1283,1.13,276.71,14.74,22.65,0.32,-1,-1,-1
304,1259,1070.16,379.43,31.52,21.84,0.53,-1,-1,-1
304,1284,816.96,405.56,122.24,46.70,0.49,-1,-1,-1
304,1286,413.66,377.81,14.85,32.11,0.65,-1,-1,-1
304,1287,30.05,307.68,18.22,24.59,0.56,-1,-1,-1
304,1288,116.73,681.54,26.53,39.12,0.58,-1,-1,-1
304,1290,243.66,506.38,23.63,30.13,0.21,-1,-1,-1
304,1296,425.81,674.27,62.55,75.39,0.24,-1,-1,-1
304,1297,1230.12,626.76,42.59,52.90,0.61,-1,-1,-1
304,1301,1312.80,655.19,24.77,51.28,0.76,-1,-1,-1
304,1302,612.82,343.45,35.78,25.22,0.51,-1,-1,-1
304,1282,929.62,315.68,60.79,38.29,0.19,-1,-1,-1
304,1305,471.76,370.53,14.65,29.01,0.63,-1,-1,-1
304,1308,10.30,709.28,22.60,43.97,0.42,-1,-1,-1
304,1274,318.58,403.38,21.50,21.74,0.68,-1,-1,-1
305,1013,480.92,303.77,45.30,26.24,0.82,-1,-1,-1
305,1060,282.43,293.09,39.98,24.80,0.77,-1,-1,-1
305,1063,254.61,351.18,62.18,43.78,0.82,-1,-1,-1
305,1069,635.53,354.21,61.52,32.15,0.67,-1,-1,-1
305,1072,119.65,299.90,77.04,33.03,0.69,-1,-1,-1
305,1077,703.27,420.24,85.46,39.92,0.88,-1,-1,-1
305,1082,70.47,309.91,36.10,29.55,0.73,-1,-1,-1
305,1098,498.81,322.16,66.45,26.23,0.76,-1,-1,-1
305,1102,324.84,355.16,34.35,40.87,0.83,-1,-1,-1
305,1110,227.23,348.83,55.16,38.51,0.68,-1,-1,-1
305,1113,381.95,354.32,41.12,40.11,0.81,-1,-1,-1
305,1117,470.61,462.25,108.63,53.44,0.87,-1,-1,-1
305,1122,772.53,324.99,48.69,37.63,0.65,-1,-1,-1
305,1126,579.00,433.64,90.06,41.83,0.88,-1,-1,-1
305,1128,474.69,346.76,41.02,37.72,0.83,-1,-1,-1
305,1108,344.09,506.98,124.59,64.98,0.90,-1,-1,-1
305,1143,363.98,457.28,68.75,40.49,0.26,-1,-1,-1
305,1145,717.19,334.55,41.26,31.42,0.79,-1,-1,-1
305,1147,518.01,341.98,43.44,39.59,0.80,-1,-1,-1
305,1085,383.89,299.32,37.39,24.75,0.82,-1,-1,-1
305,1187,568.33,341.71,47.11,37.80,0.75,-1,-1,-1
305,1200,158.80,330.48,103.71,38.38,0.63,-1,-1,-1
305,1213,687.37,444.00,106.98,46.84,0.79,-1,-1,-1
305,1129,411.20,300.98,40.22,25.82,0.77,-1,-1,-1
305,1223,551.65,593.73,53.33,38.75,0.31,-1,-1,-1
305,1228,432.13,354.51,35.79,34.80,0.81,-1,-1,-1
305,1229,200.80,285.91,51.54,29.72,0.53,-1,-1,-1
305,1231,488.47,667.24,29.61,54.20,0.51,-1,-1,-1
305,1234,508.65,653.84,36.17,44.43,0.60,-1,-1,-1
305,1239,959.99,525.68,66.83,59.16,0.75,-1,-1,-1
305,1100,439.06,302.32,46.13,26.82,0.82,-1,-1,-1
305,1246,1027.93,586.31,19.87,41.86,0.77,-1,-1,-1
305,1247,63.03,429.85,17.13,33.02,0.33,-1,-1,-1
305,1248,102.11,405.16,20.39,29.07,0.81,-1,-1,-1
305,1250,972.41,500.89,25.59,27.87,0.54,-1,-1,-1
305,1251,482.72,673.05,43.12,55.17,0.69,-1,-1,-1
305,1254,55.93,399.84,22.79,35.21,0.45,-1,-1,-1
305,1255,311.18,297.88,24.15,22.05,0.65,-1,-1,-1
305,1260,261.94,666.38,24.54,48.18,0.51,-1,-1,-1
305,1266,1145.87,367.54,86.13,36.75,0.88,-1,-1,-1
305,1272,892.47,443.83,31.97,22.31,0.31,-1,-1,-1
305,1140,102.24,697.40,48.20,48.47,0.52,-1,-1,-1
305,1277,118.85,383.04,18.14,30.79,0.52,-1,-1,-1
305,1280,508.25,398.43,34.62,23.64,0.55,-1,-1,-1
305,1283,0.00,276.22,13.42,23.16,0.24,-1,-1,-1
305,1259,1067.68,380.67,32.56,22.70,0.25,-1,-1,-1
305,1284,818.36,406.28,124.83,47.84,0.71,-1,-1,-1
305,1286,412.67,379.21,14.79,31.94,0.64,-1,-1,-1
305,1287,26.13,307.75,18.77,25.57,0.59,-1,-1,-1
305,1288,108.19,686.03,26.31,38.51,0.45,-1,-1,-1
305,1290,239.11,506.84,25.04,32.31,0.22,-1,-1,-1
305,1296,426.38,680.10,60.87,73.75,0.16,-1,-1,-1
305,1297,1236.46,632.38,42.20,52.38,0.52,-1,-1,-1
305,1301,1319.01,661.22,24.44,50.31,0.68,-1,-1,-1
305,1302,613.22,344.54,36.01,25.39,0.50,-1,-1,-1
305,1282,934.24,316.57,56.67,35.81,0.31,-1,-1,-1
305,1305,469.50,370.56,15.49,30.77,0.39,-1,-1,-1
305,1274,316.69,405.09,21.50,21.33,0.75,-1,-1,-1
305,1309,534.42,428.56,17.33,29.34,0.69,-1,-1,-1
306,1013,479.83,304.89,44.60,25.89,0.85,-1,-1,-1
306,1060,279.38,293.60,40.73,25.46,0.78,-1,-1,-1
306,1063,251.71,352.73,62.19,43.97,0.85,-1,-1,-1
306,1069,633.96,353.42,66.51,34.61,0.69,-1,-1,-1
306,1072,118.43,301.12,74.50,31.97,0.67,-1,-1,-1
306,1077,702.67,422.38,87.42,40.85,0.83,-1,-1,-1
306,1082,66.23,311.15,36.70,29.93,0.66,-1,-1,-1
306,1098,498.03,323.62,64.84,25.38,0.84,-1,-1,-1
306,1102,322.11,356.07,35.18,41.86,0.80,-1,-1,-1
306,1110,225.83,350.15,54.41,38.29,0.67,-1,-1,-1
306,1113,379.68,356.00,40.75,39.88,0.84,-1,-1,-1
306,1117,466.89,465.27,108.71,53.71,0.86,-1,-1,-1
306,1122,773.83,325.94,49.19,38.05,0.61,-1,-1,-1
306,1126,578.33,436.23,91.16,42.39,0.87,-1,-1,-1
306,1128,472.89,348.29,41.67,38.50,0.80,-1,-1,-1
306,1108,337.17,510.26,128.47,67.91,0.88,-1,-1,-1
306,1145,716.44,335.55,41.34,31.39,0.76,-1,-1,-1
306,1147,517.40,345.66,41.74,37.74,0.74,-1,-1,-1
306,1085,381.70,300.41,37.97,25.17,0.80,-1,-1,-1
306,1187,566.86,342.61,47.76,38.25,0.68,-1,-1,-1
306,1200,154.94,330.79,103.59,38.41,0.62,-1,-1,-1
306,1213,689.69,452.76,95.90,41.34,0.80,-1,-1,-1
306,1129,407.80,301.69,41.29,26.69,0.79,-1,-1,-1
306,1223,547.20,598.59,54.77,39.73,0.40,-1,-1,-1
306,1228,430.39,356.04,37.19,35.98,0.81,-1,-1,-1
306,1229,198.76,288.06,50.04,28.91,0.67,-1,-1,-1
306,1231,487.51,673.06,30.83,56.94,0.45,-1,-1,-1
306,1234,507.56,661.04,36.55,44.10,0.57,-1,-1,-1
306,1239,958.88,528.92,67.90,60.64,0.76,-1,-1,-1
306,1100,437.95,303.49,46.17,26.98,0.81,-1,-1,-1
306,1246,1032.06,590.70,19.99,42.34,0.73,-1,-1,-1
306,1248,99.25,405.24,21.98,31.79,0.62,-1,-1,-1
306,1250,980.76,501.28,25.74,28.61,0.43,-1,-1,-1
306,1251,483.34,683.01,40.94,52.10,0.58,-1,-1,-1
306,1254,51.97,399.85,21.94,33.95,0.44,-1,-1,-1
306,1255,308.84,298.85,24.73,22.66,0.64,-1,-1,-1
306,1260,258.90,672.40,25.53,50.44,0.49,-1,-1,-1
306,1266,1143.21,368.84,86.77,36.89,0.90,-1,-1,-1
306,1272,890.69,446.17,31.97,22.13,0.46,-1,-1,-1
306,1140,92.97,700.51,48.32,48.57,0.23,-1,-1,-1
306,1277,115.37,384.44,17.46,29.54,0.56,-1,-1,-1
306,1280,509.91,398.40,36.37,25.06,0.63,-1,-1,-1
306,1259,1064.89,380.23,34.25,24.67,0.36,-1,-1,-1
306,1284,816.72,406.70,128.56,49.65,0.74,-1,-1,-1
306,1286,410.40,380.97,15.36,32.86,0.71,-1,-1,-1
306,1287,22.32,308.77,18.42,25.29,0.41,-1,-1,-1
306,1288,98.54,690.93,27.79,40.56,0.33,-1,-1,-1
306,1290,235.25,508.51,24.98,32.30,0.22,-1,-1,-1
306,1296,427.44,686.19,57.29,69.45,0.57,-1,-1,-1
306,1297,1242.05,636.69,43.14,53.64,0.69,-1,-1,-1
306,1301,1322.68,667.12,21.32,50.46,0.62,-1,-1,-1
306,1302,610.10,345.97,36.98,26.24,0.45,-1,-1,-1
306,1282,935.20,317.97,55.20,34.82,0.18,-1,-1,-1
306,1305,468.47,372.57,15.67,31.31,0.54,-1,-1,-1
306,1274,313.38,405.93,22.63,22.29,0.47,-1,-1,-1
306,1298,329.58,288.96,58.35,35.58,0.57,-1,-1,-1
307,1013,477.09,305.92,44.14,25.72,0.79,-1,-1,-1
307,1060,276.21,294.65,40.80,25.66,0.70,-1,-1,-1
307,1063,247.93,354.57,62.17,43.94,0.86,-1,-1,-1
307,1069,632.85,354.87,66.51,34.31,0.76,-1,-1,-1
307,1072,114.87,302.31,73.13,31.38,0.66,-1,-1,-1
307,1077,701.26,424.33,88.40,41.20,0.83,-1,-1,-1
307,1082,62.06,312.61,36.39,29.81,0.71,-1,-1,-1
307,1098,495.66,325.56,64.53,25.17,0.84,-1,-1,-1
307,1102,318.96,358.13,34.98,41.75,0.79,-1,-1,-1
307,1110,216.97,350.82,55.19,39.10,0.61,-1,-1,-1
307,1113,376.76,357.19,41.16,40.22,0.83,-1,-1,-1
307,1117,460.46,468.69,110.35,54.88,0.86,-1,-1,-1
307,1122,765.09,326.49,52.16,38.86,0.65,-1,-1,-1
307,1126,576.06,438.33,93.79,43.74,0.87,-1,-1,-1
307,1128,470.78,350.60,41.16,37.80,0.81,-1,-1,-1
307,1108,331.46,516.65,126.48,67.40,0.90,-1,-1,-1
307,1145,715.83,337.43,40.96,30.88,0.79,-1,-1,-1
307,1147,514.11,345.48,43.82,39.88,0.79,-1,-1,-1
307,1085,378.99,301.42,37.88,25.22,0.77,-1,-1,-1
307,1187,564.79,343.80,47.95,38.36,0.78,-1,-1,-1
307,1200,150.84,331.40,107.06,39.85,0.73,-1,-1,-1
307,1213,685.78,456.22,95.04,40.56,0.84,-1,-1,-1
307,1129,405.47,302.74,41.66,27.05,0.77,-1,-1,-1
307,1223,541.07,602.54,57.66,41.81,0.57,-1,-1,-1
307,1228,427.31,357.21,37.10,36.25,0.79,-1,-1,-1
307,1229,193.67,288.46,51.47,29.75,0.56,-1,-1,-1
307,1231,488.39,682.35,31.39,57.72,0.12,-1,-1,-1
307,1234,509.23,666.27,35.78,43.76,0.25,-1,-1,-1
307,1239,962.49,532.39,68.77,60.97,0.47,-1,-1,-1
307,1100,434.68,304.32,46.71,27.25,0.74,-1,-1,-1
307,1246,1035.99,595.61,20.13,42.61,0.80,-1,-1,-1
307,1248,95.97,406.98,22.03,32.07,0.18,-1,-1,-1
307,1250,988.87,509.78,25.01,26.53,0.63,-1,-1,-1
307,1251,482.28,690.73,40.14,50.95,0.60,-1,-1,-1
307,1254,47.12,402.25,20.89,32.14,0.50,-1,-1,-1
307,1255,304.65,299.71,25.19,23.21,0.69,-1,-1,-1
307,1260,254.31,680.47,26.02,51.91,0.54,-1,-1,-1
307,1266,1138.97,369.38,88.38,37.42,0.88,-1,-1,-1
307,1272,887.90,448.82,32.28,22.17,0.54,-1,-1,-1
307,1140,82.22,701.85,50.20,50.47,0.38,-1,-1,-1
307,1277,110.27,385.56,17.86,30.19,0.55,-1,-1,-1
307,1280,511.21,398.30,37.80,26.31,0.39,-1,-1,-1
307,1284,815.36,407.93,129.99,50.68,0.48,-1,-1,-1
307,1286,407.85,383.13,15.06,32.17,0.59,-1,-1,-1
307,1287,16.82,309.43,18.25,25.20,0.54,-1,-1,-1
307,1296,426.99,693.00,53.46,63.00,0.23,-1,-1,-1
307,1297,1248.98,642.57,42.26,52.68,0.66,-1,-1,-1
307,1302,611.87,345.90,38.35,26.81,0.39,-1,-1,-1
307,1305,465.52,374.61,15.51,31.04,0.50,-1,-1,-1
307,1274,310.74,409.03,22.31,21.59,0.57,-1,-1,-1
307,1315,425.19,374.43,15.43,30.53,0.54,-1,-1,-1
307,1298,326.50,288.89,60.39,36.86,0.61,-1,-1,-1
308,1013,474.69,307.30,44.06,25.67,0.84,-1,-1,-1
308,1060,273.44,296.20,40.06,25.27,0.76,-1,-1,-1
308,1063,243.01,356.29,63.16,44.69,0.84,-1,-1,-1
308,1069,628.91,354.09,71.08,36.72,0.78,-1,-1,-1
308,1072,111.16,304.53,70.76,30.31,0.64,-1,-1,-1
308,1077,701.09,427.42,87.87,40.84,0.85,-1,-1,-1
308,1082,56.79,314.21,36.75,30.04,0.60,-1,-1,-1
308,1098,492.18,326.76,65.99,25.77,0.82,-1,-1,-1
308,1102,314.57,359.92,35.36,42.25,0.83,-1,-1,-1
308,1110,218.12,352.31,58.05,40.73,0.68,-1,-1,-1
308,1113,373.66,359.08,41.27,40.28,0.81,-1,-1,-1
308,1117,454.04,471.67,111.94,56.07,0.87,-1,-1,-1
308,1122,762.77,328.32,53.02,38.50,0.61,-1,-1,-1
308,1126,573.79,440.47,95.02,44.52,0.87,-1,-1,-1
308,1128,467.12,351.91,42.33,38.95,0.81,-1,-1,-1
308,1108,323.76,521.49,129.19,69.76,0.89,-1,-1,-1
308,1145,714.17,338.87,40.66,30.46,0.79,-1,-1,-1
308,1147,512.54,348.22,42.98,39.17,0.80,-1,-1,-1
308,1085,375.02,302.61,37.78,25.30,0.77,-1,-1,-1
308,1187,562.26,345.03,49.10,39.26,0.79,-1,-1,-1
308,1200,144.58,334.23,101.63,38.01,0.56,-1,-1,-1
308,1213,678.31,458.36,98.57,42.18,0.84,-1,-1,-1
308,1129,403.13,303.87,41.10,26.65,0.77,-1,-1,-1
308,1223,536.16,612.39,56.94,41.02,0.69,-1,-1,-1
308,1228,425.04,359.00,37.48,36.47,0.74,-1,-1,-1
308,1229,187.28,289.45,52.62,30.24,0.56,-1,-1,-1
308,1239,965.59,538.34,66.04,57.90,0.41,-1,-1,-1
308,1100,430.79,305.29,47.12,27.54,0.75,-1,-1,-1
308,1246,1038.87,600.57,20.35,43.08,0.77,-1,-1,-1
308,1250,996.96,514.70,24.60,24.92,0.58,-1,-1,-1
308,1251,480.24,698.63,40.10,50.71,0.59,-1,-1,-1
308,1254,40.81,402.83,20.59,31.47,0.73,-1,-1,-1
308,1255,301.00,301.37,24.81,22.87,0.72,-1,-1,-1
308,1260,249.96,685.38,27.68,55.81,0.56,-1,-1,-1
308,1266,1133.62,371.07,90.24,38.20,0.87,-1,-1,-1
308,1272,883.35,449.81,34.62,23.81,0.26,-1,-1,-1
308,1140,72.84,708.27,47.34,47.16,0.20,-1,-1,-1
308,1280,513.43,400.76,36.89,25.66,0.37,-1,-1,-1
308,1284,815.65,409.52,129.80,51.00,0.45,-1,-1,-1
308,1286,404.21,385.72,14.86,31.74,0.63,-1,-1,-1
308,1297,1253.23,646.60,43.92,55.00,0.49,-1,-1,-1
308,1302,608.68,348.03,38.82,27.11,0.61,-1,-1,-1
308,1305,463.02,377.35,15.37,30.67,0.53,-1,-1,-1
308,1274,306.90,412.35,21.63,20.87,0.70,-1,-1,-1
308,1315,421.80,376.18,15.45,30.62,0.51,-1,-1,-1
308,1298,323.89,289.37,61.21,37.28,0.43,-1,-1,-1
309,1013,471.10,308.71,44.23,25.75,0.81,-1,-1,-1
309,1060,266.93,297.97,39.52,25.20,0.66,-1,-1,-1
309,1063,237.93,358.52,62.96,44.61,0.82,-1,-1,-1
309,1069,623.95,354.78,74.88,39.04,0.74,-1,-1,-1
309,1072,103.10,306.02,71.86,30.69,0.71,-1,-1,-1
309,1077,700.05,430.41,87.99,40.76,0.87,-1,-1,-1
309,1082,49.57,315.82,37.41,30.61,0.57,-1,-1,-1
309,1098,486.79,327.46,69.13,27.06,0.77,-1,-1,-1
309,1102,309.88,361.95,35.73,42.69,0.77,-1,-1,-1
309,1110,211.57,354.48,58.06,40.78,0.62,-1,-1,-1
309,1113,369.19,360.53,42.53,41.56,0.81,-1,-1,-1
309,1117,448.78,475.74,111.91,56.36,0.88,-1,-1,-1
309,1122,759.72,329.20,54.63,38.78,0.68,-1,-1,-1
309,1126,570.94,443.28,95.83,45.13,0.87,-1,-1,-1
309,1128,463.77,353.61,42.00,38.66,0.86,-1,-1,-1
309,1108,314.20,526.84,131.79,72.13,0.91,-1,-1,-1
309,1145,710.88,339.75,42.19,31.55,0.80,-1,-1,-1
309,1147,509.76,351.32,42.10,38.16,0.80,-1,-1,-1
309,1085,370.82,303.74,38.47,25.81,0.78,-1,-1,-1
309,1187,559.68,346.94,49.44,39.50,0.66,-1,-1,-1
309,1200,134.76,335.82,101.94,38.66,0.63,-1,-1,-1
309,1213,671.94,460.73,101.06,43.34,0.88,-1,-1,-1
309,1129,398.66,305.35,40.83,26.42,0.73,-1,-1,-1
309,1223,530.29,618.95,59.06,42.66,0.56,-1,-1,-1
309,1228,420.65,361.20,36.40,35.35,0.74,-1,-1,-1
309,1229,183.51,291.27,52.21,30.00,0.56,-1,-1,-1
309,1239,965.41,542.09,69.53,60.63,0.60,-1,-1,-1
309,1100,427.67,306.89,46.49,27.14,0.72,-1,-1,-1
309,1246,1042.00,605.60,20.33,43.14,0.70,-1,-1,-1
309,1250,1003.78,516.05,27.33,27.01,0.61,-1,-1,-1
309,1251,475.59,699.22,41.96,54.05,0.52,-1,-1,-1
309,1254,33.93,405.54,20.25,30.46,0.77,-1,-1,-1
309,1255,296.17,302.53,25.88,23.72,0.58,-1,-1,-1
309,1260,245.62,691.60,26.88,54.43,0.49,-1,-1,-1
309,1266,1129.37,373.81,88.96,37.60,0.87,-1,-1,-1
309,1272,881.98,446.72,37.48,27.02,0.51,-1,-1,-1
309,1140,62.22,714.20,43.05,41.80,0.22,-1,-1,-1
309,1280,510.06,397.64,43.56,30.85,0.52,-1,-1,-1
309,1284,814.29,411.10,130.73,51.81,0.34,-1,-1,-1
309,1286,400.26,388.27,15.07,32.31,0.53,-1,-1,-1
309,1297,1256.77,651.88,44.25,55.69,0.59,-1,-1,-1
309,1302,604.56,348.65,40.07,28.05,0.47,-1,-1,-1
309,1274,301.74,414.97,22.32,21.41,0.70,-1,-1,-1
309,1315,417.51,378.95,15.50,30.65,0.56,-1,-1,-1
309,1298,318.59,291.01,61.63,37.56,0.32,-1,-1,-1
310,1013,466.53,310.14,43.92,25.47,0.84,-1,-1,-1
310,1060,261.74,299.20,40.15,25.59,0.74,-1,-1,-1
310,1063,232.84,361.59,61.52,43.49,0.88,-1,-1,-1
310,1069,620.56,356.88,74.48,39.10,0.67,-1,-1,-1
310,1072,95.87,307.85,74.05,31.42,0.69,-1,-1,-1
310,1077,696.61,432.72,90.28,41.86,0.88,-1,-1,-1
310,1082,41.65,317.51,38.80,31.77,0.56,-1,-1,-1
310,1098,484.30,329.56,67.31,26.25,0.82,-1,-1,-1
310,1102,304.48,364.07,36.02,42.95,0.77,-1,-1,-1
310,1110,208.40,356.30,60.41,41.50,0.54,-1,-1,-1
310,1113,364.13,363.14,42.06,41.12,0.84,-1,-1,-1
310,1117,441.55,480.22,112.00,56.65,0.89,-1,-1,-1
310,1122,757.98,329.99,56.39,39.92,0.69,-1,-1,-1
310,1126,568.60,446.45,95.10,44.82,0.87,-1,-1,-1
310,1128,458.61,354.41,43.17,39.88,0.81,-1,-1,-1
310,1108,304.34,533.80,133.46,73.98,0.92,-1,-1,-1
310,1145,708.23,341.34,42.03,31.20,0.81,-1,-1,-1
310,1147,506.37,354.42,41.27,37.20,0.76,-1,-1,-1
310,1085,366.95,305.22,38.56,25.67,0.79,-1,-1,-1
310,1187,555.65,348.24,49.79,39.80,0.73,-1,-1,-1
310,1200,134.09,336.56,95.71,35.88,0.57,-1,-1,-1
310,1213,662.48,462.88,104.89,45.13,0.89,-1,-1,-1
310,1129,394.28,307.23,40.45,26.00,0.79,-1,-1,-1
310,1223,520.74,623.43,65.31,47.74,0.66,-1,-1,-1
310,1228,415.80,362.77,37.34,36.19,0.77,-1,-1,-1
310,1229,178.12,292.30,51.88,29.94,0.54,-1,-1,-1
310,1239,963.32,545.32,73.24,64.31,0.71,-1,-1,-1
310,1100,422.56,308.18,46.94,27.40,0.69,-1,-1,-1
310,1246,1044.10,610.14,20.72,43.95,0.71,-1,-1,-1
310,1250,1010.08,516.11,29.87,29.29,0.55,-1,-1,-1
310,1251,472.16,704.71,39.18,51.29,0.37,-1,-1,-1
310,1254,25.98,405.92,20.83,30.97,0.78,-1,-1,-1
310,1255,290.26,303.68,25.76,23.64,0.67,-1,-1,-1
310,1260,239.80,699.55,25.36,50.86,0.52,-1,-1,-1
310,1266,1124.58,376.36,87.68,36.85,0.83,-1,-1,-1
310,1280,512.19,402.01,40.75,29.02,0.20,-1,-1,-1
310,1284,813.26,413.63,129.70,51.69,0.54,-1,-1,-1
310,1286,395.24,389.93,15.62,33.36,0.61,-1,-1,-1
310,1297,1260.83,656.44,44.85,56.72,0.48,-1,-1,-1
310,1302,602.63,348.66,41.98,29.11,0.54,-1,-1,-1
310,1274,295.81,417.41,23.52,22.59,0.63,-1,-1,-1
310,1315,412.51,381.26,15.66,31.10,0.48,-1,-1,-1
310,1298,323.06,291.69,58.53,36.71,0.41,-1,-1,-1
310,1317,1064.35,356.14,14.98,26.71,0.60,-1,-1,-1
311,1013,461.11,311.25,45.10,26.14,0.85,-1,-1,-1
311,1060,255.66,300.71,41.19,26.05,0.76,-1,-1,-1
311,1063,225.59,364.04,62.29,43.94,0.87,-1,-1,-1
311,1069,615.85,358.58,74.73,39.63,0.71,-1,-1,-1
311,1072,86.95,309.19,75.62,31.99,0.74,-1,-1,-1
311,1077,693.39,435.35,90.38,41.83,0.91,-1,-1,-1
311,1082,33.24,319.29,39.38,32.24,0.58,-1,-1,-1
311,1098,479.92,330.62,67.83,26.37,0.84,-1,-1,-1
311,1102,297.78,366.35,36.75,43.77,0.81,-1,-1,-1
311,1110,194.33,358.06,65.00,43.57,0.58,-1,-1,-1
311,1113,358.34,365.08,42.63,41.58,0.78,-1,-1,-1
311,1117,433.32,484.36,114.05,58.01,0.88,-1,-1,-1
311,1122,753.51,331.47,57.37,40.18,0.63,-1,-1,-1
311,1126,564.34,448.87,96.47,45.57,0.88,-1,-1,-1
311,1128,453.37,356.41,43.63,40.32,0.80,-1,-1,-1
311,1108,294.37,539.79,135.53,76.16,0.91,-1,-1,-1
311,1145,704.14,342.41,42.43,31.22,0.80,-1,-1,-1
311,1147,501.53,356.03,41.20,36.88,0.78,-1,-1,-1
311,1085,361.07,306.54,38.54,25.54,0.75,-1,-1,-1
311,1187,551.16,349.97,50.23,40.02,0.78,-1,-1,-1
311,1200,129.35,339.35,104.85,39.28,0.73,-1,-1,-1
311,1213,655.28,466.52,105.42,45.55,0.86,-1,-1,-1
311,1129,388.15,308.24,40.93,26.35,0.76,-1,-1,-1
311,1223,512.96,630.50,65.99,48.57,0.45,-1,-1,-1
311,1228,409.92,364.78,37.70,36.76,0.76,-1,-1,-1
311,1229,169.65,293.01,53.81,31.20,0.60,-1,-1,-1
311,1239,964.60,548.95,73.07,64.01,0.69,-1,-1,-1
311,1100,417.00,309.13,47.37,27.79,0.83,-1,-1,-1
311,1246,1045.97,615.09,20.45,43.34,0.75,-1,-1,-1
311,1250,1016.75,519.27,29.59,28.44,0.62,-1,-1,-1
311,1251,471.24,711.93,34.94,44.07,0.41,-1,-1,-1
311,1254,16.35,406.72,22.12,32.60,0.83,-1,-1,-1
311,1255,283.90,305.06,25.85,23.83,0.61,-1,-1,-1
311,1260,234.23,706.32,24.96,49.25,0.50,-1,-1,-1
311,1266,1117.49,378.51,88.56,37.08,0.86,-1,-1,-1
311,1280,513.62,405.58,37.97,27.10,0.55,-1,-1,-1
311,1284,812.46,416.38,128.37,51.20,0.16,-1,-1,-1
311,1286,390.05,392.79,15.32,32.94,0.59,-1,-1,-1
311,1297,1265.17,661.67,44.24,56.28,0.30,-1,-1,-1
311,1302,595.52,350.13,43.18,30.30,0.51,-1,-1,-1
311,1274,289.59,420.37,23.00,22.16,0.65,-1,-1,-1
311,1315,407.66,384.02,15.28,30.42,0.56,-1,-1,-1
311,1298,321.93,291.82,53.65,34.38,0.11,-1,-1,-1
311,1317,1065.91,357.16,14.68,26.11,0.54,-1,-1,-1
311,1319,966.85,608.53,54.05,41.79,0.62,-1,-1,-1
311,1282,925.21,322.92,57.69,36.70,0.60,-1,-1,-1
312,1013,455.80,312.22,45.43,26.35,0.85,-1,-1,-1
312,1060,246.90,301.87,42.10,26.81,0.77,-1,-1,-1
312,1063,217.94,365.75,63.69,45.00,0.86,-1,-1,-1
312,1069,611.14,358.72,77.30,41.32,0.78,-1,-1,-1
312,1072,79.84,310.76,75.70,32.13,0.67,-1,-1,-1
312,1077,690.50,437.81,91.12,42.16,0.91,-1,-1,-1
312,1082,22.64,320.57,40.95,33.41,0.43,-1,-1,-1
312,1098,473.38,332.13,69.41,26.93,0.79,-1,-1,-1
312,1102,290.96,368.30,37.10,44.25,0.78,-1,-1,-1
312,1110,187.68,361.41,63.66,41.57,0.59,-1,-1,-1
312,1113,351.38,367.15,43.61,42.55,0.78,-1,-1,-1
312,1117,423.71,488.23,116.42,59.62,0.88,-1,-1,-1
312,1122,749.23,331.71,58.50,40.75,0.74,-1,-1,-1
312,1126,559.28,451.56,98.28,46.59,0.89,-1,-1,-1
312,1128,447.98,358.85,43.91,40.59,0.84,-1,-1,-1
312,1108,284.90,549.00,133.95,75.87,0.91,-1,-1,-1
312,1145,699.65,343.02,43.83,32.19,0.80,-1,-1,-1
312,1147,495.22,356.59,43.97,39.57,0.81,-1,-1,-1
312,1085,354.02,307.60,39.78,26.46,0.76,-1,-1,-1
312,1187,545.33,351.33,51.59,41.21,0.75,-1,-1,-1
312,1200,122.42,341.56,109.71,41.08,0.73,-1,-1,-1
312,1213,646.61,469.62,106.99,46.43,0.87,-1,-1,-1
312,1129,381.44,309.16,42.16,27.33,0.77,-1,-1,-1
312,1223,506.13,637.88,64.44,47.46,0.68,-1,-1,-1
312,1228,404.37,366.37,39.70,38.38,0.78,-1,-1,-1
312,1229,158.72,295.57,54.16,31.24,0.34,-1,-1,-1
312,1239,966.33,553.08,71.14,61.57,0.72,-1,-1,-1
312,1100,410.35,310.45,48.23,28.23,0.77,-1,-1,-1
312,1246,1047.59,620.31,20.28,43.20,0.70,-1,-1,-1
312,1250,1023.03,520.72,30.31,28.79,0.75,-1,-1,-1
312,1251,472.81,711.23,34.06,44.77,0.12,-1,-1,-1
312,1254,6.39,408.64,22.45,32.51,0.67,-1,-1,-1
312,1255,277.09,306.80,26.30,24.27,0.62,-1,-1,-1
312,1266,1109.40,380.21,89.97,37.68,0.85,-1,-1,-1
312,1280,511.92,406.47,39.06,28.21,0.43,-1,-1,-1
312,1284,811.12,419.52,125.31,49.96,0.56,-1,-1,-1
312,1286,383.61,395.45,15.33,32.94,0.68,-1,-1,-1
312,1297,1267.36,666.35,45.09,57.72,0.53,-1,-1,-1
312,1302,602.21,350.00,48.35,31.81,0.49,-1,-1,-1
312,1274,282.08,422.47,24.28,23.31,0.32,-1,-1,-1
312,1315,401.40,386.19,15.21,30.13,0.61,-1,-1,-1
312,1317,1067.27,358.51,14.75,26.18,0.61,-1,-1,-1
312,1319,968.60,613.36,52.19,40.32,0.58,-1,-1,-1
312,1322,1302.53,382.06,38.89,33.56,0.68,-1,-1,-1
312,1323,767.55,420.02,31.94,23.50,0.57,-1,-1,-1
312,1282,923.28,324.28,56.50,36.16,0.61,-1,-1,-1
312,1247,67.83,433.47,16.79,30.20,0.60,-1,-1,-1
313,1013,448.67,313.44,46.45,26.98,0.83,-1,-1,-1
313,1060,240.08,303.64,41.73,26.58,0.75,-1,-1,-1
313,1063,209.21,368.58,64.38,45.38,0.87,-1,-1,-1
313,1069,607.23,361.22,75.22,40.46,0.82,-1,-1,-1
313,1072,68.26,312.92,79.45,33.71,0.73,-1,-1,-1
313,1077,685.65,441.04,92.60,42.86,0.88,-1,-1,-1
313,1082,11.17,322.33,42.28,34.41,0.62,-1,-1,-1
313,1098,466.08,334.16,70.68,27.48,0.84,-1,-1,-1
313,1102,282.87,370.99,37.59,44.75,0.76,-1,-1,-1
313,1110,179.81,364.41,62.01,40.51,0.63,-1,-1,-1
313,1113,344.15,369.08,44.04,43.12,0.87,-1,-1,-1
313,1117,413.76,492.13,118.02,60.67,0.89,-1,-1,-1
313,1122,742.61,333.34,59.08,40.33,0.70,-1,-1,-1
313,1126,554.71,454.86,97.92,46.57,0.87,-1,-1,-1
313,1128,441.71,360.97,43.50,40.07,0.80,-1,-1,-1
313,1108,270.10,553.73,139.95,80.44,0.90,-1,-1,-1
313,1145,694.76,344.82,43.62,31.98,0.80,-1,-1,-1
313,1147,487.78,356.52,46.26,41.84,0.80,-1,-1,-1
313,1085,347.57,309.05,40.12,26.59,0.77,-1,-1,-1
313,1187,539.37,353.05,52.45,42.02,0.70,-1,-1,-1
313,1200,125.73,345.46,111.43,42.90,0.60,-1,-1,-1
313,1213,638.11,473.59,107.82,47.01,0.88,-1,-1,-1
313,1129,374.48,310.53,43.90,28.40,0.73,-1,-1,-1
313,1223,496.98,645.55,65.75,48.62,0.66,-1,-1,-1
313,1228,397.48,368.72,39.61,38.12,0.79,-1,-1,-1
313,1229,151.49,297.34,54.77,31.67,0.64,-1,-1,-1
313,1239,964.90,557.16,71.18,61.08,0.79,-1,-1,-1
313,1100,403.29,311.79,49.41,29.08,0.75,-1,-1,-1
313,1246,1047.91,625.19,20.46,44.02,0.68,-1,-1,-1
313,1250,1028.71,522.28,30.69,28.70,0.72,-1,-1,-1
313,1254,0.00,409.76,20.89,33.63,0.16,-1,-1,-1
313,1255,269.90,309.18,25.34,23.37,0.69,-1,-1,-1
313,1266,1100.55,380.63,93.11,39.13,0.84,-1,-1,-1
313,1280,511.00,408.35,38.53,28.16,0.28,-1,-1,-1
313,1284,806.60,421.72,126.34,50.68,0.42,-1,-1,-1
313,1286,376.66,398.45,15.49,33.05,0.57,-1,-1,-1
313,1297,1269.12,670.82,45.47,58.66,0.60,-1,-1,-1
313,1302,601.49,352.60,49.78,30.53,0.35,-1,-1,-1
313,1274,274.29,425.82,24.10,23.13,0.77,-1,-1,-1
313,1315,393.62,388.88,15.49,30.55,0.59,-1,-1,-1
313,1317,1066.97,359.21,15.23,26.94,0.62,-1,-1,-1
313,1319,967.29,615.30,56.14,43.50,0.61,-1,-1,-1
313,1322,1298.75,384.75,37.93,32.45,0.67,-1,-1,-1
313,1323,759.23,416.53,36.49,27.19,0.52,-1,-1,-1
313,1282,920.25,324.99,56.66,36.71,0.57,-1,-1,-1
314,1013,440.51,315.13,47.04,27.37,0.85,-1,-1,-1
314,1060,231.83,305.79,40.64,25.74,0.78,-1,-1,-1
314,1063,199.99,371.40,64.91,45.83,0.85,-1,-1,-1
314,1069,601.31,362.52,77.07,41.57,0.74,-1,-1,-1
314,1072,58.74,315.59,79.97,33.90,0.73,-1,-1,-1
314,1077,680.83,444.47,92.99,42.91,0.89,-1,-1,-1
314,1082,0.75,324.86,41.88,34.48,0.59,-1,-1,-1
314,1098,459.62,335.49,71.82,28.02,0.77,-1,-1,-1
314,1102,273.96,373.42,38.20,45.56,0.79,-1,-1,-1
314,1110,166.43,366.98,62.98,40.41,0.57,-1,-1,-1
314,1113,335.86,371.54,44.14,43.28,0.83,-1,-1,-1
314,1117,402.68,496.94,121.12,62.68,0.89,-1,-1,-1
314,1122,733.54,334.26,61.31,40.96,0.59,-1,-1,-1
314,1126,548.15,458.26,100.03,47.78,0.86,-1,-1,-1
314,1128,433.69,363.14,44.33,40.85,0.79,-1,-1,-1
314,1108,255.65,560.13,144.48,84.30,0.90,-1,-1,-1
314,1145,688.73,345.31,44.75,32.90,0.78,-1,-1,-1
314,1147,480.61,357.24,47.33,43.12,0.79,-1,-1,-1
314,1085,338.49,311.00,40.66,27.15,0.79,-1,-1,-1
314,1187,534.06,355.51,52.11,41.62,0.70,-1,-1,-1
314,1200,109.63,347.12,109.91,42.34,0.63,-1,-1,-1
314,1213,627.74,477.17,109.53,47.85,0.89,-1,-1,-1
314,1129,365.62,311.94,44.47,28.86,0.70,-1,-1,-1
314,1223,486.27,651.02,70.34,52.64,0.50,-1,-1,-1
314,1228,389.81,371.27,40.21,38.57,0.82,-1,-1,-1
314,1229,140.37,299.70,54.34,31.09,0.70,-1,-1,-1
314,1239,962.61,560.13,74.21,63.38,0.81,-1,-1,-1
314,1100,395.38,312.74,50.42,29.83,0.77,-1,-1,-1
314,1246,1047.91,630.30,20.62,44.57,0.72,-1,-1,-1
314,1250,1032.21,521.71,33.04,30.90,0.63,-1,-1,-1
314,1255,261.29,310.95,25.75,23.67,0.42,-1,-1,-1
314,1266,1092.19,381.80,93.14,39.26,0.85,-1,-1,-1
314,1280,507.26,408.67,40.14,29.94,0.13,-1,-1,-1
314,1284,798.32,422.89,128.70,52.37,0.61,-1,-1,-1
314,1286,369.09,400.98,15.60,33.04,0.69,-1,-1,-1
314,1297,1270.58,676.56,44.94,58.29,0.63,-1,-1,-1
314,1274,265.74,430.24,23.36,22.26,0.71,-1,-1,-1
314,1315,386.43,391.23,15.63,30.85,0.67,-1,-1,-1
314,1317,1066.31,359.77,16.51,29.28,0.55,-1,-1,-1
314,1319,967.99,620.35,55.65,43.13,0.62,-1,-1,-1
314,1322,1295.22,387.83,37.33,31.33,0.70,-1,-1,-1
314,1282,914.08,325.52,57.84,37.56,0.52,-1,-1,-1
314,1327,478.95,468.68,34.99,26.96,0.61,-1,-1,-1
315,1013,432.25,316.53,47.74,27.80,0.83,-1,-1,-1
315,1060,222.03,307.49,42.84,26.94,0.76,-1,-1,-1
315,1063,188.70,374.74,65.87,46.34,0.86,-1,-1,-1
315,1069,593.65,364.65,76.21,41.35,0.77,-1,-1,-1
315,1072,48.61,317.31,78.78,33.53,0.74,-1,-1,-1
315,1077,674.90,446.74,93.02,42.91,0.89,-1,-1,-1
315,1082,0.00,326.21,35.17,36.80,0.61,-1,-1,-1
315,1098,452.49,337.34,71.34,27.81,0.80,-1,-1,-1
315,1102,264.49,376.21,38.83,46.32,0.80,-1,-1,-1
315,1110,152.50,369.10,68.88,43.38,0.54,-1,-1,-1
315,1113,327.00,374.30,44.42,43.59,0.81,-1,-1,-1
315,1117,390.79,502.21,123.16,64.06,0.88,-1,-1,-1
315,1122,726.76,335.55,61.96,40.41,0.60,-1,-1,-1
315,1126,541.42,461.73,100.32,48.01,0.90,-1,-1,-1
315,1128,426.04,365.42,44.66,41.09,0.77,-1,-1,-1
315,1108,241.20,567.83,147.05,87.07,0.91,-1,-1,-1
315,1145,682.93,347.07,45.45,33.49,0.80,-1,-1,-1
315,1147,473.28,359.76,46.81,42.64,0.78,-1,-1,-1
315,1085,329.25,312.55,40.91,27.42,0.79,-1,-1,-1
315,1187,526.69,357.65,51.87,41.36,0.70,-1,-1,-1
315,1200,89.21,348.46,113.89,44.09,0.78,-1,-1,-1
315,1213,617.22,480.05,112.65,49.52,0.88,-1,-1,-1
315,1129,356.00,313.72,45.00,29.37,0.71,-1,-1,-1
315,1223,477.48,659.76,67.03,50.11,0.62,-1,-1,-1
315,1228,381.45,373.54,41.26,39.28,0.78,-1,-1,-1
315,1229,129.88,301.10,56.27,32.14,0.67,-1,-1,-1
315,1239,958.75,563.80,77.84,66.11,0.72,-1,-1,-1
315,1100,386.73,314.64,50.58,29.96,0.76,-1,-1,-1
315,1246,1047.03,635.39,20.75,45.05,0.72,-1,-1,-1
315,1250,1035.08,519.79,35.93,33.93,0.65,-1,-1,-1
315,1255,251.12,312.03,26.42,24.57,0.58,-1,-1,-1
315,1266,1082.72,384.10,91.41,38.43,0.88,-1,-1,-1
315,1280,506.46,404.72,48.32,35.81,0.13,-1,-1,-1
315,1284,790.39,424.74,128.72,53.27,0.71,-1,-1,-1
315,1286,360.31,403.90,16.03,33.76,0.73,-1,-1,-1
315,1297,1270.61,680.38,45.76,59.77,0.61,-1,-1,-1
315,1274,255.62,434.53,23.18,22.03,0.63,-1,-1,-1
315,1315,377.98,394.52,15.82,31.12,0.64,-1,-1,-1
315,1317,1066.49,360.26,15.92,28.03,0.59,-1,-1,-1
315,1319,965.48,624.13,61.42,47.85,0.49,-1,-1,-1
315,1322,1287.10,388.05,40.71,33.11,0.76,-1,-1,-1
315,1282,908.62,326.32,57.52,37.64,0.51,-1,-1,-1
315,1327,471.33,471.09,35.91,27.67,0.65,-1,-1,-1
315,1302,588.76,353.70,58.24,33.97,0.50,-1,-1,-1
316,1013,422.96,318.15,48.81,28.54,0.82,-1,-1,-1
316,1060,209.89,309.35,42.65,27.05,0.74,-1,-1,-1
316,1063,178.03,377.35,66.32,46.73,0.87,-1,-1,-1
316,1069,587.64,366.05,76.88,41.94,0.78,-1,-1,-1
316,1072,34.29,320.12,78.61,32.91,0.69,-1,-1,-1
316,1077,668.61,449.12,94.01,43.30,0.83,-1,-1,-1
316,1098,442.16,338.38,74.78,29.33,0.77,-1,-1,-1
316,1102,254.94,379.15,39.02,46.45,0.79,-1,-1,-1
316,1110,141.90,371.35,72.39,45.41,0.59,-1,-1,-1
316,1113,317.22,376.71,45.67,44.77,0.87,-1,-1,-1
316,1117,377.25,506.86,126.42,66.17,0.90,-1,-1,-1
316,1122,715.77,336.88,64.59,40.75,0.67,-1,-1,-1
316,1126,533.91,465.39,101.38,48.63,0.89,-1,-1,-1
316,1128,417.21,367.99,45.07,41.31,0.82,-1,-1,-1
316,1108,227.71,578.63,145.45,86.97,0.92,-1,-1,-1
316,1145,676.68,349.01,45.47,33.42,0.81,-1,-1,-1
316,1147,465.70,362.99,46.01,41.78,0.72,-1,-1,-1
316,1085,319.24,314.38,41.73,28.08,0.73,-1,-1,-1
316,1187,518.88,359.68,52.59,41.89,0.66,-1,-1,-1
316,1200,80.59,352.60,113.37,44.15,0.80,-1,-1,-1
316,1213,608.43,484.38,112.16,49.44,0.90,-1,-1,-1
316,1129,347.31,315.55,44.74,29.26,0.65,-1,-1,-1
316,1223,467.09,666.72,68.24,51.11,0.65,-1,-1,-1
316,1228,372.09,376.03,41.06,39.06,0.75,-1,-1,-1
316,1229,117.68,302.20,58.31,33.50,0.55,-1,-1,-1
316,1239,953.58,567.50,80.50,68.73,0.69,-1,-1,-1
316,1100,376.26,316.57,51.20,30.19,0.80,-1,-1,-1
316,1246,1046.83,640.10,21.07,46.00,0.74,-1,-1,-1
316,1250,1040.18,522.59,35.06,32.89,0.64,-1,-1,-1
316,1255,240.75,313.95,26.58,24.87,0.74,-1,-1,-1
316,1266,1073.32,384.70,92.99,39.26,0.88,-1,-1,-1
316,1280,504.51,405.63,50.25,37.00,0.10,-1,-1,-1
316,1284,787.10,426.39,129.98,54.23,0.69,-1,-1,-1
316,1297,1271.03,684.98,45.42,59.73,0.61,-1,-1,-1
316,1274,244.20,437.04,23.77,22.67,0.67,-1,-1,-1
316,1315,368.40,396.65,16.73,32.89,0.69,-1,-1,-1
316,1317,1065.87,361.17,14.57,25.24,0.39,-1,-1,-1
316,1319,966.51,629.74,58.10,45.45,0.68,-1,-1,-1
316,1322,1277.35,387.80,44.82,35.21,0.81,-1,-1,-1
316,1282,903.54,326.93,56.70,37.31,0.57,-1,-1,-1
316,1327,460.15,471.85,40.34,31.20,0.69,-1,-1,-1
316,1302,581.45,356.79,61.15,33.81,0.41,-1,-1,-1
317,1013,413.52,319.59,49.34,28.92,0.85,-1,-1,-1
317,1060,200.39,310.97,43.31,27.23,0.76,-1,-1,-1
317,1063,166.08,381.54,66.32,46.62,0.87,-1,-1,-1
317,1069,580.64,369.78,74.72,40.73,0.78,-1,-1,-1
317,1072,18.06,323.38,80.51,33.14,0.77,-1,-1,-1
317,1077,659.99,451.66,96.90,44.68,0.87,-1,-1,-1
317,1098,433.77,340.69,74.23,29.16,0.84,-1,-1,-1
317,1102,243.71,382.61,39.20,46.71,0.75,-1,-1,-1
317,1110,132.29,374.88,73.23,44.39,0.60,-1,-1,-1
317,1113,307.14,379.90,45.45,44.63,0.81,-1,-1,-1
317,1117,364.39,512.28,128.23,67.70,0.89,-1,-1,-1
317,1122,709.92,338.21,64.97,40.40,0.53,-1,-1,-1
317,1126,526.09,468.02,103.05,49.58,0.89,-1,-1,-1
317,1128,407.47,370.43,45.93,42.02,0.79,-1,-1,-1
317,1108,210.82,588.37,147.18,88.83,0.91,-1,-1,-1
317,1145,669.34,351.08,44.91,32.83,0.79,-1,-1,-1
317,1147,458.03,369.12,43.84,39.23,0.74,-1,-1,-1
317,1085,310.07,316.19,42.43,28.22,0.60,-1,-1,-1
317,1187,510.82,362.30,51.89,41.23,0.65,-1,-1,-1
317,1200,72.81,356.18,110.81,42.96,0.83,-1,-1,-1
317,1213,594.58,487.93,115.97,51.31,0.85,-1,-1,-1
317,1129,337.71,317.46,44.71,29.21,0.69,-1,-1,-1
317,1223,456.94,673.68,65.51,48.61,0.69,-1,-1,-1
317,1228,362.74,378.68,40.33,37.97,0.74,-1,-1,-1
317,1229,105.33,304.90,57.47,32.86,0.64,-1,-1,-1
317,1239,950.31,571.82,81.57,69.59,0.51,-1,-1,-1
317,1100,367.12,318.58,51.19,30.19,0.78,-1,-1,-1
317,1246,1045.61,645.02,21.18,46.40,0.73,-1,-1,-1
317,1250,1044.82,525.11,33.42,30.90,0.61,-1,-1,-1
317,1255,229.43,314.94,27.31,25.70,0.55,-1,-1,-1
317,1266,1063.04,385.88,92.31,39.00,0.88,-1,-1,-1
317,1280,500.21,408.22,50.51,37.31,0.19,-1,-1,-1
317,1284,782.23,428.09,130.72,54.95,0.75,-1,-1,-1
317,1297,1269.86,689.20,45.72,60.61,0.70,-1,-1,-1
317,1315,359.33,399.66,16.29,31.95,0.52,-1,-1,-1
317,1317,1062.46,360.95,15.09,26.03,0.30,-1,-1,-1
317,1319,969.54,634.94,57.72,45.80,0.47,-1,-1,-1
317,1322,1264.26,387.97,48.20,36.46,0.85,-1,-1,-1
317,1282,895.51,327.63,57.46,37.73,0.53,-1,-1,-1
317,1327,451.92,478.60,37.57,29.03,0.62,-1,-1,-1
317,1302,563.43,358.97,59.53,32.99,0.59,-1,-1,-1
317,1332,402.46,397.98,15.44,33.16,0.54,-1,-1,-1
318,1013,402.96,321.40,49.37,28.93,0.85,-1,-1,-1
318,1060,186.52,312.91,45.14,28.22,0.75,-1,-1,-1
318,1063,151.52,382.97,69.00,48.69,0.84,-1,-1,-1
318,1069,572.28,371.61,76.44,41.70,0.74,-1,-1,-1
318,1072,4.11,325.77,83.29,34.33,0.75,-1,-1,-1
318,1077,649.61,454.15,102.05,47.43,0.88,-1,-1,-1
318,1098,421.74,342.35,75.60,29.70,0.81,-1,-1,-1
318,1102,230.59,385.59,40.33,47.94,0.76,-1,-1,-1
318,1110,120.43,378.17,74.39,44.47,0.59,-1,-1,-1
318,1113,295.37,382.84,46.94,46.10,0.81,-1,-1,-1
318,1117,349.80,518.27,129.21,68.54,0.89,-1,-1,-1
318,1122,699.76,340.02,66.20,40.52,0.49,-1,-1,-1
318,1126,515.42,471.22,106.44,51.59,0.85,-1,-1,-1
318,1128,396.66,372.85,46.47,42.46,0.79,-1,-1,-1
318,1108,190.61,598.40,151.82,92.45,0.91,-1,-1,-1
318,1145,659.99,353.47,44.71,32.55,0.80,-1,-1,-1
318,1147,448.80,373.88,41.38,36.37,0.74,-1,-1,-1
318,1085,297.70,318.10,42.74,28.48,0.73,-1,-1,-1
318,1187,501.80,365.37,51.63,40.62,0.76,-1,-1,-1
318,1200,59.84,358.52,112.13,43.77,0.81,-1,-1,-1
318,1213,582.33,492.63,116.30,51.59,0.85,-1,-1,-1
318,1129,325.84,319.40,44.94,29.24,0.79,-1,-1,-1
318,1223,443.01,681.27,67.41,49.90,0.42,-1,-1,-1
318,1228,349.47,380.99,42.57,40.29,0.73,-1,-1,-1
318,1229,88.65,308.20,56.01,32.17,0.66,-1,-1,-1
318,1239,945.88,575.78,82.09,69.91,0.59,-1,-1,-1
318,1100,356.12,320.52,50.95,29.95,0.75,-1,-1,-1
318,1246,1043.22,649.56,21.46,46.98,0.78,-1,-1,-1
318,1250,1050.39,525.21,31.98,30.00,0.54,-1,-1,-1
318,1266,1049.51,386.85,94.73,40.18,0.85,-1,-1,-1
318,1280,495.27,411.22,47.54,35.30,0.29,-1,-1,-1
318,1284,766.64,430.38,124.10,53.75,0.75,-1,-1,-1
318,1297,1268.21,694.33,44.92,59.94,0.65,-1,-1,-1
318,1317,1059.48,361.22,14.80,25.44,0.18,-1,-1,-1
318,1319,967.80,638.22,57.93,46.66,0.51,-1,-1,-1
318,1322,1249.02,387.96,51.33,37.38,0.83,-1,-1,-1
318,1282,889.01,328.35,56.53,37.68,0.55,-1,-1,-1
318,1327,440.77,485.20,36.66,28.31,0.62,-1,-1,-1
318,1302,548.98,362.64,56.59,31.64,0.60,-1,-1,-1
318,1286,345.60,404.76,15.71,32.97,0.56,-1,-1,-1
319,1013,389.87,323.15,50.48,29.61,0.83,-1,-1,-1
319,1060,171.43,316.03,45.22,28.11,0.73,-1,-1,-1
319,1063,135.56,386.40,70.84,50.22,0.83,-1,-1,-1
319,1069,559.31,373.45,78.64,43.07,0.77,-1,-1,-1
319,1072,0.00,329.45,73.01,32.90,0.65,-1,-1,-1
319,1077,640.09,456.69,104.85,49.21,0.89,-1,-1,-1
319,1098,411.11,344.72,74.72,29.36,0.84,-1,-1,-1
319,1102,215.46,388.95,41.02,48.84,0.79,-1,-1,-1
319,1110,103.13,382.58,76.81,45.27,0.66,-1,-1,-1
319,1113,281.10,385.67,48.02,47.11,0.79,-1,-1,-1
319,1117,332.09,523.69,132.94,71.07,0.89,-1,-1,-1
319,1122,686.82,340.24,69.88,41.83,0.50,-1,-1,-1
319,1126,505.97,475.90,105.16,51.07,0.90,-1,-1,-1
319,1128,384.09,375.77,46.89,42.75,0.79,-1,-1,-1
319,1108,168.79,607.91,156.12,96.12,0.90,-1,-1,-1
319,1145,648.02,353.50,47.27,34.44,0.78,-1,-1,-1
319,1147,434.27,373.72,46.43,40.75,0.70,-1,-1,-1
319,1085,284.49,320.27,43.38,28.71,0.64,-1,-1,-1
319,1187,490.11,366.95,52.89,41.39,0.59,-1,-1,-1
319,1200,46.70,361.56,110.94,43.68,0.70,-1,-1,-1
319,1213,566.73,496.38,118.07,52.66,0.85,-1,-1,-1
319,1129,312.49,320.97,46.68,30.16,0.62,-1,-1,-1
319,1223,429.71,692.85,64.71,47.34,0.64,-1,-1,-1
319,1228,337.73,383.82,44.62,41.89,0.73,-1,-1,-1
319,1229,81.64,309.14,48.16,27.32,0.27,-1,-1,-1
319,1239,938.12,578.82,82.75,70.68,0.71,-1,-1,-1
319,1100,343.11,321.79,53.20,31.32,0.69,-1,-1,-1
319,1246,1038.54,653.89,21.86,47.78,0.74,-1,-1,-1
319,1250,1050.01,524.92,32.71,30.78,0.59,-1,-1,-1
319,1266,1036.88,387.59,94.94,40.51,0.86,-1,-1,-1
319,1284,763.17,432.28,125.99,54.95,0.76,-1,-1,-1
319,1297,1264.88,698.45,43.26,57.55,0.50,-1,-1,-1
319,1319,964.97,644.25,55.64,45.48,0.52,-1,-1,-1
319,1322,1232.52,388.92,53.03,37.16,0.88,-1,-1,-1
319,1282,879.92,328.92,56.56,38.10,0.53,-1,-1,-1
319,1327,425.87,485.76,41.57,32.36,0.60,-1,-1,-1
319,1302,531.70,362.82,58.84,33.91,0.56,-1,-1,-1
320,1013,376.28,325.70,50.32,29.48,0.85,-1,-1,-1
320,1060,155.75,318.32,48.16,29.44,0.74,-1,-1,-1
320,1063,118.99,391.19,70.65,50.10,0.87,-1,-1,-1
320,1069,548.50,376.68,77.01,42.19,0.72,-1,-1,-1
320,1072,0.00,333.70,59.04,30.79,0.47,-1,-1,-1
320,1077,629.48,459.94,105.26,49.82,0.89,-1,-1,-1
320,1098,396.30,346.41,76.63,30.20,0.81,-1,-1,-1
320,1102,199.22,392.89,41.92,49.75,0.73,-1,-1,-1
320,1110,74.46,385.59,88.16,51.21,0.59,-1,-1,-1
320,1113,265.53,389.63,49.07,48.25,0.79,-1,-1,-1
320,1117,312.31,529.94,136.33,73.28,0.89,-1,-1,-1
320,1122,676.90,344.30,67.43,39.08,0.62,-1,-1,-1
320,1126,493.08,479.73,107.04,52.16,0.86,-1,-1,-1
320,1128,369.68,377.98,49.08,44.58,0.72,-1,-1,-1
320,1108,145.06,618.36,162.52,101.53,0.90,-1,-1,-1
320,1145,636.08,356.00,47.46,34.30,0.81,-1,-1,-1
320,1147,420.68,376.44,48.13,42.17,0.71,-1,-1,-1
320,1085,267.79,322.72,44.94,29.83,0.66,-1,-1,-1
320,1187,476.60,369.42,54.71,42.78,0.64,-1,-1,-1
320,1200,37.65,369.21,107.61,43.10,0.53,-1,-1,-1
320,1213,549.66,501.54,119.88,53.76,0.88,-1,-1,-1
320,1129,297.70,323.78,47.36,30.71,0.68,-1,-1,-1
320,1223,413.93,700.98,67.51,49.00,0.76,-1,-1,-1
320,1228,322.89,387.14,45.88,42.95,0.77,-1,-1,-1
320,1229,57.74,312.66,56.53,31.99,0.64,-1,-1,-1
320,1239,932.55,583.05,81.08,69.03,0.69,-1,-1,-1
320,1100,328.36,324.26,53.22,31.19,0.82,-1,-1,-1
320,1246,1032.45,657.91,22.04,48.19,0.73,-1,-1,-1
320,1250,1048.50,525.49,32.83,30.75,0.65,-1,-1,-1
320,1266,1023.85,388.30,92.50,39.57,0.84,-1,-1,-1
320,1284,754.61,435.23,124.51,54.92,0.60,-1,-1,-1
320,1297,1260.87,700.15,42.10,55.85,0.58,-1,-1,-1
320,1319,956.01,650.74,54.85,44.52,0.49,-1,-1,-1
320,1322,1214.78,389.71,54.88,37.05,0.88,-1,-1,-1
320,1282,868.28,330.31,55.74,37.66,0.50,-1,-1,-1
320,1327,411.82,491.37,41.21,32.12,0.72,-1,-1,-1
320,1302,520.04,365.48,56.60,33.21,0.55,-1,-1,-1
321,1013,362.11,328.14,50.11,29.26,0.80,-1,-1,-1
321,1060,135.76,321.59,47.71,29.17,0.71,-1,-1,-1
321,1063,99.72,396.95,70.64,49.81,0.87,-1,-1,-1
321,1069,535.28,375.68,83.34,45.85,0.76,-1,-1,-1
321,1077,618.19,462.76,106.35,50.86,0.89,-1,-1,-1
321,1098,381.35,349.69,77.06,30.41,0.83,-1,-1,-1
321,1102,181.58,396.73,43.01,50.97,0.80,-1,-1,-1
321,1110,55.74,388.94,85.90,48.82,0.38,-1,-1,-1
321,1113,249.63,392.92,50.05,49.16,0.76,-1,-1,-1
321,1117,292.81,537.31,138.19,74.64,0.88,-1,-1,-1
321,1122,665.05,347.03,66.49,37.98,0.62,-1,-1,-1
321,1126,479.80,483.60,110.71,54.23,0.88,-1,-1,-1
321,1128,355.12,381.43,49.52,44.96,0.73,-1,-1,-1
321,1108,120.85,632.51,164.63,103.66,0.90,-1,-1,-1
321,1145,624.70,357.32,47.36,34.17,0.81,-1,-1,-1
321,1147,405.93,378.81,48.49,42.14,0.70,-1,-1,-1
321,1085,251.92,325.20,45.98,30.43,0.64,-1,-1,-1
321,1187,464.98,375.19,51.96,40.04,0.63,-1,-1,-1
321,1200,14.91,371.35,109.23,43.85,0.71,-1,-1,-1
321,1213,533.93,506.20,121.73,54.93,0.87,-1,-1,-1
321,1129,281.28,326.04,47.41,31.10,0.64,-1,-1,-1
321,1223,400.78,710.92,63.02,44.61,0.52,-1,-1,-1
321,1228,306.31,390.21,48.02,45.00,0.69,-1,-1,-1
321,1229,35.98,315.86,60.37,34.11,0.73,-1,-1,-1
321,1239,923.07,587.24,80.97,69.13,0.72,-1,-1,-1
321,1100,313.04,327.04,53.99,31.61,0.77,-1,-1,-1
321,1246,1027.02,662.15,21.94,47.78,0.65,-1,-1,-1
321,1250,1047.55,527.15,31.91,29.57,0.51,-1,-1,-1
321,1266,1012.02,391.21,87.73,37.56,0.73,-1,-1,-1
321,1284,736.85,438.47,117.53,53.60,0.75,-1,-1,-1
321,1297,1257.56,703.59,39.50,52.41,0.56,-1,-1,-1
321,1319,962.35,658.52,48.13,40.22,0.63,-1,-1,-1
321,1322,1196.21,389.69,57.90,37.88,0.85,-1,-1,-1
321,1282,855.91,331.42,55.40,37.50,0.61,-1,-1,-1
321,1327,396.22,496.04,43.06,33.86,0.73,-1,-1,-1
321,1302,507.89,368.37,56.65,33.70,0.50,-1,-1,-1
322,1013,345.24,330.09,52.22,30.61,0.82,-1,-1,-1
322,1060,115.27,324.81,48.23,29.67,0.67,-1,-1,-1
322,1063,79.30,400.82,72.85,51.26,0.89,-1,-1,-1
322,1069,523.42,382.02,76.76,42.19,0.78,-1,-1,-1
322,1077,605.86,465.64,107.66,51.99,0.89,-1,-1,-1
322,1098,365.54,352.60,77.00,30.33,0.80,-1,-1,-1
322,1102,163.71,401.73,42.46,50.01,0.78,-1,-1,-1
322,1110,43.70,392.99,81.11,44.93,0.21,-1,-1,-1
322,1113,232.74,397.04,50.50,49.58,0.76,-1,-1,-1
322,1117,270.56,543.60,143.74,78.43,0.92,-1,-1,-1
322,1122,655.31,348.89,66.89,37.84,0.70,-1,-1,-1
322,1126,465.87,487.02,113.04,55.78,0.86,-1,-1,-1
322,1128,339.04,385.02,50.50,45.73,0.72,-1,-1,-1
322,1108,99.97,646.18,159.96,101.10,0.82,-1,-1,-1
322,1145,611.62,358.57,49.03,35.41,0.75,-1,-1,-1
322,1147,393.30,389.50,43.29,36.16,0.61,-1,-1,-1
322,1085,234.47,327.91,46.35,30.60,0.67,-1,-1,-1
322,1187,448.95,376.54,54.30,41.80,0.61,-1,-1,-1
322,1200,0.00,375.05,108.10,45.76,0.79,-1,-1,-1
322,1213,515.54,510.43,125.68,57.20,0.89,-1,-1,-1
322,1129,263.33,327.93,50.49,33.37,0.49,-1,-1,-1
322,1228,290.84,393.99,48.57,45.23,0.59,-1,-1,-1
322,1229,14.13,318.48,63.30,35.78,0.66,-1,-1,-1
322,1239,915.52,591.37,81.94,69.76,0.62,-1,-1,-1
322,1100,296.25,329.35,55.95,32.88,0.63,-1,-1,-1
322,1246,1019.62,666.56,22.66,49.17,0.65,-1,-1,-1
322,1266,999.61,392.07,87.61,38.11,0.64,-1,-1,-1
322,1284,719.44,440.53,114.88,54.66,0.76,-1,-1,-1
322,1297,1252.36,706.95,37.06,49.05,0.45,-1,-1,-1
322,1319,958.16,662.84,48.07,41.12,0.56,-1,-1,-1
322,1322,1177.51,390.03,60.57,38.43,0.82,-1,-1,-1
322,1282,843.33,331.49,56.30,38.44,0.62,-1,-1,-1
322,1327,380.61,499.31,45.27,36.06,0.71,-1,-1,-1
322,1302,509.09,366.77,66.62,37.65,0.65,-1,-1,-1
322,1345,1048.44,512.89,17.94,34.05,0.57,-1,-1,-1
322,1255,201.35,316.74,37.13,34.30,0.51,-1,-1,-1
322,1286,331.35,414.77,17.00,35.21,0.58,-1,-1,-1
323,1013,328.18,332.43,53.04,31.19,0.86,-1,-1,-1
323,1060,96.72,327.51,50.24,30.53,0.67,-1,-1,-1
323,1063,57.04,405.32,74.05,52.10,0.87,-1,-1,-1
323,1069,511.24,389.05,71.33,38.77,0.74,-1,-1,-1
323,1077,591.87,469.14,110.34,53.86,0.87,-1,-1,-1
323,1098,347.44,354.26,80.92,32.12,0.80,-1,-1,-1
323,1102,144.09,405.69,44.11,51.90,0.68,-1,-1,-1
323,1110,15.59,397.95,92.75,50.84,0.46,-1,-1,-1
323,1113,213.68,401.12,50.83,49.67,0.76,-1,-1,-1
323,1117,248.46,551.87,145.29,79.74,0.91,-1,-1,-1
323,1122,635.90,349.46,71.47,39.64,0.76,-1,-1,-1
323,1126,450.60,491.49,114.38,56.90,0.87,-1,-1,-1
323,1128,322.89,390.17,49.60,44.57,0.58,-1,-1,-1
323,1108,78.92,658.28,151.94,95.46,0.73,-1,-1,-1
323,1145,596.93,360.05,50.11,36.06,0.73,-1,-1,-1
323,1147,374.63,394.12,45.48,36.99,0.65,-1,-1,-1
323,1085,224.70,330.64,51.31,32.87,0.55,-1,-1,-1
323,1187,436.32,383.32,50.71,38.05,0.54,-1,-1,-1
323,1200,0.00,379.83,100.20,49.63,0.64,-1,-1,-1
323,1213,495.54,515.67,130.36,59.85,0.90,-1,-1,-1
323,1228,271.29,397.52,48.81,45.56,0.56,-1,-1,-1
323,1229,0.00,323.21,59.41,36.20,0.59,-1,-1,-1
323,1239,903.26,594.47,83.02,71.26,0.79,-1,-1,-1
323,1100,279.32,332.10,55.84,32.89,0.78,-1,-1,-1
323,1246,1012.09,670.39,23.19,50.13,0.68,-1,-1,-1
323,1266,986.55,393.61,84.38,37.20,0.63,-1,-1,-1
323,1284,707.98,442.55,114.72,56.43,0.71,-1,-1,-1
323,1297,1246.89,710.61,34.07,45.39,0.59,-1,-1,-1
323,1319,951.05,665.86,48.17,42.08,0.50,-1,-1,-1
323,1322,1158.12,390.83,62.00,38.19,0.84,-1,-1,-1
323,1282,829.98,334.25,53.49,36.40,0.57,-1,-1,-1
323,1327,363.74,502.92,47.17,38.17,0.63,-1,-1,-1
323,1302,499.68,369.72,71.99,39.16,0.32,-1,-1,-1
323,1345,1044.41,512.73,18.11,34.34,0.61,-1,-1,-1
324,1013,310.28,335.65,52.72,30.89,0.82,-1,-1,-1
324,1060,71.76,331.07,50.58,30.99,0.67,-1,-1,-1
324,1063,33.17,410.56,76.40,53.78,0.86,-1,-1,-1
324,1069,492.58,389.97,76.49,41.58,0.65,-1,-1,-1
324,1077,576.47,471.60,113.03,55.79,0.89,-1,-1,-1
324,1098,329.38,357.59,81.83,32.59,0.88,-1,-1,-1
324,1102,121.77,410.89,45.13,52.88,0.76,-1,-1,-1
324,1110,0.00,401.14,88.50,55.13,0.32,-1,-1,-1
324,1113,193.94,406.04,51.48,50.04,0.65,-1,-1,-1
324,1117,223.25,559.37,149.90,83.07,0.90,-1,-1,-1
324,1122,618.26,350.58,73.55,40.41,0.67,-1,-1,-1
324,1126,435.16,497.01,115.47,57.73,0.88,-1,-1,-1
324,1128,318.17,391.26,57.35,47.31,0.63,-1,-1,-1
324,1108,65.97,676.12,131.96,79.88,0.72,-1,-1,-1
324,1145,580.83,360.59,52.98,38.34,0.81,-1,-1,-1
324,1147,355.98,396.39,47.99,38.28,0.30,-1,-1,-1
324,1085,218.47,334.32,50.40,32.32,0.72,-1,-1,-1
324,1187,416.11,381.87,57.68,43.30,0.19,-1,-1,-1
324,1200,0.00,384.42,79.97,46.50,0.61,-1,-1,-1
324,1213,476.96,521.56,129.85,59.93,0.87,-1,-1,-1
324,1228,254.40,401.42,49.98,46.17,0.73,-1,-1,-1
324,1239,887.83,598.28,80.64,70.91,0.71,-1,-1,-1
324,1100,261.33,335.67,54.42,31.96,0.75,-1,-1,-1
324,1246,1003.70,674.18,23.57,50.69,0.73,-1,-1,-1
324,1266,964.89,394.19,85.46,37.74,0.68,-1,-1,-1
324,1284,694.08,445.05,107.57,55.08,0.79,-1,-1,-1
324,1319,945.66,670.97,46.74,41.84,0.53,-1,-1,-1
324,1322,1137.19,391.37,64.04,38.46,0.87,-1,-1,-1
324,1282,814.02,333.48,56.32,38.47,0.52,-1,-1,-1
324,1327,345.81,507.85,47.99,39.43,0.70,-1,-1,-1
324,1302,490.72,370.35,73.04,38.44,0.22,-1,-1,-1
324,1345,1037.82,510.97,20.29,38.60,0.63,-1,-1,-1
324,1255,194.36,330.99,36.25,31.50,0.65,-1,-1,-1
325,1013,290.63,338.18,53.56,31.37,0.82,-1,-1,-1
325,1060,52.00,335.24,52.67,31.47,0.74,-1,-1,-1
325,1063,5.84,412.89,82.85,58.70,0.90,-1,-1,-1
325,1069,476.51,393.88,75.41,40.96,0.74,-1,-1,-1
325,1077,560.61,475.62,113.92,56.80,0.89,-1,-1,-1
325,1098,312.04,360.99,81.32,32.30,0.79,-1,-1,-1
325,1102,99.53,415.86,46.55,54.35,0.71,-1,-1,-1
325,1113,171.09,410.90,53.43,51.91,0.74,-1,-1,-1
325,1122,604.06,353.85,72.50,39.18,0.64,-1,-1,-1
325,1126,418.72,501.22,116.61,58.53,0.89,-1,-1,-1
325,1108,43.92,688.16,119.79,67.84,0.39,-1,-1,-1
325,1145,566.82,363.95,50.65,36.62,0.77,-1,-1,-1
325,1147,335.37,395.99,52.82,42.14,0.60,-1,-1,-1
325,1085,204.61,336.98,51.99,33.26,0.71,-1,-1,-1
325,1187,395.91,382.70,61.92,46.75,0.62,-1,-1,-1
325,1213,455.28,527.21,134.51,62.59,0.89,-1,-1,-1
325,1228,233.57,405.96,52.24,48.11,0.60,-1,-1,-1
325,1239,878.24,602.30,81.25,72.24,0.66,-1,-1,-1
325,1246,994.70,678.59,23.45,50.01,0.64,-1,-1,-1
325,1266,946.63,394.47,88.96,39.99,0.73,-1,-1,-1
325,1284,684.37,448.24,102.95,54.35,0.76,-1,-1,-1
325,1319,939.75,674.31,45.60,42.01,0.52,-1,-1,-1
325,1322,1114.78,391.38,67.06,39.45,0.86,-1,-1,-1
325,1282,801.70,333.75,54.93,38.12,0.59,-1,-1,-1
325,1327,326.85,514.38,48.22,40.03,0.69,-1,-1,-1
325,1302,492.05,375.23,64.15,33.27,0.36,-1,-1,-1
325,1255,177.51,336.54,37.24,31.17,0.67,-1,-1,-1
325,1091,190.15,570.63,156.86,86.97,0.91,-1,-1,-1
325,1129,237.92,337.95,51.25,33.37,0.76,-1,-1,-1
326,1013,270.06,341.45,54.03,31.54,0.85,-1,-1,-1
326,1060,24.10,339.64,53.17,31.64,0.70,-1,-1,-1
326,1063,0.00,416.70,72.93,64.86,0.84,-1,-1,-1
326,1069,457.30,395.57,77.89,42.52,0.71,-1,-1,-1
326,1077,544.63,479.33,113.35,56.98,0.90,-1,-1,-1
326,1098,292.02,364.55,82.70,32.92,0.77,-1,-1,-1
326,1102,76.10,423.29,46.47,53.45,0.76,-1,-1,-1
326,1113,148.44,416.12,53.92,52.25,0.70,-1,-1,-1
326,1122,582.70,355.24,75.42,40.26,0.55,-1,-1,-1
326,1126,400.26,506.91,117.96,59.52,0.88,-1,-1,-1
326,1145,549.37,365.94,51.88,37.75,0.74,-1,-1,-1
326,1147,314.95,395.07,58.25,47.15,0.44,-1,-1,-1
326,1187,376.20,385.39,62.84,47.59,0.36,-1,-1,-1
326,1213,433.82,534.52,134.92,63.13,0.90,-1,-1,-1
326,1228,211.96,410.33,52.99,48.53,0.64,-1,-1,-1
326,1239,866.70,606.21,81.27,73.08,0.58,-1,-1,-1
326,1246,983.64,682.81,23.78,50.25,0.66,-1,-1,-1
326,1266,927.22,394.93,86.45,38.90,0.60,-1,-1,-1
326,1284,670.33,450.47,97.48,53.17,0.79,-1,-1,-1
326,1319,928.48,678.09,46.29,43.47,0.56,-1,-1,-1
326,1322,1092.51,391.53,69.10,39.87,0.87,-1,-1,-1
326,1282,786.22,334.69,54.33,38.23,0.55,-1,-1,-1
326,1327,308.01,520.69,48.04,40.59,0.58,-1,-1,-1
326,1091,171.82,578.27,156.55,87.78,0.91,-1,-1,-1
326,1129,220.07,341.97,51.10,32.69,0.78,-1,-1,-1
327,1013,247.94,344.61,55.85,32.63,0.80,-1,-1,-1
327,1060,2.45,343.91,55.18,33.01,0.70,-1,-1,-1
327,1069,438.61,398.47,81.31,44.31,0.74,-1,-1,-1
327,1077,526.49,482.65,117.13,59.57,0.90,-1,-1,-1
327,1098,269.49,367.69,86.10,34.26,0.80,-1,-1,-1
327,1102,48.38,428.51,48.53,55.53,0.79,-1,-1,-1
327,1113,123.95,421.79,55.81,53.77,0.75,-1,-1,-1
327,1122,565.26,356.81,77.50,40.83,0.24,-1,-1,-1
327,1126,379.38,512.29,122.18,62.16,0.86,-1,-1,-1
327,1145,530.40,367.90,53.60,38.97,0.72,-1,-1,-1
327,1187,356.27,389.16,63.94,48.45,0.32,-1,-1,-1
327,1213,409.93,540.52,138.81,65.33,0.91,-1,-1,-1
327,1228,189.53,415.42,53.78,48.56,0.63,-1,-1,-1
327,1239,857.68,609.56,82.86,74.02,0.62,-1,-1,-1
327,1246,973.50,686.90,24.43,51.12,0.74,-1,-1,-1
327,1266,901.78,398.35,85.90,38.99,0.53,-1,-1,-1
327,1284,653.96,453.00,99.09,55.98,0.68,-1,-1,-1
327,1319,920.41,682.49,44.63,43.01,0.51,-1,-1,-1
327,1322,1069.60,392.50,70.55,40.18,0.82,-1,-1,-1
327,1282,770.78,335.28,52.70,37.50,0.50,-1,-1,-1
327,1327,285.22,525.93,51.00,43.89,0.60,-1,-1,-1
327,1091,143.38,587.09,161.83,92.28,0.89,-1,-1,-1
327,1128,260.70,397.49,72.34,55.90,0.72,-1,-1,-1
327,1085,189.46,344.68,55.55,35.20,0.66,-1,-1,-1
328,1069,418.78,401.35,84.03,45.74,0.79,-1,-1,-1
328,1077,509.69,486.87,118.30,60.75,0.92,-1,-1,-1
328,1098,245.83,370.46,89.53,35.74,0.85,-1,-1,-1
328,1102,25.02,435.45,50.88,56.21,0.67,-1,-1,-1
328,1113,98.55,427.55,57.03,54.78,0.65,-1,-1,-1
328,1122,547.45,358.89,78.55,41.29,0.33,-1,-1,-1
328,1126,359.57,518.01,123.75,63.39,0.89,-1,-1,-1
328,1145,512.72,370.08,54.01,39.32,0.77,-1,-1,-1
328,1187,339.67,397.73,58.78,43.64,0.27,-1,-1,-1
328,1213,387.09,548.29,140.06,66.40,0.93,-1,-1,-1
328,1228,166.54,421.12,55.18,49.33,0.58,-1,-1,-1
328,1239,843.97,612.38,83.87,75.35,0.38,-1,-1,-1
328,1246,962.51,690.69,24.27,50.73,0.76,-1,-1,-1
328,1266,878.98,400.32,86.38,39.01,0.72,-1,-1,-1
328,1284,651.76,456.09,102.60,57.44,0.71,-1,-1,-1
328,1319,905.42,685.57,47.33,45.77,0.24,-1,-1,-1
328,1322,1047.02,393.24,71.78,40.46,0.81,-1,-1,-1
328,1282,753.68,335.84,53.43,38.65,0.58,-1,-1,-1
328,1327,263.97,532.79,52.07,45.53,0.49,-1,-1,-1
328,1091,113.18,598.63,166.60,95.93,0.91,-1,-1,-1
328,1128,238.20,402.56,76.10,55.31,0.60,-1,-1,-1
328,1085,172.62,349.31,55.84,34.99,0.76,-1,-1,-1
328,1100,219.16,347.99,57.72,33.85,0.83,-1,-1,-1
328,1147,273.79,405.35,57.43,46.25,0.60,-1,-1,-1
329,1069,399.65,405.66,83.23,45.12,0.80,-1,-1,-1
329,1077,492.60,491.17,118.36,61.29,0.91,-1,-1,-1
329,1098,223.27,374.16,91.90,36.95,0.84,-1,-1,-1
329,1102,0.00,440.17,50.09,60.57,0.63,-1,-1,-1
329,1113,71.88,433.94,58.17,55.47,0.68,-1,-1,-1
329,1122,532.62,362.90,74.80,39.07,0.60,-1,-1,-1
329,1126,340.14,523.61,126.79,65.31,0.89,-1,-1,-1
329,1145,494.97,374.06,53.14,38.38,0.74,-1,-1,-1
329,1187,314.86,398.40,63.94,47.60,0.37,-1,-1,-1
329,1213,360.67,555.26,145.48,69.42,0.90,-1,-1,-1
329,1239,833.69,618.50,83.20,74.43,0.71,-1,-1,-1
329,1246,951.90,695.06,24.56,50.64,0.66,-1,-1,-1
329,1266,856.84,401.71,87.03,39.09,0.83,-1,-1,-1
329,1284,627.24,457.66,100.99,58.42,0.65,-1,-1,-1
329,1319,901.13,691.40,42.53,42.29,0.16,-1,-1,-1
329,1322,1023.15,392.97,74.39,41.57,0.85,-1,-1,-1
329,1327,242.19,540.90,52.35,46.48,0.70,-1,-1,-1
329,1091,79.24,610.79,173.05,100.99,0.92,-1,-1,-1
329,1128,212.82,407.53,80.96,55.92,0.77,-1,-1,-1
329,1085,150.11,353.29,57.25,35.55,0.77,-1,-1,-1
329,1100,200.50,351.99,57.84,33.84,0.80,-1,-1,-1
330,1069,379.27,411.01,80.69,43.59,0.77,-1,-1,-1
330,1077,473.91,495.22,121.55,63.71,0.92,-1,-1,-1
330,1098,198.31,378.83,93.46,37.61,0.83,-1,-1,-1
330,1113,44.33,440.69,59.73,56.51,0.56,-1,-1,-1
330,1122,511.41,364.79,77.02,39.94,0.71,-1,-1,-1
330,1126,319.42,529.43,129.32,67.18,0.88,-1,-1,-1
330,1187,295.43,406.91,60.06,43.87,0.31,-1,-1,-1
330,1213,336.32,563.00,146.77,70.61,0.93,-1,-1,-1
330,1239,816.67,622.49,82.62,74.93,0.71,-1,-1,-1
330,1246,940.70,699.60,24.76,51.06,0.78,-1,-1,-1
330,1266,835.31,403.21,88.25,39.67,0.84,-1,-1,-1
330,1284,607.67,460.53,98.76,59.03,0.70,-1,-1,-1
330,1322,1000.06,393.58,75.72,41.99,0.81,-1,-1,-1
330,1327,218.52,548.41,53.61,48.41,0.49,-1,-1,-1
330,1091,46.80,621.58,179.35,106.71,0.90,-1,-1,-1
330,1128,184.71,410.14,90.73,60.71,0.75,-1,-1,-1
330,1085,125.91,358.10,58.43,36.07,0.70,-1,-1,-1
330,1302,460.32,377.24,74.47,39.98,0.74,-1,-1,-1
330,1129,174.56,355.95,54.98,34.42,0.82,-1,-1,-1
331,1069,358.96,416.07,79.42,42.63,0.78,-1,-1,-1
331,1077,455.29,499.95,122.34,64.72,0.91,-1,-1,-1
331,1098,173.55,383.33,94.52,38.11,0.88,-1,-1,-1
331,1113,14.91,446.35,62.65,59.03,0.69,-1,-1,-1
331,1122,495.35,367.06,77.72,40.30,0.29,-1,-1,-1
331,1126,297.84,536.92,132.38,69.38,0.86,-1,-1,-1
331,1187,269.85,407.86,65.94,48.27,0.63,-1,-1,-1
331,1213,307.66,571.20,152.31,73.79,0.89,-1,-1,-1
331,1239,803.92,625.35,84.70,76.86,0.77,-1,-1,-1
331,1246,927.97,703.35,24.93,51.61,0.67,-1,-1,-1
331,1266,814.86,404.21,85.05,37.85,0.79,-1,-1,-1
331,1284,600.39,462.59,105.76,62.92,0.71,-1,-1,-1
331,1322,977.94,394.06,76.62,42.25,0.80,-1,-1,-1
331,1327,195.15,557.43,53.08,48.28,0.54,-1,-1,-1
331,1091,10.18,635.47,183.89,110.21,0.90,-1,-1,-1
331,1128,157.66,418.79,89.46,57.93,0.61,-1,-1,-1
331,1085,97.25,362.58,60.38,37.00,0.72,-1,-1,-1
331,1302,445.65,378.56,73.42,40.44,0.74,-1,-1,-1
331,1129,153.11,360.67,57.02,35.21,0.79,-1,-1,-1
332,1069,336.00,421.54,80.12,42.38,0.75,-1,-1,-1
332,1077,435.34,504.63,123.95,66.27,0.92,-1,-1,-1
332,1098,148.95,388.80,92.90,37.33,0.87,-1,-1,-1
332,1113,0.00,453.80,55.88,62.16,0.82,-1,-1,-1
332,1122,470.27,369.54,78.94,40.62,0.34,-1,-1,-1
332,1126,274.39,542.98,134.81,71.33,0.89,-1,-1,-1
332,1213,281.01,580.13,155.63,76.23,0.89,-1,-1,-1
332,1239,793.27,629.90,86.90,78.01,0.62,-1,-1,-1
332,1246,916.70,707.79,23.41,48.21,0.80,-1,-1,-1
332,1266,789.33,406.31,88.52,39.28,0.74,-1,-1,-1
332,1284,585.00,466.81,106.87,63.56,0.68,-1,-1,-1
332,1322,954.49,395.37,76.14,41.79,0.82,-1,-1,-1
332,1091,0.00,650.99,161.77,102.44,0.83,-1,-1,-1
332,1128,130.92,422.55,95.34,59.71,0.55,-1,-1,-1
332,1085,69.70,368.04,60.27,36.60,0.78,-1,-1,-1
332,1302,427.47,381.89,72.47,40.88,0.69,-1,-1,-1
332,1129,127.67,364.94,58.98,36.01,0.82,-1,-1,-1
333,1069,312.97,423.39,84.49,44.48,0.68,-1,-1,-1
333,1077,413.70,508.69,128.02,69.31,0.90,-1,-1,-1
333,1098,119.65,393.83,97.44,39.21,0.85,-1,-1,-1
333,1122,449.14,372.76,80.00,40.85,0.29,-1,-1,-1
333,1126,252.69,551.37,135.82,72.26,0.92,-1,-1,-1
333,1213,251.42,588.82,161.47,79.93,0.90,-1,-1,-1
333,1239,777.62,634.87,87.47,78.74,0.73,-1,-1,-1
333,1246,905.80,711.76,21.96,44.24,0.74,-1,-1,-1
333,1266,762.76,408.42,95.99,42.96,0.80,-1,-1,-1
333,1284,556.74,470.27,104.87,64.36,0.74,-1,-1,-1
333,1322,931.21,397.22,75.45,41.14,0.87,-1,-1,-1
333,1091,0.00,669.10,126.33,86.90,0.80,-1,-1,-1
333,1128,99.23,426.36,105.07,64.63,0.65,-1,-1,-1
333,1085,41.26,372.93,62.06,37.54,0.82,-1,-1,-1
333,1302,407.19,384.85,71.40,41.17,0.76,-1,-1,-1
333,1129,100.23,369.74,59.82,36.32,0.81,-1,-1,-1
333,1370,0.00,373.48,76.43,37.91,0.55,-1,-1,-1
334,1069,290.32,429.76,83.09,43.46,0.75,-1,-1,-1
334,1077,392.75,514.57,128.33,69.94,0.93,-1,-1,-1
334,1098,90.90,399.17,99.53,40.07,0.88,-1,-1,-1
334,1122,424.74,376.38,83.89,42.29,0.59,-1,-1,-1
334,1126,226.77,558.03,139.35,74.63,0.89,-1,-1,-1
334,1213,219.28,598.53,166.70,83.33,0.87,-1,-1,-1
334,1239,760.71,639.01,88.36,80.06,0.69,-1,-1,-1
334,1266,736.77,410.14,99.45,44.92,0.85,-1,-1,-1
334,1284,547.95,476.70,103.82,62.54,0.78,-1,-1,-1
334,1322,906.99,398.06,76.38,41.60,0.86,-1,-1,-1
334,1091,0.00,688.81,90.50,67.19,0.64,-1,-1,-1
334,1128,68.94,431.25,111.07,67.08,0.69,-1,-1,-1
334,1302,384.72,388.46,71.84,41.98,0.71,-1,-1,-1
334,1129,70.07,375.23,61.70,37.20,0.83,-1,-1,-1
334,1370,0.00,377.55,73.93,39.34,0.80,-1,-1,-1
334,1143,367.46,515.20,49.61,31.51,0.70,-1,-1,-1
334,1319,881.95,715.85,38.21,40.12,0.72,-1,-1,-1
335,1069,263.80,436.37,85.46,44.53,0.76,-1,-1,-1
335,1077,370.20,520.36,130.65,71.87,0.92,-1,-1,-1
335,1098,62.47,405.27,98.39,39.41,0.86,-1,-1,-1
335,1122,394.77,379.08,89.22,44.54,0.21,-1,-1,-1
335,1126,203.89,566.73,141.64,76.08,0.91,-1,-1,-1
335,1213,186.85,609.24,171.69,86.39,0.79,-1,-1,-1
335,1239,746.42,643.80,89.28,80.69,0.56,-1,-1,-1
335,1266,713.75,412.51,99.37,45.24,0.87,-1,-1,-1
335,1284,528.57,478.70,109.71,65.70,0.83,-1,-1,-1
335,1322,882.36,399.30,76.00,41.16,0.89,-1,-1,-1
335,1128,26.78,440.49,111.05,67.91,0.59,-1,-1,-1
335,1302,360.55,392.03,71.40,42.50,0.70,-1,-1,-1
335,1370,0.00,383.98,61.12,40.86,0.74,-1,-1,-1
335,1085,24.00,381.01,64.20,38.56,0.83,-1,-1,-1
336,1069,237.94,443.14,85.75,44.46,0.66,-1,-1,-1
336,1077,347.19,525.79,132.87,73.91,0.91,-1,-1,-1
336,1098,27.59,411.38,105.22,42.22,0.89,-1,-1,-1
336,1122,378.71,381.47,87.06,43.49,0.13,-1,-1,-1
336,1126,175.23,574.62,144.75,78.10,0.88,-1,-1,-1
336,1213,154.01,620.93,177.12,89.71,0.88,-1,-1,-1
336,1239,730.91,648.54,90.15,81.47,0.32,-1,-1,-1
336,1266,688.79,414.87,101.20,46.59,0.83,-1,-1,-1
336,1284,513.82,488.58,103.08,60.21,0.77,-1,-1,-1
336,1322,856.05,400.21,77.63,41.99,0.90,-1,-1,-1
336,1128,3.14,446.69,119.74,73.03,0.54,-1,-1,-1
336,1302,337.20,396.18,71.10,43.19,0.75,-1,-1,-1
336,1085,4.05,386.94,64.04,38.31,0.84,-1,-1,-1
336,1187,201.70,426.37,54.84,38.78,0.54,-1,-1,-1
337,1069,208.62,448.31,92.30,48.07,0.80,-1,-1,-1
337,1077,324.54,532.84,133.36,74.76,0.93,-1,-1,-1
337,1098,0.00,417.73,106.13,43.44,0.85,-1,-1,-1
337,1122,352.91,387.40,84.25,41.18,0.28,-1,-1,-1
337,1126,145.92,583.66,150.87,81.79,0.88,-1,-1,-1
337,1213,118.99,633.57,183.10,93.26,0.93,-1,-1,-1
337,1239,711.75,654.08,89.25,81.69,0.38,-1,-1,-1
337,1266,663.85,416.66,103.00,47.96,0.82,-1,-1,-1
337,1284,488.15,486.95,116.20,67.68,0.80,-1,-1,-1
337,1322,832.82,402.16,77.31,41.73,0.89,-1,-1,-1
337,1302,311.18,400.04,71.08,43.70,0.78,-1,-1,-1
337,1085,0.00,393.25,50.65,42.01,0.69,-1,-1,-1
337,1187,177.85,428.80,61.31,42.11,0.42,-1,-1,-1
338,1069,180.64,454.05,96.26,50.31,0.84,-1,-1,-1
338,1077,300.86,539.05,134.97,76.37,0.91,-1,-1,-1
338,1098,0.00,424.39,79.77,39.13,0.69,-1,-1,-1
338,1122,321.06,389.93,88.40,42.63,0.18,-1,-1,-1
338,1126,117.71,593.20,154.10,84.45,0.88,-1,-1,-1
338,1213,82.90,646.12,190.19,97.56,0.91,-1,-1,-1
338,1239,696.11,658.15,90.16,83.27,0.35,-1,-1,-1
338,1266,640.40,419.28,102.52,48.13,0.82,-1,-1,-1
338,1284,466.05,492.14,118.89,68.93,0.85,-1,-1,-1
338,1322,805.77,403.67,79.53,42.97,0.86,-1,-1,-1
338,1302,286.42,405.69,70.43,43.69,0.78,-1,-1,-1
338,1147,150.04,435.05,58.08,42.74,0.59,-1,-1,-1
339,1069,152.65,461.08,97.69,51.24,0.75,-1,-1,-1
339,1077,276.97,545.65,138.14,78.83,0.91,-1,-1,-1
339,1122,298.89,394.03,89.35,42.56,0.49,-1,-1,-1
339,1126,89.60,602.80,156.85,86.08,0.88,-1,-1,-1
339,1213,55.54,659.71,182.45,93.47,0.89,-1,-1,-1
339,1239,678.09,664.12,88.10,82.90,0.73,-1,-1,-1
339,1266,615.87,423.44,101.56,48.12,0.84,-1,-1,-1
339,1284,445.23,498.88,117.46,67.54,0.84,-1,-1,-1
339,1322,780.39,405.64,80.86,43.73,0.84,-1,-1,-1
339,1302,258.14,409.70,72.68,45.39,0.57,-1,-1,-1
340,1069,124.53,469.45,97.80,51.09,0.81,-1,-1,-1
340,1077,252.06,552.18,142.63,82.18,0.91,-1,-1,-1
340,1122,269.96,396.55,95.50,44.83,0.11,-1,-1,-1
340,1126,59.78,613.96,161.10,88.53,0.87,-1,-1,-1
340,1213,42.13,674.44,159.56,81.24,0.75,-1,-1,-1
340,1239,664.62,668.34,88.80,84.08,0.41,-1,-1,-1
340,1266,591.19,426.96,102.00,48.80,0.89,-1,-1,-1
340,1284,421.67,502.49,123.67,70.89,0.83,-1,-1,-1
340,1322,754.83,407.23,83.37,45.17,0.83,-1,-1,-1
340,1302,235.38,415.64,70.93,44.73,0.67,-1,-1,-1
341,1069,95.53,476.92,98.79,51.45,0.72,-1,-1,-1
341,1077,226.88,559.96,146.02,84.79,0.89,-1,-1,-1
341,1122,232.54,402.18,107.54,49.60,0.22,-1,-1,-1
341,1126,31.63,623.30,163.11,89.84,0.83,-1,-1,-1
341,1213,32.01,692.54,126.55,62.47,0.81,-1,-1,-1
341,1239,653.40,672.48,88.26,82.71,0.30,-1,-1,-1
341,1266,565.76,429.57,105.94,51.34,0.84,-1,-1,-1
341,1284,398.36,504.74,131.61,75.44,0.74,-1,-1,-1
341,1322,731.27,410.57,82.43,44.78,0.83,-1,-1,-1
341,1302,211.11,420.61,72.96,46.17,0.50,-1,-1,-1
342,1069,66.27,484.95,100.49,52.06,0.81,-1,-1,-1
342,1077,202.70,567.60,148.96,87.14,0.93,-1,-1,-1
342,1122,206.19,406.15,107.08,48.28,0.31,-1,-1,-1
342,1126,2.19,635.74,165.52,91.39,0.87,-1,-1,-1
342,1213,20.10,711.70,95.14,44.23,0.61,-1,-1,-1
342,1266,539.19,431.29,112.39,55.26,0.83,-1,-1,-1
342,1284,377.32,513.24,129.74,74.14,0.79,-1,-1,-1
342,1322,708.37,414.16,79.76,43.29,0.88,-1,-1,-1
342,1302,182.38,426.45,73.32,46.67,0.54,-1,-1,-1
343,1069,37.84,493.86,100.63,51.71,0.80,-1,-1,-1
343,1077,178.05,575.56,151.38,89.39,0.91,-1,-1,-1
343,1122,175.29,409.18,114.50,50.99,0.19,-1,-1,-1
343,1126,0.00,648.49,148.25,91.35,0.87,-1,-1,-1
343,1266,517.80,436.89,113.54,56.01,0.81,-1,-1,-1
343,1284,353.80,517.69,135.27,77.60,0.85,-1,-1,-1
343,1322,684.79,416.21,81.15,44.24,0.88,-1,-1,-1
343,1302,154.34,431.53,73.12,46.99,0.45,-1,-1,-1
344,1069,10.01,502.23,104.03,52.64,0.78,-1,-1,-1
344,1077,150.53,584.77,155.56,92.47,0.93,-1,-1,-1
344,1126,0.00,661.86,129.11,89.35,0.87,-1,-1,-1
344,1266,495.29,441.52,115.45,56.81,0.78,-1,-1,-1
344,1284,331.82,521.80,139.55,80.25,0.82,-1,-1,-1
344,1322,659.71,417.96,85.28,46.89,0.84,-1,-1,-1
344,1302,126.99,436.68,75.10,48.71,0.59,-1,-1,-1
345,1069,0.00,514.51,88.56,46.54,0.31,-1,-1,-1
345,1077,123.97,593.44,159.19,95.45,0.92,-1,-1,-1
345,1126,0.00,676.49,104.48,79.51,0.80,-1,-1,-1
345,1266,467.94,448.88,112.06,55.61,0.84,-1,-1,-1
345,1284,309.72,529.59,141.42,81.37,0.80,-1,-1,-1
345,1322,636.96,421.02,85.31,47.30,0.87,-1,-1,-1
345,1302,107.60,440.62,82.61,52.62,0.48,-1,-1,-1
346,1077,98.19,602.76,163.12,98.46,0.91,-1,-1,-1
346,1266,437.82,452.48,116.62,58.80,0.90,-1,-1,-1
346,1284,286.31,534.96,145.15,83.80,0.85,-1,-1,-1
346,1322,612.82,424.55,87.72,49.20,0.86,-1,-1,-1
347,1077,68.16,612.06,169.11,102.63,0.95,-1,-1,-1
347,1266,411.84,457.78,117.83,60.19,0.91,-1,-1,-1
347,1284,263.15,542.18,147.56,85.64,0.75,-1,-1,-1
347,1322,589.87,428.18,87.78,49.58,0.87,-1,-1,-1
348,1077,40.92,622.83,173.45,106.22,0.92,-1,-1,-1
348,1266,382.53,459.55,129.17,67.27,0.87,-1,-1,-1
348,1284,238.89,549.92,149.13,86.76,0.80,-1,-1,-1
348,1322,568.01,432.84,86.65,49.19,0.89,-1,-1,-1
349,1077,11.69,633.89,178.45,109.91,0.93,-1,-1,-1
349,1266,357.05,464.13,131.09,69.45,0.87,-1,-1,-1
349,1284,214.86,549.88,167.94,98.10,0.81,-1,-1,-1
349,1322,543.57,436.61,89.25,51.16,0.90,-1,-1,-1
350,1077,0.00,645.68,166.34,107.40,0.90,-1,-1,-1
350,1266,333.85,473.35,131.72,69.95,0.86,-1,-1,-1
350,1284,193.05,557.06,171.97,99.90,0.77,-1,-1,-1
350,1322,519.37,441.14,90.89,52.50,0.90,-1,-1,-1
351,1077,0.00,657.35,142.29,98.65,0.90,-1,-1,-1
351,1266,303.26,479.77,131.82,71.14,0.89,-1,-1,-1
351,1284,163.86,564.41,176.56,103.44,0.84,-1,-1,-1
351,1322,495.84,445.84,91.12,52.95,0.89,-1,-1,-1
352,1077,0.00,670.84,118.67,85.16,0.83,-1,-1,-1
352,1266,272.77,486.08,137.15,75.32,0.85,-1,-1,-1
352,1284,135.80,574.83,178.54,105.26,0.82,-1,-1,-1
352,1322,469.89,451.03,94.92,55.66,0.90,-1,-1,-1
353,1077,0.00,684.32,94.01,71.68,0.82,-1,-1,-1
353,1266,245.12,495.45,136.31,75.90,0.92,-1,-1,-1
353,1284,114.21,585.63,179.85,106.01,0.82,-1,-1,-1
353,1322,444.42,455.50,98.29,58.23,0.87,-1,-1,-1
354,1266,216.58,504.88,136.77,77.14,0.86,-1,-1,-1
354,1284,90.20,593.12,188.17,110.76,0.75,-1,-1,-1
354,1322,421.86,461.18,96.77,57.83,0.86,-1,-1,-1
354,1409,162.68,355.07,65.87,43.97,0.75,-1,-1,-1
355,1266,189.32,515.55,136.38,77.58,0.90,-1,-1,-1
355,1284,64.06,606.55,187.86,110.60,0.88,-1,-1,-1
355,1322,396.53,467.74,98.21,59.08,0.87,-1,-1,-1
356,1266,159.42,523.51,141.22,81.21,0.88,-1,-1,-1
356,1284,36.61,617.96,190.13,112.48,0.78,-1,-1,-1
356,1322,374.68,474.06,97.62,59.11,0.83,-1,-1,-1
357,1266,132.59,534.30,142.42,82.48,0.86,-1,-1,-1
357,1284,10.41,628.17,194.16,115.32,0.68,-1,-1,-1
357,1322,352.00,479.24,99.49,60.89,0.87,-1,-1,-1
358,1266,107.09,544.42,144.74,84.49,0.89,-1,-1,-1
358,1284,0.00,638.86,184.29,113.53,0.76,-1,-1,-1
358,1322,330.99,486.54,97.69,59.80,0.88,-1,-1,-1
358,1414,385.15,336.56,73.86,45.28,0.65,-1,-1,-1
359,1266,83.93,553.43,147.73,86.85,0.89,-1,-1,-1
359,1284,0.00,649.73,142.78,106.27,0.67,-1,-1,-1
359,1322,309.02,492.38,106.30,65.91,0.84,-1,-1,-1
359,1414,376.23,341.40,70.61,43.19,0.42,-1,-1,-1
359,1419,40.25,377.01,75.55,47.38,0.76,-1,-1,-1
360,1266,62.16,562.24,153.10,91.04,0.85,-1,-1,-1
360,1284,0.00,657.72,150.47,98.28,0.62,-1,-1,-1
360,1322,291.65,499.71,110.14,69.08,0.89,-1,-1,-1
360,1414,359.69,343.49,74.25,45.40,0.39,-1,-1,-1
360,1419,23.95,380.37,76.75,48.13,0.77,-1,-1,-1
361,1266,43.87,571.13,154.78,92.79,0.89,-1,-1,-1
361,1284,0.00,661.32,153.86,94.68,0.26,-1,-1,-1
361,1322,280.02,506.45,107.62,67.83,0.89,-1,-1,-1
361,1414,348.22,344.87,77.28,47.27,0.25,-1,-1,-1
361,1419,5.87,384.19,77.09,48.40,0.84,-1,-1,-1
362,1266,25.65,581.65,159.29,96.35,0.82,-1,-1,-1
362,1284,0.00,675.56,135.80,80.44,0.29,-1,-1,-1
362,1322,264.85,511.96,112.80,71.81,0.89,-1,-1,-1
362,1414,344.26,347.44,74.44,45.49,0.28,-1,-1,-1
362,1419,0.00,387.29,72.70,49.05,0.78,-1,-1,-1
362,1429,635.78,433.54,20.23,41.16,0.69,-1,-1,-1
363,1266,10.51,588.96,163.49,99.81,0.82,-1,-1,-1
363,1284,0.00,665.14,144.66,88.79,0.51,-1,-1,-1
363,1322,258.97,519.29,111.11,71.46,0.90,-1,-1,-1
363,1419,0.00,391.52,64.34,47.91,0.73,-1,-1,-1
363,1429,635.75,432.03,20.90,42.64,0.63,-1,-1,-1
363,1432,773.23,226.38,31.64,25.82,0.76,-1,-1,-1
363,1435,1038.22,191.76,42.23,27.76,0.56,-1,-1,-1
363,1437,842.10,203.48,23.19,21.63,0.62,-1,-1,-1
