6,1443,2082.15,913.52,69.16,62.16,0.53,-1,-1,-1
7,1443,2080.97,915.89,70.04,62.99,0.57,-1,-1,-1
8,1443,2079.99,918.53,71.37,64.27,0.68,-1,-1,-1
9,1443,2080.84,924.36,68.91,61.94,0.53,-1,-1,-1
10,1443,2081.77,928.73,68.21,61.20,0.57,-1,-1,-1
11,1443,2080.94,930.92,70.68,63.35,0.49,-1,-1,-1
12,1443,2078.65,933.30,71.12,63.63,0.74,-1,-1,-1
13,1443,2076.64,933.36,75.01,67.35,0.73,-1,-1,-1
14,1443,2077.02,935.29,76.10,68.78,0.72,-1,-1,-1
14,1446,3506.06,1678.62,327.68,322.32,0.66,-1,-1,-1
15,1443,2077.09,939.21,76.43,69.20,0.74,-1,-1,-1
15,1446,3470.62,1635.45,335.52,328.32,0.67,-1,-1,-1
16,1443,2078.12,944.49,76.23,69.15,0.70,-1,-1,-1
16,1446,3435.33,1587.46,336.28,324.61,0.62,-1,-1,-1
17,1443,2078.77,947.92,76.61,69.77,0.73,-1,-1,-1
17,1446,3398.13,1548.99,323.18,305.67,0.45,-1,-1,-1
18,1443,2079.92,953.08,76.04,69.17,0.79,-1,-1,-1
18,1446,3347.69,1509.61,308.05,284.76,0.55,-1,-1,-1
19,1443,2080.13,957.22,77.13,69.97,0.76,-1,-1,-1
19,1446,3296.05,1470.77,297.72,269.03,0.49,-1,-1,-1
20,1443,2078.39,960.54,79.26,72.02,0.75,-1,-1,-1
20,1446,3251.79,1438.71,283.44,250.42,0.65,-1,-1,-1
21,1443,2075.88,963.30,82.47,75.07,0.69,-1,-1,-1
21,1446,3209.96,1410.95,268.82,231.81,0.60,-1,-1,-1
22,1443,2074.48,964.56,85.60,78.55,0.72,-1,-1,-1
22,1446,3169.13,1382.49,259.52,218.80,0.60,-1,-1,-1
23,1443,2079.16,975.43,79.65,72.65,0.66,-1,-1,-1
23,1446,3132.61,1356.11,248.85,204.70,0.75,-1,-1,-1
24,1443,2078.21,975.09,84.64,77.63,0.69,-1,-1,-1
24,1446,3101.56,1331.77,237.97,191.08,0.77,-1,-1,-1
25,1443,2076.62,977.92,87.46,80.82,0.75,-1,-1,-1
25,1446,3065.96,1310.65,229.87,180.17,0.83,-1,-1,-1
26,1443,2077.43,982.13,87.30,81.18,0.78,-1,-1,-1
26,1446,3031.88,1288.61,227.29,174.85,0.79,-1,-1,-1
27,1443,2076.36,985.78,88.75,82.87,0.72,-1,-1,-1
27,1446,3003.17,1267.21,215.63,162.37,0.81,-1,-1,-1
28,1443,2077.61,990.62,87.31,81.91,0.80,-1,-1,-1
28,1446,2975.75,1248.48,213.29,157.97,0.86,-1,-1,-1
29,1443,2079.94,994.78,86.52,81.15,0.72,-1,-1,-1
29,1446,2952.82,1231.46,204.20,148.30,0.85,-1,-1,-1
30,1443,2080.07,1000.10,89.10,83.59,0.73,-1,-1,-1
30,1446,2927.99,1216.37,200.74,143.94,0.84,-1,-1,-1
31,1443,2080.94,1005.79,88.75,82.90,0.64,-1,-1,-1
31,1446,2903.11,1197.99,197.38,139.37,0.83,-1,-1,-1
32,1443,2077.79,1009.59,92.20,86.16,0.80,-1,-1,-1
32,1446,2883.55,1182.75,192.88,134.85,0.82,-1,-1,-1
33,1443,2078.94,1015.17,92.37,85.93,0.64,-1,-1,-1
33,1446,2862.81,1170.53,185.84,128.48,0.83,-1,-1,-1
34,1443,2079.62,1018.42,95.74,89.17,0.76,-1,-1,-1
34,1446,2842.32,1157.11,182.91,125.42,0.81,-1,-1,-1
35,1443,2078.27,1021.99,98.02,91.70,0.77,-1,-1,-1
35,1446,2821.98,1142.24,182.41,124.58,0.78,-1,-1,-1
36,1443,2078.38,1029.25,97.75,91.13,0.71,-1,-1,-1
36,1446,2807.54,1131.26,173.36,117.47,0.83,-1,-1,-1
37,1443,2079.16,1034.07,100.72,93.47,0.76,-1,-1,-1
37,1446,2789.33,1120.93,170.44,115.05,0.80,-1,-1,-1
38,1443,2079.28,1038.61,104.27,96.75,0.75,-1,-1,-1
38,1446,2776.02,1108.48,168.39,113.39,0.73,-1,-1,-1
39,1443,2079.80,1039.92,107.69,100.95,0.78,-1,-1,-1
39,1446,2762.88,1096.59,162.24,108.98,0.80,-1,-1,-1
40,1443,2077.00,1040.35,114.65,109.09,0.73,-1,-1,-1
40,1446,2750.70,1087.04,158.21,106.05,0.78,-1,-1,-1
41,1443,2075.30,1039.64,119.05,115.32,0.62,-1,-1,-1
41,1446,2737.60,1077.78,152.59,101.80,0.77,-1,-1,-1
42,1443,2078.96,1052.07,112.01,109.02,0.61,-1,-1,-1
42,1446,2728.09,1069.47,139.99,92.61,0.75,-1,-1,-1
43,1443,2081.39,1056.97,113.90,111.24,0.63,-1,-1,-1
43,1446,2712.81,1057.50,147.74,98.33,0.79,-1,-1,-1
44,1443,2082.43,1068.24,112.23,109.96,0.78,-1,-1,-1
44,1446,2704.06,1052.48,140.93,93.32,0.75,-1,-1,-1
45,1443,2084.50,1078.52,112.79,110.45,0.84,-1,-1,-1
45,1446,2693.16,1045.85,136.21,90.17,0.78,-1,-1,-1
46,1443,2085.89,1086.92,113.68,111.06,0.75,-1,-1,-1
46,1446,2682.05,1036.10,137.39,91.32,0.75,-1,-1,-1
47,1443,2085.64,1093.63,115.59,112.89,0.80,-1,-1,-1
47,1446,2676.34,1028.71,126.29,83.43,0.75,-1,-1,-1
48,1443,2084.33,1101.75,116.97,114.42,0.83,-1,-1,-1
48,1446,2665.12,1022.81,129.76,85.82,0.74,-1,-1,-1
49,1443,2085.28,1106.19,120.03,117.86,0.82,-1,-1,-1
49,1446,2656.89,1016.06,129.16,85.75,0.75,-1,-1,-1
50,1443,2089.29,1114.02,120.91,118.72,0.81,-1,-1,-1
50,1446,2651.03,1008.04,128.61,85.57,0.75,-1,-1,-1
51,1443,2089.71,1119.00,124.11,122.53,0.81,-1,-1,-1
51,1446,2643.28,1001.85,126.63,84.83,0.69,-1,-1,-1
52,1443,2091.93,1126.43,126.22,125.24,0.83,-1,-1,-1
52,1446,2633.71,994.86,123.28,83.08,0.72,-1,-1,-1
53,1443,2093.21,1133.46,127.60,127.24,0.82,-1,-1,-1
53,1446,2627.81,988.90,120.41,81.76,0.71,-1,-1,-1
54,1443,2094.71,1141.68,126.55,125.99,0.79,-1,-1,-1
54,1446,2623.72,982.79,114.40,77.83,0.69,-1,-1,-1
54,1448,2078.40,930.03,72.10,43.22,0.65,-1,-1,-1
55,1443,2095.63,1149.72,128.56,127.89,0.79,-1,-1,-1
55,1446,2617.38,977.41,113.50,77.61,0.79,-1,-1,-1
55,1448,2072.04,922.85,85.11,51.24,0.67,-1,-1,-1
56,1443,2095.48,1159.73,129.23,128.36,0.78,-1,-1,-1
56,1446,2609.85,972.75,109.86,75.34,0.83,-1,-1,-1
56,1448,2070.92,923.61,86.06,52.10,0.54,-1,-1,-1
57,1443,2096.15,1168.32,130.40,129.53,0.82,-1,-1,-1
57,1446,2601.63,966.10,108.93,75.10,0.75,-1,-1,-1
57,1448,2066.50,917.91,98.25,60.06,0.26,-1,-1,-1
58,1443,2097.34,1177.43,131.79,130.25,0.76,-1,-1,-1
58,1446,2596.72,961.88,105.63,73.28,0.63,-1,-1,-1
58,1448,2064.18,915.84,104.96,65.10,0.12,-1,-1,-1
59,1443,2096.83,1183.30,138.18,137.16,0.83,-1,-1,-1
59,1446,2592.52,958.28,100.97,69.89,0.67,-1,-1,-1
59,1448,2065.62,919.92,103.62,65.23,0.29,-1,-1,-1
60,1443,2097.75,1188.99,142.19,142.04,0.83,-1,-1,-1
60,1446,2587.50,952.98,100.58,69.88,0.75,-1,-1,-1
61,1443,2099.03,1193.04,148.08,149.10,0.84,-1,-1,-1
61,1446,2582.51,948.97,99.51,69.39,0.72,-1,-1,-1
62,1443,2098.80,1200.07,150.56,152.44,0.87,-1,-1,-1
62,1446,2576.88,944.60,97.49,67.98,0.74,-1,-1,-1
63,1443,2101.15,1212.00,148.98,150.97,0.88,-1,-1,-1
63,1446,2570.29,939.50,96.97,67.65,0.71,-1,-1,-1
64,1443,2102.63,1219.29,151.77,154.83,0.88,-1,-1,-1
64,1446,2566.29,935.73,95.09,66.41,0.72,-1,-1,-1
64,1448,2079.59,940.99,86.89,55.52,0.61,-1,-1,-1
65,1443,2102.09,1225.14,155.57,159.62,0.86,-1,-1,-1
65,1446,2562.29,934.15,91.77,64.07,0.74,-1,-1,-1
65,1448,2086.10,953.91,71.80,45.47,0.61,-1,-1,-1
66,1443,2102.99,1231.87,158.80,164.29,0.88,-1,-1,-1
66,1446,2557.49,932.51,89.75,62.50,0.76,-1,-1,-1
66,1448,2091.43,963.30,63.33,39.35,0.59,-1,-1,-1
67,1443,2103.15,1240.16,161.43,168.45,0.87,-1,-1,-1
67,1446,2552.28,927.51,89.56,62.14,0.58,-1,-1,-1
67,1448,2086.12,957.76,76.12,47.96,0.62,-1,-1,-1
68,1443,2104.82,1249.40,162.03,170.16,0.89,-1,-1,-1
68,1446,2549.43,924.64,86.01,59.00,0.53,-1,-1,-1
68,1448,2089.87,964.31,71.58,44.63,0.51,-1,-1,-1
69,1443,2107.78,1261.21,162.79,171.68,0.84,-1,-1,-1
69,1446,2542.58,919.43,87.01,59.59,0.52,-1,-1,-1
69,1448,2072.84,941.45,107.70,69.84,0.69,-1,-1,-1
70,1443,2109.54,1269.38,165.20,175.21,0.85,-1,-1,-1
70,1446,2540.63,917.71,83.38,56.82,0.70,-1,-1,-1
70,1448,2075.30,945.08,105.52,70.13,0.59,-1,-1,-1
71,1443,2109.58,1277.44,168.42,179.48,0.85,-1,-1,-1
71,1446,2536.68,915.24,83.20,56.70,0.76,-1,-1,-1
71,1448,2077.38,947.38,104.35,71.18,0.66,-1,-1,-1
72,1443,2112.65,1288.54,167.59,179.10,0.87,-1,-1,-1
72,1446,2531.42,911.10,84.13,57.48,0.78,-1,-1,-1
72,1448,2086.32,962.31,86.86,59.10,0.68,-1,-1,-1
73,1443,2116.90,1300.63,166.67,178.70,0.87,-1,-1,-1
73,1446,2527.01,908.38,83.61,57.12,0.80,-1,-1,-1
73,1448,2077.82,949.97,104.58,73.34,0.62,-1,-1,-1
74,1443,2119.57,1310.01,170.73,184.19,0.87,-1,-1,-1
74,1446,2524.24,907.04,81.38,55.30,0.75,-1,-1,-1
74,1448,2074.26,943.83,113.67,82.33,0.62,-1,-1,-1
75,1443,2119.97,1317.01,175.28,190.05,0.87,-1,-1,-1
75,1446,2520.60,904.94,79.88,54.04,0.77,-1,-1,-1
75,1448,2075.61,944.99,113.87,85.24,0.58,-1,-1,-1
76,1443,2121.39,1321.32,180.80,197.49,0.85,-1,-1,-1
76,1446,2522.07,903.83,75.15,50.33,0.75,-1,-1,-1
76,1448,2077.04,944.17,116.36,89.87,0.57,-1,-1,-1
77,1443,2121.35,1331.31,186.83,205.97,0.90,-1,-1,-1
77,1446,2518.09,899.71,75.90,50.50,0.78,-1,-1,-1
77,1448,2077.98,944.77,116.53,92.63,0.51,-1,-1,-1
78,1443,2123.15,1341.21,190.36,211.75,0.91,-1,-1,-1
78,1446,2512.91,898.39,74.89,49.37,0.70,-1,-1,-1
78,1448,2080.16,948.02,113.25,92.22,0.25,-1,-1,-1
79,1443,2126.59,1354.02,189.41,211.59,0.86,-1,-1,-1
79,1446,2512.06,902.17,68.08,43.76,0.50,-1,-1,-1
80,1443,2127.60,1363.69,192.03,215.48,0.84,-1,-1,-1
80,1446,2503.06,892.11,78.29,50.63,0.59,-1,-1,-1
81,1443,2127.63,1371.32,195.17,220.61,0.88,-1,-1,-1
81,1446,2493.94,887.15,81.44,52.63,0.38,-1,-1,-1
81,1448,2090.28,970.29,98.51,81.02,0.56,-1,-1,-1
82,1443,2129.11,1381.72,196.87,224.21,0.90,-1,-1,-1
82,1446,2489.19,884.70,81.19,52.33,0.73,-1,-1,-1
82,1448,2093.48,980.97,91.60,75.55,0.31,-1,-1,-1
83,1443,2128.13,1388.84,202.17,231.54,0.88,-1,-1,-1
83,1446,2482.80,880.59,82.75,53.15,0.77,-1,-1,-1
83,1448,2097.89,992.35,84.34,69.19,0.27,-1,-1,-1
84,1443,2127.12,1394.46,205.66,237.08,0.87,-1,-1,-1
84,1446,2474.35,874.69,87.12,56.08,0.50,-1,-1,-1
84,1448,2085.10,973.08,106.40,89.81,0.77,-1,-1,-1
85,1443,2130.98,1406.60,205.35,238.47,0.89,-1,-1,-1
85,1446,2473.65,874.41,82.54,52.93,0.61,-1,-1,-1
85,1448,2083.31,967.73,112.69,97.35,0.58,-1,-1,-1
86,1443,2132.72,1415.46,207.42,242.26,0.90,-1,-1,-1
86,1446,2472.93,873.57,80.06,51.46,0.65,-1,-1,-1
86,1448,2083.34,968.85,114.78,100.89,0.62,-1,-1,-1
87,1443,2130.81,1422.77,214.08,251.97,0.86,-1,-1,-1
87,1446,2466.07,869.70,83.14,53.45,0.72,-1,-1,-1
87,1448,2082.35,967.11,118.21,106.49,0.73,-1,-1,-1
88,1443,2130.81,1432.60,215.71,255.58,0.91,-1,-1,-1
88,1446,2464.19,870.06,79.80,51.14,0.69,-1,-1,-1
88,1448,2081.46,968.37,119.48,109.91,0.75,-1,-1,-1
89,1443,2131.90,1442.92,215.52,256.02,0.90,-1,-1,-1
89,1446,2463.59,870.07,77.22,49.35,0.71,-1,-1,-1
89,1448,2083.24,972.32,118.22,110.57,0.71,-1,-1,-1
90,1443,2130.08,1454.06,219.54,261.43,0.90,-1,-1,-1
90,1446,2460.14,869.37,77.25,49.58,0.69,-1,-1,-1
90,1448,2082.84,978.78,114.74,108.15,0.68,-1,-1,-1
91,1443,2129.69,1463.95,222.81,266.05,0.86,-1,-1,-1
91,1446,2459.84,868.70,73.17,47.16,0.15,-1,-1,-1
91,1448,2081.59,982.55,115.10,109.63,0.71,-1,-1,-1
92,1443,2128.52,1470.21,224.19,269.68,0.91,-1,-1,-1
92,1446,2456.93,865.89,72.81,47.17,0.31,-1,-1,-1
92,1448,2094.11,1015.52,87.73,80.21,0.53,-1,-1,-1
93,1443,2131.19,1481.29,221.84,267.27,0.89,-1,-1,-1
93,1446,2454.32,864.80,69.89,45.28,0.22,-1,-1,-1
93,1448,2094.38,1019.27,88.78,80.22,0.60,-1,-1,-1
94,1443,2131.94,1491.21,224.28,270.76,0.87,-1,-1,-1
94,1446,2453.67,868.40,64.55,41.16,0.47,-1,-1,-1
94,1448,2082.69,1001.65,111.91,103.15,0.75,-1,-1,-1
95,1443,2130.17,1502.21,230.23,278.86,0.86,-1,-1,-1
95,1446,2451.69,868.53,66.24,41.89,0.52,-1,-1,-1
95,1448,2078.48,997.26,119.83,112.42,0.73,-1,-1,-1
96,1443,2130.14,1509.16,233.72,284.96,0.84,-1,-1,-1
96,1446,2447.34,866.78,65.72,41.41,0.35,-1,-1,-1
96,1448,2086.44,1015.91,105.71,98.30,0.45,-1,-1,-1
97,1443,2128.82,1520.42,235.79,288.67,0.89,-1,-1,-1
97,1446,2441.22,862.10,66.57,42.14,0.60,-1,-1,-1
97,1448,2078.15,1008.78,117.54,110.93,0.72,-1,-1,-1
98,1443,2128.59,1528.65,240.02,295.24,0.87,-1,-1,-1
98,1446,2436.73,860.03,67.62,42.65,0.54,-1,-1,-1
98,1448,2076.29,1009.63,121.14,115.82,0.73,-1,-1,-1
99,1443,2127.92,1532.57,246.84,305.96,0.85,-1,-1,-1
99,1446,2431.08,858.57,68.98,43.22,0.63,-1,-1,-1
99,1448,2076.68,1014.32,121.05,117.09,0.62,-1,-1,-1
100,1443,2127.51,1539.46,250.27,312.43,0.83,-1,-1,-1
100,1446,2428.94,858.59,66.83,41.44,0.55,-1,-1,-1
100,1448,2074.90,1015.93,123.09,120.75,0.68,-1,-1,-1
101,1443,2127.00,1548.38,253.12,318.22,0.83,-1,-1,-1
101,1446,2426.41,857.20,67.45,41.78,0.36,-1,-1,-1
101,1448,2073.90,1015.82,124.96,124.43,0.73,-1,-1,-1
102,1443,2124.99,1553.72,258.72,328.00,0.81,-1,-1,-1
102,1446,2420.34,854.28,68.08,41.93,0.42,-1,-1,-1
102,1448,2075.27,1020.35,122.66,123.59,0.78,-1,-1,-1
103,1443,2126.63,1561.48,259.94,331.10,0.84,-1,-1,-1
103,1446,2419.29,856.59,64.60,39.46,0.19,-1,-1,-1
103,1448,2077.11,1025.33,123.67,126.11,0.71,-1,-1,-1
104,1443,2125.43,1570.36,264.41,337.83,0.86,-1,-1,-1
104,1446,2418.28,858.58,64.95,39.18,0.27,-1,-1,-1
104,1448,2078.50,1029.39,124.02,127.86,0.75,-1,-1,-1
105,1443,2126.31,1576.28,270.52,348.54,0.84,-1,-1,-1
105,1446,2415.10,859.53,62.94,37.75,0.21,-1,-1,-1
105,1448,2078.34,1033.21,123.35,128.91,0.75,-1,-1,-1
106,1443,2128.87,1586.61,269.70,348.81,0.82,-1,-1,-1
106,1446,2412.20,854.35,66.48,39.80,0.17,-1,-1,-1
106,1448,2078.21,1036.72,124.92,132.05,0.72,-1,-1,-1
107,1443,2129.16,1595.01,270.62,351.14,0.83,-1,-1,-1
107,1446,2408.37,847.19,68.87,41.65,0.36,-1,-1,-1
107,1448,2077.36,1039.17,127.13,136.37,0.80,-1,-1,-1
108,1443,2130.49,1602.30,274.50,358.03,0.83,-1,-1,-1
108,1446,2403.82,842.55,69.56,42.57,0.46,-1,-1,-1
108,1448,2076.52,1041.99,130.08,141.28,0.80,-1,-1,-1
109,1443,2132.45,1609.72,278.78,366.07,0.87,-1,-1,-1
109,1446,2401.46,839.59,71.19,44.17,0.40,-1,-1,-1
109,1448,2076.06,1044.45,132.71,146.14,0.71,-1,-1,-1
110,1443,2133.58,1617.78,278.82,367.82,0.84,-1,-1,-1
110,1446,2401.53,838.98,69.37,43.32,0.44,-1,-1,-1
110,1448,2076.84,1050.20,131.33,146.13,0.76,-1,-1,-1
111,1443,2132.56,1626.95,278.82,368.72,0.88,-1,-1,-1
111,1446,2403.38,842.07,62.04,38.81,0.54,-1,-1,-1
111,1448,2078.94,1057.46,129.69,145.52,0.78,-1,-1,-1
112,1443,2134.76,1633.41,281.20,372.74,0.86,-1,-1,-1
112,1446,2399.04,838.21,64.96,41.24,0.65,-1,-1,-1
112,1448,2080.54,1064.99,127.67,143.88,0.68,-1,-1,-1
113,1443,2137.01,1642.26,286.79,383.33,0.82,-1,-1,-1
113,1446,2398.55,836.37,65.75,42.21,0.71,-1,-1,-1
113,1448,2084.29,1071.14,126.46,142.76,0.69,-1,-1,-1
114,1443,2136.28,1650.34,288.44,387.46,0.81,-1,-1,-1
114,1446,2398.64,835.11,65.61,42.92,0.66,-1,-1,-1
114,1448,2084.83,1075.30,128.24,145.03,0.59,-1,-1,-1
115,1443,2140.60,1656.34,289.54,391.43,0.76,-1,-1,-1
115,1446,2398.04,834.10,64.48,42.54,0.64,-1,-1,-1
115,1448,2084.90,1081.36,128.80,146.46,0.73,-1,-1,-1
116,1443,2139.77,1663.05,292.51,397.71,0.81,-1,-1,-1
116,1446,2397.80,833.30,64.26,43.08,0.47,-1,-1,-1
116,1448,2085.09,1089.51,128.72,146.61,0.81,-1,-1,-1
117,1443,2140.80,1671.13,296.94,405.57,0.79,-1,-1,-1
117,1446,2397.20,832.57,61.97,42.34,0.50,-1,-1,-1
117,1448,2085.73,1093.95,129.95,148.86,0.82,-1,-1,-1
118,1443,2142.29,1676.39,297.43,407.81,0.82,-1,-1,-1
118,1446,2398.89,832.69,61.03,42.06,0.60,-1,-1,-1
118,1448,2086.64,1098.38,131.84,152.13,0.84,-1,-1,-1
119,1443,2147.82,1682.33,292.49,402.23,0.81,-1,-1,-1
119,1446,2398.62,832.21,58.61,41.04,0.64,-1,-1,-1
119,1448,2087.61,1101.93,133.41,154.85,0.82,-1,-1,-1
120,1443,2152.08,1687.19,293.61,404.92,0.74,-1,-1,-1
120,1446,2399.15,831.48,57.29,40.66,0.46,-1,-1,-1
120,1448,2089.63,1107.82,134.95,157.38,0.84,-1,-1,-1
121,1443,2152.20,1691.02,298.96,415.30,0.74,-1,-1,-1
121,1446,2400.66,831.92,55.78,39.93,0.40,-1,-1,-1
121,1448,2089.35,1111.54,136.87,160.82,0.83,-1,-1,-1
122,1443,2150.56,1695.45,303.86,424.75,0.74,-1,-1,-1
122,1446,2400.04,830.56,53.87,39.13,0.57,-1,-1,-1
122,1448,2090.91,1116.78,138.06,162.56,0.74,-1,-1,-1
123,1443,2150.97,1699.59,305.67,428.82,0.73,-1,-1,-1
123,1446,2401.69,827.96,53.79,39.80,0.55,-1,-1,-1
123,1448,2094.24,1124.22,137.14,161.96,0.74,-1,-1,-1
124,1443,2155.62,1703.76,300.58,423.04,0.73,-1,-1,-1
124,1446,2402.21,827.31,52.48,39.19,0.48,-1,-1,-1
124,1448,2094.44,1129.60,138.66,164.19,0.84,-1,-1,-1
124,1449,1231.84,1940.06,129.04,191.57,0.63,-1,-1,-1
125,1443,2155.43,1706.02,300.89,423.54,0.70,-1,-1,-1
125,1446,2404.00,827.27,51.98,39.25,0.53,-1,-1,-1
125,1448,2094.10,1133.45,142.77,169.50,0.68,-1,-1,-1
125,1449,1234.38,1940.71,127.67,189.55,0.57,-1,-1,-1
126,1443,2157.19,1711.72,299.42,421.99,0.71,-1,-1,-1
126,1446,2404.82,826.58,50.32,38.16,0.41,-1,-1,-1
126,1448,2092.86,1137.69,145.71,173.61,0.80,-1,-1,-1
126,1449,1230.49,1940.31,130.93,194.09,0.50,-1,-1,-1
127,1443,2156.55,1714.94,302.85,427.57,0.68,-1,-1,-1
127,1446,2405.95,825.41,49.77,37.95,0.43,-1,-1,-1
127,1448,2092.90,1143.12,148.61,178.31,0.85,-1,-1,-1
127,1449,1228.25,1939.90,132.84,196.36,0.58,-1,-1,-1
128,1443,2157.24,1715.96,306.16,433.80,0.69,-1,-1,-1
128,1446,2408.56,823.69,51.01,38.97,0.28,-1,-1,-1
128,1448,2094.68,1149.51,149.06,180.08,0.84,-1,-1,-1
128,1449,1230.42,1939.81,132.43,195.38,0.57,-1,-1,-1
129,1443,2154.74,1716.78,310.17,440.42,0.72,-1,-1,-1
129,1446,2410.87,822.90,50.36,38.50,0.46,-1,-1,-1
129,1448,2096.73,1155.51,149.94,182.42,0.83,-1,-1,-1
129,1449,1232.82,1940.26,130.84,192.31,0.62,-1,-1,-1
130,1443,2154.87,1717.18,310.33,441.75,0.69,-1,-1,-1
130,1446,2411.73,822.46,50.13,38.28,0.52,-1,-1,-1
130,1448,2099.06,1163.67,149.89,183.46,0.83,-1,-1,-1
130,1449,1234.05,1940.88,128.88,189.28,0.54,-1,-1,-1
131,1443,2153.62,1708.73,316.63,451.27,0.70,-1,-1,-1
131,1446,2413.05,821.47,51.16,38.81,0.54,-1,-1,-1
131,1448,2100.81,1169.90,152.55,187.04,0.82,-1,-1,-1
131,1449,1233.96,1941.06,130.24,190.94,0.64,-1,-1,-1
132,1443,2153.20,1705.85,317.93,454.15,0.68,-1,-1,-1
132,1446,2414.51,820.34,52.41,39.50,0.72,-1,-1,-1
132,1448,2100.71,1175.12,154.56,189.86,0.88,-1,-1,-1
132,1449,1234.46,1941.49,131.76,192.86,0.49,-1,-1,-1
133,1443,2158.52,1717.56,310.39,442.44,0.71,-1,-1,-1
133,1446,2415.22,818.85,53.59,40.43,0.68,-1,-1,-1
133,1448,2102.61,1181.70,156.87,192.94,0.86,-1,-1,-1
133,1449,1236.20,1941.50,132.61,193.95,0.57,-1,-1,-1
134,1443,2160.29,1719.20,309.62,440.80,0.71,-1,-1,-1
134,1446,2418.83,818.53,53.61,40.22,0.67,-1,-1,-1
134,1448,2104.89,1187.38,158.33,195.82,0.84,-1,-1,-1
134,1449,1232.08,1941.81,134.74,195.08,0.52,-1,-1,-1
135,1443,2160.86,1712.95,312.80,447.05,0.71,-1,-1,-1
135,1446,2427.13,820.09,52.51,38.25,0.65,-1,-1,-1
135,1448,2108.24,1194.95,158.03,196.35,0.83,-1,-1,-1
135,1449,1234.25,1941.71,133.46,192.42,0.61,-1,-1,-1
136,1443,2162.71,1715.95,310.89,443.45,0.72,-1,-1,-1
136,1446,2429.24,819.22,54.26,38.73,0.54,-1,-1,-1
136,1448,2108.11,1199.91,159.76,199.36,0.66,-1,-1,-1
136,1449,1233.26,1942.05,134.00,191.98,0.55,-1,-1,-1
137,1443,2162.84,1718.01,309.32,440.23,0.75,-1,-1,-1
137,1446,2430.87,818.66,56.57,39.76,0.56,-1,-1,-1
137,1448,2107.74,1205.08,162.32,202.91,0.57,-1,-1,-1
137,1449,1232.71,1941.93,135.84,194.15,0.51,-1,-1,-1
138,1443,2158.62,1714.45,312.17,443.19,0.72,-1,-1,-1
138,1446,2431.19,817.38,56.52,39.36,0.61,-1,-1,-1
138,1448,2106.95,1209.56,166.25,209.34,0.85,-1,-1,-1
138,1449,1234.48,1942.50,135.25,192.97,0.40,-1,-1,-1
139,1443,2161.91,1723.80,305.88,433.27,0.73,-1,-1,-1
139,1446,2431.95,818.11,53.81,37.53,0.38,-1,-1,-1
139,1448,2107.53,1217.24,166.23,210.00,0.85,-1,-1,-1
139,1449,1233.57,1942.33,134.38,192.19,0.58,-1,-1,-1
140,1443,2164.33,1730.11,302.76,426.77,0.69,-1,-1,-1
140,1446,2432.64,819.14,51.48,35.97,0.64,-1,-1,-1
140,1448,2106.23,1221.50,169.44,215.01,0.84,-1,-1,-1
140,1449,1231.44,1941.64,133.52,191.21,0.50,-1,-1,-1
141,1443,2163.33,1733.00,302.18,423.46,0.70,-1,-1,-1
141,1446,2434.51,817.89,53.00,36.91,0.70,-1,-1,-1
141,1448,2106.78,1225.87,171.58,218.48,0.87,-1,-1,-1
141,1449,1230.73,1941.48,133.56,191.27,0.51,-1,-1,-1
142,1443,2163.73,1734.80,301.47,421.47,0.73,-1,-1,-1
142,1446,2438.12,816.50,54.89,37.99,0.74,-1,-1,-1
142,1448,2107.32,1230.86,172.90,220.96,0.89,-1,-1,-1
142,1449,1231.09,1941.40,133.35,191.59,0.58,-1,-1,-1
143,1443,2161.26,1729.59,304.58,426.01,0.70,-1,-1,-1
143,1446,2443.37,816.06,55.51,37.85,0.69,-1,-1,-1
143,1448,2109.56,1238.59,173.06,221.68,0.84,-1,-1,-1
143,1449,1231.39,1941.37,133.23,192.16,0.63,-1,-1,-1
144,1443,2154.46,1710.31,314.64,442.01,0.74,-1,-1,-1
144,1446,2449.86,816.42,55.17,37.17,0.42,-1,-1,-1
144,1448,2109.91,1244.27,175.96,226.36,0.89,-1,-1,-1
144,1449,1232.81,1941.76,133.85,193.06,0.39,-1,-1,-1
145,1443,2154.51,1704.02,316.18,445.87,0.74,-1,-1,-1
145,1446,2456.15,817.85,50.46,33.35,0.40,-1,-1,-1
145,1448,2110.04,1248.80,179.29,231.79,0.81,-1,-1,-1
145,1449,1232.41,1941.61,133.43,192.36,0.29,-1,-1,-1
146,1443,2155.02,1712.49,311.81,440.28,0.70,-1,-1,-1
146,1446,2457.39,817.60,51.96,34.16,0.56,-1,-1,-1
146,1448,2110.75,1255.41,180.90,235.23,0.80,-1,-1,-1
146,1449,1220.07,1941.04,139.03,196.95,0.32,-1,-1,-1
147,1443,2152.48,1712.93,312.25,442.35,0.68,-1,-1,-1
147,1446,2462.09,812.92,58.46,37.78,0.28,-1,-1,-1
147,1448,2112.65,1264.67,179.83,234.59,0.84,-1,-1,-1
147,1449,1220.40,1940.00,138.82,197.25,0.53,-1,-1,-1
148,1443,2150.44,1707.00,314.94,447.27,0.70,-1,-1,-1
148,1448,2111.53,1270.40,181.19,236.88,0.82,-1,-1,-1
148,1449,1214.10,1939.67,140.55,198.43,0.23,-1,-1,-1
149,1443,2149.17,1718.13,307.98,435.02,0.73,-1,-1,-1
149,1448,2111.34,1277.49,181.74,238.29,0.84,-1,-1,-1
149,1449,1204.89,1939.93,141.81,197.97,0.24,-1,-1,-1
150,1443,2144.93,1711.01,311.32,438.90,0.74,-1,-1,-1
150,1448,2108.10,1279.61,186.15,245.29,0.83,-1,-1,-1
151,1443,2145.46,1715.63,310.12,436.59,0.71,-1,-1,-1
151,1448,2109.21,1284.75,188.82,250.53,0.82,-1,-1,-1
152,1443,2142.35,1719.20,307.66,431.43,0.78,-1,-1,-1
152,1448,2109.40,1290.11,190.74,254.43,0.89,-1,-1,-1
153,1443,2142.15,1731.08,301.76,421.49,0.80,-1,-1,-1
153,1448,2108.38,1295.96,191.87,256.64,0.85,-1,-1,-1
154,1443,2139.13,1738.07,300.14,417.22,0.77,-1,-1,-1
154,1448,2109.74,1304.75,191.63,256.54,0.84,-1,-1,-1
155,1443,2135.16,1732.82,302.98,420.51,0.78,-1,-1,-1
155,1448,2107.88,1308.36,194.88,261.99,0.71,-1,-1,-1
156,1443,2133.50,1739.04,296.36,407.12,0.79,-1,-1,-1
156,1448,2110.76,1313.71,195.52,263.06,0.79,-1,-1,-1
157,1443,2133.02,1741.79,295.36,403.53,0.82,-1,-1,-1
157,1448,2109.59,1317.62,200.19,269.99,0.81,-1,-1,-1
158,1443,2133.02,1743.96,293.09,397.01,0.81,-1,-1,-1
158,1448,2110.88,1320.14,202.45,273.82,0.87,-1,-1,-1
159,1443,2128.63,1744.42,295.16,395.67,0.78,-1,-1,-1
159,1448,2111.94,1322.65,203.78,276.51,0.85,-1,-1,-1
160,1443,2125.45,1744.76,298.35,395.94,0.81,-1,-1,-1
160,1448,2110.21,1325.97,205.66,279.81,0.78,-1,-1,-1
161,1443,2122.37,1745.96,299.91,393.76,0.81,-1,-1,-1
161,1448,2110.82,1330.77,206.96,282.27,0.74,-1,-1,-1
162,1443,2126.17,1746.44,299.93,391.82,0.84,-1,-1,-1
162,1448,2107.94,1336.57,206.58,283.27,0.84,-1,-1,-1
163,1443,2124.06,1745.81,301.69,391.86,0.83,-1,-1,-1
163,1448,2106.91,1340.90,206.14,283.24,0.61,-1,-1,-1
164,1443,2128.15,1746.06,300.65,389.93,0.84,-1,-1,-1
164,1448,2109.98,1343.50,208.27,287.04,0.68,-1,-1,-1
165,1443,2127.24,1744.50,302.92,392.26,0.82,-1,-1,-1
165,1448,2108.84,1345.72,211.52,292.78,0.74,-1,-1,-1
166,1443,2126.30,1743.67,304.05,392.88,0.82,-1,-1,-1
166,1448,2110.06,1349.61,211.41,293.93,0.83,-1,-1,-1
167,1443,2130.81,1746.65,300.82,388.63,0.81,-1,-1,-1
167,1448,2110.82,1353.49,209.93,293.07,0.81,-1,-1,-1
168,1443,2125.30,1746.13,304.20,390.35,0.80,-1,-1,-1
168,1448,2115.61,1357.56,208.22,292.48,0.79,-1,-1,-1
169,1443,2125.79,1744.51,308.82,396.73,0.79,-1,-1,-1
169,1448,2114.76,1358.66,209.53,295.98,0.73,-1,-1,-1
170,1443,2125.03,1745.46,308.24,395.17,0.82,-1,-1,-1
170,1448,2114.81,1360.09,209.72,297.46,0.76,-1,-1,-1
171,1443,2126.66,1744.65,309.68,396.67,0.82,-1,-1,-1
171,1448,2115.86,1362.63,209.62,299.33,0.75,-1,-1,-1
172,1443,2128.14,1745.01,307.57,393.07,0.79,-1,-1,-1
172,1448,2119.50,1364.63,207.03,296.51,0.80,-1,-1,-1
173,1443,2125.24,1742.04,314.59,403.39,0.78,-1,-1,-1
173,1448,2121.11,1365.34,206.33,296.67,0.86,-1,-1,-1
174,1443,2126.28,1741.12,317.21,407.83,0.77,-1,-1,-1
174,1448,2121.96,1365.86,205.46,296.35,0.80,-1,-1,-1
175,1443,2132.17,1737.70,322.04,415.82,0.70,-1,-1,-1
175,1448,2122.34,1365.02,207.75,300.56,0.75,-1,-1,-1
176,1443,2135.74,1740.59,319.53,413.52,0.74,-1,-1,-1
176,1448,2124.60,1367.34,206.61,299.93,0.77,-1,-1,-1
177,1443,2137.07,1738.00,319.20,413.75,0.73,-1,-1,-1
177,1448,2125.39,1368.96,205.10,298.44,0.80,-1,-1,-1
178,1443,2118.20,1736.28,325.34,417.40,0.72,-1,-1,-1
178,1448,2126.43,1367.32,205.61,299.46,0.74,-1,-1,-1
179,1443,2114.06,1738.43,327.78,416.24,0.70,-1,-1,-1
179,1448,2130.48,1367.41,206.78,301.53,0.80,-1,-1,-1
180,1443,2127.10,1737.77,326.55,414.74,0.71,-1,-1,-1
180,1448,2130.68,1366.77,206.67,301.92,0.82,-1,-1,-1
181,1443,2131.13,1738.31,326.40,415.05,0.70,-1,-1,-1
181,1448,2131.68,1366.22,206.25,302.01,0.85,-1,-1,-1
182,1443,2140.35,1737.95,324.78,416.31,0.72,-1,-1,-1
182,1448,2133.14,1366.44,205.69,301.23,0.81,-1,-1,-1
183,1443,2149.24,1740.73,319.92,413.74,0.74,-1,-1,-1
183,1448,2133.81,1369.79,203.40,297.90,0.82,-1,-1,-1
184,1443,2149.02,1740.77,318.33,413.93,0.73,-1,-1,-1
184,1448,2133.37,1368.36,204.31,299.01,0.84,-1,-1,-1
185,1443,2154.26,1741.70,314.41,411.95,0.73,-1,-1,-1
185,1448,2134.27,1370.97,202.16,295.78,0.84,-1,-1,-1
186,1443,2156.65,1743.31,310.88,410.06,0.75,-1,-1,-1
186,1448,2133.60,1369.11,203.47,297.11,0.83,-1,-1,-1
187,1443,2156.20,1741.55,310.69,412.29,0.72,-1,-1,-1
187,1448,2132.17,1369.05,204.34,297.38,0.76,-1,-1,-1
187,1450,1219.88,1938.16,151.84,198.00,0.55,-1,-1,-1
188,1443,2148.23,1740.46,313.20,415.25,0.73,-1,-1,-1
188,1448,2134.50,1372.70,202.64,295.38,0.81,-1,-1,-1
188,1450,1218.06,1939.03,150.19,195.89,0.56,-1,-1,-1
189,1443,2152.19,1740.41,311.29,415.00,0.75,-1,-1,-1
189,1448,2133.85,1373.77,202.50,295.18,0.80,-1,-1,-1
189,1450,1224.17,1940.28,148.37,193.90,0.46,-1,-1,-1
190,1443,2156.01,1741.39,308.83,413.54,0.73,-1,-1,-1
190,1448,2131.68,1370.95,204.30,297.20,0.79,-1,-1,-1
190,1450,1224.86,1940.14,149.86,196.63,0.43,-1,-1,-1
191,1443,2153.62,1741.00,307.92,413.59,0.71,-1,-1,-1
191,1448,2133.89,1373.44,202.46,294.96,0.77,-1,-1,-1
191,1450,1223.96,1940.67,148.22,194.98,0.61,-1,-1,-1
192,1443,2157.60,1743.09,304.54,410.42,0.74,-1,-1,-1
192,1448,2135.90,1374.31,201.87,294.48,0.78,-1,-1,-1
192,1450,1226.31,1940.91,147.08,194.05,0.49,-1,-1,-1
193,1443,2159.16,1743.67,302.41,408.41,0.76,-1,-1,-1
193,1448,2135.30,1371.28,203.84,297.48,0.83,-1,-1,-1
193,1450,1226.98,1941.18,144.87,192.37,0.74,-1,-1,-1
194,1443,2156.45,1743.48,302.38,407.87,0.76,-1,-1,-1
194,1448,2135.94,1373.58,202.41,295.32,0.82,-1,-1,-1
194,1450,1229.01,1942.31,144.88,192.97,0.46,-1,-1,-1
195,1443,2161.64,1747.26,298.55,403.19,0.77,-1,-1,-1
195,1448,2134.91,1373.78,203.00,295.87,0.83,-1,-1,-1
195,1450,1227.85,1942.48,146.16,195.88,0.58,-1,-1,-1
196,1443,2160.26,1745.59,299.24,404.43,0.77,-1,-1,-1
196,1448,2134.28,1375.25,202.04,294.58,0.85,-1,-1,-1
196,1450,1227.94,1943.31,144.47,195.08,0.64,-1,-1,-1
197,1443,2158.79,1744.66,301.53,407.44,0.76,-1,-1,-1
197,1448,2135.09,1375.35,202.67,294.91,0.82,-1,-1,-1
197,1450,1224.99,1943.83,143.00,192.53,0.63,-1,-1,-1
198,1443,2158.05,1744.09,302.71,409.98,0.76,-1,-1,-1
198,1448,2133.62,1374.49,203.75,295.62,0.80,-1,-1,-1
198,1450,1229.36,1944.72,142.08,192.73,0.63,-1,-1,-1
199,1443,2165.76,1747.45,294.82,399.59,0.78,-1,-1,-1
199,1448,2135.57,1376.86,202.97,294.35,0.83,-1,-1,-1
199,1450,1230.51,1945.18,139.93,190.38,0.68,-1,-1,-1
200,1443,2164.96,1746.97,296.03,400.25,0.79,-1,-1,-1
200,1448,2135.27,1377.29,203.46,294.93,0.81,-1,-1,-1
200,1450,1231.64,1945.31,139.57,190.28,0.53,-1,-1,-1
201,1443,2169.83,1748.00,294.41,398.76,0.80,-1,-1,-1
201,1448,2135.32,1378.61,203.17,294.18,0.80,-1,-1,-1
201,1450,1229.59,1946.52,139.84,191.05,0.71,-1,-1,-1
201,1452,3690.47,1652.50,143.08,288.88,0.76,-1,-1,-1
202,1443,2171.58,1753.05,290.35,391.75,0.78,-1,-1,-1
202,1448,2133.60,1379.36,204.22,295.37,0.72,-1,-1,-1
202,1450,1228.56,1947.02,140.36,190.85,0.54,-1,-1,-1
202,1452,3674.21,1632.12,152.41,306.46,0.38,-1,-1,-1
203,1443,2174.69,1757.69,284.83,381.44,0.74,-1,-1,-1
203,1448,2133.66,1380.69,204.78,295.94,0.73,-1,-1,-1
203,1450,1228.30,1947.94,140.40,191.41,0.72,-1,-1,-1
203,1452,3657.48,1608.29,154.48,307.05,0.13,-1,-1,-1
204,1443,2172.94,1759.01,290.09,387.30,0.79,-1,-1,-1
204,1448,2134.73,1382.23,204.02,294.54,0.76,-1,-1,-1
204,1450,1233.00,1951.31,137.18,186.77,0.50,-1,-1,-1
204,1452,3643.52,1582.73,159.25,310.67,0.12,-1,-1,-1
205,1443,2170.81,1758.52,294.08,391.99,0.76,-1,-1,-1
205,1448,2135.31,1382.32,204.59,295.63,0.71,-1,-1,-1
205,1450,1231.44,1955.30,133.68,182.01,0.70,-1,-1,-1
205,1452,3626.53,1562.11,160.74,302.94,0.71,-1,-1,-1
206,1443,2168.07,1755.03,297.81,396.12,0.77,-1,-1,-1
206,1448,2136.08,1382.70,204.82,295.89,0.72,-1,-1,-1
206,1450,1232.82,1956.93,134.06,182.58,0.73,-1,-1,-1
206,1452,3614.32,1538.37,165.82,299.98,0.89,-1,-1,-1
207,1443,2165.27,1754.88,298.65,395.55,0.77,-1,-1,-1
207,1448,2136.57,1382.98,204.79,295.80,0.62,-1,-1,-1
207,1450,1235.00,1960.18,129.59,176.15,0.47,-1,-1,-1
207,1452,3593.12,1519.26,173.40,296.24,0.77,-1,-1,-1
208,1443,2167.46,1755.45,298.02,394.25,0.77,-1,-1,-1
208,1448,2136.11,1383.69,205.26,296.40,0.68,-1,-1,-1
208,1450,1231.76,1961.44,131.48,178.82,0.57,-1,-1,-1
208,1452,3577.07,1500.77,185.12,298.73,0.52,-1,-1,-1
209,1443,2170.62,1756.22,297.21,392.89,0.78,-1,-1,-1
209,1448,2135.81,1383.93,205.51,296.62,0.70,-1,-1,-1
209,1450,1231.97,1962.07,130.27,176.98,0.47,-1,-1,-1
209,1452,3556.33,1474.62,196.09,296.03,0.61,-1,-1,-1
210,1443,2170.89,1756.66,297.25,392.43,0.77,-1,-1,-1
210,1448,2135.71,1384.17,205.32,296.96,0.65,-1,-1,-1
210,1450,1231.34,1962.55,129.40,175.12,0.46,-1,-1,-1
210,1452,3536.52,1458.02,202.17,286.22,0.77,-1,-1,-1
211,1443,2166.47,1756.24,300.27,394.94,0.77,-1,-1,-1
211,1448,2134.78,1384.20,205.69,297.57,0.63,-1,-1,-1
211,1450,1233.22,1963.59,127.76,173.10,0.54,-1,-1,-1
211,1452,3505.33,1440.17,214.14,286.33,0.74,-1,-1,-1
212,1443,2165.70,1756.65,302.57,396.81,0.78,-1,-1,-1
212,1448,2137.59,1384.61,206.05,298.10,0.77,-1,-1,-1
212,1450,1234.35,1963.38,130.93,177.26,0.51,-1,-1,-1
212,1452,3482.90,1427.74,214.72,271.73,0.66,-1,-1,-1
213,1443,2166.88,1757.67,302.10,395.78,0.79,-1,-1,-1
213,1448,2136.26,1384.64,206.07,298.58,0.71,-1,-1,-1
213,1450,1235.09,1963.73,129.54,175.52,0.52,-1,-1,-1
213,1452,3451.17,1409.64,222.84,271.22,0.74,-1,-1,-1
214,1443,2168.20,1757.42,301.99,394.88,0.79,-1,-1,-1
214,1448,2136.19,1385.01,206.03,299.28,0.64,-1,-1,-1
214,1450,1234.78,1963.05,129.53,175.61,0.55,-1,-1,-1
214,1452,3427.41,1395.60,220.64,256.02,0.84,-1,-1,-1
215,1443,2165.84,1758.42,301.54,393.86,0.76,-1,-1,-1
215,1448,2135.68,1385.19,205.69,299.04,0.64,-1,-1,-1
215,1450,1229.94,1962.19,133.71,180.45,0.56,-1,-1,-1
215,1452,3405.57,1380.49,221.28,247.20,0.82,-1,-1,-1
216,1443,2161.35,1757.61,303.17,394.62,0.78,-1,-1,-1
216,1448,2135.34,1385.25,205.05,298.10,0.70,-1,-1,-1
216,1450,1230.67,1961.86,133.55,179.71,0.53,-1,-1,-1
216,1452,3380.80,1365.55,223.99,242.61,0.75,-1,-1,-1
217,1443,2162.99,1757.58,302.37,393.53,0.76,-1,-1,-1
217,1448,2133.26,1386.18,205.37,298.17,0.77,-1,-1,-1
217,1450,1229.14,1961.12,133.74,180.13,0.46,-1,-1,-1
217,1452,3356.77,1352.61,220.20,229.77,0.83,-1,-1,-1
218,1443,2161.17,1756.52,304.07,395.46,0.77,-1,-1,-1
218,1448,2133.93,1385.24,205.76,298.85,0.73,-1,-1,-1
218,1450,1228.02,1961.28,132.58,178.46,0.60,-1,-1,-1
218,1452,3335.94,1339.91,217.92,219.88,0.22,-1,-1,-1
219,1443,2164.31,1756.72,303.13,395.10,0.75,-1,-1,-1
219,1448,2135.09,1383.68,206.01,299.18,0.62,-1,-1,-1
219,1450,1228.94,1960.13,132.67,178.29,0.47,-1,-1,-1
219,1452,3318.98,1324.45,219.48,216.64,0.37,-1,-1,-1
220,1443,2164.53,1756.70,300.07,391.70,0.77,-1,-1,-1
220,1448,2135.03,1380.82,206.70,300.07,0.76,-1,-1,-1
220,1450,1227.18,1959.35,134.00,180.09,0.43,-1,-1,-1
220,1452,3306.72,1311.79,196.14,185.46,0.84,-1,-1,-1
221,1443,2161.67,1755.23,301.29,394.14,0.76,-1,-1,-1
221,1448,2134.94,1382.31,204.67,297.29,0.72,-1,-1,-1
221,1450,1224.76,1956.99,138.05,183.65,0.27,-1,-1,-1
221,1452,3280.13,1303.94,201.23,184.36,0.76,-1,-1,-1
222,1443,2160.88,1754.88,301.32,395.04,0.77,-1,-1,-1
222,1448,2134.68,1382.78,204.00,296.44,0.75,-1,-1,-1
222,1450,1222.89,1955.95,140.24,185.50,0.53,-1,-1,-1
222,1452,3260.34,1290.33,198.05,175.45,0.56,-1,-1,-1
223,1443,2159.12,1753.40,301.50,396.01,0.76,-1,-1,-1
223,1448,2134.22,1383.16,203.24,295.65,0.79,-1,-1,-1
223,1450,1221.70,1954.10,142.23,186.77,0.34,-1,-1,-1
223,1452,3232.43,1275.88,208.58,181.18,0.72,-1,-1,-1
224,1443,2161.98,1755.20,298.68,393.48,0.78,-1,-1,-1
224,1448,2134.11,1383.11,202.41,294.92,0.73,-1,-1,-1
224,1450,1220.36,1952.58,141.26,185.78,0.22,-1,-1,-1
224,1452,3209.01,1266.77,208.74,177.28,0.87,-1,-1,-1
225,1443,2160.99,1754.63,298.54,393.38,0.78,-1,-1,-1
225,1448,2133.59,1383.24,202.20,294.72,0.77,-1,-1,-1
225,1450,1221.53,1952.56,142.87,187.64,0.45,-1,-1,-1
225,1452,3190.01,1254.92,212.79,177.26,0.82,-1,-1,-1
226,1443,2159.57,1753.01,299.58,394.85,0.77,-1,-1,-1
226,1448,2134.34,1381.15,203.63,296.85,0.81,-1,-1,-1
226,1450,1223.91,1953.51,142.01,186.84,0.47,-1,-1,-1
226,1452,3174.71,1247.68,210.30,172.35,0.90,-1,-1,-1
227,1443,2163.55,1755.65,295.58,388.13,0.76,-1,-1,-1
227,1448,2133.11,1379.66,206.12,300.18,0.73,-1,-1,-1
227,1450,1226.68,1954.11,142.39,187.51,0.55,-1,-1,-1
227,1452,3152.21,1235.29,215.03,174.37,0.76,-1,-1,-1
228,1443,2162.15,1754.98,298.04,391.99,0.77,-1,-1,-1
228,1448,2132.78,1379.37,206.11,299.70,0.76,-1,-1,-1
228,1450,1225.79,1954.15,142.34,187.79,0.39,-1,-1,-1
228,1452,3133.42,1227.26,213.70,171.91,0.85,-1,-1,-1
229,1443,2165.89,1758.08,294.05,386.07,0.78,-1,-1,-1
229,1448,2133.04,1379.53,205.59,298.44,0.76,-1,-1,-1
229,1452,3121.61,1218.24,207.55,164.67,0.78,-1,-1,-1
230,1443,2168.01,1759.28,292.61,383.62,0.81,-1,-1,-1
230,1448,2133.07,1379.21,205.42,298.18,0.76,-1,-1,-1
230,1452,3109.53,1210.24,204.73,161.64,0.87,-1,-1,-1
231,1443,2168.20,1759.81,292.42,382.72,0.79,-1,-1,-1
231,1448,2134.11,1379.55,205.45,298.03,0.77,-1,-1,-1
231,1452,3093.67,1201.74,201.02,157.70,0.86,-1,-1,-1
232,1443,2166.64,1759.04,294.17,386.24,0.77,-1,-1,-1
232,1448,2134.97,1382.23,202.71,294.55,0.77,-1,-1,-1
232,1452,3074.31,1189.90,205.52,160.69,0.88,-1,-1,-1
233,1443,2165.05,1758.47,292.52,383.92,0.77,-1,-1,-1
233,1448,2134.58,1380.58,203.52,295.53,0.78,-1,-1,-1
233,1452,3057.33,1180.96,202.39,157.36,0.89,-1,-1,-1
234,1443,2165.94,1759.10,287.95,375.71,0.80,-1,-1,-1
234,1448,2134.82,1382.38,201.98,293.65,0.79,-1,-1,-1
234,1452,3043.37,1173.07,199.76,154.74,0.91,-1,-1,-1
235,1443,2165.07,1758.21,292.05,381.88,0.77,-1,-1,-1
235,1448,2133.92,1382.31,202.36,294.46,0.76,-1,-1,-1
235,1452,3030.32,1165.63,196.01,150.96,0.85,-1,-1,-1
236,1443,2164.74,1756.61,293.26,383.75,0.77,-1,-1,-1
236,1448,2132.86,1382.13,202.49,294.56,0.77,-1,-1,-1
236,1452,3018.08,1159.00,193.21,148.28,0.86,-1,-1,-1
237,1443,2162.71,1755.01,295.31,386.82,0.76,-1,-1,-1
237,1448,2132.50,1382.02,202.55,294.36,0.78,-1,-1,-1
237,1452,3005.57,1151.65,190.42,145.62,0.89,-1,-1,-1
238,1443,2162.46,1753.67,295.84,387.95,0.76,-1,-1,-1
238,1448,2132.84,1382.03,202.11,293.57,0.82,-1,-1,-1
238,1452,2991.94,1142.58,190.13,144.35,0.84,-1,-1,-1
239,1443,2164.72,1753.48,293.08,384.41,0.75,-1,-1,-1
239,1448,2133.49,1381.51,201.96,293.49,0.79,-1,-1,-1
239,1452,2981.62,1137.91,181.25,136.41,0.86,-1,-1,-1
240,1443,2161.63,1754.75,291.20,380.80,0.74,-1,-1,-1
240,1448,2132.66,1381.60,201.60,293.12,0.76,-1,-1,-1
240,1452,2966.65,1134.69,175.27,130.72,0.90,-1,-1,-1
240,1450,1206.50,1945.71,148.19,193.73,0.52,-1,-1,-1
241,1443,2163.03,1755.51,290.83,380.17,0.77,-1,-1,-1
241,1448,2133.39,1381.70,201.24,292.85,0.78,-1,-1,-1
241,1452,2953.34,1125.74,179.17,134.17,0.79,-1,-1,-1
241,1450,1209.25,1945.41,149.63,193.98,0.16,-1,-1,-1
242,1443,2161.02,1753.66,293.78,383.96,0.77,-1,-1,-1
242,1448,2133.09,1381.70,201.33,293.04,0.77,-1,-1,-1
242,1452,2940.56,1117.32,177.80,132.66,0.93,-1,-1,-1
242,1450,1206.45,1945.37,151.37,194.26,0.51,-1,-1,-1
243,1443,2155.80,1753.73,295.38,384.56,0.79,-1,-1,-1
243,1448,2133.26,1381.32,200.70,292.57,0.78,-1,-1,-1
243,1452,2929.32,1111.41,175.63,131.44,0.82,-1,-1,-1
243,1450,1210.24,1944.91,149.13,192.75,0.53,-1,-1,-1
244,1443,2158.38,1754.17,295.66,385.08,0.78,-1,-1,-1
244,1448,2132.83,1377.74,202.73,295.14,0.82,-1,-1,-1
244,1452,2916.46,1105.42,172.48,128.66,0.88,-1,-1,-1
244,1450,1214.72,1945.39,148.12,192.34,0.34,-1,-1,-1
245,1443,2158.96,1753.03,298.54,390.46,0.79,-1,-1,-1
245,1448,2133.55,1380.13,201.23,292.99,0.83,-1,-1,-1
245,1452,2906.57,1098.54,173.23,129.21,0.90,-1,-1,-1
245,1450,1220.22,1944.97,145.80,192.61,0.46,-1,-1,-1
246,1443,2157.27,1752.38,299.54,391.78,0.80,-1,-1,-1
246,1448,2133.38,1380.74,201.06,293.01,0.79,-1,-1,-1
246,1452,2897.31,1089.19,169.21,126.50,0.83,-1,-1,-1
246,1450,1218.28,1944.96,146.34,194.33,0.40,-1,-1,-1
247,1443,2157.19,1752.55,299.67,392.06,0.79,-1,-1,-1
247,1448,2134.18,1380.52,200.49,292.45,0.80,-1,-1,-1
247,1452,2886.19,1084.89,165.21,123.60,0.83,-1,-1,-1
247,1450,1214.01,1944.75,148.44,195.48,0.17,-1,-1,-1
248,1443,2159.01,1752.54,297.49,389.20,0.79,-1,-1,-1
248,1448,2133.67,1380.41,200.64,292.74,0.79,-1,-1,-1
248,1452,2874.26,1081.00,160.25,120.03,0.81,-1,-1,-1
248,1450,1215.84,1944.57,148.54,195.55,0.40,-1,-1,-1
249,1443,2158.44,1751.79,297.54,388.40,0.78,-1,-1,-1
249,1448,2134.58,1380.64,200.12,292.16,0.81,-1,-1,-1
249,1452,2872.48,1075.74,157.86,119.50,0.77,-1,-1,-1
249,1450,1214.41,1944.08,148.33,195.01,0.46,-1,-1,-1
250,1443,2159.54,1752.96,297.24,388.25,0.76,-1,-1,-1
250,1448,2133.81,1380.94,199.66,291.68,0.79,-1,-1,-1
250,1452,2857.35,1068.74,156.86,118.13,0.81,-1,-1,-1
250,1450,1214.79,1943.94,146.87,192.77,0.40,-1,-1,-1
251,1443,2152.11,1752.13,300.63,390.55,0.78,-1,-1,-1
251,1448,2134.38,1381.49,199.18,291.00,0.83,-1,-1,-1
251,1452,2846.06,1063.67,154.80,116.21,0.90,-1,-1,-1
251,1450,1217.94,1944.24,147.01,194.57,0.39,-1,-1,-1
252,1443,2152.64,1752.09,300.70,389.53,0.78,-1,-1,-1
252,1448,2134.29,1381.11,199.38,291.46,0.81,-1,-1,-1
252,1452,2832.06,1058.16,154.90,116.03,0.84,-1,-1,-1
252,1450,1222.16,1943.95,146.60,196.13,0.44,-1,-1,-1
253,1443,2155.48,1754.62,299.35,387.87,0.77,-1,-1,-1
253,1448,2132.52,1380.64,200.14,292.20,0.80,-1,-1,-1
253,1452,2823.37,1054.51,151.67,113.73,0.91,-1,-1,-1
253,1450,1218.81,1944.18,146.84,196.07,0.30,-1,-1,-1
254,1443,2155.29,1753.60,300.06,388.83,0.78,-1,-1,-1
254,1448,2134.09,1380.62,199.93,291.93,0.82,-1,-1,-1
254,1452,2813.78,1046.83,151.85,114.34,0.77,-1,-1,-1
254,1450,1220.61,1944.70,145.13,194.93,0.32,-1,-1,-1
255,1443,2157.07,1753.40,299.53,387.28,0.77,-1,-1,-1
255,1448,2133.89,1380.43,200.27,292.47,0.81,-1,-1,-1
255,1452,2806.41,1041.72,148.64,111.96,0.87,-1,-1,-1
255,1450,1224.94,1944.77,142.41,192.05,0.47,-1,-1,-1
256,1443,2153.07,1753.46,301.52,387.79,0.78,-1,-1,-1
256,1448,2134.71,1380.87,199.71,291.60,0.84,-1,-1,-1
256,1452,2796.76,1039.77,143.45,108.11,0.77,-1,-1,-1
256,1450,1226.10,1944.47,141.77,192.70,0.43,-1,-1,-1
257,1443,2153.89,1755.11,301.51,386.96,0.81,-1,-1,-1
257,1448,2133.74,1380.34,199.64,291.67,0.84,-1,-1,-1
257,1452,2785.08,1035.27,142.06,106.91,0.80,-1,-1,-1
257,1450,1221.98,1944.38,142.98,193.69,0.33,-1,-1,-1
258,1443,2152.69,1756.09,300.54,384.32,0.81,-1,-1,-1
258,1448,2133.35,1380.64,199.54,291.49,0.84,-1,-1,-1
258,1452,2777.03,1030.88,141.06,106.13,0.78,-1,-1,-1
258,1450,1208.00,1943.81,146.55,195.95,0.14,-1,-1,-1
259,1443,2153.03,1757.59,299.24,381.90,0.81,-1,-1,-1
259,1448,2132.86,1380.96,199.43,291.19,0.79,-1,-1,-1
259,1452,2767.15,1025.78,138.99,104.32,0.72,-1,-1,-1
259,1450,1207.61,1943.52,149.18,197.72,0.27,-1,-1,-1
260,1443,2151.13,1755.25,301.42,383.71,0.82,-1,-1,-1
260,1448,2132.37,1380.55,199.52,291.50,0.81,-1,-1,-1
260,1452,2758.56,1020.14,138.59,104.23,0.90,-1,-1,-1
260,1450,1202.36,1943.98,151.65,199.84,0.33,-1,-1,-1
260,1453,3467.89,1596.20,359.15,385.06,0.74,-1,-1,-1
261,1443,2151.98,1755.95,301.82,384.23,0.80,-1,-1,-1
261,1448,2132.44,1380.44,199.39,291.52,0.81,-1,-1,-1
261,1452,2747.31,1008.76,145.02,110.08,0.83,-1,-1,-1
261,1450,1197.14,1943.62,154.25,201.48,0.34,-1,-1,-1
261,1453,3445.83,1573.14,362.64,387.22,0.83,-1,-1,-1
262,1443,2152.55,1756.18,302.30,384.79,0.79,-1,-1,-1
262,1448,2132.66,1380.27,199.26,291.61,0.83,-1,-1,-1
262,1452,2738.24,1000.37,146.52,112.61,0.93,-1,-1,-1
262,1450,1198.97,1943.70,154.37,200.84,0.41,-1,-1,-1
262,1453,3442.91,1545.94,347.23,367.38,0.79,-1,-1,-1
263,1443,2149.64,1753.35,305.71,388.29,0.81,-1,-1,-1
263,1448,2131.98,1379.76,199.49,292.13,0.80,-1,-1,-1
263,1452,2729.91,994.41,145.17,112.98,0.75,-1,-1,-1
263,1450,1206.12,1943.65,150.02,196.63,0.42,-1,-1,-1
263,1453,3427.22,1522.39,343.27,357.51,0.74,-1,-1,-1
264,1443,2142.01,1752.98,307.34,390.38,0.82,-1,-1,-1
264,1448,2130.34,1379.89,199.63,292.53,0.81,-1,-1,-1
264,1452,2725.24,995.14,138.79,108.42,0.77,-1,-1,-1
264,1450,1204.92,1943.19,147.20,194.22,0.44,-1,-1,-1
264,1453,3402.77,1499.18,342.36,351.95,0.88,-1,-1,-1
265,1443,2144.74,1752.91,306.63,389.06,0.80,-1,-1,-1
265,1448,2131.56,1380.33,199.09,292.15,0.81,-1,-1,-1
265,1452,2719.78,995.73,132.95,104.00,0.68,-1,-1,-1
265,1450,1204.43,1943.37,148.67,196.23,0.46,-1,-1,-1
265,1453,3373.38,1476.73,335.67,339.88,0.89,-1,-1,-1
266,1443,2141.91,1752.78,308.08,391.81,0.82,-1,-1,-1
266,1448,2131.07,1377.08,200.22,293.57,0.80,-1,-1,-1
266,1452,2711.55,994.90,128.28,100.73,0.67,-1,-1,-1
266,1450,1191.58,1943.19,151.85,197.14,0.44,-1,-1,-1
266,1453,3349.09,1458.75,324.56,323.64,0.89,-1,-1,-1
267,1443,2137.30,1752.69,308.75,391.56,0.82,-1,-1,-1
267,1448,2131.14,1379.44,199.32,292.70,0.76,-1,-1,-1
267,1452,2706.46,993.87,123.22,96.74,0.67,-1,-1,-1
267,1450,1191.77,1943.49,152.55,197.00,0.47,-1,-1,-1
267,1453,3315.28,1437.96,325.96,320.83,0.91,-1,-1,-1
268,1443,2136.67,1755.59,305.91,386.64,0.84,-1,-1,-1
268,1448,2128.60,1376.60,200.52,293.71,0.78,-1,-1,-1
268,1452,2700.83,993.71,120.03,94.18,0.34,-1,-1,-1
268,1450,1181.61,1945.25,157.63,199.37,0.16,-1,-1,-1
268,1453,3286.13,1416.78,324.36,315.61,0.90,-1,-1,-1
269,1443,2122.72,1755.09,308.60,385.47,0.82,-1,-1,-1
269,1448,2129.03,1379.15,199.57,292.80,0.77,-1,-1,-1
269,1452,2695.96,990.78,116.73,91.24,0.58,-1,-1,-1
269,1450,1179.70,1945.16,159.88,198.95,0.11,-1,-1,-1
269,1453,3265.90,1404.28,311.70,298.43,0.88,-1,-1,-1
270,1443,2122.18,1754.42,309.42,384.35,0.83,-1,-1,-1
270,1448,2127.57,1377.28,200.43,293.55,0.77,-1,-1,-1
270,1452,2687.29,982.14,120.03,93.49,0.61,-1,-1,-1
270,1450,1175.45,1945.35,162.09,197.98,0.14,-1,-1,-1
270,1453,3242.71,1384.77,306.35,289.54,0.88,-1,-1,-1
271,1443,2109.27,1752.09,313.48,384.21,0.83,-1,-1,-1
271,1448,2125.73,1375.75,201.35,294.59,0.75,-1,-1,-1
271,1452,2681.27,980.03,116.36,90.12,0.48,-1,-1,-1
271,1450,1172.01,1945.73,165.76,199.65,0.18,-1,-1,-1
271,1453,3224.05,1368.90,297.66,278.25,0.87,-1,-1,-1
272,1443,2120.43,1752.29,310.09,380.91,0.86,-1,-1,-1
272,1448,2122.14,1374.98,202.57,295.18,0.78,-1,-1,-1
272,1452,2676.22,977.57,111.50,85.96,0.13,-1,-1,-1
272,1450,1170.57,1945.84,168.34,200.33,0.20,-1,-1,-1
272,1453,3201.35,1356.10,292.45,269.81,0.88,-1,-1,-1
273,1443,2124.94,1752.30,307.49,378.70,0.86,-1,-1,-1
273,1448,2119.33,1373.56,204.14,296.87,0.80,-1,-1,-1
273,1452,2668.70,974.20,112.24,86.05,0.66,-1,-1,-1
273,1450,1168.89,1945.77,171.06,201.41,0.12,-1,-1,-1
273,1453,3181.90,1339.47,282.86,257.75,0.87,-1,-1,-1
274,1443,2126.38,1751.90,306.50,378.47,0.86,-1,-1,-1
274,1448,2118.40,1374.16,204.96,296.89,0.74,-1,-1,-1
274,1452,2661.72,973.94,109.44,83.74,0.28,-1,-1,-1
274,1450,1168.35,1946.07,171.29,199.55,0.12,-1,-1,-1
274,1453,3160.44,1321.38,280.78,253.11,0.91,-1,-1,-1
275,1443,2127.35,1752.14,308.14,381.87,0.85,-1,-1,-1
275,1448,2116.56,1374.08,206.27,298.08,0.76,-1,-1,-1
275,1452,2654.00,966.51,113.05,86.42,0.18,-1,-1,-1
275,1450,1162.50,1945.15,175.42,202.11,0.22,-1,-1,-1
275,1453,3145.31,1311.67,268.24,238.88,0.90,-1,-1,-1
276,1443,2124.46,1749.90,310.12,384.79,0.85,-1,-1,-1
276,1448,2114.41,1374.66,207.17,299.47,0.74,-1,-1,-1
276,1452,2642.73,956.34,120.68,93.33,0.12,-1,-1,-1
276,1450,1161.60,1944.46,176.58,201.85,0.13,-1,-1,-1
276,1453,3128.52,1299.13,261.77,230.64,0.79,-1,-1,-1
277,1443,2126.70,1750.13,307.62,382.95,0.86,-1,-1,-1
277,1448,2112.74,1376.19,206.51,297.67,0.79,-1,-1,-1
277,1452,2632.84,948.98,123.74,97.07,0.24,-1,-1,-1
277,1450,1157.85,1946.33,177.03,201.17,0.19,-1,-1,-1
277,1453,3108.77,1284.36,257.19,224.57,0.83,-1,-1,-1
278,1443,2126.82,1751.17,306.52,383.09,0.87,-1,-1,-1
278,1448,2110.97,1376.69,208.36,300.64,0.78,-1,-1,-1
278,1450,1156.60,1947.58,178.00,200.39,0.13,-1,-1,-1
278,1453,3090.12,1269.51,253.79,219.97,0.91,-1,-1,-1
279,1443,2125.56,1751.46,307.92,385.49,0.85,-1,-1,-1
279,1448,2112.14,1377.96,209.33,301.82,0.68,-1,-1,-1
279,1450,1159.54,1946.53,180.60,203.11,0.21,-1,-1,-1
279,1453,3079.02,1259.98,246.85,212.42,0.89,-1,-1,-1
280,1443,2125.04,1752.94,307.49,386.80,0.84,-1,-1,-1
280,1448,2111.82,1379.46,209.31,302.31,0.71,-1,-1,-1
280,1450,1164.92,1952.29,175.43,196.64,0.22,-1,-1,-1
280,1453,3061.08,1248.61,242.04,206.38,0.88,-1,-1,-1
281,1443,2125.62,1754.93,309.05,389.86,0.83,-1,-1,-1
281,1448,2116.74,1380.95,207.80,301.86,0.79,-1,-1,-1
281,1450,1161.79,1955.52,173.31,191.76,0.30,-1,-1,-1
281,1453,3050.13,1239.57,236.23,199.84,0.83,-1,-1,-1
282,1443,2128.92,1757.34,306.82,387.40,0.84,-1,-1,-1
282,1448,2116.82,1382.86,206.75,300.78,0.67,-1,-1,-1
282,1450,1171.73,1957.62,171.32,190.53,0.30,-1,-1,-1
282,1453,3037.18,1225.41,236.14,198.98,0.86,-1,-1,-1
283,1443,2130.68,1759.28,306.13,387.40,0.84,-1,-1,-1
283,1448,2117.34,1383.08,207.33,302.28,0.75,-1,-1,-1
283,1450,1166.63,1958.61,172.41,190.29,0.15,-1,-1,-1
283,1453,3023.75,1215.68,231.83,194.67,0.92,-1,-1,-1
284,1443,2134.43,1758.70,302.14,381.87,0.84,-1,-1,-1
284,1448,2120.72,1383.98,206.47,302.53,0.82,-1,-1,-1
284,1450,1177.73,1958.78,169.59,190.26,0.38,-1,-1,-1
284,1453,3010.65,1207.17,224.19,186.69,0.92,-1,-1,-1
285,1443,2132.63,1758.61,302.26,381.22,0.86,-1,-1,-1
285,1448,2121.90,1384.36,205.83,302.10,0.80,-1,-1,-1
285,1450,1173.74,1960.01,168.41,188.53,0.40,-1,-1,-1
285,1453,2998.48,1196.91,218.61,180.88,0.88,-1,-1,-1
286,1443,2131.61,1760.03,303.96,383.25,0.84,-1,-1,-1
286,1448,2122.22,1384.41,205.24,302.45,0.82,-1,-1,-1
286,1450,1179.85,1962.37,164.70,185.74,0.41,-1,-1,-1
286,1453,2985.94,1187.10,216.63,178.49,0.88,-1,-1,-1
287,1443,2138.14,1758.82,306.08,387.33,0.85,-1,-1,-1
287,1448,2122.52,1384.42,205.09,302.92,0.79,-1,-1,-1
287,1450,1190.63,1964.89,158.26,180.69,0.39,-1,-1,-1
287,1453,2973.45,1175.37,215.33,176.94,0.90,-1,-1,-1
288,1443,2143.53,1759.18,306.11,388.64,0.85,-1,-1,-1
288,1448,2124.43,1383.85,204.97,303.32,0.76,-1,-1,-1
288,1450,1191.22,1965.27,157.19,180.67,0.27,-1,-1,-1
288,1453,2962.40,1168.29,206.58,168.67,0.85,-1,-1,-1
289,1443,2146.50,1759.72,305.86,389.27,0.87,-1,-1,-1
289,1448,2126.35,1384.47,203.83,302.24,0.73,-1,-1,-1
289,1450,1202.63,1966.55,149.48,174.31,0.28,-1,-1,-1
289,1453,2952.14,1161.94,201.54,163.75,0.88,-1,-1,-1
290,1443,2148.03,1758.19,306.73,390.54,0.86,-1,-1,-1
290,1448,2126.73,1384.32,204.29,302.84,0.75,-1,-1,-1
290,1450,1202.58,1966.15,149.52,175.48,0.32,-1,-1,-1
290,1453,2937.45,1152.58,202.78,164.47,0.90,-1,-1,-1
291,1443,2153.82,1758.78,304.39,388.37,0.84,-1,-1,-1
291,1448,2127.77,1383.94,204.35,302.87,0.70,-1,-1,-1
291,1450,1194.70,1964.92,153.92,180.55,0.20,-1,-1,-1
291,1453,2926.43,1141.29,201.85,163.82,0.89,-1,-1,-1
292,1443,2155.49,1760.61,302.75,386.54,0.87,-1,-1,-1
292,1448,2131.67,1385.68,201.27,298.89,0.70,-1,-1,-1
292,1450,1203.64,1966.31,149.59,177.65,0.21,-1,-1,-1
292,1453,2919.74,1135.96,194.37,157.15,0.87,-1,-1,-1
293,1443,2157.73,1760.35,304.22,388.79,0.84,-1,-1,-1
293,1448,2133.19,1386.42,200.25,297.88,0.70,-1,-1,-1
293,1450,1203.74,1965.61,148.92,177.54,0.45,-1,-1,-1
293,1453,2907.50,1128.82,191.60,154.70,0.93,-1,-1,-1
294,1443,2161.49,1759.48,302.91,389.11,0.78,-1,-1,-1
294,1448,2134.19,1386.16,201.92,299.72,0.79,-1,-1,-1
294,1450,1202.55,1965.41,150.53,178.69,0.30,-1,-1,-1
294,1453,2897.92,1122.20,187.57,150.94,0.81,-1,-1,-1
295,1443,2163.56,1758.21,304.70,392.79,0.78,-1,-1,-1
295,1448,2134.65,1386.31,201.50,298.89,0.75,-1,-1,-1
295,1450,1199.33,1963.21,153.01,179.40,0.26,-1,-1,-1
295,1453,2889.01,1115.79,182.49,146.41,0.89,-1,-1,-1
296,1443,2166.21,1758.39,302.96,391.96,0.78,-1,-1,-1
296,1448,2136.37,1386.18,201.97,299.21,0.70,-1,-1,-1
296,1453,2880.57,1109.36,179.53,143.72,0.87,-1,-1,-1
297,1443,2168.80,1757.00,304.59,394.73,0.78,-1,-1,-1
297,1448,2136.52,1386.16,202.40,299.27,0.79,-1,-1,-1
297,1453,2872.29,1102.11,176.97,141.77,0.91,-1,-1,-1
298,1443,2168.03,1757.71,303.77,393.14,0.79,-1,-1,-1
298,1448,2137.15,1385.52,202.78,299.57,0.67,-1,-1,-1
298,1453,2862.74,1094.81,174.89,140.19,0.74,-1,-1,-1
298,1450,1221.69,1964.58,147.86,175.71,0.52,-1,-1,-1
299,1443,2169.84,1759.10,302.68,391.46,0.78,-1,-1,-1
299,1448,2136.25,1385.03,203.50,299.20,0.65,-1,-1,-1
299,1453,2852.60,1087.16,170.14,135.94,0.68,-1,-1,-1
299,1450,1222.15,1963.92,146.49,175.49,0.49,-1,-1,-1
300,1443,2170.78,1759.24,302.59,391.58,0.78,-1,-1,-1
300,1448,2134.65,1385.40,204.24,299.49,0.73,-1,-1,-1
300,1453,2844.13,1082.36,165.52,132.02,0.67,-1,-1,-1
300,1450,1225.03,1963.82,146.06,176.58,0.69,-1,-1,-1
301,1443,2173.79,1759.69,302.23,391.60,0.79,-1,-1,-1
301,1448,2136.61,1385.16,203.96,298.53,0.75,-1,-1,-1
301,1453,2835.10,1075.21,165.78,132.19,0.72,-1,-1,-1
301,1450,1226.12,1963.15,146.06,177.90,0.45,-1,-1,-1
301,1454,2532.55,922.58,95.84,51.60,0.68,-1,-1,-1
302,1443,2169.26,1758.56,305.34,395.04,0.77,-1,-1,-1
302,1448,2138.43,1385.16,204.76,299.69,0.67,-1,-1,-1
302,1453,2829.60,1071.42,161.20,128.13,0.71,-1,-1,-1
302,1450,1226.74,1962.08,146.41,179.17,0.35,-1,-1,-1
302,1454,2532.98,923.79,90.43,48.81,0.56,-1,-1,-1
303,1443,2168.69,1757.30,306.55,397.34,0.77,-1,-1,-1
303,1448,2137.05,1385.33,204.99,299.88,0.66,-1,-1,-1
303,1453,2822.06,1065.78,158.42,125.73,0.63,-1,-1,-1
303,1450,1225.18,1962.04,145.51,178.83,0.39,-1,-1,-1
303,1454,2531.00,922.50,87.50,47.46,0.51,-1,-1,-1
304,1443,2166.14,1757.43,304.74,394.74,0.79,-1,-1,-1
304,1448,2134.58,1385.39,205.19,299.51,0.69,-1,-1,-1
304,1453,2809.62,1058.66,157.74,125.12,0.44,-1,-1,-1
304,1450,1227.60,1962.00,143.66,177.83,0.63,-1,-1,-1
304,1454,2519.70,915.83,93.40,50.96,0.41,-1,-1,-1
305,1443,2164.44,1757.83,304.64,393.96,0.79,-1,-1,-1
305,1448,2135.10,1384.85,205.30,298.93,0.69,-1,-1,-1
305,1453,2802.61,1052.26,154.90,122.67,0.67,-1,-1,-1
305,1450,1229.05,1961.64,143.61,179.40,0.59,-1,-1,-1
305,1454,2521.90,920.79,81.18,44.25,0.47,-1,-1,-1
306,1443,2164.40,1756.13,305.87,396.66,0.76,-1,-1,-1
306,1448,2133.75,1384.52,206.01,300.05,0.61,-1,-1,-1
306,1453,2793.26,1048.01,152.23,120.40,0.78,-1,-1,-1
306,1450,1228.39,1961.01,141.63,178.51,0.57,-1,-1,-1
306,1454,2512.33,909.35,95.41,52.65,0.50,-1,-1,-1
307,1443,2167.17,1755.44,304.34,396.00,0.76,-1,-1,-1
307,1448,2133.68,1384.83,205.47,299.08,0.64,-1,-1,-1
307,1453,2787.46,1043.13,150.26,119.22,0.70,-1,-1,-1
307,1450,1230.73,1961.78,137.60,174.80,0.50,-1,-1,-1
307,1454,2508.79,905.57,96.87,54.24,0.42,-1,-1,-1
308,1443,2168.84,1756.45,301.37,393.55,0.79,-1,-1,-1
308,1448,2133.82,1385.12,204.78,298.24,0.60,-1,-1,-1
308,1453,2782.05,1039.37,144.97,115.01,0.54,-1,-1,-1
308,1450,1230.25,1961.27,137.39,174.92,0.51,-1,-1,-1
308,1454,2510.19,907.23,88.70,50.02,0.41,-1,-1,-1
309,1443,2166.62,1758.02,299.06,390.69,0.79,-1,-1,-1
309,1448,2133.27,1385.28,204.30,297.89,0.65,-1,-1,-1
309,1453,2771.33,1034.98,145.27,114.89,0.71,-1,-1,-1
309,1450,1223.27,1960.16,141.38,179.36,0.35,-1,-1,-1
309,1454,2500.63,897.33,98.74,57.10,0.57,-1,-1,-1
310,1443,2166.47,1758.06,298.07,389.63,0.78,-1,-1,-1
310,1448,2132.95,1385.50,204.21,298.21,0.70,-1,-1,-1
310,1453,2760.32,1028.52,144.65,114.43,0.73,-1,-1,-1
310,1450,1212.74,1959.95,145.97,182.72,0.46,-1,-1,-1
310,1454,2502.39,901.43,86.77,50.83,0.60,-1,-1,-1
311,1443,2163.60,1757.52,297.63,388.69,0.79,-1,-1,-1
311,1448,2132.69,1385.99,203.71,297.96,0.66,-1,-1,-1
311,1453,2752.52,1024.27,141.54,111.67,0.81,-1,-1,-1
311,1450,1213.38,1958.94,145.93,183.87,0.20,-1,-1,-1
311,1454,2500.12,901.48,82.53,48.81,0.56,-1,-1,-1
312,1443,2156.85,1757.14,298.93,390.20,0.85,-1,-1,-1
312,1448,2131.21,1384.68,205.27,300.39,0.71,-1,-1,-1
312,1453,2747.92,1021.36,135.34,106.02,0.54,-1,-1,-1
312,1450,1210.91,1959.53,144.97,183.78,0.28,-1,-1,-1
312,1454,2490.59,893.48,91.22,55.13,0.71,-1,-1,-1
313,1443,2152.88,1758.27,299.28,390.54,0.84,-1,-1,-1
313,1448,2128.79,1384.13,205.05,300.17,0.73,-1,-1,-1
313,1453,2740.78,1020.71,128.05,98.89,0.61,-1,-1,-1
313,1450,1203.61,1960.42,146.25,184.15,0.32,-1,-1,-1
313,1454,2483.68,889.53,93.88,58.04,0.40,-1,-1,-1
314,1443,2149.50,1759.38,298.99,388.40,0.82,-1,-1,-1
314,1448,2131.05,1385.87,202.54,297.16,0.78,-1,-1,-1
314,1453,2729.57,1011.09,136.20,105.37,0.71,-1,-1,-1
314,1450,1196.91,1961.00,148.64,184.82,0.43,-1,-1,-1
314,1454,2479.13,882.05,99.46,63.46,0.34,-1,-1,-1
315,1443,2149.42,1760.28,299.54,389.22,0.85,-1,-1,-1
315,1448,2127.67,1384.38,204.34,300.26,0.65,-1,-1,-1
315,1453,2719.68,1006.72,136.85,106.05,0.58,-1,-1,-1
315,1450,1187.68,1961.05,151.28,184.55,0.24,-1,-1,-1
315,1454,2480.66,885.80,90.53,58.99,0.17,-1,-1,-1
316,1443,2150.84,1760.65,298.62,388.89,0.83,-1,-1,-1
316,1448,2126.79,1384.31,204.12,300.69,0.70,-1,-1,-1
316,1453,2712.08,1003.65,133.19,103.01,0.72,-1,-1,-1
316,1450,1189.88,1961.52,151.93,183.64,0.34,-1,-1,-1
316,1454,2484.10,892.12,77.30,50.90,0.23,-1,-1,-1
317,1443,2144.94,1758.11,300.08,390.53,0.84,-1,-1,-1
317,1448,2123.97,1384.13,204.17,301.12,0.76,-1,-1,-1
317,1453,2706.69,1002.65,127.83,98.46,0.77,-1,-1,-1
317,1450,1187.47,1961.14,152.56,183.29,0.17,-1,-1,-1
317,1454,2482.38,890.32,74.52,49.88,0.14,-1,-1,-1
318,1443,2148.02,1759.20,297.02,386.83,0.83,-1,-1,-1
318,1448,2125.24,1384.63,203.64,300.92,0.77,-1,-1,-1
318,1453,2701.34,1000.36,125.33,96.35,0.68,-1,-1,-1
318,1450,1182.06,1960.78,155.73,185.07,0.10,-1,-1,-1
318,1454,2481.90,894.90,67.05,44.78,0.24,-1,-1,-1
319,1443,2142.27,1760.46,296.07,385.38,0.84,-1,-1,-1
319,1448,2123.36,1384.39,203.83,301.54,0.78,-1,-1,-1
319,1453,2692.86,995.39,126.11,97.20,0.66,-1,-1,-1
319,1450,1176.93,1959.30,160.72,188.84,0.10,-1,-1,-1
319,1454,2486.37,892.51,65.08,45.13,0.12,-1,-1,-1
320,1443,2138.29,1758.96,296.84,385.99,0.83,-1,-1,-1
320,1448,2122.42,1384.63,204.28,302.57,0.80,-1,-1,-1
320,1453,2686.58,990.13,127.93,98.79,0.60,-1,-1,-1
320,1450,1170.94,1959.34,162.78,188.33,0.12,-1,-1,-1
320,1454,2482.53,889.12,64.95,45.93,0.20,-1,-1,-1
321,1443,2134.16,1759.84,298.11,386.31,0.85,-1,-1,-1
321,1448,2121.63,1384.24,204.23,303.35,0.84,-1,-1,-1
321,1453,2680.57,987.39,123.62,95.25,0.41,-1,-1,-1
321,1450,1168.27,1959.77,164.44,187.32,0.24,-1,-1,-1
322,1443,2131.72,1757.67,297.84,383.81,0.84,-1,-1,-1
322,1448,2121.21,1384.06,204.18,304.22,0.84,-1,-1,-1
322,1453,2676.53,985.64,119.34,91.21,0.61,-1,-1,-1
322,1450,1174.70,1960.46,163.22,185.77,0.23,-1,-1,-1
323,1443,2130.86,1756.31,300.48,385.52,0.81,-1,-1,-1
323,1448,2119.87,1384.22,203.68,303.56,0.76,-1,-1,-1
323,1453,2670.56,982.33,115.35,87.06,0.60,-1,-1,-1
324,1443,2131.31,1757.79,300.18,383.67,0.83,-1,-1,-1
324,1448,2119.05,1384.24,203.82,303.52,0.81,-1,-1,-1
324,1453,2664.71,980.57,110.71,82.51,0.73,-1,-1,-1
325,1443,2127.35,1756.50,305.22,389.86,0.83,-1,-1,-1
325,1448,2120.57,1384.45,202.99,303.07,0.83,-1,-1,-1
325,1453,2659.07,978.29,111.18,82.00,0.66,-1,-1,-1
326,1443,2125.52,1757.61,307.19,392.19,0.85,-1,-1,-1
326,1448,2119.67,1384.69,202.69,303.26,0.89,-1,-1,-1
326,1453,2653.50,976.90,109.40,79.88,0.71,-1,-1,-1
327,1443,2128.67,1760.33,305.24,390.09,0.85,-1,-1,-1
327,1448,2120.16,1385.73,202.12,302.81,0.87,-1,-1,-1
327,1453,2645.55,969.37,110.59,80.50,0.56,-1,-1,-1
328,1443,2128.42,1759.96,305.74,391.03,0.85,-1,-1,-1
328,1448,2121.86,1386.50,201.32,302.16,0.83,-1,-1,-1
328,1453,2634.39,957.76,121.10,88.91,0.58,-1,-1,-1
329,1443,2127.04,1760.33,306.26,391.20,0.85,-1,-1,-1
329,1448,2122.76,1386.90,200.93,302.09,0.86,-1,-1,-1
329,1453,2627.15,953.11,123.60,91.66,0.69,-1,-1,-1
330,1443,2124.44,1760.50,307.01,391.34,0.85,-1,-1,-1
330,1448,2121.76,1386.98,201.21,302.86,0.85,-1,-1,-1
330,1453,2624.80,954.30,116.08,86.16,0.63,-1,-1,-1
331,1443,2130.50,1760.24,306.65,391.36,0.84,-1,-1,-1
331,1448,2121.76,1386.49,201.27,303.10,0.85,-1,-1,-1
331,1453,2620.80,953.89,113.92,84.77,0.59,-1,-1,-1
332,1443,2128.81,1759.83,307.24,391.26,0.85,-1,-1,-1
332,1448,2122.20,1386.43,201.23,303.22,0.86,-1,-1,-1
332,1453,2610.80,944.62,118.93,89.28,0.47,-1,-1,-1
333,1443,2128.21,1759.60,308.10,392.36,0.84,-1,-1,-1
333,1448,2122.43,1386.25,201.63,303.92,0.89,-1,-1,-1
333,1453,2608.91,944.17,113.82,85.43,0.64,-1,-1,-1
334,1443,2127.14,1759.80,308.61,392.61,0.85,-1,-1,-1
334,1448,2121.94,1386.18,201.92,304.45,0.89,-1,-1,-1
334,1453,2607.14,943.22,109.45,81.77,0.68,-1,-1,-1
335,1443,2128.25,1759.05,305.73,388.02,0.86,-1,-1,-1
335,1448,2122.37,1385.74,201.75,303.99,0.88,-1,-1,-1
335,1453,2601.60,939.71,109.30,81.83,0.64,-1,-1,-1
336,1443,2128.09,1758.25,306.30,387.86,0.84,-1,-1,-1
336,1448,2121.43,1385.74,201.17,303.38,0.82,-1,-1,-1
336,1453,2594.73,936.81,108.77,81.90,0.53,-1,-1,-1
337,1443,2128.22,1758.71,306.03,386.65,0.85,-1,-1,-1
337,1448,2121.72,1385.95,201.34,303.75,0.87,-1,-1,-1
337,1453,2589.68,934.41,108.49,81.96,0.53,-1,-1,-1
338,1443,2128.08,1761.28,305.87,385.72,0.86,-1,-1,-1
338,1448,2121.86,1386.26,201.39,303.99,0.89,-1,-1,-1
338,1453,2585.92,934.35,104.45,78.92,0.61,-1,-1,-1
339,1443,2131.51,1763.33,304.35,383.56,0.84,-1,-1,-1
339,1448,2123.58,1386.69,200.28,302.53,0.86,-1,-1,-1
339,1453,2583.74,935.77,99.63,75.01,0.57,-1,-1,-1
340,1443,2134.08,1763.74,305.12,384.89,0.85,-1,-1,-1
340,1448,2123.83,1386.84,200.08,302.39,0.86,-1,-1,-1
340,1453,2578.44,928.94,102.27,77.36,0.55,-1,-1,-1
341,1443,2133.15,1762.95,307.17,387.71,0.86,-1,-1,-1
341,1448,2124.24,1386.88,199.74,302.30,0.89,-1,-1,-1
341,1453,2576.06,931.48,95.85,71.99,0.67,-1,-1,-1
341,1454,2411.72,852.68,67.05,48.45,0.61,-1,-1,-1
342,1443,2131.16,1763.10,307.07,387.61,0.84,-1,-1,-1
342,1448,2123.87,1387.45,199.33,301.77,0.87,-1,-1,-1
342,1453,2568.99,926.90,98.22,73.72,0.66,-1,-1,-1
342,1454,2411.62,859.73,60.64,42.24,0.62,-1,-1,-1
343,1443,2131.97,1763.93,306.10,386.14,0.83,-1,-1,-1
343,1448,2125.84,1388.26,198.52,300.70,0.88,-1,-1,-1
343,1453,2564.91,922.37,99.97,75.40,0.55,-1,-1,-1
343,1454,2407.66,852.04,67.30,48.13,0.52,-1,-1,-1
344,1443,2130.70,1762.78,307.43,387.02,0.86,-1,-1,-1
344,1448,2126.64,1388.76,197.68,299.60,0.87,-1,-1,-1
344,1453,2563.09,929.46,90.49,67.69,0.65,-1,-1,-1
344,1454,2408.36,854.45,63.37,45.40,0.33,-1,-1,-1
345,1443,2129.03,1763.07,307.63,386.90,0.84,-1,-1,-1
345,1448,2126.43,1388.85,197.78,300.09,0.89,-1,-1,-1
345,1453,2556.59,924.59,93.50,70.30,0.63,-1,-1,-1
345,1454,2404.67,848.71,65.69,48.22,0.50,-1,-1,-1
346,1443,2129.92,1763.64,307.56,386.31,0.85,-1,-1,-1
346,1448,2126.47,1389.48,197.35,299.47,0.88,-1,-1,-1
346,1453,2560.55,918.66,81.38,59.82,0.66,-1,-1,-1
346,1454,2401.53,845.97,65.26,49.18,0.55,-1,-1,-1
347,1443,2128.14,1761.04,310.07,389.68,0.83,-1,-1,-1
347,1448,2125.88,1389.29,197.88,300.51,0.83,-1,-1,-1
347,1453,2551.16,916.24,91.46,67.56,0.53,-1,-1,-1
347,1454,2402.31,846.08,64.44,49.53,0.46,-1,-1,-1
348,1443,2130.95,1759.50,311.72,392.13,0.84,-1,-1,-1
348,1448,2125.52,1389.44,198.12,300.86,0.84,-1,-1,-1
348,1453,2546.41,915.76,91.00,67.41,0.64,-1,-1,-1
348,1454,2401.38,843.13,62.57,49.34,0.58,-1,-1,-1
349,1443,2131.76,1759.61,311.64,391.26,0.84,-1,-1,-1
349,1448,2125.72,1390.26,198.02,300.61,0.86,-1,-1,-1
349,1453,2544.79,921.12,83.17,60.85,0.55,-1,-1,-1
349,1454,2401.55,843.60,59.28,47.74,0.50,-1,-1,-1
350,1443,2135.92,1763.15,308.76,388.50,0.81,-1,-1,-1
350,1448,2125.58,1390.95,198.73,302.01,0.85,-1,-1,-1
350,1453,2537.83,915.58,87.91,64.40,0.63,-1,-1,-1
350,1454,2400.51,844.14,56.23,45.60,0.57,-1,-1,-1
351,1443,2128.70,1760.81,310.89,390.63,0.80,-1,-1,-1
351,1448,2124.37,1391.40,198.40,301.60,0.86,-1,-1,-1
351,1453,2532.28,910.19,91.67,67.68,0.71,-1,-1,-1
351,1454,2399.54,843.43,53.84,43.88,0.48,-1,-1,-1
352,1443,2130.30,1762.83,308.96,388.36,0.80,-1,-1,-1
352,1448,2124.64,1391.57,198.48,301.81,0.88,-1,-1,-1
352,1453,2531.66,915.27,83.23,60.93,0.61,-1,-1,-1
352,1454,2402.17,849.40,46.80,38.07,0.41,-1,-1,-1
353,1443,2129.81,1762.02,310.50,390.10,0.82,-1,-1,-1
353,1448,2124.97,1391.77,198.79,302.25,0.85,-1,-1,-1
353,1453,2526.95,908.81,88.05,65.02,0.64,-1,-1,-1
353,1454,2403.38,848.93,46.96,38.40,0.46,-1,-1,-1
354,1443,2129.20,1761.51,311.07,390.64,0.82,-1,-1,-1
354,1448,2124.90,1391.54,199.00,302.71,0.87,-1,-1,-1
354,1453,2521.65,904.70,90.28,67.08,0.72,-1,-1,-1
354,1454,2399.14,841.56,53.38,44.25,0.46,-1,-1,-1
355,1443,2128.28,1762.69,309.86,389.11,0.81,-1,-1,-1
355,1448,2123.64,1391.49,199.23,302.96,0.88,-1,-1,-1
355,1453,2518.90,904.77,86.44,64.30,0.67,-1,-1,-1
355,1454,2398.63,839.74,52.85,44.72,0.44,-1,-1,-1
356,1443,2129.08,1761.38,311.26,390.22,0.82,-1,-1,-1
356,1448,2124.69,1391.35,198.97,302.58,0.87,-1,-1,-1
356,1453,2515.36,904.11,85.04,63.47,0.69,-1,-1,-1
356,1454,2398.55,838.00,51.95,44.73,0.49,-1,-1,-1
357,1443,2129.11,1759.81,312.66,392.22,0.82,-1,-1,-1
357,1448,2125.29,1391.15,198.66,302.21,0.87,-1,-1,-1
357,1453,2510.82,898.87,89.11,66.89,0.38,-1,-1,-1
357,1454,2398.00,835.27,53.59,46.90,0.48,-1,-1,-1
358,1443,2124.47,1759.89,312.96,392.58,0.81,-1,-1,-1
358,1448,2124.64,1391.02,198.33,301.51,0.89,-1,-1,-1
358,1453,2509.00,900.14,84.08,63.17,0.42,-1,-1,-1
358,1454,2396.60,833.07,54.13,48.45,0.52,-1,-1,-1
359,1443,2125.58,1760.45,312.40,392.42,0.83,-1,-1,-1
359,1448,2123.70,1390.51,198.60,301.69,0.85,-1,-1,-1
359,1453,2504.70,893.70,87.76,66.27,0.41,-1,-1,-1
359,1454,2397.52,835.68,50.40,45.17,0.46,-1,-1,-1
360,1443,2126.55,1759.11,314.05,394.72,0.84,-1,-1,-1
360,1448,2125.04,1389.61,197.86,300.86,0.80,-1,-1,-1
360,1453,2503.49,891.56,85.22,64.62,0.61,-1,-1,-1
360,1454,2398.79,833.34,50.16,45.40,0.57,-1,-1,-1
361,1443,2128.10,1760.37,311.62,392.09,0.82,-1,-1,-1
361,1448,2125.56,1389.92,197.14,299.62,0.84,-1,-1,-1
361,1453,2502.46,895.39,78.88,59.69,0.48,-1,-1,-1
361,1454,2400.60,832.28,50.59,46.27,0.66,-1,-1,-1
362,1443,2130.42,1762.29,309.53,390.16,0.84,-1,-1,-1
362,1448,2126.37,1389.98,196.78,299.10,0.88,-1,-1,-1
362,1453,2496.72,890.53,82.35,62.64,0.67,-1,-1,-1
362,1454,2400.94,831.31,50.35,46.40,0.61,-1,-1,-1
363,1443,2131.73,1762.48,308.78,388.62,0.86,-1,-1,-1
363,1448,2126.78,1388.90,197.10,299.52,0.88,-1,-1,-1
363,1453,2493.05,887.04,83.06,63.63,0.76,-1,-1,-1
363,1454,2402.54,830.47,49.35,45.72,0.61,-1,-1,-1
364,1443,2134.30,1763.22,304.23,382.99,0.83,-1,-1,-1
364,1448,2125.87,1388.37,197.77,300.65,0.89,-1,-1,-1
364,1453,2489.66,885.89,81.39,62.74,0.72,-1,-1,-1
364,1454,2404.62,830.84,48.31,45.00,0.53,-1,-1,-1
365,1443,2129.39,1761.89,303.73,380.40,0.83,-1,-1,-1
365,1448,2123.88,1387.93,198.33,301.46,0.86,-1,-1,-1
365,1453,2485.85,883.12,81.28,62.93,0.77,-1,-1,-1
365,1454,2403.85,828.97,48.99,46.07,0.70,-1,-1,-1
366,1443,2125.40,1759.02,307.04,383.22,0.83,-1,-1,-1
366,1448,2123.51,1387.38,198.68,302.22,0.86,-1,-1,-1
366,1453,2480.92,882.00,80.89,62.77,0.59,-1,-1,-1
366,1454,2405.42,827.57,48.71,45.93,0.38,-1,-1,-1
367,1443,2129.10,1759.47,302.78,377.43,0.83,-1,-1,-1
367,1448,2123.16,1387.05,198.56,302.19,0.83,-1,-1,-1
367,1453,2486.05,892.62,67.61,51.32,0.16,-1,-1,-1
367,1454,2408.17,827.51,48.85,45.76,0.39,-1,-1,-1
368,1443,2129.24,1760.17,302.16,375.73,0.82,-1,-1,-1
368,1448,2123.79,1387.20,197.86,301.27,0.84,-1,-1,-1
368,1453,2486.83,895.91,62.65,46.98,0.25,-1,-1,-1
368,1454,2411.29,829.74,47.45,43.90,0.34,-1,-1,-1
369,1443,2127.64,1760.11,303.88,377.86,0.82,-1,-1,-1
369,1448,2121.84,1387.39,197.60,300.61,0.85,-1,-1,-1
369,1453,2479.25,896.54,62.34,45.09,0.13,-1,-1,-1
369,1454,2412.83,828.95,48.37,44.69,0.30,-1,-1,-1
370,1443,2125.74,1760.15,306.22,381.70,0.83,-1,-1,-1
370,1448,2120.82,1387.08,198.06,300.92,0.84,-1,-1,-1
370,1453,2466.45,884.41,75.41,54.61,0.28,-1,-1,-1
370,1454,2414.52,832.03,43.81,39.55,0.17,-1,-1,-1
371,1443,2123.32,1759.31,308.11,384.36,0.82,-1,-1,-1
371,1448,2120.36,1386.83,198.62,301.24,0.85,-1,-1,-1
371,1453,2467.04,881.47,74.91,54.81,0.41,-1,-1,-1
371,1454,2415.59,827.30,48.21,43.23,0.40,-1,-1,-1
372,1443,2121.88,1759.33,309.55,387.36,0.85,-1,-1,-1
372,1448,2116.36,1386.63,199.38,300.86,0.82,-1,-1,-1
372,1453,2460.49,875.71,79.65,58.58,0.20,-1,-1,-1
372,1454,2418.19,825.34,51.38,45.23,0.34,-1,-1,-1
373,1443,2121.40,1759.68,308.07,386.53,0.85,-1,-1,-1
373,1448,2118.42,1386.99,199.19,300.66,0.83,-1,-1,-1
373,1453,2458.53,877.43,75.47,55.11,0.32,-1,-1,-1
373,1454,2422.53,823.59,54.04,46.68,0.38,-1,-1,-1
374,1443,2120.34,1759.99,307.41,386.90,0.82,-1,-1,-1
374,1448,2114.06,1387.09,199.18,299.11,0.79,-1,-1,-1
374,1453,2452.34,875.38,76.14,55.06,0.33,-1,-1,-1
374,1454,2424.97,822.83,55.56,47.10,0.33,-1,-1,-1
375,1443,2125.03,1759.04,303.58,384.27,0.84,-1,-1,-1
375,1448,2112.03,1385.61,201.35,301.49,0.81,-1,-1,-1
375,1453,2454.96,883.88,64.52,45.10,0.44,-1,-1,-1
375,1454,2427.09,822.90,51.67,43.47,0.22,-1,-1,-1
376,1443,2126.32,1759.14,301.78,384.45,0.83,-1,-1,-1
376,1448,2111.06,1385.51,202.10,302.32,0.80,-1,-1,-1
376,1453,2450.01,879.44,70.71,49.31,0.47,-1,-1,-1
376,1454,2428.25,822.39,52.01,43.70,0.28,-1,-1,-1
377,1443,2129.13,1759.87,298.15,381.87,0.84,-1,-1,-1
377,1448,2110.38,1385.13,202.70,302.83,0.82,-1,-1,-1
377,1453,2450.51,882.76,66.30,45.38,0.36,-1,-1,-1
377,1454,2428.96,822.57,51.52,43.65,0.26,-1,-1,-1
378,1443,2126.22,1758.26,298.87,384.42,0.81,-1,-1,-1
378,1448,2109.24,1384.65,203.61,303.74,0.83,-1,-1,-1
378,1453,2439.74,870.66,78.47,54.10,0.59,-1,-1,-1
378,1454,2429.26,822.80,51.84,44.49,0.22,-1,-1,-1
379,1443,2126.19,1756.48,301.12,389.47,0.78,-1,-1,-1
379,1448,2108.47,1384.68,204.29,303.96,0.77,-1,-1,-1
379,1453,2438.20,864.96,81.81,57.92,0.47,-1,-1,-1
379,1454,2435.58,822.35,49.59,41.78,0.12,-1,-1,-1
380,1443,2124.72,1757.16,300.41,388.65,0.80,-1,-1,-1
380,1448,2108.29,1384.47,204.65,303.93,0.79,-1,-1,-1
380,1453,2437.45,862.63,82.19,59.34,0.49,-1,-1,-1
380,1454,2439.23,822.08,48.85,41.35,0.43,-1,-1,-1
381,1443,2125.43,1756.31,300.07,389.14,0.80,-1,-1,-1
381,1448,2108.00,1384.57,205.00,303.85,0.80,-1,-1,-1
381,1453,2434.88,860.87,80.06,58.77,0.44,-1,-1,-1
381,1454,2442.80,821.24,49.76,42.10,0.31,-1,-1,-1
382,1443,2124.84,1755.85,301.10,391.38,0.80,-1,-1,-1
382,1448,2107.41,1384.42,205.30,303.84,0.83,-1,-1,-1
382,1453,2432.37,859.85,78.63,58.38,0.20,-1,-1,-1
382,1454,2446.48,820.12,48.60,40.67,0.25,-1,-1,-1
383,1443,2124.17,1756.48,299.08,389.51,0.79,-1,-1,-1
383,1448,2106.56,1384.32,206.54,305.11,0.80,-1,-1,-1
383,1453,2436.02,855.43,66.03,48.32,0.16,-1,-1,-1
384,1443,2122.27,1757.80,299.94,390.24,0.80,-1,-1,-1
384,1448,2106.80,1384.79,206.97,305.37,0.82,-1,-1,-1
385,1443,2121.71,1758.91,298.98,388.95,0.80,-1,-1,-1
385,1448,2106.35,1384.99,207.07,305.25,0.84,-1,-1,-1
386,1443,2126.41,1758.06,297.70,389.18,0.77,-1,-1,-1
386,1448,2107.26,1385.10,207.11,304.82,0.82,-1,-1,-1
387,1443,2127.37,1757.81,297.58,390.50,0.78,-1,-1,-1
387,1448,2107.70,1384.60,207.20,304.56,0.83,-1,-1,-1
388,1443,2125.03,1755.08,299.24,393.98,0.76,-1,-1,-1
388,1448,2107.59,1384.31,207.16,304.55,0.81,-1,-1,-1
389,1443,2124.78,1755.24,299.37,395.28,0.77,-1,-1,-1
389,1448,2108.89,1384.46,206.53,303.71,0.79,-1,-1,-1
390,1443,2120.94,1751.60,300.97,398.46,0.75,-1,-1,-1
390,1448,2107.69,1385.53,204.18,300.23,0.79,-1,-1,-1
391,1443,2122.81,1753.85,297.55,394.63,0.74,-1,-1,-1
391,1448,2104.83,1385.68,202.81,298.18,0.73,-1,-1,-1
392,1443,2126.12,1754.01,296.24,393.78,0.76,-1,-1,-1
392,1448,2106.53,1385.26,203.36,298.85,0.74,-1,-1,-1
392,1453,2409.97,851.47,67.24,48.97,0.59,-1,-1,-1
393,1443,2121.97,1753.16,298.37,396.07,0.77,-1,-1,-1
393,1448,2107.38,1385.37,203.47,298.69,0.78,-1,-1,-1
393,1453,2407.77,849.58,67.98,49.95,0.50,-1,-1,-1
394,1443,2123.27,1754.54,296.15,393.36,0.76,-1,-1,-1
394,1448,2107.86,1385.40,203.76,299.06,0.79,-1,-1,-1
394,1453,2404.31,848.17,69.41,51.62,0.68,-1,-1,-1
395,1443,2123.91,1754.40,296.01,393.65,0.77,-1,-1,-1
395,1448,2107.95,1384.62,205.15,301.11,0.77,-1,-1,-1
395,1453,2401.74,846.89,68.83,51.12,0.65,-1,-1,-1
396,1443,2124.78,1754.79,295.82,393.62,0.79,-1,-1,-1
396,1448,2108.80,1384.12,206.23,302.66,0.78,-1,-1,-1
396,1453,2402.79,848.53,65.89,48.71,0.51,-1,-1,-1
397,1443,2125.30,1754.57,295.52,393.80,0.78,-1,-1,-1
397,1448,2108.02,1384.08,206.41,302.97,0.81,-1,-1,-1
397,1453,2399.86,846.28,66.20,49.32,0.49,-1,-1,-1
398,1443,2126.91,1754.27,294.48,393.09,0.76,-1,-1,-1
398,1448,2107.68,1385.20,204.58,300.18,0.80,-1,-1,-1
398,1453,2399.61,846.97,65.00,48.33,0.53,-1,-1,-1
399,1443,2126.75,1752.64,296.08,395.79,0.79,-1,-1,-1
399,1448,2107.98,1385.45,204.07,299.25,0.78,-1,-1,-1
399,1453,2395.77,843.63,67.14,50.34,0.62,-1,-1,-1
400,1443,2127.49,1755.08,292.71,391.39,0.76,-1,-1,-1
400,1448,2107.20,1385.60,204.21,299.51,0.81,-1,-1,-1
400,1453,2394.17,842.28,66.92,50.60,0.50,-1,-1,-1
401,1443,2128.82,1754.65,292.87,392.18,0.78,-1,-1,-1
401,1448,2106.58,1385.73,204.10,299.02,0.81,-1,-1,-1
401,1453,2398.52,853.16,55.07,40.66,0.25,-1,-1,-1
402,1443,2125.69,1754.04,294.48,393.72,0.79,-1,-1,-1
402,1448,2106.82,1385.69,204.12,298.95,0.82,-1,-1,-1
402,1453,2396.84,852.48,55.21,40.31,0.16,-1,-1,-1
403,1443,2124.61,1753.64,295.59,396.05,0.78,-1,-1,-1
403,1448,2106.55,1385.90,204.51,298.85,0.69,-1,-1,-1
403,1453,2397.41,850.26,55.02,39.90,0.37,-1,-1,-1
404,1443,2127.26,1754.29,294.09,394.09,0.83,-1,-1,-1
404,1448,2109.71,1384.69,205.96,301.31,0.70,-1,-1,-1
404,1453,2393.00,838.72,64.21,47.77,0.50,-1,-1,-1
405,1443,2130.96,1755.71,291.30,391.81,0.84,-1,-1,-1
405,1448,2108.28,1385.32,205.41,300.22,0.79,-1,-1,-1
405,1453,2389.60,834.84,65.01,49.59,0.54,-1,-1,-1
406,1443,2130.27,1754.45,291.92,393.56,0.83,-1,-1,-1
406,1448,2107.66,1385.64,204.64,298.66,0.78,-1,-1,-1
406,1453,2386.96,832.35,65.74,51.44,0.64,-1,-1,-1
407,1443,2130.92,1753.02,291.54,394.01,0.80,-1,-1,-1
407,1448,2107.31,1384.70,206.36,301.03,0.81,-1,-1,-1
407,1453,2387.47,830.60,63.62,51.05,0.36,-1,-1,-1
408,1443,2133.58,1754.50,288.82,391.12,0.83,-1,-1,-1
408,1448,2107.67,1385.26,205.42,299.56,0.77,-1,-1,-1
409,1443,2135.38,1753.56,289.04,392.15,0.84,-1,-1,-1
409,1448,2108.36,1385.54,204.93,299.01,0.77,-1,-1,-1
410,1443,2136.51,1753.68,287.80,391.00,0.84,-1,-1,-1
410,1448,2109.76,1385.18,204.59,298.30,0.77,-1,-1,-1
410,1453,2388.01,827.12,62.86,51.93,0.57,-1,-1,-1
411,1443,2133.61,1753.99,288.71,391.52,0.83,-1,-1,-1
411,1448,2109.26,1384.90,205.39,299.33,0.73,-1,-1,-1
411,1453,2389.70,827.22,59.36,50.23,0.68,-1,-1,-1
412,1443,2132.81,1754.27,289.77,392.45,0.85,-1,-1,-1
412,1448,2110.63,1385.62,205.03,298.71,0.81,-1,-1,-1
412,1453,2390.56,827.40,58.00,50.02,0.56,-1,-1,-1
413,1443,2132.08,1753.83,290.21,391.92,0.85,-1,-1,-1
413,1448,2112.28,1385.78,204.86,298.80,0.80,-1,-1,-1
413,1453,2392.06,827.48,56.50,49.34,0.58,-1,-1,-1
414,1443,2130.57,1753.66,291.60,393.01,0.85,-1,-1,-1
414,1448,2110.07,1385.54,206.13,300.07,0.79,-1,-1,-1
414,1453,2390.95,824.61,56.64,50.61,0.54,-1,-1,-1
415,1443,2133.44,1753.82,291.36,392.58,0.85,-1,-1,-1
415,1448,2112.50,1385.67,205.88,300.02,0.80,-1,-1,-1
415,1453,2392.50,823.78,56.26,51.03,0.63,-1,-1,-1
416,1443,2136.49,1755.35,290.00,390.20,0.84,-1,-1,-1
416,1448,2116.77,1386.43,204.97,300.04,0.80,-1,-1,-1
416,1453,2394.76,823.83,54.69,49.92,0.66,-1,-1,-1
417,1443,2135.16,1756.12,290.29,389.24,0.85,-1,-1,-1
417,1448,2117.15,1386.47,205.31,301.51,0.82,-1,-1,-1
417,1453,2397.24,823.82,53.75,49.21,0.71,-1,-1,-1
418,1443,2137.38,1757.18,291.08,388.24,0.85,-1,-1,-1
418,1448,2119.06,1386.73,205.33,303.11,0.87,-1,-1,-1
418,1453,2398.34,823.21,53.49,49.01,0.69,-1,-1,-1
419,1443,2140.49,1759.67,289.82,384.94,0.85,-1,-1,-1
419,1448,2120.86,1387.13,204.19,302.69,0.83,-1,-1,-1
419,1453,2404.14,823.03,52.19,46.99,0.66,-1,-1,-1
420,1443,2143.05,1761.83,289.81,383.93,0.86,-1,-1,-1
420,1448,2121.75,1387.19,203.12,301.89,0.87,-1,-1,-1
420,1453,2405.45,821.55,52.45,46.80,0.69,-1,-1,-1
421,1443,2136.38,1759.76,293.12,387.04,0.85,-1,-1,-1
421,1448,2121.17,1387.42,202.89,302.48,0.87,-1,-1,-1
421,1453,2406.03,821.74,52.71,46.62,0.60,-1,-1,-1
422,1443,2138.54,1760.75,294.22,387.77,0.85,-1,-1,-1
422,1448,2122.09,1387.35,202.01,302.22,0.88,-1,-1,-1
422,1453,2407.71,822.05,53.02,46.14,0.56,-1,-1,-1
423,1443,2137.78,1760.86,294.20,386.43,0.84,-1,-1,-1
423,1448,2123.92,1388.09,200.71,300.79,0.90,-1,-1,-1
423,1453,2411.70,823.59,50.51,43.46,0.44,-1,-1,-1
424,1443,2133.23,1757.67,295.03,385.53,0.84,-1,-1,-1
424,1448,2122.17,1387.92,200.41,300.53,0.82,-1,-1,-1
424,1453,2414.00,822.12,52.02,44.13,0.56,-1,-1,-1
425,1443,2133.20,1758.63,293.71,381.81,0.84,-1,-1,-1
425,1448,2122.54,1388.64,199.93,300.27,0.88,-1,-1,-1
425,1453,2416.33,820.69,53.57,44.84,0.52,-1,-1,-1
426,1443,2132.58,1760.37,295.79,383.28,0.83,-1,-1,-1
426,1448,2121.42,1389.62,199.86,300.36,0.86,-1,-1,-1
426,1453,2420.92,819.71,56.64,46.29,0.60,-1,-1,-1
427,1443,2131.09,1759.55,298.68,385.92,0.82,-1,-1,-1
427,1448,2121.17,1389.67,199.31,299.91,0.78,-1,-1,-1
427,1453,2425.93,819.39,57.67,45.96,0.57,-1,-1,-1
428,1443,2130.50,1760.93,298.81,385.29,0.81,-1,-1,-1
428,1448,2115.48,1389.48,199.48,298.93,0.74,-1,-1,-1
428,1453,2429.20,819.94,56.84,43.88,0.54,-1,-1,-1
429,1443,2128.47,1761.93,299.43,384.71,0.82,-1,-1,-1
429,1448,2112.92,1388.96,201.46,300.87,0.71,-1,-1,-1
429,1453,2429.97,819.00,58.75,44.52,0.53,-1,-1,-1
430,1443,2129.88,1762.70,300.20,385.77,0.83,-1,-1,-1
430,1448,2113.68,1389.79,202.05,300.67,0.73,-1,-1,-1
430,1453,2431.88,819.54,56.52,42.73,0.37,-1,-1,-1
431,1443,2130.92,1763.68,297.46,381.89,0.84,-1,-1,-1
431,1448,2113.39,1389.90,203.19,301.46,0.82,-1,-1,-1
431,1453,2434.96,820.92,53.68,40.00,0.19,-1,-1,-1
432,1443,2129.24,1763.79,299.52,384.84,0.83,-1,-1,-1
432,1448,2112.75,1390.79,204.52,302.69,0.82,-1,-1,-1
432,1453,2436.50,820.58,54.76,40.51,0.34,-1,-1,-1
433,1443,2128.53,1762.63,300.84,387.27,0.82,-1,-1,-1
433,1448,2116.73,1391.18,203.54,302.17,0.83,-1,-1,-1
433,1453,2442.86,816.81,60.45,43.97,0.18,-1,-1,-1
434,1443,2129.77,1763.28,300.25,387.48,0.82,-1,-1,-1
434,1448,2113.71,1391.05,204.41,302.78,0.82,-1,-1,-1
435,1443,2128.80,1762.94,298.82,386.78,0.81,-1,-1,-1
435,1448,2111.31,1390.99,204.74,302.42,0.84,-1,-1,-1
436,1443,2123.78,1761.53,299.81,388.15,0.79,-1,-1,-1
436,1448,2110.19,1390.78,204.91,302.17,0.83,-1,-1,-1
437,1443,2122.69,1757.90,300.67,390.86,0.77,-1,-1,-1
437,1448,2108.51,1390.94,205.15,302.09,0.84,-1,-1,-1
438,1443,2124.14,1758.64,299.32,391.32,0.80,-1,-1,-1
438,1448,2105.82,1391.61,205.17,301.85,0.84,-1,-1,-1
439,1443,2122.37,1757.74,298.95,392.45,0.78,-1,-1,-1
439,1448,2105.66,1391.39,205.79,302.23,0.82,-1,-1,-1
440,1443,2122.34,1759.47,296.20,390.50,0.78,-1,-1,-1
440,1448,2104.00,1392.20,205.60,301.56,0.84,-1,-1,-1
441,1443,2123.38,1758.84,296.09,391.76,0.79,-1,-1,-1
441,1448,2101.37,1393.63,205.78,301.97,0.85,-1,-1,-1
442,1443,2124.81,1761.12,293.09,388.77,0.77,-1,-1,-1
442,1448,2101.83,1393.96,206.87,303.08,0.84,-1,-1,-1
443,1443,2130.83,1771.30,283.50,376.27,0.79,-1,-1,-1
443,1448,2099.91,1394.20,209.03,306.40,0.81,-1,-1,-1
444,1443,2127.78,1768.32,286.51,380.23,0.74,-1,-1,-1
444,1448,2099.39,1396.10,208.69,306.34,0.84,-1,-1,-1
445,1443,2132.70,1774.68,280.56,372.34,0.76,-1,-1,-1
445,1448,2096.55,1397.10,210.31,309.26,0.78,-1,-1,-1
446,1443,2132.74,1778.16,277.49,367.86,0.78,-1,-1,-1
446,1448,2093.04,1397.07,211.96,312.62,0.78,-1,-1,-1
447,1443,2133.31,1783.10,275.49,364.35,0.77,-1,-1,-1
447,1448,2092.18,1398.42,212.26,314.14,0.76,-1,-1,-1
448,1443,2135.05,1781.74,275.91,365.07,0.77,-1,-1,-1
448,1448,2094.39,1402.17,209.95,311.19,0.78,-1,-1,-1
449,1443,2127.08,1771.15,286.02,378.65,0.74,-1,-1,-1
449,1448,2098.99,1403.90,207.68,308.30,0.74,-1,-1,-1
450,1443,2132.53,1780.99,279.24,367.98,0.75,-1,-1,-1
450,1448,2104.82,1407.37,204.90,305.06,0.80,-1,-1,-1
451,1443,2131.24,1776.38,284.12,374.83,0.72,-1,-1,-1
451,1448,2104.52,1410.81,205.51,305.91,0.74,-1,-1,-1
452,1443,2133.95,1781.87,282.39,370.86,0.76,-1,-1,-1
452,1448,2106.45,1412.50,204.13,303.70,0.83,-1,-1,-1
453,1443,2134.54,1781.00,285.42,373.35,0.78,-1,-1,-1
453,1448,2106.54,1409.32,209.49,311.00,0.78,-1,-1,-1
454,1443,2138.65,1786.52,282.58,367.63,0.82,-1,-1,-1
454,1448,2105.04,1408.01,211.08,313.00,0.72,-1,-1,-1
455,1443,2137.42,1780.09,289.25,375.30,0.81,-1,-1,-1
455,1448,2108.84,1412.09,208.15,308.57,0.76,-1,-1,-1
456,1443,2138.51,1780.20,290.60,375.59,0.83,-1,-1,-1
456,1448,2112.35,1410.70,209.63,310.87,0.75,-1,-1,-1
457,1443,2137.46,1781.54,291.47,374.75,0.84,-1,-1,-1
457,1448,2117.58,1413.06,205.75,305.35,0.75,-1,-1,-1
458,1443,2138.70,1786.80,289.75,369.71,0.82,-1,-1,-1
458,1448,2119.92,1414.24,204.02,303.24,0.78,-1,-1,-1
459,1443,2140.12,1788.95,289.47,366.43,0.83,-1,-1,-1
459,1448,2120.43,1414.74,203.10,301.73,0.80,-1,-1,-1
460,1443,2138.55,1787.08,292.63,368.88,0.82,-1,-1,-1
460,1448,2121.36,1416.08,202.80,301.54,0.83,-1,-1,-1
461,1443,2139.32,1784.79,294.68,371.12,0.82,-1,-1,-1
461,1448,2121.45,1415.94,203.09,302.53,0.85,-1,-1,-1
462,1443,2137.01,1778.43,300.03,378.23,0.80,-1,-1,-1
462,1448,2120.66,1416.17,203.96,304.36,0.82,-1,-1,-1
463,1443,2138.69,1781.37,298.16,375.21,0.81,-1,-1,-1
463,1448,2120.72,1415.85,203.78,304.25,0.79,-1,-1,-1
464,1443,2136.53,1781.97,297.94,374.14,0.82,-1,-1,-1
464,1448,2121.62,1415.84,203.31,303.73,0.81,-1,-1,-1
465,1443,2137.22,1782.90,297.91,373.31,0.80,-1,-1,-1
465,1448,2122.74,1416.24,203.82,304.93,0.82,-1,-1,-1
466,1443,2134.59,1780.64,299.89,375.57,0.79,-1,-1,-1
466,1448,2121.59,1415.69,204.32,306.34,0.80,-1,-1,-1
467,1443,2135.10,1783.82,298.55,372.44,0.81,-1,-1,-1
467,1448,2122.13,1415.40,203.59,305.33,0.81,-1,-1,-1
468,1443,2136.09,1785.16,297.71,370.60,0.81,-1,-1,-1
468,1448,2117.23,1413.16,205.30,306.80,0.74,-1,-1,-1
469,1443,2131.37,1779.95,302.76,376.52,0.82,-1,-1,-1
469,1448,2115.77,1412.37,206.72,308.28,0.76,-1,-1,-1
470,1443,2128.63,1778.11,304.71,378.31,0.82,-1,-1,-1
470,1448,2113.45,1412.14,206.97,307.67,0.76,-1,-1,-1
471,1443,2132.11,1781.10,301.85,374.74,0.82,-1,-1,-1
471,1448,2113.96,1411.81,207.90,308.35,0.74,-1,-1,-1
472,1443,2131.40,1782.30,300.81,372.62,0.81,-1,-1,-1
472,1448,2117.63,1413.39,206.17,306.02,0.81,-1,-1,-1
473,1443,2130.08,1781.60,301.97,373.47,0.82,-1,-1,-1
473,1448,2118.26,1414.07,204.29,303.07,0.79,-1,-1,-1
474,1443,2132.79,1784.84,299.67,369.54,0.82,-1,-1,-1
474,1448,2119.85,1414.56,204.99,304.85,0.81,-1,-1,-1
475,1443,2133.53,1786.75,299.84,368.60,0.83,-1,-1,-1
475,1448,2121.20,1415.60,203.88,303.56,0.80,-1,-1,-1
476,1443,2133.30,1786.94,300.31,368.46,0.83,-1,-1,-1
476,1448,2121.40,1415.71,203.29,302.76,0.82,-1,-1,-1
477,1443,2134.27,1787.02,300.67,368.25,0.82,-1,-1,-1
477,1448,2121.75,1415.48,203.46,303.45,0.78,-1,-1,-1
478,1443,2135.06,1786.20,301.54,368.70,0.80,-1,-1,-1
478,1448,2119.86,1414.68,205.25,306.87,0.76,-1,-1,-1
479,1443,2133.05,1780.49,306.07,374.62,0.81,-1,-1,-1
479,1448,2117.26,1412.00,207.58,309.99,0.75,-1,-1,-1
480,1443,2131.90,1777.56,308.02,377.27,0.82,-1,-1,-1
480,1448,2117.75,1410.02,208.21,310.62,0.77,-1,-1,-1
481,1443,2129.56,1777.11,309.30,377.92,0.80,-1,-1,-1
481,1448,2119.38,1410.41,205.92,307.53,0.76,-1,-1,-1
482,1443,2127.77,1773.89,311.99,381.18,0.80,-1,-1,-1
482,1448,2121.12,1411.17,204.05,305.18,0.77,-1,-1,-1
483,1443,2128.44,1775.16,310.52,379.15,0.81,-1,-1,-1
483,1448,2121.74,1411.05,203.64,304.93,0.78,-1,-1,-1
484,1443,2128.40,1772.11,312.61,382.01,0.81,-1,-1,-1
484,1448,2119.14,1411.60,205.16,307.45,0.77,-1,-1,-1
485,1443,2125.07,1769.99,313.21,383.66,0.78,-1,-1,-1
485,1448,2119.43,1412.50,203.31,304.50,0.75,-1,-1,-1
486,1443,2127.17,1769.28,313.75,384.82,0.81,-1,-1,-1
486,1448,2117.16,1410.38,205.87,307.70,0.76,-1,-1,-1
487,1443,2131.33,1774.04,309.16,379.23,0.81,-1,-1,-1
487,1448,2114.85,1409.07,207.66,309.64,0.73,-1,-1,-1
488,1443,2131.89,1775.44,308.18,378.40,0.80,-1,-1,-1
488,1448,2114.21,1408.57,208.37,310.05,0.76,-1,-1,-1
489,1443,2133.80,1779.14,305.93,375.30,0.78,-1,-1,-1
489,1448,2114.76,1409.08,208.38,309.46,0.77,-1,-1,-1
490,1443,2132.04,1783.12,303.83,371.43,0.83,-1,-1,-1
490,1448,2114.71,1409.36,208.73,309.58,0.76,-1,-1,-1
491,1443,2131.27,1781.92,304.84,372.26,0.83,-1,-1,-1
491,1448,2116.17,1411.62,209.09,310.07,0.78,-1,-1,-1
492,1443,2132.93,1785.35,302.79,368.91,0.84,-1,-1,-1
492,1448,2119.36,1414.58,205.90,305.45,0.83,-1,-1,-1
493,1443,2137.16,1787.58,301.00,366.44,0.83,-1,-1,-1
493,1448,2122.06,1416.19,204.47,303.82,0.88,-1,-1,-1
494,1443,2138.87,1787.17,302.07,367.43,0.81,-1,-1,-1
494,1448,2123.04,1418.23,203.97,303.21,0.79,-1,-1,-1
495,1443,2139.34,1787.67,301.55,366.48,0.80,-1,-1,-1
495,1448,2122.62,1420.49,204.82,305.06,0.79,-1,-1,-1
496,1443,2141.38,1789.38,299.83,364.61,0.79,-1,-1,-1
496,1448,2122.75,1421.54,204.48,304.89,0.81,-1,-1,-1
497,1443,2137.15,1789.89,300.75,364.96,0.84,-1,-1,-1
497,1448,2121.44,1421.43,203.81,304.12,0.77,-1,-1,-1
498,1443,2135.55,1790.36,300.68,364.82,0.83,-1,-1,-1
498,1448,2119.60,1418.95,205.62,306.36,0.78,-1,-1,-1
499,1443,2133.48,1784.43,305.43,371.62,0.80,-1,-1,-1
499,1448,2119.63,1420.32,204.23,304.77,0.80,-1,-1,-1
500,1443,2132.78,1783.78,305.00,371.67,0.82,-1,-1,-1
500,1448,2119.04,1419.90,204.27,305.32,0.79,-1,-1,-1
501,1443,2130.70,1783.36,305.91,372.74,0.82,-1,-1,-1
501,1448,2115.95,1417.72,206.56,308.34,0.77,-1,-1,-1
502,1443,2127.72,1780.21,308.72,376.14,0.82,-1,-1,-1
502,1448,2117.56,1418.58,206.10,308.52,0.80,-1,-1,-1
503,1443,2131.74,1785.47,303.99,370.28,0.84,-1,-1,-1
503,1448,2116.16,1418.07,207.39,309.91,0.77,-1,-1,-1
504,1443,2134.67,1789.62,301.47,366.80,0.85,-1,-1,-1
504,1448,2115.14,1417.19,209.11,311.54,0.74,-1,-1,-1
505,1443,2137.01,1792.45,299.98,364.31,0.85,-1,-1,-1
505,1448,2115.11,1418.06,209.71,311.71,0.73,-1,-1,-1
506,1443,2139.22,1795.23,297.99,360.79,0.85,-1,-1,-1
506,1448,2115.04,1418.24,210.38,312.21,0.75,-1,-1,-1
507,1443,2136.04,1793.44,299.78,362.59,0.85,-1,-1,-1
507,1448,2115.39,1419.09,211.01,313.05,0.66,-1,-1,-1
508,1443,2138.36,1791.29,300.98,364.51,0.84,-1,-1,-1
508,1448,2118.85,1422.37,208.76,310.60,0.82,-1,-1,-1
509,1443,2139.96,1791.61,300.61,364.19,0.85,-1,-1,-1
509,1448,2120.86,1423.27,207.53,309.53,0.82,-1,-1,-1
510,1443,2144.60,1793.11,298.85,362.92,0.85,-1,-1,-1
510,1448,2122.40,1423.36,207.15,309.37,0.77,-1,-1,-1
511,1443,2142.82,1791.95,300.09,364.40,0.85,-1,-1,-1
511,1448,2120.10,1420.05,208.69,311.50,0.75,-1,-1,-1
512,1443,2143.97,1793.24,298.85,363.11,0.85,-1,-1,-1
512,1448,2120.50,1419.16,209.84,313.12,0.75,-1,-1,-1
513,1443,2142.82,1793.22,299.19,363.54,0.84,-1,-1,-1
513,1448,2118.94,1419.02,210.53,313.77,0.75,-1,-1,-1
514,1443,2146.34,1795.91,296.46,360.41,0.85,-1,-1,-1
514,1448,2119.09,1418.70,210.98,314.34,0.76,-1,-1,-1
515,1443,2146.02,1795.48,296.74,361.04,0.85,-1,-1,-1
515,1448,2118.44,1419.18,210.92,314.31,0.72,-1,-1,-1
516,1443,2144.75,1794.10,298.15,362.67,0.85,-1,-1,-1
516,1448,2120.98,1422.77,207.59,310.16,0.79,-1,-1,-1
517,1443,2143.86,1792.22,299.58,364.62,0.84,-1,-1,-1
517,1448,2120.53,1420.59,208.78,311.75,0.76,-1,-1,-1
518,1443,2144.56,1790.42,301.17,366.04,0.86,-1,-1,-1
518,1448,2119.12,1419.63,210.01,312.95,0.75,-1,-1,-1
519,1443,2144.24,1790.49,301.06,366.02,0.86,-1,-1,-1
519,1448,2120.49,1421.96,207.42,309.69,0.76,-1,-1,-1
520,1443,2143.28,1792.48,299.80,364.17,0.85,-1,-1,-1
520,1448,2120.76,1423.53,206.19,308.55,0.77,-1,-1,-1
521,1443,2142.60,1789.67,301.76,366.76,0.85,-1,-1,-1
521,1448,2122.54,1424.13,205.10,307.29,0.83,-1,-1,-1
522,1443,2140.68,1790.18,301.75,366.58,0.85,-1,-1,-1
522,1448,2122.56,1423.38,204.96,307.97,0.80,-1,-1,-1
523,1443,2142.68,1791.08,301.00,365.89,0.85,-1,-1,-1
523,1448,2123.44,1423.80,204.45,307.64,0.75,-1,-1,-1
524,1443,2141.51,1792.69,300.01,364.18,0.86,-1,-1,-1
524,1448,2123.20,1424.49,203.86,307.14,0.81,-1,-1,-1
525,1443,2142.48,1795.65,297.70,360.45,0.86,-1,-1,-1
525,1448,2120.46,1421.13,207.42,311.79,0.76,-1,-1,-1
526,1443,2142.89,1796.25,297.45,359.74,0.86,-1,-1,-1
526,1448,2119.43,1419.94,209.08,313.94,0.74,-1,-1,-1
527,1443,2141.87,1798.67,296.78,357.64,0.87,-1,-1,-1
527,1448,2118.48,1419.44,210.13,315.08,0.76,-1,-1,-1
528,1443,2147.16,1797.25,297.02,358.31,0.84,-1,-1,-1
528,1448,2121.56,1419.58,210.36,315.74,0.72,-1,-1,-1
529,1443,2142.80,1796.12,298.88,359.93,0.85,-1,-1,-1
529,1448,2118.69,1419.42,211.02,316.59,0.70,-1,-1,-1
530,1443,2140.91,1796.37,299.72,359.99,0.86,-1,-1,-1
530,1448,2117.45,1419.37,210.88,315.62,0.73,-1,-1,-1
531,1443,2140.87,1795.13,300.99,361.34,0.85,-1,-1,-1
531,1448,2118.99,1419.88,210.17,314.36,0.73,-1,-1,-1
532,1443,2138.33,1793.44,302.91,362.94,0.85,-1,-1,-1
532,1448,2120.98,1422.83,206.59,309.61,0.80,-1,-1,-1
533,1443,2135.79,1791.66,304.72,364.78,0.85,-1,-1,-1
533,1448,2121.38,1423.27,205.72,309.00,0.80,-1,-1,-1
534,1443,2132.87,1790.52,305.71,365.75,0.85,-1,-1,-1
534,1448,2121.31,1421.40,205.11,309.01,0.82,-1,-1,-1
535,1443,2127.99,1785.71,310.11,371.35,0.82,-1,-1,-1
535,1448,2120.19,1420.42,204.40,308.46,0.81,-1,-1,-1
536,1443,2130.38,1785.76,308.28,369.69,0.84,-1,-1,-1
536,1448,2118.84,1420.91,202.89,305.90,0.75,-1,-1,-1
537,1443,2129.70,1787.40,305.82,367.76,0.83,-1,-1,-1
537,1448,2115.08,1419.06,204.06,308.07,0.77,-1,-1,-1
538,1443,2127.82,1784.40,306.75,370.25,0.80,-1,-1,-1
538,1448,2111.20,1416.84,206.15,310.68,0.77,-1,-1,-1
539,1443,2127.25,1783.07,306.07,370.98,0.80,-1,-1,-1
539,1448,2109.83,1414.85,205.85,308.85,0.81,-1,-1,-1
540,1443,2128.46,1781.55,305.04,371.77,0.79,-1,-1,-1
540,1448,2108.08,1413.35,206.91,309.46,0.79,-1,-1,-1
541,1443,2127.14,1780.88,305.22,373.00,0.80,-1,-1,-1
541,1448,2105.46,1412.60,207.81,309.31,0.81,-1,-1,-1
542,1443,2129.74,1782.96,302.40,370.86,0.78,-1,-1,-1
542,1448,2105.44,1412.31,208.77,310.03,0.82,-1,-1,-1
543,1443,2126.93,1778.94,304.61,375.59,0.78,-1,-1,-1
543,1448,2105.63,1413.14,208.65,308.64,0.83,-1,-1,-1
544,1443,2128.38,1778.54,304.50,376.88,0.78,-1,-1,-1
544,1448,2104.97,1413.47,209.45,308.82,0.83,-1,-1,-1
545,1443,2130.49,1783.14,298.55,370.68,0.79,-1,-1,-1
545,1448,2107.57,1413.24,208.92,307.89,0.82,-1,-1,-1
546,1443,2129.80,1781.63,300.05,373.53,0.78,-1,-1,-1
546,1448,2107.87,1413.07,209.32,308.57,0.82,-1,-1,-1
547,1443,2132.87,1782.37,298.40,372.48,0.80,-1,-1,-1
547,1448,2108.38,1413.45,209.17,307.92,0.82,-1,-1,-1
548,1443,2130.53,1781.04,299.31,374.04,0.78,-1,-1,-1
548,1448,2106.49,1414.05,209.13,306.88,0.83,-1,-1,-1
549,1443,2132.34,1782.18,297.59,372.74,0.80,-1,-1,-1
549,1448,2108.82,1414.67,208.85,306.31,0.82,-1,-1,-1
550,1443,2133.84,1786.88,292.29,366.80,0.82,-1,-1,-1
550,1448,2108.73,1414.39,208.93,306.42,0.83,-1,-1,-1
551,1443,2132.92,1784.35,294.65,370.08,0.77,-1,-1,-1
551,1448,2108.27,1414.05,209.58,307.63,0.82,-1,-1,-1
552,1443,2133.71,1783.18,294.90,370.44,0.79,-1,-1,-1
552,1448,2107.23,1414.16,210.27,308.72,0.76,-1,-1,-1
553,1443,2135.17,1786.11,292.39,366.99,0.79,-1,-1,-1
553,1448,2108.69,1413.87,210.29,308.33,0.77,-1,-1,-1
554,1443,2132.29,1780.84,295.53,371.72,0.77,-1,-1,-1
554,1448,2103.86,1416.78,208.04,304.38,0.84,-1,-1,-1
555,1443,2129.91,1780.21,295.79,372.75,0.79,-1,-1,-1
555,1448,2107.18,1415.13,208.99,305.79,0.81,-1,-1,-1
556,1443,2131.63,1784.82,293.24,368.75,0.81,-1,-1,-1
556,1448,2107.92,1414.83,209.90,306.62,0.78,-1,-1,-1
557,1443,2129.13,1783.98,295.10,370.29,0.83,-1,-1,-1
557,1448,2108.87,1414.94,210.15,306.72,0.83,-1,-1,-1
558,1443,2131.74,1784.61,294.26,369.28,0.81,-1,-1,-1
558,1448,2109.82,1415.86,209.91,306.11,0.79,-1,-1,-1
559,1443,2134.21,1786.12,292.88,367.46,0.80,-1,-1,-1
559,1448,2108.47,1416.26,209.19,304.91,0.77,-1,-1,-1
560,1443,2133.45,1787.35,292.23,365.90,0.81,-1,-1,-1
560,1448,2108.10,1416.13,208.98,304.62,0.77,-1,-1,-1
561,1443,2133.11,1784.83,294.33,368.89,0.80,-1,-1,-1
561,1448,2111.00,1418.56,208.86,305.77,0.77,-1,-1,-1
562,1443,2134.54,1787.07,292.69,366.58,0.81,-1,-1,-1
562,1448,2110.43,1421.76,207.42,303.56,0.75,-1,-1,-1
562,1458,2126.25,808.54,42.27,37.26,0.64,-1,-1,-1
563,1443,2132.15,1785.14,294.63,368.52,0.81,-1,-1,-1
563,1448,2113.58,1420.18,207.66,305.51,0.79,-1,-1,-1
563,1458,2127.01,809.63,40.11,35.34,0.63,-1,-1,-1
564,1443,2133.68,1785.80,295.07,368.72,0.80,-1,-1,-1
564,1448,2114.62,1419.34,207.22,306.03,0.78,-1,-1,-1
564,1458,2124.82,808.44,42.52,37.56,0.64,-1,-1,-1
565,1443,2130.77,1782.08,299.79,374.32,0.82,-1,-1,-1
565,1448,2116.41,1419.49,206.40,306.04,0.83,-1,-1,-1
565,1458,2125.27,809.84,41.63,36.82,0.60,-1,-1,-1
566,1443,2135.91,1789.18,294.80,366.52,0.85,-1,-1,-1
566,1448,2116.45,1418.60,207.80,307.59,0.78,-1,-1,-1
566,1458,2125.00,810.51,42.33,37.50,0.55,-1,-1,-1
566,1460,3694.39,1854.89,136.30,263.12,0.61,-1,-1,-1
567,1443,2140.65,1793.39,291.51,361.35,0.86,-1,-1,-1
567,1448,2115.82,1418.45,208.91,308.87,0.73,-1,-1,-1
567,1458,2124.89,811.64,41.08,36.38,0.59,-1,-1,-1
568,1443,2144.17,1795.01,291.20,360.42,0.86,-1,-1,-1
568,1448,2120.97,1422.19,206.39,306.06,0.81,-1,-1,-1
568,1458,2125.51,811.25,41.13,36.48,0.68,-1,-1,-1
569,1443,2146.72,1786.83,296.90,368.48,0.83,-1,-1,-1
569,1448,2123.11,1420.76,207.24,307.34,0.78,-1,-1,-1
569,1458,2125.67,812.40,40.13,35.41,0.68,-1,-1,-1
570,1443,2147.73,1784.30,298.11,370.22,0.83,-1,-1,-1
570,1448,2121.49,1420.60,207.97,308.24,0.78,-1,-1,-1
570,1458,2123.64,811.90,41.59,36.69,0.65,-1,-1,-1
571,1443,2151.02,1786.08,297.01,368.88,0.82,-1,-1,-1
571,1448,2123.54,1419.98,208.11,308.71,0.79,-1,-1,-1
571,1458,2123.29,813.01,41.74,36.71,0.70,-1,-1,-1
572,1443,2155.13,1788.73,296.23,367.14,0.82,-1,-1,-1
572,1448,2125.96,1420.13,209.42,311.19,0.77,-1,-1,-1
572,1458,2123.31,813.61,41.68,36.60,0.67,-1,-1,-1
573,1443,2158.21,1791.91,294.49,364.02,0.82,-1,-1,-1
573,1448,2128.41,1420.38,210.40,313.09,0.79,-1,-1,-1
573,1458,2123.34,814.03,42.26,37.11,0.70,-1,-1,-1
574,1443,2164.78,1790.76,294.61,364.18,0.80,-1,-1,-1
574,1448,2130.95,1420.72,210.59,313.79,0.75,-1,-1,-1
574,1458,2122.58,813.91,44.05,38.97,0.53,-1,-1,-1
575,1443,2167.63,1794.59,292.06,361.21,0.80,-1,-1,-1
575,1448,2130.43,1420.53,211.11,314.82,0.77,-1,-1,-1
575,1458,2122.14,815.77,42.36,37.21,0.54,-1,-1,-1
576,1443,2167.55,1791.18,294.01,363.60,0.82,-1,-1,-1
576,1448,2130.42,1420.66,210.82,314.77,0.77,-1,-1,-1
576,1458,2121.33,817.27,41.11,35.58,0.52,-1,-1,-1
577,1443,2169.86,1791.99,293.51,362.15,0.81,-1,-1,-1
577,1448,2133.84,1423.87,208.06,311.06,0.74,-1,-1,-1
577,1458,2120.93,818.13,40.82,34.63,0.57,-1,-1,-1
578,1443,2172.52,1794.63,292.84,360.90,0.81,-1,-1,-1
578,1448,2134.80,1424.72,207.44,310.51,0.75,-1,-1,-1
578,1458,2118.60,818.16,41.91,34.82,0.65,-1,-1,-1
579,1443,2174.36,1796.69,291.86,359.28,0.79,-1,-1,-1
579,1448,2136.97,1428.51,204.38,306.78,0.67,-1,-1,-1
579,1458,2119.71,818.49,42.62,35.33,0.54,-1,-1,-1
579,1462,3229.03,1436.95,353.97,233.65,0.60,-1,-1,-1
580,1443,2177.42,1797.67,291.27,358.49,0.77,-1,-1,-1
580,1448,2136.04,1426.87,206.05,309.84,0.66,-1,-1,-1
580,1458,2120.08,820.67,41.06,33.63,0.53,-1,-1,-1
580,1462,3213.72,1419.16,325.91,214.99,0.69,-1,-1,-1
581,1443,2178.86,1798.24,291.28,358.08,0.79,-1,-1,-1
581,1448,2136.30,1427.08,205.36,308.85,0.71,-1,-1,-1
581,1458,2117.88,818.75,44.02,36.13,0.57,-1,-1,-1
581,1462,3185.90,1395.76,314.10,207.20,0.79,-1,-1,-1
582,1443,2178.88,1799.13,291.06,357.35,0.78,-1,-1,-1
582,1448,2136.23,1426.27,205.45,309.27,0.60,-1,-1,-1
582,1458,2117.15,821.25,43.76,35.90,0.40,-1,-1,-1
582,1462,3158.80,1372.51,307.02,202.72,0.63,-1,-1,-1
583,1443,2179.93,1799.37,289.01,355.57,0.79,-1,-1,-1
583,1448,2136.02,1426.27,205.57,309.28,0.73,-1,-1,-1
583,1458,2116.56,823.51,42.54,34.70,0.55,-1,-1,-1
583,1462,3139.62,1356.14,284.79,187.58,0.75,-1,-1,-1
584,1443,2176.74,1800.21,289.18,355.13,0.81,-1,-1,-1
584,1448,2135.45,1424.49,206.74,310.92,0.74,-1,-1,-1
584,1458,2116.29,824.34,42.70,34.77,0.40,-1,-1,-1
584,1462,3119.35,1335.84,273.04,179.75,0.79,-1,-1,-1
585,1443,2173.12,1799.26,290.79,356.41,0.81,-1,-1,-1
585,1448,2136.42,1426.08,205.19,308.75,0.74,-1,-1,-1
585,1458,2113.58,825.73,42.99,34.62,0.62,-1,-1,-1
585,1462,3096.40,1317.65,263.26,172.95,0.74,-1,-1,-1
586,1443,2173.35,1798.35,291.08,357.27,0.80,-1,-1,-1
586,1448,2135.02,1425.86,204.85,308.54,0.71,-1,-1,-1
586,1458,2111.10,825.56,45.07,36.34,0.60,-1,-1,-1
586,1462,3078.84,1305.28,246.84,161.46,0.80,-1,-1,-1
587,1443,2172.12,1797.11,291.91,358.77,0.81,-1,-1,-1
587,1448,2134.15,1426.43,204.35,308.02,0.70,-1,-1,-1
587,1458,2110.57,825.85,45.02,36.43,0.56,-1,-1,-1
587,1462,3055.55,1286.55,244.23,159.30,0.75,-1,-1,-1
588,1443,2168.24,1797.66,291.91,358.46,0.81,-1,-1,-1
588,1448,2131.93,1424.40,206.20,310.70,0.70,-1,-1,-1
588,1458,2109.37,824.84,46.28,37.70,0.54,-1,-1,-1
588,1462,3034.97,1270.15,236.42,153.56,0.79,-1,-1,-1
589,1443,2166.93,1799.81,290.77,356.41,0.80,-1,-1,-1
589,1448,2128.98,1422.71,207.88,313.01,0.66,-1,-1,-1
589,1458,2107.64,824.99,46.11,37.61,0.59,-1,-1,-1
589,1462,3020.08,1260.06,221.51,143.11,0.83,-1,-1,-1
590,1443,2163.65,1795.97,293.52,359.95,0.81,-1,-1,-1
590,1448,2128.10,1421.66,208.84,314.65,0.77,-1,-1,-1
590,1458,2106.02,826.51,45.04,36.60,0.50,-1,-1,-1
590,1462,2997.60,1244.65,219.88,141.47,0.77,-1,-1,-1
591,1443,2164.30,1797.45,291.62,358.37,0.82,-1,-1,-1
591,1448,2129.30,1421.57,208.42,314.46,0.70,-1,-1,-1
591,1458,2106.15,827.11,44.34,36.10,0.51,-1,-1,-1
591,1462,2976.89,1228.25,218.99,141.16,0.75,-1,-1,-1
592,1443,2159.08,1797.23,292.74,358.94,0.83,-1,-1,-1
592,1448,2126.91,1421.32,208.37,314.41,0.71,-1,-1,-1
592,1458,2104.32,826.59,45.31,36.83,0.27,-1,-1,-1
592,1462,2960.88,1216.13,207.32,132.97,0.83,-1,-1,-1
593,1443,2157.50,1797.95,292.13,358.13,0.83,-1,-1,-1
593,1448,2124.68,1420.59,208.03,314.04,0.72,-1,-1,-1
593,1458,2102.83,826.55,46.21,37.46,0.40,-1,-1,-1
593,1462,2941.76,1203.61,204.97,131.15,0.81,-1,-1,-1
594,1443,2150.00,1797.78,292.45,358.13,0.86,-1,-1,-1
594,1448,2123.05,1420.13,207.48,313.24,0.75,-1,-1,-1
594,1458,2101.96,826.27,47.14,38.10,0.47,-1,-1,-1
594,1462,2926.43,1190.88,198.86,127.00,0.79,-1,-1,-1
595,1443,2145.36,1795.58,294.09,360.15,0.84,-1,-1,-1
595,1448,2120.82,1419.88,207.16,312.53,0.76,-1,-1,-1
595,1458,2100.91,827.54,46.62,37.68,0.33,-1,-1,-1
595,1462,2906.36,1175.82,200.60,128.36,0.80,-1,-1,-1
596,1443,2139.73,1791.66,297.53,364.04,0.85,-1,-1,-1
596,1448,2121.30,1421.49,205.53,310.84,0.79,-1,-1,-1
596,1458,2099.23,828.51,46.73,37.84,0.49,-1,-1,-1
596,1462,2891.12,1166.68,193.81,123.70,0.76,-1,-1,-1
597,1443,2133.36,1787.14,301.92,369.04,0.84,-1,-1,-1
597,1448,2121.21,1423.11,203.72,308.69,0.79,-1,-1,-1
597,1458,2097.95,828.60,47.84,38.97,0.53,-1,-1,-1
597,1462,2879.64,1157.82,184.13,117.26,0.76,-1,-1,-1
598,1443,2132.02,1788.13,301.55,368.32,0.85,-1,-1,-1
598,1448,2121.06,1423.32,202.86,307.95,0.82,-1,-1,-1
598,1458,2095.17,829.28,48.91,40.33,0.57,-1,-1,-1
598,1462,2863.47,1147.67,184.51,117.41,0.63,-1,-1,-1
599,1443,2128.74,1782.70,306.29,374.55,0.85,-1,-1,-1
599,1448,2118.97,1422.17,204.74,310.57,0.66,-1,-1,-1
599,1458,2093.52,830.40,48.59,40.39,0.53,-1,-1,-1
599,1462,2848.76,1136.82,178.41,113.26,0.79,-1,-1,-1
600,1443,2128.96,1784.13,305.06,372.92,0.84,-1,-1,-1
600,1448,2116.81,1421.81,205.28,311.44,0.62,-1,-1,-1
600,1458,2092.06,829.84,49.36,41.42,0.64,-1,-1,-1
600,1462,2832.48,1126.95,176.70,112.24,0.74,-1,-1,-1
601,1443,2129.45,1788.82,301.75,368.11,0.83,-1,-1,-1
601,1448,2115.41,1421.69,205.84,312.68,0.64,-1,-1,-1
601,1458,2091.46,830.57,49.41,41.61,0.58,-1,-1,-1
601,1462,2821.59,1119.46,167.32,105.82,0.77,-1,-1,-1
602,1443,2129.10,1792.52,299.21,363.99,0.83,-1,-1,-1
602,1448,2114.93,1421.51,206.09,313.50,0.64,-1,-1,-1
602,1458,2091.53,831.89,49.34,41.80,0.54,-1,-1,-1
602,1462,2810.96,1112.41,163.80,103.83,0.72,-1,-1,-1
603,1443,2130.56,1792.75,299.29,363.57,0.84,-1,-1,-1
603,1448,2113.84,1421.24,206.59,314.54,0.63,-1,-1,-1
603,1458,2090.16,831.81,49.50,42.05,0.61,-1,-1,-1
603,1462,2797.50,1102.78,160.26,101.21,0.79,-1,-1,-1
604,1443,2130.41,1793.47,299.12,362.68,0.84,-1,-1,-1
604,1448,2114.47,1421.29,205.83,313.42,0.64,-1,-1,-1
604,1458,2090.31,834.30,47.42,40.01,0.45,-1,-1,-1
604,1462,2785.43,1095.03,160.53,101.50,0.78,-1,-1,-1
605,1443,2129.57,1792.89,299.02,362.65,0.84,-1,-1,-1
605,1448,2115.26,1421.53,204.96,312.06,0.61,-1,-1,-1
605,1458,2089.13,836.77,46.13,38.55,0.44,-1,-1,-1
605,1462,2771.82,1085.37,159.17,100.88,0.78,-1,-1,-1
606,1443,2128.73,1791.89,300.21,363.52,0.83,-1,-1,-1
606,1448,2114.64,1421.38,205.19,312.26,0.64,-1,-1,-1
606,1458,2088.68,837.84,45.57,37.80,0.47,-1,-1,-1
606,1462,2762.98,1078.58,152.45,96.22,0.81,-1,-1,-1
607,1443,2128.03,1791.08,300.71,364.11,0.84,-1,-1,-1
607,1448,2114.14,1424.02,203.41,308.67,0.72,-1,-1,-1
607,1458,2088.87,839.56,44.66,36.89,0.32,-1,-1,-1
607,1462,2750.87,1069.07,150.36,94.92,0.81,-1,-1,-1
608,1443,2132.52,1792.72,299.75,362.92,0.84,-1,-1,-1
608,1448,2113.21,1421.46,206.27,312.38,0.71,-1,-1,-1
608,1458,2087.68,839.78,45.79,37.73,0.38,-1,-1,-1
608,1462,2744.43,1064.37,143.01,90.07,0.85,-1,-1,-1
609,1443,2135.05,1794.14,298.80,361.53,0.84,-1,-1,-1
609,1448,2112.95,1420.10,207.37,313.51,0.71,-1,-1,-1
609,1458,2086.63,840.18,45.92,37.72,0.41,-1,-1,-1
609,1462,2733.34,1056.30,141.53,89.06,0.78,-1,-1,-1
610,1443,2134.35,1793.54,299.18,362.11,0.83,-1,-1,-1
610,1448,2116.40,1421.50,205.50,311.58,0.73,-1,-1,-1
610,1458,2085.65,840.91,45.55,37.27,0.32,-1,-1,-1
610,1462,2723.34,1049.81,140.09,88.22,0.80,-1,-1,-1
611,1443,2131.56,1793.02,300.57,363.53,0.83,-1,-1,-1
611,1448,2114.85,1421.56,205.54,311.34,0.55,-1,-1,-1
611,1458,2083.18,841.45,46.45,38.06,0.37,-1,-1,-1
611,1462,2713.12,1041.31,137.25,86.64,0.72,-1,-1,-1
612,1443,2129.46,1789.99,303.20,366.80,0.83,-1,-1,-1
612,1448,2114.74,1420.58,206.12,311.92,0.65,-1,-1,-1
612,1458,2081.03,840.44,49.55,40.88,0.37,-1,-1,-1
612,1462,2703.77,1034.76,135.03,85.41,0.82,-1,-1,-1
613,1443,2131.88,1790.83,301.97,365.27,0.84,-1,-1,-1
613,1448,2114.76,1421.49,205.60,310.85,0.62,-1,-1,-1
613,1458,2079.71,842.03,50.18,41.34,0.45,-1,-1,-1
613,1462,2692.56,1029.10,133.20,84.15,0.69,-1,-1,-1
614,1443,2132.35,1793.18,299.22,362.47,0.85,-1,-1,-1
614,1448,2112.00,1421.62,207.17,312.71,0.73,-1,-1,-1
614,1458,2078.26,845.95,47.08,38.20,0.31,-1,-1,-1
614,1462,2682.31,1022.93,131.26,83.00,0.75,-1,-1,-1
615,1443,2132.60,1792.98,298.68,362.27,0.85,-1,-1,-1
615,1448,2112.61,1420.97,208.43,315.12,0.67,-1,-1,-1
615,1458,2077.46,846.46,47.40,38.08,0.36,-1,-1,-1
615,1462,2674.39,1018.41,127.93,80.78,0.76,-1,-1,-1
616,1443,2131.31,1790.10,300.75,365.36,0.84,-1,-1,-1
616,1448,2111.35,1421.52,208.62,315.46,0.72,-1,-1,-1
616,1458,2076.76,849.08,45.37,35.83,0.45,-1,-1,-1
616,1462,2664.67,1012.40,128.71,81.50,0.83,-1,-1,-1
617,1443,2131.12,1793.77,297.38,361.74,0.87,-1,-1,-1
617,1448,2110.53,1424.12,206.32,311.50,0.72,-1,-1,-1
617,1458,2074.06,849.13,46.77,36.71,0.28,-1,-1,-1
617,1462,2654.01,1007.62,127.91,81.31,0.70,-1,-1,-1
618,1443,2131.06,1795.89,294.80,359.16,0.86,-1,-1,-1
618,1448,2110.47,1425.09,205.70,310.10,0.76,-1,-1,-1
618,1458,2072.56,849.51,48.00,37.48,0.39,-1,-1,-1
618,1462,2645.82,1001.29,124.21,79.01,0.70,-1,-1,-1
619,1443,2132.88,1796.64,293.51,358.54,0.85,-1,-1,-1
619,1448,2108.60,1425.80,205.54,309.92,0.76,-1,-1,-1
619,1458,2069.11,849.54,49.15,38.52,0.38,-1,-1,-1
619,1462,2637.63,997.21,119.43,76.00,0.69,-1,-1,-1
620,1443,2134.74,1798.70,290.18,355.44,0.84,-1,-1,-1
620,1448,2108.14,1425.67,205.34,309.78,0.75,-1,-1,-1
620,1458,2068.58,851.49,48.25,37.77,0.29,-1,-1,-1
620,1462,2627.18,990.23,118.57,75.71,0.76,-1,-1,-1
621,1443,2132.76,1798.01,290.91,356.42,0.82,-1,-1,-1
621,1448,2107.66,1423.36,207.67,314.24,0.75,-1,-1,-1
621,1458,2066.66,853.33,48.32,37.46,0.35,-1,-1,-1
621,1462,2620.28,986.93,113.65,72.62,0.75,-1,-1,-1
622,1443,2133.35,1798.39,290.02,356.16,0.85,-1,-1,-1
622,1448,2107.00,1422.40,208.50,316.18,0.71,-1,-1,-1
622,1458,2065.62,853.05,49.63,38.57,0.32,-1,-1,-1
622,1462,2614.89,982.47,112.31,71.94,0.77,-1,-1,-1
623,1443,2132.81,1800.29,288.18,354.03,0.81,-1,-1,-1
623,1448,2106.67,1423.42,207.94,315.42,0.68,-1,-1,-1
623,1458,2064.44,854.93,49.27,38.14,0.44,-1,-1,-1
623,1462,2605.06,977.79,111.88,71.71,0.80,-1,-1,-1
624,1443,2130.92,1801.27,288.44,352.97,0.84,-1,-1,-1
624,1448,2108.46,1426.22,204.82,310.60,0.71,-1,-1,-1
624,1458,2064.50,857.43,48.26,37.17,0.46,-1,-1,-1
624,1462,2599.33,973.22,111.00,71.14,0.80,-1,-1,-1
625,1443,2132.55,1801.81,288.36,352.37,0.84,-1,-1,-1
625,1448,2108.52,1427.29,204.70,310.27,0.72,-1,-1,-1
625,1458,2063.00,856.03,51.03,39.46,0.35,-1,-1,-1
625,1462,2592.79,967.55,110.63,71.14,0.78,-1,-1,-1
626,1443,2135.53,1803.26,287.73,351.47,0.86,-1,-1,-1
626,1448,2108.76,1428.53,203.80,308.75,0.76,-1,-1,-1
626,1458,2063.55,860.34,46.87,35.87,0.54,-1,-1,-1
626,1462,2587.43,964.34,107.33,69.00,0.77,-1,-1,-1
627,1443,2134.04,1802.86,288.85,352.45,0.86,-1,-1,-1
627,1448,2107.99,1427.63,206.19,311.91,0.73,-1,-1,-1
627,1458,2062.97,859.51,48.61,37.26,0.54,-1,-1,-1
627,1462,2580.96,960.64,106.56,68.45,0.76,-1,-1,-1
627,1463,3641.26,1687.00,191.56,304.16,0.77,-1,-1,-1
628,1443,2134.01,1802.76,289.00,352.40,0.85,-1,-1,-1
628,1448,2107.35,1429.87,204.67,308.93,0.75,-1,-1,-1
628,1458,2062.04,859.64,49.30,37.76,0.51,-1,-1,-1
628,1462,2576.51,959.89,100.14,63.99,0.76,-1,-1,-1
628,1463,3621.23,1660.94,199.70,315.63,0.28,-1,-1,-1
629,1443,2133.76,1802.38,290.08,353.32,0.83,-1,-1,-1
629,1448,2106.58,1430.69,204.48,307.88,0.81,-1,-1,-1
629,1458,2062.39,863.07,47.58,36.07,0.49,-1,-1,-1
629,1462,2571.23,956.50,99.07,63.30,0.78,-1,-1,-1
629,1463,3603.93,1628.52,199.12,310.81,0.70,-1,-1,-1
630,1443,2132.31,1803.24,290.38,352.56,0.86,-1,-1,-1
630,1448,2106.78,1428.50,206.77,310.96,0.74,-1,-1,-1
630,1458,2062.54,864.90,46.69,35.16,0.40,-1,-1,-1
630,1462,2565.86,952.73,98.37,62.86,0.80,-1,-1,-1
630,1463,3575.86,1602.41,203.10,308.98,0.79,-1,-1,-1
631,1443,2133.37,1803.44,290.58,352.45,0.86,-1,-1,-1
631,1448,2108.16,1428.14,207.36,311.47,0.78,-1,-1,-1
631,1458,2061.27,863.97,48.80,36.80,0.53,-1,-1,-1
631,1462,2561.02,951.48,92.69,58.57,0.68,-1,-1,-1
631,1463,3558.25,1572.36,207.82,305.41,0.80,-1,-1,-1
632,1443,2134.86,1802.77,291.04,353.26,0.83,-1,-1,-1
632,1448,2107.58,1427.04,208.44,312.99,0.80,-1,-1,-1
632,1458,2062.93,871.86,42.48,30.93,0.45,-1,-1,-1
632,1462,2553.24,947.98,92.21,58.09,0.74,-1,-1,-1
632,1463,3542.41,1548.72,209.60,293.84,0.78,-1,-1,-1
633,1443,2134.11,1803.63,290.87,352.39,0.83,-1,-1,-1
633,1448,2108.43,1427.04,208.30,312.61,0.79,-1,-1,-1
633,1458,2060.43,868.52,46.12,33.53,0.42,-1,-1,-1
633,1462,2545.28,943.09,94.89,59.90,0.72,-1,-1,-1
633,1463,3511.99,1520.55,217.43,288.21,0.73,-1,-1,-1
634,1443,2132.77,1803.29,291.85,352.60,0.86,-1,-1,-1
634,1448,2109.10,1429.03,207.13,310.41,0.79,-1,-1,-1
634,1458,2059.97,870.92,47.33,34.23,0.16,-1,-1,-1
634,1462,2540.32,940.71,93.30,58.93,0.78,-1,-1,-1
634,1463,3479.54,1500.07,219.45,275.80,0.89,-1,-1,-1
635,1443,2134.88,1804.03,291.16,351.91,0.82,-1,-1,-1
635,1448,2108.83,1430.95,206.02,308.30,0.82,-1,-1,-1
635,1458,2056.53,872.34,48.39,34.83,0.33,-1,-1,-1
635,1462,2535.47,942.02,88.05,55.14,0.77,-1,-1,-1
635,1463,3439.77,1473.20,225.80,270.80,0.92,-1,-1,-1
636,1443,2134.80,1804.29,291.06,351.85,0.83,-1,-1,-1
636,1448,2108.65,1431.67,205.57,307.24,0.81,-1,-1,-1
636,1458,2052.51,868.08,54.48,39.80,0.43,-1,-1,-1
636,1462,2527.14,935.97,91.83,57.54,0.77,-1,-1,-1
636,1463,3401.07,1453.86,229.39,262.30,0.85,-1,-1,-1
637,1443,2133.80,1803.61,291.82,352.60,0.83,-1,-1,-1
637,1448,2108.59,1432.16,205.57,306.75,0.81,-1,-1,-1
637,1462,2522.74,934.70,89.45,56.05,0.71,-1,-1,-1
637,1463,3367.00,1432.85,234.01,257.36,0.83,-1,-1,-1
638,1443,2134.23,1803.87,291.42,352.19,0.83,-1,-1,-1
638,1448,2108.39,1432.21,205.91,306.99,0.80,-1,-1,-1
638,1462,2519.43,931.93,84.76,52.82,0.73,-1,-1,-1
638,1463,3333.69,1415.90,234.22,247.07,0.87,-1,-1,-1
639,1443,2134.47,1804.48,290.94,351.40,0.83,-1,-1,-1
639,1448,2108.34,1430.29,207.72,309.73,0.82,-1,-1,-1
639,1462,2512.32,928.03,85.51,53.13,0.75,-1,-1,-1
639,1463,3307.26,1403.84,228.60,231.43,0.79,-1,-1,-1
640,1443,2133.15,1802.65,293.28,353.32,0.84,-1,-1,-1
640,1448,2108.49,1429.80,208.36,310.53,0.81,-1,-1,-1
640,1462,2505.20,923.70,87.68,54.64,0.74,-1,-1,-1
640,1463,3271.16,1383.37,234.28,229.94,0.88,-1,-1,-1
641,1443,2135.12,1804.08,292.29,351.72,0.85,-1,-1,-1
641,1448,2110.21,1429.31,208.89,311.63,0.80,-1,-1,-1
641,1462,2501.34,918.94,89.63,56.26,0.71,-1,-1,-1
641,1463,3246.71,1369.73,233.09,221.85,0.84,-1,-1,-1
642,1443,2134.95,1804.29,292.56,351.06,0.85,-1,-1,-1
642,1448,2111.21,1429.61,208.59,311.18,0.81,-1,-1,-1
642,1462,2497.47,915.43,89.46,56.49,0.74,-1,-1,-1
642,1463,3217.92,1356.73,232.44,214.58,0.90,-1,-1,-1
643,1443,2133.79,1804.56,292.78,351.15,0.86,-1,-1,-1
643,1448,2110.43,1430.31,206.99,308.46,0.80,-1,-1,-1
643,1462,2492.25,912.58,88.34,56.21,0.74,-1,-1,-1
643,1463,3192.24,1340.33,233.10,210.85,0.83,-1,-1,-1
644,1443,2137.01,1805.79,291.26,349.89,0.87,-1,-1,-1
644,1448,2109.66,1430.03,206.94,307.89,0.79,-1,-1,-1
644,1462,2488.45,909.98,88.07,56.41,0.76,-1,-1,-1
644,1463,3171.47,1328.42,224.90,197.83,0.68,-1,-1,-1
645,1443,2135.85,1804.59,291.95,350.82,0.86,-1,-1,-1
645,1448,2108.30,1430.14,207.17,307.72,0.74,-1,-1,-1
645,1462,2482.88,909.30,84.83,54.39,0.74,-1,-1,-1
645,1463,3144.88,1313.51,225.65,194.85,0.66,-1,-1,-1
646,1443,2129.59,1802.78,293.09,351.85,0.85,-1,-1,-1
646,1448,2106.69,1429.61,206.81,307.30,0.78,-1,-1,-1
646,1462,2477.11,908.68,80.38,51.36,0.72,-1,-1,-1
646,1463,3117.51,1303.77,221.30,187.57,0.58,-1,-1,-1
647,1443,2131.26,1801.74,293.29,352.78,0.82,-1,-1,-1
647,1448,2106.19,1425.54,209.51,312.11,0.72,-1,-1,-1
647,1462,2474.18,907.70,77.36,49.28,0.71,-1,-1,-1
647,1463,3093.19,1288.23,224.12,187.82,0.61,-1,-1,-1
648,1443,2129.94,1799.94,293.54,354.03,0.81,-1,-1,-1
648,1448,2103.13,1422.50,211.38,315.54,0.76,-1,-1,-1
648,1462,2466.44,901.73,81.70,52.45,0.77,-1,-1,-1
648,1463,3070.13,1274.43,219.41,181.30,0.58,-1,-1,-1
649,1443,2129.32,1799.42,292.79,354.40,0.82,-1,-1,-1
649,1448,2102.68,1421.76,210.52,314.80,0.78,-1,-1,-1
649,1462,2462.30,897.81,81.78,52.87,0.76,-1,-1,-1
649,1463,3051.22,1263.04,216.66,176.85,0.18,-1,-1,-1
650,1443,2129.70,1799.03,292.13,354.78,0.82,-1,-1,-1
650,1448,2103.43,1422.71,207.15,309.89,0.75,-1,-1,-1
650,1462,2459.38,897.22,77.76,50.17,0.76,-1,-1,-1
650,1463,3032.01,1253.13,212.37,171.82,0.50,-1,-1,-1
651,1443,2130.69,1798.88,291.67,355.07,0.82,-1,-1,-1
651,1448,2103.96,1423.38,205.56,307.52,0.73,-1,-1,-1
651,1462,2455.05,894.79,77.78,50.28,0.82,-1,-1,-1
651,1463,3014.49,1243.06,207.58,166.77,0.15,-1,-1,-1
652,1443,2132.09,1798.60,291.08,355.49,0.82,-1,-1,-1
652,1448,2102.25,1420.39,206.91,309.53,0.65,-1,-1,-1
652,1462,2450.48,892.35,77.09,49.95,0.70,-1,-1,-1
652,1463,2994.40,1231.35,208.62,166.62,0.74,-1,-1,-1
653,1443,2133.00,1799.53,290.49,354.30,0.78,-1,-1,-1
653,1448,2100.80,1422.34,205.32,306.65,0.64,-1,-1,-1
653,1462,2448.83,892.18,73.53,47.93,0.74,-1,-1,-1
653,1463,2977.36,1220.16,207.97,165.45,0.69,-1,-1,-1
654,1443,2133.21,1794.70,294.35,359.27,0.77,-1,-1,-1
654,1448,2102.71,1423.43,205.12,305.97,0.76,-1,-1,-1
654,1462,2445.61,890.41,72.82,47.68,0.76,-1,-1,-1
654,1463,2965.13,1213.22,199.73,157.53,0.85,-1,-1,-1
655,1443,2133.90,1797.00,292.30,357.01,0.79,-1,-1,-1
655,1448,2105.01,1421.40,207.33,310.04,0.74,-1,-1,-1
655,1462,2441.24,888.23,72.31,47.30,0.73,-1,-1,-1
655,1463,2950.48,1207.42,193.91,151.82,0.61,-1,-1,-1
656,1443,2132.47,1800.72,290.18,353.64,0.81,-1,-1,-1
656,1448,2104.97,1423.78,205.93,308.19,0.79,-1,-1,-1
656,1462,2434.44,884.68,76.00,49.85,0.74,-1,-1,-1
656,1463,2935.86,1197.00,192.41,150.13,0.66,-1,-1,-1
657,1443,2132.81,1806.05,286.99,347.78,0.78,-1,-1,-1
657,1448,2103.75,1421.66,209.36,313.98,0.73,-1,-1,-1
657,1462,2434.74,884.23,72.36,47.44,0.67,-1,-1,-1
657,1463,2923.08,1187.71,191.20,149.11,0.68,-1,-1,-1
658,1443,2135.82,1807.23,286.31,345.76,0.79,-1,-1,-1
658,1448,2106.98,1421.80,209.21,314.90,0.75,-1,-1,-1
658,1462,2432.49,883.13,71.21,46.82,0.68,-1,-1,-1
658,1463,2911.50,1179.41,190.16,148.26,0.70,-1,-1,-1
659,1443,2139.58,1811.40,282.91,341.54,0.78,-1,-1,-1
659,1448,2107.61,1422.09,209.18,315.72,0.76,-1,-1,-1
659,1462,2428.25,881.00,71.54,47.39,0.71,-1,-1,-1
659,1463,2900.68,1172.47,183.93,142.99,0.46,-1,-1,-1
660,1443,2139.59,1813.27,282.82,340.19,0.80,-1,-1,-1
660,1448,2105.33,1422.98,209.28,315.58,0.68,-1,-1,-1
660,1462,2420.91,877.77,73.05,48.70,0.69,-1,-1,-1
660,1463,2888.85,1165.22,180.56,140.27,0.39,-1,-1,-1
661,1443,2138.61,1814.36,282.83,338.79,0.81,-1,-1,-1
661,1448,2105.29,1423.12,208.83,314.98,0.76,-1,-1,-1
661,1462,2417.56,875.10,73.22,49.41,0.71,-1,-1,-1
661,1463,2880.09,1159.36,174.43,135.27,0.61,-1,-1,-1
662,1443,2146.21,1820.83,278.78,332.14,0.76,-1,-1,-1
662,1448,2106.04,1424.35,208.30,314.00,0.77,-1,-1,-1
662,1462,2415.31,874.25,70.90,48.00,0.76,-1,-1,-1
662,1463,2868.90,1149.44,174.46,135.61,0.55,-1,-1,-1
663,1443,2150.87,1839.01,267.02,312.93,0.71,-1,-1,-1
663,1448,2106.75,1428.05,205.55,309.37,0.80,-1,-1,-1
663,1462,2413.54,874.06,69.08,46.89,0.80,-1,-1,-1
663,1463,2858.42,1142.65,173.10,135.22,0.64,-1,-1,-1
664,1443,2155.62,1847.58,262.58,305.45,0.73,-1,-1,-1
664,1448,2105.33,1430.39,205.04,308.00,0.82,-1,-1,-1
664,1462,2411.33,873.58,68.15,46.18,0.71,-1,-1,-1
664,1463,2847.35,1136.09,169.36,132.83,0.58,-1,-1,-1
665,1443,2158.92,1859.21,255.99,292.59,0.76,-1,-1,-1
665,1448,2107.44,1429.79,207.13,310.78,0.79,-1,-1,-1
665,1462,2410.92,873.40,67.40,45.71,0.72,-1,-1,-1
665,1463,2839.91,1127.63,169.84,134.25,0.63,-1,-1,-1
666,1443,2153.12,1866.96,254.76,285.65,0.74,-1,-1,-1
666,1448,2108.03,1431.26,205.97,308.64,0.81,-1,-1,-1
666,1462,2407.37,872.35,67.81,45.86,0.65,-1,-1,-1
666,1463,2830.75,1122.16,163.56,129.78,0.53,-1,-1,-1
667,1443,2161.04,1882.86,248.01,270.97,0.62,-1,-1,-1
667,1448,2108.54,1430.17,207.21,310.36,0.79,-1,-1,-1
667,1462,2404.12,870.79,67.03,45.45,0.56,-1,-1,-1
667,1463,2824.96,1117.25,156.74,125.19,0.60,-1,-1,-1
668,1443,2159.79,1896.42,242.08,256.62,0.43,-1,-1,-1
668,1448,2105.90,1430.13,208.28,311.51,0.83,-1,-1,-1
668,1462,2402.41,868.54,63.80,43.66,0.65,-1,-1,-1
668,1463,2816.05,1112.32,153.70,122.92,0.57,-1,-1,-1
669,1443,2158.53,1902.46,244.98,253.36,0.57,-1,-1,-1
669,1448,2106.11,1430.63,209.15,312.82,0.83,-1,-1,-1
669,1462,2398.21,866.58,64.29,43.94,0.45,-1,-1,-1
669,1463,2807.75,1105.38,148.71,119.33,0.62,-1,-1,-1
670,1443,2160.93,1913.10,240.89,244.46,0.58,-1,-1,-1
670,1448,2107.94,1431.58,208.44,311.59,0.85,-1,-1,-1
670,1462,2395.68,863.59,65.62,45.20,0.62,-1,-1,-1
670,1463,2800.85,1097.43,148.33,119.75,0.67,-1,-1,-1
671,1443,2176.51,1923.34,234.28,234.65,0.55,-1,-1,-1
671,1448,2107.43,1432.07,210.72,314.82,0.81,-1,-1,-1
671,1462,2392.62,861.00,66.54,46.18,0.54,-1,-1,-1
671,1463,2794.24,1092.49,144.62,117.11,0.75,-1,-1,-1
672,1443,2181.99,1934.73,227.02,223.49,0.54,-1,-1,-1
672,1448,2107.71,1433.89,212.13,317.17,0.84,-1,-1,-1
672,1462,2390.48,858.49,67.65,47.45,0.69,-1,-1,-1
672,1463,2789.49,1089.42,138.30,111.81,0.79,-1,-1,-1
673,1443,2185.62,1948.52,217.31,208.55,0.60,-1,-1,-1
673,1448,2106.94,1434.60,213.53,319.22,0.84,-1,-1,-1
673,1462,2388.25,859.19,64.94,45.47,0.73,-1,-1,-1
673,1463,2779.75,1080.62,142.31,115.98,0.74,-1,-1,-1
674,1443,2189.60,1962.25,208.28,193.21,0.65,-1,-1,-1
674,1448,2107.94,1436.28,214.89,321.47,0.76,-1,-1,-1
674,1462,2388.06,859.10,62.51,43.73,0.77,-1,-1,-1
674,1463,2774.91,1075.32,138.03,113.72,0.75,-1,-1,-1
675,1443,2190.98,1970.53,206.37,185.02,0.37,-1,-1,-1
675,1448,2109.35,1438.66,215.28,322.51,0.75,-1,-1,-1
675,1462,2388.27,859.54,60.05,41.78,0.76,-1,-1,-1
675,1463,2770.37,1072.38,132.95,109.91,0.78,-1,-1,-1
676,1443,2197.31,1984.03,200.31,172.17,0.13,-1,-1,-1
676,1448,2110.18,1441.55,215.43,322.65,0.72,-1,-1,-1
676,1462,2387.00,859.32,58.23,40.32,0.63,-1,-1,-1
676,1463,2766.26,1070.18,124.97,102.48,0.77,-1,-1,-1
677,1448,2112.52,1446.02,214.62,321.60,0.73,-1,-1,-1
677,1462,2386.02,857.89,57.80,40.07,0.72,-1,-1,-1
677,1463,2757.40,1065.06,124.87,102.44,0.70,-1,-1,-1
678,1448,2114.04,1452.01,213.65,321.12,0.78,-1,-1,-1
678,1462,2383.10,856.70,57.89,40.21,0.66,-1,-1,-1
678,1463,2751.21,1060.58,121.79,99.58,0.76,-1,-1,-1
679,1448,2110.55,1454.28,216.85,325.79,0.60,-1,-1,-1
679,1462,2379.10,853.99,60.09,41.90,0.28,-1,-1,-1
679,1463,2741.25,1050.60,125.89,103.77,0.58,-1,-1,-1
680,1448,2110.57,1458.07,217.54,326.21,0.66,-1,-1,-1
680,1462,2376.27,852.36,60.63,42.80,0.36,-1,-1,-1
680,1463,2735.07,1045.93,123.44,101.92,0.73,-1,-1,-1
681,1448,2114.41,1465.34,217.14,326.21,0.83,-1,-1,-1
681,1462,2374.66,851.53,58.87,41.90,0.32,-1,-1,-1
681,1463,2729.07,1040.92,122.04,101.80,0.77,-1,-1,-1
682,1448,2116.36,1469.38,218.97,329.71,0.82,-1,-1,-1
682,1462,2376.21,852.63,54.92,39.04,0.51,-1,-1,-1
682,1463,2725.41,1036.55,119.31,99.64,0.60,-1,-1,-1
683,1448,2113.46,1473.44,222.56,334.96,0.81,-1,-1,-1
683,1462,2374.05,851.08,54.55,38.97,0.37,-1,-1,-1
683,1463,2717.88,1031.03,117.75,98.87,0.44,-1,-1,-1
684,1448,2112.70,1477.54,225.20,339.09,0.81,-1,-1,-1
684,1462,2373.17,848.46,56.19,40.65,0.46,-1,-1,-1
684,1463,2713.90,1028.18,113.44,95.03,0.63,-1,-1,-1
685,1448,2110.96,1481.69,228.63,344.76,0.80,-1,-1,-1
685,1462,2373.08,847.64,55.44,40.66,0.34,-1,-1,-1
685,1463,2705.09,1024.36,113.58,95.38,0.61,-1,-1,-1
686,1448,2113.25,1487.75,229.29,347.50,0.80,-1,-1,-1
686,1462,2372.05,844.35,55.46,41.41,0.52,-1,-1,-1
686,1463,2698.68,1021.67,108.48,90.46,0.68,-1,-1,-1
687,1448,2113.42,1495.54,229.97,348.76,0.75,-1,-1,-1
687,1462,2373.23,842.80,56.01,42.66,0.52,-1,-1,-1
687,1463,2693.47,1016.73,109.90,91.25,0.52,-1,-1,-1
688,1448,2112.88,1504.85,232.25,353.01,0.75,-1,-1,-1
688,1462,2374.52,841.89,54.66,42.14,0.46,-1,-1,-1
688,1463,2687.57,1010.46,112.72,93.80,0.60,-1,-1,-1
689,1448,2114.95,1512.34,236.69,361.65,0.75,-1,-1,-1
689,1462,2376.05,841.28,52.21,40.58,0.35,-1,-1,-1
689,1463,2683.39,1009.45,107.85,89.67,0.44,-1,-1,-1
690,1448,2114.97,1520.67,236.98,364.47,0.73,-1,-1,-1
690,1462,2375.35,839.91,52.86,41.46,0.35,-1,-1,-1
690,1463,2678.77,1009.30,102.17,84.60,0.57,-1,-1,-1
691,1448,2112.60,1527.66,241.60,372.56,0.29,-1,-1,-1
691,1462,2375.18,839.92,50.80,40.25,0.35,-1,-1,-1
691,1463,2676.06,1012.10,95.10,77.91,0.45,-1,-1,-1
692,1448,2112.55,1533.25,244.57,378.97,0.54,-1,-1,-1
692,1462,2376.00,840.45,48.30,38.32,0.39,-1,-1,-1
692,1463,2668.33,1004.36,98.66,80.31,0.13,-1,-1,-1
693,1448,2111.54,1545.62,246.86,384.91,0.44,-1,-1,-1
693,1462,2375.67,840.54,47.93,37.81,0.55,-1,-1,-1
694,1448,2111.82,1554.87,248.94,390.04,0.59,-1,-1,-1
694,1462,2375.59,840.11,48.18,37.99,0.53,-1,-1,-1
695,1448,2111.45,1561.33,252.86,398.39,0.35,-1,-1,-1
695,1462,2378.29,840.71,46.76,36.82,0.61,-1,-1,-1
696,1448,2109.84,1567.60,258.22,409.63,0.48,-1,-1,-1
696,1462,2380.48,838.77,48.61,38.21,0.44,-1,-1,-1
696,1463,2645.37,987.34,94.36,76.48,0.57,-1,-1,-1
697,1448,2110.59,1579.97,260.81,416.70,0.63,-1,-1,-1
697,1462,2380.63,837.31,49.76,39.05,0.50,-1,-1,-1
697,1465,2030.28,974.17,91.12,46.42,0.51,-1,-1,-1
697,1463,2638.50,983.51,94.66,76.82,0.65,-1,-1,-1
698,1448,2109.41,1592.68,263.31,422.68,0.53,-1,-1,-1
698,1462,2380.62,836.20,49.82,38.85,0.49,-1,-1,-1
698,1465,2020.50,968.62,103.07,52.84,0.31,-1,-1,-1
698,1463,2631.27,978.83,93.83,76.00,0.61,-1,-1,-1
699,1448,2106.08,1600.25,267.32,432.48,0.51,-1,-1,-1
699,1462,2380.80,834.65,50.10,39.38,0.52,-1,-1,-1
699,1465,2016.09,967.20,112.18,58.18,0.26,-1,-1,-1
699,1463,2625.53,975.25,94.08,76.08,0.37,-1,-1,-1
700,1448,2104.00,1613.61,271.62,443.27,0.57,-1,-1,-1
700,1462,2383.77,833.83,49.68,39.10,0.56,-1,-1,-1
700,1465,2015.35,968.41,115.48,60.77,0.23,-1,-1,-1
700,1463,2619.37,972.21,93.60,75.65,0.56,-1,-1,-1
701,1448,2100.14,1628.00,279.56,461.14,0.51,-1,-1,-1
701,1462,2387.89,834.07,47.88,37.47,0.64,-1,-1,-1
701,1463,2612.87,966.18,96.00,77.58,0.36,-1,-1,-1
702,1448,2100.52,1641.05,281.32,466.85,0.42,-1,-1,-1
702,1462,2390.49,833.12,49.06,38.08,0.66,-1,-1,-1
702,1463,2606.42,960.06,97.25,79.14,0.28,-1,-1,-1
703,1448,2101.83,1656.00,286.39,478.84,0.45,-1,-1,-1
703,1462,2394.19,832.60,48.98,37.66,0.56,-1,-1,-1
703,1463,2604.06,957.72,94.02,76.40,0.41,-1,-1,-1
704,1448,2103.26,1672.05,286.96,482.52,0.54,-1,-1,-1
704,1462,2397.93,831.32,48.08,36.41,0.51,-1,-1,-1
704,1463,2599.92,957.04,90.69,73.80,0.17,-1,-1,-1
705,1448,2107.36,1692.06,280.52,467.94,0.27,-1,-1,-1
705,1462,2402.81,830.50,50.40,37.66,0.60,-1,-1,-1
705,1463,2596.07,953.99,90.78,74.11,0.24,-1,-1,-1
706,1448,2110.91,1707.13,273.78,452.87,0.69,-1,-1,-1
706,1462,2405.25,829.24,52.59,38.44,0.58,-1,-1,-1
706,1463,2586.17,948.23,93.37,76.55,0.65,-1,-1,-1
706,1465,2010.97,980.67,125.58,68.63,0.52,-1,-1,-1
707,1448,2117.47,1727.41,264.79,432.59,0.66,-1,-1,-1
707,1462,2406.47,829.09,52.91,38.23,0.55,-1,-1,-1
707,1463,2583.28,949.50,88.48,72.10,0.20,-1,-1,-1
707,1465,2013.13,982.58,122.82,69.60,0.45,-1,-1,-1
708,1448,2120.85,1746.20,257.50,413.80,0.65,-1,-1,-1
708,1462,2408.51,828.34,53.66,38.18,0.42,-1,-1,-1
708,1463,2577.77,949.82,85.96,69.72,0.44,-1,-1,-1
708,1465,2013.01,986.15,119.64,70.25,0.54,-1,-1,-1
709,1448,2129.79,1766.41,244.94,392.82,0.57,-1,-1,-1
709,1462,2412.48,829.18,51.31,36.32,0.54,-1,-1,-1
709,1463,2573.74,941.81,88.58,71.79,0.21,-1,-1,-1
709,1465,2016.86,989.72,116.26,70.45,0.33,-1,-1,-1
710,1448,2140.59,1792.49,233.57,366.21,0.46,-1,-1,-1
710,1462,2416.03,828.94,50.79,35.68,0.49,-1,-1,-1
710,1463,2568.64,939.41,86.26,69.55,0.30,-1,-1,-1
710,1465,2016.62,991.20,116.59,73.08,0.60,-1,-1,-1
711,1448,2147.44,1814.91,226.40,342.60,0.45,-1,-1,-1
711,1462,2420.42,830.41,48.81,33.58,0.35,-1,-1,-1
711,1463,2563.26,936.48,86.88,70.05,0.33,-1,-1,-1
711,1465,2019.05,994.43,114.20,73.97,0.68,-1,-1,-1
712,1448,2147.12,1820.28,226.79,335.97,0.53,-1,-1,-1
712,1462,2425.52,832.32,47.66,32.42,0.17,-1,-1,-1
712,1463,2560.36,935.68,83.69,67.38,0.61,-1,-1,-1
712,1465,2018.98,996.61,111.62,74.70,0.51,-1,-1,-1
712,1466,2079.19,818.90,46.14,33.76,0.71,-1,-1,-1
713,1448,2155.07,1829.51,223.99,325.26,0.38,-1,-1,-1
713,1462,2428.02,831.57,45.92,31.12,0.18,-1,-1,-1
713,1463,2554.99,933.58,82.97,67.27,0.43,-1,-1,-1
713,1465,2025.11,1005.68,100.11,68.25,0.35,-1,-1,-1
713,1466,2076.78,820.55,45.94,33.63,0.65,-1,-1,-1
714,1448,2133.71,1778.68,257.51,376.65,0.14,-1,-1,-1
714,1462,2431.90,831.25,46.67,32.27,0.19,-1,-1,-1
714,1463,2551.55,929.93,84.23,68.86,0.35,-1,-1,-1
714,1465,2024.74,1006.33,105.61,73.86,0.65,-1,-1,-1
714,1466,2076.07,820.38,47.94,35.17,0.71,-1,-1,-1
715,1463,2546.93,930.88,81.12,66.24,0.20,-1,-1,-1
715,1465,2023.54,1007.11,107.92,77.37,0.66,-1,-1,-1
715,1466,2073.47,820.86,47.24,34.67,0.63,-1,-1,-1
716,1463,2542.84,930.79,79.43,64.55,0.40,-1,-1,-1
716,1465,2022.80,1008.28,109.70,80.59,0.53,-1,-1,-1
716,1466,2073.16,821.32,45.72,33.60,0.63,-1,-1,-1
717,1463,2545.82,941.45,66.44,52.42,0.68,-1,-1,-1
717,1465,2024.00,1011.33,107.38,80.90,0.61,-1,-1,-1
717,1466,2073.20,822.60,44.46,32.67,0.53,-1,-1,-1
718,1463,2533.79,929.42,77.67,61.29,0.39,-1,-1,-1
718,1465,2024.60,1015.81,102.89,78.98,0.76,-1,-1,-1
718,1466,2069.31,824.21,45.51,33.47,0.48,-1,-1,-1
719,1463,2529.49,922.52,81.12,64.03,0.36,-1,-1,-1
719,1465,2023.67,1018.08,103.29,80.92,0.79,-1,-1,-1
719,1466,2067.81,825.11,46.19,33.88,0.46,-1,-1,-1
720,1463,2527.33,916.32,82.47,65.44,0.58,-1,-1,-1
720,1465,2023.61,1021.16,104.51,83.63,0.79,-1,-1,-1
720,1466,2067.34,824.02,46.63,34.29,0.49,-1,-1,-1
721,1463,2524.72,917.24,78.49,62.25,0.42,-1,-1,-1
721,1465,2023.48,1027.34,102.46,82.90,0.61,-1,-1,-1
721,1466,2065.19,824.21,46.74,34.46,0.40,-1,-1,-1
722,1463,2525.98,923.92,68.51,52.63,0.55,-1,-1,-1
722,1465,2020.79,1032.71,102.81,83.76,0.62,-1,-1,-1
722,1466,2062.84,823.50,50.25,37.33,0.56,-1,-1,-1
723,1463,2521.83,923.88,67.22,51.11,0.65,-1,-1,-1
723,1465,2018.41,1035.25,103.14,84.31,0.75,-1,-1,-1
723,1466,2062.01,824.59,49.24,36.56,0.48,-1,-1,-1
724,1463,2517.07,924.34,65.55,49.20,0.69,-1,-1,-1
724,1465,2015.80,1038.51,101.74,83.74,0.78,-1,-1,-1
724,1466,2060.97,826.13,47.40,35.24,0.49,-1,-1,-1
725,1463,2508.99,912.66,77.80,59.06,0.54,-1,-1,-1
725,1465,2017.55,1042.20,102.07,84.29,0.76,-1,-1,-1
725,1466,2060.05,826.90,48.34,36.02,0.48,-1,-1,-1
726,1463,2505.41,911.47,76.08,57.84,0.57,-1,-1,-1
726,1465,2012.09,1045.96,104.68,87.34,0.75,-1,-1,-1
726,1466,2056.85,828.24,47.75,35.70,0.53,-1,-1,-1
727,1463,2503.00,909.73,75.79,57.86,0.18,-1,-1,-1
727,1465,2008.46,1050.15,104.99,88.31,0.75,-1,-1,-1
727,1466,2055.90,827.77,48.98,37.30,0.58,-1,-1,-1
728,1463,2498.44,909.23,73.63,56.18,0.42,-1,-1,-1
728,1465,2004.16,1053.11,105.41,89.54,0.84,-1,-1,-1
728,1466,2055.19,830.65,47.40,36.20,0.62,-1,-1,-1
729,1463,2494.80,906.02,73.11,56.29,0.68,-1,-1,-1
729,1465,1999.88,1057.23,106.02,90.61,0.81,-1,-1,-1
729,1466,2051.78,830.86,48.26,37.16,0.63,-1,-1,-1
730,1463,2495.88,906.53,69.50,53.42,0.69,-1,-1,-1
730,1465,1996.97,1060.57,107.58,92.77,0.80,-1,-1,-1
730,1466,2052.04,831.55,48.56,37.75,0.61,-1,-1,-1
731,1463,2485.78,896.34,78.80,61.50,0.44,-1,-1,-1
731,1465,1992.56,1066.70,106.55,91.65,0.69,-1,-1,-1
731,1466,2049.27,832.39,48.92,38.35,0.54,-1,-1,-1
732,1463,2478.94,891.67,82.43,65.08,0.45,-1,-1,-1
732,1465,1987.16,1071.02,108.79,93.53,0.73,-1,-1,-1
732,1466,2047.70,833.99,47.75,37.43,0.53,-1,-1,-1
733,1463,2481.30,901.43,70.30,54.59,0.50,-1,-1,-1
733,1465,1980.86,1073.62,111.61,95.99,0.79,-1,-1,-1
733,1466,2047.12,835.25,47.29,37.16,0.63,-1,-1,-1
734,1463,2474.78,893.73,75.68,59.11,0.56,-1,-1,-1
734,1465,1975.80,1079.54,110.90,95.15,0.80,-1,-1,-1
734,1466,2046.27,836.36,46.47,36.48,0.58,-1,-1,-1
735,1463,2473.21,893.27,72.90,57.04,0.69,-1,-1,-1
735,1465,1971.69,1084.46,111.42,95.39,0.84,-1,-1,-1
735,1466,2045.13,837.69,46.64,36.75,0.67,-1,-1,-1
736,1463,2469.48,890.25,73.17,57.79,0.71,-1,-1,-1
736,1465,1964.04,1088.96,113.46,97.20,0.85,-1,-1,-1
736,1466,2044.32,839.10,46.32,36.50,0.58,-1,-1,-1
737,1463,2466.56,888.44,73.27,58.51,0.43,-1,-1,-1
737,1465,1958.96,1092.51,114.24,97.78,0.86,-1,-1,-1
737,1466,2042.21,838.87,47.57,37.58,0.71,-1,-1,-1
738,1463,2461.56,883.95,75.55,60.93,0.38,-1,-1,-1
738,1465,1953.77,1098.83,113.50,96.57,0.83,-1,-1,-1
738,1466,2040.33,839.53,47.36,37.64,0.68,-1,-1,-1
739,1463,2462.53,884.60,71.83,58.79,0.35,-1,-1,-1
739,1465,1948.74,1104.18,114.78,97.70,0.83,-1,-1,-1
739,1466,2041.73,843.01,44.61,35.23,0.58,-1,-1,-1
740,1463,2462.72,890.66,63.00,51.32,0.27,-1,-1,-1
740,1465,1941.39,1108.67,118.42,100.68,0.83,-1,-1,-1
740,1466,2041.17,844.03,44.77,35.08,0.58,-1,-1,-1
741,1463,2461.01,888.73,61.32,50.72,0.21,-1,-1,-1
741,1465,1935.38,1113.05,119.72,101.65,0.83,-1,-1,-1
741,1466,2038.64,843.40,46.03,36.48,0.52,-1,-1,-1
742,1463,2453.42,880.39,67.92,57.18,0.31,-1,-1,-1
742,1465,1930.25,1117.27,121.25,103.15,0.80,-1,-1,-1
742,1466,2037.27,844.36,46.88,37.19,0.46,-1,-1,-1
743,1463,2451.05,881.60,64.36,54.51,0.33,-1,-1,-1
743,1465,1924.64,1122.14,122.01,103.89,0.82,-1,-1,-1
743,1466,2034.72,845.21,46.60,37.29,0.57,-1,-1,-1
744,1463,2445.24,879.94,64.14,54.52,0.50,-1,-1,-1
744,1465,1917.79,1128.07,123.59,105.28,0.84,-1,-1,-1
744,1466,2033.38,844.94,47.45,38.52,0.56,-1,-1,-1
745,1463,2443.57,875.46,67.34,58.20,0.45,-1,-1,-1
745,1465,1914.30,1131.16,125.97,107.76,0.88,-1,-1,-1
745,1466,2036.01,845.41,47.44,38.92,0.40,-1,-1,-1
746,1463,2438.54,873.92,66.81,57.50,0.61,-1,-1,-1
746,1465,1905.60,1131.59,132.80,114.89,0.84,-1,-1,-1
746,1466,2035.05,846.27,47.25,38.99,0.53,-1,-1,-1
747,1463,2435.15,873.35,64.94,56.33,0.63,-1,-1,-1
747,1465,1899.98,1140.12,130.69,113.24,0.82,-1,-1,-1
747,1466,2032.93,846.41,48.13,40.35,0.57,-1,-1,-1
748,1463,2430.88,870.00,66.48,58.12,0.58,-1,-1,-1
748,1465,1895.31,1146.22,131.18,114.31,0.86,-1,-1,-1
748,1466,2032.51,848.58,47.18,39.75,0.52,-1,-1,-1
749,1463,2426.90,871.22,63.86,55.91,0.59,-1,-1,-1
749,1465,1889.72,1151.10,133.28,116.62,0.83,-1,-1,-1
749,1466,2031.39,848.97,48.00,40.92,0.62,-1,-1,-1
750,1463,2423.24,869.11,64.17,56.16,0.68,-1,-1,-1
750,1465,1884.31,1156.03,135.37,119.30,0.84,-1,-1,-1
750,1466,2030.60,848.55,49.47,42.84,0.46,-1,-1,-1
751,1463,2421.65,868.96,62.15,54.77,0.63,-1,-1,-1
751,1465,1879.50,1161.39,136.50,120.57,0.83,-1,-1,-1
751,1466,2028.89,850.92,49.14,42.81,0.47,-1,-1,-1
752,1463,2418.97,867.32,62.17,54.79,0.62,-1,-1,-1
752,1465,1875.85,1168.13,135.12,119.58,0.86,-1,-1,-1
752,1466,2029.27,853.43,47.74,41.70,0.50,-1,-1,-1
753,1463,2416.86,865.56,63.67,55.85,0.57,-1,-1,-1
753,1465,1868.50,1173.12,140.75,125.58,0.83,-1,-1,-1
753,1466,2029.67,853.00,49.68,43.89,0.50,-1,-1,-1
754,1463,2414.00,867.11,61.31,53.56,0.67,-1,-1,-1
754,1465,1863.86,1180.34,139.76,125.63,0.84,-1,-1,-1
754,1466,2029.36,856.71,47.15,41.66,0.59,-1,-1,-1
755,1463,2415.15,868.21,58.43,50.88,0.47,-1,-1,-1
755,1465,1863.08,1190.06,136.43,123.23,0.86,-1,-1,-1
755,1466,2029.22,857.47,46.51,41.42,0.64,-1,-1,-1
756,1463,2413.14,868.44,55.87,48.17,0.49,-1,-1,-1
756,1465,1859.37,1194.40,141.71,129.38,0.82,-1,-1,-1
756,1466,2030.28,858.43,46.19,41.31,0.37,-1,-1,-1
757,1463,2410.88,869.03,53.98,45.94,0.38,-1,-1,-1
757,1465,1858.04,1203.74,140.81,129.15,0.82,-1,-1,-1
757,1466,2030.64,859.40,45.84,41.11,0.48,-1,-1,-1
758,1463,2409.52,867.12,54.18,45.80,0.32,-1,-1,-1
758,1465,1856.91,1214.06,136.65,125.64,0.84,-1,-1,-1
758,1466,2032.21,861.39,44.87,40.31,0.67,-1,-1,-1
759,1463,2408.56,867.62,53.19,44.68,0.62,-1,-1,-1
759,1465,1852.45,1223.08,137.23,126.68,0.85,-1,-1,-1
759,1466,2031.88,863.30,44.62,40.05,0.72,-1,-1,-1
760,1463,2407.08,866.83,53.67,45.05,0.61,-1,-1,-1
760,1465,1847.25,1226.25,144.05,134.21,0.87,-1,-1,-1
760,1466,2033.63,867.63,42.32,37.45,0.68,-1,-1,-1
761,1463,2404.50,867.10,52.69,43.77,0.65,-1,-1,-1
761,1465,1840.99,1232.70,149.59,140.93,0.87,-1,-1,-1
761,1466,2033.46,867.91,43.70,38.71,0.71,-1,-1,-1
762,1463,2400.56,866.02,53.71,44.40,0.62,-1,-1,-1
762,1465,1836.68,1243.23,148.67,141.23,0.87,-1,-1,-1
762,1466,2032.83,870.88,43.30,38.19,0.48,-1,-1,-1
763,1463,2400.89,866.28,51.98,42.95,0.59,-1,-1,-1
763,1465,1833.74,1250.78,150.96,145.17,0.87,-1,-1,-1
763,1466,2032.30,871.50,43.92,38.60,0.55,-1,-1,-1
764,1463,2397.62,860.97,56.03,46.50,0.58,-1,-1,-1
764,1465,1831.05,1258.95,152.61,148.56,0.86,-1,-1,-1
764,1466,2031.49,872.77,45.13,39.67,0.43,-1,-1,-1
765,1463,2398.24,861.43,53.50,44.36,0.60,-1,-1,-1
765,1465,1828.16,1265.45,154.20,152.14,0.86,-1,-1,-1
765,1466,2032.80,873.89,45.85,40.22,0.48,-1,-1,-1
766,1463,2394.24,857.84,56.50,47.16,0.71,-1,-1,-1
766,1465,1822.75,1271.78,157.12,157.09,0.87,-1,-1,-1
766,1466,2031.99,875.95,46.73,40.92,0.52,-1,-1,-1
767,1463,2391.75,854.90,58.44,49.13,0.59,-1,-1,-1
767,1465,1818.51,1276.82,160.19,162.42,0.88,-1,-1,-1
767,1466,2031.99,876.82,48.03,42.17,0.63,-1,-1,-1
768,1463,2389.61,855.40,56.50,47.75,0.63,-1,-1,-1
768,1465,1816.22,1287.50,159.08,163.33,0.87,-1,-1,-1
768,1466,2030.36,877.59,48.85,43.02,0.56,-1,-1,-1
769,1463,2390.43,859.42,50.41,42.09,0.69,-1,-1,-1
769,1465,1812.38,1298.25,157.60,163.18,0.90,-1,-1,-1
769,1466,2028.45,879.11,50.17,44.38,0.55,-1,-1,-1
770,1463,2385.17,853.78,55.61,46.47,0.58,-1,-1,-1
770,1465,1809.21,1308.88,158.50,165.43,0.90,-1,-1,-1
770,1466,2029.11,880.33,49.86,44.17,0.61,-1,-1,-1
771,1463,2384.90,854.75,52.50,43.88,0.54,-1,-1,-1
771,1465,1804.34,1317.63,161.19,169.57,0.88,-1,-1,-1
771,1466,2028.22,880.97,50.54,45.12,0.58,-1,-1,-1
772,1463,2383.09,851.14,55.46,46.69,0.66,-1,-1,-1
772,1465,1801.94,1326.84,161.76,171.68,0.90,-1,-1,-1
772,1466,2029.36,881.67,50.75,45.45,0.54,-1,-1,-1
773,1463,2381.09,848.77,55.88,47.59,0.72,-1,-1,-1
773,1465,1798.55,1337.20,162.10,173.16,0.88,-1,-1,-1
773,1466,2030.10,883.30,50.66,45.12,0.42,-1,-1,-1
774,1463,2380.95,848.18,55.06,47.41,0.64,-1,-1,-1
774,1465,1795.01,1348.76,163.05,175.27,0.88,-1,-1,-1
774,1466,2031.04,885.03,49.83,44.44,0.64,-1,-1,-1
775,1463,2381.26,848.11,53.50,46.80,0.40,-1,-1,-1
775,1465,1794.26,1359.72,160.42,173.11,0.86,-1,-1,-1
775,1466,2032.43,887.43,48.76,43.35,0.59,-1,-1,-1
776,1463,2381.67,846.98,52.54,46.59,0.48,-1,-1,-1
776,1465,1790.67,1370.57,165.23,179.47,0.87,-1,-1,-1
776,1466,2033.58,889.97,46.96,41.56,0.52,-1,-1,-1
777,1463,2383.27,849.19,48.53,42.92,0.27,-1,-1,-1
777,1465,1787.60,1380.20,167.58,183.24,0.89,-1,-1,-1
777,1466,2034.72,892.25,46.39,40.99,0.58,-1,-1,-1
778,1463,2382.35,846.03,48.99,43.86,0.50,-1,-1,-1
778,1465,1783.38,1389.44,175.04,193.53,0.90,-1,-1,-1
778,1466,2035.85,893.58,46.53,40.85,0.60,-1,-1,-1
779,1463,2382.43,846.09,46.99,42.36,0.42,-1,-1,-1
779,1465,1780.84,1399.38,177.61,198.61,0.88,-1,-1,-1
779,1466,2035.68,896.14,47.56,41.38,0.59,-1,-1,-1
780,1463,2382.55,846.15,47.65,43.07,0.29,-1,-1,-1
780,1465,1779.31,1407.62,177.32,199.81,0.86,-1,-1,-1
780,1466,2035.21,895.68,50.11,43.65,0.56,-1,-1,-1
781,1463,2381.60,842.57,49.57,45.54,0.50,-1,-1,-1
781,1465,1774.31,1419.50,183.41,208.82,0.91,-1,-1,-1
781,1466,2036.21,898.93,49.98,43.37,0.54,-1,-1,-1
782,1463,2381.10,839.76,50.78,47.48,0.58,-1,-1,-1
782,1465,1771.22,1433.18,184.83,212.23,0.90,-1,-1,-1
782,1466,2037.11,899.71,52.70,45.88,0.50,-1,-1,-1
783,1463,2381.84,838.91,48.74,46.39,0.51,-1,-1,-1
783,1465,1766.35,1446.40,190.07,220.44,0.85,-1,-1,-1
783,1466,2037.66,901.17,52.40,45.57,0.66,-1,-1,-1
784,1463,2382.51,837.53,48.55,46.96,0.54,-1,-1,-1
784,1465,1765.24,1460.84,192.05,225.29,0.91,-1,-1,-1
784,1466,2037.85,903.37,51.87,45.15,0.72,-1,-1,-1
785,1463,2382.03,836.33,49.15,48.21,0.39,-1,-1,-1
785,1465,1761.19,1474.21,195.28,231.70,0.91,-1,-1,-1
785,1466,2038.41,906.33,50.43,43.78,0.72,-1,-1,-1
786,1463,2383.17,834.67,48.97,48.46,0.61,-1,-1,-1
786,1465,1758.94,1487.24,201.61,242.78,0.91,-1,-1,-1
786,1466,2039.33,907.98,51.86,44.91,0.56,-1,-1,-1
787,1463,2383.87,834.13,47.72,47.79,0.64,-1,-1,-1
787,1465,1756.76,1505.11,200.71,243.94,0.91,-1,-1,-1
787,1466,2039.84,909.48,52.22,45.09,0.70,-1,-1,-1
788,1463,2385.38,833.55,47.97,48.55,0.56,-1,-1,-1
788,1465,1753.68,1520.35,204.32,250.74,0.90,-1,-1,-1
788,1466,2040.28,910.85,53.85,46.60,0.63,-1,-1,-1
789,1463,2387.39,833.48,47.76,48.39,0.66,-1,-1,-1
789,1465,1750.25,1534.64,208.74,258.77,0.92,-1,-1,-1
789,1466,2039.96,912.08,55.34,48.08,0.64,-1,-1,-1
790,1463,2391.80,833.23,47.00,47.50,0.57,-1,-1,-1
790,1465,1747.05,1549.76,213.03,266.78,0.86,-1,-1,-1
790,1466,2040.89,912.86,57.39,50.01,0.57,-1,-1,-1
791,1463,2394.72,835.02,44.35,44.32,0.34,-1,-1,-1
791,1465,1745.24,1569.66,213.40,269.64,0.90,-1,-1,-1
791,1466,2041.45,915.94,57.76,50.47,0.35,-1,-1,-1
792,1463,2396.38,834.21,44.12,43.92,0.53,-1,-1,-1
792,1465,1740.66,1587.66,220.00,280.14,0.89,-1,-1,-1
792,1466,2040.17,917.22,60.06,52.96,0.42,-1,-1,-1
793,1463,2396.55,834.72,43.86,43.40,0.64,-1,-1,-1
793,1465,1737.10,1606.00,221.80,285.00,0.89,-1,-1,-1
793,1466,2040.32,919.38,58.85,52.19,0.64,-1,-1,-1
794,1463,2397.64,832.85,46.09,45.68,0.55,-1,-1,-1
794,1465,1731.88,1624.91,228.48,295.69,0.87,-1,-1,-1
794,1466,2040.93,921.86,57.96,51.58,0.60,-1,-1,-1
795,1463,2402.48,831.97,46.47,45.80,0.42,-1,-1,-1
795,1465,1723.72,1641.30,235.94,307.80,0.89,-1,-1,-1
795,1466,2042.29,922.74,58.26,51.86,0.47,-1,-1,-1
796,1463,2404.41,832.47,44.98,44.22,0.61,-1,-1,-1
796,1465,1720.05,1658.16,242.39,319.74,0.88,-1,-1,-1
796,1466,2041.33,923.91,60.23,53.95,0.63,-1,-1,-1
797,1463,2405.13,832.47,44.54,43.80,0.67,-1,-1,-1
797,1465,1713.92,1676.51,250.28,334.53,0.90,-1,-1,-1
797,1466,2041.17,925.70,61.17,54.91,0.49,-1,-1,-1
798,1463,2407.51,831.84,44.73,44.18,0.63,-1,-1,-1
798,1465,1707.70,1697.98,255.12,345.12,0.89,-1,-1,-1
798,1466,2041.46,928.62,61.72,55.54,0.64,-1,-1,-1
799,1463,2411.63,832.40,44.01,43.43,0.68,-1,-1,-1
799,1465,1703.89,1720.93,257.91,352.78,0.88,-1,-1,-1
799,1466,2042.99,932.70,59.62,53.96,0.53,-1,-1,-1
800,1463,2415.77,831.85,45.01,44.19,0.56,-1,-1,-1
800,1465,1694.06,1742.91,267.89,370.70,0.91,-1,-1,-1
800,1466,2044.66,934.61,59.34,54.18,0.29,-1,-1,-1
801,1463,2419.37,832.28,44.32,43.19,0.48,-1,-1,-1
801,1465,1689.97,1765.72,269.94,376.28,0.89,-1,-1,-1
801,1466,2044.84,937.45,58.69,53.89,0.13,-1,-1,-1
802,1463,2425.26,830.51,46.15,44.00,0.53,-1,-1,-1
802,1465,1690.89,1791.27,262.71,367.57,0.89,-1,-1,-1
802,1466,2048.27,940.84,54.85,50.32,0.24,-1,-1,-1
803,1463,2430.67,830.03,45.38,42.02,0.34,-1,-1,-1
803,1465,1691.83,1812.48,252.44,347.52,0.83,-1,-1,-1
804,1463,2435.08,831.13,44.95,40.75,0.24,-1,-1,-1
804,1465,1695.83,1825.90,245.68,334.10,0.72,-1,-1,-1
805,1465,1705.99,1863.74,221.80,296.26,0.66,-1,-1,-1
806,1465,1710.26,1897.32,201.60,262.68,0.48,-1,-1,-1
807,1465,1713.75,1929.52,185.78,230.48,0.14,-1,-1,-1
808,1465,1724.28,1957.18,171.52,202.82,0.46,-1,-1,-1
809,1465,1732.06,1983.49,156.45,176.51,0.22,-1,-1,-1
819,1466,2062.37,997.10,54.71,47.13,0.54,-1,-1,-1
820,1466,2061.30,1001.16,58.60,48.48,0.56,-1,-1,-1
821,1466,2058.48,1001.73,64.43,53.00,0.63,-1,-1,-1
822,1466,2056.72,1000.75,69.57,57.05,0.59,-1,-1,-1
823,1466,2056.25,1000.75,72.36,59.47,0.55,-1,-1,-1
824,1466,2055.69,1001.19,75.40,62.50,0.62,-1,-1,-1
825,1466,2054.56,1002.65,78.35,65.15,0.62,-1,-1,-1
826,1466,2054.26,1004.19,81.26,68.13,0.66,-1,-1,-1
827,1466,2053.99,1004.42,84.67,71.91,0.54,-1,-1,-1
828,1466,2051.07,1005.27,88.86,76.62,0.60,-1,-1,-1
829,1466,2052.16,1009.04,90.13,78.63,0.74,-1,-1,-1
830,1466,2052.37,1011.66,91.38,80.77,0.66,-1,-1,-1
831,1466,2053.00,1015.88,90.61,80.92,0.74,-1,-1,-1
832,1466,2053.43,1022.03,87.95,79.48,0.75,-1,-1,-1
833,1466,2052.37,1023.03,90.83,83.64,0.75,-1,-1,-1
834,1466,2054.59,1027.14,90.44,84.46,0.80,-1,-1,-1
835,1466,2055.82,1033.69,89.59,84.34,0.76,-1,-1,-1
836,1466,2056.16,1038.30,88.67,83.72,0.77,-1,-1,-1
837,1466,2055.21,1042.66,88.33,83.77,0.77,-1,-1,-1
838,1466,2055.43,1045.92,91.13,86.76,0.76,-1,-1,-1
839,1466,2057.23,1053.56,91.01,86.83,0.68,-1,-1,-1
840,1466,2058.71,1058.52,91.99,87.73,0.66,-1,-1,-1
840,1469,3597.75,1690.61,233.02,274.21,0.60,-1,-1,-1
841,1466,2059.25,1065.99,91.01,86.43,0.64,-1,-1,-1
841,1469,3576.15,1667.40,248.96,292.21,0.48,-1,-1,-1
842,1466,2058.16,1069.23,94.69,89.99,0.76,-1,-1,-1
842,1469,3555.20,1637.77,248.42,288.65,0.52,-1,-1,-1
843,1466,2058.12,1074.01,97.45,93.00,0.77,-1,-1,-1
843,1469,3532.04,1609.79,255.48,291.92,0.56,-1,-1,-1
844,1466,2055.29,1076.07,99.70,95.73,0.82,-1,-1,-1
844,1469,3519.47,1591.51,250.63,278.31,0.46,-1,-1,-1
845,1466,2055.23,1078.57,103.24,100.39,0.78,-1,-1,-1
845,1469,3495.59,1567.59,248.83,264.97,0.42,-1,-1,-1
846,1466,2055.83,1083.65,104.71,103.06,0.80,-1,-1,-1
846,1469,3460.62,1546.12,252.08,258.30,0.58,-1,-1,-1
847,1466,2056.10,1086.72,106.57,106.11,0.82,-1,-1,-1
847,1469,3430.21,1521.22,257.32,254.68,0.35,-1,-1,-1
848,1466,2052.47,1085.10,115.05,116.84,0.78,-1,-1,-1
848,1469,3394.15,1504.26,248.63,235.44,0.39,-1,-1,-1
849,1466,2051.53,1089.43,117.37,121.28,0.80,-1,-1,-1
849,1469,3360.12,1483.06,253.64,232.33,0.44,-1,-1,-1
850,1466,2056.67,1105.67,107.98,112.31,0.78,-1,-1,-1
850,1469,3330.22,1465.72,241.98,212.79,0.44,-1,-1,-1
851,1466,2058.75,1117.49,104.70,109.48,0.74,-1,-1,-1
851,1469,3300.53,1450.09,239.75,203.55,0.22,-1,-1,-1
852,1466,2059.78,1128.85,102.74,107.89,0.80,-1,-1,-1
852,1469,3267.86,1431.89,236.25,194.12,0.61,-1,-1,-1
853,1466,2061.99,1141.43,99.94,104.78,0.71,-1,-1,-1
853,1469,3236.92,1413.49,238.96,191.34,0.53,-1,-1,-1
854,1466,2059.88,1148.20,103.81,108.78,0.77,-1,-1,-1
854,1469,3210.45,1399.63,231.64,180.02,0.56,-1,-1,-1
855,1466,2061.12,1158.40,102.51,106.47,0.74,-1,-1,-1
855,1469,3179.46,1381.96,233.50,177.30,0.65,-1,-1,-1
856,1466,2057.19,1161.65,110.37,115.54,0.79,-1,-1,-1
856,1469,3157.46,1365.10,228.72,169.91,0.48,-1,-1,-1
857,1466,2057.19,1169.03,113.12,119.46,0.81,-1,-1,-1
857,1469,3137.07,1352.95,222.40,161.53,0.73,-1,-1,-1
858,1466,2055.91,1176.33,115.85,123.13,0.83,-1,-1,-1
858,1469,3113.23,1338.49,220.68,156.89,0.79,-1,-1,-1
859,1466,2056.50,1185.40,116.87,124.58,0.81,-1,-1,-1
859,1469,3092.42,1324.47,218.55,152.36,0.58,-1,-1,-1
860,1466,2056.13,1194.46,120.48,129.41,0.83,-1,-1,-1
860,1469,3068.83,1311.87,217.76,149.73,0.70,-1,-1,-1
861,1466,2059.47,1206.05,119.60,128.41,0.82,-1,-1,-1
861,1469,3049.15,1301.49,212.11,143.39,0.85,-1,-1,-1
862,1466,2058.57,1214.63,122.54,132.24,0.84,-1,-1,-1
862,1469,3028.97,1287.87,209.89,140.31,0.71,-1,-1,-1
863,1466,2059.68,1230.40,120.63,129.34,0.76,-1,-1,-1
863,1469,3010.81,1279.33,204.08,134.78,0.77,-1,-1,-1
864,1466,2062.73,1242.64,125.98,135.61,0.78,-1,-1,-1
864,1469,2994.49,1266.88,205.84,135.05,0.80,-1,-1,-1
865,1466,2060.06,1253.59,131.14,141.85,0.83,-1,-1,-1
865,1469,2978.26,1257.83,200.85,130.78,0.78,-1,-1,-1
866,1466,2061.33,1264.32,135.16,146.89,0.84,-1,-1,-1
866,1469,2964.41,1245.46,197.63,127.81,0.78,-1,-1,-1
867,1466,2061.56,1274.83,140.49,154.18,0.85,-1,-1,-1
867,1469,2946.00,1236.64,196.79,126.90,0.73,-1,-1,-1
868,1466,2061.93,1288.33,142.24,156.95,0.83,-1,-1,-1
868,1469,2933.17,1225.90,189.72,121.68,0.80,-1,-1,-1
869,1466,2064.10,1304.40,142.30,157.58,0.88,-1,-1,-1
869,1469,2918.32,1216.55,185.45,118.26,0.79,-1,-1,-1
870,1466,2064.76,1316.40,148.10,165.25,0.84,-1,-1,-1
870,1469,2902.04,1207.23,184.39,117.49,0.76,-1,-1,-1
871,1466,2064.73,1330.96,152.40,171.28,0.86,-1,-1,-1
871,1469,2890.39,1197.03,179.46,114.03,0.75,-1,-1,-1
872,1466,2065.83,1347.14,155.05,175.15,0.86,-1,-1,-1
872,1469,2879.20,1188.63,174.06,110.45,0.78,-1,-1,-1
873,1466,2068.12,1365.65,158.24,179.59,0.87,-1,-1,-1
873,1469,2865.75,1180.02,170.61,108.11,0.78,-1,-1,-1
874,1466,2068.58,1381.52,161.50,184.62,0.88,-1,-1,-1
874,1469,2852.01,1171.77,167.52,105.68,0.74,-1,-1,-1
875,1466,2069.62,1398.84,165.47,190.53,0.87,-1,-1,-1
875,1469,2840.76,1163.99,165.69,104.35,0.81,-1,-1,-1
876,1466,2068.88,1412.40,169.45,196.18,0.83,-1,-1,-1
876,1469,2827.82,1155.82,161.97,101.57,0.81,-1,-1,-1
877,1466,2068.74,1432.35,179.45,210.02,0.91,-1,-1,-1
877,1469,2815.02,1147.37,158.44,99.17,0.75,-1,-1,-1
878,1466,2065.10,1450.09,186.14,220.31,0.91,-1,-1,-1
878,1469,2803.79,1140.32,155.69,97.02,0.78,-1,-1,-1
879,1466,2068.33,1469.78,190.30,227.66,0.90,-1,-1,-1
879,1469,2790.55,1129.39,154.88,96.08,0.77,-1,-1,-1
880,1466,2067.44,1489.29,197.92,239.76,0.91,-1,-1,-1
880,1469,2777.62,1120.54,156.44,97.46,0.79,-1,-1,-1
881,1466,2068.22,1511.78,205.51,252.37,0.85,-1,-1,-1
881,1469,2764.36,1113.43,152.77,95.35,0.71,-1,-1,-1
882,1466,2071.64,1536.59,207.05,257.15,0.87,-1,-1,-1
882,1469,2756.20,1106.57,146.80,91.39,0.78,-1,-1,-1
883,1466,2071.56,1561.51,215.18,270.62,0.88,-1,-1,-1
883,1469,2746.46,1099.12,146.32,91.17,0.83,-1,-1,-1
884,1466,2074.07,1590.20,218.92,277.67,0.87,-1,-1,-1
884,1469,2735.96,1092.84,142.49,88.98,0.76,-1,-1,-1
885,1466,2080.13,1619.56,222.91,284.68,0.89,-1,-1,-1
885,1469,2726.82,1085.69,141.33,88.51,0.71,-1,-1,-1
886,1466,2078.55,1642.93,238.63,308.34,0.79,-1,-1,-1
886,1469,2715.19,1079.40,138.85,87.23,0.76,-1,-1,-1
887,1466,2075.80,1665.19,256.39,335.80,0.63,-1,-1,-1
887,1469,2707.76,1072.92,136.06,85.90,0.71,-1,-1,-1
888,1466,2077.94,1703.01,262.98,348.51,0.79,-1,-1,-1
888,1469,2700.05,1066.24,131.90,83.47,0.83,-1,-1,-1
889,1466,2081.86,1741.13,273.17,366.58,0.79,-1,-1,-1
889,1469,2690.13,1060.96,130.24,82.31,0.74,-1,-1,-1
890,1466,2088.91,1778.91,275.75,372.16,0.83,-1,-1,-1
890,1469,2681.91,1056.20,128.25,80.91,0.80,-1,-1,-1
891,1466,2103.92,1810.54,265.52,349.46,0.83,-1,-1,-1
891,1469,2673.45,1049.91,126.65,80.39,0.71,-1,-1,-1
892,1466,2123.43,1846.95,245.43,313.05,0.81,-1,-1,-1
892,1469,2664.58,1043.56,124.95,79.65,0.75,-1,-1,-1
893,1466,2119.26,1840.30,252.87,319.70,0.48,-1,-1,-1
893,1469,2657.50,1039.74,121.15,77.33,0.74,-1,-1,-1
894,1466,2121.79,1839.51,255.20,320.49,0.16,-1,-1,-1
894,1469,2651.08,1034.30,121.65,77.91,0.69,-1,-1,-1
895,1469,2643.60,1027.65,116.96,75.26,0.70,-1,-1,-1
896,1469,2638.83,1023.96,113.09,72.92,0.75,-1,-1,-1
897,1469,2629.80,1017.88,114.20,73.77,0.70,-1,-1,-1
897,1470,3260.45,1995.52,547.60,162.83,0.77,-1,-1,-1
898,1469,2621.75,1012.61,111.09,72.06,0.72,-1,-1,-1
898,1470,3164.32,1949.55,675.68,208.93,0.71,-1,-1,-1
899,1469,2617.05,1008.51,108.79,70.74,0.73,-1,-1,-1
899,1470,3050.16,1899.53,789.84,258.99,0.58,-1,-1,-1
900,1469,2607.92,1003.97,106.83,69.34,0.78,-1,-1,-1
900,1470,2939.83,1849.86,900.17,306.53,0.85,-1,-1,-1
901,1469,2599.20,997.53,107.54,70.10,0.75,-1,-1,-1
901,1470,2857.70,1804.14,982.30,333.22,0.81,-1,-1,-1
901,1472,3186.14,1379.45,272.26,159.19,0.66,-1,-1,-1
902,1469,2593.10,991.68,109.64,71.98,0.71,-1,-1,-1
902,1470,2808.96,1761.27,1031.04,344.86,0.85,-1,-1,-1
902,1472,3154.27,1358.72,277.19,162.24,0.39,-1,-1,-1
903,1469,2585.64,988.36,108.31,71.40,0.77,-1,-1,-1
903,1470,2785.59,1719.09,1011.60,343.30,0.82,-1,-1,-1
903,1472,3123.02,1335.38,266.41,156.03,0.62,-1,-1,-1
904,1469,2579.29,985.29,104.64,69.29,0.78,-1,-1,-1
904,1470,2778.77,1689.67,927.30,326.33,0.80,-1,-1,-1
904,1472,3093.20,1319.06,250.46,146.80,0.81,-1,-1,-1
905,1469,2573.70,981.30,103.82,69.32,0.77,-1,-1,-1
905,1470,2763.35,1653.53,865.44,316.55,0.83,-1,-1,-1
905,1472,3065.49,1301.21,239.45,140.53,0.54,-1,-1,-1
906,1469,2569.43,979.92,101.12,67.55,0.76,-1,-1,-1
906,1470,2770.07,1620.32,771.09,293.17,0.82,-1,-1,-1
906,1472,3036.72,1285.22,230.82,135.80,0.53,-1,-1,-1
907,1469,2565.64,978.73,96.08,64.06,0.78,-1,-1,-1
907,1470,2774.11,1594.89,691.95,273.31,0.81,-1,-1,-1
907,1472,3012.92,1266.52,228.58,134.96,0.53,-1,-1,-1
908,1469,2560.66,974.87,93.85,62.33,0.73,-1,-1,-1
908,1470,2781.77,1569.03,609.62,249.81,0.89,-1,-1,-1
908,1472,2985.77,1251.00,223.02,132.13,0.75,-1,-1,-1
909,1469,2554.53,973.11,92.39,61.21,0.81,-1,-1,-1
909,1470,2781.95,1546.35,539.10,228.64,0.88,-1,-1,-1
909,1472,2963.34,1237.12,214.69,127.96,0.71,-1,-1,-1
910,1469,2549.39,970.90,89.99,59.12,0.76,-1,-1,-1
910,1470,2770.36,1520.43,505.48,222.46,0.86,-1,-1,-1
910,1472,2939.30,1223.17,209.50,125.60,0.71,-1,-1,-1
911,1469,2544.65,967.67,88.32,57.83,0.81,-1,-1,-1
911,1470,2759.26,1498.60,471.50,214.81,0.87,-1,-1,-1
911,1472,2921.36,1213.17,198.11,119.05,0.71,-1,-1,-1
912,1469,2540.08,966.26,87.01,56.79,0.81,-1,-1,-1
912,1470,2755.18,1477.15,426.73,200.65,0.87,-1,-1,-1
912,1472,2899.34,1197.08,200.21,121.30,0.70,-1,-1,-1
913,1469,2535.17,964.09,85.24,55.44,0.76,-1,-1,-1
913,1470,2744.20,1455.36,403.21,195.73,0.86,-1,-1,-1
913,1472,2884.35,1186.36,189.90,115.30,0.72,-1,-1,-1
914,1469,2530.99,961.98,83.91,54.21,0.79,-1,-1,-1
914,1470,2738.11,1436.11,367.86,183.84,0.90,-1,-1,-1
914,1472,2868.61,1175.97,182.16,111.37,0.73,-1,-1,-1
915,1469,2525.70,960.35,81.90,52.66,0.74,-1,-1,-1
915,1470,2727.91,1415.58,344.28,177.18,0.85,-1,-1,-1
915,1472,2854.01,1164.78,175.98,107.77,0.68,-1,-1,-1
916,1469,2522.11,957.47,80.94,51.59,0.80,-1,-1,-1
916,1470,2718.06,1402.51,317.36,167.29,0.88,-1,-1,-1
916,1472,2835.74,1151.88,172.92,106.47,0.77,-1,-1,-1
917,1469,2515.66,952.40,83.12,52.92,0.78,-1,-1,-1
917,1470,2707.12,1384.49,299.63,161.76,0.90,-1,-1,-1
917,1472,2819.81,1141.88,168.50,104.12,0.71,-1,-1,-1
918,1469,2509.67,948.89,83.64,53.42,0.76,-1,-1,-1
918,1470,2694.18,1367.42,286.89,158.75,0.85,-1,-1,-1
918,1472,2801.30,1132.04,165.44,103.03,0.77,-1,-1,-1
919,1469,2505.75,947.13,82.56,52.89,0.77,-1,-1,-1
919,1470,2683.19,1352.71,269.49,152.07,0.90,-1,-1,-1
919,1472,2788.20,1123.18,158.17,98.78,0.68,-1,-1,-1
920,1469,2503.51,945.64,80.13,51.21,0.78,-1,-1,-1
920,1470,2677.09,1338.75,250.84,143.63,0.88,-1,-1,-1
920,1472,2776.48,1115.00,151.94,95.53,0.68,-1,-1,-1
921,1469,2499.42,941.75,82.97,53.19,0.77,-1,-1,-1
921,1470,2666.60,1324.21,241.98,140.94,0.83,-1,-1,-1
921,1472,2764.72,1106.41,148.19,93.08,0.71,-1,-1,-1
922,1469,2493.82,939.73,82.80,53.31,0.81,-1,-1,-1
922,1470,2652.19,1311.60,233.48,138.45,0.87,-1,-1,-1
922,1472,2749.15,1099.91,143.20,89.88,0.72,-1,-1,-1
923,1469,2491.21,937.50,83.25,53.84,0.78,-1,-1,-1
923,1470,2642.19,1297.27,223.19,134.23,0.87,-1,-1,-1
923,1472,2736.37,1090.49,143.71,91.18,0.70,-1,-1,-1
924,1469,2485.44,934.74,82.32,53.60,0.78,-1,-1,-1
924,1470,2633.74,1285.92,211.79,128.98,0.86,-1,-1,-1
924,1472,2723.66,1080.87,142.57,91.22,0.71,-1,-1,-1
925,1469,2484.03,934.43,78.72,51.19,0.80,-1,-1,-1
925,1470,2623.45,1274.43,204.44,126.25,0.85,-1,-1,-1
925,1472,2714.66,1073.09,136.73,88.38,0.54,-1,-1,-1
926,1469,2482.24,933.64,76.58,49.58,0.82,-1,-1,-1
926,1470,2615.65,1262.04,198.84,124.34,0.83,-1,-1,-1
926,1472,2702.65,1065.67,135.39,87.95,0.68,-1,-1,-1
927,1469,2479.95,930.60,76.60,49.67,0.79,-1,-1,-1
927,1470,2605.73,1249.00,195.20,123.67,0.85,-1,-1,-1
927,1472,2693.87,1061.83,127.76,83.12,0.71,-1,-1,-1
928,1469,2478.28,929.98,75.27,48.69,0.80,-1,-1,-1
928,1470,2596.72,1238.24,190.03,121.88,0.85,-1,-1,-1
928,1472,2682.44,1055.17,126.28,82.34,0.74,-1,-1,-1
929,1469,2473.99,927.94,75.81,49.01,0.80,-1,-1,-1
929,1470,2587.29,1226.97,182.76,118.74,0.84,-1,-1,-1
929,1472,2671.69,1046.31,124.98,82.26,0.78,-1,-1,-1
930,1469,2469.93,924.96,76.31,49.42,0.83,-1,-1,-1
930,1470,2577.06,1215.47,178.27,117.14,0.82,-1,-1,-1
930,1472,2661.59,1039.03,122.27,80.66,0.71,-1,-1,-1
931,1469,2466.66,922.02,74.55,48.71,0.73,-1,-1,-1
931,1470,2567.67,1206.69,172.11,114.36,0.80,-1,-1,-1
931,1472,2649.82,1032.55,122.22,81.14,0.78,-1,-1,-1
932,1469,2463.99,921.75,73.26,47.86,0.77,-1,-1,-1
932,1470,2558.66,1197.41,166.51,111.72,0.84,-1,-1,-1
932,1472,2640.62,1025.33,116.18,77.42,0.71,-1,-1,-1
933,1469,2460.35,918.97,74.63,48.96,0.77,-1,-1,-1
933,1470,2552.27,1188.85,158.50,107.11,0.83,-1,-1,-1
933,1472,2628.59,1019.00,115.72,77.41,0.75,-1,-1,-1
934,1469,2458.67,916.76,73.59,48.84,0.74,-1,-1,-1
934,1470,2543.13,1180.20,154.28,105.04,0.83,-1,-1,-1
934,1472,2620.95,1012.54,109.93,74.02,0.72,-1,-1,-1
935,1469,2455.97,915.87,72.65,48.45,0.74,-1,-1,-1
935,1470,2536.14,1171.92,148.22,101.25,0.80,-1,-1,-1
935,1472,2611.82,1007.31,109.75,74.55,0.73,-1,-1,-1
936,1469,2453.34,915.84,70.59,46.77,0.78,-1,-1,-1
936,1470,2529.90,1163.55,145.82,100.02,0.82,-1,-1,-1
936,1472,2604.93,1002.99,104.11,70.84,0.76,-1,-1,-1
937,1469,2450.78,914.59,70.39,46.41,0.72,-1,-1,-1
937,1470,2521.18,1156.85,142.20,98.01,0.83,-1,-1,-1
937,1472,2596.32,996.82,106.04,72.82,0.77,-1,-1,-1
938,1469,2449.05,913.21,70.11,46.29,0.71,-1,-1,-1
938,1470,2516.51,1148.84,136.25,94.19,0.81,-1,-1,-1
938,1472,2589.35,992.72,104.68,72.33,0.78,-1,-1,-1
939,1469,2447.11,912.14,68.94,45.87,0.73,-1,-1,-1
939,1470,2508.45,1141.74,134.04,93.34,0.84,-1,-1,-1
939,1472,2580.57,987.69,101.27,70.31,0.69,-1,-1,-1
940,1469,2444.52,910.56,69.42,46.57,0.72,-1,-1,-1
940,1470,2501.89,1133.76,132.59,92.81,0.79,-1,-1,-1
940,1472,2573.64,985.36,99.72,69.29,0.74,-1,-1,-1
941,1469,2438.11,910.19,69.71,46.54,0.76,-1,-1,-1
941,1470,2492.57,1125.82,130.76,91.72,0.81,-1,-1,-1
941,1472,2565.77,981.40,96.27,67.05,0.70,-1,-1,-1
942,1469,2437.36,910.65,69.20,46.13,0.74,-1,-1,-1
942,1470,2486.76,1119.59,129.10,90.97,0.83,-1,-1,-1
942,1472,2560.41,978.15,95.49,66.79,0.72,-1,-1,-1
943,1469,2434.95,910.98,66.29,43.96,0.70,-1,-1,-1
943,1470,2479.62,1113.39,125.63,89.19,0.79,-1,-1,-1
943,1472,2552.37,976.01,92.63,64.70,0.74,-1,-1,-1
944,1469,2432.47,910.29,66.91,44.17,0.76,-1,-1,-1
944,1470,2473.42,1108.52,120.27,85.31,0.80,-1,-1,-1
944,1472,2545.67,975.28,85.88,59.56,0.72,-1,-1,-1
945,1469,2430.08,908.96,68.13,44.71,0.73,-1,-1,-1
945,1470,2468.36,1100.85,120.96,86.47,0.81,-1,-1,-1
945,1472,2541.10,971.30,85.50,59.11,0.74,-1,-1,-1
946,1469,2427.05,904.64,70.99,46.96,0.70,-1,-1,-1
946,1470,2462.83,1093.25,120.82,87.08,0.79,-1,-1,-1
946,1472,2534.85,966.93,86.14,59.12,0.77,-1,-1,-1
947,1469,2426.98,902.16,69.60,46.32,0.69,-1,-1,-1
947,1470,2457.60,1085.12,119.35,86.17,0.74,-1,-1,-1
947,1472,2532.02,963.54,84.91,58.08,0.76,-1,-1,-1
948,1469,2422.79,896.65,73.59,50.02,0.72,-1,-1,-1
948,1470,2451.91,1078.08,116.29,84.32,0.81,-1,-1,-1
948,1472,2524.69,959.43,85.49,58.62,0.73,-1,-1,-1
949,1469,2420.92,895.81,71.53,49.21,0.72,-1,-1,-1
949,1470,2445.24,1073.63,112.90,81.69,0.79,-1,-1,-1
949,1472,2519.39,959.73,81.15,55.17,0.77,-1,-1,-1
950,1469,2420.07,895.38,69.40,48.32,0.72,-1,-1,-1
950,1470,2440.57,1068.71,110.54,79.93,0.83,-1,-1,-1
950,1472,2513.82,956.33,80.18,54.12,0.77,-1,-1,-1
951,1469,2417.21,896.27,64.39,44.68,0.54,-1,-1,-1
951,1470,2434.17,1063.41,107.80,77.93,0.81,-1,-1,-1
951,1472,2506.36,953.14,77.51,51.91,0.64,-1,-1,-1
952,1469,2416.88,896.77,62.33,43.11,0.56,-1,-1,-1
952,1470,2431.59,1057.30,105.62,76.56,0.78,-1,-1,-1
952,1472,2502.45,948.58,78.39,52.49,0.77,-1,-1,-1
953,1469,2413.79,894.93,62.14,42.73,0.57,-1,-1,-1
953,1470,2424.47,1049.15,107.58,78.51,0.82,-1,-1,-1
953,1472,2496.82,944.45,79.25,53.10,0.76,-1,-1,-1
954,1469,2415.72,895.63,59.39,40.42,0.62,-1,-1,-1
954,1470,2420.96,1043.12,106.47,78.36,0.80,-1,-1,-1
954,1472,2493.37,942.54,78.06,52.18,0.76,-1,-1,-1
955,1469,2410.97,890.70,62.58,42.63,0.54,-1,-1,-1
955,1470,2415.57,1034.76,104.32,77.07,0.70,-1,-1,-1
955,1472,2485.88,937.43,80.14,53.87,0.74,-1,-1,-1
956,1469,2408.01,889.14,62.54,42.56,0.52,-1,-1,-1
956,1470,2406.39,1026.14,107.17,80.25,0.63,-1,-1,-1
956,1472,2479.78,936.67,76.91,51.53,0.67,-1,-1,-1
957,1469,2405.55,887.35,63.86,43.74,0.54,-1,-1,-1
957,1470,2405.72,1024.61,99.54,74.83,0.75,-1,-1,-1
957,1472,2476.61,932.89,75.63,50.78,0.72,-1,-1,-1
958,1469,2404.83,885.65,63.70,43.96,0.73,-1,-1,-1
958,1470,2407.46,1026.73,90.02,67.57,0.74,-1,-1,-1
958,1472,2474.33,931.19,73.41,49.03,0.78,-1,-1,-1
959,1469,2400.79,882.66,64.60,45.02,0.64,-1,-1,-1
959,1470,2403.70,1029.60,83.25,61.54,0.49,-1,-1,-1
959,1472,2466.06,927.49,76.47,51.25,0.74,-1,-1,-1
960,1469,2398.21,881.90,63.68,44.50,0.61,-1,-1,-1
960,1470,2396.58,1027.77,78.34,57.07,0.56,-1,-1,-1
960,1472,2463.04,928.51,71.38,47.32,0.67,-1,-1,-1
961,1469,2397.36,880.78,61.31,43.08,0.67,-1,-1,-1
961,1470,2384.41,1011.70,93.19,68.53,0.31,-1,-1,-1
961,1472,2457.08,925.55,72.52,48.04,0.72,-1,-1,-1
962,1469,2398.02,881.43,58.22,40.92,0.66,-1,-1,-1
962,1470,2381.23,1007.35,90.56,66.81,0.27,-1,-1,-1
962,1472,2451.42,923.10,73.41,48.36,0.72,-1,-1,-1
963,1469,2396.27,878.44,60.83,43.18,0.61,-1,-1,-1
963,1470,2378.99,995.17,86.68,63.45,0.16,-1,-1,-1
963,1472,2449.63,919.10,74.06,49.28,0.63,-1,-1,-1
964,1469,2393.57,875.96,61.93,44.53,0.57,-1,-1,-1
964,1470,2374.92,997.00,87.47,64.47,0.30,-1,-1,-1
964,1472,2445.75,916.43,72.70,48.64,0.67,-1,-1,-1
965,1469,2392.57,875.50,62.23,45.00,0.54,-1,-1,-1
965,1470,2370.95,991.76,88.87,65.87,0.56,-1,-1,-1
965,1472,2443.85,914.67,71.02,47.76,0.69,-1,-1,-1
966,1469,2393.39,877.26,58.75,42.22,0.54,-1,-1,-1
966,1470,2370.05,989.34,87.07,64.80,0.63,-1,-1,-1
966,1472,2442.33,912.55,69.59,47.02,0.64,-1,-1,-1
967,1469,2393.09,875.79,58.02,41.97,0.53,-1,-1,-1
967,1470,2370.77,985.88,83.43,61.52,0.78,-1,-1,-1
967,1472,2442.60,910.03,68.89,47.19,0.64,-1,-1,-1
968,1469,2391.09,872.21,59.30,43.54,0.58,-1,-1,-1
968,1470,2367.32,983.17,82.04,60.11,0.73,-1,-1,-1
968,1472,2440.61,909.22,66.59,45.86,0.69,-1,-1,-1
969,1469,2390.31,871.80,56.53,41.28,0.39,-1,-1,-1
969,1470,2363.54,981.12,80.54,58.71,0.65,-1,-1,-1
969,1472,2435.85,909.58,63.84,43.24,0.74,-1,-1,-1
970,1469,2388.34,870.07,54.17,39.56,0.34,-1,-1,-1
970,1470,2365.98,982.70,73.18,54.13,0.46,-1,-1,-1
970,1472,2430.83,908.38,62.56,41.88,0.70,-1,-1,-1
971,1469,2392.24,872.92,50.04,35.86,0.41,-1,-1,-1
971,1470,2369.23,983.47,63.92,47.23,0.18,-1,-1,-1
971,1472,2428.88,906.83,61.92,41.42,0.56,-1,-1,-1
972,1469,2391.88,870.36,52.46,37.29,0.48,-1,-1,-1
972,1470,2354.75,971.71,73.50,54.64,0.37,-1,-1,-1
972,1472,2426.24,906.38,60.27,39.94,0.64,-1,-1,-1
973,1469,2389.83,868.44,52.73,37.69,0.34,-1,-1,-1
973,1470,2348.65,965.94,75.45,56.00,0.48,-1,-1,-1
973,1472,2421.35,901.68,64.47,43.22,0.51,-1,-1,-1
974,1469,2384.67,864.82,55.25,39.98,0.32,-1,-1,-1
974,1470,2343.54,960.72,75.82,56.54,0.28,-1,-1,-1
974,1472,2417.44,898.17,65.27,44.32,0.36,-1,-1,-1
975,1469,2385.09,864.93,53.26,38.79,0.50,-1,-1,-1
975,1470,2339.33,959.29,74.08,55.29,0.23,-1,-1,-1
975,1472,2416.66,899.17,60.93,41.18,0.20,-1,-1,-1
976,1469,2383.56,862.82,53.91,39.84,0.72,-1,-1,-1
976,1470,2339.35,962.11,66.29,48.52,0.44,-1,-1,-1
976,1472,2415.84,898.72,58.68,39.35,0.45,-1,-1,-1
977,1469,2381.10,861.33,54.12,40.42,0.62,-1,-1,-1
977,1470,2331.62,955.18,71.02,52.15,0.58,-1,-1,-1
977,1472,2410.19,893.17,62.97,42.36,0.50,-1,-1,-1
978,1469,2382.05,860.16,52.70,39.79,0.60,-1,-1,-1
978,1470,2327.58,952.48,68.82,51.00,0.20,-1,-1,-1
978,1472,2408.73,891.74,60.96,40.95,0.54,-1,-1,-1
