1,1,43.03,298.14,27.29,52.28,0.75,-1,-1,-1
1,2,786.49,169.03,17.19,31.50,0.75,-1,-1,-1
1,3,298.23,488.50,40.97,100.84,0.74,-1,-1,-1
1,4,116.56,391.54,30.53,72.76,0.73,-1,-1,-1
1,5,566.62,664.74,42.38,86.28,0.72,-1,-1,-1
1,6,497.89,661.97,55.40,92.79,0.69,-1,-1,-1
1,7,493.33,478.48,43.33,120.36,0.68,-1,-1,-1
1,8,3.79,468.77,54.74,59.86,0.65,-1,-1,-1
1,9,373.11,253.56,17.34,41.83,0.65,-1,-1,-1
1,10,359.25,478.15,47.94,114.14,0.63,-1,-1,-1
1,11,679.61,342.72,34.12,85.50,0.62,-1,-1,-1
2,1,42.67,298.71,27.10,51.92,0.69,-1,-1,-1
2,2,786.43,168.77,17.30,31.71,0.73,-1,-1,-1
2,3,298.39,488.63,40.10,98.66,0.72,-1,-1,-1
2,4,116.47,391.76,30.39,72.44,0.75,-1,-1,-1
2,5,566.37,664.64,42.37,86.21,0.67,-1,-1,-1
2,6,497.32,661.96,55.20,92.43,0.70,-1,-1,-1
2,7,495.12,479.44,44.46,123.41,0.68,-1,-1,-1
2,8,4.27,469.41,54.31,59.42,0.68,-1,-1,-1
2,9,373.13,254.01,17.16,41.34,0.67,-1,-1,-1
2,10,358.38,478.48,47.88,114.00,0.62,-1,-1,-1
2,11,677.61,341.00,35.09,87.91,0.56,-1,-1,-1
3,1,41.55,299.02,27.27,52.21,0.62,-1,-1,-1
3,2,785.96,169.03,17.13,31.37,0.72,-1,-1,-1
3,3,299.03,488.48,39.51,97.18,0.70,-1,-1,-1
3,4,116.39,391.78,30.43,72.60,0.71,-1,-1,-1
3,5,565.61,664.27,42.75,86.86,0.64,-1,-1,-1
3,6,496.34,661.48,55.31,92.68,0.70,-1,-1,-1
3,7,492.64,479.17,43.95,121.93,0.64,-1,-1,-1
3,8,3.96,469.59,54.20,59.35,0.69,-1,-1,-1
3,9,372.56,254.22,16.84,40.57,0.61,-1,-1,-1
3,10,358.05,478.73,47.72,113.69,0.57,-1,-1,-1
3,11,675.92,341.84,34.85,87.22,0.55,-1,-1,-1
3,12,746.81,421.01,49.27,93.95,0.70,-1,-1,-1
3,13,606.39,351.08,35.59,85.17,0.59,-1,-1,-1
3,14,878.45,301.27,32.70,71.46,0.62,-1,-1,-1
4,1,40.06,299.13,27.45,52.50,0.64,-1,-1,-1
4,2,785.86,169.74,16.73,30.60,0.70,-1,-1,-1
4,3,298.42,488.46,40.61,100.01,0.70,-1,-1,-1
4,4,116.26,391.76,30.45,72.67,0.74,-1,-1,-1
4,5,564.65,664.68,42.58,86.27,0.64,-1,-1,-1
4,6,496.24,661.48,54.98,92.20,0.70,-1,-1,-1
4,7,491.61,479.12,43.60,120.87,0.63,-1,-1,-1
4,8,3.60,469.69,54.00,59.19,0.68,-1,-1,-1
4,9,372.09,253.58,17.08,41.12,0.57,-1,-1,-1
4,10,357.63,478.73,47.72,113.81,0.60,-1,-1,-1
4,11,676.26,340.72,32.74,81.74,0.48,-1,-1,-1
4,12,750.98,420.35,48.75,93.31,0.76,-1,-1,-1
4,13,605.39,351.82,35.41,84.73,0.56,-1,-1,-1
4,14,878.36,301.72,32.79,71.76,0.62,-1,-1,-1
4,15,643.06,386.80,40.00,82.23,0.61,-1,-1,-1
5,1,37.67,298.72,27.57,52.78,0.63,-1,-1,-1
5,2,785.71,169.58,16.82,30.72,0.68,-1,-1,-1
5,3,297.87,488.44,41.60,102.71,0.72,-1,-1,-1
5,4,116.35,392.07,30.40,72.64,0.73,-1,-1,-1
5,5,564.05,664.84,42.60,86.03,0.64,-1,-1,-1
5,6,496.17,661.19,54.85,92.09,0.68,-1,-1,-1
5,7,491.41,478.96,43.49,120.41,0.62,-1,-1,-1
5,8,3.54,469.70,54.10,59.31,0.67,-1,-1,-1
5,9,371.25,252.54,16.49,39.56,0.59,-1,-1,-1
5,10,357.27,478.42,47.66,114.01,0.60,-1,-1,-1
5,11,674.67,340.58,34.46,86.01,0.49,-1,-1,-1
5,12,752.72,419.37,48.66,93.66,0.82,-1,-1,-1
5,13,604.27,352.78,35.08,83.94,0.64,-1,-1,-1
5,14,878.19,302.07,32.68,71.65,0.64,-1,-1,-1
5,15,647.75,385.50,39.90,82.46,0.67,-1,-1,-1
6,1,35.41,298.30,27.80,53.06,0.73,-1,-1,-1
6,2,785.37,169.33,17.06,31.12,0.70,-1,-1,-1
6,3,297.57,488.48,41.81,103.58,0.70,-1,-1,-1
6,4,116.28,392.08,30.39,72.71,0.73,-1,-1,-1
6,5,564.01,663.43,43.89,88.25,0.65,-1,-1,-1
6,6,495.56,660.79,55.17,92.70,0.64,-1,-1,-1
6,7,491.35,478.85,43.32,119.94,0.61,-1,-1,-1
6,8,3.69,469.75,54.09,59.32,0.66,-1,-1,-1
6,9,370.25,251.46,16.62,39.81,0.63,-1,-1,-1
6,10,357.11,478.24,47.49,113.97,0.56,-1,-1,-1
6,11,670.01,340.89,31.96,79.63,0.48,-1,-1,-1
6,12,758.05,417.68,48.32,94.09,0.84,-1,-1,-1
6,13,603.74,352.57,35.35,84.70,0.62,-1,-1,-1
6,14,876.88,301.14,32.43,71.53,0.64,-1,-1,-1
6,15,655.28,386.70,38.96,80.89,0.55,-1,-1,-1
6,16,820.70,320.55,28.36,76.32,0.69,-1,-1,-1
7,1,34.15,298.30,28.06,53.38,0.76,-1,-1,-1
7,2,785.35,169.45,16.98,30.89,0.68,-1,-1,-1
7,3,298.11,488.40,41.08,101.94,0.72,-1,-1,-1
7,4,116.44,392.00,30.35,72.72,0.73,-1,-1,-1
7,5,563.95,664.05,43.55,87.21,0.64,-1,-1,-1
7,6,495.23,660.68,55.19,92.71,0.61,-1,-1,-1
7,7,493.67,479.23,43.48,120.38,0.64,-1,-1,-1
7,8,3.59,469.67,54.04,59.24,0.67,-1,-1,-1
7,9,369.65,250.68,16.78,40.16,0.64,-1,-1,-1
7,10,357.08,478.01,47.19,113.58,0.60,-1,-1,-1
7,11,666.88,340.84,31.40,77.99,0.47,-1,-1,-1
7,12,763.84,415.46,47.91,94.44,0.79,-1,-1,-1
7,13,603.45,354.44,34.59,83.11,0.65,-1,-1,-1
7,14,875.51,300.78,32.53,72.36,0.64,-1,-1,-1
7,15,659.09,387.63,37.99,79.16,0.73,-1,-1,-1
7,16,818.59,318.03,29.15,78.27,0.61,-1,-1,-1
8,1,33.36,299.53,27.93,52.37,0.75,-1,-1,-1
8,2,785.53,169.39,17.06,31.02,0.69,-1,-1,-1
8,3,296.91,488.36,42.69,106.58,0.73,-1,-1,-1
8,4,116.71,392.09,30.25,72.53,0.74,-1,-1,-1
8,5,563.97,663.08,44.50,88.42,0.64,-1,-1,-1
8,6,494.86,660.77,55.03,92.52,0.59,-1,-1,-1
8,7,492.58,478.68,43.39,120.48,0.66,-1,-1,-1
8,8,3.92,469.71,53.82,59.04,0.67,-1,-1,-1
8,9,369.03,250.36,16.59,39.63,0.67,-1,-1,-1
8,10,356.82,477.92,47.17,113.93,0.61,-1,-1,-1
8,11,664.81,339.59,30.50,75.60,0.57,-1,-1,-1
8,12,767.35,414.49,48.03,95.36,0.72,-1,-1,-1
8,13,604.06,358.86,32.92,79.15,0.59,-1,-1,-1
8,14,875.79,308.47,28.90,64.51,0.59,-1,-1,-1
8,15,662.30,388.64,37.96,79.01,0.60,-1,-1,-1
8,16,817.90,315.42,29.83,80.20,0.59,-1,-1,-1
9,1,30.76,294.19,30.63,57.24,0.77,-1,-1,-1
9,2,785.42,169.58,17.03,30.90,0.67,-1,-1,-1
9,3,297.49,488.28,41.34,103.50,0.71,-1,-1,-1
9,4,116.67,392.30,30.08,72.19,0.76,-1,-1,-1
9,5,563.47,663.65,44.34,87.64,0.62,-1,-1,-1
9,6,494.62,660.38,55.09,92.80,0.62,-1,-1,-1
9,7,492.48,478.29,43.15,120.30,0.69,-1,-1,-1
9,8,4.11,469.58,53.96,59.17,0.66,-1,-1,-1
9,9,368.47,250.92,16.47,39.15,0.69,-1,-1,-1
9,10,356.83,477.70,46.94,113.78,0.67,-1,-1,-1
9,11,663.88,338.86,29.17,71.84,0.65,-1,-1,-1
9,12,769.90,414.59,47.81,95.31,0.69,-1,-1,-1
9,13,603.94,359.73,32.58,78.58,0.60,-1,-1,-1
9,14,874.48,301.86,31.51,70.68,0.59,-1,-1,-1
9,15,664.65,387.08,38.72,80.33,0.71,-1,-1,-1
9,16,816.69,312.52,30.69,82.64,0.62,-1,-1,-1
9,17,613.93,314.50,27.98,72.46,0.52,-1,-1,-1
10,1,28.57,296.24,29.02,53.67,0.67,-1,-1,-1
10,2,785.30,169.67,17.02,30.85,0.70,-1,-1,-1
10,3,297.16,488.39,41.82,105.19,0.72,-1,-1,-1
10,4,116.76,392.31,29.99,71.93,0.73,-1,-1,-1
10,5,562.23,663.89,43.93,86.77,0.62,-1,-1,-1
10,6,494.54,661.02,54.53,92.04,0.57,-1,-1,-1
10,7,492.29,477.94,42.91,120.13,0.70,-1,-1,-1
10,8,4.40,469.35,53.95,59.17,0.65,-1,-1,-1
10,9,367.44,250.84,16.56,39.18,0.69,-1,-1,-1
10,10,356.98,477.60,46.53,113.23,0.65,-1,-1,-1
10,11,663.14,337.63,30.16,74.01,0.53,-1,-1,-1
10,12,776.09,413.62,48.09,96.87,0.64,-1,-1,-1
10,13,604.12,357.10,33.76,81.85,0.66,-1,-1,-1
10,14,874.28,300.14,31.88,71.81,0.59,-1,-1,-1
10,15,666.48,385.75,39.38,81.10,0.68,-1,-1,-1
10,16,816.39,311.79,30.66,82.51,0.64,-1,-1,-1
10,17,611.64,315.98,27.58,71.41,0.41,-1,-1,-1
10,18,145.88,379.20,51.64,62.42,0.61,-1,-1,-1
11,1,26.21,298.26,27.70,50.93,0.72,-1,-1,-1
11,2,785.12,169.44,17.05,30.92,0.68,-1,-1,-1
11,3,296.46,488.31,42.85,108.56,0.73,-1,-1,-1
11,4,117.02,392.26,30.16,72.14,0.66,-1,-1,-1
11,5,561.50,663.42,44.01,86.95,0.64,-1,-1,-1
11,6,494.57,660.52,54.45,92.01,0.60,-1,-1,-1
11,7,492.27,477.61,42.72,120.04,0.69,-1,-1,-1
11,8,4.73,469.26,54.00,59.32,0.63,-1,-1,-1
11,9,366.32,250.40,16.80,39.50,0.69,-1,-1,-1
11,10,357.10,477.49,46.45,113.52,0.67,-1,-1,-1
11,11,661.16,336.59,32.12,78.44,0.55,-1,-1,-1
11,12,780.04,413.29,47.58,96.39,0.59,-1,-1,-1
11,13,604.09,358.01,33.24,80.93,0.61,-1,-1,-1
11,14,874.20,298.92,32.02,72.37,0.59,-1,-1,-1
11,15,669.06,385.01,40.29,81.98,0.70,-1,-1,-1
11,16,816.40,312.25,30.59,81.90,0.74,-1,-1,-1
11,17,609.01,316.24,27.63,71.50,0.29,-1,-1,-1
11,18,144.42,379.02,53.79,65.03,0.58,-1,-1,-1
12,1,23.08,299.12,27.49,50.46,0.66,-1,-1,-1
12,2,785.11,169.33,17.05,30.95,0.68,-1,-1,-1
12,3,296.85,488.15,42.46,108.06,0.72,-1,-1,-1
12,4,116.68,392.26,30.16,72.07,0.73,-1,-1,-1
12,5,561.54,662.96,44.08,87.08,0.65,-1,-1,-1
12,6,494.14,660.75,54.30,91.95,0.56,-1,-1,-1
12,7,492.01,477.51,42.73,120.32,0.68,-1,-1,-1
12,8,4.79,469.26,53.72,59.09,0.64,-1,-1,-1
12,9,365.43,250.11,16.93,39.58,0.69,-1,-1,-1
12,10,357.79,477.36,46.10,112.97,0.69,-1,-1,-1
12,11,659.20,336.05,34.16,82.97,0.60,-1,-1,-1
12,12,782.76,411.01,47.26,96.39,0.68,-1,-1,-1
12,13,604.92,355.95,34.22,83.66,0.62,-1,-1,-1
12,14,872.92,299.78,31.13,70.76,0.51,-1,-1,-1
12,15,672.27,385.08,40.12,81.60,0.60,-1,-1,-1
12,16,816.48,313.62,30.27,80.25,0.70,-1,-1,-1
12,17,603.86,316.18,28.65,73.91,0.26,-1,-1,-1
12,18,144.84,379.42,52.82,63.77,0.59,-1,-1,-1
13,1,20.10,299.11,27.75,50.88,0.64,-1,-1,-1
13,2,785.08,169.87,16.74,30.38,0.58,-1,-1,-1
13,3,296.49,488.07,43.04,110.11,0.73,-1,-1,-1
13,4,116.11,392.19,30.12,72.01,0.72,-1,-1,-1
13,5,561.21,662.66,44.40,87.64,0.65,-1,-1,-1
13,6,494.05,660.85,54.10,91.90,0.55,-1,-1,-1
13,7,493.66,477.44,42.97,121.02,0.68,-1,-1,-1
13,8,4.52,469.17,53.59,59.10,0.63,-1,-1,-1
13,9,364.78,249.77,17.07,39.63,0.66,-1,-1,-1
13,10,357.78,477.24,45.95,112.93,0.68,-1,-1,-1
13,11,658.73,336.03,35.11,84.96,0.63,-1,-1,-1
13,12,789.38,408.69,43.78,90.51,0.78,-1,-1,-1
13,13,605.38,358.25,33.27,81.79,0.57,-1,-1,-1
13,14,871.92,297.50,31.85,73.35,0.54,-1,-1,-1
13,15,677.47,386.51,38.65,79.53,0.59,-1,-1,-1
13,16,814.65,314.05,29.52,77.67,0.64,-1,-1,-1
13,17,601.42,316.50,29.15,75.62,0.51,-1,-1,-1
13,18,146.79,380.34,50.83,61.27,0.62,-1,-1,-1
14,1,19.69,299.35,28.14,51.46,0.66,-1,-1,-1
14,2,784.85,169.16,17.01,30.94,0.55,-1,-1,-1
14,3,296.47,488.11,42.97,110.48,0.72,-1,-1,-1
14,4,115.84,392.10,30.20,72.07,0.73,-1,-1,-1
14,5,560.51,662.46,44.11,87.12,0.65,-1,-1,-1
14,6,493.84,660.78,53.93,91.84,0.55,-1,-1,-1
14,7,494.36,477.62,43.44,122.32,0.65,-1,-1,-1
14,8,4.35,469.16,53.58,59.16,0.65,-1,-1,-1
14,9,364.25,249.63,17.18,39.67,0.67,-1,-1,-1
14,10,357.92,477.18,45.69,112.71,0.71,-1,-1,-1
14,11,658.96,336.16,35.37,85.48,0.69,-1,-1,-1
14,12,796.25,405.14,42.31,89.59,0.83,-1,-1,-1
14,13,605.57,365.06,30.79,75.21,0.62,-1,-1,-1
14,14,870.34,296.93,32.05,74.17,0.64,-1,-1,-1
14,15,682.69,383.66,38.89,81.93,0.52,-1,-1,-1
14,16,812.76,313.66,29.27,76.95,0.54,-1,-1,-1
14,17,599.81,318.78,29.51,76.99,0.56,-1,-1,-1
14,18,147.42,380.89,49.49,59.49,0.63,-1,-1,-1
15,1,18.50,299.22,28.28,52.01,0.69,-1,-1,-1
15,2,784.77,168.81,17.17,31.34,0.59,-1,-1,-1
15,3,296.46,488.05,42.77,110.58,0.73,-1,-1,-1
15,4,115.71,391.95,30.39,72.27,0.72,-1,-1,-1
15,5,560.36,662.33,44.10,86.96,0.64,-1,-1,-1
15,6,493.17,660.64,53.93,91.80,0.52,-1,-1,-1
15,7,492.92,477.35,43.20,121.99,0.65,-1,-1,-1
15,8,4.15,468.99,53.89,59.49,0.63,-1,-1,-1
15,9,363.83,249.31,17.28,39.79,0.64,-1,-1,-1
15,10,357.62,477.21,45.66,112.93,0.65,-1,-1,-1
15,11,659.98,336.40,35.26,85.21,0.72,-1,-1,-1
15,12,801.79,400.65,42.42,91.56,0.74,-1,-1,-1
15,13,605.67,369.12,29.72,71.23,0.57,-1,-1,-1
15,14,869.49,297.04,31.10,72.53,0.64,-1,-1,-1
15,15,689.17,382.60,38.69,82.79,0.51,-1,-1,-1
15,16,810.01,313.91,28.25,73.82,0.59,-1,-1,-1
15,17,598.79,321.47,29.96,78.30,0.57,-1,-1,-1
15,18,147.90,381.15,48.91,58.64,0.59,-1,-1,-1
16,1,17.55,298.63,27.29,50.36,0.70,-1,-1,-1
16,2,784.79,169.04,17.06,31.13,0.61,-1,-1,-1
16,3,296.74,488.05,42.45,110.33,0.74,-1,-1,-1
16,4,115.76,392.20,30.43,71.98,0.67,-1,-1,-1
16,5,560.42,661.87,44.10,86.96,0.64,-1,-1,-1
16,6,493.35,660.58,53.80,91.81,0.53,-1,-1,-1
16,7,492.27,477.08,43.11,121.72,0.65,-1,-1,-1
16,8,4.37,469.07,53.73,59.36,0.61,-1,-1,-1
16,9,363.78,249.16,17.22,39.48,0.63,-1,-1,-1
16,10,357.66,477.31,45.59,113.06,0.65,-1,-1,-1
16,11,660.65,336.49,34.40,83.39,0.65,-1,-1,-1
16,12,806.60,397.13,42.24,92.40,0.66,-1,-1,-1
16,13,605.70,369.76,30.88,71.46,0.60,-1,-1,-1
16,14,869.33,296.57,31.60,74.37,0.59,-1,-1,-1
16,15,692.83,381.24,39.55,85.19,0.54,-1,-1,-1
16,16,807.70,313.72,28.29,73.52,0.61,-1,-1,-1
16,17,598.26,323.85,29.86,77.84,0.61,-1,-1,-1
16,18,148.94,381.56,48.23,57.71,0.62,-1,-1,-1
17,1,16.84,297.63,28.47,52.97,0.65,-1,-1,-1
17,2,784.68,169.00,17.06,31.17,0.66,-1,-1,-1
17,3,296.68,487.98,42.37,110.76,0.75,-1,-1,-1
17,4,115.79,392.07,30.58,72.01,0.72,-1,-1,-1
17,5,560.49,661.57,44.17,86.96,0.63,-1,-1,-1
17,6,493.51,660.37,53.85,92.16,0.55,-1,-1,-1
17,7,491.94,476.81,42.88,121.05,0.65,-1,-1,-1
17,8,4.23,469.01,53.68,59.47,0.64,-1,-1,-1
17,9,363.82,249.07,17.25,39.43,0.61,-1,-1,-1
17,10,357.81,477.29,45.43,112.99,0.68,-1,-1,-1
17,11,660.60,336.42,33.88,82.77,0.62,-1,-1,-1
17,12,810.24,393.39,41.99,92.89,0.78,-1,-1,-1
17,13,606.27,372.53,31.45,69.72,0.66,-1,-1,-1
17,14,867.00,296.20,30.62,72.47,0.69,-1,-1,-1
17,15,695.46,379.77,39.51,85.45,0.70,-1,-1,-1
17,16,804.73,312.18,28.89,75.08,0.57,-1,-1,-1
17,17,594.66,324.86,31.18,82.08,0.59,-1,-1,-1
17,18,149.41,381.99,48.09,57.40,0.62,-1,-1,-1
18,1,16.11,295.29,29.64,55.80,0.63,-1,-1,-1
18,2,784.62,168.50,17.31,31.69,0.66,-1,-1,-1
18,3,296.90,487.88,42.13,110.58,0.73,-1,-1,-1
18,4,115.93,392.03,30.72,72.03,0.73,-1,-1,-1
18,5,560.39,661.33,43.96,86.57,0.64,-1,-1,-1
18,6,493.60,660.32,53.58,91.92,0.54,-1,-1,-1
18,7,491.84,476.59,43.12,121.70,0.66,-1,-1,-1
18,8,4.71,468.97,53.62,59.44,0.64,-1,-1,-1
18,9,363.85,249.82,17.22,39.40,0.65,-1,-1,-1
18,10,357.82,477.52,45.44,113.13,0.65,-1,-1,-1
18,11,659.89,336.34,33.08,81.86,0.51,-1,-1,-1
18,12,815.53,392.04,41.28,92.41,0.77,-1,-1,-1
18,13,606.91,370.44,34.50,73.08,0.39,-1,-1,-1
18,14,866.27,295.84,30.10,72.48,0.70,-1,-1,-1
18,15,697.51,379.80,38.60,83.75,0.58,-1,-1,-1
18,16,806.61,312.08,24.57,64.10,0.49,-1,-1,-1
18,17,592.16,325.59,30.86,81.86,0.58,-1,-1,-1
18,18,149.25,382.13,48.07,57.16,0.62,-1,-1,-1
19,1,15.51,294.82,28.34,53.51,0.63,-1,-1,-1
19,2,784.64,168.75,17.09,31.32,0.64,-1,-1,-1
19,3,296.80,487.84,41.98,110.66,0.74,-1,-1,-1
19,4,115.80,391.82,30.87,72.06,0.75,-1,-1,-1
19,5,560.32,661.09,43.40,85.66,0.63,-1,-1,-1
19,6,493.41,660.26,53.27,91.55,0.54,-1,-1,-1
19,7,491.84,476.49,42.83,120.87,0.65,-1,-1,-1
19,8,5.13,469.03,53.29,59.25,0.64,-1,-1,-1
19,9,363.85,249.67,17.38,39.86,0.65,-1,-1,-1
19,10,358.02,477.57,45.35,113.17,0.64,-1,-1,-1
19,11,659.20,336.40,32.99,82.71,0.46,-1,-1,-1
19,12,819.70,394.05,40.54,90.31,0.67,-1,-1,-1
19,14,865.55,296.28,29.00,71.01,0.67,-1,-1,-1
19,15,699.89,379.01,38.72,83.62,0.60,-1,-1,-1
19,16,806.19,313.00,22.41,58.67,0.44,-1,-1,-1
19,17,589.23,326.15,30.42,81.19,0.59,-1,-1,-1
19,18,149.34,382.01,48.20,57.14,0.59,-1,-1,-1
20,1,16.06,294.38,27.31,51.60,0.62,-1,-1,-1
20,2,784.50,169.10,16.95,31.01,0.59,-1,-1,-1
20,3,296.72,487.69,41.86,110.92,0.74,-1,-1,-1
20,4,115.35,391.59,31.05,72.30,0.76,-1,-1,-1
20,5,560.20,660.74,43.50,85.97,0.62,-1,-1,-1
20,6,494.02,660.21,52.41,90.29,0.49,-1,-1,-1
20,7,492.00,476.31,42.87,120.81,0.66,-1,-1,-1
20,8,4.96,469.07,53.25,59.23,0.66,-1,-1,-1
20,9,364.41,248.90,17.19,39.20,0.65,-1,-1,-1
20,10,358.07,477.62,45.25,113.11,0.64,-1,-1,-1
20,11,658.78,336.19,32.30,82.29,0.37,-1,-1,-1
20,12,824.72,398.08,39.15,86.99,0.72,-1,-1,-1
20,14,863.52,296.53,28.44,70.54,0.64,-1,-1,-1
20,15,700.02,378.53,38.80,84.12,0.69,-1,-1,-1
20,16,802.84,313.79,26.10,68.24,0.54,-1,-1,-1
20,17,586.26,329.75,29.73,79.20,0.67,-1,-1,-1
20,18,148.46,381.67,48.68,57.52,0.60,-1,-1,-1
20,19,742.83,280.94,21.71,34.10,0.62,-1,-1,-1
21,1,16.38,294.16,26.86,50.92,0.65,-1,-1,-1
21,2,784.41,169.07,16.98,31.00,0.56,-1,-1,-1
21,3,296.80,487.56,41.56,110.63,0.75,-1,-1,-1
21,4,114.96,391.70,31.16,72.29,0.73,-1,-1,-1
21,5,559.62,660.56,43.69,86.53,0.61,-1,-1,-1
21,6,493.66,660.14,52.43,90.41,0.51,-1,-1,-1
21,7,492.21,476.10,42.65,119.96,0.65,-1,-1,-1
21,8,5.10,469.06,53.05,59.18,0.63,-1,-1,-1
21,9,365.03,248.61,17.17,39.05,0.67,-1,-1,-1
21,10,358.02,477.73,45.29,113.32,0.58,-1,-1,-1
21,11,660.12,335.71,28.53,72.42,0.37,-1,-1,-1
21,12,827.60,401.24,37.68,83.79,0.67,-1,-1,-1
21,14,861.12,296.99,28.15,70.38,0.55,-1,-1,-1
21,15,702.39,386.39,35.50,77.33,0.43,-1,-1,-1
21,16,800.25,313.69,26.40,69.60,0.54,-1,-1,-1
21,17,583.56,331.54,29.95,79.21,0.69,-1,-1,-1
21,18,147.89,381.22,49.54,58.51,0.63,-1,-1,-1
21,19,743.07,281.11,21.81,34.27,0.55,-1,-1,-1
22,1,16.99,293.99,26.65,50.73,0.65,-1,-1,-1
22,2,784.25,169.18,16.90,30.74,0.52,-1,-1,-1
22,3,296.89,487.48,41.49,110.88,0.75,-1,-1,-1
22,4,114.86,391.94,31.21,71.23,0.73,-1,-1,-1
22,5,559.13,660.34,43.70,86.63,0.63,-1,-1,-1
22,6,493.34,659.86,52.42,90.38,0.51,-1,-1,-1
22,7,493.86,476.25,42.97,120.61,0.64,-1,-1,-1
22,8,5.17,468.95,52.97,59.21,0.64,-1,-1,-1
22,9,366.31,249.58,16.82,38.28,0.67,-1,-1,-1
22,10,358.00,477.48,45.33,113.59,0.59,-1,-1,-1
22,11,655.73,335.51,28.90,73.08,0.39,-1,-1,-1
22,12,827.58,399.67,38.12,84.93,0.74,-1,-1,-1
22,14,859.01,296.76,28.29,71.11,0.51,-1,-1,-1
22,15,708.87,379.62,34.74,76.70,0.56,-1,-1,-1
22,16,798.41,313.19,23.14,61.75,0.52,-1,-1,-1
22,17,582.53,332.36,29.63,78.24,0.57,-1,-1,-1
22,18,146.19,380.38,51.58,60.99,0.60,-1,-1,-1
22,19,743.14,281.09,21.57,33.92,0.55,-1,-1,-1
23,1,17.53,293.91,26.65,50.87,0.66,-1,-1,-1
23,2,784.32,169.23,16.88,30.59,0.50,-1,-1,-1
23,3,296.60,487.36,41.59,111.52,0.77,-1,-1,-1
23,4,114.73,392.07,31.24,70.22,0.71,-1,-1,-1
23,5,558.53,660.12,43.64,86.58,0.62,-1,-1,-1
23,6,492.88,659.54,52.73,90.91,0.51,-1,-1,-1
23,7,492.57,475.78,43.10,120.61,0.65,-1,-1,-1
23,8,5.56,468.78,52.81,59.24,0.63,-1,-1,-1
23,9,367.15,248.58,17.17,39.31,0.70,-1,-1,-1
23,10,357.96,477.45,45.15,113.25,0.60,-1,-1,-1
23,11,656.43,335.14,28.54,70.90,0.35,-1,-1,-1
23,12,826.86,397.15,38.87,86.78,0.80,-1,-1,-1
23,14,855.34,296.44,28.97,71.58,0.43,-1,-1,-1
23,15,712.25,376.47,34.64,77.65,0.62,-1,-1,-1
23,16,793.85,314.01,23.93,64.56,0.60,-1,-1,-1
23,17,582.04,334.03,29.39,76.87,0.65,-1,-1,-1
23,18,145.21,379.46,53.18,63.17,0.57,-1,-1,-1
23,19,743.11,280.44,21.70,34.14,0.51,-1,-1,-1
24,1,17.92,293.24,27.00,51.96,0.66,-1,-1,-1
24,2,784.01,167.50,17.52,31.96,0.55,-1,-1,-1
24,3,296.37,487.35,41.35,111.44,0.75,-1,-1,-1
24,4,114.16,391.76,31.99,71.70,0.66,-1,-1,-1
24,5,559.08,660.07,42.74,84.94,0.66,-1,-1,-1
24,6,492.51,659.12,52.71,90.65,0.48,-1,-1,-1
24,7,491.50,475.69,43.30,120.45,0.67,-1,-1,-1
24,8,5.74,468.81,52.47,59.09,0.64,-1,-1,-1
24,9,368.66,247.84,17.37,39.96,0.70,-1,-1,-1
24,10,358.11,477.48,44.63,111.74,0.61,-1,-1,-1
24,11,656.20,335.86,29.09,71.48,0.35,-1,-1,-1
24,12,826.33,394.90,39.43,88.52,0.81,-1,-1,-1
24,14,853.34,296.78,28.48,71.05,0.49,-1,-1,-1
24,15,713.41,375.36,35.69,81.93,0.71,-1,-1,-1
24,16,791.35,313.23,21.74,57.89,0.63,-1,-1,-1
24,17,581.82,334.77,29.73,76.47,0.61,-1,-1,-1
24,18,154.00,379.16,44.64,52.95,0.59,-1,-1,-1
24,19,742.65,280.39,21.62,34.02,0.56,-1,-1,-1
25,1,18.51,292.79,26.94,52.33,0.65,-1,-1,-1
25,2,783.83,167.20,17.49,32.03,0.59,-1,-1,-1
25,3,295.77,487.17,41.14,111.46,0.75,-1,-1,-1
25,4,113.69,391.69,32.16,71.95,0.74,-1,-1,-1
25,5,558.76,659.54,42.91,85.45,0.65,-1,-1,-1
25,6,491.27,658.59,53.43,91.43,0.50,-1,-1,-1
25,7,491.14,475.69,43.59,121.00,0.70,-1,-1,-1
25,8,5.67,468.61,52.47,59.16,0.63,-1,-1,-1
25,9,370.65,248.02,16.76,38.13,0.62,-1,-1,-1
25,10,357.79,477.23,44.40,110.72,0.60,-1,-1,-1
25,11,645.56,338.41,38.20,94.24,0.56,-1,-1,-1
25,12,826.00,392.86,38.88,87.53,0.75,-1,-1,-1
25,14,852.45,295.98,28.17,70.20,0.59,-1,-1,-1
25,15,714.43,374.33,35.78,84.19,0.73,-1,-1,-1
25,16,786.70,311.83,24.98,66.88,0.61,-1,-1,-1
25,17,578.08,335.86,30.40,77.59,0.63,-1,-1,-1
25,18,148.70,378.63,49.25,58.60,0.61,-1,-1,-1
25,19,742.54,280.15,21.63,34.02,0.49,-1,-1,-1
26,1,18.90,292.66,26.96,52.74,0.68,-1,-1,-1
26,2,783.93,166.95,17.44,32.08,0.60,-1,-1,-1
26,3,295.10,486.81,40.63,110.94,0.76,-1,-1,-1
26,4,113.23,391.68,32.16,71.95,0.74,-1,-1,-1
26,5,558.96,659.09,42.78,85.52,0.66,-1,-1,-1
26,6,491.45,658.07,53.28,91.10,0.52,-1,-1,-1
26,7,493.86,476.06,43.64,121.63,0.74,-1,-1,-1
26,8,4.56,468.42,52.73,59.30,0.61,-1,-1,-1
26,9,372.14,249.40,16.08,35.91,0.65,-1,-1,-1
26,10,356.61,474.68,45.60,112.60,0.60,-1,-1,-1
26,11,646.09,338.53,35.42,87.33,0.60,-1,-1,-1
26,12,825.24,390.15,37.67,83.78,0.69,-1,-1,-1
26,14,848.86,296.22,27.42,69.20,0.56,-1,-1,-1
26,15,715.70,372.47,36.09,86.94,0.75,-1,-1,-1
26,16,783.14,312.03,25.54,68.14,0.51,-1,-1,-1
26,17,576.33,337.06,30.95,78.99,0.61,-1,-1,-1
26,18,146.00,378.13,51.74,61.63,0.60,-1,-1,-1
26,19,742.15,280.22,21.73,34.07,0.49,-1,-1,-1
27,1,19.45,292.51,26.88,52.94,0.69,-1,-1,-1
27,2,783.73,166.07,17.68,32.73,0.56,-1,-1,-1
27,3,294.75,486.18,40.45,111.08,0.74,-1,-1,-1
27,4,112.89,391.64,32.24,71.92,0.75,-1,-1,-1
27,5,558.94,658.64,42.29,84.77,0.66,-1,-1,-1
27,6,491.99,657.31,53.77,92.51,0.57,-1,-1,-1
27,7,495.43,476.04,43.22,121.29,0.73,-1,-1,-1
27,8,4.25,468.20,53.81,60.46,0.60,-1,-1,-1
27,9,373.03,249.30,16.39,35.79,0.63,-1,-1,-1
27,10,356.45,475.08,45.20,111.22,0.63,-1,-1,-1
27,11,644.25,339.41,34.41,85.12,0.54,-1,-1,-1
27,12,822.92,388.67,35.98,78.19,0.77,-1,-1,-1
27,14,845.03,296.15,27.48,69.99,0.55,-1,-1,-1
27,15,716.13,370.89,36.13,88.83,0.80,-1,-1,-1
27,16,781.54,312.19,23.81,63.43,0.48,-1,-1,-1
27,17,573.84,337.29,32.64,83.76,0.64,-1,-1,-1
27,18,144.57,377.85,52.26,62.48,0.56,-1,-1,-1
27,19,741.81,279.84,21.91,34.29,0.53,-1,-1,-1
28,1,19.39,292.34,27.11,53.86,0.69,-1,-1,-1
28,2,783.80,167.03,17.22,31.87,0.52,-1,-1,-1
28,3,294.59,485.65,40.60,111.98,0.75,-1,-1,-1
28,4,112.31,391.48,32.34,71.87,0.77,-1,-1,-1
28,5,558.97,658.11,41.99,84.33,0.64,-1,-1,-1
28,6,491.72,656.95,53.85,93.13,0.55,-1,-1,-1
28,7,494.13,475.38,43.03,121.67,0.74,-1,-1,-1
28,8,4.05,468.02,54.09,60.79,0.60,-1,-1,-1
28,9,373.15,247.95,17.09,36.83,0.52,-1,-1,-1
28,10,355.30,473.40,45.98,111.85,0.62,-1,-1,-1
28,11,643.97,339.89,33.08,81.79,0.57,-1,-1,-1
28,12,819.53,386.54,36.02,76.04,0.72,-1,-1,-1
28,14,840.98,295.60,27.72,71.05,0.63,-1,-1,-1
28,15,716.50,369.17,35.98,90.17,0.78,-1,-1,-1
28,16,775.29,312.68,25.37,66.50,0.52,-1,-1,-1
28,17,572.23,337.99,33.23,86.06,0.67,-1,-1,-1
28,18,144.02,377.73,51.80,62.01,0.56,-1,-1,-1
28,19,741.86,279.25,22.49,35.28,0.52,-1,-1,-1
29,1,19.39,292.81,26.96,53.89,0.66,-1,-1,-1
29,2,783.49,167.57,16.96,31.37,0.52,-1,-1,-1
29,3,293.78,484.80,40.21,111.24,0.69,-1,-1,-1
29,4,111.90,391.52,32.42,71.71,0.78,-1,-1,-1
29,5,558.72,657.50,41.92,84.37,0.60,-1,-1,-1
29,6,492.28,656.77,52.45,91.11,0.52,-1,-1,-1
29,7,493.09,474.88,42.52,121.23,0.72,-1,-1,-1
29,8,3.62,467.93,53.79,60.86,0.61,-1,-1,-1
29,9,373.52,246.17,17.83,38.29,0.53,-1,-1,-1
29,10,353.93,472.60,46.65,112.38,0.63,-1,-1,-1
29,11,643.95,340.03,32.36,80.17,0.59,-1,-1,-1
29,12,814.50,382.99,37.51,75.05,0.60,-1,-1,-1
29,14,837.16,294.54,27.74,71.46,0.67,-1,-1,-1
29,15,716.90,367.32,35.92,91.91,0.78,-1,-1,-1
29,16,773.83,312.09,23.11,60.45,0.59,-1,-1,-1
29,17,570.50,339.27,33.56,88.06,0.66,-1,-1,-1
29,18,142.78,377.85,51.16,61.34,0.50,-1,-1,-1
29,19,741.07,279.28,22.40,35.04,0.55,-1,-1,-1
29,20,170.96,542.87,45.69,73.58,0.63,-1,-1,-1
30,1,19.39,293.18,26.80,53.85,0.69,-1,-1,-1
30,2,783.29,168.09,16.70,30.93,0.54,-1,-1,-1
30,3,293.81,484.36,38.55,106.23,0.69,-1,-1,-1
30,4,111.44,391.08,32.64,71.99,0.77,-1,-1,-1
30,5,555.39,656.87,43.99,90.00,0.56,-1,-1,-1
30,6,491.00,656.30,52.56,91.94,0.54,-1,-1,-1
30,7,493.98,474.37,42.11,121.38,0.67,-1,-1,-1
30,8,2.83,467.47,53.55,60.97,0.62,-1,-1,-1
30,9,373.97,246.00,17.92,38.31,0.58,-1,-1,-1
30,10,353.23,472.38,46.79,111.94,0.67,-1,-1,-1
30,11,642.68,339.15,33.46,82.93,0.53,-1,-1,-1
30,12,801.95,379.20,36.97,73.32,0.64,-1,-1,-1
30,14,832.97,293.72,28.12,71.64,0.57,-1,-1,-1
30,15,717.21,364.16,35.76,93.18,0.79,-1,-1,-1
30,16,771.33,311.30,22.70,59.42,0.53,-1,-1,-1
30,17,569.69,342.10,32.59,86.16,0.65,-1,-1,-1
30,18,139.15,377.83,50.64,61.36,0.38,-1,-1,-1
30,19,740.77,279.24,22.16,34.48,0.54,-1,-1,-1
30,20,172.02,542.56,44.42,71.58,0.63,-1,-1,-1
31,1,18.93,293.68,26.95,54.40,0.69,-1,-1,-1
31,2,783.19,167.84,16.54,30.71,0.55,-1,-1,-1
31,3,293.46,484.31,38.78,106.90,0.68,-1,-1,-1
31,4,111.13,390.56,32.94,72.39,0.75,-1,-1,-1
31,5,554.35,656.33,44.51,92.39,0.58,-1,-1,-1
31,6,489.66,655.87,52.97,93.29,0.55,-1,-1,-1
31,7,492.94,473.77,42.04,122.72,0.59,-1,-1,-1
31,8,2.93,467.31,53.44,61.16,0.63,-1,-1,-1
31,9,374.58,246.03,17.75,37.92,0.57,-1,-1,-1
31,10,352.39,471.97,47.35,112.68,0.64,-1,-1,-1
31,11,640.91,340.10,34.52,85.54,0.50,-1,-1,-1
31,12,794.84,376.32,36.43,70.71,0.68,-1,-1,-1
31,14,827.94,294.95,28.39,71.10,0.55,-1,-1,-1
31,15,718.09,361.00,35.25,93.43,0.62,-1,-1,-1
31,16,767.78,310.38,23.97,61.98,0.67,-1,-1,-1
31,17,568.76,343.88,32.03,85.05,0.66,-1,-1,-1
31,18,146.47,377.94,45.71,55.41,0.49,-1,-1,-1
31,19,740.27,279.06,22.09,34.15,0.56,-1,-1,-1
31,20,169.73,542.35,44.46,71.53,0.63,-1,-1,-1
31,21,827.40,715.14,39.79,40.86,0.59,-1,-1,-1
32,1,18.57,294.52,27.19,55.34,0.68,-1,-1,-1
32,2,783.15,167.48,16.54,30.79,0.56,-1,-1,-1
32,3,295.16,483.76,33.39,89.00,0.70,-1,-1,-1
32,4,110.22,390.07,33.17,72.50,0.79,-1,-1,-1
32,5,554.48,655.61,44.41,92.95,0.63,-1,-1,-1
32,6,488.46,655.49,52.98,93.69,0.53,-1,-1,-1
32,7,492.38,473.15,41.54,122.58,0.55,-1,-1,-1
32,8,2.72,466.92,53.07,61.11,0.62,-1,-1,-1
32,9,375.09,245.98,17.70,37.60,0.55,-1,-1,-1
32,10,351.49,471.62,48.08,113.85,0.64,-1,-1,-1
32,11,641.76,340.06,33.58,83.26,0.50,-1,-1,-1
32,12,786.55,375.83,34.04,65.32,0.67,-1,-1,-1
32,14,824.68,294.87,29.04,71.87,0.58,-1,-1,-1
32,15,718.64,357.85,33.96,90.86,0.69,-1,-1,-1
32,16,762.55,310.06,25.61,66.42,0.45,-1,-1,-1
32,17,567.05,344.52,32.04,84.50,0.70,-1,-1,-1
32,18,153.21,377.82,39.06,47.08,0.63,-1,-1,-1
32,19,740.18,279.04,22.28,34.31,0.55,-1,-1,-1
32,20,168.07,541.86,45.80,73.70,0.65,-1,-1,-1
32,21,825.89,714.83,40.11,41.17,0.59,-1,-1,-1
33,1,17.99,294.99,27.43,56.32,0.66,-1,-1,-1
33,2,782.85,166.46,16.72,31.22,0.54,-1,-1,-1
33,3,293.94,483.61,33.98,88.78,0.67,-1,-1,-1
33,4,109.71,389.96,33.23,72.34,0.77,-1,-1,-1
33,5,553.60,654.70,44.80,94.25,0.55,-1,-1,-1
33,6,486.65,655.02,53.43,94.92,0.50,-1,-1,-1
33,7,494.91,473.66,41.11,122.96,0.58,-1,-1,-1
33,8,3.08,466.30,53.02,61.23,0.58,-1,-1,-1
33,9,375.35,245.84,17.75,37.54,0.58,-1,-1,-1
33,10,351.16,471.07,48.20,113.57,0.67,-1,-1,-1
33,11,640.04,342.15,34.15,84.42,0.52,-1,-1,-1
33,12,781.28,374.59,34.17,65.12,0.63,-1,-1,-1
33,14,820.32,293.54,29.70,73.08,0.60,-1,-1,-1
33,15,718.81,355.65,33.13,89.57,0.65,-1,-1,-1
33,16,757.32,308.96,25.60,65.70,0.48,-1,-1,-1
33,17,565.58,343.32,32.89,86.54,0.72,-1,-1,-1
33,18,155.12,377.44,36.59,43.82,0.61,-1,-1,-1
33,19,740.05,278.94,22.46,34.46,0.52,-1,-1,-1
33,20,166.90,541.61,45.66,73.33,0.60,-1,-1,-1
33,21,824.45,714.46,40.54,41.54,0.59,-1,-1,-1
33,22,320.96,575.67,52.08,81.80,0.64,-1,-1,-1
34,1,17.05,295.18,26.85,55.64,0.55,-1,-1,-1
34,2,782.90,166.32,16.58,31.08,0.56,-1,-1,-1
34,3,292.35,482.72,36.15,93.42,0.68,-1,-1,-1
34,4,109.17,389.90,33.18,71.96,0.76,-1,-1,-1
34,5,552.83,653.93,44.62,94.13,0.54,-1,-1,-1
34,6,484.79,654.63,53.93,96.13,0.51,-1,-1,-1
34,7,494.69,473.46,40.27,121.78,0.53,-1,-1,-1
34,8,2.84,465.82,53.21,61.49,0.59,-1,-1,-1
34,9,375.60,245.57,17.78,37.56,0.62,-1,-1,-1
34,10,349.15,470.51,49.13,115.07,0.73,-1,-1,-1
34,11,642.05,341.22,33.87,84.07,0.53,-1,-1,-1
34,12,775.86,370.42,35.83,69.10,0.57,-1,-1,-1
34,14,817.91,292.02,29.57,72.68,0.61,-1,-1,-1
34,15,719.01,354.30,32.42,88.46,0.58,-1,-1,-1
34,16,754.84,312.09,25.88,66.86,0.28,-1,-1,-1
34,17,562.75,336.08,36.77,98.26,0.70,-1,-1,-1
34,18,155.50,377.11,35.82,42.78,0.65,-1,-1,-1
34,19,739.84,278.77,22.64,34.72,0.49,-1,-1,-1
34,20,166.51,541.26,45.11,72.34,0.57,-1,-1,-1
34,21,822.64,713.94,41.15,42.06,0.60,-1,-1,-1
34,22,320.40,574.40,52.69,82.72,0.61,-1,-1,-1
35,1,16.30,294.85,26.98,56.26,0.55,-1,-1,-1
35,2,783.03,166.32,16.32,30.69,0.56,-1,-1,-1
35,3,290.27,481.54,39.86,103.10,0.62,-1,-1,-1
35,4,108.71,389.65,33.23,71.85,0.75,-1,-1,-1
35,5,550.78,653.06,44.87,95.76,0.53,-1,-1,-1
35,6,483.03,653.00,54.18,96.27,0.56,-1,-1,-1
35,7,488.99,472.71,37.75,113.20,0.64,-1,-1,-1
35,8,2.52,465.19,53.17,61.78,0.58,-1,-1,-1
35,9,375.77,244.97,17.98,38.16,0.58,-1,-1,-1
35,10,347.83,470.10,49.81,116.19,0.73,-1,-1,-1
35,11,643.96,342.16,32.79,81.68,0.51,-1,-1,-1
35,12,769.47,358.28,40.60,80.95,0.59,-1,-1,-1
35,14,815.64,291.44,29.27,72.17,0.58,-1,-1,-1
35,15,718.83,352.96,32.14,88.52,0.49,-1,-1,-1
35,16,751.46,310.08,28.10,71.10,0.41,-1,-1,-1
35,17,562.67,345.63,34.53,92.73,0.71,-1,-1,-1
35,18,155.19,376.82,35.93,42.89,0.65,-1,-1,-1
35,19,739.80,278.81,22.83,34.88,0.42,-1,-1,-1
35,20,165.71,540.41,46.29,74.23,0.59,-1,-1,-1
35,21,821.06,713.47,41.76,42.53,0.63,-1,-1,-1
35,22,317.96,573.77,53.33,83.69,0.62,-1,-1,-1
36,1,15.50,294.90,26.67,56.14,0.57,-1,-1,-1
36,2,783.27,166.45,15.98,30.16,0.56,-1,-1,-1
36,3,290.77,481.58,37.72,96.12,0.57,-1,-1,-1
36,4,108.41,389.59,33.08,71.31,0.70,-1,-1,-1
36,5,549.63,652.84,44.45,95.87,0.54,-1,-1,-1
36,6,481.74,652.04,54.57,96.69,0.61,-1,-1,-1
36,7,487.34,471.96,37.18,111.13,0.61,-1,-1,-1
36,8,2.40,464.64,53.70,62.29,0.59,-1,-1,-1
36,9,375.96,244.27,18.05,38.61,0.58,-1,-1,-1
36,10,347.71,469.06,49.46,114.58,0.73,-1,-1,-1
36,11,646.46,342.58,31.00,77.44,0.50,-1,-1,-1
36,12,765.79,346.80,42.43,88.50,0.50,-1,-1,-1
36,14,813.10,290.35,28.29,70.65,0.60,-1,-1,-1
36,15,718.27,350.61,31.73,87.92,0.42,-1,-1,-1
36,16,744.80,310.90,29.16,71.55,0.65,-1,-1,-1
36,17,562.91,351.64,33.27,89.67,0.74,-1,-1,-1
36,18,154.60,376.11,36.50,43.64,0.63,-1,-1,-1
36,19,740.16,278.38,22.81,34.83,0.39,-1,-1,-1
36,20,166.59,539.92,46.13,74.26,0.59,-1,-1,-1
36,21,819.60,713.23,42.10,42.73,0.66,-1,-1,-1
36,22,317.52,573.94,52.78,82.88,0.62,-1,-1,-1
36,23,683.09,363.14,35.22,90.57,0.63,-1,-1,-1
37,1,14.97,295.10,26.11,54.76,0.59,-1,-1,-1
37,2,783.23,167.49,15.49,29.10,0.54,-1,-1,-1
37,3,291.30,480.89,35.47,88.42,0.52,-1,-1,-1
37,4,107.60,389.27,33.22,71.25,0.70,-1,-1,-1
37,5,550.34,652.32,43.61,94.65,0.60,-1,-1,-1
37,6,480.92,650.75,55.10,97.40,0.59,-1,-1,-1
37,7,486.41,471.23,38.56,114.66,0.59,-1,-1,-1
37,8,2.91,464.78,53.46,61.85,0.59,-1,-1,-1
37,9,376.26,243.82,18.04,38.78,0.57,-1,-1,-1
37,10,347.02,469.17,49.87,115.17,0.75,-1,-1,-1
37,11,648.80,342.35,29.01,72.45,0.51,-1,-1,-1
37,12,764.00,336.04,43.15,93.28,0.49,-1,-1,-1
37,14,810.29,289.70,26.65,67.46,0.53,-1,-1,-1
37,15,718.64,347.67,31.58,87.32,0.46,-1,-1,-1
37,16,739.27,311.57,29.04,69.78,0.50,-1,-1,-1
37,17,563.13,353.80,32.82,88.68,0.75,-1,-1,-1
37,18,154.75,375.73,36.01,43.15,0.62,-1,-1,-1
37,19,740.03,277.94,23.09,35.21,0.39,-1,-1,-1
37,20,166.66,539.68,44.98,72.35,0.60,-1,-1,-1
37,21,818.92,713.09,42.19,42.62,0.62,-1,-1,-1
37,22,315.48,572.54,53.68,84.36,0.58,-1,-1,-1
37,23,684.20,362.67,35.67,91.77,0.59,-1,-1,-1
37,24,1025.30,708.04,49.49,47.32,0.68,-1,-1,-1
37,25,296.38,385.77,35.75,49.82,0.64,-1,-1,-1
38,1,14.39,295.16,26.61,55.70,0.66,-1,-1,-1
38,2,783.09,167.33,15.51,29.01,0.52,-1,-1,-1
38,3,290.94,479.88,35.03,85.67,0.51,-1,-1,-1
38,4,107.08,388.66,33.40,71.46,0.65,-1,-1,-1
38,5,548.58,652.45,42.83,93.39,0.59,-1,-1,-1
38,6,480.23,649.51,55.37,97.91,0.58,-1,-1,-1
38,7,483.96,470.96,39.08,115.59,0.68,-1,-1,-1
38,8,3.09,464.24,53.57,62.01,0.58,-1,-1,-1
38,9,376.23,244.21,17.61,37.99,0.62,-1,-1,-1
38,10,346.54,469.10,49.57,114.25,0.75,-1,-1,-1
38,11,651.29,342.13,26.15,64.88,0.51,-1,-1,-1
38,12,762.00,328.91,42.14,93.84,0.49,-1,-1,-1
38,14,806.56,288.44,27.21,69.70,0.53,-1,-1,-1
38,15,719.10,343.57,30.15,82.45,0.50,-1,-1,-1
38,16,737.04,312.19,26.34,63.28,0.38,-1,-1,-1
38,17,563.50,354.87,32.54,87.94,0.81,-1,-1,-1
38,18,154.64,375.55,35.76,43.03,0.63,-1,-1,-1
38,19,740.68,277.55,22.13,33.58,0.45,-1,-1,-1
38,20,164.58,539.17,46.32,74.51,0.63,-1,-1,-1
38,21,817.68,712.93,42.54,42.80,0.62,-1,-1,-1
38,22,314.66,571.60,53.59,84.27,0.62,-1,-1,-1
38,23,684.45,362.50,36.27,93.42,0.65,-1,-1,-1
38,24,1014.13,703.69,53.94,51.69,0.62,-1,-1,-1
38,25,295.86,384.65,36.44,50.86,0.66,-1,-1,-1
39,1,14.38,295.35,27.01,56.31,0.69,-1,-1,-1
39,2,782.38,166.92,15.56,28.91,0.55,-1,-1,-1
39,3,289.23,479.30,36.51,88.69,0.50,-1,-1,-1
39,4,106.41,388.25,33.46,71.42,0.63,-1,-1,-1
39,5,548.16,651.50,42.33,92.73,0.55,-1,-1,-1
39,6,478.48,648.31,55.89,99.19,0.59,-1,-1,-1
39,7,481.63,470.60,40.67,118.12,0.70,-1,-1,-1
39,8,2.28,464.02,54.08,62.56,0.59,-1,-1,-1
39,9,376.31,244.66,17.12,37.05,0.66,-1,-1,-1
39,10,345.85,469.10,49.22,113.31,0.73,-1,-1,-1
39,11,652.71,342.03,24.26,59.56,0.50,-1,-1,-1
39,12,760.22,325.37,39.90,91.17,0.62,-1,-1,-1
39,14,803.41,288.28,27.51,70.88,0.55,-1,-1,-1
39,15,719.23,344.13,29.27,77.95,0.59,-1,-1,-1
39,16,733.63,310.75,24.92,59.03,0.59,-1,-1,-1
39,17,563.72,352.23,33.44,90.56,0.78,-1,-1,-1
39,18,154.66,375.57,35.61,42.98,0.64,-1,-1,-1
39,19,740.50,277.17,21.89,33.13,0.47,-1,-1,-1
39,20,163.79,538.96,45.69,73.43,0.60,-1,-1,-1
39,21,815.48,712.49,42.99,43.25,0.58,-1,-1,-1
39,22,316.25,571.94,51.31,80.79,0.61,-1,-1,-1
39,23,683.78,363.08,37.17,95.97,0.67,-1,-1,-1
39,24,1002.14,698.46,59.07,56.97,0.64,-1,-1,-1
39,25,294.44,381.93,38.29,53.66,0.65,-1,-1,-1
40,1,14.35,295.98,27.35,56.90,0.75,-1,-1,-1
40,2,781.36,165.72,16.35,30.43,0.59,-1,-1,-1
40,3,287.46,478.86,37.42,90.53,0.51,-1,-1,-1
40,4,106.18,387.72,33.37,71.31,0.61,-1,-1,-1
40,5,548.33,649.62,43.97,96.10,0.56,-1,-1,-1
40,6,477.72,647.71,55.74,99.24,0.57,-1,-1,-1
40,7,480.34,470.34,41.63,118.94,0.70,-1,-1,-1
40,8,1.14,463.59,54.08,62.38,0.58,-1,-1,-1
40,9,376.08,244.07,16.94,36.83,0.64,-1,-1,-1
40,10,345.02,468.56,49.03,113.17,0.76,-1,-1,-1
40,11,652.47,342.34,25.21,61.88,0.51,-1,-1,-1
40,12,759.33,326.89,36.82,85.41,0.45,-1,-1,-1
40,14,800.44,288.71,27.78,71.69,0.60,-1,-1,-1
40,15,717.44,346.03,29.55,77.90,0.54,-1,-1,-1
40,16,727.35,311.20,25.92,61.34,0.45,-1,-1,-1
40,17,564.60,358.25,32.06,86.39,0.76,-1,-1,-1
40,18,154.54,375.56,35.67,43.12,0.66,-1,-1,-1
40,19,739.46,276.94,22.50,33.99,0.44,-1,-1,-1
40,20,161.52,539.30,46.36,74.46,0.53,-1,-1,-1
40,21,813.28,711.96,43.70,43.94,0.53,-1,-1,-1
40,22,315.24,571.95,50.46,79.13,0.55,-1,-1,-1
40,23,682.46,366.53,36.95,95.71,0.72,-1,-1,-1
40,24,990.93,694.17,63.27,61.57,0.68,-1,-1,-1
40,25,293.43,380.08,39.29,55.46,0.62,-1,-1,-1
41,1,14.69,296.28,27.18,56.55,0.69,-1,-1,-1
41,2,781.05,167.04,15.31,28.25,0.60,-1,-1,-1
41,3,285.58,478.55,38.07,91.26,0.62,-1,-1,-1
41,4,105.44,387.45,33.27,71.02,0.55,-1,-1,-1
41,5,546.53,649.63,43.51,95.02,0.57,-1,-1,-1
41,6,476.01,647.48,55.30,98.82,0.63,-1,-1,-1
41,7,478.79,469.92,42.63,119.73,0.69,-1,-1,-1
41,8,0.95,463.30,53.59,61.60,0.60,-1,-1,-1
41,9,375.89,243.88,16.66,36.20,0.64,-1,-1,-1
41,10,343.89,468.31,49.02,113.48,0.64,-1,-1,-1
41,11,652.05,343.05,26.21,64.52,0.50,-1,-1,-1
41,12,756.89,328.65,35.36,81.89,0.35,-1,-1,-1
41,14,796.94,289.47,27.78,70.98,0.56,-1,-1,-1
41,15,717.17,349.07,29.11,75.96,0.68,-1,-1,-1
41,16,724.09,310.22,24.19,57.42,0.58,-1,-1,-1
41,17,565.83,364.92,30.27,80.68,0.72,-1,-1,-1
41,18,153.98,375.27,36.14,43.76,0.60,-1,-1,-1
41,19,738.91,276.60,22.61,34.43,0.38,-1,-1,-1
41,20,158.24,539.01,48.41,78.33,0.55,-1,-1,-1
41,21,810.92,711.14,44.52,44.82,0.61,-1,-1,-1
41,22,307.33,574.64,52.49,83.22,0.54,-1,-1,-1
41,23,681.75,369.25,36.23,94.11,0.67,-1,-1,-1
41,24,981.09,691.19,65.45,64.44,0.75,-1,-1,-1
41,25,291.95,378.97,39.68,56.48,0.56,-1,-1,-1
42,1,15.16,296.95,26.17,54.88,0.68,-1,-1,-1
42,2,780.51,166.85,15.59,28.73,0.62,-1,-1,-1
42,3,284.74,478.64,37.18,88.04,0.64,-1,-1,-1
42,4,103.46,387.83,32.31,68.89,0.68,-1,-1,-1
42,5,545.75,649.46,42.85,93.15,0.52,-1,-1,-1
42,6,474.67,647.21,54.85,98.30,0.70,-1,-1,-1
42,7,476.84,469.59,42.85,118.27,0.70,-1,-1,-1
42,8,0.42,463.52,52.71,60.66,0.54,-1,-1,-1
42,9,375.31,243.06,16.60,36.00,0.64,-1,-1,-1
42,10,343.38,468.11,48.63,112.85,0.64,-1,-1,-1
42,11,648.26,343.71,32.99,83.25,0.60,-1,-1,-1
42,12,753.76,331.41,34.82,79.69,0.36,-1,-1,-1
42,14,792.73,290.20,27.15,69.85,0.51,-1,-1,-1
42,15,716.12,349.28,29.59,76.53,0.61,-1,-1,-1
42,16,721.58,311.67,22.28,53.20,0.59,-1,-1,-1
42,17,566.30,365.52,30.11,79.82,0.73,-1,-1,-1
42,18,149.78,374.92,39.13,46.99,0.58,-1,-1,-1
42,19,738.31,274.94,23.55,35.85,0.41,-1,-1,-1
42,20,156.70,538.42,49.36,80.06,0.60,-1,-1,-1
42,21,809.15,711.20,44.44,44.79,0.58,-1,-1,-1
42,22,308.80,573.22,51.20,81.15,0.50,-1,-1,-1
42,23,682.41,370.55,32.33,83.44,0.64,-1,-1,-1
42,24,971.33,688.02,67.95,67.60,0.67,-1,-1,-1
42,25,291.42,380.18,38.40,55.17,0.56,-1,-1,-1
43,1,15.59,297.29,26.27,55.65,0.62,-1,-1,-1
43,2,780.60,167.52,15.16,27.79,0.63,-1,-1,-1
43,3,283.47,478.60,38.14,90.06,0.74,-1,-1,-1
43,4,102.19,387.98,32.13,68.39,0.72,-1,-1,-1
43,5,540.56,648.65,43.26,94.74,0.62,-1,-1,-1
43,6,473.42,646.97,54.53,97.64,0.70,-1,-1,-1
43,7,476.33,469.50,43.79,119.80,0.73,-1,-1,-1
43,8,0.32,463.79,52.06,60.03,0.59,-1,-1,-1
43,9,374.63,243.05,16.36,35.35,0.61,-1,-1,-1
43,10,342.65,467.89,48.31,112.16,0.58,-1,-1,-1
43,11,647.45,345.04,34.57,88.80,0.66,-1,-1,-1
43,12,751.80,332.91,35.28,81.11,0.27,-1,-1,-1
43,14,789.22,288.52,28.17,72.70,0.62,-1,-1,-1
43,15,715.40,351.46,29.00,74.22,0.51,-1,-1,-1
43,16,716.83,312.35,22.06,53.15,0.63,-1,-1,-1
43,17,566.12,359.92,31.99,85.32,0.70,-1,-1,-1
43,18,147.06,374.75,40.18,47.43,0.53,-1,-1,-1
43,19,737.76,275.29,23.20,35.46,0.48,-1,-1,-1
43,20,155.68,537.67,49.42,80.45,0.61,-1,-1,-1
43,21,807.17,711.16,44.58,44.84,0.57,-1,-1,-1
43,22,309.22,571.66,50.66,80.38,0.57,-1,-1,-1
43,23,681.73,370.30,31.48,80.83,0.67,-1,-1,-1
43,24,961.00,685.02,70.15,70.86,0.71,-1,-1,-1
43,25,290.32,381.61,37.11,53.74,0.54,-1,-1,-1
44,1,15.93,297.08,26.05,55.81,0.60,-1,-1,-1
44,2,780.58,168.53,14.62,26.56,0.57,-1,-1,-1
44,3,281.34,477.57,40.25,95.60,0.77,-1,-1,-1
44,4,100.31,387.86,31.94,68.08,0.73,-1,-1,-1
44,5,542.11,649.37,39.98,87.52,0.64,-1,-1,-1
44,6,471.87,647.01,54.73,97.79,0.64,-1,-1,-1
44,7,476.55,469.30,44.17,121.11,0.78,-1,-1,-1
44,8,0.00,464.12,50.34,59.03,0.51,-1,-1,-1
44,9,373.85,242.36,16.38,35.29,0.61,-1,-1,-1
44,10,341.04,467.43,48.10,111.94,0.62,-1,-1,-1
44,11,647.08,345.69,34.98,91.05,0.72,-1,-1,-1
44,12,750.03,343.24,32.63,76.20,0.31,-1,-1,-1
44,14,785.67,288.55,27.01,70.00,0.59,-1,-1,-1
44,15,716.21,348.12,29.25,74.35,0.62,-1,-1,-1
44,16,711.11,312.63,20.64,49.63,0.53,-1,-1,-1
44,17,566.42,360.64,31.76,85.13,0.66,-1,-1,-1
44,18,143.49,374.58,42.20,50.88,0.55,-1,-1,-1
44,19,736.80,274.73,23.31,35.84,0.51,-1,-1,-1
44,20,153.88,537.80,51.21,83.72,0.67,-1,-1,-1
44,21,804.91,710.59,45.17,45.41,0.63,-1,-1,-1
44,22,307.80,570.08,50.86,80.97,0.63,-1,-1,-1
44,23,679.34,370.76,34.54,89.34,0.60,-1,-1,-1
44,24,948.56,680.07,72.73,75.11,0.66,-1,-1,-1
44,25,290.56,383.38,35.59,51.89,0.57,-1,-1,-1
45,1,15.71,296.79,26.45,57.02,0.71,-1,-1,-1
45,2,780.05,167.61,15.13,27.47,0.63,-1,-1,-1
45,3,280.00,476.72,40.66,97.07,0.75,-1,-1,-1
45,4,97.91,387.26,32.39,69.43,0.75,-1,-1,-1
45,5,539.21,648.54,41.76,92.54,0.63,-1,-1,-1
45,6,469.76,646.60,55.07,98.28,0.64,-1,-1,-1
45,7,475.37,469.25,44.22,120.69,0.67,-1,-1,-1
45,8,0.00,463.65,50.08,59.61,0.50,-1,-1,-1
45,9,372.70,241.25,16.74,35.89,0.59,-1,-1,-1
45,10,338.28,466.42,48.57,113.10,0.57,-1,-1,-1
45,11,646.65,345.67,35.09,91.95,0.68,-1,-1,-1
45,12,746.75,341.92,34.79,83.32,0.36,-1,-1,-1
45,14,780.50,288.69,26.89,69.89,0.60,-1,-1,-1
45,15,715.57,345.97,30.57,78.05,0.60,-1,-1,-1
45,16,702.88,312.90,23.75,57.63,0.54,-1,-1,-1
45,17,566.04,366.36,31.49,84.48,0.61,-1,-1,-1
45,18,140.82,374.77,43.73,52.99,0.57,-1,-1,-1
45,19,733.80,274.09,23.84,36.74,0.53,-1,-1,-1
45,20,152.44,537.84,51.25,84.12,0.61,-1,-1,-1
45,21,803.10,710.14,45.80,45.86,0.65,-1,-1,-1
45,22,305.74,571.25,50.07,80.61,0.58,-1,-1,-1
45,23,677.92,373.03,34.62,90.01,0.65,-1,-1,-1
45,24,935.94,676.26,73.92,78.33,0.74,-1,-1,-1
45,25,290.53,384.24,34.54,50.64,0.53,-1,-1,-1
45,26,529.14,265.24,27.23,49.46,0.58,-1,-1,-1
46,1,15.47,297.21,26.67,57.85,0.70,-1,-1,-1
46,2,779.92,167.85,14.95,27.05,0.63,-1,-1,-1
46,3,278.93,476.95,40.24,96.55,0.69,-1,-1,-1
46,4,95.51,386.46,33.67,73.22,0.76,-1,-1,-1
46,5,541.66,648.92,38.73,84.93,0.56,-1,-1,-1
46,6,467.05,646.16,55.40,98.70,0.52,-1,-1,-1
46,7,474.75,469.78,33.19,83.00,0.62,-1,-1,-1
46,8,0.00,462.66,50.49,61.55,0.53,-1,-1,-1
46,9,371.68,240.83,16.83,35.87,0.57,-1,-1,-1
46,10,337.09,466.79,48.20,111.88,0.61,-1,-1,-1
46,11,646.15,345.73,35.29,92.48,0.65,-1,-1,-1
46,12,746.81,347.53,32.81,79.40,0.41,-1,-1,-1
46,14,776.25,288.90,26.12,67.58,0.64,-1,-1,-1
46,15,714.72,346.08,30.41,78.04,0.60,-1,-1,-1
46,16,696.31,312.56,25.94,64.13,0.53,-1,-1,-1
46,17,566.35,371.45,30.99,82.90,0.58,-1,-1,-1
46,18,137.91,374.75,45.39,54.95,0.59,-1,-1,-1
46,19,732.51,273.75,23.92,36.99,0.47,-1,-1,-1
46,20,151.32,537.69,50.55,83.27,0.61,-1,-1,-1
46,21,800.87,709.50,46.34,46.50,0.66,-1,-1,-1
46,22,304.67,570.45,50.01,80.39,0.65,-1,-1,-1
46,23,677.31,376.25,33.84,88.38,0.59,-1,-1,-1
46,24,925.08,673.30,74.05,80.94,0.81,-1,-1,-1
46,25,288.70,383.81,34.83,51.08,0.58,-1,-1,-1
46,26,527.17,265.13,27.22,49.49,0.55,-1,-1,-1
47,1,15.63,298.02,26.80,58.56,0.71,-1,-1,-1
47,2,779.40,166.87,15.20,27.40,0.58,-1,-1,-1
47,3,276.15,476.79,42.17,101.89,0.67,-1,-1,-1
47,4,93.64,386.35,33.70,74.06,0.77,-1,-1,-1
47,5,538.52,648.05,40.08,88.24,0.58,-1,-1,-1
47,6,464.98,646.01,55.61,98.75,0.61,-1,-1,-1
47,7,474.21,470.29,43.44,109.80,0.63,-1,-1,-1
47,8,0.00,461.95,48.82,62.74,0.53,-1,-1,-1
47,9,369.48,238.41,18.19,38.84,0.60,-1,-1,-1
47,10,336.08,466.84,48.03,111.33,0.63,-1,-1,-1
47,11,644.27,347.42,34.61,90.63,0.57,-1,-1,-1
47,12,746.09,348.67,32.36,78.89,0.35,-1,-1,-1
47,14,771.84,289.98,26.42,67.91,0.58,-1,-1,-1
47,15,714.60,345.99,29.69,76.43,0.58,-1,-1,-1
47,16,691.48,311.67,24.49,61.32,0.56,-1,-1,-1
47,17,566.35,370.02,32.30,87.36,0.50,-1,-1,-1
47,18,138.48,374.80,45.08,54.98,0.59,-1,-1,-1
47,19,733.50,274.02,23.32,36.34,0.49,-1,-1,-1
47,20,149.31,536.47,49.89,82.74,0.67,-1,-1,-1
47,21,798.63,708.97,46.64,46.80,0.63,-1,-1,-1
47,22,303.32,568.57,50.77,81.22,0.68,-1,-1,-1
47,23,676.33,376.49,33.78,88.38,0.57,-1,-1,-1
47,24,914.31,671.01,73.71,83.46,0.82,-1,-1,-1
47,25,286.63,381.63,36.28,53.14,0.65,-1,-1,-1
47,26,526.45,265.24,27.30,49.69,0.52,-1,-1,-1
48,1,15.87,299.54,26.43,57.92,0.70,-1,-1,-1
48,2,778.47,166.64,15.22,27.42,0.61,-1,-1,-1
48,3,275.94,476.55,39.76,95.29,0.66,-1,-1,-1
48,4,92.03,386.62,33.20,73.09,0.76,-1,-1,-1
48,5,534.80,647.79,41.06,90.48,0.56,-1,-1,-1
48,6,463.37,645.67,55.55,98.71,0.66,-1,-1,-1
48,7,473.61,471.09,45.22,115.39,0.55,-1,-1,-1
48,8,0.00,462.49,48.84,62.89,0.60,-1,-1,-1
48,9,368.05,237.51,18.55,39.64,0.57,-1,-1,-1
48,10,333.83,466.21,48.34,110.98,0.66,-1,-1,-1
48,11,642.27,347.20,35.20,91.09,0.62,-1,-1,-1
48,12,742.85,346.46,33.39,81.48,0.33,-1,-1,-1
48,14,769.16,289.74,26.00,67.04,0.60,-1,-1,-1
48,15,712.18,346.07,29.89,77.27,0.59,-1,-1,-1
48,16,687.10,311.31,23.72,59.60,0.51,-1,-1,-1
48,17,565.77,368.68,32.55,88.72,0.67,-1,-1,-1
48,18,139.56,374.69,44.07,54.11,0.59,-1,-1,-1
48,19,733.19,274.15,23.16,36.14,0.51,-1,-1,-1
48,20,147.98,536.87,50.20,83.18,0.64,-1,-1,-1
48,21,796.38,707.90,47.60,48.01,0.57,-1,-1,-1
48,22,301.93,567.33,51.24,81.35,0.64,-1,-1,-1
48,23,676.29,381.43,32.03,83.39,0.45,-1,-1,-1
48,24,903.17,667.85,74.50,87.34,0.85,-1,-1,-1
48,25,286.29,382.28,35.74,52.35,0.63,-1,-1,-1
48,26,525.45,265.01,27.75,50.66,0.52,-1,-1,-1
49,1,15.78,301.08,26.09,57.03,0.69,-1,-1,-1
49,2,777.78,166.98,15.30,27.49,0.60,-1,-1,-1
49,3,273.02,476.70,40.33,96.47,0.57,-1,-1,-1
49,4,90.04,386.92,33.11,72.29,0.72,-1,-1,-1
49,5,533.40,646.49,38.84,84.92,0.55,-1,-1,-1
49,6,461.73,645.59,55.67,99.66,0.57,-1,-1,-1
49,7,468.83,470.78,45.13,114.79,0.62,-1,-1,-1
49,8,0.00,462.22,47.53,62.02,0.61,-1,-1,-1
49,9,366.24,236.76,18.62,39.59,0.61,-1,-1,-1
49,10,332.18,465.88,48.72,110.89,0.75,-1,-1,-1
49,11,640.36,347.42,35.20,91.11,0.61,-1,-1,-1
49,12,745.85,345.77,33.72,81.84,0.64,-1,-1,-1
49,14,764.72,289.76,26.79,68.62,0.62,-1,-1,-1
49,15,710.79,346.08,29.86,77.21,0.62,-1,-1,-1
49,16,681.34,311.23,25.90,65.53,0.51,-1,-1,-1
49,17,564.93,368.05,32.63,89.93,0.66,-1,-1,-1
49,18,137.82,374.12,44.37,54.96,0.55,-1,-1,-1
49,19,731.81,273.54,23.62,36.80,0.61,-1,-1,-1
49,20,146.49,536.82,50.66,84.19,0.66,-1,-1,-1
49,21,792.63,706.52,48.58,49.41,0.54,-1,-1,-1
49,22,299.54,566.84,51.53,81.15,0.61,-1,-1,-1
49,23,674.78,380.72,32.41,83.88,0.48,-1,-1,-1
49,24,891.86,665.41,73.66,89.36,0.78,-1,-1,-1
49,25,283.18,379.31,37.91,55.28,0.57,-1,-1,-1
49,26,525.24,264.83,27.19,49.66,0.55,-1,-1,-1
49,27,288.34,661.39,44.87,28.18,0.57,-1,-1,-1
50,1,15.42,302.30,25.96,56.26,0.67,-1,-1,-1
50,2,777.45,167.38,15.32,27.33,0.54,-1,-1,-1
50,3,271.56,476.51,38.74,92.12,0.55,-1,-1,-1
50,4,88.01,387.17,32.75,71.36,0.66,-1,-1,-1
50,5,532.28,647.78,37.03,79.33,0.57,-1,-1,-1
50,6,460.68,645.40,55.05,99.44,0.52,-1,-1,-1
50,7,467.41,470.75,45.46,115.36,0.73,-1,-1,-1
50,8,0.00,462.35,45.93,61.57,0.60,-1,-1,-1
50,9,364.80,237.16,18.55,39.20,0.61,-1,-1,-1
50,10,330.53,466.56,49.14,111.60,0.77,-1,-1,-1
50,11,638.82,348.03,34.75,90.14,0.57,-1,-1,-1
50,12,747.56,346.72,33.05,79.84,0.65,-1,-1,-1
50,14,758.67,289.24,29.11,74.17,0.62,-1,-1,-1
50,15,709.54,346.30,29.66,76.42,0.59,-1,-1,-1
50,16,677.37,312.26,24.34,61.63,0.44,-1,-1,-1
50,17,563.47,367.78,32.45,89.86,0.69,-1,-1,-1
50,18,139.94,374.04,41.46,51.57,0.53,-1,-1,-1
50,19,730.68,273.22,23.67,36.89,0.55,-1,-1,-1
50,20,146.14,536.83,49.49,82.26,0.64,-1,-1,-1
50,21,789.78,706.29,48.56,49.68,0.54,-1,-1,-1
50,22,299.19,568.41,51.28,80.65,0.66,-1,-1,-1
50,23,673.20,379.87,32.86,84.76,0.46,-1,-1,-1
50,24,882.09,663.70,73.50,91.84,0.69,-1,-1,-1
50,25,281.19,378.42,38.64,56.18,0.53,-1,-1,-1
50,26,523.89,264.98,27.54,50.51,0.53,-1,-1,-1
50,27,287.11,661.80,43.94,27.58,0.50,-1,-1,-1
50,28,278.53,273.69,24.68,50.34,0.61,-1,-1,-1
51,1,14.94,302.64,26.22,56.31,0.70,-1,-1,-1
51,2,776.99,167.13,15.53,27.65,0.45,-1,-1,-1
51,3,270.26,476.30,39.23,92.90,0.55,-1,-1,-1
51,4,85.92,387.41,33.15,72.66,0.71,-1,-1,-1
51,5,530.24,648.08,37.55,79.60,0.59,-1,-1,-1
51,6,458.47,645.03,54.95,99.84,0.58,-1,-1,-1
51,7,465.87,470.82,45.77,115.99,0.77,-1,-1,-1
51,8,0.00,463.27,44.09,59.71,0.56,-1,-1,-1
51,9,363.52,236.99,18.68,39.24,0.66,-1,-1,-1
51,10,329.22,466.98,48.98,111.23,0.76,-1,-1,-1
51,11,637.64,349.00,33.97,88.65,0.62,-1,-1,-1
51,12,749.05,345.38,33.43,80.53,0.67,-1,-1,-1
51,14,755.88,290.77,28.02,70.79,0.56,-1,-1,-1
51,15,706.63,346.15,30.07,77.47,0.57,-1,-1,-1
51,16,671.46,313.88,25.13,63.95,0.46,-1,-1,-1
51,17,561.45,368.54,32.09,88.52,0.70,-1,-1,-1
51,18,132.35,374.09,45.55,55.75,0.51,-1,-1,-1
51,19,729.91,273.51,23.72,36.91,0.49,-1,-1,-1
51,20,143.93,537.07,49.84,83.08,0.63,-1,-1,-1
51,21,787.53,707.44,47.30,48.55,0.61,-1,-1,-1
51,22,297.10,567.58,51.96,81.30,0.57,-1,-1,-1
51,23,669.78,382.29,32.25,82.96,0.52,-1,-1,-1
51,24,872.47,661.60,72.58,93.78,0.78,-1,-1,-1
51,25,280.68,380.16,37.63,54.41,0.52,-1,-1,-1
51,26,520.89,264.81,28.49,52.66,0.49,-1,-1,-1
51,27,283.85,660.27,46.19,29.02,0.36,-1,-1,-1
51,28,277.71,273.47,24.86,50.58,0.49,-1,-1,-1
52,1,14.67,302.58,26.49,56.50,0.75,-1,-1,-1
52,2,776.74,167.84,15.18,26.87,0.46,-1,-1,-1
52,3,267.09,476.26,40.41,95.53,0.58,-1,-1,-1
52,4,82.84,387.22,32.05,71.48,0.73,-1,-1,-1
52,5,525.81,646.47,40.20,86.09,0.65,-1,-1,-1
52,6,454.72,644.46,55.26,99.94,0.56,-1,-1,-1
52,7,464.50,471.44,46.07,116.62,0.82,-1,-1,-1
52,8,0.00,462.85,43.20,60.29,0.56,-1,-1,-1
52,9,362.08,238.56,18.17,37.97,0.61,-1,-1,-1
52,10,327.80,467.13,48.87,111.49,0.73,-1,-1,-1
52,11,636.52,348.81,33.71,88.25,0.54,-1,-1,-1
52,12,749.83,341.89,35.36,85.90,0.65,-1,-1,-1
52,14,752.69,290.48,26.84,67.78,0.57,-1,-1,-1
52,15,706.22,346.43,29.95,77.06,0.50,-1,-1,-1
52,16,665.46,314.51,25.69,65.69,0.54,-1,-1,-1
52,17,559.14,369.02,32.08,87.55,0.67,-1,-1,-1
52,18,129.65,374.20,46.68,56.53,0.52,-1,-1,-1
52,19,729.25,274.47,22.78,35.52,0.48,-1,-1,-1
52,20,141.27,537.24,49.96,83.43,0.63,-1,-1,-1
52,21,784.87,707.53,47.30,48.47,0.60,-1,-1,-1
52,22,288.01,572.62,52.30,83.03,0.52,-1,-1,-1
52,23,667.52,380.71,32.84,84.45,0.53,-1,-1,-1
52,24,862.16,661.03,71.16,94.71,0.79,-1,-1,-1
52,25,280.45,381.94,36.66,53.41,0.48,-1,-1,-1
52,26,520.87,264.91,27.77,51.57,0.48,-1,-1,-1
52,27,281.51,660.36,45.97,28.92,0.51,-1,-1,-1
52,28,276.78,273.54,24.54,49.83,0.50,-1,-1,-1
53,1,14.57,302.30,27.09,57.39,0.76,-1,-1,-1
53,2,776.59,168.26,15.36,26.96,0.53,-1,-1,-1
53,3,266.56,476.32,38.30,89.75,0.69,-1,-1,-1
53,4,81.91,387.66,32.14,71.03,0.74,-1,-1,-1
53,5,520.65,645.97,42.65,91.83,0.58,-1,-1,-1
53,6,450.82,643.41,55.82,100.67,0.62,-1,-1,-1
53,7,463.36,471.93,46.30,117.13,0.82,-1,-1,-1
53,8,0.00,462.47,42.63,60.86,0.59,-1,-1,-1
53,9,360.27,239.49,17.54,36.77,0.51,-1,-1,-1
53,10,327.01,466.90,48.48,110.76,0.59,-1,-1,-1
53,11,635.36,349.34,33.50,88.14,0.57,-1,-1,-1
53,12,751.50,346.46,33.78,82.93,0.59,-1,-1,-1
53,14,749.91,289.72,26.60,66.78,0.60,-1,-1,-1
53,15,702.89,345.21,31.09,80.03,0.53,-1,-1,-1
53,16,659.38,314.13,26.11,66.62,0.50,-1,-1,-1
53,17,556.62,369.49,32.70,88.02,0.64,-1,-1,-1
53,18,134.74,374.38,41.28,50.10,0.58,-1,-1,-1
53,19,727.09,274.31,23.32,36.10,0.49,-1,-1,-1
53,20,139.13,537.30,50.58,84.32,0.64,-1,-1,-1
53,21,782.67,707.35,47.40,48.65,0.64,-1,-1,-1
53,22,280.24,576.57,51.70,82.67,0.40,-1,-1,-1
53,23,666.28,379.91,33.34,86.08,0.62,-1,-1,-1
53,24,853.65,659.82,69.66,95.67,0.77,-1,-1,-1
53,25,280.53,383.55,35.12,51.01,0.62,-1,-1,-1
53,26,522.25,266.14,27.10,50.28,0.46,-1,-1,-1
53,27,280.56,661.18,44.40,27.89,0.62,-1,-1,-1
53,28,274.14,274.37,26.17,53.04,0.49,-1,-1,-1
54,1,14.74,303.07,27.30,57.49,0.75,-1,-1,-1
54,2,776.06,168.22,15.50,27.08,0.54,-1,-1,-1
54,3,264.95,476.17,38.51,90.36,0.80,-1,-1,-1
54,4,80.52,387.73,32.16,70.14,0.68,-1,-1,-1
54,5,519.48,645.87,42.72,92.13,0.55,-1,-1,-1
54,6,447.37,642.90,56.39,100.78,0.70,-1,-1,-1
54,7,462.41,472.28,45.50,114.70,0.79,-1,-1,-1
54,8,0.00,461.60,38.52,61.77,0.54,-1,-1,-1
54,9,358.07,241.05,16.94,35.35,0.46,-1,-1,-1
54,10,324.96,466.88,48.51,111.25,0.61,-1,-1,-1
54,11,634.24,348.31,33.67,89.04,0.66,-1,-1,-1
54,12,754.75,352.11,31.31,76.83,0.59,-1,-1,-1
54,14,746.29,289.39,27.07,68.18,0.52,-1,-1,-1
54,15,701.19,344.92,31.49,81.02,0.59,-1,-1,-1
54,16,654.78,313.75,25.82,66.14,0.46,-1,-1,-1
54,17,553.41,369.91,33.31,89.53,0.59,-1,-1,-1
54,18,135.30,374.66,40.07,48.75,0.57,-1,-1,-1
54,19,725.29,273.77,23.61,36.61,0.56,-1,-1,-1
54,20,137.61,537.24,50.88,84.81,0.67,-1,-1,-1
54,21,780.11,707.67,46.97,48.33,0.61,-1,-1,-1
54,22,285.71,572.15,50.78,81.86,0.54,-1,-1,-1
54,23,665.10,376.86,34.08,88.64,0.66,-1,-1,-1
54,24,844.77,658.19,68.64,97.55,0.82,-1,-1,-1
54,25,279.77,383.15,35.13,51.09,0.69,-1,-1,-1
54,26,521.29,266.39,26.48,49.11,0.50,-1,-1,-1
54,27,278.01,660.44,45.43,28.56,0.36,-1,-1,-1
54,28,273.15,274.53,26.26,53.12,0.51,-1,-1,-1
55,1,15.44,304.09,27.33,57.18,0.73,-1,-1,-1
55,2,775.40,168.03,15.80,27.55,0.51,-1,-1,-1
55,3,262.01,476.00,40.68,96.58,0.75,-1,-1,-1
55,4,78.58,387.85,32.36,69.85,0.72,-1,-1,-1
55,5,517.37,645.88,44.35,96.46,0.52,-1,-1,-1
55,6,446.26,643.05,56.31,100.63,0.68,-1,-1,-1
55,7,460.88,472.38,45.22,114.13,0.79,-1,-1,-1
55,8,0.00,458.86,36.49,64.27,0.53,-1,-1,-1
55,9,356.71,242.25,16.53,34.45,0.57,-1,-1,-1
55,10,323.44,466.57,48.44,111.61,0.60,-1,-1,-1
55,11,632.56,349.33,32.95,86.89,0.68,-1,-1,-1
55,12,757.83,352.92,30.61,75.21,0.58,-1,-1,-1
55,14,742.26,289.11,27.58,70.01,0.57,-1,-1,-1
55,15,700.18,344.76,31.85,82.16,0.58,-1,-1,-1
55,16,650.70,313.96,25.79,66.58,0.53,-1,-1,-1
55,17,551.63,371.09,33.70,90.38,0.61,-1,-1,-1
55,18,136.73,374.13,37.75,46.14,0.56,-1,-1,-1
55,19,724.14,273.57,23.72,36.83,0.54,-1,-1,-1
55,20,136.17,537.03,51.07,85.17,0.64,-1,-1,-1
55,21,776.85,706.76,47.55,49.24,0.54,-1,-1,-1
55,22,287.38,569.77,50.27,81.23,0.59,-1,-1,-1
55,23,664.49,374.92,34.10,89.24,0.65,-1,-1,-1
55,24,835.58,656.73,66.90,98.07,0.81,-1,-1,-1
55,25,277.70,380.61,36.46,53.79,0.57,-1,-1,-1
55,26,520.41,266.16,26.43,48.97,0.51,-1,-1,-1
55,27,276.37,660.44,44.54,27.98,0.64,-1,-1,-1
55,28,272.73,274.61,25.51,51.65,0.48,-1,-1,-1
55,30,693.30,697.15,58.62,58.70,0.61,-1,-1,-1
56,1,15.95,305.14,27.32,56.85,0.74,-1,-1,-1
56,2,774.44,168.39,15.64,27.11,0.44,-1,-1,-1
56,3,259.33,475.89,43.09,103.55,0.71,-1,-1,-1
56,4,77.03,387.36,33.45,71.86,0.65,-1,-1,-1
56,5,515.51,645.31,40.84,88.29,0.56,-1,-1,-1
56,6,445.41,643.07,56.04,100.60,0.64,-1,-1,-1
56,7,459.87,472.52,45.35,115.22,0.77,-1,-1,-1
56,8,0.00,457.97,34.70,64.34,0.61,-1,-1,-1
56,9,355.55,242.60,16.35,34.15,0.65,-1,-1,-1
56,10,320.52,466.26,48.44,111.45,0.64,-1,-1,-1
56,11,630.48,349.46,32.71,86.09,0.63,-1,-1,-1
56,12,754.76,351.47,32.27,78.08,0.63,-1,-1,-1
56,14,739.05,289.00,27.33,70.00,0.57,-1,-1,-1
56,15,699.91,345.94,30.58,79.07,0.64,-1,-1,-1
56,16,645.71,316.30,26.41,68.61,0.51,-1,-1,-1
56,17,549.58,372.05,33.68,90.55,0.68,-1,-1,-1
56,18,133.58,374.11,39.93,48.47,0.53,-1,-1,-1
56,19,723.07,273.41,23.49,36.55,0.63,-1,-1,-1
56,20,133.70,537.07,50.60,84.46,0.66,-1,-1,-1
56,21,773.39,706.78,47.24,49.14,0.57,-1,-1,-1
56,22,286.14,567.83,50.77,81.42,0.61,-1,-1,-1
56,23,663.54,372.53,34.48,91.08,0.71,-1,-1,-1
56,24,826.09,654.23,66.07,99.70,0.82,-1,-1,-1
56,25,275.20,380.41,36.31,53.98,0.54,-1,-1,-1
56,26,519.05,265.47,26.82,49.86,0.50,-1,-1,-1
56,27,274.12,660.05,44.30,27.80,0.41,-1,-1,-1
56,28,272.80,274.26,24.75,50.09,0.49,-1,-1,-1
56,30,690.87,696.99,58.79,58.81,0.56,-1,-1,-1
57,1,16.73,306.84,26.91,56.03,0.71,-1,-1,-1
57,2,774.07,168.36,15.74,26.98,0.47,-1,-1,-1
57,3,256.62,476.10,43.17,103.82,0.57,-1,-1,-1
57,4,75.40,387.35,34.04,72.65,0.69,-1,-1,-1
57,5,513.60,646.58,38.65,82.76,0.65,-1,-1,-1
57,6,441.70,643.08,55.64,100.80,0.56,-1,-1,-1
57,7,458.24,472.47,45.44,116.65,0.73,-1,-1,-1
57,8,0.00,456.73,33.66,65.54,0.63,-1,-1,-1
57,9,354.07,242.17,16.70,34.97,0.65,-1,-1,-1
57,10,318.60,465.75,48.54,111.58,0.66,-1,-1,-1
57,11,628.37,350.30,31.96,83.63,0.50,-1,-1,-1
57,12,755.04,349.94,33.51,80.06,0.74,-1,-1,-1
57,14,735.76,289.25,27.20,70.11,0.52,-1,-1,-1
57,15,699.09,346.79,30.75,79.89,0.64,-1,-1,-1
57,16,640.44,317.05,26.47,68.81,0.50,-1,-1,-1
57,17,547.27,371.83,34.19,91.68,0.77,-1,-1,-1
57,18,124.62,374.33,45.01,54.11,0.49,-1,-1,-1
57,19,722.21,273.10,23.60,36.87,0.65,-1,-1,-1
57,20,131.98,536.55,50.50,84.34,0.64,-1,-1,-1
57,21,769.06,706.06,47.66,49.76,0.57,-1,-1,-1
57,22,283.84,567.21,51.42,82.01,0.58,-1,-1,-1
57,23,661.84,371.41,34.54,91.84,0.71,-1,-1,-1
57,24,816.42,650.93,65.32,101.66,0.71,-1,-1,-1
57,25,274.62,382.97,34.33,51.44,0.50,-1,-1,-1
57,26,518.50,265.10,27.40,50.78,0.56,-1,-1,-1
57,27,271.73,659.96,44.27,27.74,0.42,-1,-1,-1
57,28,272.41,274.17,23.57,47.59,0.50,-1,-1,-1
57,30,687.95,695.51,59.83,59.96,0.57,-1,-1,-1
58,1,17.25,307.91,26.25,54.89,0.71,-1,-1,-1
58,2,772.88,166.88,16.44,28.11,0.52,-1,-1,-1
58,3,255.92,475.91,41.43,99.59,0.59,-1,-1,-1
58,4,74.06,387.64,34.38,72.65,0.73,-1,-1,-1
58,5,512.09,646.36,38.50,81.99,0.66,-1,-1,-1
58,6,438.10,643.04,55.76,100.74,0.46,-1,-1,-1
58,7,457.14,472.91,44.67,116.12,0.76,-1,-1,-1
58,8,0.00,456.69,32.39,65.78,0.62,-1,-1,-1
58,9,353.02,242.74,16.49,34.57,0.60,-1,-1,-1
58,10,316.02,466.05,48.71,111.31,0.69,-1,-1,-1
58,11,624.83,350.75,32.37,83.76,0.47,-1,-1,-1
58,12,757.29,349.20,33.82,80.78,0.76,-1,-1,-1
58,14,731.74,289.45,27.66,72.10,0.56,-1,-1,-1
58,15,698.37,346.68,30.56,79.82,0.67,-1,-1,-1
58,16,637.53,317.69,24.74,64.68,0.46,-1,-1,-1
58,17,544.52,372.99,33.97,90.96,0.75,-1,-1,-1
58,18,123.82,374.37,43.96,54.23,0.47,-1,-1,-1
58,19,721.67,272.82,23.44,36.85,0.61,-1,-1,-1
58,20,130.13,536.20,50.53,84.37,0.69,-1,-1,-1
58,21,765.64,705.60,47.45,49.99,0.66,-1,-1,-1
58,22,281.69,566.16,51.92,82.64,0.56,-1,-1,-1
58,23,660.10,370.47,34.45,91.79,0.70,-1,-1,-1
58,24,805.44,647.52,66.15,105.56,0.75,-1,-1,-1
58,25,271.21,382.95,34.73,51.46,0.53,-1,-1,-1
58,26,517.38,264.68,27.61,51.25,0.57,-1,-1,-1
58,27,269.51,659.58,44.65,27.95,0.17,-1,-1,-1
58,28,270.99,273.49,23.08,46.57,0.47,-1,-1,-1
58,30,684.56,695.31,60.42,60.52,0.53,-1,-1,-1
59,1,17.21,308.13,26.14,54.92,0.71,-1,-1,-1
59,2,772.06,167.65,16.05,27.36,0.49,-1,-1,-1
59,3,254.26,475.78,41.16,99.17,0.56,-1,-1,-1
59,4,73.62,387.90,34.57,72.21,0.68,-1,-1,-1
59,5,510.93,646.27,36.78,77.45,0.62,-1,-1,-1
59,6,435.65,642.92,55.25,99.37,0.56,-1,-1,-1
59,7,456.44,473.65,43.82,115.26,0.72,-1,-1,-1
59,8,0.00,456.63,31.30,64.95,0.61,-1,-1,-1
59,9,351.46,241.93,16.47,34.54,0.56,-1,-1,-1
59,10,313.80,466.02,48.80,111.11,0.82,-1,-1,-1
59,11,622.51,354.94,30.84,78.60,0.66,-1,-1,-1
59,12,760.33,349.06,33.91,80.54,0.79,-1,-1,-1
59,14,728.76,291.23,26.87,70.69,0.55,-1,-1,-1
59,15,697.29,346.20,30.81,81.02,0.65,-1,-1,-1
59,16,635.37,316.15,24.57,64.62,0.39,-1,-1,-1
59,17,542.10,374.17,33.82,90.16,0.68,-1,-1,-1
59,18,122.78,374.81,43.36,54.05,0.55,-1,-1,-1
59,19,721.00,272.76,23.66,37.76,0.55,-1,-1,-1
59,20,130.11,536.00,48.98,81.65,0.67,-1,-1,-1
59,21,762.79,705.50,47.20,50.14,0.55,-1,-1,-1
59,22,280.71,566.00,51.59,81.83,0.62,-1,-1,-1
59,23,657.23,372.43,33.51,89.58,0.59,-1,-1,-1
59,24,796.42,644.16,67.04,109.43,0.70,-1,-1,-1
59,25,269.29,384.15,34.48,50.16,0.64,-1,-1,-1
59,26,516.07,265.18,26.17,48.57,0.59,-1,-1,-1
59,27,266.61,658.13,46.09,28.94,0.15,-1,-1,-1
59,28,269.41,273.50,23.36,47.08,0.29,-1,-1,-1
59,30,680.85,694.97,61.00,60.99,0.55,-1,-1,-1
60,1,16.70,307.78,26.29,55.55,0.71,-1,-1,-1
60,2,771.24,167.72,15.93,27.18,0.52,-1,-1,-1
60,3,252.78,475.46,41.98,101.20,0.49,-1,-1,-1
60,4,74.16,388.30,34.88,71.88,0.59,-1,-1,-1
60,5,509.27,645.72,37.18,77.25,0.46,-1,-1,-1
60,6,432.93,643.22,55.19,98.46,0.55,-1,-1,-1
60,7,455.22,473.82,43.22,114.58,0.69,-1,-1,-1
60,8,0.00,455.35,30.38,63.11,0.58,-1,-1,-1
60,9,350.66,243.60,15.60,32.58,0.58,-1,-1,-1
60,10,312.26,466.16,48.63,110.58,0.78,-1,-1,-1
60,11,619.86,360.23,29.04,71.76,0.54,-1,-1,-1
60,12,762.09,348.94,34.46,81.73,0.79,-1,-1,-1
60,14,725.83,291.55,26.57,70.40,0.54,-1,-1,-1
60,15,695.48,345.53,30.96,81.32,0.60,-1,-1,-1
60,16,627.83,315.14,26.57,68.65,0.53,-1,-1,-1
60,17,539.53,372.61,34.49,91.60,0.68,-1,-1,-1
60,18,123.44,374.26,43.33,54.61,0.58,-1,-1,-1
60,19,719.15,272.81,23.12,37.08,0.50,-1,-1,-1
60,20,127.23,536.35,49.12,81.52,0.63,-1,-1,-1
60,21,760.39,705.03,47.49,50.54,0.52,-1,-1,-1
60,22,277.10,565.33,52.53,83.04,0.50,-1,-1,-1
60,23,653.43,373.86,32.91,87.95,0.60,-1,-1,-1
60,24,787.27,641.86,66.83,111.86,0.74,-1,-1,-1
60,25,267.94,384.14,34.92,50.15,0.59,-1,-1,-1
60,26,515.22,265.55,25.94,48.05,0.58,-1,-1,-1
60,27,263.99,658.06,45.61,28.72,0.22,-1,-1,-1
60,28,267.32,273.28,25.39,51.02,0.38,-1,-1,-1
60,30,678.08,695.19,60.59,60.43,0.57,-1,-1,-1
61,1,15.79,307.35,27.14,57.62,0.74,-1,-1,-1
61,2,770.37,167.65,15.79,26.88,0.52,-1,-1,-1
61,3,249.43,475.27,42.32,102.02,0.53,-1,-1,-1
61,4,71.84,387.79,34.40,70.71,0.59,-1,-1,-1
61,5,504.30,643.93,40.11,82.03,0.45,-1,-1,-1
61,6,431.59,643.15,55.36,98.46,0.59,-1,-1,-1
61,7,453.05,473.98,42.60,113.01,0.84,-1,-1,-1
61,8,0.00,455.17,28.90,60.24,0.54,-1,-1,-1
61,9,346.10,239.52,17.41,36.02,0.42,-1,-1,-1
61,10,310.35,465.75,48.71,110.83,0.69,-1,-1,-1
61,11,612.53,355.91,31.27,76.44,0.49,-1,-1,-1
61,12,762.58,348.93,35.28,83.30,0.75,-1,-1,-1
61,14,722.24,292.98,26.24,69.53,0.54,-1,-1,-1
61,15,695.20,345.95,30.42,80.58,0.52,-1,-1,-1
61,16,625.53,315.10,26.06,66.36,0.55,-1,-1,-1
61,17,536.28,373.16,34.68,91.57,0.72,-1,-1,-1
61,18,123.79,373.70,42.97,54.52,0.56,-1,-1,-1
61,19,718.12,272.10,23.53,38.16,0.44,-1,-1,-1
61,20,124.92,536.47,48.46,80.12,0.64,-1,-1,-1
61,21,755.41,702.41,48.86,52.57,0.42,-1,-1,-1
61,22,273.37,567.32,47.76,76.64,0.62,-1,-1,-1
61,23,649.99,372.87,33.36,89.14,0.53,-1,-1,-1
61,24,776.96,639.56,66.75,114.50,0.63,-1,-1,-1
61,25,265.84,385.07,34.93,49.56,0.57,-1,-1,-1
61,26,513.09,265.37,26.14,48.69,0.54,-1,-1,-1
61,28,264.55,274.04,27.00,54.37,0.43,-1,-1,-1
61,30,674.67,694.93,60.64,60.38,0.61,-1,-1,-1
62,1,15.74,306.73,27.30,58.45,0.72,-1,-1,-1
62,2,769.28,165.56,16.67,28.53,0.45,-1,-1,-1
62,3,247.07,475.11,43.06,104.52,0.67,-1,-1,-1
62,4,69.96,387.17,34.64,71.92,0.61,-1,-1,-1
62,5,500.52,644.14,40.42,82.97,0.47,-1,-1,-1
62,6,430.08,643.00,55.44,98.63,0.58,-1,-1,-1
62,7,452.09,473.92,42.20,112.24,0.77,-1,-1,-1
62,8,0.00,454.77,29.45,64.92,0.46,-1,-1,-1
62,9,345.11,240.77,17.31,35.23,0.53,-1,-1,-1
62,10,307.87,466.11,48.49,110.75,0.62,-1,-1,-1
62,11,607.16,353.00,33.45,79.72,0.33,-1,-1,-1
62,12,761.16,348.96,35.91,84.01,0.76,-1,-1,-1
62,14,720.17,293.70,25.72,68.22,0.53,-1,-1,-1
62,15,693.54,345.81,30.22,80.28,0.44,-1,-1,-1
62,16,622.93,314.70,26.60,67.27,0.61,-1,-1,-1
62,17,533.77,375.09,34.97,93.11,0.69,-1,-1,-1
62,18,118.64,373.84,45.03,56.66,0.53,-1,-1,-1
62,19,718.77,272.12,25.23,41.68,0.29,-1,-1,-1
62,20,122.21,536.53,49.00,80.48,0.63,-1,-1,-1
62,21,755.77,701.30,51.32,54.05,0.16,-1,-1,-1
62,22,270.91,565.76,47.74,77.62,0.66,-1,-1,-1
62,23,647.71,372.14,33.35,88.92,0.67,-1,-1,-1
62,24,762.45,636.60,67.00,116.60,0.62,-1,-1,-1
62,25,264.86,384.41,35.18,49.94,0.56,-1,-1,-1
62,26,511.29,265.47,25.36,47.63,0.50,-1,-1,-1
62,28,266.15,274.47,23.35,46.33,0.43,-1,-1,-1
62,30,671.96,694.50,61.01,60.68,0.61,-1,-1,-1
63,1,15.77,308.79,26.59,56.63,0.71,-1,-1,-1
63,2,770.04,164.93,16.91,28.97,0.10,-1,-1,-1
63,3,246.78,475.63,37.30,89.65,0.72,-1,-1,-1
63,4,68.63,386.65,34.60,72.81,0.66,-1,-1,-1
63,5,498.95,644.51,37.48,76.45,0.58,-1,-1,-1
63,6,425.14,643.44,54.17,97.63,0.52,-1,-1,-1
63,7,451.33,474.03,41.78,111.72,0.79,-1,-1,-1
63,8,0.00,452.85,29.41,67.97,0.43,-1,-1,-1
63,9,341.91,239.56,18.13,36.40,0.44,-1,-1,-1
63,10,305.50,466.36,48.06,110.39,0.67,-1,-1,-1
63,11,601.95,352.73,34.07,80.19,0.45,-1,-1,-1
63,12,759.63,349.69,36.03,82.99,0.74,-1,-1,-1
63,14,716.01,293.64,25.83,68.21,0.58,-1,-1,-1
63,15,692.98,346.30,28.45,76.17,0.51,-1,-1,-1
63,16,619.55,314.42,28.78,73.02,0.49,-1,-1,-1
63,17,532.53,377.25,34.69,92.73,0.59,-1,-1,-1
63,18,114.20,373.29,47.09,58.40,0.53,-1,-1,-1
63,19,716.29,272.05,25.78,42.81,0.34,-1,-1,-1
63,20,120.11,536.23,49.05,80.04,0.60,-1,-1,-1
63,21,746.56,688.12,61.66,66.99,0.47,-1,-1,-1
63,22,270.25,566.12,49.54,79.79,0.64,-1,-1,-1
63,23,643.88,369.28,34.58,91.46,0.66,-1,-1,-1
63,24,751.99,633.59,67.73,119.83,0.50,-1,-1,-1
63,25,264.37,384.07,35.00,49.73,0.52,-1,-1,-1
63,26,510.15,265.32,25.19,47.58,0.53,-1,-1,-1
63,28,263.63,274.19,25.42,50.96,0.48,-1,-1,-1
63,30,668.70,694.26,61.18,60.72,0.56,-1,-1,-1
64,1,15.69,310.44,26.68,56.46,0.70,-1,-1,-1
64,2,768.21,166.14,16.53,28.28,0.54,-1,-1,-1
64,3,244.91,475.64,35.72,85.31,0.63,-1,-1,-1
64,4,69.08,386.88,34.17,71.92,0.66,-1,-1,-1
64,5,496.44,643.81,38.92,78.89,0.63,-1,-1,-1
64,6,423.85,643.56,54.38,97.56,0.52,-1,-1,-1
64,7,450.02,474.29,41.20,110.25,0.84,-1,-1,-1
64,8,0.00,452.80,28.25,69.19,0.36,-1,-1,-1
64,9,338.44,238.73,18.95,37.63,0.40,-1,-1,-1
64,10,303.00,464.91,48.44,110.97,0.67,-1,-1,-1
64,11,598.60,349.41,32.03,75.68,0.41,-1,-1,-1
64,12,758.59,350.33,35.88,81.63,0.74,-1,-1,-1
64,14,711.56,293.34,25.77,67.62,0.51,-1,-1,-1
64,15,691.73,346.54,27.77,75.42,0.55,-1,-1,-1
64,16,619.17,314.38,27.34,69.41,0.51,-1,-1,-1
64,17,530.52,381.65,33.54,89.68,0.67,-1,-1,-1
64,18,114.75,373.13,45.72,56.66,0.59,-1,-1,-1
64,19,716.01,271.04,25.54,43.25,0.40,-1,-1,-1
64,20,117.83,535.97,49.38,80.27,0.64,-1,-1,-1
64,21,740.75,684.53,63.42,71.09,0.56,-1,-1,-1
64,22,269.44,564.48,48.51,77.47,0.60,-1,-1,-1
64,23,641.60,368.90,34.55,91.09,0.61,-1,-1,-1
64,24,743.49,628.27,67.72,123.42,0.59,-1,-1,-1
64,25,263.87,383.94,34.83,49.55,0.63,-1,-1,-1
64,26,509.38,265.01,25.17,47.58,0.54,-1,-1,-1
64,28,261.87,273.73,26.72,54.16,0.55,-1,-1,-1
64,30,667.56,693.85,61.61,61.39,0.52,-1,-1,-1
65,1,15.45,311.09,26.50,55.82,0.70,-1,-1,-1
65,2,766.41,165.25,16.54,28.23,0.51,-1,-1,-1
65,3,242.43,475.00,35.64,84.05,0.60,-1,-1,-1
65,4,68.24,386.84,33.79,71.46,0.68,-1,-1,-1
65,5,493.98,643.18,39.28,79.16,0.67,-1,-1,-1
65,6,419.83,643.22,55.04,97.55,0.46,-1,-1,-1
65,7,447.46,474.49,41.10,110.13,0.84,-1,-1,-1
65,8,0.00,453.49,27.68,67.43,0.32,-1,-1,-1
65,9,335.23,237.36,19.87,39.05,0.40,-1,-1,-1
65,10,299.56,464.78,48.61,110.83,0.70,-1,-1,-1
65,11,594.43,350.65,34.78,81.12,0.45,-1,-1,-1
65,12,758.06,350.24,35.94,81.34,0.70,-1,-1,-1
65,14,707.31,292.21,26.34,69.13,0.60,-1,-1,-1
65,15,689.58,346.44,28.44,78.06,0.59,-1,-1,-1
65,16,615.64,314.26,28.83,72.92,0.55,-1,-1,-1
65,17,529.50,383.17,33.27,88.49,0.57,-1,-1,-1
65,18,116.21,373.00,43.37,54.05,0.58,-1,-1,-1
65,19,716.89,270.22,22.46,38.57,0.48,-1,-1,-1
65,20,115.76,535.24,49.70,80.69,0.67,-1,-1,-1
65,21,728.94,676.79,68.42,79.06,0.27,-1,-1,-1
65,22,266.75,564.79,47.49,76.11,0.60,-1,-1,-1
65,23,637.25,366.81,34.89,93.05,0.52,-1,-1,-1
65,24,733.70,624.76,68.77,128.24,0.49,-1,-1,-1
65,25,261.87,382.03,35.81,51.57,0.60,-1,-1,-1
65,26,508.06,265.07,24.76,47.07,0.51,-1,-1,-1
65,28,261.85,273.51,24.64,50.03,0.41,-1,-1,-1
65,30,663.10,693.22,62.31,61.98,0.56,-1,-1,-1
66,1,15.09,311.33,26.54,55.72,0.69,-1,-1,-1
66,2,765.35,165.93,16.06,27.30,0.59,-1,-1,-1
66,3,240.43,473.65,36.33,85.06,0.62,-1,-1,-1
66,4,65.60,386.48,33.35,71.69,0.71,-1,-1,-1
66,5,491.76,642.93,40.31,80.46,0.57,-1,-1,-1
66,6,417.07,642.66,54.62,96.50,0.59,-1,-1,-1
66,7,446.29,474.69,41.23,109.53,0.85,-1,-1,-1
66,8,0.00,450.15,26.44,62.56,0.23,-1,-1,-1
66,9,330.84,237.45,19.46,38.14,0.34,-1,-1,-1
66,10,297.57,465.01,48.53,110.25,0.82,-1,-1,-1
66,11,591.54,351.27,35.85,82.28,0.54,-1,-1,-1
66,12,759.22,350.10,35.08,79.88,0.60,-1,-1,-1
66,14,703.26,290.49,26.89,70.76,0.62,-1,-1,-1
66,15,687.85,347.08,29.20,80.67,0.65,-1,-1,-1
66,16,613.70,314.19,29.77,75.85,0.54,-1,-1,-1
66,17,529.46,381.12,34.10,90.18,0.62,-1,-1,-1
66,18,118.66,372.52,39.70,49.67,0.59,-1,-1,-1
66,19,716.25,270.87,21.21,36.39,0.51,-1,-1,-1
66,20,113.50,534.72,49.76,80.66,0.70,-1,-1,-1
66,21,728.37,681.07,63.01,74.83,0.57,-1,-1,-1
66,22,265.27,565.48,47.60,76.00,0.55,-1,-1,-1
66,23,633.44,364.99,34.64,92.93,0.55,-1,-1,-1
66,24,723.93,622.09,68.65,131.05,0.59,-1,-1,-1
66,25,259.38,381.10,35.95,52.34,0.53,-1,-1,-1
66,26,505.97,264.21,24.74,47.19,0.43,-1,-1,-1
66,28,261.13,273.41,23.22,47.03,0.44,-1,-1,-1
66,30,657.37,692.75,62.79,62.37,0.52,-1,-1,-1
67,1,14.41,311.49,27.04,56.59,0.70,-1,-1,-1
67,2,764.18,164.92,16.43,27.80,0.59,-1,-1,-1
67,3,238.66,473.22,36.02,83.94,0.61,-1,-1,-1
67,4,63.65,386.01,33.12,72.24,0.75,-1,-1,-1
67,5,489.53,642.64,40.84,80.95,0.52,-1,-1,-1
67,6,415.53,642.09,54.53,96.01,0.57,-1,-1,-1
67,7,445.09,474.61,41.47,109.04,0.80,-1,-1,-1
67,9,326.21,236.73,19.33,38.29,0.43,-1,-1,-1
67,10,295.78,465.03,48.57,110.14,0.80,-1,-1,-1
67,11,589.31,354.07,35.21,79.43,0.54,-1,-1,-1
67,12,756.87,350.00,33.24,76.95,0.49,-1,-1,-1
67,14,700.63,291.97,26.29,68.64,0.62,-1,-1,-1
67,15,687.10,349.81,28.60,79.28,0.64,-1,-1,-1
67,16,612.05,315.12,29.44,75.27,0.53,-1,-1,-1
67,17,529.94,381.33,33.07,87.27,0.61,-1,-1,-1
67,18,115.79,371.82,40.06,49.48,0.54,-1,-1,-1
67,19,715.56,270.56,19.88,34.31,0.53,-1,-1,-1
67,20,112.06,534.47,49.75,80.55,0.65,-1,-1,-1
67,21,726.55,682.48,60.01,73.14,0.62,-1,-1,-1
67,22,263.45,566.97,47.05,73.68,0.47,-1,-1,-1
67,23,629.43,365.43,34.72,93.69,0.60,-1,-1,-1
67,25,257.38,381.70,35.25,51.85,0.50,-1,-1,-1
67,26,503.71,264.37,23.84,45.86,0.49,-1,-1,-1
67,28,259.79,273.54,22.84,45.98,0.44,-1,-1,-1
67,30,656.85,692.30,62.39,62.52,0.54,-1,-1,-1
68,1,14.34,311.45,27.13,56.67,0.73,-1,-1,-1
68,2,762.26,163.56,17.41,29.52,0.64,-1,-1,-1
68,3,235.09,473.07,38.15,88.28,0.62,-1,-1,-1
68,4,62.32,385.48,33.50,73.24,0.73,-1,-1,-1
68,5,487.25,641.64,40.85,80.74,0.51,-1,-1,-1
68,6,413.39,642.10,54.79,96.17,0.58,-1,-1,-1
68,7,442.86,474.50,41.47,107.60,0.78,-1,-1,-1
68,9,322.42,237.72,19.14,37.75,0.56,-1,-1,-1
68,10,293.98,464.52,48.58,110.46,0.72,-1,-1,-1
68,11,586.30,352.98,35.87,80.39,0.52,-1,-1,-1
68,12,754.67,349.02,34.13,80.04,0.54,-1,-1,-1
68,14,696.52,293.83,26.54,68.99,0.62,-1,-1,-1
68,15,687.02,357.25,26.29,72.21,0.69,-1,-1,-1
68,16,610.34,314.13,29.73,76.67,0.58,-1,-1,-1
68,17,531.20,379.51,32.33,85.26,0.63,-1,-1,-1
68,18,106.79,372.66,43.56,53.44,0.52,-1,-1,-1
68,19,714.04,270.55,19.60,33.94,0.49,-1,-1,-1
68,20,108.39,534.14,50.11,80.79,0.62,-1,-1,-1
68,21,727.25,689.44,53.57,66.24,0.68,-1,-1,-1
68,22,257.93,567.00,46.92,73.88,0.51,-1,-1,-1
68,23,626.41,364.38,34.81,94.39,0.66,-1,-1,-1
68,25,254.77,380.60,35.77,52.86,0.58,-1,-1,-1
68,26,499.42,264.30,24.47,47.59,0.52,-1,-1,-1
68,28,259.80,274.25,20.67,40.94,0.55,-1,-1,-1
68,30,660.55,692.24,62.06,62.77,0.47,-1,-1,-1
68,31,212.25,277.98,23.36,56.89,0.53,-1,-1,-1
68,24,706.38,617.48,60.53,116.03,0.53,-1,-1,-1
69,1,15.02,311.69,28.05,58.18,0.71,-1,-1,-1
69,2,761.47,165.81,16.32,27.42,0.55,-1,-1,-1
69,3,232.58,472.54,38.55,88.86,0.63,-1,-1,-1
69,4,61.07,385.22,33.61,73.52,0.73,-1,-1,-1
69,5,481.27,640.98,42.60,84.39,0.63,-1,-1,-1
69,6,412.22,641.60,54.80,95.90,0.53,-1,-1,-1
69,7,440.68,474.07,41.89,107.66,0.75,-1,-1,-1
69,9,317.46,236.19,19.83,39.13,0.45,-1,-1,-1
69,10,292.32,464.79,48.31,110.13,0.69,-1,-1,-1
69,11,584.06,351.51,35.91,80.48,0.44,-1,-1,-1
69,12,751.56,348.46,34.68,81.52,0.74,-1,-1,-1
69,14,693.35,296.34,26.34,68.20,0.63,-1,-1,-1
69,15,687.29,362.47,24.84,67.02,0.71,-1,-1,-1
69,16,609.03,313.91,28.82,74.93,0.58,-1,-1,-1
69,17,530.67,368.00,34.52,91.47,0.69,-1,-1,-1
69,18,102.80,372.42,45.05,55.15,0.51,-1,-1,-1
69,19,711.76,270.50,19.34,33.64,0.49,-1,-1,-1
69,20,106.14,533.60,50.20,80.70,0.60,-1,-1,-1
69,21,726.00,690.58,51.93,65.32,0.72,-1,-1,-1
69,22,254.24,565.56,51.70,80.99,0.50,-1,-1,-1
69,23,624.45,363.32,34.87,94.96,0.61,-1,-1,-1
69,25,252.92,380.57,35.76,52.60,0.55,-1,-1,-1
69,26,498.08,264.17,24.17,47.21,0.50,-1,-1,-1
69,28,258.23,274.12,20.19,39.81,0.58,-1,-1,-1
69,30,660.21,692.14,60.30,62.55,0.54,-1,-1,-1
69,31,211.52,277.49,24.32,58.97,0.43,-1,-1,-1
69,24,698.29,615.65,58.36,112.57,0.61,-1,-1,-1
70,1,16.37,311.40,28.61,59.35,0.69,-1,-1,-1
70,2,760.96,166.99,15.70,26.21,0.55,-1,-1,-1
70,3,230.93,471.95,39.57,91.19,0.67,-1,-1,-1
70,4,60.25,385.02,33.64,73.43,0.74,-1,-1,-1
70,5,479.58,640.46,42.74,84.14,0.69,-1,-1,-1
70,6,410.78,640.58,54.91,95.39,0.59,-1,-1,-1
70,7,438.01,473.27,42.67,108.94,0.80,-1,-1,-1
70,9,315.52,240.95,18.53,35.13,0.38,-1,-1,-1
70,10,291.24,464.26,48.13,110.33,0.69,-1,-1,-1
70,11,582.43,350.84,36.09,80.73,0.43,-1,-1,-1
70,12,749.89,348.41,34.77,81.64,0.73,-1,-1,-1
70,14,690.21,296.92,26.51,68.39,0.59,-1,-1,-1
70,15,685.06,354.99,27.64,73.90,0.73,-1,-1,-1
70,16,607.37,313.89,28.82,75.10,0.56,-1,-1,-1
70,17,531.92,366.95,33.78,89.83,0.53,-1,-1,-1
70,18,101.87,371.54,45.92,56.07,0.50,-1,-1,-1
70,19,710.90,270.68,19.19,33.31,0.57,-1,-1,-1
70,20,104.01,532.75,50.74,81.24,0.63,-1,-1,-1
70,21,720.53,683.55,56.00,72.20,0.52,-1,-1,-1
70,22,252.63,564.33,53.95,83.91,0.58,-1,-1,-1
70,23,623.49,363.95,34.16,93.44,0.60,-1,-1,-1
70,25,251.10,379.75,36.55,53.16,0.54,-1,-1,-1
70,26,497.46,263.85,24.88,48.80,0.54,-1,-1,-1
70,28,257.75,273.56,20.46,40.01,0.59,-1,-1,-1
70,30,649.63,690.75,61.98,63.83,0.44,-1,-1,-1
70,31,210.63,277.72,24.83,59.86,0.55,-1,-1,-1
70,24,692.23,614.12,55.03,107.23,0.67,-1,-1,-1
70,32,263.67,301.81,24.43,48.88,0.52,-1,-1,-1
71,1,18.30,311.94,27.99,58.27,0.68,-1,-1,-1
71,2,760.44,167.41,15.23,25.27,0.50,-1,-1,-1
71,3,230.50,471.55,39.55,91.18,0.71,-1,-1,-1
71,4,59.94,384.26,33.52,72.75,0.72,-1,-1,-1
71,5,478.65,639.82,42.80,83.87,0.70,-1,-1,-1
71,6,409.50,639.75,54.20,94.09,0.63,-1,-1,-1
71,7,436.53,472.64,43.00,109.51,0.84,-1,-1,-1
71,9,312.00,240.79,18.29,34.53,0.42,-1,-1,-1
71,10,290.17,462.80,48.25,111.14,0.67,-1,-1,-1
71,11,581.36,352.51,35.21,78.65,0.56,-1,-1,-1
71,12,749.28,348.09,34.84,81.69,0.73,-1,-1,-1
71,14,688.77,296.57,26.15,67.14,0.55,-1,-1,-1
71,15,684.00,350.63,29.36,77.92,0.68,-1,-1,-1
71,16,606.57,313.45,28.82,75.17,0.55,-1,-1,-1
71,17,533.38,366.46,33.51,89.07,0.49,-1,-1,-1
71,18,102.55,370.97,46.82,56.33,0.57,-1,-1,-1
71,19,710.63,270.29,19.27,33.63,0.48,-1,-1,-1
71,20,103.40,531.53,50.85,81.18,0.62,-1,-1,-1
71,21,719.72,686.09,52.90,69.55,0.74,-1,-1,-1
71,22,251.27,563.83,55.47,85.88,0.54,-1,-1,-1
71,23,619.70,361.04,34.45,95.32,0.53,-1,-1,-1
71,25,250.85,379.61,36.51,52.83,0.50,-1,-1,-1
71,26,499.50,263.88,23.99,47.05,0.53,-1,-1,-1
71,28,257.61,273.49,21.25,41.27,0.47,-1,-1,-1
71,30,643.23,687.52,64.78,66.93,0.33,-1,-1,-1
71,31,208.44,276.17,25.52,61.19,0.57,-1,-1,-1
71,24,685.97,612.20,52.41,102.47,0.64,-1,-1,-1
71,32,266.22,309.58,21.75,43.30,0.55,-1,-1,-1
72,1,19.97,312.62,27.40,56.94,0.67,-1,-1,-1
72,2,760.01,166.94,15.38,25.38,0.50,-1,-1,-1
72,3,229.81,470.94,39.41,90.62,0.74,-1,-1,-1
72,4,60.05,383.61,33.58,72.43,0.69,-1,-1,-1
72,5,478.75,639.08,43.33,84.10,0.70,-1,-1,-1
72,6,408.04,638.74,54.26,93.95,0.66,-1,-1,-1
72,7,435.59,471.93,43.10,109.64,0.84,-1,-1,-1
72,9,308.84,240.76,18.35,34.46,0.56,-1,-1,-1
72,10,289.51,462.32,48.02,110.89,0.65,-1,-1,-1
72,11,581.30,355.51,34.66,77.06,0.57,-1,-1,-1
72,12,749.54,347.76,34.71,81.69,0.70,-1,-1,-1
72,14,686.67,296.92,25.63,65.64,0.54,-1,-1,-1
72,15,683.36,352.53,29.16,77.01,0.71,-1,-1,-1
72,16,607.42,312.93,27.83,72.32,0.46,-1,-1,-1
72,17,536.27,361.01,34.36,90.60,0.49,-1,-1,-1
72,18,102.26,370.41,47.61,56.26,0.56,-1,-1,-1
72,19,710.30,269.91,19.56,34.27,0.50,-1,-1,-1
72,20,104.75,531.27,48.61,77.39,0.56,-1,-1,-1
72,21,717.31,684.45,53.13,71.42,0.68,-1,-1,-1
72,22,251.26,560.52,54.43,84.44,0.55,-1,-1,-1
72,23,617.43,358.55,34.55,96.72,0.55,-1,-1,-1
72,25,251.51,379.73,35.89,51.61,0.52,-1,-1,-1
72,26,500.86,263.51,23.78,46.54,0.54,-1,-1,-1
72,28,258.73,273.22,22.14,42.89,0.49,-1,-1,-1
72,30,637.52,678.71,72.29,76.29,0.28,-1,-1,-1
72,31,206.15,276.04,25.05,59.55,0.59,-1,-1,-1
72,24,675.85,609.89,50.42,97.73,0.66,-1,-1,-1
72,32,269.09,313.64,19.92,39.47,0.48,-1,-1,-1
73,1,22.86,311.91,27.94,58.06,0.74,-1,-1,-1
73,2,759.40,164.33,16.45,27.27,0.48,-1,-1,-1
73,3,229.47,470.41,39.30,89.94,0.76,-1,-1,-1
73,4,60.34,382.58,33.96,72.87,0.69,-1,-1,-1
73,5,478.15,638.37,44.17,84.88,0.69,-1,-1,-1
73,6,406.20,637.27,54.59,94.07,0.64,-1,-1,-1
73,7,434.63,471.31,43.03,109.41,0.81,-1,-1,-1
73,9,306.23,239.70,18.82,35.50,0.60,-1,-1,-1
73,10,289.16,461.50,47.96,111.12,0.70,-1,-1,-1
73,11,582.81,353.53,35.39,78.77,0.56,-1,-1,-1
73,12,749.29,347.41,34.69,81.79,0.64,-1,-1,-1
73,14,684.50,296.41,26.08,66.72,0.53,-1,-1,-1
73,15,683.67,354.68,29.26,77.21,0.69,-1,-1,-1
73,16,606.55,311.56,27.33,70.81,0.48,-1,-1,-1
73,17,539.00,358.61,34.15,89.40,0.54,-1,-1,-1
73,18,102.23,370.01,48.24,56.41,0.55,-1,-1,-1
73,19,710.37,269.38,20.76,35.96,0.47,-1,-1,-1
73,20,106.44,528.88,47.68,75.57,0.55,-1,-1,-1
73,21,715.66,687.86,49.86,67.51,0.64,-1,-1,-1
73,22,251.38,560.10,53.34,82.61,0.63,-1,-1,-1
73,23,616.10,357.64,33.96,95.84,0.51,-1,-1,-1
73,25,252.25,379.30,35.52,50.91,0.53,-1,-1,-1
73,26,502.04,263.83,22.89,44.64,0.52,-1,-1,-1
73,28,259.14,271.87,23.09,44.27,0.43,-1,-1,-1
73,30,633.33,678.42,72.17,76.96,0.32,-1,-1,-1
73,31,205.91,277.27,23.46,55.60,0.53,-1,-1,-1
73,24,668.60,607.37,55.63,109.65,0.57,-1,-1,-1
74,1,25.43,312.57,27.02,55.88,0.74,-1,-1,-1
74,2,759.53,163.62,16.64,27.71,0.53,-1,-1,-1
74,3,229.02,469.93,39.48,90.01,0.78,-1,-1,-1
74,4,60.41,382.09,34.01,73.44,0.70,-1,-1,-1
74,5,476.12,637.69,44.49,85.11,0.66,-1,-1,-1
74,6,404.74,635.72,54.96,94.50,0.67,-1,-1,-1
74,7,433.35,470.58,43.04,109.53,0.87,-1,-1,-1
74,9,302.63,239.21,19.70,37.48,0.61,-1,-1,-1
74,10,288.50,461.33,47.49,110.63,0.64,-1,-1,-1
74,11,583.77,353.91,35.34,78.53,0.54,-1,-1,-1
74,12,747.71,347.40,32.61,78.30,0.69,-1,-1,-1
74,14,683.49,295.98,25.46,63.99,0.55,-1,-1,-1
74,15,683.35,354.27,30.82,81.82,0.72,-1,-1,-1
74,16,605.44,312.10,27.10,69.79,0.50,-1,-1,-1
74,17,542.06,357.17,31.76,83.45,0.38,-1,-1,-1
74,18,102.02,371.51,47.27,54.79,0.51,-1,-1,-1
74,19,710.67,269.66,20.94,35.81,0.54,-1,-1,-1
74,20,103.56,527.39,50.99,80.79,0.59,-1,-1,-1
74,21,715.59,691.22,47.29,64.26,0.73,-1,-1,-1
74,22,251.08,559.45,53.37,82.31,0.65,-1,-1,-1
74,23,615.86,362.29,31.33,88.11,0.52,-1,-1,-1
74,25,252.25,379.05,35.33,50.19,0.55,-1,-1,-1
74,26,502.27,263.57,22.84,44.60,0.50,-1,-1,-1
74,28,259.99,271.15,23.18,43.91,0.38,-1,-1,-1
74,30,629.11,678.68,70.77,76.74,0.25,-1,-1,-1
74,31,205.90,277.71,21.81,51.64,0.62,-1,-1,-1
74,24,656.47,604.41,56.57,112.29,0.49,-1,-1,-1
75,1,27.20,312.05,27.19,56.22,0.73,-1,-1,-1
75,2,759.47,162.68,16.83,28.18,0.60,-1,-1,-1
75,3,227.72,469.07,40.91,93.58,0.78,-1,-1,-1
75,4,60.94,381.03,33.50,72.82,0.65,-1,-1,-1
75,5,469.29,636.03,48.63,95.15,0.54,-1,-1,-1
75,6,402.25,633.03,55.92,95.90,0.67,-1,-1,-1
75,7,431.23,469.78,42.97,109.96,0.88,-1,-1,-1
75,9,298.41,238.79,19.70,38.14,0.67,-1,-1,-1
75,10,288.58,461.33,46.55,108.71,0.67,-1,-1,-1
75,11,584.63,355.97,34.26,75.62,0.42,-1,-1,-1
75,12,746.67,347.34,31.28,76.39,0.68,-1,-1,-1
75,14,680.12,295.70,27.86,70.19,0.66,-1,-1,-1
75,15,684.20,354.72,31.22,83.43,0.69,-1,-1,-1
75,16,604.53,312.86,27.69,70.97,0.45,-1,-1,-1
75,17,544.69,359.36,30.43,79.67,0.47,-1,-1,-1
75,18,102.25,370.07,48.15,55.69,0.50,-1,-1,-1
75,19,710.27,270.03,20.37,34.62,0.55,-1,-1,-1
75,20,102.42,526.61,52.01,82.46,0.60,-1,-1,-1
75,21,714.07,692.91,46.23,62.92,0.72,-1,-1,-1
75,22,250.82,558.77,53.46,82.12,0.65,-1,-1,-1
75,23,614.85,360.01,31.36,88.47,0.54,-1,-1,-1
75,25,253.24,378.58,34.96,49.74,0.53,-1,-1,-1
75,26,502.39,263.66,23.23,45.41,0.46,-1,-1,-1
75,28,260.55,270.21,23.14,43.15,0.27,-1,-1,-1
75,30,632.32,677.60,70.60,78.20,0.32,-1,-1,-1
75,31,205.45,278.02,20.98,49.52,0.66,-1,-1,-1
75,24,645.73,599.78,59.80,119.01,0.32,-1,-1,-1
76,1,28.07,311.51,28.36,58.97,0.75,-1,-1,-1
76,2,759.48,161.45,17.28,29.15,0.60,-1,-1,-1
76,3,226.96,468.64,41.16,94.26,0.76,-1,-1,-1
76,4,61.30,380.24,33.12,72.47,0.66,-1,-1,-1
76,5,469.89,635.34,46.49,92.11,0.55,-1,-1,-1
76,6,400.26,631.09,56.90,97.55,0.64,-1,-1,-1
76,7,428.39,468.10,42.80,110.37,0.87,-1,-1,-1
76,9,295.62,238.84,19.93,38.85,0.61,-1,-1,-1
76,10,287.87,461.07,46.12,107.28,0.64,-1,-1,-1
76,11,584.57,358.43,34.05,74.17,0.24,-1,-1,-1
76,12,745.79,347.21,30.40,75.37,0.67,-1,-1,-1
76,14,677.92,295.96,28.27,71.59,0.65,-1,-1,-1
76,15,684.45,355.65,31.49,84.72,0.71,-1,-1,-1
76,16,605.00,313.15,26.08,66.05,0.47,-1,-1,-1
76,17,545.80,354.50,31.11,82.39,0.51,-1,-1,-1
76,18,101.82,370.99,47.49,54.32,0.50,-1,-1,-1
76,19,710.20,269.96,20.36,34.36,0.53,-1,-1,-1
76,20,101.37,525.75,52.29,83.26,0.56,-1,-1,-1
76,21,710.88,692.75,45.98,63.06,0.71,-1,-1,-1
76,22,251.62,558.33,53.62,83.45,0.56,-1,-1,-1
76,23,613.57,360.34,30.83,86.74,0.53,-1,-1,-1
76,25,253.35,378.83,34.68,49.11,0.49,-1,-1,-1
76,26,502.53,263.45,23.43,45.89,0.47,-1,-1,-1
76,28,260.91,269.66,23.13,42.41,0.27,-1,-1,-1
76,30,636.37,679.56,67.13,76.38,0.45,-1,-1,-1
76,31,205.08,278.05,21.65,50.92,0.59,-1,-1,-1
76,24,644.10,596.36,51.33,100.96,0.41,-1,-1,-1
76,32,273.92,305.35,25.28,50.23,0.53,-1,-1,-1
77,1,29.04,311.84,28.78,59.90,0.76,-1,-1,-1
77,2,759.61,161.33,17.50,29.70,0.60,-1,-1,-1
77,3,227.45,468.44,39.13,88.97,0.76,-1,-1,-1
77,4,60.38,380.11,32.38,71.32,0.62,-1,-1,-1
77,5,469.27,634.92,44.31,88.73,0.52,-1,-1,-1
77,6,397.81,629.28,57.82,99.02,0.64,-1,-1,-1
77,7,425.17,466.05,42.89,111.50,0.72,-1,-1,-1
77,9,292.68,238.70,20.39,39.61,0.63,-1,-1,-1
77,10,286.88,458.46,47.14,108.80,0.60,-1,-1,-1
77,11,581.97,363.05,33.37,72.12,0.31,-1,-1,-1
77,12,744.84,347.36,29.59,74.35,0.67,-1,-1,-1
77,14,676.76,296.61,27.51,70.08,0.56,-1,-1,-1
77,15,684.58,357.71,31.09,84.00,0.59,-1,-1,-1
77,16,604.22,312.62,27.11,68.50,0.48,-1,-1,-1
77,17,546.05,350.42,30.75,82.39,0.39,-1,-1,-1
77,18,110.01,368.47,43.34,49.14,0.52,-1,-1,-1
77,19,710.10,269.88,21.13,35.23,0.49,-1,-1,-1
77,20,102.99,524.79,50.52,80.61,0.55,-1,-1,-1
77,21,707.70,692.62,45.80,63.32,0.79,-1,-1,-1
77,22,250.21,558.19,52.49,81.82,0.61,-1,-1,-1
77,23,615.73,358.20,27.05,75.30,0.44,-1,-1,-1
77,25,253.46,378.55,34.57,48.91,0.49,-1,-1,-1
77,26,503.24,263.06,23.29,45.74,0.49,-1,-1,-1
77,28,260.98,269.18,24.73,44.70,0.33,-1,-1,-1
77,30,637.60,680.11,64.85,75.89,0.38,-1,-1,-1
77,31,204.72,278.11,21.85,51.28,0.59,-1,-1,-1
77,24,635.05,593.72,55.60,110.16,0.43,-1,-1,-1
77,32,275.37,309.29,24.02,47.58,0.59,-1,-1,-1
78,1,30.12,312.45,28.82,60.04,0.75,-1,-1,-1
78,2,759.87,161.46,17.03,28.90,0.63,-1,-1,-1
78,3,227.11,468.07,38.65,86.98,0.73,-1,-1,-1
78,4,59.96,379.26,32.43,71.87,0.68,-1,-1,-1
78,5,468.68,634.67,41.57,83.80,0.62,-1,-1,-1
78,6,395.91,627.79,58.15,99.93,0.70,-1,-1,-1
78,7,422.08,465.37,43.22,112.15,0.73,-1,-1,-1
78,9,288.05,238.37,20.79,40.71,0.56,-1,-1,-1
78,10,285.91,456.80,47.88,109.74,0.60,-1,-1,-1
78,11,582.59,365.60,33.27,71.54,0.41,-1,-1,-1
78,12,743.55,347.76,29.13,73.72,0.69,-1,-1,-1
78,14,674.47,296.94,27.78,70.82,0.58,-1,-1,-1
78,15,684.59,358.93,30.60,82.45,0.67,-1,-1,-1
78,16,604.76,311.07,26.39,66.44,0.52,-1,-1,-1
78,17,547.22,349.32,30.32,82.41,0.48,-1,-1,-1
78,18,112.19,366.67,43.39,48.80,0.53,-1,-1,-1
78,19,710.25,270.02,20.56,34.25,0.47,-1,-1,-1
78,20,102.63,523.68,50.12,80.04,0.55,-1,-1,-1
78,21,705.02,692.56,45.26,62.92,0.79,-1,-1,-1
78,22,248.48,557.66,52.86,82.14,0.60,-1,-1,-1
78,23,614.49,358.93,28.08,77.93,0.48,-1,-1,-1
78,25,253.11,378.12,34.90,49.09,0.55,-1,-1,-1
78,26,503.21,262.72,23.30,45.85,0.52,-1,-1,-1
78,28,260.59,268.96,25.39,45.32,0.32,-1,-1,-1
78,30,637.29,680.07,62.92,75.93,0.44,-1,-1,-1
78,31,204.48,277.11,22.11,51.93,0.63,-1,-1,-1
78,24,629.16,591.37,55.62,111.54,0.47,-1,-1,-1
78,32,276.29,313.47,22.80,44.89,0.64,-1,-1,-1
78,27,232.96,645.47,44.02,27.61,0.57,-1,-1,-1
79,1,31.02,312.92,28.52,59.62,0.74,-1,-1,-1
79,2,759.59,162.04,16.72,28.42,0.58,-1,-1,-1
79,3,225.25,467.03,38.99,87.48,0.71,-1,-1,-1
79,4,59.82,379.09,32.17,71.54,0.71,-1,-1,-1
79,5,464.87,634.73,43.37,87.59,0.63,-1,-1,-1
79,6,394.84,627.24,57.95,100.64,0.67,-1,-1,-1
79,7,418.56,462.80,43.84,112.98,0.75,-1,-1,-1
79,9,282.44,238.89,24.55,48.15,0.51,-1,-1,-1
79,10,284.95,455.22,48.22,109.83,0.66,-1,-1,-1
79,11,583.72,367.26,32.35,69.90,0.46,-1,-1,-1
79,12,740.69,348.42,29.50,74.92,0.64,-1,-1,-1
79,14,672.35,297.64,27.46,69.99,0.54,-1,-1,-1
79,15,684.39,359.89,30.57,82.06,0.65,-1,-1,-1
79,16,605.20,309.81,26.66,67.05,0.51,-1,-1,-1
79,17,548.21,349.09,29.87,81.99,0.60,-1,-1,-1
79,18,112.23,365.55,44.56,49.97,0.55,-1,-1,-1
79,19,710.19,269.73,20.82,35.13,0.49,-1,-1,-1
79,20,100.75,522.69,51.04,81.58,0.60,-1,-1,-1
79,21,702.22,692.19,45.12,63.01,0.74,-1,-1,-1
79,22,246.47,557.43,52.90,81.63,0.55,-1,-1,-1
79,23,610.09,358.70,29.65,80.62,0.46,-1,-1,-1
79,25,252.66,377.86,35.16,49.14,0.54,-1,-1,-1
79,26,502.98,262.55,23.65,46.49,0.53,-1,-1,-1
79,28,260.28,268.89,25.91,46.24,0.38,-1,-1,-1
79,30,633.22,676.14,63.67,79.79,0.34,-1,-1,-1
79,31,204.64,276.51,21.52,50.52,0.67,-1,-1,-1
79,24,624.89,589.36,51.47,104.68,0.50,-1,-1,-1
79,32,277.53,316.14,22.32,43.52,0.70,-1,-1,-1
79,27,231.44,645.18,43.06,26.78,0.51,-1,-1,-1
80,1,31.97,313.01,28.32,59.49,0.72,-1,-1,-1
80,2,759.91,164.91,15.39,25.95,0.55,-1,-1,-1
80,3,223.40,465.68,40.08,90.13,0.70,-1,-1,-1
80,4,60.93,378.83,32.27,71.28,0.65,-1,-1,-1
80,5,464.06,633.66,42.65,85.65,0.57,-1,-1,-1
80,6,393.27,625.84,57.72,100.33,0.60,-1,-1,-1
80,7,417.41,460.40,44.10,114.55,0.79,-1,-1,-1
80,9,277.75,238.53,27.02,53.88,0.61,-1,-1,-1
80,10,284.14,454.57,48.56,109.95,0.69,-1,-1,-1
80,11,583.93,369.54,29.55,65.02,0.45,-1,-1,-1
80,12,739.88,350.73,28.90,73.56,0.64,-1,-1,-1
80,14,670.55,297.33,28.25,72.56,0.58,-1,-1,-1
80,15,684.40,360.73,30.57,81.65,0.69,-1,-1,-1
80,16,605.55,308.52,27.88,70.41,0.55,-1,-1,-1
80,17,548.67,348.23,29.74,82.33,0.71,-1,-1,-1
80,18,104.93,365.70,49.55,55.32,0.56,-1,-1,-1
80,19,709.69,269.96,20.37,34.25,0.50,-1,-1,-1
80,20,99.26,522.02,51.27,82.04,0.63,-1,-1,-1
80,21,699.26,690.83,45.66,64.12,0.72,-1,-1,-1
80,22,244.36,558.13,53.43,81.23,0.40,-1,-1,-1
80,23,605.50,362.20,31.21,81.63,0.51,-1,-1,-1
80,25,252.76,377.61,35.14,49.06,0.54,-1,-1,-1
80,26,502.94,262.48,23.71,46.61,0.53,-1,-1,-1
80,28,260.34,268.76,25.83,46.64,0.37,-1,-1,-1
80,30,629.29,679.28,60.46,76.71,0.54,-1,-1,-1
80,31,204.37,275.91,22.05,51.91,0.64,-1,-1,-1
80,24,613.58,586.63,56.40,116.27,0.55,-1,-1,-1
80,32,278.82,317.17,22.32,43.25,0.73,-1,-1,-1
80,27,230.22,644.63,42.55,26.30,0.57,-1,-1,-1
81,1,33.05,313.18,28.14,59.39,0.70,-1,-1,-1
81,2,760.47,167.01,14.05,23.26,0.47,-1,-1,-1
81,3,222.65,464.61,40.48,90.83,0.66,-1,-1,-1
81,4,61.26,378.66,32.45,71.25,0.65,-1,-1,-1
81,5,462.62,633.02,42.31,84.85,0.65,-1,-1,-1
81,6,390.33,625.51,57.40,100.15,0.59,-1,-1,-1
81,7,416.05,458.50,44.44,116.18,0.85,-1,-1,-1
81,9,275.68,239.12,24.38,48.88,0.50,-1,-1,-1
81,10,282.06,454.35,48.82,109.91,0.71,-1,-1,-1
81,11,585.02,372.08,25.42,55.39,0.24,-1,-1,-1
81,12,738.03,351.94,29.98,77.29,0.66,-1,-1,-1
81,14,668.33,299.13,27.69,71.41,0.65,-1,-1,-1
81,15,684.08,361.94,31.51,84.06,0.69,-1,-1,-1
81,16,605.72,307.12,29.29,74.38,0.59,-1,-1,-1
81,17,549.36,347.21,29.10,81.21,0.71,-1,-1,-1
81,18,102.27,365.30,51.54,57.08,0.57,-1,-1,-1
81,19,709.31,270.12,20.25,33.84,0.52,-1,-1,-1
81,20,98.50,521.47,50.82,81.24,0.66,-1,-1,-1
81,21,696.23,690.71,45.53,64.37,0.70,-1,-1,-1
81,22,241.74,554.93,51.84,78.82,0.48,-1,-1,-1
81,23,601.69,367.38,31.40,80.09,0.51,-1,-1,-1
81,25,253.20,377.40,34.85,49.11,0.50,-1,-1,-1
81,26,502.41,262.09,23.81,46.91,0.49,-1,-1,-1
81,28,260.58,268.41,26.07,47.30,0.44,-1,-1,-1
81,30,625.87,680.56,58.97,75.44,0.63,-1,-1,-1
81,31,204.15,275.58,23.44,55.48,0.58,-1,-1,-1
81,24,604.30,582.94,58.63,122.73,0.53,-1,-1,-1
81,32,280.47,317.78,22.83,43.87,0.53,-1,-1,-1
81,27,229.28,643.53,42.88,26.49,0.45,-1,-1,-1
82,1,34.34,313.06,28.05,59.65,0.72,-1,-1,-1
82,2,760.48,166.73,13.98,22.86,0.48,-1,-1,-1
82,3,222.55,463.79,40.16,89.62,0.63,-1,-1,-1
82,4,61.69,377.67,32.63,71.41,0.67,-1,-1,-1
82,5,461.35,632.01,42.11,84.39,0.57,-1,-1,-1
82,6,388.00,624.71,57.68,101.56,0.51,-1,-1,-1
82,7,412.99,457.22,44.35,116.80,0.80,-1,-1,-1
82,9,272.25,238.77,23.24,47.20,0.48,-1,-1,-1
82,10,281.04,453.94,48.84,109.38,0.72,-1,-1,-1
82,12,737.17,352.67,29.91,77.83,0.69,-1,-1,-1
82,14,667.23,299.05,27.70,71.81,0.64,-1,-1,-1
82,15,683.62,363.84,32.52,86.51,0.78,-1,-1,-1
82,16,606.45,306.46,29.65,75.64,0.54,-1,-1,-1
82,17,550.56,347.72,28.34,79.09,0.64,-1,-1,-1
82,18,101.27,364.68,52.55,57.50,0.54,-1,-1,-1
82,19,710.89,269.83,20.21,33.99,0.46,-1,-1,-1
82,20,98.53,520.99,50.06,79.71,0.66,-1,-1,-1
82,21,692.55,687.92,46.97,66.99,0.70,-1,-1,-1
82,22,239.46,553.43,49.82,76.40,0.45,-1,-1,-1
82,23,598.97,367.81,32.31,81.20,0.57,-1,-1,-1
82,25,253.40,377.56,34.04,48.30,0.45,-1,-1,-1
82,26,502.32,261.71,23.51,46.47,0.51,-1,-1,-1
82,28,261.96,267.73,26.76,48.29,0.42,-1,-1,-1
82,30,625.51,680.48,57.91,75.52,0.57,-1,-1,-1
82,31,205.43,274.71,23.09,54.42,0.48,-1,-1,-1
82,24,598.72,578.14,58.46,125.05,0.61,-1,-1,-1
82,32,281.84,319.64,22.77,43.22,0.64,-1,-1,-1
82,27,228.13,642.32,43.19,26.60,0.42,-1,-1,-1
83,1,36.54,312.54,28.09,60.03,0.68,-1,-1,-1
83,2,760.30,164.04,15.17,24.70,0.45,-1,-1,-1
83,3,221.46,462.91,40.58,90.38,0.65,-1,-1,-1
83,4,62.50,377.21,32.51,71.18,0.64,-1,-1,-1
83,5,458.21,630.97,42.62,86.61,0.57,-1,-1,-1
83,6,387.80,623.56,55.57,98.70,0.57,-1,-1,-1
83,7,413.93,456.03,35.74,93.21,0.88,-1,-1,-1
83,9,270.52,239.06,20.83,42.00,0.50,-1,-1,-1
83,10,280.01,453.28,49.04,109.46,0.73,-1,-1,-1
83,12,736.72,353.09,29.73,77.73,0.65,-1,-1,-1
83,14,665.72,299.08,28.14,72.98,0.64,-1,-1,-1
83,15,684.04,366.23,32.96,87.14,0.77,-1,-1,-1
83,16,608.11,305.25,29.67,76.29,0.54,-1,-1,-1
83,17,550.18,344.86,29.30,82.67,0.63,-1,-1,-1
83,18,104.74,363.40,52.01,57.05,0.57,-1,-1,-1
83,19,710.53,270.02,20.04,33.55,0.47,-1,-1,-1
83,20,98.14,520.17,50.06,79.46,0.70,-1,-1,-1
83,21,690.61,688.50,46.38,66.61,0.79,-1,-1,-1
83,22,240.95,552.27,50.64,77.70,0.45,-1,-1,-1
83,23,597.89,367.93,32.93,81.44,0.55,-1,-1,-1
83,25,253.73,377.01,33.53,48.05,0.47,-1,-1,-1
83,26,502.03,261.32,23.19,46.12,0.46,-1,-1,-1
83,28,261.22,267.85,26.87,49.13,0.47,-1,-1,-1
83,30,622.37,679.47,57.68,76.16,0.57,-1,-1,-1
83,31,207.35,274.62,25.26,59.53,0.50,-1,-1,-1
83,24,591.30,574.38,58.65,127.79,0.54,-1,-1,-1
83,32,284.17,320.50,22.57,42.77,0.58,-1,-1,-1
83,27,227.31,641.13,43.65,26.94,0.25,-1,-1,-1
84,1,39.83,312.93,28.15,59.73,0.72,-1,-1,-1
84,2,761.43,162.64,15.48,25.10,0.56,-1,-1,-1
84,3,221.04,462.58,40.63,90.41,0.62,-1,-1,-1
84,4,63.45,376.46,32.63,71.55,0.66,-1,-1,-1
84,5,458.09,629.24,43.11,88.24,0.58,-1,-1,-1
84,6,386.80,622.81,54.89,98.12,0.57,-1,-1,-1
84,7,414.30,454.86,30.25,77.45,0.89,-1,-1,-1
84,9,266.95,240.90,22.02,45.25,0.52,-1,-1,-1
84,10,279.50,452.54,49.45,110.01,0.76,-1,-1,-1
84,12,736.17,353.27,29.78,77.87,0.66,-1,-1,-1
84,14,664.14,298.77,28.39,73.98,0.68,-1,-1,-1
84,15,685.12,368.55,33.09,86.94,0.78,-1,-1,-1
84,16,609.51,304.10,29.18,74.56,0.63,-1,-1,-1
84,17,549.63,341.62,29.82,85.21,0.60,-1,-1,-1
84,18,104.51,362.38,53.14,58.31,0.56,-1,-1,-1
84,19,711.94,269.80,19.98,33.48,0.45,-1,-1,-1
84,20,98.07,519.72,50.09,79.12,0.70,-1,-1,-1
84,21,688.47,688.20,46.56,67.28,0.69,-1,-1,-1
84,22,241.23,551.66,51.01,78.55,0.51,-1,-1,-1
84,23,596.83,371.52,32.13,78.26,0.41,-1,-1,-1
84,25,253.61,376.24,33.69,48.36,0.49,-1,-1,-1
84,26,502.80,261.24,22.29,44.55,0.48,-1,-1,-1
84,28,262.90,266.90,26.17,48.32,0.38,-1,-1,-1
84,30,618.75,678.93,57.38,76.46,0.68,-1,-1,-1
84,31,209.36,274.12,23.74,55.64,0.56,-1,-1,-1
84,24,582.03,571.88,59.66,130.80,0.54,-1,-1,-1
84,32,285.93,320.75,23.19,44.17,0.59,-1,-1,-1
84,27,226.86,640.34,43.20,26.61,0.49,-1,-1,-1
84,33,511.74,338.68,26.91,80.02,0.66,-1,-1,-1
85,1,42.86,314.17,28.05,58.64,0.77,-1,-1,-1
85,2,761.83,162.04,16.22,26.39,0.62,-1,-1,-1
85,3,220.35,462.28,39.93,88.95,0.61,-1,-1,-1
85,4,64.49,376.10,32.49,71.56,0.61,-1,-1,-1
85,5,457.05,628.72,42.86,88.28,0.55,-1,-1,-1
85,6,385.47,622.12,54.75,98.65,0.59,-1,-1,-1
85,7,413.65,453.80,30.66,77.21,0.88,-1,-1,-1
85,9,263.98,240.23,23.42,49.23,0.57,-1,-1,-1
85,10,279.28,452.08,49.41,109.61,0.77,-1,-1,-1
85,12,735.74,353.66,29.76,77.80,0.68,-1,-1,-1
85,14,663.14,299.25,28.56,74.57,0.75,-1,-1,-1
85,15,685.81,369.72,33.10,87.18,0.76,-1,-1,-1
85,16,610.55,302.62,29.49,74.85,0.66,-1,-1,-1
85,17,549.07,340.78,30.31,87.77,0.68,-1,-1,-1
85,18,104.36,361.66,54.19,59.80,0.58,-1,-1,-1
85,19,713.23,269.62,19.91,33.44,0.48,-1,-1,-1
85,20,97.92,518.85,50.25,79.30,0.69,-1,-1,-1
85,21,686.29,687.70,46.61,68.01,0.73,-1,-1,-1
85,22,239.57,553.02,46.85,72.83,0.54,-1,-1,-1
85,25,253.69,375.38,33.93,48.84,0.52,-1,-1,-1
85,26,502.70,261.11,22.53,45.29,0.48,-1,-1,-1
85,28,263.96,267.00,25.53,47.72,0.33,-1,-1,-1
85,30,615.12,677.23,58.12,78.17,0.63,-1,-1,-1
85,31,211.68,273.39,21.68,50.86,0.58,-1,-1,-1
85,24,575.05,570.13,61.15,135.81,0.63,-1,-1,-1
85,32,288.11,322.02,23.44,44.73,0.64,-1,-1,-1
85,27,225.31,638.49,44.28,27.37,0.38,-1,-1,-1
85,33,511.23,337.96,27.29,80.83,0.60,-1,-1,-1
85,11,585.16,379.69,29.22,63.15,0.57,-1,-1,-1
86,1,46.28,314.24,27.38,57.15,0.80,-1,-1,-1
86,2,762.52,163.78,15.67,25.39,0.59,-1,-1,-1
86,3,218.82,461.61,42.98,96.35,0.62,-1,-1,-1
86,4,65.21,374.58,32.82,72.52,0.69,-1,-1,-1
86,5,456.14,628.88,42.00,86.27,0.51,-1,-1,-1
86,6,384.39,621.07,55.01,99.41,0.59,-1,-1,-1
86,7,410.15,452.62,40.88,104.16,0.81,-1,-1,-1
86,9,263.15,239.36,19.94,41.56,0.58,-1,-1,-1
86,10,278.91,451.67,49.33,109.37,0.80,-1,-1,-1
86,12,735.46,354.40,29.72,77.65,0.69,-1,-1,-1
86,14,662.89,299.57,28.47,74.52,0.76,-1,-1,-1
86,15,687.24,370.10,32.58,85.77,0.77,-1,-1,-1
86,16,611.12,303.21,29.81,75.54,0.63,-1,-1,-1
86,17,549.38,340.72,29.32,85.42,0.67,-1,-1,-1
86,18,101.18,362.00,52.12,58.65,0.17,-1,-1,-1
86,19,714.29,269.56,20.00,33.44,0.54,-1,-1,-1
86,20,97.95,518.28,50.22,79.21,0.69,-1,-1,-1
86,21,684.30,687.16,46.72,68.75,0.74,-1,-1,-1
86,22,238.88,552.64,45.22,70.55,0.57,-1,-1,-1
86,25,254.90,374.76,33.16,48.40,0.49,-1,-1,-1
86,26,502.90,260.86,22.74,46.06,0.49,-1,-1,-1
86,28,267.89,267.31,23.80,44.50,0.40,-1,-1,-1
86,30,613.90,675.35,58.52,80.14,0.72,-1,-1,-1
86,31,213.27,272.89,20.97,48.80,0.62,-1,-1,-1
86,24,570.29,568.44,59.00,132.14,0.55,-1,-1,-1
86,32,290.62,322.56,22.93,43.74,0.68,-1,-1,-1
86,27,224.56,637.40,44.46,27.48,0.52,-1,-1,-1
86,33,509.90,337.02,28.07,82.57,0.58,-1,-1,-1
86,11,583.71,382.94,28.25,60.58,0.57,-1,-1,-1
87,1,49.18,314.50,27.22,57.03,0.74,-1,-1,-1
87,2,763.97,164.48,14.98,24.09,0.53,-1,-1,-1
87,3,219.28,460.68,42.38,95.37,0.62,-1,-1,-1
87,4,65.61,373.08,32.46,71.13,0.63,-1,-1,-1
87,5,455.54,628.40,41.31,84.13,0.56,-1,-1,-1
87,6,383.79,620.22,54.61,98.85,0.61,-1,-1,-1
87,7,408.41,452.10,43.30,111.69,0.76,-1,-1,-1
87,9,262.56,236.09,18.70,38.92,0.48,-1,-1,-1
87,10,278.99,451.47,49.18,108.95,0.82,-1,-1,-1
87,12,735.69,356.16,29.02,75.33,0.69,-1,-1,-1
87,14,662.90,299.73,28.51,74.95,0.77,-1,-1,-1
87,15,688.48,371.06,32.86,86.07,0.76,-1,-1,-1
87,16,611.86,302.89,29.50,74.46,0.65,-1,-1,-1
87,17,549.10,340.16,28.35,82.64,0.64,-1,-1,-1
87,18,107.19,361.76,49.84,55.88,0.50,-1,-1,-1
87,19,715.23,269.31,20.12,33.54,0.57,-1,-1,-1
87,20,97.99,517.05,50.30,79.63,0.68,-1,-1,-1
87,21,682.53,687.31,46.34,68.58,0.75,-1,-1,-1
87,22,239.00,552.56,45.25,70.79,0.55,-1,-1,-1
87,25,255.79,373.93,32.90,48.65,0.44,-1,-1,-1
87,26,503.64,259.67,22.43,46.02,0.42,-1,-1,-1
87,28,270.38,266.71,22.86,42.68,0.40,-1,-1,-1
87,30,611.83,675.15,57.88,80.13,0.70,-1,-1,-1
87,31,213.46,272.04,22.23,51.52,0.59,-1,-1,-1
87,24,565.02,565.92,56.74,127.05,0.53,-1,-1,-1
87,32,293.36,321.87,22.62,43.34,0.69,-1,-1,-1
87,27,223.71,635.83,45.11,28.03,0.46,-1,-1,-1
87,33,509.22,337.00,28.56,83.25,0.61,-1,-1,-1
87,11,579.87,383.13,30.51,63.67,0.57,-1,-1,-1
88,1,51.57,314.36,27.12,57.70,0.71,-1,-1,-1
88,2,764.80,163.15,15.76,25.28,0.57,-1,-1,-1
88,3,218.97,459.72,43.27,98.01,0.64,-1,-1,-1
88,4,67.91,372.36,31.76,69.30,0.65,-1,-1,-1
88,5,454.40,628.04,41.39,82.92,0.58,-1,-1,-1
88,6,382.68,619.16,54.62,98.78,0.59,-1,-1,-1
88,7,407.77,452.31,43.27,113.11,0.59,-1,-1,-1
88,9,260.95,238.06,20.61,43.15,0.31,-1,-1,-1
88,10,279.25,451.23,49.22,108.79,0.79,-1,-1,-1
88,12,736.08,358.78,28.39,73.39,0.67,-1,-1,-1
88,14,663.26,300.16,28.13,74.21,0.77,-1,-1,-1
88,15,688.78,373.21,33.87,88.05,0.69,-1,-1,-1
88,16,612.70,301.63,29.27,73.93,0.68,-1,-1,-1
88,17,547.79,339.97,28.00,80.89,0.61,-1,-1,-1
88,18,112.81,361.37,47.85,53.41,0.49,-1,-1,-1
88,19,715.52,269.21,20.51,33.92,0.58,-1,-1,-1
88,20,98.69,515.83,50.04,79.41,0.64,-1,-1,-1
88,21,680.20,686.00,46.79,69.69,0.72,-1,-1,-1
88,22,239.01,551.87,46.34,72.62,0.54,-1,-1,-1
88,25,256.47,373.77,32.62,48.75,0.42,-1,-1,-1
88,26,504.82,259.11,21.50,44.86,0.37,-1,-1,-1
88,28,271.26,264.62,24.82,46.29,0.30,-1,-1,-1
88,30,610.87,675.03,56.99,80.22,0.71,-1,-1,-1
88,31,211.81,270.50,23.55,52.76,0.63,-1,-1,-1
88,24,561.00,563.76,54.21,122.33,0.51,-1,-1,-1
88,32,296.59,321.49,23.11,43.97,0.71,-1,-1,-1
88,27,223.78,635.12,44.36,27.56,0.16,-1,-1,-1
88,33,508.78,337.08,28.91,83.68,0.55,-1,-1,-1
88,11,574.04,386.94,29.07,62.03,0.59,-1,-1,-1
89,1,53.62,313.75,27.85,60.05,0.67,-1,-1,-1
89,2,766.35,164.60,14.91,23.76,0.58,-1,-1,-1
89,3,219.87,459.14,42.30,96.16,0.59,-1,-1,-1
89,4,70.45,371.76,31.75,68.91,0.64,-1,-1,-1
89,5,449.55,628.51,40.45,79.90,0.46,-1,-1,-1
89,6,382.13,617.24,55.02,99.68,0.54,-1,-1,-1
89,7,406.80,451.83,42.90,113.09,0.65,-1,-1,-1
89,9,260.41,239.60,19.05,39.92,0.45,-1,-1,-1
89,10,279.24,450.37,49.38,109.01,0.77,-1,-1,-1
89,12,736.34,361.40,28.11,72.56,0.73,-1,-1,-1
89,14,663.87,300.70,27.73,73.23,0.75,-1,-1,-1
89,15,691.00,374.83,33.89,88.11,0.63,-1,-1,-1
89,16,614.08,300.43,29.37,74.45,0.66,-1,-1,-1
89,17,547.11,340.51,27.65,78.67,0.56,-1,-1,-1
89,18,117.20,360.98,46.74,52.89,0.54,-1,-1,-1
89,19,715.52,268.82,21.41,34.94,0.55,-1,-1,-1
89,20,99.23,514.84,49.71,79.09,0.64,-1,-1,-1
89,21,678.06,685.09,46.78,70.27,0.69,-1,-1,-1
89,22,239.36,549.00,48.06,75.30,0.58,-1,-1,-1
89,25,257.85,371.77,34.31,51.95,0.41,-1,-1,-1
89,26,505.38,258.60,21.00,44.40,0.38,-1,-1,-1
89,28,272.56,264.88,24.71,46.05,0.37,-1,-1,-1
89,30,609.72,674.52,56.54,81.20,0.70,-1,-1,-1
89,31,211.55,269.50,24.02,51.87,0.61,-1,-1,-1
89,24,556.05,561.66,53.82,123.21,0.57,-1,-1,-1
89,32,300.18,322.24,23.18,43.84,0.70,-1,-1,-1
89,33,506.91,332.98,30.46,87.65,0.58,-1,-1,-1
89,11,569.52,387.46,29.50,62.51,0.69,-1,-1,-1
90,1,56.62,314.63,27.32,59.45,0.67,-1,-1,-1
90,2,767.69,164.35,14.88,23.49,0.56,-1,-1,-1
90,3,221.98,458.57,37.70,85.01,0.56,-1,-1,-1
90,4,72.18,370.93,31.81,69.13,0.63,-1,-1,-1
90,5,444.41,626.67,42.18,81.85,0.56,-1,-1,-1
90,6,382.08,616.10,55.03,100.01,0.57,-1,-1,-1
90,7,403.77,451.12,42.57,111.89,0.74,-1,-1,-1
90,9,259.94,238.72,18.61,38.69,0.32,-1,-1,-1
90,10,278.95,449.08,49.67,109.64,0.74,-1,-1,-1
90,12,736.19,362.93,27.69,71.19,0.74,-1,-1,-1
90,14,664.48,300.87,27.39,72.39,0.71,-1,-1,-1
90,15,693.27,380.95,33.34,86.55,0.62,-1,-1,-1
90,16,614.29,299.71,28.86,73.47,0.64,-1,-1,-1
90,17,546.27,340.71,28.00,77.88,0.51,-1,-1,-1
90,18,119.14,360.18,46.62,53.08,0.58,-1,-1,-1
90,19,715.89,269.37,21.27,34.59,0.58,-1,-1,-1
90,20,99.77,513.98,50.01,79.85,0.61,-1,-1,-1
90,21,676.27,682.94,47.82,72.77,0.72,-1,-1,-1
90,22,240.41,547.14,48.89,76.13,0.58,-1,-1,-1
90,25,258.24,372.13,32.61,49.91,0.42,-1,-1,-1
90,26,506.69,257.86,20.42,43.73,0.38,-1,-1,-1
90,28,274.09,265.49,24.49,45.65,0.35,-1,-1,-1
90,30,607.78,674.19,55.76,81.20,0.62,-1,-1,-1
90,31,211.41,268.07,26.22,55.54,0.58,-1,-1,-1
90,24,550.78,558.97,54.02,125.47,0.63,-1,-1,-1
90,32,303.83,322.63,22.45,42.32,0.62,-1,-1,-1
90,33,504.57,331.74,30.99,88.84,0.64,-1,-1,-1
90,11,569.44,386.37,30.24,62.87,0.67,-1,-1,-1
90,34,613.32,380.25,27.90,74.43,0.61,-1,-1,-1
91,1,59.86,314.84,28.55,62.13,0.72,-1,-1,-1
91,2,768.38,163.65,15.47,24.36,0.52,-1,-1,-1
91,3,221.81,458.58,40.40,91.86,0.56,-1,-1,-1
91,4,73.55,370.98,31.31,67.95,0.64,-1,-1,-1
91,5,443.03,626.35,43.14,82.79,0.68,-1,-1,-1
91,6,382.02,615.05,55.00,100.36,0.56,-1,-1,-1
91,7,401.33,450.62,42.34,111.03,0.74,-1,-1,-1
91,9,260.08,235.44,17.48,36.01,0.19,-1,-1,-1
91,10,278.93,448.61,49.41,109.13,0.72,-1,-1,-1
91,12,735.53,363.91,27.89,71.50,0.74,-1,-1,-1
91,14,665.10,300.43,27.33,72.41,0.72,-1,-1,-1
91,15,694.38,383.92,33.40,86.81,0.63,-1,-1,-1
91,16,614.85,298.98,28.05,71.56,0.64,-1,-1,-1
91,17,543.80,340.87,29.49,80.74,0.57,-1,-1,-1
91,18,119.62,359.79,46.76,53.57,0.54,-1,-1,-1
91,19,717.17,269.65,21.00,34.19,0.53,-1,-1,-1
91,20,100.54,512.73,50.05,80.24,0.59,-1,-1,-1
91,21,674.80,681.94,48.09,73.97,0.69,-1,-1,-1
91,22,240.87,544.61,50.29,78.39,0.61,-1,-1,-1
91,25,261.34,370.44,32.04,49.48,0.50,-1,-1,-1
91,26,507.57,258.14,19.44,42.18,0.34,-1,-1,-1
91,28,275.10,266.00,24.39,45.81,0.34,-1,-1,-1
91,30,604.42,674.74,55.30,80.98,0.61,-1,-1,-1
91,31,215.99,268.23,25.85,54.80,0.57,-1,-1,-1
91,24,545.07,557.39,53.14,125.23,0.58,-1,-1,-1
91,32,306.41,322.73,22.49,42.18,0.73,-1,-1,-1
91,33,503.23,331.32,31.11,88.83,0.62,-1,-1,-1
91,11,568.61,386.83,31.67,65.59,0.67,-1,-1,-1
91,34,612.90,378.62,28.12,74.98,0.62,-1,-1,-1
91,35,259.14,196.34,20.64,45.86,0.54,-1,-1,-1
91,8,0.00,427.76,26.39,67.96,0.56,-1,-1,-1
92,1,62.66,315.62,28.46,61.86,0.78,-1,-1,-1
92,2,769.34,162.67,16.21,25.59,0.58,-1,-1,-1
92,3,221.63,457.62,42.60,97.90,0.58,-1,-1,-1
92,4,75.62,370.62,32.43,69.82,0.62,-1,-1,-1
92,5,442.14,626.50,43.96,83.48,0.70,-1,-1,-1
92,6,381.19,613.27,55.43,100.97,0.56,-1,-1,-1
92,7,399.23,449.83,42.24,110.98,0.71,-1,-1,-1
92,9,259.26,236.16,19.08,38.90,0.26,-1,-1,-1
92,10,279.26,448.09,49.28,108.94,0.72,-1,-1,-1
92,12,734.96,364.38,28.40,72.50,0.77,-1,-1,-1
92,14,666.10,300.23,26.99,71.33,0.72,-1,-1,-1
92,15,695.53,385.91,33.13,86.19,0.64,-1,-1,-1
92,16,616.44,298.55,27.74,71.07,0.67,-1,-1,-1
92,17,541.66,341.00,30.00,81.40,0.55,-1,-1,-1
92,18,119.32,359.64,46.76,53.03,0.41,-1,-1,-1
92,19,718.45,269.59,21.10,34.28,0.53,-1,-1,-1
92,20,102.85,511.19,48.50,77.84,0.57,-1,-1,-1
92,21,673.68,682.32,47.43,73.66,0.64,-1,-1,-1
92,22,240.58,543.29,51.53,80.56,0.58,-1,-1,-1
92,25,264.27,369.82,31.71,48.77,0.56,-1,-1,-1
92,26,508.01,259.52,18.89,41.20,0.23,-1,-1,-1
92,28,277.42,265.26,23.76,44.90,0.48,-1,-1,-1
92,30,601.36,674.95,55.29,80.96,0.63,-1,-1,-1
92,31,219.63,267.84,24.89,52.84,0.65,-1,-1,-1
92,24,540.57,555.16,52.91,126.31,0.64,-1,-1,-1
92,32,308.90,322.40,22.37,42.03,0.71,-1,-1,-1
92,33,503.66,332.21,30.39,86.27,0.60,-1,-1,-1
92,11,564.18,387.61,34.67,72.67,0.67,-1,-1,-1
92,34,612.20,376.44,29.03,77.40,0.61,-1,-1,-1
92,35,262.86,196.10,22.07,49.10,0.50,-1,-1,-1
92,8,0.00,427.78,24.52,65.87,0.57,-1,-1,-1
93,1,65.74,316.27,27.61,60.12,0.72,-1,-1,-1
93,2,769.51,162.11,17.15,27.41,0.68,-1,-1,-1
93,3,221.67,456.44,44.22,102.81,0.62,-1,-1,-1
93,4,75.85,369.52,32.35,69.42,0.55,-1,-1,-1
93,5,441.78,627.23,43.75,82.30,0.74,-1,-1,-1
93,6,381.05,612.38,55.69,102.13,0.55,-1,-1,-1
93,7,395.81,448.86,41.91,110.72,0.78,-1,-1,-1
93,9,257.17,235.88,22.58,46.84,0.22,-1,-1,-1
93,10,279.77,447.49,49.28,108.81,0.69,-1,-1,-1
93,12,734.45,364.43,28.52,72.80,0.76,-1,-1,-1
93,14,666.57,300.18,27.02,71.17,0.75,-1,-1,-1
93,15,697.28,385.84,33.04,86.17,0.66,-1,-1,-1
93,16,617.54,297.51,28.29,72.82,0.69,-1,-1,-1
93,17,540.21,340.50,30.30,81.94,0.61,-1,-1,-1
93,18,120.14,359.02,47.09,53.07,0.48,-1,-1,-1
93,19,721.32,269.20,21.11,34.60,0.55,-1,-1,-1
93,20,104.66,510.44,47.42,76.25,0.59,-1,-1,-1
93,21,672.70,682.22,46.96,73.78,0.70,-1,-1,-1
93,22,240.65,543.05,52.00,81.31,0.63,-1,-1,-1
93,25,264.44,368.59,32.87,50.68,0.57,-1,-1,-1
93,26,510.14,262.19,18.78,41.38,0.19,-1,-1,-1
93,28,278.98,263.75,24.13,45.64,0.40,-1,-1,-1
93,30,599.78,674.59,55.57,81.39,0.66,-1,-1,-1
93,31,221.75,266.54,25.13,53.65,0.54,-1,-1,-1
93,24,539.87,557.21,52.00,124.87,0.62,-1,-1,-1
93,32,311.49,322.03,22.54,42.45,0.71,-1,-1,-1
93,33,502.14,331.36,30.70,87.22,0.57,-1,-1,-1
93,11,560.98,389.38,34.62,73.01,0.58,-1,-1,-1
93,34,610.00,374.11,30.21,80.55,0.62,-1,-1,-1
93,35,265.12,196.23,22.53,50.20,0.65,-1,-1,-1
93,8,0.00,424.57,24.91,67.98,0.60,-1,-1,-1
94,1,68.35,316.49,27.57,60.59,0.70,-1,-1,-1
94,2,770.52,161.77,17.07,27.55,0.46,-1,-1,-1
94,3,221.88,454.99,45.12,106.19,0.65,-1,-1,-1
94,4,77.52,369.12,32.47,69.00,0.64,-1,-1,-1
94,5,441.20,628.15,43.87,81.39,0.75,-1,-1,-1
94,6,380.57,611.51,55.73,102.65,0.54,-1,-1,-1
94,7,393.67,447.93,41.88,110.79,0.69,-1,-1,-1
94,9,257.88,234.12,21.75,45.72,0.40,-1,-1,-1
94,10,280.19,446.56,49.47,109.07,0.67,-1,-1,-1
94,12,733.16,364.48,29.44,75.05,0.66,-1,-1,-1
94,14,666.86,299.80,27.51,72.32,0.70,-1,-1,-1
94,15,699.56,384.77,33.46,87.58,0.70,-1,-1,-1
94,16,618.95,296.45,28.64,73.87,0.66,-1,-1,-1
94,17,539.22,340.81,29.71,80.40,0.59,-1,-1,-1
94,18,124.05,357.43,47.10,52.74,0.48,-1,-1,-1
94,19,723.41,268.71,21.07,34.58,0.56,-1,-1,-1
94,20,105.91,509.40,47.31,76.27,0.60,-1,-1,-1
94,21,671.50,681.62,46.06,72.83,0.63,-1,-1,-1
94,22,241.33,543.30,51.76,81.01,0.57,-1,-1,-1
94,25,266.12,368.52,32.49,50.37,0.51,-1,-1,-1
94,26,512.59,262.40,16.60,36.43,0.31,-1,-1,-1
94,28,279.78,263.98,24.12,45.58,0.50,-1,-1,-1
94,30,599.15,674.18,55.74,81.82,0.63,-1,-1,-1
94,31,224.95,265.59,25.28,54.41,0.56,-1,-1,-1
94,24,533.50,553.53,52.25,126.26,0.55,-1,-1,-1
94,32,313.46,321.11,22.25,42.13,0.77,-1,-1,-1
94,33,501.37,331.16,30.59,87.07,0.54,-1,-1,-1
94,11,554.77,389.90,37.73,80.62,0.52,-1,-1,-1
94,34,606.79,373.38,31.22,83.35,0.60,-1,-1,-1
94,35,266.82,196.32,22.01,49.02,0.58,-1,-1,-1
94,8,0.00,424.43,25.21,68.22,0.63,-1,-1,-1
95,1,70.61,316.47,27.91,61.96,0.60,-1,-1,-1
95,2,771.37,161.94,16.48,26.73,0.46,-1,-1,-1
95,3,224.18,454.27,41.17,96.50,0.70,-1,-1,-1
95,4,81.02,368.96,32.34,69.27,0.57,-1,-1,-1
95,5,441.92,629.10,44.03,80.31,0.71,-1,-1,-1
95,6,379.43,609.97,56.16,103.44,0.55,-1,-1,-1
95,7,392.29,446.40,42.33,111.74,0.71,-1,-1,-1
95,9,259.63,233.57,20.53,43.49,0.13,-1,-1,-1
95,10,280.54,445.42,49.78,109.42,0.64,-1,-1,-1
95,12,732.08,364.76,30.07,76.47,0.63,-1,-1,-1
95,14,666.88,299.68,27.80,72.70,0.74,-1,-1,-1
95,15,701.86,384.65,33.99,89.20,0.69,-1,-1,-1
95,16,621.96,295.17,28.71,74.32,0.59,-1,-1,-1
95,17,538.95,341.09,29.02,78.54,0.54,-1,-1,-1
95,18,128.89,356.58,45.84,51.78,0.58,-1,-1,-1
95,19,724.43,268.61,21.23,34.94,0.57,-1,-1,-1
95,20,106.86,507.98,46.71,75.35,0.57,-1,-1,-1
95,21,670.24,680.80,45.56,72.40,0.60,-1,-1,-1
95,22,244.08,542.16,51.32,80.51,0.49,-1,-1,-1
95,25,265.62,367.59,33.21,51.27,0.52,-1,-1,-1
95,26,513.23,262.10,16.43,35.75,0.21,-1,-1,-1
95,28,282.20,264.21,23.81,45.30,0.39,-1,-1,-1
95,30,598.44,673.00,56.05,83.00,0.62,-1,-1,-1
95,31,227.21,264.79,24.83,53.88,0.67,-1,-1,-1
95,24,527.30,548.14,53.25,130.82,0.56,-1,-1,-1
95,32,315.10,320.37,22.16,42.19,0.77,-1,-1,-1
95,33,502.57,332.28,30.10,85.51,0.57,-1,-1,-1
95,11,553.29,394.12,37.23,79.70,0.51,-1,-1,-1
95,34,604.31,374.11,31.86,84.86,0.61,-1,-1,-1
95,35,267.90,195.58,22.36,49.81,0.55,-1,-1,-1
95,8,0.00,423.46,25.37,68.28,0.69,-1,-1,-1
96,1,72.99,316.55,28.01,63.05,0.64,-1,-1,-1
96,2,772.62,163.21,15.56,25.30,0.21,-1,-1,-1
96,3,225.18,453.64,40.24,93.85,0.72,-1,-1,-1
96,4,83.39,369.08,31.57,67.78,0.62,-1,-1,-1
96,5,441.61,628.83,44.92,81.10,0.70,-1,-1,-1
96,6,381.10,609.62,53.28,97.71,0.57,-1,-1,-1
96,7,390.23,445.19,42.45,112.28,0.66,-1,-1,-1
96,9,261.14,231.11,19.61,41.89,0.34,-1,-1,-1
96,10,282.70,445.68,48.41,106.70,0.65,-1,-1,-1
96,12,731.31,365.53,30.16,76.40,0.62,-1,-1,-1
96,14,666.29,299.48,28.36,73.53,0.72,-1,-1,-1
96,15,705.48,385.68,34.80,90.42,0.75,-1,-1,-1
96,16,624.74,294.66,28.48,73.06,0.68,-1,-1,-1
96,17,538.45,341.19,28.69,77.73,0.50,-1,-1,-1
96,18,127.85,355.38,47.33,53.53,0.54,-1,-1,-1
96,19,725.33,268.07,21.56,35.69,0.57,-1,-1,-1
96,20,108.23,506.78,45.65,73.53,0.57,-1,-1,-1
96,21,668.42,679.06,46.47,74.57,0.66,-1,-1,-1
96,22,243.49,543.09,51.10,79.83,0.49,-1,-1,-1
96,25,266.12,367.63,33.72,51.81,0.57,-1,-1,-1
96,26,514.52,262.33,17.77,38.78,0.20,-1,-1,-1
96,28,284.05,263.68,23.29,44.49,0.54,-1,-1,-1
96,30,596.25,671.83,56.62,84.17,0.59,-1,-1,-1
96,31,229.33,263.10,24.37,52.90,0.62,-1,-1,-1
96,24,524.99,551.98,50.95,125.72,0.52,-1,-1,-1
96,32,316.06,319.47,22.19,42.17,0.74,-1,-1,-1
96,33,502.19,332.65,30.57,87.28,0.58,-1,-1,-1
96,11,549.36,396.14,36.87,79.30,0.58,-1,-1,-1
96,34,602.54,375.37,31.95,84.75,0.65,-1,-1,-1
96,35,271.60,195.50,22.30,49.69,0.53,-1,-1,-1
96,8,0.00,424.56,25.18,66.84,0.70,-1,-1,-1
96,36,6.35,694.32,28.54,60.51,0.57,-1,-1,-1
97,1,76.32,316.31,27.75,62.51,0.68,-1,-1,-1
97,2,773.76,163.75,15.47,25.11,0.41,-1,-1,-1
97,3,226.45,453.23,38.05,87.66,0.73,-1,-1,-1
97,4,84.47,366.85,32.02,69.07,0.61,-1,-1,-1
97,5,440.55,627.17,45.77,81.15,0.73,-1,-1,-1
97,6,381.85,608.97,51.56,94.05,0.57,-1,-1,-1
97,7,392.34,445.63,42.65,110.70,0.66,-1,-1,-1
97,9,262.55,229.02,18.86,40.54,0.45,-1,-1,-1
97,10,284.10,456.12,44.05,95.40,0.63,-1,-1,-1
97,12,731.47,367.77,29.67,74.89,0.62,-1,-1,-1
97,14,666.42,299.61,28.61,73.81,0.63,-1,-1,-1
97,15,707.87,387.72,35.49,90.88,0.76,-1,-1,-1
97,16,626.86,292.97,28.80,72.99,0.70,-1,-1,-1
97,17,537.69,341.51,28.65,77.71,0.48,-1,-1,-1
97,18,126.35,355.02,47.72,53.71,0.54,-1,-1,-1
97,19,726.85,267.87,21.30,35.72,0.52,-1,-1,-1
97,20,107.90,505.42,46.75,74.78,0.62,-1,-1,-1
97,21,667.49,680.00,45.79,73.50,0.65,-1,-1,-1
97,22,241.94,542.12,47.91,75.45,0.50,-1,-1,-1
97,25,267.09,367.40,33.90,51.61,0.55,-1,-1,-1
97,26,511.21,262.07,20.31,43.71,0.19,-1,-1,-1
97,28,285.32,263.12,24.00,46.12,0.41,-1,-1,-1
97,30,594.05,671.09,57.05,84.91,0.62,-1,-1,-1
97,31,232.40,264.02,23.42,50.27,0.63,-1,-1,-1
97,24,522.86,546.60,42.93,104.16,0.48,-1,-1,-1
97,32,316.69,318.71,22.40,42.53,0.71,-1,-1,-1
97,33,501.09,333.05,31.08,89.20,0.62,-1,-1,-1
97,11,546.54,398.18,36.57,79.45,0.61,-1,-1,-1
97,34,600.09,376.73,32.29,85.21,0.70,-1,-1,-1
97,35,274.37,195.81,22.53,50.13,0.66,-1,-1,-1
97,8,0.38,427.08,24.49,63.14,0.70,-1,-1,-1
97,36,9.79,691.69,30.33,63.47,0.62,-1,-1,-1
98,1,79.17,315.62,28.22,63.63,0.65,-1,-1,-1
98,2,774.66,162.51,15.95,25.97,0.40,-1,-1,-1
98,3,226.43,452.30,39.39,90.62,0.75,-1,-1,-1
98,4,85.32,364.70,31.95,69.58,0.61,-1,-1,-1
98,5,438.82,625.84,46.28,80.81,0.72,-1,-1,-1
98,6,381.77,607.95,51.89,94.42,0.56,-1,-1,-1
98,7,390.86,444.53,42.81,110.71,0.65,-1,-1,-1
98,9,264.27,228.40,18.26,39.45,0.46,-1,-1,-1
98,10,285.75,464.32,40.74,86.27,0.64,-1,-1,-1
98,12,731.90,369.55,27.36,67.67,0.52,-1,-1,-1
98,14,667.07,299.81,28.33,73.03,0.62,-1,-1,-1
98,15,710.11,389.96,36.10,90.76,0.71,-1,-1,-1
98,16,628.09,291.20,29.77,74.70,0.69,-1,-1,-1
98,17,536.81,342.07,28.85,78.01,0.56,-1,-1,-1
98,18,126.52,354.24,48.21,53.75,0.58,-1,-1,-1
98,19,727.98,267.87,21.36,35.55,0.52,-1,-1,-1
98,20,108.07,504.55,47.03,74.64,0.61,-1,-1,-1
98,21,665.78,679.87,45.93,73.79,0.70,-1,-1,-1
98,22,243.38,541.21,47.71,74.81,0.53,-1,-1,-1
98,25,269.24,365.74,34.35,52.60,0.50,-1,-1,-1
98,26,510.88,261.75,21.24,45.30,0.22,-1,-1,-1
98,28,286.63,262.70,23.60,45.76,0.48,-1,-1,-1
98,30,592.60,670.38,57.35,85.62,0.60,-1,-1,-1
98,31,232.48,263.62,25.75,55.89,0.59,-1,-1,-1
98,24,514.37,543.47,44.16,106.82,0.43,-1,-1,-1
98,32,316.92,318.04,22.65,42.86,0.65,-1,-1,-1
98,33,500.24,333.41,31.85,92.28,0.60,-1,-1,-1
98,11,542.35,399.96,36.91,80.96,0.61,-1,-1,-1
98,34,600.00,378.22,32.01,84.26,0.72,-1,-1,-1
98,35,276.32,195.12,22.57,50.32,0.60,-1,-1,-1
98,8,1.02,429.45,23.57,60.05,0.66,-1,-1,-1
98,36,14.92,686.30,32.98,68.02,0.78,-1,-1,-1
99,1,81.95,315.81,28.33,63.92,0.60,-1,-1,-1
99,2,776.36,164.26,15.13,24.32,0.36,-1,-1,-1
99,3,225.67,451.24,40.79,94.54,0.74,-1,-1,-1
99,4,87.27,363.83,31.89,69.60,0.63,-1,-1,-1
99,5,439.99,625.00,46.79,80.23,0.60,-1,-1,-1
99,6,380.94,606.78,52.59,95.24,0.54,-1,-1,-1
99,7,391.97,444.14,42.75,109.20,0.66,-1,-1,-1
99,9,266.11,228.33,17.12,37.07,0.55,-1,-1,-1
99,10,285.55,463.37,41.34,86.23,0.64,-1,-1,-1
99,12,729.86,370.18,26.32,62.81,0.48,-1,-1,-1
99,14,665.84,300.22,29.02,74.07,0.59,-1,-1,-1
99,15,711.24,390.92,37.07,91.79,0.70,-1,-1,-1
99,16,630.76,290.93,29.72,74.29,0.62,-1,-1,-1
99,17,535.79,342.55,29.11,78.32,0.52,-1,-1,-1
99,18,127.24,353.08,48.81,54.00,0.52,-1,-1,-1
99,19,729.96,267.81,21.21,35.33,0.51,-1,-1,-1
99,20,109.25,503.96,47.17,74.31,0.61,-1,-1,-1
99,21,664.69,679.13,45.99,74.08,0.74,-1,-1,-1
99,22,243.11,539.47,48.47,75.80,0.55,-1,-1,-1
99,25,271.18,364.57,33.07,50.77,0.51,-1,-1,-1
99,26,511.06,261.65,21.91,46.27,0.24,-1,-1,-1
99,28,288.52,262.46,22.40,43.86,0.54,-1,-1,-1
99,30,590.17,669.14,58.25,86.83,0.60,-1,-1,-1
99,31,234.22,263.13,25.36,55.96,0.61,-1,-1,-1
99,24,511.82,540.31,40.79,97.01,0.53,-1,-1,-1
99,32,318.56,317.33,21.99,41.71,0.62,-1,-1,-1
99,33,499.96,334.14,31.82,92.81,0.63,-1,-1,-1
99,11,536.99,402.94,39.76,88.05,0.62,-1,-1,-1
99,34,600.29,380.42,31.07,81.54,0.75,-1,-1,-1
99,35,278.68,194.84,22.88,51.30,0.59,-1,-1,-1
99,8,1.53,428.59,23.88,59.94,0.63,-1,-1,-1
99,36,20.53,678.45,37.78,76.56,0.67,-1,-1,-1
100,1,85.17,316.85,27.35,62.50,0.59,-1,-1,-1
100,2,778.22,164.08,14.86,23.57,0.14,-1,-1,-1
100,3,226.59,449.57,40.96,95.41,0.75,-1,-1,-1
100,4,90.27,364.45,31.44,68.07,0.56,-1,-1,-1
100,5,441.12,621.95,47.29,81.86,0.56,-1,-1,-1
100,6,379.74,605.72,53.57,96.35,0.56,-1,-1,-1
100,7,391.74,442.27,34.69,86.26,0.63,-1,-1,-1
100,9,267.33,227.26,17.29,37.44,0.57,-1,-1,-1
100,10,284.90,453.65,45.41,94.53,0.59,-1,-1,-1
100,12,726.96,370.29,27.43,63.47,0.43,-1,-1,-1
100,14,665.76,300.25,29.25,74.29,0.59,-1,-1,-1
100,15,713.36,392.24,37.20,91.21,0.74,-1,-1,-1
100,16,633.38,291.46,30.50,75.79,0.67,-1,-1,-1
100,17,534.28,341.08,30.89,83.94,0.59,-1,-1,-1
100,18,132.78,352.16,47.46,53.53,0.57,-1,-1,-1
100,19,731.94,267.52,21.20,35.01,0.52,-1,-1,-1
100,20,110.23,503.27,47.20,74.09,0.59,-1,-1,-1
100,21,662.41,677.87,47.00,76.35,0.75,-1,-1,-1
100,22,240.93,538.52,49.20,76.90,0.61,-1,-1,-1
100,25,272.17,363.84,32.70,50.35,0.41,-1,-1,-1
100,26,512.67,263.87,21.80,45.88,0.34,-1,-1,-1
100,28,290.11,261.82,22.22,43.96,0.53,-1,-1,-1
100,30,587.96,667.40,59.41,88.59,0.59,-1,-1,-1
100,31,236.21,262.29,24.17,53.89,0.64,-1,-1,-1
100,24,503.77,537.32,46.90,111.32,0.52,-1,-1,-1
100,32,320.16,317.00,21.21,40.23,0.57,-1,-1,-1
100,33,499.19,334.17,30.71,90.02,0.60,-1,-1,-1
100,11,533.93,408.29,39.80,88.35,0.59,-1,-1,-1
100,34,600.79,383.10,30.82,80.65,0.81,-1,-1,-1
100,35,281.17,194.67,22.87,51.40,0.64,-1,-1,-1
100,8,3.99,427.70,24.83,59.22,0.59,-1,-1,-1
100,36,31.62,673.09,41.61,82.11,0.70,-1,-1,-1
101,1,87.63,317.16,26.70,61.38,0.52,-1,-1,-1
101,2,779.16,165.11,15.12,23.85,0.44,-1,-1,-1
101,3,226.35,448.13,40.85,96.21,0.75,-1,-1,-1
101,4,91.21,362.59,31.84,69.07,0.67,-1,-1,-1
101,5,443.73,620.26,49.02,86.69,0.53,-1,-1,-1
101,6,379.02,604.52,53.95,96.20,0.61,-1,-1,-1
101,7,391.35,441.13,33.62,82.24,0.55,-1,-1,-1
101,9,268.47,226.85,17.05,36.63,0.44,-1,-1,-1
101,10,286.15,443.23,46.84,97.26,0.53,-1,-1,-1
101,12,726.03,369.64,25.28,55.92,0.25,-1,-1,-1
101,14,666.17,300.25,29.32,74.00,0.59,-1,-1,-1
101,15,716.77,388.97,38.57,94.08,0.78,-1,-1,-1
101,16,635.45,291.30,30.49,75.66,0.61,-1,-1,-1
101,17,532.27,341.38,32.10,88.45,0.58,-1,-1,-1
101,18,131.59,351.21,47.81,53.79,0.62,-1,-1,-1
101,19,732.11,266.55,22.50,36.28,0.52,-1,-1,-1
101,20,109.78,502.52,47.46,74.42,0.64,-1,-1,-1
101,21,660.34,676.97,47.71,78.38,0.76,-1,-1,-1
101,22,242.06,536.62,51.02,78.77,0.52,-1,-1,-1
101,25,273.60,363.55,31.68,49.14,0.39,-1,-1,-1
101,26,513.91,266.11,21.45,44.63,0.15,-1,-1,-1
101,28,291.69,261.75,21.92,43.74,0.53,-1,-1,-1
101,30,587.14,666.26,60.21,89.74,0.58,-1,-1,-1
101,31,237.38,261.32,24.27,54.87,0.50,-1,-1,-1
101,24,499.51,533.88,48.07,114.52,0.70,-1,-1,-1
101,32,320.92,316.38,20.61,39.01,0.59,-1,-1,-1
101,33,498.75,334.50,29.65,87.09,0.60,-1,-1,-1
101,11,533.14,415.33,37.61,83.41,0.47,-1,-1,-1
101,34,600.15,385.13,32.56,84.94,0.74,-1,-1,-1
101,35,283.73,194.35,22.96,51.90,0.65,-1,-1,-1
101,8,2.98,426.00,25.59,59.99,0.59,-1,-1,-1
101,36,41.13,666.44,45.86,88.28,0.76,-1,-1,-1
102,1,90.27,316.67,28.11,64.99,0.53,-1,-1,-1
102,2,780.78,166.21,14.50,22.59,0.36,-1,-1,-1
102,3,226.82,447.08,40.99,97.52,0.76,-1,-1,-1
102,4,92.92,362.94,31.26,67.64,0.72,-1,-1,-1
102,5,446.74,617.73,46.17,82.32,0.66,-1,-1,-1
102,6,377.89,603.32,54.49,96.15,0.60,-1,-1,-1
102,7,388.70,440.09,38.12,93.95,0.56,-1,-1,-1
102,9,270.14,226.10,17.07,36.61,0.35,-1,-1,-1
102,10,287.29,438.76,47.50,98.48,0.58,-1,-1,-1
102,12,723.02,369.00,28.99,63.46,0.21,-1,-1,-1
102,14,666.16,300.12,29.49,74.00,0.61,-1,-1,-1
102,15,719.41,387.97,38.80,93.94,0.77,-1,-1,-1
102,16,640.66,289.98,30.00,75.20,0.46,-1,-1,-1
102,17,531.13,342.51,31.35,86.93,0.66,-1,-1,-1
102,18,131.63,350.77,47.36,53.39,0.60,-1,-1,-1
102,19,733.60,266.54,22.28,35.93,0.56,-1,-1,-1
102,20,110.60,501.03,47.99,75.46,0.59,-1,-1,-1
102,21,658.39,675.94,48.17,79.86,0.76,-1,-1,-1
102,22,244.21,536.50,48.32,73.60,0.50,-1,-1,-1
102,25,275.60,363.01,30.74,48.28,0.42,-1,-1,-1
102,26,512.63,265.18,22.13,45.65,0.43,-1,-1,-1
102,28,295.00,261.12,20.94,41.57,0.37,-1,-1,-1
102,30,584.51,663.66,61.92,92.34,0.55,-1,-1,-1
102,31,237.44,259.74,25.37,58.34,0.36,-1,-1,-1
102,24,494.44,529.46,49.04,117.97,0.75,-1,-1,-1
102,32,321.54,315.93,20.41,38.43,0.57,-1,-1,-1
102,33,497.85,334.54,30.15,89.15,0.60,-1,-1,-1
102,11,533.36,419.02,38.33,85.27,0.58,-1,-1,-1
102,34,600.77,387.31,33.29,86.89,0.76,-1,-1,-1
102,35,286.80,193.43,23.04,52.46,0.48,-1,-1,-1
102,8,3.99,424.06,26.38,59.75,0.58,-1,-1,-1
102,36,49.68,660.63,50.05,94.57,0.74,-1,-1,-1
103,1,94.11,316.06,27.28,63.07,0.62,-1,-1,-1
103,2,781.45,163.92,15.79,24.70,0.33,-1,-1,-1
103,3,227.93,446.25,40.49,96.92,0.75,-1,-1,-1
103,4,94.57,361.49,31.48,68.38,0.71,-1,-1,-1
103,5,448.95,614.97,44.84,80.29,0.62,-1,-1,-1
103,6,375.92,602.03,55.17,96.20,0.58,-1,-1,-1
103,7,391.12,439.42,33.16,80.77,0.62,-1,-1,-1
103,9,271.98,227.09,16.73,35.61,0.32,-1,-1,-1
103,10,288.05,441.69,47.64,100.04,0.61,-1,-1,-1
103,12,719.24,369.05,32.54,71.12,0.30,-1,-1,-1
103,14,665.56,299.86,29.62,73.57,0.56,-1,-1,-1
103,15,718.97,385.83,40.39,96.83,0.63,-1,-1,-1
103,16,645.54,288.82,28.29,70.86,0.49,-1,-1,-1
103,17,530.31,342.38,30.95,86.43,0.66,-1,-1,-1
103,18,132.80,350.08,45.99,52.03,0.64,-1,-1,-1
103,19,733.65,266.13,22.90,36.59,0.60,-1,-1,-1
103,20,111.80,499.10,48.95,76.82,0.59,-1,-1,-1
103,21,656.70,674.77,48.43,81.20,0.73,-1,-1,-1
103,22,246.62,534.20,47.89,71.93,0.58,-1,-1,-1
103,25,277.70,362.08,30.15,48.13,0.37,-1,-1,-1
103,26,513.63,263.90,20.66,42.24,0.35,-1,-1,-1
103,28,296.24,259.99,21.99,43.75,0.55,-1,-1,-1
103,30,583.31,662.48,62.87,93.52,0.55,-1,-1,-1
103,31,238.70,259.86,24.49,56.97,0.57,-1,-1,-1
103,24,489.56,525.87,50.43,122.61,0.73,-1,-1,-1
103,32,322.05,315.29,20.28,37.82,0.58,-1,-1,-1
103,33,496.60,334.12,30.66,91.56,0.66,-1,-1,-1
103,11,533.61,421.88,40.14,90.62,0.59,-1,-1,-1
103,34,601.43,389.06,33.80,87.81,0.75,-1,-1,-1
103,35,289.02,191.77,23.37,53.69,0.55,-1,-1,-1
103,8,4.93,424.45,26.38,57.07,0.64,-1,-1,-1
103,36,57.76,657.20,52.10,97.47,0.72,-1,-1,-1
104,1,95.69,314.92,28.93,67.41,0.64,-1,-1,-1
104,2,783.26,165.33,15.20,23.67,0.37,-1,-1,-1
104,3,228.65,445.32,39.78,95.74,0.71,-1,-1,-1
104,4,97.05,359.96,31.55,68.90,0.67,-1,-1,-1
104,5,449.75,612.65,44.08,79.05,0.67,-1,-1,-1
104,6,374.83,600.74,55.54,96.02,0.61,-1,-1,-1
104,7,388.45,438.53,37.10,91.44,0.57,-1,-1,-1
104,9,273.08,224.86,17.18,36.32,0.35,-1,-1,-1
104,10,288.25,441.72,47.38,100.68,0.65,-1,-1,-1
104,12,715.03,369.45,36.77,78.71,0.61,-1,-1,-1
104,14,661.15,297.06,31.44,75.91,0.57,-1,-1,-1
104,15,725.42,397.75,36.91,88.95,0.49,-1,-1,-1
104,16,648.70,288.65,27.98,70.08,0.35,-1,-1,-1
104,17,529.10,342.50,30.82,86.33,0.55,-1,-1,-1
104,18,135.04,348.81,48.28,53.73,0.54,-1,-1,-1
104,19,734.15,265.91,23.04,36.53,0.59,-1,-1,-1
104,20,112.34,497.38,49.06,76.90,0.56,-1,-1,-1
104,21,655.12,673.06,48.56,82.43,0.76,-1,-1,-1
104,22,248.13,532.79,47.98,71.60,0.62,-1,-1,-1
104,25,278.15,362.13,29.36,47.45,0.44,-1,-1,-1
104,26,514.33,265.04,21.46,43.03,0.47,-1,-1,-1
104,28,298.05,259.11,22.01,43.94,0.51,-1,-1,-1
104,30,584.90,660.67,63.04,95.19,0.65,-1,-1,-1
104,31,238.38,252.25,25.57,59.76,0.41,-1,-1,-1
104,24,483.65,524.17,50.77,123.91,0.60,-1,-1,-1
104,32,322.08,314.41,20.36,37.74,0.59,-1,-1,-1
104,33,495.64,333.85,30.69,92.11,0.64,-1,-1,-1
104,11,532.74,422.93,42.78,97.85,0.62,-1,-1,-1
104,34,602.10,391.88,33.90,86.82,0.69,-1,-1,-1
104,35,292.53,192.12,20.76,47.59,0.52,-1,-1,-1
104,8,5.74,423.46,27.44,56.77,0.57,-1,-1,-1
104,36,66.26,655.07,53.61,99.89,0.66,-1,-1,-1
105,1,98.90,314.74,26.90,62.27,0.65,-1,-1,-1
105,2,784.49,164.43,15.40,23.97,0.41,-1,-1,-1
105,3,230.55,443.73,36.75,88.18,0.70,-1,-1,-1
105,4,98.37,358.12,31.66,69.41,0.67,-1,-1,-1
105,5,455.89,610.68,42.77,74.22,0.52,-1,-1,-1
105,6,375.77,599.82,55.73,96.54,0.57,-1,-1,-1
105,7,385.81,436.88,39.93,99.31,0.55,-1,-1,-1
105,9,274.17,222.65,16.96,35.79,0.45,-1,-1,-1
105,10,289.36,442.26,46.48,100.42,0.61,-1,-1,-1
105,12,710.72,369.36,38.65,82.61,0.61,-1,-1,-1
105,14,656.70,291.51,33.40,80.52,0.57,-1,-1,-1
105,15,729.69,405.38,34.66,84.31,0.60,-1,-1,-1
105,17,528.26,342.08,30.89,86.59,0.52,-1,-1,-1
105,18,137.81,347.18,49.81,55.13,0.52,-1,-1,-1
105,19,737.67,266.45,22.37,35.37,0.52,-1,-1,-1
105,20,113.68,496.19,47.99,75.23,0.63,-1,-1,-1
105,21,653.98,671.92,47.92,82.28,0.73,-1,-1,-1
105,22,247.60,531.09,49.14,73.07,0.71,-1,-1,-1
105,25,280.31,362.19,28.94,47.09,0.49,-1,-1,-1
105,26,516.02,264.27,21.86,43.49,0.38,-1,-1,-1
105,28,299.40,258.29,20.95,41.68,0.54,-1,-1,-1
105,30,586.65,659.49,62.64,96.37,0.66,-1,-1,-1
105,31,240.69,252.99,24.51,56.62,0.31,-1,-1,-1
105,24,478.71,521.93,50.49,123.61,0.66,-1,-1,-1
105,32,321.50,313.31,20.51,37.88,0.57,-1,-1,-1
105,33,494.52,333.27,31.30,93.94,0.64,-1,-1,-1
105,11,533.63,431.11,41.55,94.85,0.62,-1,-1,-1
105,34,605.03,394.05,32.45,82.31,0.67,-1,-1,-1
105,35,296.65,191.11,17.63,39.63,0.53,-1,-1,-1
105,8,6.39,422.42,28.50,56.41,0.58,-1,-1,-1
105,36,75.81,649.99,55.70,103.46,0.83,-1,-1,-1
106,1,100.54,315.52,26.42,60.60,0.62,-1,-1,-1
106,2,786.08,164.11,15.17,23.40,0.35,-1,-1,-1
106,3,230.67,442.54,38.39,92.58,0.70,-1,-1,-1
106,4,99.98,356.99,31.33,69.27,0.59,-1,-1,-1
106,5,457.09,608.44,42.62,72.67,0.43,-1,-1,-1
106,6,374.37,597.84,56.30,96.97,0.62,-1,-1,-1
106,7,383.59,435.27,41.25,102.60,0.60,-1,-1,-1
106,9,274.60,221.68,16.84,35.16,0.42,-1,-1,-1
106,10,289.27,437.46,47.46,104.13,0.65,-1,-1,-1
106,12,708.17,368.01,38.35,82.21,0.63,-1,-1,-1
106,14,655.20,289.49,34.55,83.88,0.60,-1,-1,-1
106,15,731.71,408.44,33.85,83.20,0.58,-1,-1,-1
106,17,527.10,341.84,31.27,87.12,0.50,-1,-1,-1
106,18,138.83,345.56,51.61,57.37,0.48,-1,-1,-1
106,19,739.87,265.96,22.57,35.44,0.56,-1,-1,-1
106,20,114.26,494.49,47.59,74.30,0.60,-1,-1,-1
106,21,652.54,670.83,47.54,82.50,0.70,-1,-1,-1
106,22,246.97,529.65,50.46,74.99,0.65,-1,-1,-1
106,25,282.01,362.31,28.09,45.70,0.55,-1,-1,-1
106,26,519.27,263.16,22.28,44.28,0.32,-1,-1,-1
106,28,301.80,257.99,21.55,42.66,0.54,-1,-1,-1
106,30,587.96,659.04,61.44,96.53,0.73,-1,-1,-1
106,31,243.51,254.66,22.27,50.77,0.49,-1,-1,-1
106,24,475.00,520.47,50.04,123.26,0.70,-1,-1,-1
106,32,319.62,311.93,21.21,38.98,0.58,-1,-1,-1
106,33,493.65,332.91,31.33,93.68,0.60,-1,-1,-1
106,11,536.69,432.65,41.54,94.35,0.45,-1,-1,-1
106,34,606.65,395.41,32.44,82.26,0.66,-1,-1,-1
106,35,297.23,190.65,20.45,46.07,0.66,-1,-1,-1
106,8,9.41,420.56,30.10,57.25,0.56,-1,-1,-1
106,36,82.54,644.48,58.03,108.73,0.82,-1,-1,-1
107,1,101.98,316.40,27.47,63.17,0.59,-1,-1,-1
107,2,787.42,163.61,15.16,23.29,0.49,-1,-1,-1
107,3,231.00,441.47,39.17,94.74,0.68,-1,-1,-1
107,4,100.31,356.32,30.41,68.03,0.53,-1,-1,-1
107,5,455.86,606.76,43.49,72.85,0.51,-1,-1,-1
107,6,373.44,596.71,56.60,97.76,0.60,-1,-1,-1
107,7,383.39,433.08,43.34,107.88,0.42,-1,-1,-1
107,9,276.05,221.76,17.25,35.68,0.51,-1,-1,-1
107,10,288.96,435.29,47.15,105.01,0.65,-1,-1,-1
107,12,706.54,366.96,38.16,82.22,0.70,-1,-1,-1
107,14,654.90,288.04,35.07,86.24,0.62,-1,-1,-1
107,15,733.06,408.20,34.29,84.53,0.66,-1,-1,-1
107,17,526.63,341.58,31.46,87.00,0.51,-1,-1,-1
107,18,150.23,345.26,41.85,46.77,0.57,-1,-1,-1
107,19,741.96,265.14,22.45,35.47,0.59,-1,-1,-1
107,20,116.05,493.03,46.46,72.09,0.55,-1,-1,-1
107,21,650.75,669.40,48.19,84.72,0.70,-1,-1,-1
107,22,246.89,528.48,51.03,75.91,0.59,-1,-1,-1
107,25,283.32,361.90,28.02,45.25,0.47,-1,-1,-1
107,26,520.61,262.53,22.25,44.20,0.35,-1,-1,-1
107,28,303.56,257.38,21.82,43.04,0.53,-1,-1,-1
107,30,588.83,658.82,60.53,96.88,0.69,-1,-1,-1
107,31,246.19,255.83,21.19,48.16,0.61,-1,-1,-1
107,24,473.13,519.72,50.05,122.74,0.51,-1,-1,-1
107,32,318.60,310.92,21.79,39.96,0.60,-1,-1,-1
107,33,492.80,332.93,31.47,93.65,0.53,-1,-1,-1
107,11,541.04,429.82,42.45,97.54,0.55,-1,-1,-1
107,34,607.16,394.44,33.82,86.03,0.73,-1,-1,-1
107,35,299.51,190.13,20.62,46.65,0.62,-1,-1,-1
107,8,8.95,418.90,31.81,58.12,0.53,-1,-1,-1
107,36,88.78,641.32,59.03,112.29,0.79,-1,-1,-1
108,1,104.69,316.91,26.51,61.13,0.56,-1,-1,-1
108,2,788.18,162.51,15.81,24.32,0.46,-1,-1,-1
108,3,230.40,439.63,40.28,97.98,0.62,-1,-1,-1
108,4,101.52,354.75,30.70,69.03,0.57,-1,-1,-1
108,5,454.35,604.79,44.64,73.88,0.51,-1,-1,-1
108,6,374.28,595.54,56.27,97.39,0.60,-1,-1,-1
108,7,380.71,430.55,43.68,107.94,0.40,-1,-1,-1
108,9,277.06,220.84,17.89,36.91,0.55,-1,-1,-1
108,10,289.66,434.05,46.62,105.09,0.61,-1,-1,-1
108,12,704.41,366.76,38.94,84.52,0.68,-1,-1,-1
108,14,656.61,290.81,34.34,85.21,0.52,-1,-1,-1
108,15,734.98,402.66,36.41,88.69,0.71,-1,-1,-1
108,17,525.47,341.52,31.78,87.25,0.50,-1,-1,-1
108,18,154.49,344.99,39.34,44.27,0.47,-1,-1,-1
108,19,741.99,264.78,22.82,35.87,0.54,-1,-1,-1
108,20,117.53,491.20,47.44,73.61,0.60,-1,-1,-1
108,21,649.25,669.50,48.55,85.82,0.78,-1,-1,-1
108,22,244.99,528.38,50.48,74.97,0.52,-1,-1,-1
108,25,286.39,360.90,27.39,44.14,0.43,-1,-1,-1
108,26,521.02,262.16,22.56,44.66,0.42,-1,-1,-1
108,28,304.95,257.11,21.80,43.03,0.57,-1,-1,-1
108,30,589.79,658.53,59.50,96.93,0.64,-1,-1,-1
108,31,248.04,255.50,20.23,45.61,0.66,-1,-1,-1
108,24,465.37,517.94,48.24,117.75,0.59,-1,-1,-1
108,32,319.16,310.45,21.11,39.21,0.62,-1,-1,-1
108,33,493.32,332.73,31.20,93.31,0.50,-1,-1,-1
108,11,545.26,429.30,42.48,99.76,0.63,-1,-1,-1
108,34,609.17,395.17,34.12,87.28,0.66,-1,-1,-1
108,35,303.15,189.87,18.93,42.57,0.57,-1,-1,-1
108,8,10.19,416.90,34.14,58.71,0.54,-1,-1,-1
108,36,94.71,639.49,59.49,114.20,0.68,-1,-1,-1
109,1,107.92,317.04,27.10,62.45,0.59,-1,-1,-1
109,2,789.10,161.84,16.30,25.45,0.47,-1,-1,-1
109,3,230.82,438.19,39.95,97.82,0.56,-1,-1,-1
109,4,102.40,352.88,30.92,70.07,0.57,-1,-1,-1
109,5,454.79,603.73,45.84,74.83,0.42,-1,-1,-1
109,6,376.65,594.51,54.98,95.96,0.57,-1,-1,-1
109,7,380.90,429.29,38.57,92.56,0.31,-1,-1,-1
109,9,278.01,219.97,18.63,38.44,0.62,-1,-1,-1
109,10,290.15,433.55,45.96,104.62,0.52,-1,-1,-1
109,12,702.67,366.17,38.86,85.40,0.71,-1,-1,-1
109,14,658.30,292.09,33.65,84.30,0.60,-1,-1,-1
109,15,736.67,400.55,38.05,91.67,0.73,-1,-1,-1
109,17,525.00,341.19,31.99,87.06,0.52,-1,-1,-1
109,18,148.73,344.89,44.03,49.32,0.55,-1,-1,-1
109,19,743.06,264.05,22.65,35.88,0.55,-1,-1,-1
109,20,118.43,489.62,47.49,74.03,0.60,-1,-1,-1
109,21,647.60,667.51,48.91,87.27,0.76,-1,-1,-1
109,22,244.74,527.62,50.44,74.25,0.49,-1,-1,-1
109,25,286.72,357.65,29.41,47.60,0.46,-1,-1,-1
109,26,518.17,259.49,23.18,45.75,0.35,-1,-1,-1
109,28,306.54,256.45,21.68,42.93,0.47,-1,-1,-1
109,30,589.64,657.53,59.34,98.02,0.65,-1,-1,-1
109,31,248.87,254.40,23.12,52.23,0.50,-1,-1,-1
109,24,460.07,516.92,43.66,105.99,0.53,-1,-1,-1
109,32,319.29,309.72,21.02,39.03,0.57,-1,-1,-1
109,33,493.49,333.31,29.86,88.79,0.47,-1,-1,-1
109,11,552.24,440.93,38.36,90.97,0.62,-1,-1,-1
109,34,611.30,396.06,35.15,90.96,0.62,-1,-1,-1
109,35,305.31,189.39,18.73,41.82,0.54,-1,-1,-1
109,8,11.35,415.93,34.90,57.33,0.58,-1,-1,-1
109,36,100.19,638.39,60.31,115.58,0.67,-1,-1,-1
110,1,110.15,316.36,27.75,63.73,0.59,-1,-1,-1
110,2,790.40,161.58,15.72,24.87,0.41,-1,-1,-1
110,3,233.26,437.27,36.28,87.64,0.57,-1,-1,-1
110,4,106.60,353.49,30.23,68.18,0.64,-1,-1,-1
110,5,453.18,604.45,46.43,75.25,0.40,-1,-1,-1
110,6,379.02,593.92,52.92,93.03,0.50,-1,-1,-1
110,7,382.50,427.74,39.99,95.04,0.28,-1,-1,-1
110,9,278.31,219.11,19.48,40.07,0.47,-1,-1,-1
110,10,290.96,433.09,45.13,103.55,0.51,-1,-1,-1
110,12,701.91,366.58,36.05,80.06,0.66,-1,-1,-1
110,14,659.68,292.15,33.26,84.31,0.68,-1,-1,-1
110,15,738.79,400.19,39.17,92.57,0.72,-1,-1,-1
110,17,524.18,340.58,32.44,87.33,0.54,-1,-1,-1
110,18,146.68,344.08,46.30,51.26,0.58,-1,-1,-1
110,19,743.87,263.57,22.88,36.31,0.54,-1,-1,-1
110,20,120.35,488.67,46.05,71.66,0.62,-1,-1,-1
110,21,646.46,665.47,49.16,88.72,0.79,-1,-1,-1
110,22,247.92,525.79,49.09,72.29,0.52,-1,-1,-1
110,25,287.14,354.61,31.06,50.76,0.47,-1,-1,-1
110,26,520.26,258.71,23.78,47.37,0.30,-1,-1,-1
110,28,307.52,256.03,21.86,43.30,0.39,-1,-1,-1
110,30,591.29,656.39,58.35,98.24,0.65,-1,-1,-1
110,31,250.06,254.10,24.54,56.10,0.55,-1,-1,-1
110,24,453.46,514.50,42.29,101.33,0.54,-1,-1,-1
110,32,318.86,308.05,20.99,39.24,0.60,-1,-1,-1
110,33,493.02,333.51,29.74,88.63,0.48,-1,-1,-1
110,11,553.25,438.15,40.81,97.78,0.61,-1,-1,-1
110,34,612.70,397.65,35.52,92.44,0.70,-1,-1,-1
110,35,306.25,188.94,20.56,46.14,0.66,-1,-1,-1
110,8,11.12,414.34,36.55,57.31,0.56,-1,-1,-1
110,36,106.94,637.96,60.44,115.14,0.71,-1,-1,-1
111,1,112.07,315.19,27.89,63.80,0.62,-1,-1,-1
111,2,791.83,162.01,15.56,24.91,0.41,-1,-1,-1
111,3,234.52,436.46,35.95,85.97,0.64,-1,-1,-1
111,4,109.33,354.13,29.67,66.43,0.64,-1,-1,-1
111,5,451.74,601.13,48.11,76.88,0.42,-1,-1,-1
111,6,376.69,592.73,53.13,93.16,0.52,-1,-1,-1
111,7,381.75,426.12,40.22,93.40,0.28,-1,-1,-1
111,9,278.89,218.07,19.80,40.68,0.40,-1,-1,-1
111,10,291.89,432.34,44.50,103.09,0.51,-1,-1,-1
111,12,700.93,366.93,34.98,78.43,0.67,-1,-1,-1
111,14,660.22,291.23,33.13,84.85,0.66,-1,-1,-1
111,15,744.73,400.76,38.50,91.10,0.82,-1,-1,-1
111,17,523.85,339.97,32.78,86.96,0.56,-1,-1,-1
111,18,148.23,343.23,46.55,51.37,0.53,-1,-1,-1
111,19,744.72,262.95,23.19,36.66,0.53,-1,-1,-1
111,20,120.47,486.04,47.93,74.68,0.62,-1,-1,-1
111,21,645.09,662.86,49.56,90.88,0.79,-1,-1,-1
111,22,248.69,524.74,49.31,72.61,0.55,-1,-1,-1
111,25,287.60,352.47,31.60,52.23,0.46,-1,-1,-1
111,26,517.27,256.11,24.12,48.17,0.34,-1,-1,-1
111,28,310.70,255.21,21.39,42.03,0.47,-1,-1,-1
111,30,591.39,654.99,58.07,99.42,0.67,-1,-1,-1
111,31,253.24,254.05,23.51,54.29,0.50,-1,-1,-1
111,24,446.66,510.85,44.84,108.33,0.64,-1,-1,-1
111,32,318.39,306.52,21.50,40.62,0.62,-1,-1,-1
111,33,492.10,334.01,30.07,90.22,0.44,-1,-1,-1
111,11,558.41,434.76,44.96,107.89,0.57,-1,-1,-1
111,34,614.33,399.17,34.96,91.15,0.73,-1,-1,-1
111,35,307.94,188.21,21.60,48.79,0.59,-1,-1,-1
111,8,12.87,413.91,36.15,56.37,0.52,-1,-1,-1
111,36,115.26,638.15,59.59,114.50,0.60,-1,-1,-1
112,1,115.04,314.66,27.06,61.86,0.62,-1,-1,-1
112,2,793.09,162.86,15.36,24.70,0.46,-1,-1,-1
112,3,235.62,435.72,36.26,86.00,0.60,-1,-1,-1
112,4,111.31,353.87,29.29,65.46,0.71,-1,-1,-1
112,5,452.03,603.47,47.51,75.49,0.17,-1,-1,-1
112,6,375.23,591.57,53.36,93.06,0.53,-1,-1,-1
112,7,382.74,425.34,43.34,101.15,0.23,-1,-1,-1
112,9,279.43,217.52,19.75,40.60,0.47,-1,-1,-1
112,10,292.80,427.51,45.90,106.85,0.53,-1,-1,-1
112,12,700.35,366.19,34.13,77.21,0.69,-1,-1,-1
112,14,660.53,290.77,33.07,85.01,0.67,-1,-1,-1
112,15,750.15,402.05,38.60,89.52,0.82,-1,-1,-1
112,17,523.61,339.54,33.08,86.65,0.58,-1,-1,-1
112,18,149.74,342.28,47.06,51.77,0.49,-1,-1,-1
112,19,747.23,262.57,23.36,36.70,0.56,-1,-1,-1
112,20,121.22,486.02,47.10,73.20,0.58,-1,-1,-1
112,21,643.58,661.34,49.54,92.22,0.74,-1,-1,-1
112,22,249.11,522.97,50.17,74.30,0.63,-1,-1,-1
112,25,288.85,352.57,30.94,51.57,0.54,-1,-1,-1
112,26,517.61,254.09,23.12,46.01,0.49,-1,-1,-1
112,28,312.41,254.38,22.01,43.00,0.47,-1,-1,-1
112,30,591.61,653.32,57.46,100.11,0.58,-1,-1,-1
112,31,254.17,250.74,23.51,54.93,0.46,-1,-1,-1
112,24,442.29,509.16,46.16,112.37,0.63,-1,-1,-1
112,32,317.92,304.77,21.93,41.42,0.64,-1,-1,-1
112,33,493.83,342.98,28.47,83.32,0.25,-1,-1,-1
112,11,561.97,436.31,47.40,113.08,0.54,-1,-1,-1
112,34,616.68,399.90,34.79,90.41,0.68,-1,-1,-1
112,35,309.87,189.11,21.99,50.23,0.53,-1,-1,-1
112,8,13.83,413.03,36.19,56.31,0.53,-1,-1,-1
112,36,121.29,637.29,60.06,115.59,0.75,-1,-1,-1
112,37,228.65,603.99,40.71,24.40,0.54,-1,-1,-1
113,1,117.50,315.07,26.46,60.38,0.56,-1,-1,-1
113,2,794.07,163.55,14.67,23.57,0.44,-1,-1,-1
113,3,236.94,434.89,35.35,82.68,0.64,-1,-1,-1
113,4,112.63,351.99,29.43,65.68,0.65,-1,-1,-1
113,5,444.00,599.27,48.71,78.96,0.30,-1,-1,-1
113,6,373.81,590.58,53.40,92.51,0.56,-1,-1,-1
113,7,383.86,424.05,43.66,102.43,0.42,-1,-1,-1
113,9,281.07,217.74,18.62,37.60,0.57,-1,-1,-1
113,10,293.76,425.27,46.06,107.50,0.45,-1,-1,-1
113,12,699.67,365.13,33.14,75.57,0.71,-1,-1,-1
113,14,661.31,292.57,32.36,82.75,0.55,-1,-1,-1
113,15,754.75,402.63,39.95,89.52,0.66,-1,-1,-1
113,17,524.20,338.79,33.30,86.63,0.61,-1,-1,-1
113,18,151.07,341.27,47.43,52.02,0.48,-1,-1,-1
113,19,748.72,262.44,23.47,36.73,0.56,-1,-1,-1
113,20,121.70,485.44,47.70,73.72,0.58,-1,-1,-1
113,21,641.99,659.63,49.71,93.83,0.74,-1,-1,-1
113,22,249.32,520.27,50.66,75.50,0.50,-1,-1,-1
113,25,290.92,353.64,29.79,49.79,0.59,-1,-1,-1
113,26,519.62,252.57,22.93,45.85,0.47,-1,-1,-1
113,28,313.55,254.06,22.35,43.88,0.54,-1,-1,-1
113,30,589.51,650.82,58.46,102.91,0.60,-1,-1,-1
113,31,256.19,250.29,24.74,58.95,0.34,-1,-1,-1
113,24,438.98,509.92,50.30,124.44,0.45,-1,-1,-1
113,32,318.13,303.59,21.47,40.01,0.59,-1,-1,-1
113,33,492.54,337.64,28.57,84.57,0.38,-1,-1,-1
113,11,564.55,441.56,46.59,110.40,0.65,-1,-1,-1
113,34,621.01,401.34,35.00,88.72,0.71,-1,-1,-1
113,35,312.97,187.95,20.42,46.51,0.56,-1,-1,-1
113,8,14.38,411.99,36.16,55.77,0.56,-1,-1,-1
113,36,130.41,636.74,59.45,114.35,0.75,-1,-1,-1
113,37,229.14,603.05,40.24,24.09,0.22,-1,-1,-1
114,1,120.22,316.16,25.24,57.50,0.60,-1,-1,-1
114,2,795.32,163.68,14.27,22.82,0.46,-1,-1,-1
114,3,237.84,434.17,35.74,83.25,0.65,-1,-1,-1
114,4,113.16,350.47,30.20,66.97,0.75,-1,-1,-1
114,5,441.45,600.20,46.73,77.02,0.44,-1,-1,-1
114,6,373.51,589.33,53.25,92.33,0.56,-1,-1,-1
114,7,382.74,423.21,40.86,93.55,0.45,-1,-1,-1
114,9,281.41,217.98,18.04,36.08,0.52,-1,-1,-1
114,10,295.08,424.60,45.02,104.83,0.53,-1,-1,-1
114,12,698.48,364.06,32.89,75.78,0.72,-1,-1,-1
114,14,660.49,293.08,31.78,80.89,0.46,-1,-1,-1
114,15,756.69,403.47,40.85,88.79,0.59,-1,-1,-1
114,17,525.12,338.26,33.37,86.19,0.63,-1,-1,-1
114,18,153.87,340.02,47.38,51.75,0.46,-1,-1,-1
114,19,750.37,262.75,22.95,35.92,0.56,-1,-1,-1
114,20,122.56,485.02,47.79,73.46,0.57,-1,-1,-1
114,21,639.62,658.54,49.96,95.64,0.69,-1,-1,-1
114,22,250.49,520.58,47.88,72.24,0.52,-1,-1,-1
114,25,292.49,353.59,29.63,49.78,0.48,-1,-1,-1
114,26,521.43,251.72,22.40,44.84,0.54,-1,-1,-1
114,28,317.08,253.94,20.64,39.90,0.42,-1,-1,-1
114,30,588.69,650.16,58.59,104.29,0.55,-1,-1,-1
114,31,258.55,247.00,23.36,56.34,0.43,-1,-1,-1
114,32,318.74,302.69,21.58,39.78,0.58,-1,-1,-1
114,33,492.45,335.72,28.38,84.74,0.35,-1,-1,-1
114,11,568.97,441.84,46.56,110.44,0.75,-1,-1,-1
114,34,622.91,402.54,35.48,87.66,0.70,-1,-1,-1
114,35,314.46,187.45,21.02,48.10,0.68,-1,-1,-1
114,8,16.72,410.02,36.13,55.40,0.62,-1,-1,-1
114,36,136.06,635.32,57.55,113.17,0.50,-1,-1,-1
114,37,230.31,601.49,39.15,23.39,0.19,-1,-1,-1
114,38,1.39,211.69,14.53,41.92,0.72,-1,-1,-1
115,1,122.44,317.93,24.62,55.84,0.52,-1,-1,-1
115,2,796.57,165.05,13.49,21.15,0.35,-1,-1,-1
115,3,237.63,432.86,37.05,86.34,0.65,-1,-1,-1
115,4,114.77,349.04,30.41,67.44,0.72,-1,-1,-1
115,5,438.98,590.61,48.20,81.25,0.34,-1,-1,-1
115,6,373.32,588.57,52.56,91.41,0.59,-1,-1,-1
115,7,384.59,422.01,35.77,77.92,0.49,-1,-1,-1
115,9,281.67,217.57,18.17,36.28,0.52,-1,-1,-1
115,10,295.58,423.56,45.19,105.21,0.63,-1,-1,-1
115,12,696.12,361.69,34.95,81.91,0.72,-1,-1,-1
115,14,659.39,297.98,29.90,76.14,0.51,-1,-1,-1
115,15,763.16,403.21,42.26,90.79,0.55,-1,-1,-1
115,17,525.47,337.69,33.46,86.28,0.69,-1,-1,-1
115,18,156.73,338.87,47.80,51.98,0.51,-1,-1,-1
115,19,751.24,262.42,23.11,36.15,0.53,-1,-1,-1
115,20,123.20,483.94,47.82,73.34,0.53,-1,-1,-1
115,21,637.39,658.00,49.32,95.22,0.71,-1,-1,-1
115,22,250.88,520.05,47.18,71.35,0.58,-1,-1,-1
115,25,293.91,353.20,29.45,49.83,0.57,-1,-1,-1
115,26,523.33,251.09,21.22,42.44,0.56,-1,-1,-1
115,28,316.97,253.36,21.66,42.32,0.47,-1,-1,-1
115,30,588.17,649.70,58.30,105.61,0.43,-1,-1,-1
115,31,259.84,241.25,23.70,58.07,0.45,-1,-1,-1
115,32,319.78,301.97,21.92,40.48,0.61,-1,-1,-1
115,33,493.22,335.07,26.48,78.75,0.36,-1,-1,-1
115,11,576.67,442.10,44.98,109.24,0.67,-1,-1,-1
115,34,623.46,404.23,36.04,87.37,0.64,-1,-1,-1
115,35,316.41,187.08,21.54,49.70,0.57,-1,-1,-1
115,8,18.74,409.21,36.01,54.69,0.61,-1,-1,-1
115,36,147.00,633.59,59.88,117.09,0.62,-1,-1,-1
115,37,229.97,599.56,39.90,23.82,0.20,-1,-1,-1
115,38,2.88,211.51,15.05,43.09,0.71,-1,-1,-1
116,1,125.55,319.47,25.70,58.41,0.55,-1,-1,-1
116,2,797.43,164.95,13.10,20.21,0.21,-1,-1,-1
116,3,237.72,431.19,38.21,89.36,0.64,-1,-1,-1
116,4,116.18,346.60,30.67,68.43,0.68,-1,-1,-1
116,5,438.22,591.27,47.69,82.32,0.48,-1,-1,-1
116,6,374.52,587.22,47.32,83.55,0.61,-1,-1,-1
116,7,386.37,421.39,33.44,69.83,0.48,-1,-1,-1
116,9,282.00,217.24,18.28,36.48,0.57,-1,-1,-1
116,10,296.03,422.86,45.15,105.16,0.62,-1,-1,-1
116,12,695.03,360.21,35.45,84.38,0.73,-1,-1,-1
116,14,659.25,297.39,30.51,77.20,0.50,-1,-1,-1
116,15,765.62,402.72,43.15,90.88,0.62,-1,-1,-1
116,17,525.75,336.66,33.79,87.28,0.72,-1,-1,-1
116,18,157.05,337.49,49.68,53.96,0.56,-1,-1,-1
116,19,751.57,262.17,23.08,35.99,0.59,-1,-1,-1
116,20,123.69,482.52,47.51,72.75,0.51,-1,-1,-1
116,21,635.73,657.92,49.24,95.88,0.70,-1,-1,-1
116,22,252.13,519.31,46.14,69.38,0.66,-1,-1,-1
116,25,294.35,353.34,29.67,50.52,0.50,-1,-1,-1
116,26,524.29,250.93,21.00,42.09,0.51,-1,-1,-1
116,28,319.41,252.84,21.67,42.17,0.39,-1,-1,-1
116,30,588.50,647.57,56.58,103.87,0.38,-1,-1,-1
116,31,262.06,239.34,23.87,58.81,0.43,-1,-1,-1
116,32,320.42,301.04,21.90,40.51,0.61,-1,-1,-1
116,33,493.07,334.88,27.72,82.66,0.32,-1,-1,-1
116,11,584.53,444.22,43.24,105.98,0.55,-1,-1,-1
116,34,624.66,405.27,35.98,85.86,0.61,-1,-1,-1
116,35,318.91,186.55,21.02,48.98,0.58,-1,-1,-1
116,8,20.45,408.37,36.17,54.71,0.59,-1,-1,-1
116,36,155.67,632.39,61.13,119.07,0.67,-1,-1,-1
116,37,229.67,598.34,40.61,24.25,0.13,-1,-1,-1
116,38,4.39,211.38,14.63,41.15,0.67,-1,-1,-1
117,1,126.29,321.61,27.76,63.55,0.54,-1,-1,-1
117,2,798.15,163.10,13.97,21.41,0.44,-1,-1,-1
117,3,237.85,429.96,37.63,87.96,0.65,-1,-1,-1
117,4,117.43,345.89,30.54,68.28,0.63,-1,-1,-1
117,5,437.29,592.15,47.74,83.98,0.42,-1,-1,-1
117,6,374.31,586.89,49.25,87.40,0.66,-1,-1,-1
117,7,386.80,420.99,39.73,84.05,0.54,-1,-1,-1
117,9,281.73,216.36,19.34,38.69,0.53,-1,-1,-1
117,10,296.46,421.94,45.08,105.11,0.67,-1,-1,-1
117,12,694.25,359.51,35.45,85.46,0.69,-1,-1,-1
117,14,659.08,296.02,30.16,76.43,0.48,-1,-1,-1
117,15,769.03,401.90,43.79,91.47,0.74,-1,-1,-1
117,17,526.34,335.82,33.55,86.73,0.72,-1,-1,-1
117,18,165.20,336.82,44.11,48.73,0.51,-1,-1,-1
117,19,752.96,262.05,23.15,35.61,0.52,-1,-1,-1
117,20,123.99,481.30,47.39,72.64,0.49,-1,-1,-1
117,21,633.94,657.08,49.74,97.76,0.69,-1,-1,-1
117,22,252.31,517.92,46.24,69.39,0.70,-1,-1,-1
117,25,295.50,352.20,30.76,52.82,0.48,-1,-1,-1
117,26,525.43,250.88,21.25,42.73,0.47,-1,-1,-1
117,28,321.16,252.34,21.93,42.85,0.42,-1,-1,-1
117,30,585.50,645.67,57.70,107.03,0.37,-1,-1,-1
117,31,264.46,239.79,24.37,59.85,0.46,-1,-1,-1
117,32,321.26,299.57,20.29,37.42,0.57,-1,-1,-1
117,33,493.62,341.24,27.31,80.48,0.38,-1,-1,-1
117,11,591.70,447.61,40.64,99.21,0.55,-1,-1,-1
117,34,626.04,406.81,35.81,84.05,0.56,-1,-1,-1
117,35,321.43,186.30,19.69,45.78,0.57,-1,-1,-1
117,8,23.24,407.65,35.42,54.00,0.61,-1,-1,-1
117,36,162.12,632.28,61.50,119.86,0.70,-1,-1,-1
117,37,229.99,597.27,40.07,23.92,0.55,-1,-1,-1
117,38,6.32,209.03,15.11,41.38,0.74,-1,-1,-1
118,1,130.14,325.38,25.66,58.34,0.48,-1,-1,-1
118,2,800.18,163.24,13.92,21.05,0.14,-1,-1,-1
118,3,238.17,429.13,38.53,90.38,0.66,-1,-1,-1
118,4,118.80,345.50,30.67,68.30,0.55,-1,-1,-1
118,5,437.44,591.85,46.93,83.79,0.53,-1,-1,-1
118,6,372.32,585.25,49.68,89.36,0.67,-1,-1,-1
118,7,388.79,419.79,42.01,91.42,0.61,-1,-1,-1
118,9,281.19,215.70,20.51,41.20,0.51,-1,-1,-1
118,10,297.40,421.38,45.23,105.04,0.71,-1,-1,-1
118,12,694.11,359.11,33.78,81.79,0.71,-1,-1,-1
118,14,658.94,295.47,30.02,76.30,0.43,-1,-1,-1
118,15,775.18,400.42,43.95,93.25,0.81,-1,-1,-1
118,17,527.87,335.34,33.27,86.52,0.77,-1,-1,-1
118,18,161.88,336.17,46.40,51.39,0.51,-1,-1,-1
118,19,756.31,261.47,23.36,35.79,0.53,-1,-1,-1
118,20,130.77,478.61,44.39,68.07,0.56,-1,-1,-1
118,21,634.12,656.64,48.06,95.15,0.78,-1,-1,-1
118,22,252.50,517.02,46.12,69.46,0.66,-1,-1,-1
118,25,297.57,351.33,29.72,51.21,0.50,-1,-1,-1
118,26,528.30,250.87,22.23,45.13,0.40,-1,-1,-1
118,28,323.63,251.22,21.33,41.99,0.51,-1,-1,-1
118,30,580.76,643.43,59.30,109.52,0.41,-1,-1,-1
118,31,266.67,239.46,24.73,60.34,0.43,-1,-1,-1
118,32,322.54,298.04,20.29,37.25,0.67,-1,-1,-1
118,33,493.53,337.19,28.49,84.10,0.42,-1,-1,-1
118,11,597.70,445.68,40.25,98.93,0.55,-1,-1,-1
118,34,627.51,408.75,34.28,78.83,0.42,-1,-1,-1
118,35,323.02,185.85,20.13,46.96,0.63,-1,-1,-1
118,8,24.55,406.07,35.64,54.83,0.61,-1,-1,-1
118,36,165.56,632.62,60.87,120.47,0.79,-1,-1,-1
118,37,230.89,595.99,39.49,23.49,0.56,-1,-1,-1
118,38,8.00,207.52,17.03,45.72,0.72,-1,-1,-1
118,16,679.33,287.22,28.25,70.41,0.51,-1,-1,-1
119,1,131.78,329.23,25.34,56.65,0.46,-1,-1,-1
119,2,801.81,163.23,14.35,21.31,0.36,-1,-1,-1
119,3,238.66,427.12,38.42,90.55,0.63,-1,-1,-1
119,4,121.12,343.78,30.96,68.69,0.55,-1,-1,-1
119,5,436.85,591.02,46.03,83.34,0.49,-1,-1,-1
119,6,371.85,583.57,47.83,87.32,0.57,-1,-1,-1
119,7,390.55,419.28,41.65,92.71,0.70,-1,-1,-1
119,9,281.66,215.15,20.57,41.31,0.36,-1,-1,-1
119,10,298.12,420.15,45.79,105.81,0.69,-1,-1,-1
119,12,694.05,358.08,33.08,80.32,0.70,-1,-1,-1
119,14,659.11,295.32,29.79,75.99,0.47,-1,-1,-1
119,15,783.34,399.89,43.90,94.74,0.83,-1,-1,-1
119,17,529.35,334.32,33.43,87.64,0.80,-1,-1,-1
119,18,164.30,335.77,46.12,51.48,0.54,-1,-1,-1
119,19,757.97,261.82,23.18,35.56,0.53,-1,-1,-1
119,20,132.73,477.51,43.43,66.25,0.54,-1,-1,-1
119,21,634.32,655.95,46.92,93.95,0.77,-1,-1,-1
119,22,252.92,515.76,46.21,70.35,0.63,-1,-1,-1
119,25,299.17,350.09,27.76,47.68,0.61,-1,-1,-1
119,26,530.37,250.61,22.34,45.54,0.45,-1,-1,-1
119,28,325.96,250.54,20.81,41.23,0.51,-1,-1,-1
119,30,579.02,642.05,60.22,111.43,0.50,-1,-1,-1
119,31,269.87,243.89,23.11,56.14,0.60,-1,-1,-1
119,32,324.09,296.51,20.67,37.72,0.55,-1,-1,-1
119,33,494.02,335.68,28.96,85.73,0.45,-1,-1,-1
119,11,600.96,442.63,40.13,99.64,0.51,-1,-1,-1
119,34,628.54,411.45,37.79,86.40,0.38,-1,-1,-1
119,35,325.01,185.33,20.94,49.02,0.53,-1,-1,-1
119,8,24.12,404.41,36.75,56.07,0.61,-1,-1,-1
119,36,170.81,633.60,57.79,116.72,0.61,-1,-1,-1
119,37,231.62,594.73,38.73,22.91,0.52,-1,-1,-1
119,38,10.32,204.36,17.32,45.28,0.73,-1,-1,-1
119,16,681.37,289.12,28.10,68.85,0.45,-1,-1,-1
119,24,410.95,495.48,41.74,103.23,0.62,-1,-1,-1
120,1,136.31,333.75,22.69,49.28,0.51,-1,-1,-1
120,2,802.97,163.55,14.25,20.83,0.32,-1,-1,-1
120,3,240.82,426.68,35.85,84.06,0.61,-1,-1,-1
120,4,123.76,343.67,30.53,67.46,0.50,-1,-1,-1
120,5,440.77,590.48,42.97,78.58,0.50,-1,-1,-1
120,6,373.69,582.16,41.86,76.84,0.50,-1,-1,-1
120,7,392.42,418.52,36.66,81.22,0.66,-1,-1,-1
120,9,284.08,214.54,19.44,39.24,0.39,-1,-1,-1
120,10,298.87,419.18,46.07,106.03,0.72,-1,-1,-1
120,12,693.36,356.29,34.49,84.50,0.72,-1,-1,-1
120,14,659.38,295.72,29.57,75.64,0.46,-1,-1,-1
120,15,788.70,400.24,43.60,95.52,0.77,-1,-1,-1
120,17,530.48,333.30,33.55,88.55,0.76,-1,-1,-1
120,18,169.82,335.05,44.52,50.90,0.57,-1,-1,-1
120,19,759.57,261.70,22.97,35.44,0.48,-1,-1,-1
120,20,128.09,478.62,45.22,69.28,0.54,-1,-1,-1
120,21,633.82,655.10,46.71,94.63,0.78,-1,-1,-1
120,22,252.88,514.58,46.47,70.98,0.63,-1,-1,-1
120,25,300.49,348.53,27.61,47.32,0.55,-1,-1,-1
120,26,532.22,249.31,21.84,44.76,0.44,-1,-1,-1
120,28,328.34,250.60,20.45,40.17,0.49,-1,-1,-1
120,30,578.70,641.49,60.32,113.02,0.68,-1,-1,-1
120,31,272.40,244.55,24.24,58.67,0.47,-1,-1,-1
120,32,325.94,295.79,20.68,37.58,0.56,-1,-1,-1
120,33,494.40,335.48,29.49,87.28,0.55,-1,-1,-1
120,11,607.64,433.45,40.96,103.19,0.63,-1,-1,-1
120,34,624.28,414.62,41.16,92.42,0.24,-1,-1,-1
120,35,328.10,185.14,19.44,45.42,0.49,-1,-1,-1
120,8,17.22,403.29,39.79,56.68,0.50,-1,-1,-1
120,36,180.63,633.17,59.42,119.67,0.60,-1,-1,-1
120,37,231.67,592.77,39.14,23.09,0.24,-1,-1,-1
120,38,13.41,203.20,17.29,43.92,0.76,-1,-1,-1
120,16,682.43,287.49,28.81,70.31,0.45,-1,-1,-1
120,24,408.80,495.79,41.08,101.82,0.57,-1,-1,-1
121,1,138.93,338.23,21.75,45.23,0.25,-1,-1,-1
121,2,805.32,164.69,13.26,18.97,0.19,-1,-1,-1
121,3,241.04,426.13,38.02,90.08,0.59,-1,-1,-1
121,4,125.76,341.46,30.82,68.17,0.54,-1,-1,-1
121,5,447.38,589.69,42.76,76.71,0.55,-1,-1,-1
121,6,374.67,581.19,40.85,76.30,0.51,-1,-1,-1
121,7,392.46,417.31,36.40,81.30,0.62,-1,-1,-1
121,9,285.09,214.02,19.28,39.24,0.26,-1,-1,-1
121,10,298.35,417.80,46.19,105.90,0.70,-1,-1,-1
121,12,694.56,355.87,32.18,78.64,0.68,-1,-1,-1
121,14,660.06,296.24,29.39,75.40,0.47,-1,-1,-1
121,15,795.51,401.39,43.48,94.26,0.76,-1,-1,-1
121,17,531.71,332.71,33.30,88.53,0.71,-1,-1,-1
121,18,174.53,334.08,41.03,47.96,0.60,-1,-1,-1
121,19,760.60,261.50,23.69,36.37,0.48,-1,-1,-1
121,20,128.85,477.03,46.25,70.30,0.55,-1,-1,-1
121,21,632.85,654.54,46.22,94.51,0.79,-1,-1,-1
121,22,255.63,512.99,44.67,68.94,0.57,-1,-1,-1
121,25,301.67,348.25,27.09,46.40,0.54,-1,-1,-1
121,26,533.63,248.23,20.83,43.21,0.33,-1,-1,-1
121,28,330.02,249.78,20.85,40.44,0.41,-1,-1,-1
121,30,576.12,641.23,60.28,114.11,0.70,-1,-1,-1
121,31,274.79,244.72,25.41,62.17,0.33,-1,-1,-1
121,32,327.65,293.35,21.59,38.98,0.71,-1,-1,-1
121,33,494.75,335.32,30.07,88.78,0.60,-1,-1,-1
121,34,619.10,416.56,47.10,106.78,0.65,-1,-1,-1
121,35,331.24,184.30,17.16,39.32,0.57,-1,-1,-1
121,36,186.70,633.18,60.18,121.74,0.60,-1,-1,-1
121,37,231.32,590.76,40.09,23.66,0.29,-1,-1,-1
121,38,15.44,202.36,18.18,44.92,0.73,-1,-1,-1
121,16,683.87,288.27,29.82,73.74,0.35,-1,-1,-1
121,24,401.95,490.95,41.14,102.61,0.69,-1,-1,-1
122,2,806.89,164.47,13.55,19.12,0.42,-1,-1,-1
122,3,241.32,424.77,40.44,97.15,0.63,-1,-1,-1
122,4,128.33,341.20,30.42,67.56,0.63,-1,-1,-1
122,5,447.21,589.31,42.06,74.79,0.64,-1,-1,-1
122,6,374.90,580.10,40.49,77.10,0.46,-1,-1,-1
122,7,392.02,415.79,39.02,88.47,0.60,-1,-1,-1
122,9,284.87,214.23,18.25,37.20,0.18,-1,-1,-1
122,10,297.98,417.04,46.26,105.64,0.69,-1,-1,-1
122,12,693.99,353.79,32.99,80.64,0.64,-1,-1,-1
122,14,660.33,295.75,29.72,76.18,0.47,-1,-1,-1
122,15,800.21,401.67,43.88,94.08,0.82,-1,-1,-1
122,17,532.83,331.43,33.16,88.97,0.70,-1,-1,-1
122,18,177.71,333.07,37.58,44.96,0.55,-1,-1,-1
122,19,762.97,260.64,24.06,37.09,0.53,-1,-1,-1
122,20,132.76,475.65,48.08,70.87,0.54,-1,-1,-1
122,21,630.96,653.84,47.19,97.71,0.81,-1,-1,-1
122,22,250.39,525.78,42.44,60.39,0.52,-1,-1,-1
122,25,302.57,347.69,26.88,46.07,0.42,-1,-1,-1
122,26,534.14,247.44,20.44,42.85,0.45,-1,-1,-1
122,28,330.78,249.48,21.39,41.59,0.52,-1,-1,-1
122,30,574.28,640.35,60.26,115.39,0.65,-1,-1,-1
122,31,281.08,248.68,27.64,68.13,0.56,-1,-1,-1
122,32,329.60,291.29,21.65,38.99,0.75,-1,-1,-1
122,33,495.31,334.71,30.30,89.74,0.62,-1,-1,-1
122,34,620.91,418.16,48.98,110.10,0.57,-1,-1,-1
122,35,331.51,183.04,19.91,46.21,0.59,-1,-1,-1
122,36,192.62,632.58,60.16,121.72,0.72,-1,-1,-1
122,37,230.74,589.08,40.83,24.05,0.24,-1,-1,-1
122,38,18.52,201.83,17.82,42.62,0.74,-1,-1,-1
122,16,684.63,287.52,29.28,72.15,0.43,-1,-1,-1
122,24,396.66,487.14,41.99,105.81,0.81,-1,-1,-1
122,8,29.75,400.96,38.30,54.87,0.60,-1,-1,-1
123,2,808.77,164.37,13.89,19.45,0.42,-1,-1,-1
123,3,242.89,423.69,38.28,92.32,0.67,-1,-1,-1
123,4,129.59,340.50,30.43,67.54,0.57,-1,-1,-1
123,5,446.42,588.86,41.53,73.18,0.58,-1,-1,-1
123,6,376.07,577.10,38.45,74.35,0.56,-1,-1,-1
123,7,392.08,414.25,40.20,92.39,0.65,-1,-1,-1
123,9,285.12,213.52,17.51,35.15,0.35,-1,-1,-1
123,10,298.03,415.95,46.48,105.69,0.69,-1,-1,-1
123,12,693.78,353.90,32.44,78.90,0.67,-1,-1,-1
123,14,660.73,295.47,29.40,75.24,0.55,-1,-1,-1
123,15,804.31,402.59,43.45,92.27,0.72,-1,-1,-1
123,17,533.67,330.53,32.98,89.40,0.69,-1,-1,-1
123,18,175.51,332.29,41.53,49.29,0.47,-1,-1,-1
123,19,764.32,260.29,24.09,37.22,0.51,-1,-1,-1
123,20,134.42,474.79,49.01,70.32,0.51,-1,-1,-1
123,21,629.69,653.07,47.09,98.50,0.79,-1,-1,-1
123,22,248.59,527.49,43.79,59.09,0.47,-1,-1,-1
123,25,303.15,347.55,26.24,45.35,0.36,-1,-1,-1
123,26,535.04,247.06,20.31,42.71,0.45,-1,-1,-1
123,28,331.64,248.80,22.20,43.15,0.45,-1,-1,-1
123,30,574.30,639.56,59.62,116.07,0.66,-1,-1,-1
123,31,280.79,246.92,25.49,63.57,0.50,-1,-1,-1
123,32,331.55,287.59,22.53,40.64,0.62,-1,-1,-1
123,33,496.92,334.44,29.19,86.18,0.62,-1,-1,-1
123,34,617.36,420.18,47.52,109.26,0.23,-1,-1,-1
123,35,333.52,182.67,19.81,46.25,0.57,-1,-1,-1
123,36,196.47,632.76,59.80,121.11,0.70,-1,-1,-1
123,37,231.46,588.47,39.95,23.42,0.35,-1,-1,-1
123,38,21.43,201.18,18.88,44.10,0.64,-1,-1,-1
123,16,685.66,286.42,28.81,70.74,0.39,-1,-1,-1
123,24,392.51,485.01,42.23,106.83,0.74,-1,-1,-1
123,8,34.44,399.45,37.72,54.34,0.64,-1,-1,-1
124,2,810.81,164.80,14.03,19.35,0.49,-1,-1,-1
124,3,244.36,422.53,36.95,89.57,0.73,-1,-1,-1
124,4,129.26,339.75,29.99,66.75,0.55,-1,-1,-1
124,5,450.74,588.16,42.25,72.82,0.54,-1,-1,-1
124,6,380.09,575.37,33.99,65.32,0.30,-1,-1,-1
124,7,392.88,413.12,39.36,91.53,0.58,-1,-1,-1
124,9,285.55,212.84,18.34,36.40,0.26,-1,-1,-1
124,10,299.11,415.00,46.63,105.83,0.67,-1,-1,-1
124,12,693.32,353.19,32.01,77.10,0.68,-1,-1,-1
124,14,661.33,293.01,29.97,76.50,0.60,-1,-1,-1
124,15,811.02,402.44,43.12,91.88,0.79,-1,-1,-1
124,17,535.07,329.83,32.91,90.03,0.71,-1,-1,-1
124,18,175.25,331.21,44.10,51.89,0.51,-1,-1,-1
124,19,764.83,260.13,24.64,37.71,0.50,-1,-1,-1
124,20,132.61,473.75,48.77,69.53,0.50,-1,-1,-1
124,21,628.64,651.25,46.71,98.70,0.76,-1,-1,-1
124,22,246.61,527.38,45.70,58.61,0.45,-1,-1,-1
124,25,303.70,346.76,25.93,45.46,0.37,-1,-1,-1
124,26,537.01,249.09,21.92,45.86,0.24,-1,-1,-1
124,28,334.40,248.84,22.21,42.92,0.45,-1,-1,-1
124,30,573.72,638.79,59.07,116.87,0.63,-1,-1,-1
124,31,281.34,245.95,23.59,59.28,0.48,-1,-1,-1
124,32,333.41,285.88,22.98,41.51,0.54,-1,-1,-1
124,33,500.08,334.31,24.66,71.02,0.55,-1,-1,-1
124,35,335.61,183.05,20.58,48.69,0.55,-1,-1,-1
124,36,199.34,633.73,59.33,120.08,0.70,-1,-1,-1
124,37,232.03,586.77,39.75,23.19,0.26,-1,-1,-1
124,38,24.18,200.28,18.83,43.08,0.66,-1,-1,-1
124,16,685.73,285.89,28.89,70.71,0.38,-1,-1,-1
124,24,388.63,482.04,41.30,103.01,0.54,-1,-1,-1
124,8,36.89,398.40,37.65,54.35,0.63,-1,-1,-1
125,2,812.51,165.22,13.81,18.76,0.48,-1,-1,-1
125,3,244.66,421.53,37.75,91.91,0.75,-1,-1,-1
125,4,128.28,337.82,30.29,68.51,0.58,-1,-1,-1
125,5,451.24,586.68,43.55,73.35,0.55,-1,-1,-1
125,6,376.87,575.47,36.50,70.41,0.55,-1,-1,-1
125,7,393.15,412.06,39.67,93.73,0.60,-1,-1,-1
125,9,287.52,212.07,17.66,34.57,0.26,-1,-1,-1
125,10,299.96,413.81,46.23,104.65,0.71,-1,-1,-1
125,12,692.48,352.47,31.35,73.96,0.63,-1,-1,-1
125,14,661.84,290.76,30.44,77.72,0.56,-1,-1,-1
125,15,818.73,400.88,43.41,93.23,0.85,-1,-1,-1
125,17,537.26,328.88,32.37,89.89,0.68,-1,-1,-1
125,18,183.26,330.50,39.10,46.14,0.55,-1,-1,-1
125,19,765.43,260.45,24.68,37.38,0.49,-1,-1,-1
125,20,133.21,472.41,49.19,69.33,0.50,-1,-1,-1
125,21,626.68,649.71,47.78,102.35,0.75,-1,-1,-1
125,22,249.11,515.23,48.65,63.70,0.55,-1,-1,-1
125,25,306.46,345.38,26.26,46.10,0.41,-1,-1,-1
125,26,539.58,248.21,22.68,47.82,0.34,-1,-1,-1
125,28,336.37,248.01,22.56,43.24,0.42,-1,-1,-1
125,30,573.81,638.23,57.82,116.24,0.71,-1,-1,-1
125,31,281.81,244.24,24.06,61.24,0.50,-1,-1,-1
125,32,333.68,277.64,26.38,48.50,0.46,-1,-1,-1
125,33,499.14,337.76,28.32,81.15,0.56,-1,-1,-1
125,35,339.13,181.77,16.92,39.09,0.53,-1,-1,-1
125,36,202.05,635.37,58.03,117.71,0.69,-1,-1,-1
125,37,232.23,584.74,40.27,23.46,0.18,-1,-1,-1
125,38,26.94,198.96,18.41,41.26,0.69,-1,-1,-1
125,16,685.80,285.21,28.55,69.88,0.44,-1,-1,-1
125,24,384.11,481.11,41.79,101.53,0.46,-1,-1,-1
125,8,38.41,397.41,38.18,55.32,0.60,-1,-1,-1
126,2,813.84,164.10,14.56,19.76,0.42,-1,-1,-1
126,3,245.77,420.59,37.93,92.30,0.75,-1,-1,-1
126,4,130.71,336.42,30.84,70.44,0.69,-1,-1,-1
126,5,451.22,585.75,44.21,73.15,0.44,-1,-1,-1
126,6,376.55,574.07,37.34,72.80,0.46,-1,-1,-1
126,7,393.21,411.24,40.18,96.97,0.64,-1,-1,-1
126,9,288.43,212.04,17.98,35.19,0.19,-1,-1,-1
126,10,300.91,413.36,45.94,103.69,0.70,-1,-1,-1
126,12,691.66,352.70,31.40,72.74,0.60,-1,-1,-1
126,14,664.03,290.07,31.33,79.20,0.52,-1,-1,-1
126,15,823.91,398.70,43.73,95.39,0.81,-1,-1,-1
126,17,539.74,327.42,32.35,90.09,0.67,-1,-1,-1
126,18,188.30,329.22,35.65,42.22,0.58,-1,-1,-1
126,19,767.25,259.90,24.26,37.08,0.47,-1,-1,-1
126,20,133.39,470.84,49.73,69.71,0.59,-1,-1,-1
126,21,624.62,647.60,48.46,105.47,0.71,-1,-1,-1
126,22,250.43,509.82,49.94,65.94,0.58,-1,-1,-1
126,25,308.08,345.99,25.37,44.30,0.50,-1,-1,-1
126,26,540.47,246.55,22.86,48.44,0.31,-1,-1,-1
126,28,337.24,246.92,22.80,43.65,0.44,-1,-1,-1
126,30,573.72,637.39,57.22,116.93,0.74,-1,-1,-1
126,31,283.61,241.54,22.24,56.88,0.45,-1,-1,-1
126,32,336.44,278.64,25.11,46.35,0.33,-1,-1,-1
126,33,499.44,339.19,29.50,83.88,0.62,-1,-1,-1
126,35,341.04,181.46,17.16,39.29,0.60,-1,-1,-1
126,36,205.74,638.47,56.31,114.45,0.45,-1,-1,-1
126,37,232.37,583.32,40.45,23.56,0.14,-1,-1,-1
126,38,29.05,196.96,19.25,42.33,0.59,-1,-1,-1
126,16,686.08,286.03,27.98,68.83,0.41,-1,-1,-1
126,24,377.44,480.56,45.37,110.00,0.56,-1,-1,-1
126,8,39.53,396.31,38.04,55.06,0.57,-1,-1,-1
127,2,815.72,163.35,15.07,20.40,0.34,-1,-1,-1
127,3,246.75,419.67,37.52,90.90,0.77,-1,-1,-1
127,4,132.82,335.95,29.52,68.26,0.75,-1,-1,-1
127,5,449.86,584.20,45.49,74.04,0.43,-1,-1,-1
127,6,375.81,572.78,37.90,74.80,0.54,-1,-1,-1
127,7,392.19,410.63,43.07,106.66,0.71,-1,-1,-1
127,9,288.54,212.23,20.54,40.64,0.27,-1,-1,-1
127,10,300.34,414.25,45.20,102.04,0.67,-1,-1,-1
127,12,690.58,351.88,32.87,76.41,0.63,-1,-1,-1
127,14,665.64,289.31,32.24,80.29,0.57,-1,-1,-1
127,15,829.11,398.58,42.89,94.29,0.81,-1,-1,-1
127,17,541.17,326.76,32.77,91.80,0.69,-1,-1,-1
127,18,190.32,328.42,34.82,41.56,0.63,-1,-1,-1
127,19,768.07,260.13,24.68,37.39,0.52,-1,-1,-1
127,20,132.95,469.65,49.56,69.41,0.64,-1,-1,-1
127,21,622.54,645.99,48.87,108.20,0.72,-1,-1,-1
127,22,251.09,505.53,51.11,67.89,0.65,-1,-1,-1
127,25,309.52,345.60,25.50,44.42,0.49,-1,-1,-1
127,26,541.46,245.66,23.29,49.76,0.22,-1,-1,-1
127,28,338.61,246.52,22.76,43.76,0.54,-1,-1,-1
127,30,572.99,636.33,57.08,118.47,0.69,-1,-1,-1
127,32,336.80,273.40,27.29,51.13,0.28,-1,-1,-1
127,33,499.66,341.08,29.96,84.56,0.62,-1,-1,-1
127,35,342.78,180.81,18.09,41.51,0.63,-1,-1,-1
127,36,211.20,640.65,55.63,112.89,0.66,-1,-1,-1
127,37,232.04,582.41,41.18,24.02,0.12,-1,-1,-1
127,38,31.50,195.45,19.74,42.45,0.68,-1,-1,-1
127,16,682.55,287.54,29.12,71.34,0.35,-1,-1,-1
127,24,377.34,486.94,45.24,107.37,0.17,-1,-1,-1
127,8,40.58,395.28,37.26,54.30,0.53,-1,-1,-1
127,39,709.60,718.84,38.60,36.29,0.62,-1,-1,-1
128,2,817.78,163.74,14.91,20.12,0.39,-1,-1,-1
128,3,247.05,418.58,38.07,92.08,0.74,-1,-1,-1
128,4,133.99,335.09,29.03,67.91,0.63,-1,-1,-1
128,5,442.62,583.33,44.59,73.49,0.45,-1,-1,-1
128,6,376.27,572.15,38.07,75.58,0.63,-1,-1,-1
128,7,396.17,410.27,35.57,87.33,0.80,-1,-1,-1
128,9,289.36,213.32,21.26,42.38,0.45,-1,-1,-1
128,10,300.62,414.99,44.87,100.84,0.67,-1,-1,-1
128,12,691.52,351.82,31.71,73.76,0.63,-1,-1,-1
128,14,666.36,289.59,31.80,78.35,0.67,-1,-1,-1
128,15,834.59,398.11,43.07,94.68,0.85,-1,-1,-1
128,17,542.22,326.62,32.73,91.89,0.70,-1,-1,-1
128,18,191.99,328.17,34.61,41.60,0.55,-1,-1,-1
128,19,770.20,260.50,24.71,37.15,0.55,-1,-1,-1
128,20,133.80,467.99,50.07,69.61,0.62,-1,-1,-1
128,21,620.96,645.78,48.39,108.32,0.72,-1,-1,-1
128,22,252.02,504.33,51.36,68.62,0.64,-1,-1,-1
128,25,309.91,345.84,25.46,44.41,0.38,-1,-1,-1
128,26,541.94,245.85,23.41,50.01,0.24,-1,-1,-1
128,28,340.68,245.77,22.14,43.05,0.38,-1,-1,-1
128,30,571.17,635.25,57.04,119.33,0.59,-1,-1,-1
128,32,336.94,268.98,29.14,55.60,0.20,-1,-1,-1
128,33,499.87,341.85,30.67,86.22,0.62,-1,-1,-1
128,35,343.89,180.32,19.42,44.90,0.57,-1,-1,-1
128,36,216.51,642.05,55.59,111.96,0.53,-1,-1,-1
128,37,232.49,580.94,41.24,24.09,0.29,-1,-1,-1
128,38,33.27,194.51,20.18,42.39,0.68,-1,-1,-1
128,16,683.34,299.84,29.42,70.91,0.12,-1,-1,-1
128,24,372.90,484.57,45.75,106.94,0.13,-1,-1,-1
128,8,42.47,394.04,36.92,54.16,0.57,-1,-1,-1
128,39,707.11,718.13,39.77,37.40,0.62,-1,-1,-1
128,1,157.19,335.22,19.28,39.26,0.56,-1,-1,-1
129,2,819.62,164.48,14.34,19.17,0.38,-1,-1,-1
129,3,247.00,418.03,38.48,93.19,0.73,-1,-1,-1
129,4,136.46,334.29,28.10,66.13,0.60,-1,-1,-1
129,5,437.75,582.05,45.62,76.40,0.44,-1,-1,-1
129,6,376.27,572.07,37.85,75.48,0.63,-1,-1,-1
129,7,394.16,409.46,40.75,102.31,0.78,-1,-1,-1
129,9,290.03,215.19,22.19,44.74,0.51,-1,-1,-1
129,10,301.36,414.42,44.77,100.82,0.62,-1,-1,-1
129,12,691.16,351.95,30.73,71.76,0.55,-1,-1,-1
129,14,667.43,289.37,32.23,78.47,0.70,-1,-1,-1
129,15,837.65,398.12,43.23,94.80,0.85,-1,-1,-1
129,17,542.94,326.96,32.71,91.98,0.70,-1,-1,-1
129,18,194.97,328.01,33.11,39.72,0.56,-1,-1,-1
129,19,771.85,259.99,25.22,37.46,0.52,-1,-1,-1
129,20,133.51,466.05,49.75,69.68,0.62,-1,-1,-1
129,21,619.35,644.88,48.56,109.70,0.68,-1,-1,-1
129,22,251.11,502.65,52.54,70.85,0.63,-1,-1,-1
129,25,312.56,344.05,25.80,45.00,0.40,-1,-1,-1
129,26,542.81,244.87,23.48,50.50,0.18,-1,-1,-1
129,28,343.52,246.08,21.53,42.00,0.52,-1,-1,-1
129,30,570.49,634.68,56.95,120.38,0.57,-1,-1,-1
129,32,337.11,266.08,29.84,57.98,0.17,-1,-1,-1
129,33,499.52,341.64,31.69,88.89,0.59,-1,-1,-1
129,35,347.56,179.71,16.36,37.35,0.51,-1,-1,-1
129,36,219.70,642.17,55.81,111.22,0.47,-1,-1,-1
129,37,233.40,580.06,40.33,23.53,0.43,-1,-1,-1
129,38,35.04,194.32,20.01,41.22,0.64,-1,-1,-1
129,24,366.51,481.85,38.02,89.10,0.58,-1,-1,-1
129,8,43.71,392.89,36.51,53.84,0.55,-1,-1,-1
129,39,705.40,717.94,40.30,37.96,0.63,-1,-1,-1
129,1,161.94,334.10,19.76,38.40,0.38,-1,-1,-1
130,2,821.45,163.76,15.21,20.32,0.34,-1,-1,-1
130,3,247.00,417.06,39.11,94.77,0.74,-1,-1,-1
130,4,138.43,333.82,27.44,64.65,0.60,-1,-1,-1
130,5,438.36,581.50,44.12,74.50,0.42,-1,-1,-1
130,6,375.79,569.67,39.39,78.70,0.50,-1,-1,-1
130,7,393.55,408.37,43.22,110.11,0.64,-1,-1,-1
130,9,290.05,216.09,25.06,51.07,0.46,-1,-1,-1
130,10,302.21,413.37,44.52,100.75,0.62,-1,-1,-1
130,12,689.91,350.43,32.45,76.04,0.48,-1,-1,-1
130,14,666.35,288.20,31.78,77.14,0.73,-1,-1,-1
130,15,840.46,396.63,43.68,96.07,0.81,-1,-1,-1
130,17,544.09,327.22,32.16,90.50,0.71,-1,-1,-1
130,18,196.65,326.73,34.50,41.63,0.56,-1,-1,-1
130,19,772.84,260.26,25.32,37.27,0.52,-1,-1,-1
130,20,135.14,465.23,49.39,69.30,0.63,-1,-1,-1
130,21,617.22,643.56,49.34,112.01,0.64,-1,-1,-1
130,22,250.59,501.26,53.06,72.42,0.64,-1,-1,-1
130,25,313.72,344.31,26.42,45.98,0.36,-1,-1,-1
130,28,345.39,245.64,21.36,41.83,0.45,-1,-1,-1
130,30,568.86,634.13,57.11,121.56,0.55,-1,-1,-1
130,32,339.78,267.41,28.19,55.48,0.29,-1,-1,-1
130,33,500.98,352.39,28.81,79.20,0.61,-1,-1,-1
130,35,348.38,179.81,18.19,41.84,0.64,-1,-1,-1
130,36,223.16,642.29,57.01,111.79,0.48,-1,-1,-1
130,37,234.40,579.46,39.28,22.83,0.29,-1,-1,-1
130,38,37.22,194.12,19.59,39.68,0.69,-1,-1,-1
130,24,357.73,485.63,42.51,100.53,0.48,-1,-1,-1
130,8,45.25,391.86,36.16,53.59,0.56,-1,-1,-1
130,39,703.80,716.98,41.12,38.89,0.66,-1,-1,-1
130,1,164.99,332.45,19.97,37.41,0.45,-1,-1,-1
131,2,823.43,164.15,14.78,19.82,0.43,-1,-1,-1
131,3,247.29,416.09,39.51,95.51,0.72,-1,-1,-1
131,4,142.85,334.01,27.51,64.76,0.51,-1,-1,-1
131,5,438.74,581.08,43.05,73.45,0.44,-1,-1,-1
131,6,381.09,563.87,37.74,73.74,0.45,-1,-1,-1
131,7,393.10,407.56,43.94,112.72,0.61,-1,-1,-1
131,9,291.00,216.51,25.13,52.10,0.45,-1,-1,-1
131,10,302.67,414.77,43.46,98.92,0.53,-1,-1,-1
131,12,690.83,349.62,30.92,72.70,0.45,-1,-1,-1
131,14,665.22,287.66,31.48,76.07,0.74,-1,-1,-1
131,15,842.97,394.36,43.87,97.25,0.78,-1,-1,-1
131,17,544.94,327.93,31.64,89.21,0.71,-1,-1,-1
131,18,196.93,326.48,35.04,43.01,0.59,-1,-1,-1
131,19,773.20,260.21,25.39,36.88,0.41,-1,-1,-1
131,20,136.17,464.43,48.61,68.43,0.62,-1,-1,-1
131,21,615.97,643.04,49.50,112.88,0.66,-1,-1,-1
131,22,249.97,498.51,54.20,75.10,0.65,-1,-1,-1
131,25,315.05,343.72,25.72,44.85,0.40,-1,-1,-1
131,28,346.75,244.81,21.94,43.01,0.56,-1,-1,-1
131,30,566.93,633.73,56.78,122.19,0.53,-1,-1,-1
131,32,341.52,268.19,26.89,53.41,0.36,-1,-1,-1
131,33,501.73,352.68,28.81,78.41,0.59,-1,-1,-1
131,35,349.50,180.00,19.76,46.00,0.64,-1,-1,-1
131,36,233.79,665.70,47.16,89.68,0.21,-1,-1,-1
131,37,234.25,578.14,39.60,22.94,0.24,-1,-1,-1
131,38,38.59,192.91,20.32,40.69,0.68,-1,-1,-1
131,24,354.24,489.71,42.68,101.20,0.38,-1,-1,-1
131,8,47.21,391.42,35.38,52.96,0.57,-1,-1,-1
131,39,702.50,716.48,40.91,38.90,0.64,-1,-1,-1
131,1,166.85,330.80,21.38,39.44,0.39,-1,-1,-1
132,2,824.91,163.94,15.03,20.24,0.43,-1,-1,-1
132,3,248.02,414.43,39.34,94.77,0.71,-1,-1,-1
132,4,145.30,334.61,27.32,63.59,0.49,-1,-1,-1
132,5,438.16,580.34,41.92,71.95,0.43,-1,-1,-1
132,6,380.62,567.48,41.03,79.29,0.46,-1,-1,-1
132,7,393.68,407.09,44.13,113.55,0.50,-1,-1,-1
132,9,292.39,215.69,21.90,45.55,0.46,-1,-1,-1
132,10,303.55,414.23,43.02,98.69,0.53,-1,-1,-1
132,12,691.49,349.44,30.51,71.43,0.42,-1,-1,-1
132,14,664.78,287.93,31.53,75.13,0.70,-1,-1,-1
132,15,845.79,393.40,43.53,97.06,0.80,-1,-1,-1
132,17,545.65,328.13,31.43,88.95,0.69,-1,-1,-1
132,18,197.33,326.10,34.78,43.62,0.62,-1,-1,-1
132,19,775.93,259.32,25.99,37.46,0.42,-1,-1,-1
132,20,136.72,463.65,48.51,68.32,0.62,-1,-1,-1
132,21,615.93,643.44,48.72,112.11,0.69,-1,-1,-1
132,22,250.49,497.15,54.64,76.43,0.65,-1,-1,-1
132,25,315.93,342.39,25.70,45.12,0.58,-1,-1,-1
132,28,347.50,244.11,22.70,45.00,0.50,-1,-1,-1
132,30,560.87,632.34,57.57,122.96,0.57,-1,-1,-1
132,32,345.50,271.73,24.57,48.91,0.63,-1,-1,-1
132,33,502.45,355.79,28.06,75.25,0.60,-1,-1,-1
132,35,350.48,179.47,20.23,47.40,0.61,-1,-1,-1
132,36,238.83,673.39,43.86,82.51,0.40,-1,-1,-1
132,37,234.56,577.20,39.26,22.70,0.19,-1,-1,-1
132,38,39.27,191.44,21.33,42.28,0.71,-1,-1,-1
132,24,352.70,494.54,41.47,97.93,0.40,-1,-1,-1
132,8,49.35,390.71,34.99,52.35,0.59,-1,-1,-1
132,39,699.98,716.03,41.24,39.46,0.64,-1,-1,-1
132,1,168.78,329.31,23.97,44.66,0.43,-1,-1,-1
132,40,1.86,117.91,17.31,41.37,0.59,-1,-1,-1
133,2,826.44,164.59,14.75,20.11,0.32,-1,-1,-1
133,3,248.45,413.40,38.97,93.66,0.70,-1,-1,-1
133,4,146.45,332.39,27.92,64.93,0.49,-1,-1,-1
133,5,437.95,579.18,42.12,72.60,0.50,-1,-1,-1
133,6,380.37,570.25,42.45,81.21,0.55,-1,-1,-1
133,7,395.22,407.77,36.37,89.55,0.51,-1,-1,-1
133,9,292.77,215.57,22.87,48.30,0.38,-1,-1,-1
133,10,307.86,409.56,39.18,88.96,0.43,-1,-1,-1
133,12,692.35,349.18,28.81,67.13,0.46,-1,-1,-1
133,14,664.71,288.67,30.74,72.67,0.60,-1,-1,-1
133,15,848.48,392.30,43.45,97.86,0.81,-1,-1,-1
133,17,546.73,328.80,30.62,86.87,0.70,-1,-1,-1
133,18,198.56,325.50,34.94,44.98,0.60,-1,-1,-1
133,19,778.34,258.96,25.87,37.64,0.56,-1,-1,-1
133,20,139.01,461.25,47.40,66.90,0.56,-1,-1,-1
133,21,615.96,644.11,47.17,109.61,0.72,-1,-1,-1
133,22,251.25,496.30,54.55,76.83,0.63,-1,-1,-1
133,25,317.13,342.03,25.28,44.52,0.57,-1,-1,-1
133,28,348.99,243.83,22.57,45.40,0.52,-1,-1,-1
133,30,559.66,631.86,57.83,123.91,0.53,-1,-1,-1
133,32,348.79,274.17,23.00,45.34,0.59,-1,-1,-1
133,33,502.22,353.80,28.84,76.80,0.54,-1,-1,-1
133,35,352.86,178.77,20.06,47.49,0.49,-1,-1,-1
133,36,234.52,655.66,53.40,99.70,0.62,-1,-1,-1
133,37,234.90,576.22,39.29,22.64,0.21,-1,-1,-1
133,38,40.89,190.49,21.74,43.11,0.68,-1,-1,-1
133,24,349.11,494.22,41.88,98.77,0.45,-1,-1,-1
133,8,51.17,389.69,35.38,52.71,0.58,-1,-1,-1
133,39,697.84,716.02,41.41,39.83,0.65,-1,-1,-1
133,1,170.35,327.90,25.34,48.02,0.51,-1,-1,-1
133,40,4.31,118.45,16.89,40.13,0.58,-1,-1,-1
134,2,828.09,165.07,14.95,20.26,0.36,-1,-1,-1
134,3,250.34,412.97,37.86,90.64,0.65,-1,-1,-1
134,4,147.34,331.81,28.36,65.11,0.56,-1,-1,-1
134,5,437.70,577.79,43.28,75.15,0.49,-1,-1,-1
134,6,378.80,571.06,44.14,83.48,0.59,-1,-1,-1
134,7,395.22,407.71,35.73,85.93,0.53,-1,-1,-1
134,9,293.97,216.07,21.44,45.56,0.46,-1,-1,-1
134,10,310.44,406.94,37.69,84.53,0.50,-1,-1,-1
134,12,692.33,348.29,28.63,66.14,0.49,-1,-1,-1
134,14,664.84,289.55,29.96,70.72,0.64,-1,-1,-1
134,15,850.53,390.91,43.69,99.66,0.84,-1,-1,-1
134,17,547.74,328.69,30.35,86.63,0.72,-1,-1,-1
134,18,200.00,324.45,34.60,45.73,0.51,-1,-1,-1
134,19,779.97,258.77,25.59,37.33,0.54,-1,-1,-1
134,20,140.57,459.91,46.63,65.95,0.58,-1,-1,-1
134,21,614.20,643.68,46.89,109.77,0.73,-1,-1,-1
134,22,251.63,495.92,53.64,76.01,0.56,-1,-1,-1
134,25,317.58,342.20,24.72,43.77,0.51,-1,-1,-1
134,28,349.86,243.43,23.05,46.59,0.48,-1,-1,-1
134,30,557.57,631.30,57.76,123.77,0.61,-1,-1,-1
134,32,351.84,276.66,21.75,41.95,0.46,-1,-1,-1
134,33,502.08,352.66,29.30,77.59,0.57,-1,-1,-1
134,35,356.84,179.16,16.21,37.35,0.59,-1,-1,-1
134,36,234.99,652.77,55.50,102.77,0.66,-1,-1,-1
134,37,234.88,575.13,39.45,22.67,0.26,-1,-1,-1
134,38,43.50,190.85,21.36,42.35,0.66,-1,-1,-1
134,24,344.80,491.25,41.31,98.57,0.52,-1,-1,-1
134,8,53.74,388.92,34.86,51.88,0.60,-1,-1,-1
134,39,696.01,715.94,41.33,40.04,0.69,-1,-1,-1
134,1,173.39,327.27,24.79,47.30,0.50,-1,-1,-1
134,40,8.10,118.04,17.03,40.31,0.59,-1,-1,-1
135,2,829.46,165.22,14.73,19.86,0.43,-1,-1,-1
135,3,252.18,412.31,38.01,90.95,0.65,-1,-1,-1
135,4,148.07,330.84,29.01,65.89,0.58,-1,-1,-1
135,5,437.46,577.91,41.96,73.03,0.52,-1,-1,-1
135,6,378.08,571.22,44.69,83.59,0.59,-1,-1,-1
135,7,395.52,407.64,36.23,85.46,0.55,-1,-1,-1
135,9,295.12,215.70,20.71,44.23,0.45,-1,-1,-1
135,10,311.30,405.80,38.44,85.09,0.56,-1,-1,-1
135,12,692.38,347.52,27.37,62.89,0.34,-1,-1,-1
135,14,659.68,287.65,30.62,71.91,0.52,-1,-1,-1
135,15,850.57,390.19,43.66,100.86,0.82,-1,-1,-1
135,17,548.59,328.97,29.99,85.91,0.73,-1,-1,-1
135,18,202.74,323.85,34.93,45.90,0.52,-1,-1,-1
135,19,781.17,259.08,25.61,37.17,0.51,-1,-1,-1
135,20,141.18,459.04,47.20,66.83,0.55,-1,-1,-1
135,21,614.23,643.53,43.59,101.85,0.69,-1,-1,-1
135,22,251.11,495.16,53.69,76.61,0.54,-1,-1,-1
135,25,318.20,342.09,24.44,43.63,0.45,-1,-1,-1
135,28,353.54,243.83,21.27,42.29,0.42,-1,-1,-1
135,30,555.88,629.43,57.81,123.46,0.56,-1,-1,-1
135,32,353.99,275.88,22.23,42.31,0.51,-1,-1,-1
135,33,501.73,350.92,29.86,78.67,0.56,-1,-1,-1
135,35,357.61,178.88,17.80,41.08,0.58,-1,-1,-1
135,36,236.37,653.46,55.36,101.52,0.70,-1,-1,-1
135,37,234.49,573.93,40.52,23.29,0.39,-1,-1,-1
135,38,45.76,190.54,21.22,42.04,0.66,-1,-1,-1
135,24,341.82,490.07,40.64,97.14,0.39,-1,-1,-1
135,8,56.25,388.24,34.56,51.38,0.62,-1,-1,-1
135,39,694.45,716.29,40.74,39.71,0.71,-1,-1,-1
135,1,175.57,326.44,23.49,45.05,0.50,-1,-1,-1
135,40,11.90,117.75,17.22,40.42,0.62,-1,-1,-1
136,2,831.15,164.98,15.16,20.69,0.33,-1,-1,-1
136,3,253.03,411.79,38.27,91.32,0.67,-1,-1,-1
136,4,149.74,329.74,29.40,66.70,0.59,-1,-1,-1
136,5,436.44,577.26,42.74,75.03,0.52,-1,-1,-1
136,6,381.20,569.85,43.54,81.88,0.54,-1,-1,-1
136,7,396.62,407.66,35.49,81.52,0.56,-1,-1,-1
136,9,295.72,215.82,18.69,39.49,0.56,-1,-1,-1
136,10,311.38,404.94,39.79,87.05,0.58,-1,-1,-1
136,12,690.73,346.93,26.76,60.94,0.36,-1,-1,-1
136,14,658.52,288.84,31.23,73.01,0.45,-1,-1,-1
136,15,849.85,389.84,43.28,101.70,0.83,-1,-1,-1
136,17,549.38,329.35,29.79,85.59,0.72,-1,-1,-1
136,18,204.50,323.57,34.85,45.66,0.59,-1,-1,-1
136,19,781.20,258.96,26.16,37.93,0.49,-1,-1,-1
136,20,140.49,458.36,48.77,68.86,0.55,-1,-1,-1
136,21,613.83,642.49,42.03,98.38,0.73,-1,-1,-1
136,22,251.94,495.20,53.05,75.97,0.52,-1,-1,-1
136,25,316.19,341.89,24.66,44.22,0.19,-1,-1,-1
136,28,354.72,243.46,21.65,42.99,0.55,-1,-1,-1
136,30,555.65,629.49,57.33,122.47,0.55,-1,-1,-1
136,32,355.65,270.99,24.61,46.63,0.23,-1,-1,-1
136,33,498.55,344.35,32.40,84.67,0.57,-1,-1,-1
136,35,360.35,178.69,15.93,35.98,0.59,-1,-1,-1
136,36,237.94,655.59,54.65,99.82,0.47,-1,-1,-1
136,37,234.36,573.16,40.94,23.51,0.42,-1,-1,-1
136,38,47.50,189.42,21.47,42.31,0.71,-1,-1,-1
136,24,335.25,488.65,39.32,93.42,0.20,-1,-1,-1
136,8,58.48,388.21,34.24,51.02,0.60,-1,-1,-1
136,39,692.58,715.89,40.84,40.11,0.67,-1,-1,-1
136,1,178.06,325.08,23.04,44.29,0.64,-1,-1,-1
136,40,14.37,116.20,17.91,41.75,0.64,-1,-1,-1
137,3,253.85,411.12,38.67,92.36,0.65,-1,-1,-1
137,4,151.24,328.79,29.54,67.27,0.67,-1,-1,-1
137,5,436.23,576.81,42.74,75.34,0.56,-1,-1,-1
137,6,379.81,570.77,42.93,79.76,0.55,-1,-1,-1
137,7,397.30,407.94,33.85,74.75,0.54,-1,-1,-1
137,9,296.08,216.28,18.10,37.51,0.60,-1,-1,-1
137,10,310.97,404.34,40.84,88.64,0.61,-1,-1,-1
137,12,689.80,345.27,26.07,58.73,0.35,-1,-1,-1
137,14,660.02,292.16,30.36,72.01,0.42,-1,-1,-1
137,15,851.34,389.55,42.56,102.66,0.82,-1,-1,-1
137,17,549.82,328.28,30.43,88.02,0.72,-1,-1,-1
137,18,207.05,323.36,32.96,43.26,0.64,-1,-1,-1
137,19,783.10,258.84,25.53,37.60,0.53,-1,-1,-1
137,20,141.24,457.97,49.25,69.36,0.62,-1,-1,-1
137,21,612.54,641.77,41.65,97.34,0.71,-1,-1,-1
137,22,251.78,495.38,51.80,74.81,0.56,-1,-1,-1
137,25,320.02,342.12,24.07,43.42,0.41,-1,-1,-1
137,28,356.44,242.90,21.60,43.14,0.53,-1,-1,-1
137,30,556.10,630.17,56.61,121.35,0.57,-1,-1,-1
137,32,358.25,269.19,25.44,48.37,0.57,-1,-1,-1
137,33,497.34,342.21,33.41,86.44,0.64,-1,-1,-1
137,35,361.43,178.13,19.72,45.08,0.44,-1,-1,-1
137,36,239.78,656.49,54.82,99.13,0.58,-1,-1,-1
137,37,234.56,572.81,40.87,23.42,0.60,-1,-1,-1
137,38,50.41,188.48,21.02,41.37,0.68,-1,-1,-1
137,24,330.32,484.35,40.71,96.80,0.26,-1,-1,-1
137,8,59.33,387.20,34.75,51.80,0.61,-1,-1,-1
137,39,690.58,716.08,40.42,39.92,0.63,-1,-1,-1
137,1,179.72,324.55,22.87,44.06,0.66,-1,-1,-1
137,40,17.99,115.67,18.25,42.28,0.57,-1,-1,-1
138,3,254.88,411.28,38.34,91.67,0.68,-1,-1,-1
138,4,152.54,328.11,29.75,68.03,0.66,-1,-1,-1
138,5,435.49,576.55,43.44,77.07,0.59,-1,-1,-1
138,6,376.97,569.85,43.67,80.48,0.58,-1,-1,-1
138,7,398.83,407.88,31.98,67.56,0.51,-1,-1,-1
138,9,296.96,215.16,18.57,38.15,0.56,-1,-1,-1
138,10,310.44,404.09,41.86,90.61,0.58,-1,-1,-1
138,12,692.42,342.57,24.95,53.05,0.14,-1,-1,-1
138,14,659.44,293.54,30.16,72.71,0.34,-1,-1,-1
138,15,852.65,389.27,41.74,103.14,0.80,-1,-1,-1
138,17,550.50,328.03,30.11,87.65,0.70,-1,-1,-1
138,18,208.05,322.88,33.44,44.43,0.60,-1,-1,-1
138,19,786.10,259.47,24.42,36.60,0.47,-1,-1,-1
138,20,142.57,457.49,48.78,68.81,0.60,-1,-1,-1
138,21,611.21,641.75,41.54,97.37,0.63,-1,-1,-1
138,22,252.38,495.38,51.11,74.28,0.57,-1,-1,-1
138,25,323.04,340.20,25.44,45.97,0.46,-1,-1,-1
138,28,359.30,242.66,21.27,42.18,0.43,-1,-1,-1
138,30,557.06,632.04,51.94,109.87,0.49,-1,-1,-1
138,32,360.49,267.94,25.64,48.76,0.48,-1,-1,-1
138,33,497.31,340.91,34.06,87.82,0.66,-1,-1,-1
138,35,365.28,178.51,16.21,36.13,0.59,-1,-1,-1
138,36,241.38,657.66,54.95,97.77,0.55,-1,-1,-1
138,37,235.21,572.52,40.37,23.08,0.45,-1,-1,-1
138,38,52.32,188.22,21.01,41.12,0.71,-1,-1,-1
138,24,327.32,479.49,41.74,100.21,0.49,-1,-1,-1
138,8,60.45,386.70,34.47,51.76,0.56,-1,-1,-1
138,39,688.86,716.55,39.81,39.45,0.66,-1,-1,-1
138,1,180.64,324.37,22.65,43.74,0.64,-1,-1,-1
138,40,21.37,116.49,17.81,40.90,0.57,-1,-1,-1
139,3,256.15,411.36,37.04,88.31,0.64,-1,-1,-1
139,4,153.82,327.96,29.37,67.82,0.58,-1,-1,-1
139,5,435.33,576.52,43.85,78.01,0.57,-1,-1,-1
139,6,374.65,569.02,44.78,81.29,0.63,-1,-1,-1
139,7,394.31,407.69,44.68,95.23,0.54,-1,-1,-1
139,9,298.27,214.31,18.53,37.49,0.63,-1,-1,-1
139,10,310.18,404.03,43.33,93.74,0.61,-1,-1,-1
139,14,658.41,294.15,28.01,67.22,0.35,-1,-1,-1
139,15,853.96,388.88,40.47,102.18,0.78,-1,-1,-1
139,17,550.97,327.43,30.38,89.24,0.69,-1,-1,-1
139,18,208.58,322.51,34.78,46.70,0.60,-1,-1,-1
139,19,787.07,260.62,24.60,36.71,0.53,-1,-1,-1
139,20,142.96,457.62,48.27,68.38,0.60,-1,-1,-1
139,21,607.37,642.27,44.62,105.43,0.66,-1,-1,-1
139,22,253.72,495.38,48.05,71.10,0.52,-1,-1,-1
139,25,324.96,339.87,25.65,46.28,0.50,-1,-1,-1
139,28,359.11,243.04,22.85,45.74,0.41,-1,-1,-1
139,30,555.76,632.42,50.95,106.01,0.43,-1,-1,-1
139,32,361.85,261.47,28.55,54.60,0.51,-1,-1,-1
139,33,496.71,339.79,34.63,88.95,0.71,-1,-1,-1
139,35,365.90,179.18,19.93,45.01,0.64,-1,-1,-1
139,36,244.14,660.91,54.39,94.44,0.47,-1,-1,-1
139,37,235.98,572.55,39.64,22.61,0.57,-1,-1,-1
139,38,54.46,188.16,21.28,41.19,0.68,-1,-1,-1
139,24,324.86,475.49,42.38,103.18,0.61,-1,-1,-1
139,8,61.35,385.98,34.53,52.00,0.53,-1,-1,-1
139,39,687.81,716.91,39.21,39.09,0.67,-1,-1,-1
139,1,180.55,324.66,22.96,44.33,0.61,-1,-1,-1
139,40,24.75,116.27,18.03,41.09,0.64,-1,-1,-1
139,41,654.78,343.34,30.26,76.91,0.50,-1,-1,-1
140,3,255.86,410.98,38.50,91.81,0.65,-1,-1,-1
140,4,155.60,328.83,28.45,65.63,0.58,-1,-1,-1
140,5,435.71,576.58,43.98,78.22,0.55,-1,-1,-1
140,6,372.52,567.12,46.45,83.35,0.63,-1,-1,-1
140,7,394.04,407.48,48.62,104.78,0.65,-1,-1,-1
140,9,298.61,212.80,18.27,36.61,0.52,-1,-1,-1
140,10,309.98,404.07,43.40,94.08,0.64,-1,-1,-1
140,14,652.84,293.82,30.79,73.46,0.47,-1,-1,-1
140,15,854.62,388.43,39.21,99.88,0.79,-1,-1,-1
140,17,551.96,326.82,29.96,88.53,0.69,-1,-1,-1
140,18,210.18,322.25,35.24,47.81,0.60,-1,-1,-1
140,19,787.34,260.89,25.13,37.12,0.53,-1,-1,-1
140,20,144.53,457.77,48.27,68.20,0.61,-1,-1,-1
140,21,605.46,642.60,45.74,109.25,0.69,-1,-1,-1
140,22,254.24,495.66,46.87,70.60,0.52,-1,-1,-1
140,25,325.11,340.69,24.64,44.65,0.49,-1,-1,-1
140,28,362.10,243.36,22.58,45.36,0.46,-1,-1,-1
140,30,554.20,632.21,55.52,116.77,0.47,-1,-1,-1
140,32,365.20,264.14,26.92,51.48,0.53,-1,-1,-1
140,33,496.15,339.33,35.05,89.83,0.64,-1,-1,-1
140,35,368.74,178.81,17.54,39.09,0.57,-1,-1,-1
140,36,246.76,661.14,56.45,94.67,0.28,-1,-1,-1
140,37,236.34,572.36,39.60,22.59,0.61,-1,-1,-1
140,38,56.41,187.83,21.33,40.76,0.69,-1,-1,-1
140,24,323.46,471.75,43.82,108.00,0.59,-1,-1,-1
140,8,65.35,384.65,35.53,52.50,0.44,-1,-1,-1
140,39,686.74,717.45,38.41,38.53,0.67,-1,-1,-1
140,1,180.17,324.47,24.32,47.06,0.58,-1,-1,-1
140,40,28.40,116.47,18.25,41.19,0.68,-1,-1,-1
140,41,653.44,342.44,30.20,76.62,0.61,-1,-1,-1
141,3,256.05,410.84,38.83,92.49,0.60,-1,-1,-1
141,4,158.63,328.58,28.81,65.97,0.49,-1,-1,-1
141,5,435.71,576.85,43.66,77.42,0.54,-1,-1,-1
141,6,371.32,566.07,47.67,84.58,0.66,-1,-1,-1
141,7,395.55,407.46,49.74,108.38,0.69,-1,-1,-1
141,9,298.90,211.68,18.34,36.88,0.55,-1,-1,-1
141,10,310.44,404.04,44.33,96.18,0.67,-1,-1,-1
141,14,651.08,293.79,31.05,74.26,0.32,-1,-1,-1
141,15,854.79,387.71,38.47,98.23,0.81,-1,-1,-1
141,17,553.01,326.66,29.56,87.84,0.69,-1,-1,-1
141,18,211.60,322.16,35.39,48.66,0.57,-1,-1,-1
141,19,788.60,261.61,25.12,36.69,0.52,-1,-1,-1
141,20,148.53,458.24,49.36,68.00,0.56,-1,-1,-1
141,21,603.62,643.27,46.05,110.45,0.66,-1,-1,-1
141,22,255.30,496.42,46.57,69.85,0.53,-1,-1,-1
141,25,325.10,341.02,24.22,43.97,0.48,-1,-1,-1
141,28,362.89,242.76,22.99,46.36,0.63,-1,-1,-1
141,30,553.44,632.59,56.67,120.45,0.55,-1,-1,-1
141,32,367.58,264.97,26.24,50.24,0.48,-1,-1,-1
141,33,496.02,339.71,35.12,89.70,0.62,-1,-1,-1
141,35,369.53,178.10,19.45,43.68,0.46,-1,-1,-1
141,36,241.72,664.31,53.92,90.58,0.46,-1,-1,-1
141,37,236.82,572.04,39.95,22.76,0.43,-1,-1,-1
141,38,58.37,187.75,21.16,39.96,0.71,-1,-1,-1
141,24,322.16,469.68,43.51,108.76,0.50,-1,-1,-1
141,8,67.48,384.67,35.38,52.08,0.47,-1,-1,-1
141,39,685.79,718.29,37.33,37.71,0.68,-1,-1,-1
141,1,182.32,324.85,24.18,46.77,0.58,-1,-1,-1
141,40,31.00,115.10,18.77,42.22,0.69,-1,-1,-1
141,41,652.27,340.39,30.38,76.92,0.61,-1,-1,-1
141,42,585.56,241.69,30.40,54.13,0.59,-1,-1,-1
142,3,256.16,410.62,38.85,92.38,0.61,-1,-1,-1
142,4,160.80,329.74,29.30,67.13,0.58,-1,-1,-1
142,5,435.78,577.33,43.15,76.40,0.49,-1,-1,-1
142,6,370.60,565.31,48.39,85.20,0.66,-1,-1,-1
142,7,398.32,408.63,48.86,108.15,0.66,-1,-1,-1
142,9,299.24,211.33,18.31,36.96,0.58,-1,-1,-1
142,10,310.53,403.56,46.87,102.49,0.61,-1,-1,-1
142,14,641.83,289.72,31.56,75.18,0.57,-1,-1,-1
142,15,855.35,386.78,37.83,96.55,0.78,-1,-1,-1
142,17,554.12,326.54,29.26,87.77,0.65,-1,-1,-1
142,18,213.05,322.22,34.46,48.25,0.57,-1,-1,-1
142,19,790.46,261.78,24.69,35.94,0.49,-1,-1,-1
142,20,152.25,457.88,52.12,68.92,0.58,-1,-1,-1
142,21,602.76,643.43,45.66,109.81,0.69,-1,-1,-1
142,22,256.39,496.89,46.09,68.89,0.52,-1,-1,-1
142,25,326.61,340.22,24.38,44.60,0.37,-1,-1,-1
142,28,363.96,242.57,23.85,48.59,0.47,-1,-1,-1
142,30,552.48,633.09,56.37,120.50,0.52,-1,-1,-1
142,32,369.32,263.06,26.93,52.08,0.32,-1,-1,-1
142,33,497.80,339.89,34.82,89.72,0.61,-1,-1,-1
142,35,373.52,178.48,15.59,34.10,0.58,-1,-1,-1
142,36,240.43,666.32,53.25,88.05,0.36,-1,-1,-1
142,37,237.19,571.72,39.64,22.55,0.52,-1,-1,-1
142,38,60.42,187.71,21.16,39.49,0.72,-1,-1,-1
142,24,320.59,470.77,43.63,109.30,0.23,-1,-1,-1
142,8,68.54,384.52,35.19,51.60,0.54,-1,-1,-1
142,39,684.70,718.35,37.08,37.65,0.65,-1,-1,-1
142,1,183.36,325.12,22.76,43.87,0.56,-1,-1,-1
142,40,34.38,114.44,18.87,42.13,0.61,-1,-1,-1
142,41,651.75,338.16,30.81,77.90,0.60,-1,-1,-1
142,42,584.56,241.53,30.37,54.15,0.59,-1,-1,-1
142,12,680.79,336.48,33.41,72.72,0.58,-1,-1,-1
143,3,256.74,410.55,38.67,91.75,0.62,-1,-1,-1
143,4,163.36,329.76,28.23,64.69,0.62,-1,-1,-1
143,5,435.60,577.45,42.12,74.42,0.50,-1,-1,-1
143,6,370.25,564.89,49.00,85.78,0.64,-1,-1,-1
143,7,398.98,409.45,47.62,106.26,0.65,-1,-1,-1
143,9,299.89,211.54,18.48,37.21,0.65,-1,-1,-1
143,10,311.72,403.60,44.80,97.67,0.64,-1,-1,-1
143,14,637.49,288.14,30.27,72.45,0.51,-1,-1,-1
143,15,856.16,386.30,37.32,94.63,0.74,-1,-1,-1
143,17,556.09,326.77,29.11,87.54,0.63,-1,-1,-1
143,18,217.82,322.43,29.72,41.10,0.56,-1,-1,-1
143,19,791.69,262.05,25.24,36.19,0.48,-1,-1,-1
143,20,151.66,457.20,53.51,69.27,0.53,-1,-1,-1
143,21,601.83,643.70,46.09,111.53,0.70,-1,-1,-1
143,22,257.55,497.19,45.85,68.30,0.52,-1,-1,-1
143,25,329.56,338.83,26.30,48.43,0.37,-1,-1,-1
143,28,365.95,242.72,23.34,47.77,0.50,-1,-1,-1
143,30,551.84,633.44,56.51,121.87,0.59,-1,-1,-1
143,32,371.71,263.80,26.40,51.38,0.11,-1,-1,-1
143,33,499.42,340.37,34.24,89.25,0.54,-1,-1,-1
143,35,374.34,178.62,17.59,38.58,0.62,-1,-1,-1
143,36,238.04,662.66,57.03,92.78,0.33,-1,-1,-1
143,37,237.62,571.60,39.03,22.15,0.49,-1,-1,-1
143,38,62.77,186.92,22.01,40.45,0.72,-1,-1,-1
143,24,319.21,471.65,41.88,105.02,0.32,-1,-1,-1
143,8,69.52,384.36,35.38,52.01,0.58,-1,-1,-1
143,39,683.11,718.64,36.85,37.36,0.65,-1,-1,-1
143,1,184.61,325.68,24.77,48.46,0.46,-1,-1,-1
143,40,37.46,114.73,18.72,41.57,0.62,-1,-1,-1
143,41,650.45,335.73,31.46,79.59,0.50,-1,-1,-1
143,42,584.34,242.15,29.67,53.18,0.44,-1,-1,-1
143,12,679.51,335.82,35.17,77.89,0.57,-1,-1,-1
144,3,256.65,410.36,39.71,94.37,0.65,-1,-1,-1
144,4,165.92,329.46,28.24,64.95,0.57,-1,-1,-1
144,5,434.76,577.44,42.50,75.17,0.52,-1,-1,-1
144,6,370.34,564.89,49.22,85.59,0.66,-1,-1,-1
144,7,398.35,410.19,47.31,105.66,0.73,-1,-1,-1
144,9,300.88,211.19,19.04,38.27,0.68,-1,-1,-1
144,10,311.51,403.58,46.07,100.99,0.62,-1,-1,-1
144,14,635.29,287.31,30.04,72.10,0.55,-1,-1,-1
144,15,857.41,386.26,36.70,92.01,0.74,-1,-1,-1
144,17,558.01,326.52,28.69,86.23,0.67,-1,-1,-1
144,18,217.25,322.10,32.03,45.22,0.57,-1,-1,-1
144,19,795.08,261.42,25.35,36.82,0.55,-1,-1,-1
144,20,150.61,456.27,54.71,69.86,0.52,-1,-1,-1
144,21,601.52,643.93,45.68,110.97,0.69,-1,-1,-1
144,22,255.78,496.66,45.41,68.16,0.49,-1,-1,-1
144,25,331.36,339.26,25.82,47.71,0.44,-1,-1,-1
144,28,367.13,243.16,22.85,46.36,0.44,-1,-1,-1
144,30,551.62,633.79,55.99,122.17,0.62,-1,-1,-1
144,32,374.36,252.90,31.24,61.51,0.20,-1,-1,-1
144,33,500.79,339.57,33.98,89.82,0.51,-1,-1,-1
144,35,376.87,178.59,17.05,37.02,0.52,-1,-1,-1
144,36,237.73,659.54,58.56,94.76,0.53,-1,-1,-1
144,37,238.30,571.08,38.61,21.80,0.51,-1,-1,-1
144,38,64.29,185.87,22.57,41.09,0.72,-1,-1,-1
144,24,318.26,470.22,41.62,104.61,0.41,-1,-1,-1
144,8,71.10,383.45,35.41,52.06,0.64,-1,-1,-1
144,39,681.45,718.38,37.13,37.62,0.65,-1,-1,-1
144,1,185.67,326.25,25.20,49.58,0.50,-1,-1,-1
144,40,40.13,114.07,18.98,41.87,0.64,-1,-1,-1
144,41,649.48,332.56,31.75,80.82,0.52,-1,-1,-1
144,42,586.87,240.97,28.67,51.55,0.42,-1,-1,-1
144,12,679.59,337.26,32.10,72.05,0.57,-1,-1,-1
145,3,257.25,409.77,39.99,95.55,0.66,-1,-1,-1
145,4,167.84,329.56,28.33,65.59,0.55,-1,-1,-1
145,5,434.20,577.30,42.62,75.56,0.52,-1,-1,-1
145,6,370.06,564.86,49.70,85.71,0.65,-1,-1,-1
145,7,399.23,411.56,46.74,104.54,0.65,-1,-1,-1
145,9,303.22,211.89,18.29,36.57,0.57,-1,-1,-1
145,10,312.32,403.63,45.17,99.07,0.63,-1,-1,-1
145,14,634.74,287.17,30.23,72.65,0.56,-1,-1,-1
145,15,857.28,386.10,37.72,93.67,0.71,-1,-1,-1
145,17,559.63,326.43,28.76,86.25,0.68,-1,-1,-1
145,18,222.66,321.35,29.92,41.18,0.56,-1,-1,-1
145,19,796.31,261.22,25.81,37.47,0.58,-1,-1,-1
145,20,149.27,455.98,53.53,69.04,0.59,-1,-1,-1
145,21,600.56,643.39,45.73,111.60,0.70,-1,-1,-1
145,22,254.64,495.49,45.58,70.12,0.44,-1,-1,-1
145,25,333.65,339.24,25.51,46.88,0.43,-1,-1,-1
145,28,370.74,242.59,21.70,43.95,0.52,-1,-1,-1
145,30,551.62,633.95,55.22,122.05,0.66,-1,-1,-1
145,32,377.36,262.28,26.49,52.19,0.55,-1,-1,-1
145,33,503.51,344.07,31.91,85.81,0.40,-1,-1,-1
145,35,380.39,178.53,15.59,33.24,0.49,-1,-1,-1
145,36,237.76,656.65,59.46,96.85,0.59,-1,-1,-1
145,37,238.55,569.95,38.95,21.93,0.52,-1,-1,-1
145,38,66.40,184.72,22.83,41.73,0.68,-1,-1,-1
145,24,319.94,479.02,38.44,95.84,0.15,-1,-1,-1
145,8,72.63,382.98,35.90,52.53,0.59,-1,-1,-1
145,39,680.20,718.56,37.05,37.44,0.62,-1,-1,-1
145,1,185.99,326.09,24.88,48.62,0.49,-1,-1,-1
145,40,44.56,115.14,18.50,40.51,0.65,-1,-1,-1
145,41,648.68,329.37,30.28,76.88,0.51,-1,-1,-1
145,42,590.75,240.04,29.04,52.13,0.42,-1,-1,-1
145,12,680.07,338.59,29.46,66.44,0.53,-1,-1,-1
146,3,257.72,409.35,40.29,96.60,0.70,-1,-1,-1
146,4,171.02,330.38,28.10,65.01,0.50,-1,-1,-1
146,5,435.05,577.15,42.73,75.52,0.53,-1,-1,-1
146,6,370.37,564.83,50.00,85.54,0.67,-1,-1,-1
146,7,400.09,412.43,46.05,102.82,0.66,-1,-1,-1
146,9,304.74,211.77,18.19,36.15,0.63,-1,-1,-1
146,10,312.54,403.61,45.31,99.32,0.67,-1,-1,-1
146,14,635.38,287.03,28.83,69.39,0.54,-1,-1,-1
146,15,854.97,385.95,40.66,100.38,0.72,-1,-1,-1
146,17,561.94,326.98,28.78,86.96,0.69,-1,-1,-1
146,18,224.03,321.10,30.68,42.01,0.63,-1,-1,-1
146,19,797.79,261.51,25.88,37.43,0.51,-1,-1,-1
146,20,148.99,455.19,54.37,71.14,0.68,-1,-1,-1
146,21,600.39,643.55,44.52,109.07,0.70,-1,-1,-1
146,22,255.55,495.63,44.28,69.36,0.44,-1,-1,-1
146,25,334.98,337.69,26.64,48.65,0.49,-1,-1,-1
146,28,373.07,242.47,20.85,42.15,0.52,-1,-1,-1
146,30,550.12,633.94,54.76,122.06,0.63,-1,-1,-1
146,32,379.46,263.77,25.67,50.73,0.55,-1,-1,-1
146,33,507.04,346.12,30.81,82.97,0.42,-1,-1,-1
146,35,382.85,178.40,15.69,33.19,0.58,-1,-1,-1
146,36,241.02,654.38,59.63,98.95,0.63,-1,-1,-1
146,37,239.21,569.63,38.79,21.71,0.39,-1,-1,-1
146,38,68.99,184.22,22.24,40.98,0.72,-1,-1,-1
146,24,318.24,484.22,37.64,91.93,0.14,-1,-1,-1
146,8,74.31,382.56,35.95,52.75,0.62,-1,-1,-1
146,39,679.16,718.63,37.12,37.37,0.63,-1,-1,-1
146,1,184.43,325.71,26.96,52.84,0.47,-1,-1,-1
146,40,48.35,115.48,18.23,39.61,0.68,-1,-1,-1
146,41,648.89,326.09,30.20,76.82,0.55,-1,-1,-1
146,42,592.79,240.23,30.09,54.29,0.51,-1,-1,-1
146,12,680.97,339.82,26.42,59.60,0.47,-1,-1,-1
146,16,702.90,324.71,24.70,57.04,0.51,-1,-1,-1
147,3,259.18,408.96,40.16,97.49,0.74,-1,-1,-1
147,4,172.81,332.67,27.25,62.86,0.46,-1,-1,-1
147,5,433.16,577.58,40.61,71.97,0.55,-1,-1,-1
147,6,370.45,564.89,50.47,85.60,0.71,-1,-1,-1
147,7,400.98,412.97,45.22,100.74,0.64,-1,-1,-1
147,9,305.74,211.58,18.19,36.12,0.59,-1,-1,-1
147,10,312.91,403.35,45.55,99.66,0.71,-1,-1,-1
147,14,636.37,286.88,27.05,65.20,0.54,-1,-1,-1
147,15,855.02,386.36,39.57,95.89,0.75,-1,-1,-1
147,17,564.01,326.82,29.94,91.37,0.67,-1,-1,-1
147,18,224.93,320.25,31.31,42.72,0.69,-1,-1,-1
147,19,800.01,261.90,25.01,36.54,0.51,-1,-1,-1
147,20,150.22,455.05,53.55,70.72,0.62,-1,-1,-1
147,21,599.09,644.53,44.49,109.58,0.67,-1,-1,-1
147,22,257.19,496.13,41.92,66.42,0.48,-1,-1,-1
147,25,335.19,338.70,24.97,45.88,0.47,-1,-1,-1
147,28,374.95,242.20,21.41,43.47,0.42,-1,-1,-1
147,30,546.90,633.28,55.01,122.72,0.58,-1,-1,-1
147,32,380.35,263.09,26.14,51.78,0.58,-1,-1,-1
147,33,506.68,341.43,32.40,86.69,0.52,-1,-1,-1
147,35,383.96,178.19,18.12,38.59,0.57,-1,-1,-1
147,36,242.28,650.88,60.94,101.68,0.46,-1,-1,-1
147,37,239.65,568.92,39.17,21.82,0.37,-1,-1,-1
147,38,71.30,183.68,21.97,40.69,0.77,-1,-1,-1
147,24,318.59,488.00,36.30,86.53,0.41,-1,-1,-1
147,8,75.35,382.21,35.91,52.77,0.59,-1,-1,-1
147,39,677.31,718.12,37.66,37.88,0.64,-1,-1,-1
147,1,183.28,325.20,29.64,58.39,0.45,-1,-1,-1
147,40,51.84,115.97,18.07,38.91,0.59,-1,-1,-1
147,41,648.45,322.37,30.27,77.33,0.50,-1,-1,-1
147,42,593.19,240.99,29.76,54.27,0.42,-1,-1,-1
147,12,678.01,340.23,30.15,69.15,0.53,-1,-1,-1
147,44,346.96,247.07,23.05,43.14,0.53,-1,-1,-1
147,16,703.04,330.31,27.25,61.95,0.24,-1,-1,-1
148,3,261.92,408.80,36.38,88.55,0.73,-1,-1,-1
148,4,173.96,335.68,26.30,60.53,0.55,-1,-1,-1
148,5,434.72,577.03,41.30,73.00,0.54,-1,-1,-1
148,6,370.15,565.04,51.11,85.94,0.66,-1,-1,-1
148,7,401.70,412.47,44.91,100.00,0.64,-1,-1,-1
148,9,307.74,211.88,17.55,34.71,0.70,-1,-1,-1
148,10,312.74,402.77,46.54,101.56,0.67,-1,-1,-1
148,14,638.21,286.64,25.50,61.75,0.54,-1,-1,-1
148,15,855.39,386.60,38.92,92.70,0.75,-1,-1,-1
148,17,566.65,326.72,29.64,91.00,0.71,-1,-1,-1
148,18,226.58,319.94,31.97,43.48,0.64,-1,-1,-1
148,19,801.34,262.35,25.43,36.77,0.48,-1,-1,-1
148,20,151.45,454.36,52.76,70.04,0.61,-1,-1,-1
148,21,598.05,644.46,44.42,110.03,0.65,-1,-1,-1
148,22,258.31,496.30,40.68,64.86,0.40,-1,-1,-1
148,25,336.47,339.14,24.35,44.65,0.38,-1,-1,-1
148,28,378.23,241.83,20.91,42.04,0.37,-1,-1,-1
148,30,544.97,632.62,55.20,123.38,0.59,-1,-1,-1
148,32,381.08,264.30,25.89,51.05,0.59,-1,-1,-1
148,33,507.79,338.80,33.35,88.97,0.61,-1,-1,-1
148,35,386.39,178.02,17.83,38.04,0.50,-1,-1,-1
148,36,256.85,668.05,49.69,84.36,0.65,-1,-1,-1
148,37,240.25,567.98,39.24,21.81,0.14,-1,-1,-1
148,38,74.77,183.61,21.52,40.12,0.69,-1,-1,-1
148,24,313.46,473.03,41.28,98.40,0.35,-1,-1,-1
148,8,76.63,380.97,35.96,53.17,0.56,-1,-1,-1
148,39,675.57,718.31,37.47,37.59,0.62,-1,-1,-1
148,1,183.92,325.24,30.83,61.12,0.36,-1,-1,-1
148,40,54.48,113.40,19.10,41.23,0.63,-1,-1,-1
148,41,648.60,323.12,28.71,73.23,0.45,-1,-1,-1
148,42,595.48,241.78,29.44,53.85,0.34,-1,-1,-1
148,12,678.57,339.85,32.37,74.63,0.55,-1,-1,-1
148,44,351.27,247.41,21.09,39.41,0.41,-1,-1,-1
148,16,703.66,340.46,29.29,65.09,0.20,-1,-1,-1
149,3,261.94,408.29,37.90,93.18,0.76,-1,-1,-1
149,4,175.61,336.23,25.35,58.68,0.62,-1,-1,-1
149,5,434.71,576.56,41.23,73.08,0.54,-1,-1,-1
149,6,370.68,565.69,51.09,85.37,0.61,-1,-1,-1
149,7,401.78,413.12,44.83,99.65,0.63,-1,-1,-1
149,9,309.41,211.50,18.17,35.96,0.47,-1,-1,-1
149,10,314.98,402.71,45.41,97.72,0.66,-1,-1,-1
149,14,639.09,286.34,25.64,61.96,0.50,-1,-1,-1
149,15,855.49,386.64,38.98,91.56,0.76,-1,-1,-1
149,17,569.28,326.30,28.80,87.84,0.69,-1,-1,-1
149,18,228.73,319.74,32.04,43.55,0.70,-1,-1,-1
149,19,801.84,262.28,26.03,37.30,0.56,-1,-1,-1
149,20,153.76,453.56,52.27,69.56,0.57,-1,-1,-1
149,21,596.85,643.00,44.72,111.53,0.66,-1,-1,-1
149,22,257.90,495.91,42.27,68.52,0.28,-1,-1,-1
149,25,339.46,337.71,25.44,46.61,0.44,-1,-1,-1
149,28,381.36,241.55,20.46,40.96,0.36,-1,-1,-1
149,30,542.29,630.49,55.48,123.39,0.60,-1,-1,-1
149,32,382.85,265.57,25.56,49.92,0.62,-1,-1,-1
149,33,509.99,338.14,33.46,90.19,0.57,-1,-1,-1
149,35,389.80,178.21,15.66,32.86,0.56,-1,-1,-1
149,36,259.28,668.57,46.74,80.92,0.54,-1,-1,-1
149,37,240.93,567.15,39.37,21.87,0.11,-1,-1,-1
149,38,77.48,182.98,21.09,39.96,0.68,-1,-1,-1
149,24,312.71,468.00,34.71,81.81,0.53,-1,-1,-1
149,8,78.83,379.91,36.45,53.34,0.52,-1,-1,-1
149,39,673.89,717.97,37.89,38.00,0.64,-1,-1,-1
149,1,183.25,324.76,32.95,64.73,0.30,-1,-1,-1
149,40,58.26,113.93,18.81,40.48,0.54,-1,-1,-1
149,41,647.77,322.16,28.26,71.33,0.42,-1,-1,-1
149,42,598.48,239.97,30.87,56.42,0.45,-1,-1,-1
149,12,678.93,339.87,32.60,75.27,0.61,-1,-1,-1
149,44,354.71,246.55,20.88,38.95,0.52,-1,-1,-1
149,16,707.25,348.74,31.47,68.84,0.15,-1,-1,-1
150,3,262.27,407.49,37.80,93.55,0.73,-1,-1,-1
150,4,177.05,337.37,24.22,56.47,0.54,-1,-1,-1
150,5,435.33,576.23,41.62,73.81,0.55,-1,-1,-1
150,6,370.29,564.80,52.07,86.43,0.62,-1,-1,-1
150,7,402.71,413.27,44.50,99.06,0.60,-1,-1,-1
150,9,311.77,210.02,18.48,36.80,0.51,-1,-1,-1
150,10,315.91,402.51,45.26,96.24,0.64,-1,-1,-1
150,14,638.87,286.83,27.16,66.20,0.46,-1,-1,-1
150,15,854.95,386.37,40.35,94.45,0.75,-1,-1,-1
150,17,571.36,325.57,28.32,85.96,0.67,-1,-1,-1
150,18,229.43,319.23,32.78,44.67,0.69,-1,-1,-1
150,19,804.69,262.18,25.42,36.50,0.54,-1,-1,-1
150,20,155.77,452.88,51.29,68.47,0.57,-1,-1,-1
150,21,596.34,642.36,44.42,111.60,0.70,-1,-1,-1
150,22,254.26,495.25,42.35,70.55,0.30,-1,-1,-1
150,25,340.95,336.73,26.00,47.54,0.51,-1,-1,-1
150,28,381.24,241.58,22.21,44.50,0.60,-1,-1,-1
150,30,542.00,629.26,55.55,123.10,0.62,-1,-1,-1
150,32,383.38,262.90,26.53,51.70,0.52,-1,-1,-1
150,33,512.18,339.15,32.94,89.49,0.64,-1,-1,-1
150,35,391.83,177.54,16.29,33.96,0.58,-1,-1,-1
150,36,255.46,660.36,52.41,91.67,0.15,-1,-1,-1
150,37,241.22,566.15,40.52,22.58,0.47,-1,-1,-1
150,38,80.03,182.01,21.47,40.99,0.71,-1,-1,-1
150,24,311.39,462.33,34.31,81.48,0.16,-1,-1,-1
150,8,81.70,379.71,35.91,52.52,0.54,-1,-1,-1
150,39,672.58,717.61,38.18,38.38,0.64,-1,-1,-1
150,1,183.14,324.96,33.79,65.61,0.26,-1,-1,-1
150,40,62.39,114.23,18.51,39.68,0.72,-1,-1,-1
150,41,646.48,316.46,29.32,73.69,0.44,-1,-1,-1
150,42,600.05,239.52,30.90,56.56,0.46,-1,-1,-1
150,12,679.50,340.02,32.24,74.57,0.63,-1,-1,-1
150,44,355.84,245.65,21.95,40.98,0.52,-1,-1,-1
150,16,705.70,351.21,35.75,77.08,0.55,-1,-1,-1
151,3,264.42,406.95,35.11,86.98,0.71,-1,-1,-1
151,4,179.27,336.78,24.94,57.44,0.62,-1,-1,-1
151,5,437.13,575.98,41.40,72.86,0.53,-1,-1,-1
151,6,370.87,564.79,52.03,85.84,0.65,-1,-1,-1
151,7,404.55,413.62,43.95,98.55,0.59,-1,-1,-1
151,9,313.56,209.04,18.80,37.57,0.61,-1,-1,-1
151,10,316.56,402.32,46.03,97.35,0.62,-1,-1,-1
151,14,638.71,286.91,28.07,69.08,0.51,-1,-1,-1
151,15,855.34,386.19,40.63,95.01,0.78,-1,-1,-1
151,17,572.83,325.05,28.25,85.24,0.67,-1,-1,-1
151,18,231.25,318.92,31.67,43.46,0.65,-1,-1,-1
151,19,806.88,262.35,25.08,36.07,0.52,-1,-1,-1
151,20,156.39,452.11,50.53,67.81,0.60,-1,-1,-1
151,21,596.25,641.81,43.50,109.89,0.73,-1,-1,-1
151,22,261.44,493.48,42.03,69.37,0.43,-1,-1,-1
151,25,342.56,335.78,26.75,48.65,0.51,-1,-1,-1
151,28,382.72,241.47,23.42,47.12,0.46,-1,-1,-1
151,30,542.01,628.53,54.66,120.00,0.61,-1,-1,-1
151,32,384.35,261.26,26.90,52.63,0.35,-1,-1,-1
151,33,513.40,340.90,32.34,87.98,0.65,-1,-1,-1
151,35,393.63,177.82,17.99,37.51,0.48,-1,-1,-1
151,36,250.89,645.29,58.93,103.94,0.54,-1,-1,-1
151,37,241.40,565.02,41.36,23.20,0.39,-1,-1,-1
151,38,83.44,181.00,21.28,40.99,0.68,-1,-1,-1
151,8,82.91,379.09,35.69,52.23,0.56,-1,-1,-1
151,39,671.62,717.33,37.98,38.34,0.64,-1,-1,-1
151,1,186.45,323.92,32.72,63.41,0.23,-1,-1,-1
151,40,65.75,114.09,18.63,39.83,0.68,-1,-1,-1
151,41,647.53,318.22,28.38,69.91,0.44,-1,-1,-1
151,42,601.07,239.81,30.31,56.18,0.51,-1,-1,-1
151,12,680.02,340.31,31.90,73.89,0.67,-1,-1,-1
151,44,356.73,245.79,23.63,44.25,0.47,-1,-1,-1
151,16,710.21,351.44,36.40,78.06,0.57,-1,-1,-1
152,3,265.95,406.04,33.28,81.96,0.73,-1,-1,-1
152,4,180.63,336.36,25.19,57.49,0.62,-1,-1,-1
152,5,438.59,575.70,41.59,72.68,0.57,-1,-1,-1
152,6,371.20,564.66,51.93,85.21,0.66,-1,-1,-1
152,7,406.68,412.77,44.13,100.54,0.65,-1,-1,-1
152,9,315.20,208.93,18.99,38.09,0.65,-1,-1,-1
152,10,317.85,401.92,46.03,97.11,0.63,-1,-1,-1
152,14,642.28,286.87,28.67,69.24,0.55,-1,-1,-1
152,15,855.73,386.08,40.17,93.64,0.81,-1,-1,-1
152,17,575.57,324.62,28.76,85.25,0.71,-1,-1,-1
152,18,233.25,318.57,29.86,41.37,0.57,-1,-1,-1
152,19,808.71,262.25,24.85,36.03,0.53,-1,-1,-1
152,20,158.63,451.02,49.36,66.39,0.59,-1,-1,-1
152,21,595.75,641.20,43.13,109.78,0.66,-1,-1,-1
152,22,267.46,492.11,40.55,66.02,0.48,-1,-1,-1
152,25,344.36,336.17,26.73,48.36,0.54,-1,-1,-1
152,28,384.08,241.74,23.57,47.55,0.35,-1,-1,-1
152,30,543.76,628.58,50.34,107.31,0.54,-1,-1,-1
152,32,386.20,260.42,26.85,53.08,0.49,-1,-1,-1
152,33,514.03,338.83,32.78,89.59,0.68,-1,-1,-1
152,35,397.12,177.91,16.10,33.08,0.52,-1,-1,-1
152,36,248.72,636.15,61.99,111.61,0.49,-1,-1,-1
152,37,242.06,564.46,41.00,23.06,0.32,-1,-1,-1
152,38,86.36,180.73,20.67,40.28,0.67,-1,-1,-1
152,8,85.35,378.61,35.15,51.30,0.61,-1,-1,-1
152,39,670.89,716.82,37.69,38.23,0.64,-1,-1,-1
152,1,187.86,324.04,32.06,62.38,0.20,-1,-1,-1
152,40,69.29,113.81,18.76,40.02,0.70,-1,-1,-1
152,41,647.42,317.79,28.31,68.32,0.40,-1,-1,-1
152,42,601.86,240.38,29.34,55.15,0.50,-1,-1,-1
152,12,680.62,340.27,33.50,78.31,0.67,-1,-1,-1
152,44,359.97,246.11,22.64,42.50,0.46,-1,-1,-1
152,16,711.81,360.90,35.53,74.50,0.41,-1,-1,-1
153,3,266.67,405.56,33.36,81.95,0.69,-1,-1,-1
153,4,182.14,335.93,25.25,57.42,0.62,-1,-1,-1
153,5,438.93,575.13,42.35,73.50,0.59,-1,-1,-1
153,6,373.18,564.74,48.98,80.10,0.65,-1,-1,-1
153,7,407.43,412.06,44.25,101.64,0.66,-1,-1,-1
153,9,316.54,208.04,19.56,39.39,0.56,-1,-1,-1
153,10,318.90,401.77,46.43,98.28,0.61,-1,-1,-1
153,14,643.27,287.10,28.86,69.41,0.45,-1,-1,-1
153,15,856.62,385.89,39.72,92.61,0.83,-1,-1,-1
153,17,577.90,324.71,29.06,84.92,0.74,-1,-1,-1
153,18,233.15,318.45,30.63,43.42,0.51,-1,-1,-1
153,19,809.91,262.14,25.06,36.64,0.48,-1,-1,-1
153,20,159.69,450.34,49.26,66.57,0.61,-1,-1,-1
153,21,593.87,641.16,43.68,112.21,0.67,-1,-1,-1
153,22,270.58,490.45,39.98,64.67,0.48,-1,-1,-1
153,25,345.60,334.50,27.38,49.45,0.41,-1,-1,-1
153,28,387.10,241.25,22.37,44.88,0.47,-1,-1,-1
153,30,544.66,628.50,48.51,100.67,0.52,-1,-1,-1
153,32,387.80,261.93,26.12,51.82,0.28,-1,-1,-1
153,33,514.70,336.13,33.31,91.12,0.67,-1,-1,-1
153,35,399.76,177.42,15.19,30.81,0.57,-1,-1,-1
153,36,246.69,628.82,63.60,116.69,0.56,-1,-1,-1
153,37,243.34,563.71,40.42,22.85,0.47,-1,-1,-1
153,38,89.49,179.77,20.69,40.46,0.73,-1,-1,-1
153,8,87.41,377.99,34.83,50.37,0.62,-1,-1,-1
153,39,669.99,716.66,37.76,38.60,0.68,-1,-1,-1
153,40,72.10,112.70,19.11,40.71,0.63,-1,-1,-1
153,41,647.63,315.01,29.61,69.97,0.30,-1,-1,-1
153,42,602.36,241.41,28.10,53.75,0.41,-1,-1,-1
153,12,681.45,340.03,34.41,81.00,0.75,-1,-1,-1
153,44,363.00,245.26,21.41,40.11,0.57,-1,-1,-1
153,16,718.23,354.84,38.47,80.61,0.69,-1,-1,-1
154,3,267.61,405.11,33.60,81.84,0.64,-1,-1,-1
154,4,183.04,333.27,26.39,59.93,0.66,-1,-1,-1
154,5,438.52,574.37,43.04,74.27,0.62,-1,-1,-1
154,6,373.78,564.35,48.14,78.24,0.63,-1,-1,-1
154,7,407.58,412.47,43.93,101.06,0.57,-1,-1,-1
154,9,318.64,207.62,19.72,40.35,0.50,-1,-1,-1
154,10,319.88,401.30,46.11,98.04,0.63,-1,-1,-1
154,14,643.05,287.11,28.92,69.96,0.51,-1,-1,-1
154,15,856.73,385.76,39.87,93.19,0.84,-1,-1,-1
154,17,581.19,325.19,28.94,84.44,0.75,-1,-1,-1
154,18,234.97,316.97,34.24,48.37,0.44,-1,-1,-1
154,19,812.18,261.80,25.41,37.25,0.54,-1,-1,-1
154,20,159.84,448.96,49.72,67.43,0.63,-1,-1,-1
154,21,592.42,641.53,43.58,112.89,0.66,-1,-1,-1
154,22,269.46,487.14,42.18,67.63,0.52,-1,-1,-1
154,25,347.86,334.60,26.86,48.39,0.51,-1,-1,-1
154,28,389.06,241.36,22.54,45.23,0.51,-1,-1,-1
154,30,543.91,628.43,50.05,103.20,0.52,-1,-1,-1
154,32,389.29,249.20,30.88,62.55,0.30,-1,-1,-1
154,33,515.45,335.16,33.51,91.59,0.68,-1,-1,-1
154,35,400.66,176.95,18.32,37.51,0.54,-1,-1,-1
154,36,245.51,621.80,63.58,119.38,0.51,-1,-1,-1
154,37,244.08,563.02,40.22,22.83,0.38,-1,-1,-1
154,38,92.42,179.13,20.50,40.26,0.70,-1,-1,-1
154,8,89.67,377.27,34.87,50.22,0.57,-1,-1,-1
154,39,669.33,716.76,37.38,38.56,0.67,-1,-1,-1
154,40,76.21,113.54,18.60,39.23,0.59,-1,-1,-1
154,41,648.79,317.43,28.86,66.74,0.34,-1,-1,-1
154,42,602.96,241.67,27.37,52.97,0.41,-1,-1,-1
154,12,682.56,339.31,34.87,83.10,0.74,-1,-1,-1
154,44,364.16,244.75,22.23,41.96,0.56,-1,-1,-1
154,16,725.05,354.34,39.11,82.02,0.68,-1,-1,-1
155,3,267.42,404.64,34.72,84.05,0.60,-1,-1,-1
155,4,184.80,331.35,25.60,58.50,0.66,-1,-1,-1
155,5,438.33,573.99,43.47,74.65,0.64,-1,-1,-1
155,6,373.28,563.88,48.20,77.82,0.60,-1,-1,-1
155,7,408.45,412.07,43.81,101.27,0.55,-1,-1,-1
155,9,321.05,207.69,18.83,38.51,0.54,-1,-1,-1
155,10,320.47,400.98,46.30,98.94,0.61,-1,-1,-1
155,14,641.09,287.00,29.01,70.41,0.46,-1,-1,-1
155,15,855.81,384.91,41.19,96.25,0.84,-1,-1,-1
155,17,584.04,325.30,28.95,84.57,0.75,-1,-1,-1
155,18,238.46,316.58,32.95,46.46,0.56,-1,-1,-1
155,19,815.30,262.40,24.70,36.28,0.58,-1,-1,-1
155,20,164.50,447.76,51.59,68.46,0.59,-1,-1,-1
155,21,590.68,641.90,43.60,113.65,0.68,-1,-1,-1
155,22,269.27,485.30,43.44,68.94,0.54,-1,-1,-1
155,25,349.03,334.35,26.76,47.91,0.45,-1,-1,-1
155,28,390.74,240.72,21.67,43.42,0.23,-1,-1,-1
155,30,541.68,628.84,50.53,103.43,0.55,-1,-1,-1
155,32,391.06,243.69,31.07,63.21,0.35,-1,-1,-1
155,33,516.86,333.54,33.74,92.74,0.58,-1,-1,-1
155,35,403.84,176.83,17.47,35.55,0.51,-1,-1,-1
155,36,245.00,619.46,62.02,118.29,0.51,-1,-1,-1
155,37,244.48,562.00,40.77,23.29,0.38,-1,-1,-1
155,38,95.10,178.57,20.38,40.42,0.76,-1,-1,-1
155,8,91.52,376.65,34.83,50.32,0.60,-1,-1,-1
155,39,668.61,716.56,37.43,38.90,0.67,-1,-1,-1
155,40,78.93,112.28,18.90,40.16,0.65,-1,-1,-1
155,41,648.51,317.81,28.94,65.87,0.36,-1,-1,-1
155,42,608.47,240.78,27.93,54.04,0.47,-1,-1,-1
155,12,683.58,339.44,34.94,83.86,0.70,-1,-1,-1
155,44,367.38,244.14,21.35,40.12,0.50,-1,-1,-1
155,16,732.69,354.89,39.03,81.59,0.55,-1,-1,-1
155,45,20.72,401.79,39.72,49.02,0.64,-1,-1,-1
156,3,268.52,404.21,34.63,83.19,0.56,-1,-1,-1
156,4,186.21,329.23,24.76,57.09,0.70,-1,-1,-1
156,5,438.59,573.82,43.41,74.20,0.63,-1,-1,-1
156,6,372.85,563.66,48.18,77.16,0.61,-1,-1,-1
156,7,409.64,411.84,43.74,101.88,0.63,-1,-1,-1
156,9,323.19,208.07,18.13,37.02,0.53,-1,-1,-1
156,10,321.81,400.88,45.40,98.72,0.74,-1,-1,-1
156,14,640.44,286.79,29.28,71.39,0.43,-1,-1,-1
156,15,856.89,385.11,39.85,93.19,0.85,-1,-1,-1
156,17,586.00,325.12,28.90,84.62,0.75,-1,-1,-1
156,18,241.92,316.40,30.84,43.13,0.55,-1,-1,-1
156,19,816.94,262.52,24.65,36.49,0.57,-1,-1,-1
156,20,164.20,447.96,51.33,68.68,0.62,-1,-1,-1
156,21,588.91,642.57,43.49,112.79,0.70,-1,-1,-1
156,22,269.32,485.32,44.02,69.71,0.44,-1,-1,-1
156,25,350.68,332.81,26.69,47.75,0.58,-1,-1,-1
156,28,394.65,240.49,22.39,44.53,0.28,-1,-1,-1
156,30,539.11,628.83,51.61,104.95,0.51,-1,-1,-1
156,32,392.92,249.35,29.38,59.88,0.32,-1,-1,-1
156,33,522.59,334.19,31.26,86.46,0.57,-1,-1,-1
156,35,406.26,176.39,16.99,34.36,0.53,-1,-1,-1
156,36,243.36,616.82,61.75,119.84,0.54,-1,-1,-1
156,37,245.59,561.42,40.28,23.12,0.38,-1,-1,-1
156,38,98.36,178.36,20.24,40.10,0.70,-1,-1,-1
156,8,93.34,376.48,34.30,49.96,0.59,-1,-1,-1
156,39,667.19,716.70,37.39,39.11,0.67,-1,-1,-1
156,40,82.93,112.51,18.52,39.41,0.65,-1,-1,-1
156,41,648.90,317.23,29.50,66.17,0.44,-1,-1,-1
156,42,608.15,239.75,26.88,52.93,0.42,-1,-1,-1
156,12,685.04,339.62,34.85,83.65,0.66,-1,-1,-1
156,44,369.99,244.37,20.84,38.82,0.50,-1,-1,-1
156,16,736.73,352.81,39.68,82.84,0.68,-1,-1,-1
156,45,22.40,402.09,39.21,48.46,0.55,-1,-1,-1
157,3,269.33,404.18,36.67,87.93,0.55,-1,-1,-1
157,4,188.79,326.31,25.53,59.23,0.59,-1,-1,-1
157,5,438.80,573.42,43.36,73.67,0.65,-1,-1,-1
157,6,372.35,563.15,48.90,78.06,0.61,-1,-1,-1
157,7,411.24,412.51,43.41,101.96,0.67,-1,-1,-1
157,9,325.12,208.10,18.58,38.00,0.49,-1,-1,-1
157,10,323.26,401.01,45.21,99.87,0.69,-1,-1,-1
157,14,640.43,293.06,29.92,73.36,0.18,-1,-1,-1
157,15,856.90,384.46,39.54,91.98,0.83,-1,-1,-1
157,17,587.64,325.27,28.83,84.34,0.73,-1,-1,-1
157,18,243.52,315.48,31.10,43.59,0.53,-1,-1,-1
157,19,818.63,262.51,24.65,36.78,0.52,-1,-1,-1
157,20,166.03,447.29,49.93,67.25,0.62,-1,-1,-1
157,21,588.85,642.75,43.21,112.49,0.70,-1,-1,-1
157,22,271.62,498.84,42.70,60.25,0.55,-1,-1,-1
157,25,352.44,331.73,27.09,48.13,0.66,-1,-1,-1
157,28,396.11,240.41,22.21,43.87,0.37,-1,-1,-1
157,30,538.06,627.55,51.94,105.28,0.59,-1,-1,-1
157,32,393.86,249.44,29.21,59.79,0.34,-1,-1,-1
157,33,523.77,333.03,32.65,89.70,0.58,-1,-1,-1
157,35,407.62,176.55,18.98,38.69,0.54,-1,-1,-1
157,36,241.27,608.51,56.00,108.15,0.39,-1,-1,-1
157,37,246.20,560.89,40.52,23.37,0.39,-1,-1,-1
157,38,102.04,178.60,19.87,39.50,0.69,-1,-1,-1
157,8,94.35,375.93,34.29,50.33,0.55,-1,-1,-1
157,39,665.76,717.64,36.57,38.30,0.68,-1,-1,-1
157,40,86.64,112.86,18.18,38.75,0.66,-1,-1,-1
157,41,650.06,308.51,32.43,73.41,0.37,-1,-1,-1
157,42,609.69,241.12,26.54,53.08,0.36,-1,-1,-1
157,12,687.27,340.11,34.66,83.11,0.66,-1,-1,-1
157,44,370.10,244.90,22.51,42.20,0.48,-1,-1,-1
157,16,739.87,351.56,40.97,86.55,0.74,-1,-1,-1
157,45,24.26,400.44,39.63,49.08,0.49,-1,-1,-1
158,3,270.87,403.96,36.39,86.69,0.58,-1,-1,-1
158,4,190.49,324.68,26.37,61.62,0.55,-1,-1,-1
158,5,439.15,573.29,43.48,73.44,0.64,-1,-1,-1
158,6,371.59,562.71,49.48,78.94,0.64,-1,-1,-1
158,7,412.78,412.71,43.03,101.52,0.82,-1,-1,-1
158,9,327.79,207.54,18.07,36.91,0.50,-1,-1,-1
158,10,324.07,401.25,44.12,99.20,0.72,-1,-1,-1
158,14,643.95,289.16,26.67,65.32,0.45,-1,-1,-1
158,15,857.30,384.41,39.20,90.85,0.82,-1,-1,-1
158,17,589.47,324.41,28.97,85.51,0.72,-1,-1,-1
158,18,244.22,314.83,33.00,46.42,0.63,-1,-1,-1
158,19,821.01,263.41,24.16,36.39,0.52,-1,-1,-1
158,20,166.70,446.85,50.15,67.84,0.65,-1,-1,-1
158,21,588.58,642.82,42.98,112.32,0.69,-1,-1,-1
158,22,269.06,485.65,49.30,71.48,0.50,-1,-1,-1
158,25,353.51,333.36,26.35,46.66,0.53,-1,-1,-1
158,28,399.52,240.52,21.83,42.85,0.44,-1,-1,-1
158,30,537.91,627.44,52.28,105.99,0.58,-1,-1,-1
158,32,395.63,245.85,30.91,63.62,0.34,-1,-1,-1
158,33,525.71,332.34,33.12,90.41,0.63,-1,-1,-1
158,35,410.40,175.94,17.80,36.14,0.54,-1,-1,-1
158,36,239.13,604.58,52.71,101.55,0.40,-1,-1,-1
158,37,247.48,560.42,40.48,23.58,0.30,-1,-1,-1
158,38,104.74,177.91,19.88,39.65,0.73,-1,-1,-1
158,8,96.37,375.17,34.40,50.87,0.49,-1,-1,-1
158,39,664.28,717.55,36.59,38.44,0.67,-1,-1,-1
158,40,89.97,112.33,18.25,38.82,0.54,-1,-1,-1
158,41,651.09,296.37,34.17,78.31,0.31,-1,-1,-1
158,42,611.44,240.83,26.78,54.12,0.38,-1,-1,-1
158,12,690.31,341.26,33.87,81.59,0.66,-1,-1,-1
158,44,370.44,244.62,23.94,45.27,0.47,-1,-1,-1
158,16,744.39,350.40,41.11,88.71,0.80,-1,-1,-1
158,45,25.94,398.22,39.98,49.53,0.41,-1,-1,-1
158,24,288.73,457.40,34.04,77.75,0.51,-1,-1,-1
159,3,271.13,403.56,37.18,88.24,0.60,-1,-1,-1
159,4,191.92,323.21,27.69,64.94,0.65,-1,-1,-1
159,5,439.31,573.14,43.58,73.24,0.63,-1,-1,-1
159,6,371.53,562.56,49.50,79.14,0.62,-1,-1,-1
159,7,415.15,412.69,42.38,100.85,0.80,-1,-1,-1
159,9,329.89,205.41,18.90,38.73,0.63,-1,-1,-1
159,10,324.73,401.52,43.47,99.52,0.66,-1,-1,-1
159,14,644.32,286.89,28.24,69.81,0.47,-1,-1,-1
159,15,858.52,385.04,38.64,89.57,0.81,-1,-1,-1
159,17,592.59,324.37,28.98,85.10,0.70,-1,-1,-1
159,18,246.80,314.28,32.06,45.42,0.66,-1,-1,-1
159,19,823.00,263.41,23.81,36.06,0.59,-1,-1,-1
159,20,167.44,446.61,50.00,67.97,0.65,-1,-1,-1
159,21,588.79,643.28,41.36,107.93,0.73,-1,-1,-1
159,22,264.85,480.90,52.17,77.93,0.56,-1,-1,-1
159,25,354.01,336.04,25.01,44.35,0.36,-1,-1,-1
159,30,534.11,627.91,55.89,113.38,0.52,-1,-1,-1
159,32,397.51,242.90,31.64,66.06,0.40,-1,-1,-1
159,33,528.54,334.62,32.51,89.16,0.68,-1,-1,-1
159,35,413.12,175.99,17.22,34.82,0.49,-1,-1,-1
159,36,239.58,600.45,54.27,105.83,0.37,-1,-1,-1
159,38,108.05,177.37,19.95,39.80,0.69,-1,-1,-1
159,8,99.64,374.33,34.61,51.17,0.60,-1,-1,-1
159,39,663.27,717.77,36.26,38.23,0.67,-1,-1,-1
159,40,93.45,111.66,18.45,39.43,0.57,-1,-1,-1
159,41,652.29,292.39,33.63,77.53,0.39,-1,-1,-1
159,42,615.88,239.03,26.21,53.52,0.39,-1,-1,-1
159,12,692.61,341.63,33.31,80.67,0.66,-1,-1,-1
159,44,374.82,245.07,22.20,42.04,0.44,-1,-1,-1
159,16,747.91,349.27,41.00,89.88,0.77,-1,-1,-1
159,45,28.38,398.30,39.09,48.50,0.45,-1,-1,-1
159,24,287.46,457.10,36.32,81.21,0.43,-1,-1,-1
160,3,271.78,403.32,37.84,89.50,0.64,-1,-1,-1
160,4,194.02,323.05,27.98,65.77,0.69,-1,-1,-1
160,5,439.82,573.38,43.45,72.66,0.62,-1,-1,-1
160,6,371.41,562.67,49.68,79.38,0.66,-1,-1,-1
160,7,416.56,413.37,41.72,100.06,0.79,-1,-1,-1
160,9,330.84,201.93,19.93,41.38,0.67,-1,-1,-1
160,10,325.59,401.52,42.64,99.33,0.65,-1,-1,-1
160,14,644.70,285.49,30.32,75.53,0.51,-1,-1,-1
160,15,859.40,385.48,38.44,89.22,0.81,-1,-1,-1
160,17,594.25,324.29,29.23,85.33,0.72,-1,-1,-1
160,18,248.93,314.66,30.88,44.19,0.64,-1,-1,-1
160,19,824.72,263.95,23.74,36.10,0.57,-1,-1,-1
160,20,168.27,446.84,49.61,67.81,0.63,-1,-1,-1
160,21,588.94,643.38,38.82,100.06,0.76,-1,-1,-1
160,22,264.37,480.63,51.47,79.25,0.47,-1,-1,-1
160,25,356.52,332.96,26.82,47.68,0.40,-1,-1,-1
160,30,531.20,628.73,57.33,115.85,0.50,-1,-1,-1
160,32,404.21,242.41,30.11,63.34,0.15,-1,-1,-1
160,33,531.23,333.79,32.77,90.30,0.67,-1,-1,-1
160,35,415.86,175.61,15.98,31.97,0.56,-1,-1,-1
160,36,239.76,606.89,48.69,95.21,0.57,-1,-1,-1
160,38,110.73,176.68,20.10,40.36,0.75,-1,-1,-1
160,8,100.55,374.17,34.04,50.32,0.57,-1,-1,-1
160,39,662.28,718.03,35.96,37.97,0.65,-1,-1,-1
160,40,96.64,111.63,18.36,39.25,0.63,-1,-1,-1
160,41,654.89,300.61,29.80,68.14,0.16,-1,-1,-1
160,42,616.13,238.54,24.69,51.31,0.35,-1,-1,-1
160,12,695.38,342.38,32.28,78.62,0.72,-1,-1,-1
160,44,377.57,245.28,21.03,39.93,0.51,-1,-1,-1
160,16,752.12,349.35,41.71,91.71,0.74,-1,-1,-1
160,45,31.13,397.40,39.21,48.77,0.42,-1,-1,-1
160,24,287.18,455.86,38.05,83.29,0.43,-1,-1,-1
161,3,272.98,403.39,37.22,87.56,0.64,-1,-1,-1
161,4,195.50,322.69,28.17,66.43,0.69,-1,-1,-1
161,5,440.04,573.65,43.44,72.40,0.64,-1,-1,-1
161,6,371.11,562.91,49.69,79.55,0.66,-1,-1,-1
161,7,417.57,413.46,40.75,98.85,0.70,-1,-1,-1
161,9,332.99,202.58,19.32,40.30,0.62,-1,-1,-1
161,10,326.52,401.48,41.88,99.10,0.59,-1,-1,-1
161,14,645.49,285.37,29.89,74.88,0.56,-1,-1,-1
161,15,859.71,385.61,38.66,89.98,0.83,-1,-1,-1
161,17,596.01,324.11,29.34,85.33,0.72,-1,-1,-1
161,18,250.40,314.75,29.89,43.54,0.54,-1,-1,-1
161,19,826.44,264.12,23.44,36.03,0.55,-1,-1,-1
161,20,169.61,447.28,48.63,66.45,0.66,-1,-1,-1
161,21,586.73,643.90,40.86,105.07,0.69,-1,-1,-1
161,22,264.19,477.71,51.85,82.64,0.44,-1,-1,-1
161,25,358.13,332.82,26.61,47.43,0.44,-1,-1,-1
161,30,528.47,629.51,57.90,116.53,0.51,-1,-1,-1
161,32,403.84,246.53,28.92,62.02,0.44,-1,-1,-1
161,33,534.47,341.38,30.59,82.48,0.55,-1,-1,-1
161,35,416.19,175.77,19.82,40.28,0.54,-1,-1,-1
161,36,235.64,603.32,48.82,96.40,0.60,-1,-1,-1
161,38,113.69,175.70,19.66,39.63,0.67,-1,-1,-1
161,8,102.34,373.87,34.12,50.28,0.62,-1,-1,-1
161,39,660.84,718.46,35.64,37.54,0.63,-1,-1,-1
161,40,100.21,111.83,18.23,39.08,0.63,-1,-1,-1
161,41,656.41,304.71,27.52,62.56,0.16,-1,-1,-1
161,42,617.09,238.74,22.50,46.93,0.44,-1,-1,-1
161,12,696.76,342.33,32.83,80.35,0.69,-1,-1,-1
161,44,379.19,244.89,21.23,40.68,0.55,-1,-1,-1
161,16,755.94,349.95,41.26,91.49,0.78,-1,-1,-1
161,45,33.32,397.19,39.26,48.95,0.45,-1,-1,-1
161,24,288.22,457.00,38.67,82.46,0.39,-1,-1,-1
162,3,274.28,403.32,37.34,87.56,0.66,-1,-1,-1
162,4,197.36,322.09,28.23,66.64,0.64,-1,-1,-1
162,5,440.32,573.78,43.41,72.02,0.64,-1,-1,-1
162,6,370.78,562.72,49.86,79.75,0.63,-1,-1,-1
162,7,418.11,414.66,41.72,101.88,0.74,-1,-1,-1
162,9,336.08,203.31,18.64,39.39,0.54,-1,-1,-1
162,10,328.56,400.14,42.01,99.42,0.70,-1,-1,-1
162,14,646.58,290.64,29.55,74.49,0.50,-1,-1,-1
162,15,860.39,385.80,38.62,90.09,0.85,-1,-1,-1
162,17,598.28,324.16,29.39,85.60,0.76,-1,-1,-1
162,18,251.72,314.53,29.86,44.27,0.50,-1,-1,-1
162,19,829.16,264.89,22.78,35.46,0.43,-1,-1,-1
162,20,170.89,447.12,48.39,65.77,0.60,-1,-1,-1
162,21,585.46,643.95,41.03,104.67,0.71,-1,-1,-1
162,22,266.24,475.37,51.78,84.40,0.53,-1,-1,-1
162,25,360.42,333.12,26.59,47.03,0.56,-1,-1,-1
162,30,528.05,631.39,56.83,114.39,0.62,-1,-1,-1
162,32,405.29,250.13,27.51,59.57,0.22,-1,-1,-1
162,33,535.92,339.62,31.61,83.27,0.55,-1,-1,-1
162,35,419.75,176.29,18.42,37.45,0.49,-1,-1,-1
162,36,232.77,601.17,48.57,97.76,0.19,-1,-1,-1
162,38,117.52,175.73,19.65,39.68,0.68,-1,-1,-1
162,8,104.87,373.35,34.20,50.51,0.58,-1,-1,-1
162,39,660.09,719.14,35.23,36.86,0.61,-1,-1,-1
162,40,103.45,112.49,17.84,38.40,0.65,-1,-1,-1
162,41,658.09,298.86,32.47,74.86,0.20,-1,-1,-1
162,42,616.93,238.64,21.84,45.67,0.35,-1,-1,-1
162,12,699.85,342.41,32.78,80.95,0.65,-1,-1,-1
162,44,380.47,244.30,21.91,42.43,0.61,-1,-1,-1
162,16,760.12,350.43,40.39,90.87,0.79,-1,-1,-1
162,45,36.03,397.90,38.55,48.03,0.43,-1,-1,-1
162,24,287.74,458.06,36.79,78.13,0.44,-1,-1,-1
162,28,406.08,240.69,21.68,42.83,0.60,-1,-1,-1
163,3,276.27,403.39,36.90,86.48,0.73,-1,-1,-1
163,4,198.38,321.97,28.04,66.44,0.73,-1,-1,-1
163,5,440.61,574.07,43.34,71.64,0.63,-1,-1,-1
163,6,370.97,562.43,50.01,80.04,0.63,-1,-1,-1
163,7,419.19,416.10,41.39,100.88,0.66,-1,-1,-1
163,9,338.74,204.54,18.13,38.47,0.50,-1,-1,-1
163,10,329.65,399.88,41.76,98.88,0.73,-1,-1,-1
163,14,649.70,289.82,30.92,78.18,0.50,-1,-1,-1
163,15,861.24,386.08,38.74,90.68,0.85,-1,-1,-1
163,17,600.47,323.72,29.11,84.88,0.79,-1,-1,-1
163,18,255.77,314.36,29.82,43.85,0.51,-1,-1,-1
163,19,831.22,265.37,22.07,34.52,0.54,-1,-1,-1
163,20,171.51,447.01,48.49,65.46,0.64,-1,-1,-1
163,21,583.90,644.29,41.59,105.31,0.68,-1,-1,-1
163,22,267.19,473.41,51.64,85.78,0.43,-1,-1,-1
163,25,362.20,334.75,26.17,45.96,0.61,-1,-1,-1
163,30,527.67,633.27,56.04,113.13,0.69,-1,-1,-1
163,32,407.52,245.95,29.24,63.98,0.33,-1,-1,-1
163,33,538.78,339.54,32.66,83.36,0.52,-1,-1,-1
163,35,422.29,176.26,17.08,34.61,0.49,-1,-1,-1
163,36,229.18,593.13,50.90,104.07,0.58,-1,-1,-1
163,38,120.92,175.58,19.26,38.99,0.69,-1,-1,-1
163,8,106.43,373.15,34.29,50.25,0.62,-1,-1,-1
163,39,659.15,719.65,35.03,36.35,0.59,-1,-1,-1
163,40,106.75,111.94,18.08,38.76,0.52,-1,-1,-1
163,41,660.33,300.76,31.69,73.70,0.11,-1,-1,-1
163,42,619.35,238.25,22.18,47.02,0.37,-1,-1,-1
163,12,702.59,343.24,32.01,80.30,0.62,-1,-1,-1
163,44,382.72,244.55,23.07,45.29,0.49,-1,-1,-1
163,16,763.71,350.26,39.65,90.51,0.78,-1,-1,-1
163,45,38.55,398.78,37.67,46.94,0.48,-1,-1,-1
163,24,286.09,458.62,35.97,74.52,0.49,-1,-1,-1
163,28,407.37,240.78,21.32,42.31,0.45,-1,-1,-1
164,3,277.47,403.64,36.69,86.29,0.75,-1,-1,-1
164,4,200.16,321.96,27.63,65.11,0.68,-1,-1,-1
164,5,440.15,574.29,43.55,71.74,0.62,-1,-1,-1
164,6,371.10,562.02,50.33,80.54,0.60,-1,-1,-1
164,7,420.90,418.43,41.46,100.21,0.65,-1,-1,-1
164,9,341.72,207.08,17.76,37.61,0.40,-1,-1,-1
164,10,330.30,399.55,41.78,99.10,0.76,-1,-1,-1
164,14,651.59,288.64,27.92,69.68,0.49,-1,-1,-1
164,15,862.56,386.55,38.48,90.39,0.87,-1,-1,-1
164,17,602.73,323.10,28.91,84.09,0.78,-1,-1,-1
164,18,258.67,314.75,29.25,42.54,0.61,-1,-1,-1
164,19,832.62,265.88,22.33,34.67,0.52,-1,-1,-1
164,20,172.45,446.54,48.75,65.73,0.57,-1,-1,-1
164,21,582.86,645.11,42.48,107.22,0.69,-1,-1,-1
164,22,270.71,477.66,49.98,82.66,0.19,-1,-1,-1
164,25,364.02,335.28,25.92,45.38,0.51,-1,-1,-1
164,30,528.12,635.12,54.97,111.82,0.73,-1,-1,-1
164,32,409.34,243.12,30.19,66.68,0.39,-1,-1,-1
164,33,540.16,340.07,33.04,83.37,0.59,-1,-1,-1
164,35,424.20,176.54,17.96,36.50,0.53,-1,-1,-1
164,36,227.41,591.31,49.79,103.73,0.54,-1,-1,-1
164,38,124.62,176.31,18.86,38.15,0.69,-1,-1,-1
164,8,107.63,373.29,34.63,50.54,0.57,-1,-1,-1
164,39,658.20,720.82,34.31,35.18,0.59,-1,-1,-1
164,40,110.52,111.77,18.06,38.80,0.61,-1,-1,-1
164,41,660.82,299.44,31.61,73.70,0.39,-1,-1,-1
164,42,623.17,238.85,20.58,44.00,0.10,-1,-1,-1
164,12,707.10,344.92,30.17,75.76,0.64,-1,-1,-1
164,44,384.59,244.58,23.23,45.99,0.47,-1,-1,-1
164,16,767.87,349.01,39.22,89.73,0.73,-1,-1,-1
164,45,39.96,399.47,36.92,46.10,0.43,-1,-1,-1
164,24,284.71,459.61,37.95,75.96,0.49,-1,-1,-1
164,28,408.89,240.78,21.18,42.36,0.31,-1,-1,-1
165,3,278.94,403.65,36.22,85.37,0.77,-1,-1,-1
165,4,202.20,322.06,27.28,63.61,0.71,-1,-1,-1
165,5,439.41,574.62,43.80,71.99,0.61,-1,-1,-1
165,6,371.13,562.12,50.25,80.37,0.61,-1,-1,-1
165,7,421.20,418.80,42.01,99.20,0.57,-1,-1,-1
165,9,344.13,207.35,18.09,37.88,0.49,-1,-1,-1
165,10,330.97,399.53,41.72,99.05,0.75,-1,-1,-1
165,14,653.13,288.38,26.97,66.26,0.49,-1,-1,-1
165,15,864.39,386.54,38.46,90.93,0.88,-1,-1,-1
165,17,604.81,322.23,28.71,83.11,0.74,-1,-1,-1
165,18,261.56,314.48,28.50,40.93,0.58,-1,-1,-1
165,19,834.54,266.23,22.55,35.17,0.56,-1,-1,-1
165,20,174.81,445.99,48.52,65.31,0.62,-1,-1,-1
165,21,581.95,645.95,42.85,108.25,0.68,-1,-1,-1
165,22,268.03,481.09,46.66,78.68,0.24,-1,-1,-1
165,25,365.38,335.70,25.83,45.08,0.46,-1,-1,-1
165,30,529.68,637.23,53.50,109.89,0.76,-1,-1,-1
165,32,411.62,244.90,29.28,64.94,0.50,-1,-1,-1
165,33,544.09,337.51,33.57,85.29,0.56,-1,-1,-1
165,35,425.47,176.28,19.62,40.23,0.53,-1,-1,-1
165,36,229.22,588.46,42.39,88.58,0.59,-1,-1,-1
165,38,127.66,176.37,18.90,38.43,0.73,-1,-1,-1
165,8,109.56,372.99,34.37,50.48,0.54,-1,-1,-1
165,39,657.98,721.65,33.86,34.35,0.55,-1,-1,-1
165,40,113.05,110.74,18.39,39.75,0.62,-1,-1,-1
165,41,660.19,294.85,32.83,77.40,0.35,-1,-1,-1
165,42,626.52,244.83,21.38,46.21,0.53,-1,-1,-1
165,12,710.00,345.41,30.38,76.62,0.61,-1,-1,-1
165,44,386.11,244.67,24.14,48.51,0.56,-1,-1,-1
165,16,773.14,348.98,38.64,88.48,0.72,-1,-1,-1
165,45,41.47,398.99,36.66,45.90,0.50,-1,-1,-1
165,24,282.07,459.85,40.13,78.13,0.50,-1,-1,-1
165,28,412.47,240.22,21.38,42.93,0.24,-1,-1,-1
166,3,279.44,403.70,37.27,88.12,0.80,-1,-1,-1
166,4,203.75,321.99,27.36,63.09,0.72,-1,-1,-1
166,5,438.62,574.58,44.12,72.59,0.61,-1,-1,-1
166,6,370.83,561.77,50.38,80.67,0.61,-1,-1,-1
166,7,419.19,419.47,42.29,98.80,0.66,-1,-1,-1
166,9,346.68,207.74,17.47,36.68,0.58,-1,-1,-1
166,10,331.61,399.42,41.74,99.06,0.77,-1,-1,-1
166,14,654.39,288.58,27.79,67.60,0.49,-1,-1,-1
166,15,866.53,386.87,38.39,91.50,0.88,-1,-1,-1
166,17,606.98,321.56,28.99,83.44,0.72,-1,-1,-1
166,18,261.62,314.08,30.24,43.49,0.57,-1,-1,-1
166,19,835.83,266.67,22.50,35.37,0.50,-1,-1,-1
166,20,175.45,445.30,48.44,65.18,0.66,-1,-1,-1
166,21,581.20,646.13,42.92,108.72,0.71,-1,-1,-1
166,22,268.83,483.69,45.54,77.07,0.25,-1,-1,-1
166,25,365.85,334.99,26.86,46.86,0.53,-1,-1,-1
166,30,531.07,638.50,52.27,108.66,0.76,-1,-1,-1
166,32,415.84,253.08,26.06,56.78,0.48,-1,-1,-1
166,33,546.15,337.45,33.72,85.50,0.65,-1,-1,-1
166,35,426.99,176.77,21.99,45.98,0.50,-1,-1,-1
166,36,227.04,585.03,42.87,90.23,0.49,-1,-1,-1
166,38,130.70,174.94,19.18,39.17,0.67,-1,-1,-1
166,8,110.90,372.36,34.29,50.75,0.54,-1,-1,-1
166,39,657.12,722.57,33.25,33.43,0.59,-1,-1,-1
166,40,116.89,111.00,18.21,39.38,0.67,-1,-1,-1
166,41,661.43,293.42,33.77,80.61,0.30,-1,-1,-1
166,42,627.91,243.78,22.96,50.34,0.26,-1,-1,-1
166,12,711.50,345.17,31.48,78.41,0.67,-1,-1,-1
166,44,387.16,244.43,23.84,48.39,0.55,-1,-1,-1
166,16,776.77,349.19,37.82,87.38,0.74,-1,-1,-1
166,45,43.37,397.75,37.12,46.47,0.44,-1,-1,-1
166,24,282.43,462.38,42.47,79.23,0.42,-1,-1,-1
166,28,413.64,241.07,21.82,43.45,0.41,-1,-1,-1
167,3,279.70,403.57,38.65,91.60,0.79,-1,-1,-1
167,4,206.97,320.98,28.00,63.21,0.69,-1,-1,-1
167,5,438.26,574.63,44.21,72.76,0.63,-1,-1,-1
167,6,370.70,561.97,50.19,80.34,0.65,-1,-1,-1
167,7,416.62,420.52,41.20,95.91,0.62,-1,-1,-1
167,9,348.70,207.12,17.98,37.75,0.60,-1,-1,-1
167,10,332.03,398.91,41.77,99.01,0.74,-1,-1,-1
167,14,655.15,288.62,27.75,67.28,0.46,-1,-1,-1
167,15,867.83,387.43,39.06,93.11,0.81,-1,-1,-1
167,17,609.82,321.38,29.16,82.93,0.71,-1,-1,-1
167,18,263.04,313.95,30.84,44.37,0.64,-1,-1,-1
167,19,837.53,266.99,22.80,35.83,0.52,-1,-1,-1
167,20,176.37,445.58,49.07,66.08,0.66,-1,-1,-1
167,21,580.57,646.25,42.99,109.29,0.71,-1,-1,-1
167,22,269.65,485.71,43.52,74.25,0.36,-1,-1,-1
167,25,367.01,332.42,27.78,48.54,0.52,-1,-1,-1
167,30,530.88,639.44,52.63,110.57,0.67,-1,-1,-1
167,32,417.57,246.55,28.69,63.11,0.40,-1,-1,-1
167,33,548.47,336.97,34.28,86.74,0.67,-1,-1,-1
167,35,430.36,176.84,18.89,39.38,0.52,-1,-1,-1
167,36,226.34,583.54,40.15,83.46,0.64,-1,-1,-1
167,38,134.83,174.58,18.70,38.15,0.71,-1,-1,-1
167,8,113.64,371.79,35.90,51.60,0.54,-1,-1,-1
167,39,655.36,723.48,32.26,32.52,0.63,-1,-1,-1
167,40,120.49,111.95,17.70,38.42,0.58,-1,-1,-1
167,41,669.48,293.28,28.42,67.28,0.55,-1,-1,-1
167,42,629.17,243.68,24.16,52.97,0.33,-1,-1,-1
167,12,714.40,346.21,30.61,76.57,0.74,-1,-1,-1
167,44,387.84,244.30,25.03,51.53,0.54,-1,-1,-1
167,16,780.32,346.61,38.37,89.79,0.77,-1,-1,-1
167,45,45.63,397.99,35.87,44.59,0.46,-1,-1,-1
167,24,281.90,459.12,42.57,79.42,0.30,-1,-1,-1
167,28,414.78,241.33,21.99,43.54,0.44,-1,-1,-1
167,47,228.74,318.14,30.93,45.76,0.54,-1,-1,-1
168,3,280.04,403.70,38.80,92.22,0.75,-1,-1,-1
168,4,208.39,319.85,28.15,63.33,0.74,-1,-1,-1
168,5,438.10,574.59,44.34,73.05,0.63,-1,-1,-1
168,6,370.53,561.37,50.61,81.09,0.67,-1,-1,-1
168,7,415.73,420.72,41.79,97.13,0.65,-1,-1,-1
168,9,350.97,206.00,18.52,38.63,0.57,-1,-1,-1
168,10,331.99,398.18,42.26,100.12,0.73,-1,-1,-1
168,14,654.87,287.18,28.90,71.12,0.48,-1,-1,-1
168,15,868.69,387.65,40.00,95.24,0.79,-1,-1,-1
168,17,611.93,321.69,29.49,82.81,0.72,-1,-1,-1
168,18,265.26,314.09,30.25,43.68,0.64,-1,-1,-1
168,19,839.53,267.72,22.48,35.51,0.53,-1,-1,-1
168,20,178.34,444.44,49.76,66.38,0.65,-1,-1,-1
168,21,579.99,646.46,42.95,109.47,0.70,-1,-1,-1
168,22,270.06,485.09,43.26,74.90,0.39,-1,-1,-1
168,25,368.89,331.39,28.28,49.12,0.60,-1,-1,-1
168,30,531.64,640.08,51.48,108.78,0.73,-1,-1,-1
168,32,419.64,247.93,27.71,61.67,0.49,-1,-1,-1
168,33,551.32,336.60,35.11,88.37,0.56,-1,-1,-1
168,35,433.39,177.17,18.35,38.33,0.50,-1,-1,-1
168,36,227.66,580.98,38.60,79.73,0.62,-1,-1,-1
168,38,138.18,174.31,18.01,36.70,0.72,-1,-1,-1
168,8,117.11,371.44,36.03,51.29,0.60,-1,-1,-1
168,39,654.07,724.02,31.71,31.98,0.67,-1,-1,-1
168,40,123.82,111.76,17.72,38.41,0.59,-1,-1,-1
168,41,672.64,293.43,26.42,61.88,0.58,-1,-1,-1
168,42,630.52,243.66,24.15,53.84,0.17,-1,-1,-1
168,12,716.37,346.62,30.47,76.61,0.75,-1,-1,-1
168,44,392.89,244.63,21.98,45.19,0.54,-1,-1,-1
168,16,784.26,345.57,38.63,91.23,0.71,-1,-1,-1
168,45,47.63,396.00,37.17,46.26,0.38,-1,-1,-1
168,24,283.59,469.03,42.24,77.15,0.11,-1,-1,-1
168,28,416.12,241.36,22.06,43.77,0.40,-1,-1,-1
168,47,231.23,317.90,30.75,45.70,0.42,-1,-1,-1
168,48,209.70,536.34,48.19,98.97,0.56,-1,-1,-1
169,3,280.73,403.43,38.52,91.34,0.71,-1,-1,-1
169,4,210.36,319.10,28.46,64.26,0.73,-1,-1,-1
169,5,438.76,574.81,44.29,72.77,0.64,-1,-1,-1
169,6,370.66,561.38,50.59,81.40,0.67,-1,-1,-1
169,7,414.76,420.76,41.85,97.30,0.70,-1,-1,-1
169,9,353.69,206.53,17.92,37.65,0.51,-1,-1,-1
169,10,332.02,398.02,42.61,100.92,0.76,-1,-1,-1
169,14,657.20,288.21,25.78,63.30,0.40,-1,-1,-1
169,15,869.54,387.66,40.36,96.13,0.75,-1,-1,-1
169,17,614.25,321.69,29.52,82.33,0.75,-1,-1,-1
169,18,266.81,314.41,29.44,42.75,0.63,-1,-1,-1
169,19,842.36,267.71,22.31,35.63,0.51,-1,-1,-1
169,20,179.78,443.73,50.32,66.53,0.64,-1,-1,-1
169,21,579.65,646.54,42.93,109.46,0.63,-1,-1,-1
169,22,268.72,488.29,40.00,71.17,0.52,-1,-1,-1
169,25,369.90,332.58,27.62,47.95,0.50,-1,-1,-1
169,30,532.21,640.49,49.31,104.25,0.78,-1,-1,-1
169,32,423.24,248.20,27.10,60.71,0.35,-1,-1,-1
169,33,557.18,336.38,34.20,86.81,0.72,-1,-1,-1
169,35,435.40,177.16,18.33,38.34,0.50,-1,-1,-1
169,36,226.59,580.99,38.63,78.50,0.31,-1,-1,-1
169,38,141.12,173.04,18.68,38.11,0.67,-1,-1,-1
169,8,119.21,371.65,35.35,49.97,0.61,-1,-1,-1
169,39,653.14,724.51,31.24,31.49,0.63,-1,-1,-1
169,40,127.56,111.04,17.62,38.39,0.60,-1,-1,-1
169,41,672.88,293.80,27.28,63.91,0.47,-1,-1,-1
169,42,636.14,245.01,23.62,52.26,0.35,-1,-1,-1
169,12,718.16,347.13,30.55,76.95,0.67,-1,-1,-1
169,44,395.38,244.59,21.36,44.10,0.54,-1,-1,-1
169,16,788.83,346.17,38.22,90.57,0.73,-1,-1,-1
169,45,50.37,395.70,36.94,45.96,0.40,-1,-1,-1
169,24,281.48,466.91,40.85,74.19,0.20,-1,-1,-1
169,28,419.91,241.74,21.40,42.40,0.32,-1,-1,-1
169,47,233.83,318.26,30.66,45.84,0.48,-1,-1,-1
169,48,206.24,533.60,54.81,112.77,0.48,-1,-1,-1
170,3,282.19,403.36,38.16,90.03,0.63,-1,-1,-1
170,4,212.86,318.24,28.56,64.50,0.73,-1,-1,-1
170,5,439.09,574.88,44.32,72.58,0.61,-1,-1,-1
170,6,371.00,561.16,50.80,82.09,0.72,-1,-1,-1
170,7,415.10,420.84,39.17,91.09,0.58,-1,-1,-1
170,9,356.16,206.20,17.88,37.65,0.51,-1,-1,-1
170,10,331.87,397.82,42.65,101.13,0.76,-1,-1,-1
170,14,658.36,289.78,26.30,65.25,0.42,-1,-1,-1
170,15,870.08,387.69,40.70,96.98,0.78,-1,-1,-1
170,17,616.73,321.87,29.19,81.67,0.76,-1,-1,-1
170,18,268.28,314.37,28.66,42.01,0.56,-1,-1,-1
170,19,842.82,268.12,22.44,35.77,0.50,-1,-1,-1
170,20,179.47,443.86,50.80,67.09,0.64,-1,-1,-1
170,21,578.96,646.82,42.51,108.66,0.57,-1,-1,-1
170,22,268.15,490.01,37.65,68.81,0.47,-1,-1,-1
170,25,372.23,331.08,27.94,48.73,0.38,-1,-1,-1
170,30,531.75,640.83,49.33,104.72,0.68,-1,-1,-1
170,32,426.39,251.35,25.12,56.55,0.45,-1,-1,-1
170,33,561.63,336.00,33.52,86.63,0.72,-1,-1,-1
170,35,438.64,177.22,16.89,35.05,0.49,-1,-1,-1
170,36,229.94,587.50,35.48,70.76,0.45,-1,-1,-1
170,38,144.43,172.45,18.31,37.39,0.68,-1,-1,-1
170,8,120.72,371.35,35.27,50.05,0.64,-1,-1,-1
170,39,651.92,724.87,30.93,31.13,0.57,-1,-1,-1
170,40,130.70,111.19,17.74,38.65,0.61,-1,-1,-1
170,41,672.74,294.21,27.44,64.40,0.41,-1,-1,-1
170,42,638.84,246.01,23.25,51.05,0.40,-1,-1,-1
170,12,720.18,347.24,30.35,76.55,0.63,-1,-1,-1
170,44,397.62,243.50,19.92,40.51,0.52,-1,-1,-1
170,16,792.40,347.52,37.67,88.84,0.70,-1,-1,-1
170,45,52.96,395.58,36.75,45.69,0.45,-1,-1,-1
170,24,286.22,479.95,36.73,63.02,0.32,-1,-1,-1
170,28,422.03,241.64,21.21,41.74,0.40,-1,-1,-1
170,47,235.91,318.05,30.28,45.56,0.47,-1,-1,-1
170,48,208.28,531.77,41.11,84.24,0.52,-1,-1,-1
171,3,283.86,402.89,38.65,91.11,0.61,-1,-1,-1
171,4,216.39,317.56,28.08,63.30,0.75,-1,-1,-1
171,5,439.73,574.84,44.04,71.83,0.63,-1,-1,-1
171,6,371.10,560.99,50.73,82.37,0.71,-1,-1,-1
171,7,416.70,420.75,35.72,82.62,0.49,-1,-1,-1
171,9,358.78,205.78,17.54,36.71,0.45,-1,-1,-1
171,10,333.32,397.74,42.33,101.31,0.69,-1,-1,-1
171,14,663.17,290.81,21.86,52.67,0.14,-1,-1,-1
171,15,871.46,388.06,40.42,96.60,0.75,-1,-1,-1
171,17,619.16,321.18,29.31,82.34,0.78,-1,-1,-1
171,18,270.52,313.97,28.50,41.68,0.51,-1,-1,-1
171,19,846.48,268.74,21.81,35.03,0.45,-1,-1,-1
171,20,184.90,443.24,52.38,66.98,0.58,-1,-1,-1
171,21,575.89,647.14,42.43,108.46,0.52,-1,-1,-1
171,22,271.61,489.26,37.18,68.42,0.47,-1,-1,-1
171,25,373.67,331.88,27.88,48.49,0.45,-1,-1,-1
171,30,531.37,640.84,49.53,105.84,0.69,-1,-1,-1
171,32,428.14,247.18,26.79,60.90,0.38,-1,-1,-1
171,33,564.99,336.23,33.78,88.85,0.72,-1,-1,-1
171,35,440.89,177.23,16.01,32.76,0.50,-1,-1,-1
171,36,227.11,582.36,36.89,72.98,0.12,-1,-1,-1
171,38,147.52,172.34,17.91,36.81,0.70,-1,-1,-1
171,8,122.50,371.36,34.95,49.50,0.63,-1,-1,-1
171,39,650.10,724.74,31.23,31.26,0.54,-1,-1,-1
171,40,134.19,110.58,17.99,39.32,0.72,-1,-1,-1
171,41,675.93,294.45,27.07,63.77,0.31,-1,-1,-1
171,42,642.68,242.19,24.93,54.72,0.37,-1,-1,-1
171,12,722.75,347.34,30.31,76.08,0.68,-1,-1,-1
171,44,400.73,243.17,19.72,39.77,0.45,-1,-1,-1
171,16,797.90,346.29,38.26,89.44,0.62,-1,-1,-1
171,45,54.26,394.75,37.26,46.21,0.28,-1,-1,-1
171,24,286.37,484.46,35.89,62.27,0.52,-1,-1,-1
171,28,423.62,241.71,21.28,41.87,0.51,-1,-1,-1
171,47,237.13,317.58,29.89,45.09,0.43,-1,-1,-1
171,48,205.75,528.29,33.52,67.82,0.35,-1,-1,-1
172,3,285.83,403.03,37.42,87.92,0.62,-1,-1,-1
172,4,218.92,317.52,27.95,63.06,0.76,-1,-1,-1
172,5,439.76,574.82,43.79,71.15,0.65,-1,-1,-1
172,6,371.03,559.82,51.36,83.61,0.71,-1,-1,-1
172,7,420.02,420.46,42.63,98.29,0.66,-1,-1,-1
172,9,360.54,205.83,18.64,38.92,0.20,-1,-1,-1
172,10,334.40,397.90,41.86,101.11,0.66,-1,-1,-1
172,15,872.06,388.67,40.37,96.59,0.76,-1,-1,-1
172,17,621.46,320.34,29.53,83.38,0.72,-1,-1,-1
172,18,272.83,313.47,29.28,42.57,0.53,-1,-1,-1
172,19,848.57,268.83,21.57,34.91,0.45,-1,-1,-1
172,20,186.84,442.56,52.87,65.83,0.55,-1,-1,-1
172,21,575.49,647.37,41.94,107.86,0.53,-1,-1,-1
172,22,273.96,487.76,37.03,68.46,0.54,-1,-1,-1
172,25,375.06,333.63,26.94,46.70,0.46,-1,-1,-1
172,30,531.03,640.56,50.06,107.79,0.68,-1,-1,-1
172,32,429.06,243.64,28.37,64.59,0.48,-1,-1,-1
172,33,568.01,336.17,33.40,88.59,0.66,-1,-1,-1
172,35,442.90,177.16,16.98,34.76,0.54,-1,-1,-1
172,36,223.95,580.08,36.00,70.14,0.13,-1,-1,-1
172,38,150.49,171.45,18.45,37.80,0.65,-1,-1,-1
172,8,124.37,371.24,34.74,49.14,0.61,-1,-1,-1
172,39,647.11,724.91,32.04,31.09,0.50,-1,-1,-1
172,40,137.32,110.70,17.82,39.05,0.64,-1,-1,-1
172,41,674.90,293.49,31.74,75.27,0.22,-1,-1,-1
172,42,644.77,243.14,25.09,54.73,0.46,-1,-1,-1
172,12,724.47,347.43,30.39,75.97,0.69,-1,-1,-1
172,44,402.93,243.87,20.15,40.64,0.54,-1,-1,-1
172,16,801.98,346.39,38.74,89.34,0.65,-1,-1,-1
172,45,56.12,395.28,36.46,44.95,0.38,-1,-1,-1
172,24,287.42,485.83,36.41,63.38,0.60,-1,-1,-1
172,28,426.59,241.33,21.66,41.97,0.39,-1,-1,-1
172,47,236.25,317.93,31.16,47.61,0.45,-1,-1,-1
172,48,197.01,524.35,37.47,76.04,0.38,-1,-1,-1
173,3,287.77,402.86,35.68,83.43,0.61,-1,-1,-1
173,4,221.32,316.25,27.78,63.14,0.68,-1,-1,-1
173,5,439.06,574.73,43.88,71.09,0.61,-1,-1,-1
173,6,370.64,559.37,51.79,84.57,0.67,-1,-1,-1
173,7,421.45,420.34,44.86,103.65,0.59,-1,-1,-1
173,9,364.10,205.73,19.20,39.75,0.59,-1,-1,-1
173,10,334.91,397.86,41.31,100.47,0.68,-1,-1,-1
173,15,872.82,389.28,40.50,96.87,0.74,-1,-1,-1
173,17,623.16,320.31,29.29,83.53,0.64,-1,-1,-1
173,18,274.58,313.31,29.54,42.61,0.58,-1,-1,-1
173,19,850.17,268.98,21.91,35.27,0.49,-1,-1,-1
173,20,187.28,441.69,54.10,66.17,0.55,-1,-1,-1
173,21,575.72,647.42,39.62,101.65,0.50,-1,-1,-1
173,25,376.22,333.22,26.58,45.84,0.52,-1,-1,-1
173,30,531.20,640.46,49.62,107.60,0.71,-1,-1,-1
173,32,429.41,242.10,29.01,66.00,0.45,-1,-1,-1
173,33,571.42,336.65,33.57,88.51,0.61,-1,-1,-1
173,35,444.65,177.03,18.22,37.33,0.47,-1,-1,-1
173,36,216.44,568.63,37.54,71.26,0.13,-1,-1,-1
173,38,153.38,170.89,18.81,38.48,0.71,-1,-1,-1
173,8,125.89,370.69,34.91,49.66,0.63,-1,-1,-1
173,39,642.09,725.07,33.40,30.93,0.52,-1,-1,-1
173,40,140.16,110.60,17.74,38.83,0.63,-1,-1,-1
173,41,670.57,291.01,31.83,75.29,0.51,-1,-1,-1
173,42,646.13,243.60,24.78,53.43,0.38,-1,-1,-1
173,12,724.94,346.68,31.80,79.56,0.70,-1,-1,-1
173,44,402.89,243.96,22.36,45.72,0.52,-1,-1,-1
173,16,805.77,347.02,38.72,87.74,0.74,-1,-1,-1
173,45,58.30,395.31,35.91,44.06,0.59,-1,-1,-1
173,24,282.83,486.26,37.97,65.84,0.59,-1,-1,-1
173,28,427.50,241.49,21.39,41.70,0.21,-1,-1,-1
173,47,239.70,317.95,30.97,47.87,0.51,-1,-1,-1
174,3,288.60,402.24,35.52,82.91,0.64,-1,-1,-1
174,4,223.70,315.61,27.91,63.68,0.69,-1,-1,-1
174,5,438.75,574.45,43.98,70.81,0.61,-1,-1,-1
174,6,370.19,559.06,52.30,85.57,0.67,-1,-1,-1
174,7,422.96,420.43,45.22,105.28,0.62,-1,-1,-1
174,9,366.57,205.51,19.08,39.16,0.65,-1,-1,-1
174,10,336.09,398.27,40.70,99.69,0.62,-1,-1,-1
174,15,874.21,389.33,40.96,98.14,0.70,-1,-1,-1
174,17,624.57,320.06,29.14,84.03,0.61,-1,-1,-1
174,18,276.21,312.61,30.10,43.37,0.58,-1,-1,-1
174,19,849.73,269.01,22.38,35.67,0.52,-1,-1,-1
174,20,185.12,441.34,53.91,66.80,0.57,-1,-1,-1
174,21,574.15,646.84,39.90,102.00,0.50,-1,-1,-1
174,25,377.56,331.34,27.52,47.25,0.49,-1,-1,-1
174,30,531.07,639.85,48.66,106.59,0.69,-1,-1,-1
174,32,431.52,249.07,26.08,58.71,0.47,-1,-1,-1
174,33,575.82,336.72,32.54,86.02,0.63,-1,-1,-1
174,35,447.35,176.95,17.00,34.65,0.53,-1,-1,-1
174,36,207.07,557.99,40.63,76.43,0.53,-1,-1,-1
174,38,155.63,170.10,19.24,39.46,0.74,-1,-1,-1
174,8,127.44,370.38,34.78,49.90,0.63,-1,-1,-1
174,39,639.29,725.23,35.08,30.77,0.53,-1,-1,-1
174,40,143.43,110.45,17.72,38.79,0.59,-1,-1,-1
174,41,668.85,290.15,34.26,81.46,0.57,-1,-1,-1
174,42,646.73,242.28,25.65,55.31,0.40,-1,-1,-1
174,12,726.33,346.70,32.51,81.55,0.70,-1,-1,-1
174,44,402.60,243.86,23.81,49.16,0.40,-1,-1,-1
174,16,811.25,345.09,38.30,87.84,0.74,-1,-1,-1
174,45,59.78,394.79,35.90,43.82,0.60,-1,-1,-1
174,24,282.33,485.80,39.72,67.51,0.62,-1,-1,-1
174,28,429.20,241.49,21.89,42.68,0.33,-1,-1,-1
174,47,242.80,317.23,30.34,47.39,0.56,-1,-1,-1
175,3,289.02,402.33,35.82,83.68,0.64,-1,-1,-1
175,4,226.24,315.17,27.50,62.43,0.70,-1,-1,-1
175,5,438.34,574.46,44.22,70.66,0.57,-1,-1,-1
175,6,369.85,558.80,52.49,86.14,0.68,-1,-1,-1
175,7,424.67,421.21,44.52,104.98,0.75,-1,-1,-1
175,9,370.26,205.90,18.96,38.20,0.45,-1,-1,-1
175,10,337.49,399.41,39.88,98.36,0.64,-1,-1,-1
175,15,877.82,389.79,40.60,98.48,0.78,-1,-1,-1
175,17,626.98,319.17,29.10,83.78,0.61,-1,-1,-1
175,18,277.38,312.59,30.26,43.62,0.57,-1,-1,-1
175,19,851.29,269.20,22.58,35.85,0.53,-1,-1,-1
175,20,185.41,441.31,52.93,66.63,0.54,-1,-1,-1
175,21,574.15,647.71,38.28,96.77,0.54,-1,-1,-1
175,25,379.07,332.48,27.00,46.07,0.46,-1,-1,-1
175,30,530.52,639.15,49.05,108.09,0.71,-1,-1,-1
175,32,434.96,255.83,23.07,51.16,0.45,-1,-1,-1
175,33,578.67,336.58,31.02,82.69,0.63,-1,-1,-1
175,35,449.19,176.85,17.19,34.99,0.53,-1,-1,-1
175,36,196.54,537.05,49.19,94.18,0.55,-1,-1,-1
175,38,158.97,169.41,19.04,38.90,0.70,-1,-1,-1
175,8,129.32,369.87,34.81,50.30,0.61,-1,-1,-1
175,39,638.20,725.69,35.78,30.31,0.51,-1,-1,-1
175,40,146.78,111.42,17.34,38.09,0.65,-1,-1,-1
175,41,668.72,289.76,34.82,82.64,0.56,-1,-1,-1
175,42,647.31,243.74,24.73,53.18,0.35,-1,-1,-1
175,12,728.44,346.85,32.94,83.59,0.71,-1,-1,-1
175,44,405.25,243.76,21.07,43.42,0.40,-1,-1,-1
175,16,815.69,344.14,37.88,87.95,0.74,-1,-1,-1
175,45,59.57,392.12,37.67,46.18,0.61,-1,-1,-1
175,24,285.16,481.58,44.42,73.61,0.68,-1,-1,-1
175,28,430.88,241.29,21.77,42.52,0.52,-1,-1,-1
175,47,245.33,316.83,27.10,42.51,0.51,-1,-1,-1
176,3,289.57,401.65,35.95,84.21,0.67,-1,-1,-1
176,4,228.30,314.51,27.03,61.38,0.75,-1,-1,-1
176,5,437.56,574.21,44.65,70.91,0.58,-1,-1,-1
176,6,369.67,558.38,52.55,86.39,0.65,-1,-1,-1
176,7,426.11,422.50,43.21,103.59,0.82,-1,-1,-1
176,9,373.80,206.60,18.78,37.40,0.48,-1,-1,-1
176,10,339.90,403.89,38.17,94.85,0.61,-1,-1,-1
176,15,879.51,390.12,40.54,99.64,0.81,-1,-1,-1
176,17,628.90,318.28,28.66,82.50,0.62,-1,-1,-1
176,18,278.55,312.38,29.91,43.32,0.53,-1,-1,-1
176,19,853.43,269.82,22.04,35.09,0.48,-1,-1,-1
176,20,186.46,441.09,51.40,65.85,0.52,-1,-1,-1
176,21,573.34,648.56,37.94,94.61,0.60,-1,-1,-1
176,25,380.80,332.79,26.48,45.02,0.44,-1,-1,-1
176,30,530.29,638.18,49.09,108.75,0.66,-1,-1,-1
176,32,435.89,254.56,23.55,52.02,0.48,-1,-1,-1
176,33,581.31,338.00,31.76,85.07,0.61,-1,-1,-1
176,35,449.63,177.55,20.60,42.88,0.56,-1,-1,-1
176,36,193.88,538.38,47.47,91.78,0.49,-1,-1,-1
176,38,161.89,169.30,18.95,38.65,0.69,-1,-1,-1
176,8,126.54,369.19,36.10,50.61,0.56,-1,-1,-1
176,39,639.43,726.20,36.14,29.80,0.49,-1,-1,-1
176,40,150.06,110.32,17.23,37.86,0.65,-1,-1,-1
176,41,669.63,288.75,34.40,82.17,0.48,-1,-1,-1
176,42,651.17,242.54,25.13,54.57,0.32,-1,-1,-1
176,12,730.27,347.27,32.61,83.78,0.68,-1,-1,-1
176,44,409.40,244.27,21.28,44.08,0.49,-1,-1,-1
176,16,820.55,344.03,37.55,87.79,0.73,-1,-1,-1
176,45,60.36,390.23,38.65,47.55,0.47,-1,-1,-1
176,24,284.08,482.26,45.32,74.65,0.67,-1,-1,-1
176,28,432.36,240.89,21.81,42.84,0.47,-1,-1,-1
176,47,247.90,316.12,27.73,43.82,0.51,-1,-1,-1
176,48,178.93,508.03,32.97,66.82,0.53,-1,-1,-1
177,3,289.81,401.61,36.54,85.90,0.68,-1,-1,-1
177,4,230.26,313.82,26.45,60.36,0.71,-1,-1,-1
177,5,437.02,574.03,44.94,70.91,0.53,-1,-1,-1
177,6,369.95,558.61,52.31,86.27,0.66,-1,-1,-1
177,7,426.35,423.48,41.79,101.28,0.76,-1,-1,-1
177,9,376.10,206.59,18.85,36.96,0.43,-1,-1,-1
177,10,341.51,407.99,37.05,92.49,0.60,-1,-1,-1
177,15,881.23,390.55,40.29,100.17,0.85,-1,-1,-1
177,17,629.67,316.88,29.51,84.82,0.64,-1,-1,-1
177,18,279.82,312.09,30.71,44.75,0.57,-1,-1,-1
177,19,852.98,270.13,22.33,35.01,0.50,-1,-1,-1
177,20,187.38,440.69,50.64,65.75,0.59,-1,-1,-1
177,21,570.86,649.18,39.54,98.29,0.66,-1,-1,-1
177,25,381.82,331.67,26.87,45.79,0.44,-1,-1,-1
177,30,529.63,638.03,49.81,111.22,0.65,-1,-1,-1
177,32,437.53,252.61,24.47,54.12,0.52,-1,-1,-1
177,33,584.65,341.90,31.38,84.00,0.60,-1,-1,-1
177,35,451.35,177.42,21.97,46.63,0.50,-1,-1,-1
177,36,192.22,538.13,46.81,91.35,0.41,-1,-1,-1
177,38,164.70,168.92,18.91,38.41,0.71,-1,-1,-1
177,8,127.02,368.68,37.28,50.61,0.46,-1,-1,-1
177,39,639.10,727.15,34.74,28.64,0.51,-1,-1,-1
177,40,153.76,110.35,17.24,38.05,0.60,-1,-1,-1
177,41,672.75,288.68,34.24,82.66,0.43,-1,-1,-1
177,42,652.72,243.48,24.96,53.77,0.42,-1,-1,-1
177,12,731.55,348.50,31.92,82.84,0.74,-1,-1,-1
177,44,412.59,244.35,19.75,40.86,0.55,-1,-1,-1
177,16,825.27,343.30,37.25,87.59,0.75,-1,-1,-1
177,45,63.64,391.73,37.40,45.71,0.52,-1,-1,-1
177,24,283.37,482.71,44.59,72.87,0.62,-1,-1,-1
177,28,434.08,240.95,21.21,41.98,0.31,-1,-1,-1
177,47,248.96,316.33,28.16,45.13,0.53,-1,-1,-1
177,49,1.35,283.26,22.61,71.17,0.69,-1,-1,-1
177,48,179.61,503.66,29.24,58.83,0.43,-1,-1,-1
178,3,289.53,401.54,37.98,89.53,0.71,-1,-1,-1
178,4,232.30,312.80,26.87,61.20,0.75,-1,-1,-1
178,5,436.28,573.66,45.25,71.13,0.52,-1,-1,-1
178,6,369.95,558.50,52.33,86.65,0.60,-1,-1,-1
178,7,425.28,423.25,42.04,102.51,0.73,-1,-1,-1
178,9,377.40,206.68,22.29,44.36,0.54,-1,-1,-1
178,10,340.21,401.50,39.65,99.63,0.61,-1,-1,-1
178,15,883.96,391.59,39.39,99.65,0.86,-1,-1,-1
178,17,630.18,315.72,30.01,86.53,0.67,-1,-1,-1
178,18,280.86,312.16,30.56,44.83,0.60,-1,-1,-1
178,19,855.09,270.20,22.53,35.32,0.55,-1,-1,-1
178,20,193.73,439.91,50.45,64.11,0.60,-1,-1,-1
178,21,570.80,650.16,38.62,94.72,0.65,-1,-1,-1
178,25,382.82,333.29,26.15,44.55,0.36,-1,-1,-1
178,30,529.76,638.86,48.67,109.01,0.60,-1,-1,-1
178,32,437.92,247.69,26.44,59.17,0.36,-1,-1,-1
178,33,588.62,339.03,31.89,86.42,0.49,-1,-1,-1
178,35,455.08,177.03,18.12,38.07,0.50,-1,-1,-1
178,36,190.93,535.72,39.57,77.92,0.70,-1,-1,-1
178,38,168.68,169.13,18.46,37.37,0.65,-1,-1,-1
178,8,133.48,368.27,37.10,50.27,0.57,-1,-1,-1
178,39,637.28,727.89,33.71,27.88,0.53,-1,-1,-1
178,40,156.60,110.44,17.14,37.59,0.62,-1,-1,-1
178,41,675.93,288.40,32.59,78.73,0.48,-1,-1,-1
178,42,653.88,242.62,25.79,55.24,0.42,-1,-1,-1
178,12,732.73,350.29,30.83,80.67,0.77,-1,-1,-1
178,44,414.57,244.35,18.59,38.36,0.56,-1,-1,-1
178,16,829.00,343.46,37.05,87.72,0.72,-1,-1,-1
178,45,65.01,390.05,38.11,46.73,0.27,-1,-1,-1
178,24,283.16,480.96,45.06,73.77,0.62,-1,-1,-1
178,28,435.17,241.24,20.83,41.41,0.13,-1,-1,-1
178,47,249.98,316.33,28.75,46.82,0.48,-1,-1,-1
178,49,2.45,284.48,21.70,67.98,0.66,-1,-1,-1
178,48,178.24,496.06,30.06,59.99,0.41,-1,-1,-1
179,3,289.95,401.25,38.71,91.35,0.71,-1,-1,-1
179,4,234.10,312.60,27.16,61.72,0.72,-1,-1,-1
179,5,432.54,573.92,43.98,69.69,0.53,-1,-1,-1
179,6,370.44,558.53,51.86,86.14,0.62,-1,-1,-1
179,7,425.78,422.81,41.91,102.99,0.76,-1,-1,-1
179,9,378.99,206.57,25.13,51.09,0.49,-1,-1,-1
179,10,341.11,402.03,39.25,99.50,0.61,-1,-1,-1
179,15,885.99,393.11,38.42,98.52,0.83,-1,-1,-1
179,17,630.98,315.63,29.82,86.67,0.68,-1,-1,-1
179,18,282.28,312.18,29.88,43.99,0.53,-1,-1,-1
179,19,856.63,270.18,22.86,35.40,0.55,-1,-1,-1
179,20,196.94,439.18,50.67,63.49,0.58,-1,-1,-1
179,21,566.68,650.99,41.05,100.48,0.71,-1,-1,-1
179,25,383.21,331.68,26.83,45.99,0.52,-1,-1,-1
179,30,528.59,640.37,48.81,109.99,0.68,-1,-1,-1
179,32,442.04,249.31,25.17,56.80,0.32,-1,-1,-1
179,33,592.73,337.38,30.77,83.67,0.63,-1,-1,-1
179,35,457.89,176.78,16.74,34.87,0.50,-1,-1,-1
179,36,187.17,529.57,38.14,76.29,0.51,-1,-1,-1
179,38,171.82,168.98,18.36,37.25,0.70,-1,-1,-1
179,8,136.27,368.06,36.59,49.57,0.60,-1,-1,-1
179,39,635.62,728.47,33.19,27.41,0.52,-1,-1,-1
179,40,159.81,110.72,16.99,37.10,0.59,-1,-1,-1
179,41,675.61,289.35,32.76,78.89,0.48,-1,-1,-1
179,42,654.97,242.04,26.03,55.44,0.34,-1,-1,-1
179,12,733.76,351.95,30.20,79.40,0.76,-1,-1,-1
179,44,415.39,243.99,18.87,38.89,0.55,-1,-1,-1
179,16,833.80,343.58,36.99,87.75,0.71,-1,-1,-1
179,45,64.54,385.62,41.10,50.91,0.23,-1,-1,-1
179,24,283.82,480.73,44.70,73.07,0.52,-1,-1,-1
179,28,438.32,241.30,20.98,41.35,0.31,-1,-1,-1
179,47,249.43,315.71,30.72,51.02,0.47,-1,-1,-1
179,49,4.04,284.85,21.22,65.71,0.64,-1,-1,-1
179,48,176.83,493.87,32.03,63.09,0.31,-1,-1,-1
180,3,289.81,401.42,39.24,92.59,0.74,-1,-1,-1
180,4,235.01,312.26,27.22,62.09,0.73,-1,-1,-1
180,5,430.84,573.95,43.06,68.83,0.55,-1,-1,-1
180,6,371.01,558.70,51.25,85.04,0.62,-1,-1,-1
180,7,428.55,422.29,41.70,103.47,0.75,-1,-1,-1
180,9,380.32,206.43,25.83,53.69,0.52,-1,-1,-1
180,10,341.40,401.00,39.28,100.40,0.64,-1,-1,-1
180,15,887.64,394.91,37.79,97.59,0.81,-1,-1,-1
180,17,631.46,315.48,29.90,87.57,0.69,-1,-1,-1
180,18,285.60,312.58,28.53,41.70,0.60,-1,-1,-1
180,19,857.71,270.59,23.18,35.59,0.54,-1,-1,-1
180,20,195.28,438.80,50.06,63.72,0.55,-1,-1,-1
180,21,564.84,651.10,41.72,102.15,0.67,-1,-1,-1
180,25,384.45,330.66,27.14,46.76,0.56,-1,-1,-1
180,30,527.71,641.05,48.32,109.41,0.65,-1,-1,-1
180,32,445.86,252.51,23.73,53.22,0.38,-1,-1,-1
180,33,595.48,338.21,31.16,85.62,0.64,-1,-1,-1
180,35,459.32,176.94,18.08,37.84,0.53,-1,-1,-1
180,36,182.89,524.31,39.51,79.42,0.63,-1,-1,-1
180,38,175.64,168.48,17.97,36.41,0.67,-1,-1,-1
180,8,136.84,367.60,36.20,49.61,0.63,-1,-1,-1
180,39,634.73,729.59,32.25,26.37,0.47,-1,-1,-1
180,40,162.99,111.37,16.59,36.18,0.58,-1,-1,-1
180,41,677.66,289.00,31.94,76.44,0.45,-1,-1,-1
180,42,658.88,243.20,25.28,54.05,0.38,-1,-1,-1
180,12,734.25,353.53,29.79,78.49,0.76,-1,-1,-1
180,44,415.00,243.76,20.29,41.70,0.57,-1,-1,-1
180,16,837.57,343.71,37.35,87.85,0.75,-1,-1,-1
180,45,69.91,388.07,36.91,46.29,0.21,-1,-1,-1
180,24,283.99,480.27,44.71,72.79,0.47,-1,-1,-1
180,28,440.04,241.38,21.24,41.61,0.54,-1,-1,-1
180,47,249.29,315.33,31.43,53.36,0.57,-1,-1,-1
180,49,4.84,284.32,21.48,65.45,0.60,-1,-1,-1
180,48,173.87,495.46,32.84,64.67,0.46,-1,-1,-1
181,3,290.71,401.36,39.03,92.10,0.72,-1,-1,-1
181,4,235.88,311.99,26.92,61.79,0.66,-1,-1,-1
181,5,429.65,574.11,42.11,68.27,0.56,-1,-1,-1
181,6,371.00,558.49,51.19,84.79,0.59,-1,-1,-1
181,7,432.11,421.76,41.46,103.24,0.68,-1,-1,-1
181,9,381.93,206.86,25.78,54.44,0.56,-1,-1,-1
181,10,341.78,400.20,39.21,101.04,0.66,-1,-1,-1
181,15,889.35,396.66,37.36,96.56,0.80,-1,-1,-1
181,17,632.14,315.48,29.82,88.01,0.71,-1,-1,-1
181,18,287.33,312.43,27.96,40.77,0.55,-1,-1,-1
181,19,859.63,270.65,23.26,35.78,0.49,-1,-1,-1
181,20,195.01,438.28,49.67,64.04,0.61,-1,-1,-1
181,21,563.05,650.91,42.41,103.89,0.63,-1,-1,-1
181,25,385.38,330.50,27.26,46.91,0.56,-1,-1,-1
181,30,526.01,640.78,48.74,110.99,0.67,-1,-1,-1
181,32,446.82,248.49,25.57,57.25,0.39,-1,-1,-1
181,33,597.34,339.65,31.43,87.51,0.62,-1,-1,-1
181,35,460.47,176.90,20.44,43.32,0.43,-1,-1,-1
181,36,180.25,527.60,38.43,75.28,0.56,-1,-1,-1
181,38,179.00,168.49,17.55,35.53,0.68,-1,-1,-1
181,8,137.33,367.03,36.13,49.69,0.58,-1,-1,-1
181,39,633.21,730.13,31.98,25.86,0.37,-1,-1,-1
181,40,165.39,110.46,16.65,36.26,0.65,-1,-1,-1
181,41,677.38,288.97,33.84,81.54,0.49,-1,-1,-1
181,42,660.81,243.15,25.23,53.88,0.49,-1,-1,-1
181,12,734.42,355.04,29.46,77.55,0.74,-1,-1,-1
181,44,418.42,243.28,19.60,39.40,0.52,-1,-1,-1
181,16,842.28,343.96,36.60,85.93,0.70,-1,-1,-1
181,45,71.78,391.82,34.68,43.01,0.40,-1,-1,-1
181,24,286.13,479.23,43.95,71.95,0.53,-1,-1,-1
181,28,441.30,241.21,21.62,42.59,0.48,-1,-1,-1
181,47,249.16,314.65,32.47,56.15,0.53,-1,-1,-1
181,49,5.55,283.82,24.44,72.93,0.57,-1,-1,-1
181,48,170.40,491.77,32.49,62.88,0.41,-1,-1,-1
181,51,698.99,317.34,28.69,80.81,0.67,-1,-1,-1
182,3,291.33,401.12,39.71,93.99,0.73,-1,-1,-1
182,4,236.83,311.29,26.90,61.95,0.61,-1,-1,-1
182,5,429.32,574.03,41.50,68.09,0.58,-1,-1,-1
182,6,371.25,558.38,51.05,84.53,0.55,-1,-1,-1
182,7,432.04,421.23,41.16,103.64,0.69,-1,-1,-1
182,9,384.78,206.87,22.46,47.27,0.55,-1,-1,-1
182,10,342.17,400.38,39.03,101.32,0.68,-1,-1,-1
182,15,890.95,397.76,37.37,96.00,0.73,-1,-1,-1
182,17,632.29,316.24,29.21,86.54,0.73,-1,-1,-1
182,18,289.10,311.91,29.04,42.13,0.50,-1,-1,-1
182,19,859.85,271.01,23.85,36.37,0.46,-1,-1,-1
182,20,195.72,438.18,49.01,64.04,0.59,-1,-1,-1
182,21,560.75,650.95,42.57,104.83,0.57,-1,-1,-1
182,25,385.93,331.84,26.52,46.09,0.54,-1,-1,-1
182,30,524.66,640.37,49.04,112.43,0.64,-1,-1,-1
182,32,448.72,248.92,25.83,57.16,0.40,-1,-1,-1
182,33,599.11,341.20,31.30,88.41,0.55,-1,-1,-1
182,35,463.26,176.85,18.23,38.41,0.50,-1,-1,-1
182,36,179.01,533.04,36.16,67.91,0.59,-1,-1,-1
182,38,181.91,166.25,18.29,37.39,0.63,-1,-1,-1
182,8,136.06,366.39,36.88,49.94,0.59,-1,-1,-1
182,39,630.80,731.53,30.76,24.47,0.25,-1,-1,-1
182,40,168.09,109.97,16.68,36.30,0.63,-1,-1,-1
182,41,678.04,289.54,33.84,81.99,0.56,-1,-1,-1
182,42,661.45,243.20,25.58,54.23,0.39,-1,-1,-1
182,12,734.66,356.55,29.10,76.13,0.71,-1,-1,-1
182,44,420.82,243.53,19.41,38.34,0.55,-1,-1,-1
182,16,846.05,342.24,36.70,86.50,0.73,-1,-1,-1
182,45,73.69,393.29,34.21,42.01,0.50,-1,-1,-1
182,24,284.71,481.27,43.13,70.37,0.55,-1,-1,-1
182,28,444.05,241.13,21.95,42.50,0.29,-1,-1,-1
182,47,254.90,314.93,28.75,50.06,0.46,-1,-1,-1
182,49,6.62,283.17,27.20,79.70,0.59,-1,-1,-1
182,48,166.17,490.03,37.54,72.59,0.39,-1,-1,-1
182,51,700.15,319.09,28.30,79.57,0.55,-1,-1,-1
183,3,291.79,401.01,39.80,94.43,0.72,-1,-1,-1
183,4,237.60,310.40,27.18,62.75,0.60,-1,-1,-1
183,5,429.16,573.99,41.27,68.35,0.60,-1,-1,-1
183,6,371.53,558.24,50.74,84.19,0.55,-1,-1,-1
183,7,432.12,420.76,38.70,98.08,0.71,-1,-1,-1
183,9,386.67,205.30,20.26,41.77,0.53,-1,-1,-1
183,10,342.57,400.52,39.00,102.09,0.64,-1,-1,-1
183,15,892.24,400.46,36.44,93.45,0.73,-1,-1,-1
183,17,632.11,316.55,28.84,85.41,0.72,-1,-1,-1
183,18,290.26,311.60,29.61,42.75,0.54,-1,-1,-1
183,19,861.44,270.95,24.48,37.29,0.50,-1,-1,-1
183,20,195.28,437.97,48.79,64.42,0.59,-1,-1,-1
183,21,558.87,650.02,42.51,105.63,0.46,-1,-1,-1
183,25,386.85,331.88,26.62,46.42,0.44,-1,-1,-1
183,30,523.25,640.57,48.84,112.28,0.46,-1,-1,-1
183,32,449.58,248.79,26.16,57.25,0.40,-1,-1,-1
183,33,601.77,346.40,30.85,87.42,0.53,-1,-1,-1
183,35,466.16,176.43,15.62,32.37,0.51,-1,-1,-1
183,36,175.00,519.90,34.15,63.58,0.14,-1,-1,-1
183,38,185.40,164.01,19.17,39.83,0.51,-1,-1,-1
183,8,134.14,366.10,38.00,49.97,0.61,-1,-1,-1
183,39,628.94,732.40,31.33,23.60,0.26,-1,-1,-1
183,40,171.25,110.52,16.48,35.76,0.63,-1,-1,-1
183,41,678.61,289.48,33.60,81.72,0.53,-1,-1,-1
183,42,661.55,243.51,25.99,54.97,0.46,-1,-1,-1
183,12,733.84,356.92,28.73,74.25,0.72,-1,-1,-1
183,44,421.42,243.94,20.38,40.15,0.52,-1,-1,-1
183,16,850.17,341.35,36.59,87.02,0.80,-1,-1,-1
183,45,74.69,393.00,34.60,42.30,0.51,-1,-1,-1
183,24,283.95,481.15,43.87,70.81,0.56,-1,-1,-1
183,28,445.47,241.56,22.48,43.74,0.33,-1,-1,-1
183,47,255.41,314.31,28.40,48.85,0.45,-1,-1,-1
183,49,8.08,282.23,28.52,81.79,0.74,-1,-1,-1
183,48,162.02,487.49,38.27,73.57,0.45,-1,-1,-1
183,51,701.23,325.06,26.39,73.73,0.54,-1,-1,-1
184,3,292.27,400.89,39.92,94.98,0.73,-1,-1,-1
184,4,240.06,309.98,27.37,62.63,0.68,-1,-1,-1
184,5,428.81,573.87,41.08,68.65,0.62,-1,-1,-1
184,6,371.74,557.92,50.74,84.41,0.53,-1,-1,-1
184,7,434.21,420.75,33.88,85.30,0.71,-1,-1,-1
184,9,387.34,204.56,20.16,40.89,0.52,-1,-1,-1
184,10,342.64,399.94,38.99,102.83,0.65,-1,-1,-1
184,15,892.80,402.51,35.79,91.66,0.78,-1,-1,-1
184,17,631.94,317.26,27.96,82.08,0.72,-1,-1,-1
184,18,291.54,311.38,29.33,41.96,0.58,-1,-1,-1
184,19,863.64,271.11,24.52,37.68,0.52,-1,-1,-1
184,20,195.16,437.81,48.64,64.69,0.59,-1,-1,-1
184,21,556.95,649.00,42.78,107.00,0.47,-1,-1,-1
184,25,387.76,332.76,26.16,45.90,0.37,-1,-1,-1
184,30,520.74,640.17,48.53,112.17,0.58,-1,-1,-1
184,32,450.72,248.28,26.49,57.66,0.35,-1,-1,-1
184,33,603.87,350.38,30.05,85.35,0.58,-1,-1,-1
184,35,466.08,178.03,19.75,41.66,0.57,-1,-1,-1
184,36,172.19,504.04,34.69,65.66,0.12,-1,-1,-1
184,38,189.12,163.90,18.47,38.68,0.64,-1,-1,-1
184,8,136.96,365.79,37.71,49.49,0.63,-1,-1,-1
184,39,627.48,733.21,31.89,22.79,0.28,-1,-1,-1
184,40,173.61,110.35,16.75,36.14,0.63,-1,-1,-1
184,41,680.31,288.42,34.52,84.46,0.64,-1,-1,-1
184,42,662.27,244.14,25.88,54.11,0.48,-1,-1,-1
184,12,733.17,357.18,29.14,74.33,0.73,-1,-1,-1
184,44,422.69,244.16,20.11,39.19,0.50,-1,-1,-1
184,16,853.28,340.29,36.81,87.71,0.78,-1,-1,-1
184,45,75.60,391.90,35.13,43.02,0.54,-1,-1,-1
184,24,283.90,481.96,43.20,70.00,0.47,-1,-1,-1
184,28,448.60,241.00,22.42,43.28,0.35,-1,-1,-1
184,47,259.72,314.21,28.39,49.55,0.56,-1,-1,-1
184,49,9.86,282.22,28.99,81.30,0.75,-1,-1,-1
184,48,160.81,490.23,36.34,70.14,0.55,-1,-1,-1
184,51,702.11,330.30,25.50,70.64,0.52,-1,-1,-1
185,3,292.39,400.90,39.79,94.79,0.73,-1,-1,-1
185,4,242.20,309.29,27.65,62.49,0.68,-1,-1,-1
185,5,428.20,573.51,40.73,68.74,0.59,-1,-1,-1
185,6,371.58,557.68,50.46,83.96,0.57,-1,-1,-1
185,7,436.08,420.30,30.88,76.62,0.72,-1,-1,-1
185,9,387.87,205.30,20.39,40.51,0.51,-1,-1,-1
185,10,342.12,396.87,39.48,104.52,0.65,-1,-1,-1
185,15,892.74,403.85,35.49,90.60,0.79,-1,-1,-1
185,17,631.72,317.92,27.74,80.75,0.69,-1,-1,-1
185,18,292.70,311.18,30.31,43.24,0.56,-1,-1,-1
185,19,864.37,271.40,24.62,37.89,0.54,-1,-1,-1
185,20,194.81,437.98,49.19,65.25,0.64,-1,-1,-1
185,21,556.15,648.63,41.80,105.30,0.46,-1,-1,-1
185,25,389.55,332.27,25.78,45.71,0.35,-1,-1,-1
185,30,517.54,640.30,48.03,111.31,0.63,-1,-1,-1
185,32,452.23,253.10,24.83,52.76,0.19,-1,-1,-1
185,33,604.26,349.03,30.72,87.84,0.56,-1,-1,-1
185,35,467.12,177.55,21.54,46.22,0.53,-1,-1,-1
185,38,192.85,164.57,17.67,36.92,0.68,-1,-1,-1
185,8,139.41,365.67,37.40,49.55,0.64,-1,-1,-1
185,39,626.14,733.18,33.70,22.82,0.30,-1,-1,-1
185,40,176.18,109.86,16.93,36.44,0.50,-1,-1,-1
185,41,681.09,288.53,34.74,85.82,0.65,-1,-1,-1
185,42,662.54,244.18,26.36,54.86,0.46,-1,-1,-1
185,12,732.16,357.62,30.59,77.64,0.71,-1,-1,-1
185,44,423.55,243.81,20.01,38.02,0.41,-1,-1,-1
185,16,856.67,339.54,37.25,88.24,0.77,-1,-1,-1
185,45,76.29,391.19,35.27,43.13,0.57,-1,-1,-1
185,24,284.07,481.06,43.79,70.56,0.39,-1,-1,-1
185,28,449.96,240.79,21.39,41.09,0.41,-1,-1,-1
185,47,260.39,314.06,28.53,50.31,0.57,-1,-1,-1
185,49,11.07,281.68,29.75,81.57,0.74,-1,-1,-1
185,48,154.80,489.48,44.03,85.96,0.48,-1,-1,-1
185,51,702.78,333.75,25.81,70.98,0.43,-1,-1,-1
186,3,292.95,400.76,39.68,94.58,0.75,-1,-1,-1
186,4,243.95,309.33,27.43,61.47,0.67,-1,-1,-1
186,5,427.59,573.14,40.32,68.61,0.55,-1,-1,-1
186,6,373.48,558.62,46.59,77.98,0.59,-1,-1,-1
186,7,436.09,419.67,34.62,85.35,0.58,-1,-1,-1
186,9,386.40,204.26,20.46,40.41,0.54,-1,-1,-1
186,10,341.96,395.74,39.54,104.90,0.66,-1,-1,-1
186,15,893.09,405.13,35.25,89.55,0.81,-1,-1,-1
186,17,630.97,318.49,27.72,79.80,0.67,-1,-1,-1
186,18,293.67,311.24,30.49,43.56,0.58,-1,-1,-1
186,19,866.84,272.31,22.37,34.43,0.55,-1,-1,-1
186,20,194.94,437.91,48.96,64.74,0.64,-1,-1,-1
186,21,552.59,649.91,42.17,105.44,0.65,-1,-1,-1
186,25,390.38,332.14,25.73,45.78,0.33,-1,-1,-1
186,30,515.44,640.43,46.50,107.45,0.79,-1,-1,-1
186,32,453.25,252.55,24.84,53.18,0.15,-1,-1,-1
186,33,605.01,349.61,30.65,88.02,0.55,-1,-1,-1
186,35,468.47,177.23,22.15,48.31,0.50,-1,-1,-1
186,38,196.49,165.45,17.43,36.43,0.59,-1,-1,-1
186,8,141.23,365.55,36.80,49.08,0.66,-1,-1,-1
186,39,624.09,734.07,34.46,21.93,0.26,-1,-1,-1
186,40,179.00,110.23,16.79,36.16,0.56,-1,-1,-1
186,41,681.90,288.39,34.73,86.49,0.67,-1,-1,-1
186,42,662.76,243.70,26.98,56.03,0.47,-1,-1,-1
186,12,732.10,358.01,31.16,78.83,0.66,-1,-1,-1
186,44,424.65,243.66,20.24,37.57,0.47,-1,-1,-1
186,16,859.72,339.16,37.33,88.27,0.72,-1,-1,-1
186,45,76.45,389.41,36.47,44.59,0.48,-1,-1,-1
186,24,283.51,480.85,43.86,69.92,0.43,-1,-1,-1
186,28,447.92,241.05,25.62,50.27,0.43,-1,-1,-1
186,47,260.83,313.45,28.53,50.83,0.53,-1,-1,-1
186,49,11.36,281.20,31.27,84.13,0.61,-1,-1,-1
186,48,152.72,490.25,41.23,80.17,0.48,-1,-1,-1
187,3,293.43,400.72,39.44,94.19,0.76,-1,-1,-1
187,4,246.08,309.52,27.60,60.85,0.65,-1,-1,-1
187,5,427.46,572.87,40.32,68.69,0.55,-1,-1,-1
187,6,373.56,558.97,45.22,75.95,0.65,-1,-1,-1
187,7,436.70,418.51,36.52,89.42,0.49,-1,-1,-1
187,9,385.99,203.40,18.75,36.62,0.55,-1,-1,-1
187,10,342.57,397.27,38.83,103.45,0.68,-1,-1,-1
187,15,893.38,406.08,35.20,88.78,0.79,-1,-1,-1
187,17,630.79,319.37,27.32,77.58,0.67,-1,-1,-1
187,18,294.64,311.45,29.63,41.99,0.57,-1,-1,-1
187,19,866.42,272.66,23.33,35.63,0.49,-1,-1,-1
187,20,194.48,437.73,49.11,64.89,0.66,-1,-1,-1
187,21,549.72,650.06,42.77,105.84,0.66,-1,-1,-1
187,25,390.49,334.42,24.07,43.13,0.32,-1,-1,-1
187,30,515.78,640.15,44.59,102.72,0.81,-1,-1,-1
187,33,606.31,349.70,30.55,88.09,0.59,-1,-1,-1
187,35,469.70,177.23,21.88,48.53,0.51,-1,-1,-1
187,38,199.76,164.90,17.50,36.66,0.71,-1,-1,-1
187,8,140.63,365.50,36.39,48.53,0.68,-1,-1,-1
187,39,621.86,735.58,33.93,20.42,0.19,-1,-1,-1
187,40,181.23,110.10,16.86,36.20,0.63,-1,-1,-1
187,41,683.07,288.64,34.41,86.09,0.70,-1,-1,-1
187,42,663.27,243.44,27.19,56.48,0.46,-1,-1,-1
187,12,730.32,358.28,32.31,80.92,0.63,-1,-1,-1
187,44,426.91,244.04,20.89,38.34,0.32,-1,-1,-1
187,16,861.64,339.60,37.38,87.88,0.67,-1,-1,-1
187,45,77.98,388.57,36.45,44.52,0.29,-1,-1,-1
187,24,287.38,480.97,41.39,66.63,0.41,-1,-1,-1
187,28,449.05,241.21,24.01,47.07,0.40,-1,-1,-1
187,47,260.53,313.50,29.54,53.62,0.53,-1,-1,-1
187,49,12.37,280.21,31.76,84.39,0.70,-1,-1,-1
187,48,146.70,486.86,38.48,75.35,0.61,-1,-1,-1
187,52,56.76,333.66,34.96,67.96,0.58,-1,-1,-1
188,3,293.64,400.77,39.19,93.80,0.76,-1,-1,-1
188,4,247.87,309.12,27.74,60.53,0.65,-1,-1,-1
188,5,425.98,572.47,41.02,70.52,0.58,-1,-1,-1
188,6,372.92,558.91,44.69,74.93,0.66,-1,-1,-1
188,7,437.15,417.07,39.83,98.04,0.48,-1,-1,-1
188,9,384.66,202.98,18.43,35.53,0.56,-1,-1,-1
188,10,342.23,395.79,39.15,104.65,0.66,-1,-1,-1
188,15,893.44,406.67,35.38,88.46,0.76,-1,-1,-1
188,17,628.43,320.13,28.47,80.54,0.64,-1,-1,-1
188,18,295.07,311.35,29.77,42.13,0.54,-1,-1,-1
188,19,865.97,272.99,24.10,36.63,0.51,-1,-1,-1
188,20,195.12,437.24,48.91,65.08,0.64,-1,-1,-1
188,21,547.04,651.15,42.98,104.85,0.74,-1,-1,-1
188,25,391.43,332.54,24.90,44.61,0.39,-1,-1,-1
188,30,514.62,640.75,45.27,104.40,0.78,-1,-1,-1
188,33,609.27,354.08,29.63,83.97,0.59,-1,-1,-1
188,35,472.30,176.79,18.82,41.64,0.51,-1,-1,-1
188,38,202.94,164.12,17.39,36.64,0.59,-1,-1,-1
188,8,141.44,365.07,36.12,48.53,0.68,-1,-1,-1
188,39,620.40,736.35,34.48,19.65,0.16,-1,-1,-1
188,40,183.25,109.76,16.94,36.30,0.65,-1,-1,-1
188,41,683.30,288.09,34.88,87.44,0.72,-1,-1,-1
188,42,664.04,243.37,26.99,55.91,0.47,-1,-1,-1
188,12,729.19,360.03,32.60,80.46,0.57,-1,-1,-1
188,44,427.71,244.15,21.04,37.83,0.43,-1,-1,-1
188,16,863.82,340.47,37.07,86.59,0.71,-1,-1,-1
188,45,78.97,388.44,36.15,43.96,0.31,-1,-1,-1
188,24,289.94,481.57,40.24,65.99,0.48,-1,-1,-1
188,28,449.56,241.78,29.25,57.98,0.38,-1,-1,-1
188,47,261.06,313.66,29.45,54.44,0.55,-1,-1,-1
188,49,13.29,279.98,32.20,84.65,0.70,-1,-1,-1
188,48,140.74,483.26,37.51,74.64,0.52,-1,-1,-1
188,52,57.41,333.38,35.28,68.64,0.48,-1,-1,-1
189,3,293.91,400.70,38.77,92.94,0.75,-1,-1,-1
189,4,249.87,308.96,27.93,60.39,0.62,-1,-1,-1
189,5,425.31,571.90,41.41,71.71,0.66,-1,-1,-1
189,6,372.71,558.48,44.99,75.32,0.63,-1,-1,-1
189,7,437.74,415.97,40.69,100.78,0.53,-1,-1,-1
189,9,383.66,202.72,17.79,33.98,0.60,-1,-1,-1
189,10,342.77,397.42,38.61,103.70,0.66,-1,-1,-1
189,15,893.72,407.02,36.05,89.41,0.79,-1,-1,-1
189,17,627.44,320.82,28.79,81.14,0.63,-1,-1,-1
189,18,295.89,311.37,28.94,40.89,0.53,-1,-1,-1
189,19,866.50,273.17,24.98,37.45,0.46,-1,-1,-1
189,20,195.45,436.64,48.83,65.45,0.68,-1,-1,-1
189,21,545.57,651.76,43.08,104.24,0.76,-1,-1,-1
189,25,392.03,331.42,25.55,45.76,0.40,-1,-1,-1
189,30,513.11,640.93,45.69,105.54,0.81,-1,-1,-1
189,33,610.70,355.81,29.61,82.69,0.68,-1,-1,-1
189,35,474.05,176.92,17.98,39.77,0.51,-1,-1,-1
189,38,206.26,162.42,17.30,36.64,0.59,-1,-1,-1
189,8,142.18,364.67,35.72,48.31,0.68,-1,-1,-1
189,40,185.05,109.54,17.36,37.19,0.57,-1,-1,-1
189,41,683.75,288.50,34.73,86.91,0.67,-1,-1,-1
189,42,665.11,243.65,27.43,56.65,0.45,-1,-1,-1
189,12,729.65,360.75,32.26,79.27,0.58,-1,-1,-1
189,44,428.88,244.48,20.75,37.13,0.46,-1,-1,-1
189,16,868.30,339.47,36.90,86.19,0.75,-1,-1,-1
189,45,79.16,387.81,36.56,44.43,0.38,-1,-1,-1
189,24,289.22,479.77,40.78,67.32,0.46,-1,-1,-1
189,28,451.28,242.82,31.26,61.96,0.32,-1,-1,-1
189,47,264.32,313.30,26.93,49.58,0.49,-1,-1,-1
189,49,14.37,279.36,32.82,85.82,0.68,-1,-1,-1
189,48,131.59,478.83,40.65,80.83,0.52,-1,-1,-1
189,52,58.78,332.58,34.93,68.10,0.53,-1,-1,-1
189,53,1270.67,355.35,15.76,31.64,0.73,-1,-1,-1
189,54,398.87,234.53,23.86,72.74,0.71,-1,-1,-1
190,3,293.79,400.41,38.56,92.27,0.73,-1,-1,-1
190,4,250.90,308.84,27.89,59.87,0.67,-1,-1,-1
190,5,424.34,571.76,41.59,72.30,0.72,-1,-1,-1
190,6,373.29,558.08,45.12,76.01,0.62,-1,-1,-1
190,7,438.62,415.43,39.97,99.58,0.53,-1,-1,-1
190,9,382.92,201.68,17.60,33.42,0.65,-1,-1,-1
190,10,342.88,398.46,38.17,102.92,0.65,-1,-1,-1
190,15,894.79,407.74,36.39,89.49,0.80,-1,-1,-1
190,17,626.91,321.55,28.60,80.55,0.60,-1,-1,-1
190,18,295.46,310.95,29.34,41.68,0.53,-1,-1,-1
190,19,867.44,273.61,25.24,37.96,0.48,-1,-1,-1
190,20,195.41,436.32,49.08,66.17,0.67,-1,-1,-1
190,21,544.36,651.66,43.30,104.34,0.71,-1,-1,-1
190,25,392.31,330.90,26.03,46.52,0.45,-1,-1,-1
190,30,511.35,640.34,45.52,105.22,0.77,-1,-1,-1
190,33,611.79,359.04,28.85,79.21,0.65,-1,-1,-1
190,35,474.59,177.05,18.98,42.28,0.54,-1,-1,-1
190,38,208.74,160.79,17.61,37.55,0.59,-1,-1,-1
190,8,143.03,364.27,35.54,48.42,0.67,-1,-1,-1
190,40,187.35,110.41,16.93,36.25,0.53,-1,-1,-1
190,41,684.00,288.26,34.93,87.18,0.62,-1,-1,-1
190,42,666.22,244.68,27.19,55.96,0.53,-1,-1,-1
190,12,728.54,363.05,31.71,77.00,0.65,-1,-1,-1
190,44,429.41,244.62,21.31,37.98,0.43,-1,-1,-1
190,16,871.60,338.29,36.90,86.03,0.71,-1,-1,-1
190,45,79.36,386.38,37.35,45.18,0.38,-1,-1,-1
190,24,285.19,477.42,41.97,70.05,0.42,-1,-1,-1
190,28,454.81,242.35,32.92,64.67,0.27,-1,-1,-1
190,47,265.05,312.87,26.52,48.80,0.49,-1,-1,-1
190,49,15.39,280.00,32.85,84.64,0.68,-1,-1,-1
190,48,123.86,476.80,47.21,95.83,0.62,-1,-1,-1
190,52,59.41,332.74,34.06,66.45,0.46,-1,-1,-1
190,53,1270.84,355.69,16.02,32.19,0.74,-1,-1,-1
190,54,399.14,235.26,23.53,71.59,0.72,-1,-1,-1
191,3,293.68,400.29,38.44,91.90,0.71,-1,-1,-1
191,4,250.82,308.39,28.08,60.27,0.69,-1,-1,-1
191,5,423.39,571.75,41.75,72.64,0.74,-1,-1,-1
191,6,375.12,558.43,44.64,76.53,0.58,-1,-1,-1
191,7,439.10,414.65,39.06,97.67,0.52,-1,-1,-1
191,9,382.17,200.20,18.05,33.83,0.52,-1,-1,-1
191,10,342.65,398.98,37.78,102.23,0.67,-1,-1,-1
191,15,895.84,408.14,36.51,88.86,0.80,-1,-1,-1
191,17,626.07,322.03,28.48,80.11,0.59,-1,-1,-1
191,18,295.50,310.96,29.42,42.11,0.50,-1,-1,-1
191,19,868.62,274.17,25.04,37.82,0.47,-1,-1,-1
191,20,195.16,435.89,49.02,66.36,0.69,-1,-1,-1
191,21,541.74,651.15,43.55,104.85,0.54,-1,-1,-1
191,25,392.47,330.66,26.10,46.70,0.43,-1,-1,-1
191,30,510.48,640.46,41.48,93.55,0.64,-1,-1,-1
191,33,611.63,359.07,29.20,79.37,0.59,-1,-1,-1
191,35,475.98,177.01,18.56,41.39,0.50,-1,-1,-1
191,38,211.39,160.63,17.81,38.19,0.59,-1,-1,-1
191,8,144.66,363.83,35.13,48.72,0.65,-1,-1,-1
191,40,189.29,110.58,17.02,36.56,0.47,-1,-1,-1
191,41,684.21,288.39,35.28,87.55,0.58,-1,-1,-1
191,42,666.52,245.18,27.21,56.02,0.51,-1,-1,-1
191,12,727.36,362.60,32.31,77.76,0.69,-1,-1,-1
191,44,429.00,244.69,21.24,37.67,0.46,-1,-1,-1
191,16,874.70,337.61,36.94,86.48,0.75,-1,-1,-1
191,45,79.59,385.67,37.81,45.65,0.37,-1,-1,-1
191,24,282.66,475.30,42.55,71.76,0.42,-1,-1,-1
191,28,457.14,242.09,33.40,65.87,0.33,-1,-1,-1
191,47,267.13,312.55,25.06,46.15,0.49,-1,-1,-1
191,49,16.05,280.35,33.31,84.35,0.71,-1,-1,-1
191,48,124.22,492.62,40.08,81.62,0.55,-1,-1,-1
191,52,60.59,332.79,32.45,63.14,0.44,-1,-1,-1
191,53,1271.12,356.99,16.01,32.22,0.69,-1,-1,-1
191,54,399.47,237.38,23.27,70.56,0.64,-1,-1,-1
192,3,293.22,400.20,37.70,90.02,0.67,-1,-1,-1
192,4,251.51,308.04,28.18,60.47,0.72,-1,-1,-1
192,5,423.22,571.75,41.94,72.44,0.73,-1,-1,-1
192,6,373.14,558.44,44.50,76.45,0.55,-1,-1,-1
192,7,440.06,414.71,37.49,94.23,0.50,-1,-1,-1
192,9,379.44,199.99,17.97,32.93,0.59,-1,-1,-1
192,10,341.73,397.19,37.76,102.32,0.67,-1,-1,-1
192,15,896.50,408.77,36.66,88.18,0.76,-1,-1,-1
192,17,625.69,322.16,28.36,79.48,0.57,-1,-1,-1
192,18,295.66,310.80,29.30,42.17,0.50,-1,-1,-1
192,19,869.87,274.10,24.82,38.03,0.47,-1,-1,-1
192,20,195.32,435.75,48.74,66.35,0.68,-1,-1,-1
192,21,537.74,650.27,43.95,105.73,0.46,-1,-1,-1
192,25,392.57,330.87,25.99,46.44,0.43,-1,-1,-1
192,30,509.06,640.18,37.80,82.72,0.53,-1,-1,-1
192,33,611.69,360.64,29.94,80.57,0.48,-1,-1,-1
192,35,476.43,177.04,18.88,42.20,0.50,-1,-1,-1
192,38,214.02,161.15,17.17,36.58,0.58,-1,-1,-1
192,8,145.88,363.76,34.16,48.33,0.62,-1,-1,-1
192,40,190.85,110.86,16.94,36.39,0.54,-1,-1,-1
192,41,684.68,293.12,33.59,83.59,0.60,-1,-1,-1
192,42,666.69,245.79,27.00,55.50,0.52,-1,-1,-1
192,12,725.07,361.65,33.88,81.67,0.69,-1,-1,-1
192,44,428.59,244.56,21.40,37.87,0.43,-1,-1,-1
192,16,877.97,336.85,36.64,86.32,0.77,-1,-1,-1
192,45,79.58,384.81,38.30,46.23,0.38,-1,-1,-1
192,24,282.93,472.93,44.56,74.21,0.46,-1,-1,-1
192,28,458.51,241.95,33.52,66.39,0.31,-1,-1,-1
192,47,267.39,312.51,24.88,45.86,0.50,-1,-1,-1
192,49,16.33,280.53,33.98,84.58,0.71,-1,-1,-1
192,48,122.87,501.94,35.53,72.88,0.33,-1,-1,-1
192,52,61.22,332.89,31.76,61.59,0.44,-1,-1,-1
192,53,1270.60,356.61,16.67,33.63,0.63,-1,-1,-1
192,54,399.41,240.95,22.37,67.53,0.59,-1,-1,-1
193,3,292.42,399.86,38.03,90.52,0.66,-1,-1,-1
193,4,251.87,308.00,28.01,60.40,0.70,-1,-1,-1
193,5,422.27,571.54,42.54,72.51,0.71,-1,-1,-1
193,6,370.74,557.29,47.13,81.99,0.50,-1,-1,-1
193,7,438.97,413.84,40.39,103.12,0.46,-1,-1,-1
193,9,376.62,199.80,17.93,32.24,0.59,-1,-1,-1
193,10,340.42,396.27,37.65,102.21,0.64,-1,-1,-1
193,15,898.20,409.26,36.84,88.64,0.79,-1,-1,-1
193,17,625.84,321.98,28.03,78.21,0.53,-1,-1,-1
193,18,295.74,310.71,29.13,42.20,0.48,-1,-1,-1
193,19,870.41,274.96,24.34,37.49,0.47,-1,-1,-1
193,20,195.12,435.68,48.38,66.20,0.67,-1,-1,-1
193,21,533.42,650.08,44.45,105.92,0.54,-1,-1,-1
193,25,392.32,331.20,25.67,45.97,0.36,-1,-1,-1
193,30,502.07,639.96,46.84,103.28,0.50,-1,-1,-1
193,33,611.02,359.42,31.27,83.76,0.48,-1,-1,-1
193,35,477.13,177.07,18.19,40.65,0.54,-1,-1,-1
193,38,216.38,161.79,16.25,34.14,0.60,-1,-1,-1
193,8,146.60,363.66,33.34,48.10,0.63,-1,-1,-1
193,40,192.23,111.15,16.95,36.31,0.44,-1,-1,-1
193,41,685.49,296.57,32.78,81.28,0.60,-1,-1,-1
193,42,666.81,246.68,26.82,55.10,0.56,-1,-1,-1
193,12,721.88,361.57,34.58,83.90,0.73,-1,-1,-1
193,44,430.93,244.52,21.32,37.67,0.56,-1,-1,-1
193,16,880.26,336.60,36.37,86.40,0.78,-1,-1,-1
193,45,79.15,383.34,39.22,47.53,0.38,-1,-1,-1
193,24,284.48,474.15,44.47,73.95,0.44,-1,-1,-1
193,28,456.05,240.70,33.73,67.64,0.12,-1,-1,-1
193,47,267.09,313.65,25.30,47.17,0.50,-1,-1,-1
193,49,16.54,280.64,34.17,83.48,0.73,-1,-1,-1
193,48,111.39,484.01,40.48,83.06,0.55,-1,-1,-1
193,52,61.33,332.85,31.50,61.03,0.41,-1,-1,-1
193,53,1270.36,356.76,16.87,34.16,0.64,-1,-1,-1
193,54,400.01,243.71,21.82,65.56,0.64,-1,-1,-1
194,3,291.05,399.61,38.15,90.53,0.70,-1,-1,-1
194,4,251.29,307.67,28.48,61.92,0.67,-1,-1,-1
194,5,421.52,571.71,42.76,72.09,0.68,-1,-1,-1
194,6,365.96,557.83,45.53,78.16,0.59,-1,-1,-1
194,7,437.17,412.64,41.31,106.34,0.56,-1,-1,-1
194,9,374.09,199.31,18.03,32.12,0.58,-1,-1,-1
194,10,341.97,404.41,34.94,94.74,0.63,-1,-1,-1
194,15,898.58,408.93,37.49,90.47,0.80,-1,-1,-1
194,17,625.20,321.45,28.44,79.26,0.44,-1,-1,-1
194,18,295.53,310.98,29.25,43.00,0.48,-1,-1,-1
194,19,870.33,274.74,24.11,37.56,0.48,-1,-1,-1
194,20,194.55,435.09,48.31,66.22,0.64,-1,-1,-1
194,21,530.55,650.42,44.65,105.58,0.62,-1,-1,-1
194,25,391.99,331.45,25.25,45.34,0.33,-1,-1,-1
194,30,497.02,639.89,46.94,101.49,0.56,-1,-1,-1
194,33,611.30,362.20,31.14,82.81,0.42,-1,-1,-1
194,35,477.57,176.96,18.09,40.35,0.48,-1,-1,-1
194,38,218.91,161.92,16.44,34.27,0.65,-1,-1,-1
194,8,146.69,363.76,32.51,47.60,0.67,-1,-1,-1
194,40,193.17,110.86,16.95,36.23,0.45,-1,-1,-1
194,41,685.56,299.50,31.97,78.74,0.66,-1,-1,-1
194,42,666.79,247.23,26.71,54.75,0.52,-1,-1,-1
194,12,719.65,362.23,34.71,84.58,0.71,-1,-1,-1
194,44,431.65,244.56,21.31,37.60,0.52,-1,-1,-1
194,16,882.07,336.65,35.85,85.81,0.81,-1,-1,-1
194,45,79.08,383.24,39.05,47.41,0.35,-1,-1,-1
194,24,286.10,475.04,43.52,72.27,0.44,-1,-1,-1
194,28,455.53,244.41,31.78,63.59,0.12,-1,-1,-1
194,47,266.90,314.15,25.25,47.57,0.48,-1,-1,-1
194,49,16.81,280.66,34.22,82.06,0.71,-1,-1,-1
194,48,106.29,477.60,46.17,96.20,0.56,-1,-1,-1
194,52,61.39,332.79,31.71,61.47,0.41,-1,-1,-1
194,53,1269.87,356.08,17.51,35.57,0.62,-1,-1,-1
194,54,399.43,245.03,21.66,64.77,0.64,-1,-1,-1
195,3,290.99,399.97,35.87,84.67,0.68,-1,-1,-1
195,4,250.90,307.51,27.97,60.94,0.67,-1,-1,-1
195,5,419.80,571.56,43.64,72.73,0.63,-1,-1,-1
195,6,366.29,557.86,44.21,76.09,0.53,-1,-1,-1
195,7,435.30,412.34,41.50,107.18,0.60,-1,-1,-1
195,9,370.44,196.77,19.03,33.72,0.70,-1,-1,-1
195,10,341.57,406.62,34.41,92.92,0.60,-1,-1,-1
195,15,899.25,409.06,37.61,91.35,0.79,-1,-1,-1
195,17,618.54,321.11,30.41,84.01,0.57,-1,-1,-1
195,18,296.12,310.98,28.42,41.64,0.51,-1,-1,-1
195,19,869.09,274.81,24.50,38.17,0.49,-1,-1,-1
195,20,195.01,434.88,47.14,64.97,0.61,-1,-1,-1
195,21,527.70,651.41,44.58,104.59,0.68,-1,-1,-1
195,25,391.62,330.93,25.38,45.74,0.33,-1,-1,-1
195,30,494.47,640.37,44.76,94.16,0.50,-1,-1,-1
195,33,610.17,362.21,30.91,82.36,0.30,-1,-1,-1
195,35,478.17,177.30,17.64,39.18,0.45,-1,-1,-1
195,38,220.44,161.71,16.76,34.96,0.61,-1,-1,-1
195,8,145.52,363.63,32.62,47.95,0.67,-1,-1,-1
195,40,193.70,110.57,17.02,36.41,0.45,-1,-1,-1
195,41,685.45,301.35,31.56,77.04,0.67,-1,-1,-1
195,42,666.61,247.65,26.81,54.95,0.52,-1,-1,-1
195,12,717.98,362.28,34.70,85.12,0.73,-1,-1,-1
195,44,431.14,244.31,21.67,38.07,0.51,-1,-1,-1
195,16,882.97,337.12,35.57,85.71,0.76,-1,-1,-1
195,45,77.91,382.77,39.34,48.10,0.39,-1,-1,-1
195,24,285.75,475.45,43.07,71.34,0.44,-1,-1,-1
195,47,267.33,313.15,24.47,46.04,0.49,-1,-1,-1
195,49,16.82,280.74,34.72,81.87,0.72,-1,-1,-1
195,48,98.87,474.20,45.55,96.24,0.56,-1,-1,-1
195,52,60.84,332.69,32.72,63.31,0.42,-1,-1,-1
195,53,1269.92,356.39,17.59,35.69,0.71,-1,-1,-1
195,54,398.81,245.58,21.87,64.88,0.62,-1,-1,-1
196,3,290.18,400.30,35.31,83.41,0.65,-1,-1,-1
196,4,250.90,307.76,27.22,59.27,0.67,-1,-1,-1
196,5,415.51,572.36,42.36,70.97,0.60,-1,-1,-1
196,6,368.69,558.08,42.73,74.90,0.51,-1,-1,-1
196,7,433.02,412.14,41.92,108.42,0.66,-1,-1,-1
196,9,367.35,196.85,18.04,31.93,0.67,-1,-1,-1
196,10,335.80,398.10,37.40,100.59,0.59,-1,-1,-1
196,15,899.76,408.76,38.00,93.10,0.75,-1,-1,-1
196,17,617.58,321.55,29.12,79.99,0.58,-1,-1,-1
196,18,295.60,310.85,28.14,41.33,0.48,-1,-1,-1
196,19,867.47,274.57,24.99,38.89,0.45,-1,-1,-1
196,20,194.89,435.15,46.35,64.20,0.56,-1,-1,-1
196,21,525.00,651.41,44.85,104.59,0.59,-1,-1,-1
196,25,392.14,330.13,26.04,46.87,0.27,-1,-1,-1
196,30,488.68,639.63,48.63,100.91,0.51,-1,-1,-1
196,33,610.34,362.06,32.21,85.43,0.40,-1,-1,-1
196,35,478.84,177.47,16.65,36.61,0.47,-1,-1,-1
196,38,222.20,160.98,16.80,35.15,0.60,-1,-1,-1
196,8,144.61,363.60,32.69,47.98,0.65,-1,-1,-1
196,40,194.17,110.46,16.89,36.25,0.37,-1,-1,-1
196,41,684.56,301.80,31.36,76.15,0.62,-1,-1,-1
196,42,665.71,247.22,27.39,56.03,0.51,-1,-1,-1
196,12,716.55,364.79,33.78,83.11,0.74,-1,-1,-1
196,44,430.62,244.30,21.99,38.55,0.52,-1,-1,-1
196,16,883.61,336.98,35.24,85.29,0.78,-1,-1,-1
196,45,77.94,383.50,38.52,47.03,0.33,-1,-1,-1
196,24,281.63,479.53,44.73,71.32,0.55,-1,-1,-1
196,47,267.56,312.89,24.13,45.39,0.52,-1,-1,-1
196,49,16.52,280.62,34.83,80.99,0.71,-1,-1,-1
196,48,94.71,473.51,39.42,84.58,0.64,-1,-1,-1
196,52,59.92,332.61,33.39,64.63,0.43,-1,-1,-1
196,53,1269.63,356.41,17.63,35.67,0.72,-1,-1,-1
196,54,396.81,245.25,22.27,65.85,0.58,-1,-1,-1
196,57,731.36,327.05,35.02,74.01,0.53,-1,-1,-1
196,58,20.52,425.01,22.31,39.67,0.51,-1,-1,-1
197,3,289.90,400.53,33.04,77.83,0.60,-1,-1,-1
197,4,249.77,307.61,27.52,59.75,0.68,-1,-1,-1
197,5,410.80,571.77,42.39,71.81,0.55,-1,-1,-1
197,6,367.35,558.36,42.58,75.43,0.48,-1,-1,-1
197,7,430.77,412.38,41.22,106.99,0.69,-1,-1,-1
197,9,364.24,198.55,17.64,31.36,0.59,-1,-1,-1
197,10,332.82,394.84,38.89,104.34,0.74,-1,-1,-1
197,15,898.48,408.50,38.72,94.81,0.70,-1,-1,-1
197,17,616.07,322.48,28.29,77.17,0.69,-1,-1,-1
197,18,295.42,311.20,28.52,41.80,0.52,-1,-1,-1
197,19,866.59,275.01,25.04,38.83,0.46,-1,-1,-1
197,20,192.02,436.13,46.32,64.53,0.58,-1,-1,-1
197,21,520.52,651.39,44.79,104.35,0.47,-1,-1,-1
197,25,391.82,329.48,26.28,47.26,0.35,-1,-1,-1
197,30,486.56,639.55,48.56,100.46,0.53,-1,-1,-1
197,33,611.16,367.31,31.06,81.34,0.42,-1,-1,-1
197,35,478.68,177.63,16.38,35.78,0.48,-1,-1,-1
197,38,223.23,159.14,17.25,36.48,0.60,-1,-1,-1
197,8,144.84,363.74,32.26,47.68,0.66,-1,-1,-1
197,40,195.38,110.85,16.57,35.64,0.47,-1,-1,-1
197,41,683.48,301.67,30.91,74.25,0.60,-1,-1,-1
197,42,664.84,247.50,27.24,55.33,0.52,-1,-1,-1
197,12,715.50,366.46,33.10,81.94,0.77,-1,-1,-1
197,44,430.35,244.65,21.09,36.72,0.46,-1,-1,-1
197,16,884.16,336.40,34.95,85.18,0.79,-1,-1,-1
197,45,77.69,384.60,37.84,46.13,0.27,-1,-1,-1
197,24,274.78,479.60,45.20,72.74,0.44,-1,-1,-1
197,47,266.76,312.86,24.29,45.57,0.50,-1,-1,-1
197,49,16.66,280.60,33.75,77.30,0.69,-1,-1,-1
197,48,91.57,479.31,35.02,74.66,0.50,-1,-1,-1
197,52,60.75,332.02,32.57,63.45,0.48,-1,-1,-1
197,53,1268.66,355.94,18.12,36.47,0.27,-1,-1,-1
197,54,393.95,245.15,22.60,66.39,0.57,-1,-1,-1
197,57,732.02,326.58,36.27,76.87,0.50,-1,-1,-1
197,58,19.80,424.89,20.60,36.60,0.29,-1,-1,-1
198,3,286.65,400.86,36.29,85.29,0.63,-1,-1,-1
198,4,247.48,307.10,28.12,61.57,0.63,-1,-1,-1
198,5,407.87,571.55,42.03,72.03,0.60,-1,-1,-1
198,6,362.71,558.53,41.98,74.87,0.53,-1,-1,-1
198,7,430.43,412.51,41.37,106.73,0.64,-1,-1,-1
198,9,361.42,198.10,17.82,31.35,0.63,-1,-1,-1
198,10,330.86,394.25,38.91,104.45,0.76,-1,-1,-1
198,15,897.96,407.74,39.34,96.39,0.64,-1,-1,-1
198,17,615.06,323.26,27.76,75.63,0.68,-1,-1,-1
198,18,295.59,311.73,27.77,40.18,0.55,-1,-1,-1
198,19,865.37,275.42,25.18,38.75,0.54,-1,-1,-1
198,20,190.83,436.41,46.12,64.56,0.54,-1,-1,-1
198,21,518.30,650.21,44.87,104.73,0.51,-1,-1,-1
198,25,389.06,332.22,25.18,45.50,0.31,-1,-1,-1
198,30,484.72,639.79,45.01,91.63,0.61,-1,-1,-1
198,33,611.43,371.29,30.20,77.89,0.51,-1,-1,-1
198,35,477.89,177.28,16.46,35.75,0.50,-1,-1,-1
198,38,223.92,158.22,17.06,36.28,0.58,-1,-1,-1
198,8,144.15,364.35,31.94,47.19,0.65,-1,-1,-1
198,40,196.52,111.54,16.28,35.13,0.45,-1,-1,-1
198,41,682.13,302.10,30.68,73.21,0.63,-1,-1,-1
198,42,664.03,248.40,27.06,54.62,0.47,-1,-1,-1
198,12,714.50,366.83,33.28,82.85,0.76,-1,-1,-1
198,44,429.01,243.92,22.16,38.04,0.42,-1,-1,-1
198,16,885.57,335.59,34.33,84.42,0.78,-1,-1,-1
198,45,76.92,384.98,37.62,45.77,0.31,-1,-1,-1
198,24,277.80,479.91,42.78,70.20,0.41,-1,-1,-1
198,47,265.55,313.45,24.96,46.93,0.49,-1,-1,-1
198,49,16.17,280.83,34.02,77.08,0.67,-1,-1,-1
198,48,87.04,482.54,33.94,71.37,0.45,-1,-1,-1
198,52,60.75,332.35,31.47,61.05,0.48,-1,-1,-1
198,53,1266.64,356.63,17.98,36.10,0.33,-1,-1,-1
198,54,392.25,245.61,22.47,65.54,0.59,-1,-1,-1
198,57,734.19,325.61,35.68,75.96,0.42,-1,-1,-1
198,58,17.70,424.80,21.08,37.49,0.29,-1,-1,-1
199,3,284.43,401.05,37.91,88.82,0.71,-1,-1,-1
199,4,245.52,306.78,28.16,62.42,0.63,-1,-1,-1
199,5,405.68,571.79,41.95,72.56,0.70,-1,-1,-1
199,6,360.96,558.62,42.14,75.86,0.49,-1,-1,-1
199,7,429.11,412.49,40.33,103.80,0.63,-1,-1,-1
199,9,356.42,195.95,18.26,31.45,0.54,-1,-1,-1
199,10,329.15,394.41,38.63,104.18,0.75,-1,-1,-1
199,15,898.20,408.31,39.30,97.20,0.63,-1,-1,-1
199,17,614.16,323.29,27.17,73.58,0.63,-1,-1,-1
199,18,294.85,311.69,28.24,40.48,0.58,-1,-1,-1
199,19,864.08,275.86,25.27,38.59,0.54,-1,-1,-1
199,20,189.25,436.42,45.69,63.86,0.59,-1,-1,-1
199,21,516.25,650.44,45.00,104.98,0.62,-1,-1,-1
199,25,387.51,331.38,25.66,46.47,0.45,-1,-1,-1
199,30,481.67,639.41,49.39,101.83,0.77,-1,-1,-1
199,33,611.51,373.73,29.79,75.80,0.52,-1,-1,-1
199,35,477.04,177.42,17.05,36.93,0.51,-1,-1,-1
199,38,224.46,157.10,17.00,36.24,0.57,-1,-1,-1
199,8,143.52,364.34,31.86,47.00,0.65,-1,-1,-1
199,40,197.40,112.05,16.45,35.64,0.55,-1,-1,-1
199,41,681.24,302.54,30.25,71.57,0.63,-1,-1,-1
199,42,663.23,248.65,27.12,54.37,0.49,-1,-1,-1
199,12,713.29,367.07,34.17,85.13,0.71,-1,-1,-1
199,44,427.22,243.87,22.12,37.41,0.33,-1,-1,-1
199,16,886.81,334.14,34.19,84.44,0.73,-1,-1,-1
199,45,76.12,385.26,37.30,45.36,0.10,-1,-1,-1
199,24,278.20,477.68,40.52,67.87,0.35,-1,-1,-1
199,47,262.72,314.04,26.00,49.26,0.52,-1,-1,-1
199,49,15.33,280.91,34.37,77.47,0.67,-1,-1,-1
199,48,80.47,481.46,33.63,71.21,0.49,-1,-1,-1
199,52,60.32,332.51,31.77,61.51,0.52,-1,-1,-1
199,53,1265.02,356.66,18.14,36.37,0.24,-1,-1,-1
199,54,391.17,244.60,23.01,66.89,0.59,-1,-1,-1
199,57,737.68,325.39,35.37,75.68,0.42,-1,-1,-1
199,58,17.18,424.40,20.69,36.66,0.18,-1,-1,-1
200,3,282.48,401.16,38.40,89.63,0.73,-1,-1,-1
200,4,244.52,307.00,27.81,61.72,0.66,-1,-1,-1
200,5,405.87,572.05,41.83,72.15,0.69,-1,-1,-1
200,6,359.93,558.88,42.10,76.64,0.54,-1,-1,-1
200,7,432.62,413.04,41.30,104.11,0.76,-1,-1,-1
200,9,351.51,195.11,18.25,31.23,0.58,-1,-1,-1
200,10,327.73,394.74,38.52,104.02,0.74,-1,-1,-1
200,15,898.76,408.93,39.30,98.63,0.67,-1,-1,-1
200,17,614.77,322.62,26.19,70.59,0.63,-1,-1,-1
200,18,293.08,311.39,30.69,44.36,0.54,-1,-1,-1
200,19,863.15,275.85,25.63,38.78,0.59,-1,-1,-1
200,20,189.89,436.33,46.67,63.08,0.56,-1,-1,-1
200,21,512.57,651.71,44.74,104.11,0.74,-1,-1,-1
200,25,386.44,330.98,26.05,47.17,0.47,-1,-1,-1
200,30,480.97,640.01,47.73,99.17,0.78,-1,-1,-1
200,33,610.91,373.86,30.20,76.37,0.54,-1,-1,-1
200,35,475.89,177.70,18.26,39.66,0.53,-1,-1,-1
200,38,225.10,157.02,16.87,36.13,0.60,-1,-1,-1
200,8,143.02,364.29,31.94,46.90,0.66,-1,-1,-1
200,40,198.30,112.53,16.56,35.77,0.60,-1,-1,-1
200,41,680.68,302.95,30.12,70.47,0.59,-1,-1,-1
200,42,662.25,248.59,27.34,54.71,0.49,-1,-1,-1
200,12,712.42,368.63,34.30,85.32,0.74,-1,-1,-1
200,16,888.12,333.18,34.47,85.39,0.72,-1,-1,-1
200,45,75.44,386.36,36.91,44.94,0.46,-1,-1,-1
200,24,279.83,479.38,37.35,63.81,0.39,-1,-1,-1
200,47,261.32,314.22,26.06,49.94,0.54,-1,-1,-1
200,49,14.81,280.94,34.28,76.80,0.66,-1,-1,-1
200,48,73.68,480.41,31.90,68.16,0.44,-1,-1,-1
200,52,57.75,332.25,33.46,64.58,0.56,-1,-1,-1
200,53,1263.76,356.69,18.35,36.62,0.33,-1,-1,-1
200,54,390.18,244.47,23.35,67.90,0.63,-1,-1,-1
200,57,734.99,324.97,37.25,80.86,0.47,-1,-1,-1
200,58,15.06,425.40,22.09,39.32,0.48,-1,-1,-1
201,3,280.70,401.13,38.30,89.33,0.76,-1,-1,-1
201,4,243.64,307.48,27.70,61.23,0.66,-1,-1,-1
201,5,406.06,572.23,41.60,71.27,0.64,-1,-1,-1
201,6,353.32,559.07,44.40,80.44,0.50,-1,-1,-1
201,7,432.85,413.70,40.12,102.34,0.70,-1,-1,-1
201,9,346.92,194.63,18.63,31.61,0.55,-1,-1,-1
201,10,326.61,395.12,38.43,103.91,0.70,-1,-1,-1
201,15,899.41,410.13,39.18,99.89,0.77,-1,-1,-1
201,17,612.64,323.25,26.41,71.31,0.63,-1,-1,-1
201,18,292.62,311.27,30.66,44.31,0.55,-1,-1,-1
201,19,862.57,276.41,25.61,38.33,0.56,-1,-1,-1
201,20,184.81,436.55,47.55,65.01,0.59,-1,-1,-1
201,21,510.26,651.80,44.74,104.17,0.65,-1,-1,-1
201,25,385.93,330.35,26.36,47.53,0.46,-1,-1,-1
201,30,479.18,640.07,46.23,96.63,0.76,-1,-1,-1
201,33,610.16,375.00,31.03,77.91,0.52,-1,-1,-1
201,35,475.84,177.77,18.20,39.54,0.56,-1,-1,-1
201,38,225.90,157.24,16.49,35.44,0.60,-1,-1,-1
201,8,142.55,364.42,32.30,47.38,0.67,-1,-1,-1
201,40,198.97,111.85,16.96,36.55,0.54,-1,-1,-1
201,41,678.92,303.70,31.09,72.74,0.59,-1,-1,-1
201,42,661.97,249.40,27.34,54.25,0.51,-1,-1,-1
201,12,711.27,369.39,34.41,85.36,0.75,-1,-1,-1
201,16,888.51,334.20,33.89,83.73,0.77,-1,-1,-1
201,45,74.53,386.22,37.19,45.42,0.44,-1,-1,-1
201,24,280.03,480.36,35.42,60.83,0.23,-1,-1,-1
201,47,260.59,314.35,26.07,50.48,0.49,-1,-1,-1
201,49,14.05,281.07,34.88,77.88,0.67,-1,-1,-1
201,48,64.06,482.53,34.73,75.88,0.44,-1,-1,-1
201,52,56.69,332.14,34.24,66.06,0.57,-1,-1,-1
201,53,1262.22,356.30,19.16,38.21,0.30,-1,-1,-1
201,54,389.00,244.41,23.40,68.25,0.64,-1,-1,-1
201,57,735.50,323.69,37.28,82.35,0.46,-1,-1,-1
201,58,14.29,425.99,22.89,40.90,0.39,-1,-1,-1
201,59,1128.09,327.69,15.27,34.61,0.57,-1,-1,-1
202,3,279.41,401.44,36.95,86.58,0.77,-1,-1,-1
202,4,242.41,307.65,27.89,61.14,0.66,-1,-1,-1
202,5,404.28,572.45,42.15,71.54,0.60,-1,-1,-1
202,6,350.44,559.42,42.88,76.78,0.56,-1,-1,-1
202,7,433.80,414.22,36.52,94.19,0.70,-1,-1,-1
202,9,342.75,193.25,19.12,32.20,0.63,-1,-1,-1
202,10,325.91,396.38,38.29,103.69,0.69,-1,-1,-1
202,15,900.30,412.23,38.26,98.90,0.79,-1,-1,-1
202,17,611.01,323.81,27.26,73.52,0.63,-1,-1,-1
202,18,292.08,311.49,29.33,42.01,0.52,-1,-1,-1
202,19,862.28,276.58,25.67,38.11,0.55,-1,-1,-1
202,20,185.92,436.46,47.79,63.44,0.62,-1,-1,-1
202,21,507.79,651.64,44.56,104.21,0.43,-1,-1,-1
202,25,385.04,331.03,26.26,47.35,0.34,-1,-1,-1
202,30,476.44,640.18,44.80,93.92,0.67,-1,-1,-1
202,33,606.69,371.51,33.79,84.94,0.55,-1,-1,-1
202,35,475.86,178.07,17.45,37.83,0.55,-1,-1,-1
202,38,226.88,157.63,16.36,35.38,0.61,-1,-1,-1
202,8,142.14,364.27,32.31,47.26,0.66,-1,-1,-1
202,40,200.34,111.10,17.13,36.61,0.31,-1,-1,-1
202,41,677.72,304.30,31.38,73.50,0.58,-1,-1,-1
202,42,661.11,248.78,27.92,55.26,0.48,-1,-1,-1
202,12,710.44,369.81,34.71,86.01,0.70,-1,-1,-1
202,16,889.69,333.38,34.61,84.66,0.73,-1,-1,-1
202,45,73.70,386.10,37.34,45.71,0.38,-1,-1,-1
202,47,260.12,314.40,26.14,50.96,0.61,-1,-1,-1
202,49,12.83,280.05,35.91,80.65,0.67,-1,-1,-1
202,48,58.08,481.63,34.53,76.98,0.47,-1,-1,-1
202,52,56.25,332.15,34.71,66.85,0.55,-1,-1,-1
202,53,1261.25,356.30,19.26,38.61,0.36,-1,-1,-1
202,54,387.76,244.51,23.41,68.43,0.65,-1,-1,-1
202,57,736.78,323.02,37.77,84.02,0.50,-1,-1,-1
202,58,13.58,425.19,23.37,41.77,0.48,-1,-1,-1
202,59,1127.75,328.56,15.23,34.47,0.56,-1,-1,-1
203,3,278.25,401.43,37.42,88.03,0.75,-1,-1,-1
203,4,239.22,307.06,27.90,61.39,0.66,-1,-1,-1
203,5,400.14,573.36,40.91,69.66,0.54,-1,-1,-1
203,6,348.11,559.11,42.83,75.51,0.51,-1,-1,-1
203,7,434.72,415.39,38.01,98.43,0.74,-1,-1,-1
203,9,339.87,192.48,19.14,32.00,0.62,-1,-1,-1
203,10,325.14,397.56,38.49,104.53,0.64,-1,-1,-1
203,15,900.47,413.60,38.63,100.86,0.82,-1,-1,-1
203,17,609.87,324.04,27.65,74.12,0.74,-1,-1,-1
203,18,291.42,311.79,29.07,41.40,0.50,-1,-1,-1
203,19,861.81,276.91,25.59,37.85,0.51,-1,-1,-1
203,20,185.56,436.54,48.76,63.04,0.61,-1,-1,-1
203,21,501.83,650.13,45.26,105.58,0.49,-1,-1,-1
203,25,384.07,330.90,26.26,47.45,0.32,-1,-1,-1
203,30,473.25,640.21,43.26,90.05,0.59,-1,-1,-1
203,33,603.78,372.37,34.83,87.38,0.61,-1,-1,-1
203,35,475.15,178.16,18.01,39.25,0.57,-1,-1,-1
203,38,227.93,157.85,15.89,34.65,0.57,-1,-1,-1
203,8,141.19,364.36,32.04,46.77,0.64,-1,-1,-1
203,40,201.62,111.80,16.81,35.43,0.21,-1,-1,-1
203,41,676.40,304.06,31.95,74.85,0.61,-1,-1,-1
203,42,660.89,249.20,27.68,54.60,0.48,-1,-1,-1
203,12,709.77,370.03,34.92,86.47,0.73,-1,-1,-1
203,16,890.71,334.05,34.31,82.59,0.71,-1,-1,-1
203,45,73.15,386.10,37.31,45.70,0.35,-1,-1,-1
203,47,260.21,314.61,25.54,49.93,0.60,-1,-1,-1
203,49,13.48,280.67,32.78,72.74,0.64,-1,-1,-1
203,48,49.42,483.56,40.65,91.96,0.53,-1,-1,-1
203,52,56.24,332.17,34.84,66.85,0.54,-1,-1,-1
203,53,1260.46,357.01,19.21,38.54,0.27,-1,-1,-1
203,54,386.19,244.66,23.49,68.41,0.65,-1,-1,-1
203,57,738.61,322.87,37.40,83.87,0.53,-1,-1,-1
203,58,13.39,425.19,23.04,40.76,0.36,-1,-1,-1
203,59,1126.56,327.40,15.45,34.92,0.30,-1,-1,-1
204,3,276.67,401.26,38.02,89.42,0.72,-1,-1,-1
204,4,237.86,306.96,27.96,61.66,0.65,-1,-1,-1
204,5,397.22,573.48,40.00,68.46,0.58,-1,-1,-1
204,6,349.24,559.21,42.33,74.93,0.57,-1,-1,-1
204,7,435.85,417.33,38.41,98.84,0.81,-1,-1,-1
204,9,335.79,191.79,19.09,31.87,0.60,-1,-1,-1
204,10,325.02,399.41,37.34,101.43,0.67,-1,-1,-1
204,15,900.56,415.14,37.97,99.88,0.78,-1,-1,-1
204,17,608.45,323.94,28.01,75.19,0.69,-1,-1,-1
204,18,290.65,311.98,29.62,42.04,0.52,-1,-1,-1
204,19,861.33,277.60,25.44,37.20,0.45,-1,-1,-1
204,20,181.62,436.47,49.51,64.73,0.64,-1,-1,-1
204,21,499.21,650.15,45.34,105.68,0.63,-1,-1,-1
204,25,383.46,335.92,23.98,43.24,0.26,-1,-1,-1
204,30,468.67,640.42,43.10,88.30,0.61,-1,-1,-1
204,33,599.47,361.84,39.51,100.89,0.66,-1,-1,-1
204,35,474.58,178.22,18.38,40.29,0.56,-1,-1,-1
204,38,229.51,157.58,15.59,34.26,0.54,-1,-1,-1
204,8,140.10,364.29,31.97,46.74,0.63,-1,-1,-1
204,40,202.43,112.24,16.82,35.13,0.29,-1,-1,-1
204,41,675.50,304.14,32.15,75.25,0.58,-1,-1,-1
204,42,660.61,249.20,27.67,54.44,0.47,-1,-1,-1
204,12,709.02,370.28,34.99,86.35,0.70,-1,-1,-1
204,16,891.86,333.91,34.29,81.66,0.71,-1,-1,-1
204,45,72.40,386.34,37.10,45.37,0.26,-1,-1,-1
204,47,259.98,315.00,25.08,49.11,0.55,-1,-1,-1
204,49,13.36,281.27,31.79,69.67,0.67,-1,-1,-1
204,48,43.20,481.81,43.64,100.20,0.56,-1,-1,-1
204,52,56.76,332.03,35.03,66.95,0.51,-1,-1,-1
204,53,1259.21,357.36,19.11,38.42,0.17,-1,-1,-1
204,54,384.33,246.15,23.32,67.47,0.67,-1,-1,-1
204,57,743.22,324.30,35.68,80.55,0.58,-1,-1,-1
204,58,12.65,424.87,21.61,37.98,0.29,-1,-1,-1
204,59,1126.63,324.01,17.05,38.27,0.28,-1,-1,-1
205,3,275.06,401.51,38.41,90.04,0.71,-1,-1,-1
205,4,236.72,307.25,27.95,62.13,0.61,-1,-1,-1
205,5,393.86,572.99,40.52,69.88,0.57,-1,-1,-1
205,6,343.38,558.96,43.14,75.41,0.53,-1,-1,-1
205,7,436.54,418.45,38.66,99.09,0.82,-1,-1,-1
205,9,332.50,190.50,19.04,32.09,0.64,-1,-1,-1
205,10,323.49,396.81,37.95,103.00,0.68,-1,-1,-1
205,15,900.58,417.48,36.89,97.29,0.80,-1,-1,-1
205,17,607.35,323.87,27.97,74.89,0.69,-1,-1,-1
205,18,289.31,312.36,29.03,41.20,0.48,-1,-1,-1
205,19,862.01,278.13,25.02,36.70,0.45,-1,-1,-1
205,20,179.85,436.53,49.12,64.69,0.66,-1,-1,-1
205,21,496.54,650.86,45.08,105.10,0.65,-1,-1,-1
205,25,382.99,336.08,23.56,42.65,0.24,-1,-1,-1
205,30,463.44,640.88,47.60,97.74,0.68,-1,-1,-1
205,33,594.39,339.61,47.35,125.11,0.66,-1,-1,-1
205,35,474.72,178.30,17.46,38.21,0.55,-1,-1,-1
205,38,230.30,156.00,15.46,34.06,0.48,-1,-1,-1
205,8,139.30,364.33,32.08,47.00,0.60,-1,-1,-1
205,40,203.34,112.74,16.64,34.49,0.30,-1,-1,-1
205,41,674.10,303.65,32.40,76.00,0.58,-1,-1,-1
205,42,660.09,249.28,27.66,54.30,0.48,-1,-1,-1
205,12,708.26,370.64,35.04,86.31,0.73,-1,-1,-1
205,16,892.59,333.63,34.82,82.22,0.73,-1,-1,-1
205,45,72.20,385.28,36.89,45.42,0.28,-1,-1,-1
205,47,260.40,315.08,24.20,47.44,0.55,-1,-1,-1
205,49,11.89,280.42,34.96,76.93,0.68,-1,-1,-1
205,48,43.88,505.51,35.33,80.10,0.52,-1,-1,-1
205,52,60.37,332.45,30.72,57.24,0.52,-1,-1,-1
205,53,1258.05,357.56,19.11,38.56,0.16,-1,-1,-1
205,54,383.35,246.92,23.35,67.03,0.68,-1,-1,-1
205,57,745.72,324.42,35.22,80.27,0.66,-1,-1,-1
205,58,11.81,425.03,21.01,36.82,0.34,-1,-1,-1
205,59,1125.34,326.74,15.96,35.64,0.46,-1,-1,-1
206,3,273.47,401.28,38.35,89.69,0.69,-1,-1,-1
206,4,236.48,307.58,27.65,61.17,0.63,-1,-1,-1
206,5,391.95,572.61,40.81,70.89,0.69,-1,-1,-1
206,6,340.04,559.08,43.65,75.35,0.57,-1,-1,-1
206,7,437.20,419.52,38.58,97.86,0.80,-1,-1,-1
206,9,329.07,189.57,19.69,33.26,0.52,-1,-1,-1
206,10,323.48,397.84,37.63,102.50,0.63,-1,-1,-1
206,15,900.64,419.49,36.06,95.57,0.78,-1,-1,-1
206,17,606.27,324.30,27.51,73.31,0.69,-1,-1,-1
206,18,289.11,312.51,29.65,42.14,0.44,-1,-1,-1
206,19,860.39,278.69,25.06,35.93,0.43,-1,-1,-1
206,20,179.07,436.62,48.64,64.46,0.65,-1,-1,-1
206,21,494.16,651.88,44.61,104.12,0.66,-1,-1,-1
206,25,383.15,334.92,24.29,43.53,0.32,-1,-1,-1
206,30,461.03,640.88,47.90,98.38,0.59,-1,-1,-1
206,33,593.57,334.34,48.05,130.98,0.70,-1,-1,-1
206,35,475.08,178.28,16.65,36.16,0.54,-1,-1,-1
206,38,231.17,154.48,15.96,35.41,0.57,-1,-1,-1
206,8,139.03,364.40,32.31,47.34,0.58,-1,-1,-1
206,40,204.48,112.88,16.29,34.09,0.31,-1,-1,-1
206,41,672.27,303.96,32.60,76.92,0.59,-1,-1,-1
206,42,662.32,249.26,26.80,53.07,0.48,-1,-1,-1
206,12,707.95,371.34,34.86,85.65,0.72,-1,-1,-1
206,16,896.77,334.56,33.94,80.29,0.73,-1,-1,-1
206,45,72.02,383.72,37.32,46.40,0.24,-1,-1,-1
206,47,260.84,315.09,23.94,47.11,0.60,-1,-1,-1
206,49,11.43,280.07,35.58,78.56,0.68,-1,-1,-1
206,48,39.53,505.86,36.40,81.22,0.35,-1,-1,-1
206,52,61.49,332.60,29.75,54.39,0.52,-1,-1,-1
206,53,1257.34,358.44,18.76,37.79,0.18,-1,-1,-1
206,54,382.77,247.41,23.46,66.87,0.68,-1,-1,-1
206,57,747.78,323.66,34.59,79.76,0.68,-1,-1,-1
206,58,11.20,424.48,20.99,36.68,0.27,-1,-1,-1
206,59,1123.72,327.67,16.47,36.75,0.50,-1,-1,-1
207,3,272.68,401.24,37.92,88.48,0.72,-1,-1,-1
207,4,236.36,307.92,27.40,60.42,0.63,-1,-1,-1
207,5,390.63,572.15,41.43,72.01,0.76,-1,-1,-1
207,6,335.36,558.37,46.96,80.41,0.62,-1,-1,-1
207,7,437.83,420.43,38.74,97.00,0.80,-1,-1,-1
207,9,325.88,189.43,18.50,30.73,0.60,-1,-1,-1
207,10,323.76,400.52,36.58,99.63,0.57,-1,-1,-1
207,15,900.77,421.62,35.63,94.18,0.78,-1,-1,-1
207,17,604.36,324.84,27.71,73.47,0.67,-1,-1,-1
207,18,289.38,312.56,29.86,42.44,0.45,-1,-1,-1
207,19,859.82,278.90,25.46,35.63,0.46,-1,-1,-1
207,20,178.89,436.66,48.13,64.10,0.67,-1,-1,-1
207,21,492.46,651.62,44.65,104.38,0.55,-1,-1,-1
207,25,383.08,334.81,24.53,43.56,0.34,-1,-1,-1
207,30,461.26,639.97,44.43,90.83,0.61,-1,-1,-1
207,33,598.48,361.68,38.09,103.96,0.69,-1,-1,-1
207,35,475.63,178.65,16.77,36.27,0.58,-1,-1,-1
207,38,233.08,155.73,15.45,34.08,0.65,-1,-1,-1
207,8,138.92,364.34,32.49,47.62,0.60,-1,-1,-1
207,41,671.53,304.04,32.67,77.45,0.61,-1,-1,-1
207,42,663.30,249.12,26.54,53.12,0.49,-1,-1,-1
207,12,708.13,372.17,34.77,85.31,0.70,-1,-1,-1
207,16,899.30,334.44,33.66,80.47,0.76,-1,-1,-1
207,45,72.28,383.62,36.86,46.18,0.25,-1,-1,-1
207,47,261.18,315.02,23.60,46.44,0.59,-1,-1,-1
207,49,12.05,280.64,35.25,77.70,0.66,-1,-1,-1
207,48,36.70,518.71,35.36,71.39,0.19,-1,-1,-1
207,52,57.00,332.30,34.26,62.81,0.52,-1,-1,-1
207,53,1256.91,360.28,17.92,36.06,0.32,-1,-1,-1
207,54,382.80,247.52,23.34,66.09,0.67,-1,-1,-1
207,57,749.64,323.11,34.00,79.06,0.68,-1,-1,-1
207,58,11.00,424.40,20.78,36.30,0.38,-1,-1,-1
207,59,1122.48,326.32,17.73,39.63,0.50,-1,-1,-1
208,3,272.08,401.15,37.68,87.85,0.72,-1,-1,-1
208,4,236.46,308.09,27.26,59.75,0.63,-1,-1,-1
208,5,390.36,572.30,41.54,71.99,0.76,-1,-1,-1
208,6,336.54,558.34,45.80,78.03,0.56,-1,-1,-1
208,7,437.96,421.14,38.89,96.43,0.80,-1,-1,-1
208,9,323.48,189.15,18.59,30.77,0.55,-1,-1,-1
208,10,322.57,398.97,37.16,101.35,0.61,-1,-1,-1
208,15,901.11,423.18,35.45,93.13,0.75,-1,-1,-1
208,17,603.39,324.78,27.99,73.88,0.64,-1,-1,-1
208,18,289.86,312.59,29.79,42.26,0.49,-1,-1,-1
208,19,859.52,279.17,26.21,35.98,0.43,-1,-1,-1
208,20,178.99,436.39,47.74,63.96,0.66,-1,-1,-1
208,21,488.64,650.58,44.78,105.31,0.44,-1,-1,-1
208,25,383.02,333.73,25.30,44.60,0.31,-1,-1,-1
208,30,460.38,639.18,44.55,90.99,0.61,-1,-1,-1
208,33,600.10,372.86,34.01,92.72,0.73,-1,-1,-1
208,35,476.21,178.54,16.56,35.48,0.51,-1,-1,-1
208,38,235.53,156.84,15.29,33.34,0.55,-1,-1,-1
208,8,139.21,364.29,32.07,46.96,0.61,-1,-1,-1
208,41,671.15,304.23,32.77,77.93,0.60,-1,-1,-1
208,42,663.90,249.12,26.27,53.20,0.50,-1,-1,-1
208,12,708.39,373.06,34.80,85.19,0.66,-1,-1,-1
208,16,901.59,333.26,33.85,82.03,0.67,-1,-1,-1
208,45,72.76,384.63,35.62,44.71,0.33,-1,-1,-1
208,47,261.30,315.04,23.47,46.11,0.57,-1,-1,-1
208,49,12.92,281.08,35.58,78.21,0.68,-1,-1,-1
208,48,31.27,514.76,38.24,75.70,0.18,-1,-1,-1
208,52,55.56,332.04,35.80,65.39,0.55,-1,-1,-1
208,53,1256.68,360.95,17.66,35.44,0.13,-1,-1,-1
208,54,382.84,247.72,23.53,66.26,0.65,-1,-1,-1
208,57,750.85,323.67,34.16,80.22,0.62,-1,-1,-1
208,58,11.16,425.22,22.28,39.09,0.36,-1,-1,-1
208,59,1122.15,326.88,17.55,39.33,0.47,-1,-1,-1
209,3,271.94,401.26,37.20,86.76,0.72,-1,-1,-1
209,4,236.76,307.80,27.44,59.83,0.64,-1,-1,-1
209,5,390.06,572.00,41.56,71.73,0.74,-1,-1,-1
209,6,332.40,558.09,48.49,82.36,0.54,-1,-1,-1
209,7,437.70,421.32,39.12,96.10,0.82,-1,-1,-1
209,9,321.04,188.18,18.96,31.45,0.48,-1,-1,-1
209,10,322.48,399.03,37.07,101.17,0.61,-1,-1,-1
209,15,903.45,424.07,35.33,92.55,0.72,-1,-1,-1
209,17,602.63,324.79,28.60,75.48,0.59,-1,-1,-1
209,18,290.28,312.35,29.79,42.21,0.48,-1,-1,-1
209,19,860.79,279.13,26.39,36.46,0.43,-1,-1,-1
209,20,179.35,436.14,47.53,64.12,0.67,-1,-1,-1
209,21,484.96,647.46,45.86,108.21,0.44,-1,-1,-1
209,25,383.08,333.69,25.38,44.45,0.35,-1,-1,-1
209,30,457.79,638.57,47.16,97.50,0.63,-1,-1,-1
209,33,600.57,375.97,33.01,89.93,0.69,-1,-1,-1
209,35,477.19,178.43,16.73,35.57,0.42,-1,-1,-1
209,38,239.26,157.75,14.87,31.91,0.59,-1,-1,-1
209,8,139.30,363.96,32.31,47.03,0.63,-1,-1,-1
209,41,671.28,304.33,32.64,77.81,0.59,-1,-1,-1
209,42,661.92,249.10,26.74,54.25,0.53,-1,-1,-1
209,12,708.96,373.84,34.76,85.29,0.68,-1,-1,-1
209,16,904.93,332.70,33.36,82.08,0.60,-1,-1,-1
209,45,74.23,385.43,34.16,42.89,0.28,-1,-1,-1
209,47,261.58,314.92,23.12,45.41,0.60,-1,-1,-1
209,49,13.97,281.41,35.98,78.57,0.68,-1,-1,-1
209,48,22.07,512.39,38.35,77.00,0.15,-1,-1,-1
209,52,55.66,332.11,36.47,66.94,0.56,-1,-1,-1
209,53,1257.11,362.26,17.50,34.94,0.20,-1,-1,-1
209,54,383.24,247.74,23.73,66.64,0.64,-1,-1,-1
209,57,753.13,323.10,34.22,80.87,0.62,-1,-1,-1
209,58,11.19,424.21,23.76,41.82,0.36,-1,-1,-1
209,59,1122.08,326.21,17.81,40.16,0.37,-1,-1,-1
209,60,718.18,291.37,26.75,68.38,0.61,-1,-1,-1
210,3,272.15,401.22,37.25,86.90,0.72,-1,-1,-1
210,4,237.13,307.32,27.65,60.16,0.65,-1,-1,-1
210,5,389.65,571.67,41.68,71.66,0.75,-1,-1,-1
210,6,331.00,557.88,49.25,83.52,0.56,-1,-1,-1
210,7,437.62,421.63,39.06,95.32,0.80,-1,-1,-1
210,9,318.78,186.97,18.66,30.81,0.54,-1,-1,-1
210,10,322.78,400.25,36.55,99.78,0.61,-1,-1,-1
210,15,906.97,424.78,35.06,91.66,0.76,-1,-1,-1
210,17,600.59,323.62,31.37,83.20,0.61,-1,-1,-1
210,18,291.09,311.92,30.30,42.78,0.53,-1,-1,-1
210,19,861.07,279.28,26.12,36.43,0.48,-1,-1,-1
210,20,179.62,435.78,47.30,64.21,0.64,-1,-1,-1
210,21,482.05,643.88,46.99,111.24,0.46,-1,-1,-1
210,25,382.99,337.31,23.65,41.43,0.26,-1,-1,-1
210,30,456.98,638.11,47.67,100.30,0.66,-1,-1,-1
210,33,601.71,379.06,32.72,88.85,0.72,-1,-1,-1
210,35,479.03,178.84,17.09,36.35,0.43,-1,-1,-1
210,38,241.51,157.73,14.82,31.72,0.60,-1,-1,-1
210,8,140.43,363.90,32.35,46.86,0.64,-1,-1,-1
210,41,673.31,305.26,32.01,75.82,0.59,-1,-1,-1
210,42,661.53,249.57,26.78,54.22,0.55,-1,-1,-1
210,12,709.68,374.41,35.06,86.67,0.74,-1,-1,-1
210,16,909.66,332.46,33.55,83.70,0.61,-1,-1,-1
210,45,74.27,384.38,35.65,44.51,0.30,-1,-1,-1
210,47,261.10,314.38,24.31,47.71,0.54,-1,-1,-1
210,49,14.83,281.34,37.09,80.36,0.70,-1,-1,-1
210,48,8.93,490.58,46.03,93.44,0.67,-1,-1,-1
210,52,56.11,332.19,36.42,67.26,0.53,-1,-1,-1
210,54,384.95,246.40,23.76,66.74,0.63,-1,-1,-1
210,57,754.73,323.00,33.86,80.65,0.60,-1,-1,-1
210,58,12.00,423.74,24.02,42.68,0.50,-1,-1,-1
210,59,1122.80,326.43,17.55,39.79,0.24,-1,-1,-1
210,60,719.04,291.32,27.29,69.86,0.56,-1,-1,-1
211,3,272.09,401.16,37.87,88.35,0.73,-1,-1,-1
211,4,237.40,306.66,28.09,61.24,0.64,-1,-1,-1
211,5,388.95,571.15,42.21,72.22,0.76,-1,-1,-1
211,6,334.38,557.54,47.40,80.39,0.54,-1,-1,-1
211,7,437.65,422.00,38.73,94.55,0.79,-1,-1,-1
211,9,317.25,186.28,17.96,29.38,0.60,-1,-1,-1
211,10,322.86,399.40,36.76,100.36,0.61,-1,-1,-1
211,15,909.81,425.79,35.02,90.96,0.72,-1,-1,-1
211,17,601.50,323.10,29.95,79.86,0.68,-1,-1,-1
211,18,291.48,311.82,31.75,45.29,0.55,-1,-1,-1
211,19,860.89,278.69,26.76,37.32,0.53,-1,-1,-1
211,20,181.09,435.60,47.24,62.78,0.65,-1,-1,-1
211,21,481.30,643.74,46.88,111.19,0.55,-1,-1,-1
211,25,383.30,335.09,24.82,43.73,0.23,-1,-1,-1
211,30,456.29,637.85,45.51,96.91,0.68,-1,-1,-1
211,33,602.32,381.90,32.96,88.89,0.70,-1,-1,-1
211,35,480.88,178.78,15.59,32.53,0.39,-1,-1,-1
211,38,244.07,157.06,14.64,30.97,0.61,-1,-1,-1
211,8,141.86,363.99,32.12,46.19,0.61,-1,-1,-1
211,41,674.87,305.14,32.14,75.89,0.57,-1,-1,-1
211,42,661.53,249.61,26.89,54.25,0.54,-1,-1,-1
211,12,711.06,374.63,35.26,88.37,0.76,-1,-1,-1
211,16,913.41,332.94,33.21,82.32,0.60,-1,-1,-1
211,45,75.10,384.07,36.00,44.75,0.38,-1,-1,-1
211,47,264.05,314.23,24.45,48.04,0.51,-1,-1,-1
211,49,16.56,280.75,36.06,77.30,0.63,-1,-1,-1
211,48,6.30,483.91,49.51,101.94,0.55,-1,-1,-1
211,52,48.81,329.59,40.92,74.74,0.42,-1,-1,-1
211,54,387.05,246.70,23.38,65.63,0.62,-1,-1,-1
211,57,759.09,324.41,33.38,79.57,0.64,-1,-1,-1
211,58,12.30,422.57,25.61,45.94,0.63,-1,-1,-1
211,59,1124.79,326.96,17.25,39.17,0.19,-1,-1,-1
211,60,723.00,290.54,26.26,67.37,0.57,-1,-1,-1
212,3,272.39,400.74,38.60,90.22,0.72,-1,-1,-1
212,4,238.91,306.37,27.81,60.60,0.67,-1,-1,-1
212,5,388.55,570.94,42.47,72.07,0.75,-1,-1,-1
212,6,335.05,557.13,46.95,79.32,0.50,-1,-1,-1
212,7,438.31,422.94,37.96,92.94,0.75,-1,-1,-1
212,9,316.10,185.97,17.67,28.79,0.61,-1,-1,-1
212,10,321.98,395.99,37.58,102.39,0.59,-1,-1,-1
212,15,913.07,425.63,35.15,92.02,0.77,-1,-1,-1
212,17,602.38,322.51,29.61,79.40,0.70,-1,-1,-1
212,18,293.42,312.19,29.76,42.27,0.56,-1,-1,-1
212,19,861.21,278.26,27.23,38.19,0.53,-1,-1,-1
212,20,181.22,435.01,47.77,62.77,0.65,-1,-1,-1
212,21,481.13,644.08,46.46,110.41,0.61,-1,-1,-1
212,25,383.89,333.26,25.83,45.62,0.29,-1,-1,-1
212,30,454.73,637.56,46.00,99.33,0.70,-1,-1,-1
212,33,603.56,385.34,32.75,87.52,0.67,-1,-1,-1
212,35,480.40,179.07,20.15,42.99,0.48,-1,-1,-1
212,38,246.78,155.75,15.35,32.03,0.57,-1,-1,-1
212,8,142.36,364.04,32.03,45.98,0.61,-1,-1,-1
212,41,677.31,304.43,31.24,72.93,0.62,-1,-1,-1
212,42,662.19,249.50,27.08,54.36,0.48,-1,-1,-1
212,12,712.93,374.90,35.10,89.34,0.76,-1,-1,-1
212,16,918.82,332.48,32.95,82.49,0.47,-1,-1,-1
212,45,76.49,384.13,35.71,44.18,0.22,-1,-1,-1
212,47,265.47,314.42,23.97,47.42,0.50,-1,-1,-1
212,49,18.94,280.63,36.71,78.77,0.60,-1,-1,-1
212,48,0.19,482.02,47.68,98.54,0.52,-1,-1,-1
212,52,48.73,329.13,43.98,79.37,0.41,-1,-1,-1
212,54,388.48,246.99,23.24,65.38,0.64,-1,-1,-1
212,57,763.02,322.71,33.95,80.69,0.63,-1,-1,-1
212,58,13.35,421.52,25.50,45.76,0.49,-1,-1,-1
212,59,1126.93,329.71,16.12,36.55,0.39,-1,-1,-1
212,60,727.16,290.43,25.60,65.85,0.54,-1,-1,-1
212,44,428.78,229.84,28.08,50.32,0.51,-1,-1,-1
213,3,272.41,400.15,38.97,91.11,0.71,-1,-1,-1
213,4,240.98,306.46,27.36,59.37,0.70,-1,-1,-1
213,5,388.40,570.50,42.73,71.86,0.72,-1,-1,-1
213,6,336.42,556.80,46.23,78.25,0.49,-1,-1,-1
213,7,439.02,422.36,37.53,92.55,0.78,-1,-1,-1
213,9,314.56,184.79,18.69,30.60,0.58,-1,-1,-1
213,10,322.54,395.29,37.97,103.81,0.66,-1,-1,-1
213,15,916.28,426.08,34.81,91.54,0.72,-1,-1,-1
213,17,602.51,322.09,30.27,81.59,0.65,-1,-1,-1
213,18,294.85,311.82,28.63,40.72,0.53,-1,-1,-1
213,19,862.44,278.83,26.60,37.57,0.55,-1,-1,-1
213,20,182.27,434.57,48.74,62.92,0.62,-1,-1,-1
213,21,481.72,647.04,44.62,105.66,0.58,-1,-1,-1
213,25,384.99,331.36,26.67,46.96,0.41,-1,-1,-1
213,30,454.07,637.24,43.80,94.55,0.73,-1,-1,-1
213,33,604.38,385.70,33.81,89.63,0.62,-1,-1,-1
213,35,482.01,179.71,20.93,45.33,0.51,-1,-1,-1
213,38,250.14,156.70,14.94,30.66,0.58,-1,-1,-1
213,8,143.71,363.60,32.12,46.41,0.64,-1,-1,-1
213,41,679.25,305.30,31.21,72.73,0.59,-1,-1,-1
213,42,664.68,248.25,27.78,56.03,0.47,-1,-1,-1
213,12,715.06,375.70,34.52,89.25,0.76,-1,-1,-1
213,16,922.68,332.34,30.58,77.71,0.49,-1,-1,-1
213,45,76.93,381.89,36.67,45.57,0.14,-1,-1,-1
213,47,267.64,314.27,23.32,46.67,0.48,-1,-1,-1
213,49,21.71,280.34,35.53,76.25,0.58,-1,-1,-1
213,48,0.00,482.06,44.67,98.43,0.46,-1,-1,-1
213,52,50.78,327.32,45.28,81.17,0.41,-1,-1,-1
213,54,389.27,245.56,23.53,66.77,0.62,-1,-1,-1
213,57,765.88,321.49,34.60,82.19,0.66,-1,-1,-1
213,58,13.48,420.42,24.91,45.25,0.39,-1,-1,-1
213,59,1128.59,331.75,15.39,35.00,0.37,-1,-1,-1
213,60,729.73,290.65,26.43,67.75,0.58,-1,-1,-1
213,44,429.16,227.53,27.49,51.70,0.46,-1,-1,-1
214,3,273.13,399.62,39.73,93.29,0.73,-1,-1,-1
214,4,243.34,306.18,27.48,59.07,0.71,-1,-1,-1
214,5,388.44,570.17,43.00,71.86,0.71,-1,-1,-1
214,6,337.26,556.28,45.88,77.79,0.52,-1,-1,-1
214,7,438.55,421.36,37.53,92.43,0.73,-1,-1,-1
214,9,314.10,183.62,18.60,30.68,0.52,-1,-1,-1
214,10,323.15,394.09,37.96,104.00,0.65,-1,-1,-1
214,15,921.60,427.27,34.24,89.88,0.56,-1,-1,-1
214,17,603.00,321.47,30.68,83.06,0.65,-1,-1,-1
214,18,295.28,311.85,29.47,42.73,0.50,-1,-1,-1
214,19,863.59,279.68,26.20,37.12,0.53,-1,-1,-1
214,20,184.04,434.09,48.28,62.98,0.71,-1,-1,-1
214,21,480.97,647.52,44.76,105.78,0.58,-1,-1,-1
214,25,387.08,331.99,26.06,46.00,0.42,-1,-1,-1
214,30,452.45,636.50,44.47,96.30,0.69,-1,-1,-1
214,33,607.16,391.41,32.48,85.06,0.68,-1,-1,-1
214,35,484.13,179.54,21.60,47.72,0.45,-1,-1,-1
214,38,253.29,157.89,14.56,29.34,0.57,-1,-1,-1
214,8,145.59,363.06,31.99,46.49,0.64,-1,-1,-1
214,41,680.32,304.45,32.29,75.79,0.64,-1,-1,-1
214,42,667.55,248.34,27.39,55.35,0.48,-1,-1,-1
214,12,716.87,376.60,33.86,88.96,0.76,-1,-1,-1
214,16,927.55,332.09,29.79,77.23,0.45,-1,-1,-1
214,45,80.23,383.77,34.77,42.73,0.33,-1,-1,-1
214,47,269.44,314.00,22.65,45.30,0.55,-1,-1,-1
214,49,23.85,279.97,36.16,77.68,0.56,-1,-1,-1
214,52,58.52,328.73,43.45,79.14,0.55,-1,-1,-1
214,54,390.04,246.37,23.27,65.67,0.59,-1,-1,-1
214,57,769.21,320.82,34.11,82.01,0.68,-1,-1,-1
214,58,15.63,419.44,22.04,40.20,0.31,-1,-1,-1
214,59,1129.63,332.26,15.41,35.05,0.27,-1,-1,-1
214,60,732.19,290.61,26.01,66.27,0.55,-1,-1,-1
214,44,430.61,228.74,26.64,51.71,0.52,-1,-1,-1
215,3,274.82,399.23,39.39,93.06,0.70,-1,-1,-1
215,4,245.46,305.77,27.65,58.99,0.70,-1,-1,-1
215,5,388.64,569.84,43.22,71.98,0.72,-1,-1,-1
215,6,336.67,555.75,46.19,78.22,0.54,-1,-1,-1
215,7,437.48,420.46,37.92,92.49,0.65,-1,-1,-1
215,9,313.96,182.97,17.81,29.43,0.48,-1,-1,-1
215,10,324.57,393.91,37.88,104.08,0.66,-1,-1,-1
215,15,923.50,427.94,35.29,92.15,0.63,-1,-1,-1
215,17,603.34,321.41,30.63,83.25,0.58,-1,-1,-1
215,18,296.97,311.82,28.76,42.08,0.50,-1,-1,-1
215,19,865.27,280.58,25.70,36.45,0.44,-1,-1,-1
215,20,185.25,433.07,48.63,63.77,0.68,-1,-1,-1
215,21,480.37,647.60,45.05,106.43,0.57,-1,-1,-1
215,25,388.35,333.70,25.77,45.96,0.33,-1,-1,-1
215,30,448.03,635.42,48.31,104.96,0.64,-1,-1,-1
215,33,609.32,394.60,31.52,81.81,0.61,-1,-1,-1
215,35,487.72,179.13,18.63,41.15,0.41,-1,-1,-1
215,38,257.06,158.50,14.15,27.92,0.46,-1,-1,-1
215,8,147.19,362.91,31.18,45.90,0.49,-1,-1,-1
215,41,681.72,304.27,33.13,78.54,0.70,-1,-1,-1
215,42,669.02,248.90,27.04,54.59,0.49,-1,-1,-1
215,12,718.12,377.19,33.04,88.23,0.72,-1,-1,-1
215,16,932.14,332.33,28.76,75.40,0.64,-1,-1,-1
215,45,82.33,381.54,36.09,44.14,0.25,-1,-1,-1
215,47,271.20,313.26,21.69,42.91,0.49,-1,-1,-1
215,49,26.88,279.65,35.53,76.79,0.62,-1,-1,-1
215,52,55.11,328.44,42.92,76.42,0.47,-1,-1,-1
215,54,392.09,246.55,23.17,65.30,0.58,-1,-1,-1
215,57,772.44,321.86,32.56,79.32,0.57,-1,-1,-1
215,58,20.11,418.91,21.29,38.81,0.48,-1,-1,-1
215,59,1131.66,334.43,14.89,33.75,0.56,-1,-1,-1
215,60,734.53,291.38,26.72,67.76,0.59,-1,-1,-1
215,44,433.71,236.91,22.66,44.42,0.42,-1,-1,-1
216,3,276.53,398.71,38.84,92.46,0.76,-1,-1,-1
216,4,247.40,304.63,28.00,59.84,0.78,-1,-1,-1
216,5,388.75,569.34,43.35,72.04,0.72,-1,-1,-1
216,6,340.25,555.20,45.67,78.87,0.49,-1,-1,-1
216,7,435.55,419.52,39.01,93.67,0.70,-1,-1,-1
216,9,314.58,182.72,16.83,27.70,0.48,-1,-1,-1
216,10,325.14,393.07,37.93,104.24,0.74,-1,-1,-1
216,15,925.24,428.80,36.43,94.45,0.63,-1,-1,-1
216,17,606.02,321.98,29.15,78.50,0.44,-1,-1,-1
216,18,299.73,311.53,28.48,42.43,0.47,-1,-1,-1
216,19,869.49,281.49,24.46,35.20,0.54,-1,-1,-1
216,20,188.52,432.81,47.31,62.63,0.67,-1,-1,-1
216,21,478.70,645.23,46.46,110.07,0.56,-1,-1,-1
216,25,390.48,337.00,23.75,42.42,0.37,-1,-1,-1
216,30,446.24,634.94,49.38,107.60,0.62,-1,-1,-1
216,33,610.89,396.99,31.02,79.79,0.64,-1,-1,-1
216,35,490.32,178.72,18.31,40.62,0.52,-1,-1,-1
216,38,260.04,158.50,14.68,28.14,0.50,-1,-1,-1
216,8,152.67,361.95,31.65,46.31,0.54,-1,-1,-1
216,41,683.30,306.00,32.26,76.23,0.64,-1,-1,-1
216,42,670.03,249.16,26.98,54.41,0.50,-1,-1,-1
216,12,719.68,378.02,32.34,87.90,0.70,-1,-1,-1
216,16,937.79,332.81,26.72,70.49,0.61,-1,-1,-1
216,45,85.76,382.75,35.15,42.65,0.13,-1,-1,-1
216,47,268.84,311.37,24.61,49.19,0.14,-1,-1,-1
216,49,29.56,278.28,37.43,81.84,0.68,-1,-1,-1
216,52,55.96,325.62,47.35,83.10,0.37,-1,-1,-1
216,54,395.02,246.91,23.24,65.66,0.59,-1,-1,-1
216,57,779.09,321.08,31.61,77.97,0.68,-1,-1,-1
216,58,20.15,418.55,23.64,43.94,0.47,-1,-1,-1
216,59,1134.49,334.88,14.28,32.27,0.58,-1,-1,-1
216,60,737.14,291.61,26.48,66.68,0.51,-1,-1,-1
217,3,278.15,398.72,38.51,92.31,0.76,-1,-1,-1
217,4,249.75,305.39,27.15,58.30,0.77,-1,-1,-1
217,5,389.29,569.21,43.01,71.47,0.66,-1,-1,-1
217,6,343.01,554.71,44.93,79.38,0.49,-1,-1,-1
217,7,435.29,418.22,40.00,95.31,0.71,-1,-1,-1
217,9,314.02,181.36,18.51,30.71,0.50,-1,-1,-1
217,10,326.05,392.88,37.53,103.17,0.77,-1,-1,-1
217,15,927.59,428.56,37.14,95.95,0.69,-1,-1,-1
217,17,608.02,322.54,28.34,75.48,0.61,-1,-1,-1
217,18,302.93,311.21,27.61,41.26,0.46,-1,-1,-1
217,19,872.25,281.81,23.82,34.66,0.57,-1,-1,-1
217,20,188.50,432.60,47.19,62.73,0.63,-1,-1,-1
217,21,477.61,644.12,46.90,111.66,0.58,-1,-1,-1
217,25,393.21,333.90,25.07,44.35,0.38,-1,-1,-1
217,30,446.01,635.28,46.78,100.95,0.62,-1,-1,-1
217,33,610.96,389.40,34.13,88.09,0.69,-1,-1,-1
217,35,492.93,179.24,20.10,45.11,0.45,-1,-1,-1
217,38,262.01,157.15,15.93,30.08,0.55,-1,-1,-1
217,8,154.50,361.97,31.50,45.58,0.55,-1,-1,-1
217,41,684.42,305.52,32.36,76.45,0.61,-1,-1,-1
217,42,673.92,249.04,26.94,54.25,0.45,-1,-1,-1
217,12,721.47,378.58,31.95,88.43,0.72,-1,-1,-1
217,16,940.42,334.39,27.99,74.53,0.54,-1,-1,-1
217,45,88.35,383.56,34.40,41.27,0.17,-1,-1,-1
217,47,275.55,312.96,22.14,44.30,0.57,-1,-1,-1
217,49,33.10,277.74,37.20,81.73,0.63,-1,-1,-1
217,52,67.80,327.55,40.08,71.41,0.51,-1,-1,-1
217,54,397.68,246.73,23.18,65.58,0.68,-1,-1,-1
217,57,785.05,320.64,29.90,75.12,0.57,-1,-1,-1
217,58,24.40,418.54,24.31,45.54,0.41,-1,-1,-1
217,59,1136.51,336.20,14.28,32.19,0.59,-1,-1,-1
217,60,739.08,290.38,28.57,72.38,0.59,-1,-1,-1
218,3,280.21,399.31,38.31,91.44,0.76,-1,-1,-1
218,4,252.48,304.61,27.13,58.61,0.71,-1,-1,-1
218,5,389.38,569.07,42.90,71.15,0.67,-1,-1,-1
218,6,342.57,554.49,44.49,79.42,0.52,-1,-1,-1
218,7,437.82,416.40,40.15,96.72,0.68,-1,-1,-1
218,9,314.25,180.08,19.40,32.62,0.57,-1,-1,-1
218,10,327.00,392.52,37.50,103.31,0.77,-1,-1,-1
218,15,929.92,428.35,37.57,97.35,0.73,-1,-1,-1
218,17,608.78,323.58,28.26,74.66,0.60,-1,-1,-1
218,18,305.05,310.60,27.58,41.34,0.46,-1,-1,-1
218,19,875.11,282.08,24.06,35.47,0.50,-1,-1,-1
218,20,194.30,431.82,45.57,61.10,0.57,-1,-1,-1
218,21,476.94,642.96,47.17,113.00,0.55,-1,-1,-1
218,25,394.96,332.57,26.21,45.93,0.41,-1,-1,-1
218,30,445.96,635.15,45.69,97.70,0.59,-1,-1,-1
218,33,612.78,387.76,34.72,89.47,0.70,-1,-1,-1
218,35,494.75,179.64,20.70,47.13,0.41,-1,-1,-1
218,38,264.33,155.18,16.10,30.21,0.58,-1,-1,-1
218,8,153.12,361.49,32.25,45.24,0.54,-1,-1,-1
218,41,686.33,306.08,32.40,76.49,0.67,-1,-1,-1
218,42,676.21,248.88,27.20,54.71,0.53,-1,-1,-1
218,12,723.57,379.62,31.30,88.14,0.67,-1,-1,-1
218,16,942.21,333.87,29.79,80.44,0.50,-1,-1,-1
218,45,90.82,383.33,34.07,40.54,0.21,-1,-1,-1
218,47,278.16,312.60,22.49,45.13,0.59,-1,-1,-1
218,49,37.47,278.45,35.14,76.92,0.56,-1,-1,-1
218,52,65.64,327.38,44.44,78.86,0.31,-1,-1,-1
218,54,400.68,246.27,23.08,65.30,0.70,-1,-1,-1
218,57,788.98,320.87,30.12,76.19,0.44,-1,-1,-1
218,58,28.18,418.64,22.71,42.74,0.51,-1,-1,-1
218,59,1138.28,335.93,14.82,33.34,0.42,-1,-1,-1
218,60,741.48,291.68,28.72,72.74,0.59,-1,-1,-1
218,62,1.02,294.03,24.05,61.29,0.51,-1,-1,-1
219,3,281.55,398.50,38.66,91.75,0.72,-1,-1,-1
219,4,254.84,303.33,27.60,59.92,0.66,-1,-1,-1
219,5,389.29,568.89,42.82,70.85,0.61,-1,-1,-1
219,6,345.30,554.70,41.40,74.81,0.56,-1,-1,-1
219,7,440.02,413.71,40.58,99.98,0.66,-1,-1,-1
219,9,314.92,179.24,19.32,32.77,0.60,-1,-1,-1
219,10,327.82,391.82,37.56,103.82,0.80,-1,-1,-1
219,15,933.62,429.52,36.97,97.00,0.75,-1,-1,-1
219,17,609.83,324.76,28.19,73.55,0.59,-1,-1,-1
219,18,307.99,310.30,28.55,42.62,0.46,-1,-1,-1
219,19,878.57,282.91,23.34,34.94,0.45,-1,-1,-1
219,20,197.44,431.20,44.59,60.46,0.60,-1,-1,-1
219,21,476.31,642.60,47.09,113.37,0.49,-1,-1,-1
219,25,396.89,332.74,25.92,45.23,0.43,-1,-1,-1
219,30,447.02,634.62,43.22,91.29,0.58,-1,-1,-1
219,33,613.94,387.10,35.62,91.83,0.67,-1,-1,-1
219,35,497.35,179.74,20.77,47.83,0.57,-1,-1,-1
219,38,266.09,154.32,16.03,29.69,0.63,-1,-1,-1
219,8,157.68,361.16,32.31,45.51,0.57,-1,-1,-1
219,41,688.37,305.83,32.95,77.87,0.62,-1,-1,-1
219,42,676.98,248.73,27.54,55.52,0.47,-1,-1,-1
219,12,725.99,380.34,30.95,87.46,0.64,-1,-1,-1
219,16,945.66,335.26,29.54,79.17,0.59,-1,-1,-1
219,45,93.32,383.14,33.60,39.82,0.33,-1,-1,-1
219,47,279.82,312.52,23.14,46.34,0.46,-1,-1,-1
219,49,39.51,278.39,35.05,77.33,0.56,-1,-1,-1
219,52,71.45,327.60,41.55,74.88,0.39,-1,-1,-1
219,54,403.27,246.08,23.25,65.75,0.71,-1,-1,-1
219,57,791.71,320.53,31.69,78.68,0.52,-1,-1,-1
219,58,28.52,416.89,23.01,43.63,0.46,-1,-1,-1
219,59,1140.34,337.32,14.95,33.56,0.61,-1,-1,-1
219,60,743.83,293.03,28.56,72.49,0.58,-1,-1,-1
219,62,1.56,291.79,24.75,62.90,0.45,-1,-1,-1
220,3,283.22,397.98,39.18,92.55,0.63,-1,-1,-1
220,4,257.67,302.85,27.30,59.34,0.73,-1,-1,-1
220,5,389.15,568.58,43.00,70.85,0.62,-1,-1,-1
220,6,346.47,554.25,40.03,73.24,0.57,-1,-1,-1
220,7,438.56,412.56,41.13,101.37,0.60,-1,-1,-1
220,9,316.23,178.96,18.69,31.85,0.51,-1,-1,-1
220,10,328.96,391.43,37.55,104.36,0.77,-1,-1,-1
220,15,936.84,430.23,36.87,97.54,0.76,-1,-1,-1
220,17,609.88,324.49,29.86,77.60,0.52,-1,-1,-1
220,18,310.23,310.07,28.64,42.76,0.53,-1,-1,-1
220,19,880.95,283.14,23.05,34.76,0.43,-1,-1,-1
220,20,199.25,430.66,44.74,61.22,0.62,-1,-1,-1
220,21,475.73,643.99,46.28,111.43,0.51,-1,-1,-1
220,25,398.32,333.79,25.26,44.11,0.46,-1,-1,-1
220,30,451.17,633.25,43.20,91.84,0.59,-1,-1,-1
220,33,614.46,385.97,37.02,96.00,0.67,-1,-1,-1
220,35,500.66,180.02,20.61,48.05,0.48,-1,-1,-1
220,38,267.79,153.36,16.61,30.24,0.59,-1,-1,-1
220,8,161.22,360.97,31.66,45.13,0.60,-1,-1,-1
220,41,692.03,307.35,32.04,76.43,0.66,-1,-1,-1
220,42,678.05,248.55,28.14,56.75,0.47,-1,-1,-1
220,12,727.63,381.20,30.54,86.29,0.69,-1,-1,-1
220,16,948.81,336.37,29.37,79.34,0.59,-1,-1,-1
220,45,94.22,375.17,38.65,46.97,0.18,-1,-1,-1
220,47,284.55,312.36,22.39,45.34,0.45,-1,-1,-1
220,49,44.66,277.80,31.11,67.81,0.60,-1,-1,-1
220,52,72.20,328.32,37.97,69.48,0.16,-1,-1,-1
220,54,405.61,246.19,22.95,65.02,0.66,-1,-1,-1
220,57,793.65,322.14,31.38,77.40,0.54,-1,-1,-1
220,58,29.73,415.95,22.90,43.34,0.38,-1,-1,-1
220,59,1142.57,337.58,14.83,33.19,0.70,-1,-1,-1
220,60,745.64,293.61,28.48,72.57,0.56,-1,-1,-1
220,62,3.07,289.69,23.44,59.05,0.59,-1,-1,-1
221,3,283.99,396.90,39.91,93.55,0.60,-1,-1,-1
221,4,260.42,302.39,27.04,58.79,0.73,-1,-1,-1
221,5,388.84,568.27,43.35,71.13,0.59,-1,-1,-1
221,6,346.70,554.01,39.57,73.19,0.58,-1,-1,-1
221,7,439.80,413.15,34.09,83.18,0.62,-1,-1,-1
221,9,317.01,178.33,18.22,31.22,0.49,-1,-1,-1
221,10,329.98,390.77,37.53,104.68,0.80,-1,-1,-1
221,15,939.69,431.50,37.29,98.33,0.74,-1,-1,-1
221,17,609.91,324.58,30.79,79.87,0.60,-1,-1,-1
221,18,311.63,309.83,28.67,43.18,0.50,-1,-1,-1
221,19,882.50,283.51,23.17,34.94,0.45,-1,-1,-1
221,20,201.58,430.55,44.45,61.19,0.65,-1,-1,-1
221,21,475.98,642.52,46.40,112.46,0.48,-1,-1,-1
221,25,399.99,332.95,25.54,44.66,0.38,-1,-1,-1
221,30,453.26,631.16,45.57,97.91,0.55,-1,-1,-1
221,33,615.20,385.97,37.97,99.04,0.62,-1,-1,-1
221,35,504.79,179.60,17.13,39.49,0.38,-1,-1,-1
221,38,268.84,152.62,16.99,30.60,0.61,-1,-1,-1
221,8,162.83,360.19,31.44,45.06,0.61,-1,-1,-1
221,41,694.39,307.53,31.79,76.89,0.63,-1,-1,-1
221,42,679.22,250.06,27.54,55.28,0.47,-1,-1,-1
221,12,729.29,382.70,30.00,84.89,0.72,-1,-1,-1
221,16,951.71,337.06,29.94,80.73,0.68,-1,-1,-1
221,45,88.45,357.23,50.67,64.11,0.18,-1,-1,-1
221,47,286.69,312.27,21.75,43.98,0.49,-1,-1,-1
221,49,48.08,276.96,31.14,67.71,0.63,-1,-1,-1
221,52,76.83,332.32,41.37,75.77,0.37,-1,-1,-1
221,54,407.25,246.12,22.73,64.55,0.61,-1,-1,-1
221,57,797.51,334.51,27.68,66.59,0.26,-1,-1,-1
221,58,32.13,414.91,21.72,40.49,0.27,-1,-1,-1
221,59,1144.76,337.77,14.91,33.60,0.65,-1,-1,-1
221,60,747.63,294.72,28.37,72.41,0.63,-1,-1,-1
221,62,4.28,288.99,23.23,57.67,0.51,-1,-1,-1
221,65,472.34,243.92,23.58,53.40,0.58,-1,-1,-1
222,3,287.80,397.06,35.42,82.59,0.67,-1,-1,-1
222,4,262.21,302.10,27.04,58.58,0.69,-1,-1,-1
222,5,388.62,568.03,43.49,71.06,0.57,-1,-1,-1
222,6,347.41,553.80,39.23,73.57,0.57,-1,-1,-1
222,7,438.13,412.22,37.18,90.89,0.53,-1,-1,-1
222,9,317.24,175.47,19.33,33.60,0.51,-1,-1,-1
222,10,331.01,390.66,37.27,103.79,0.76,-1,-1,-1
222,15,942.68,434.34,36.70,96.87,0.73,-1,-1,-1
222,17,610.32,325.12,30.55,79.24,0.59,-1,-1,-1
222,18,313.35,309.58,28.72,44.03,0.51,-1,-1,-1
222,19,884.24,283.49,23.60,36.03,0.47,-1,-1,-1
222,20,199.68,430.60,45.27,62.06,0.69,-1,-1,-1
222,21,473.62,638.90,47.01,115.14,0.42,-1,-1,-1
222,25,401.08,331.31,26.39,46.14,0.33,-1,-1,-1
222,30,455.36,629.99,45.11,97.15,0.49,-1,-1,-1
222,33,615.66,386.35,38.68,101.09,0.66,-1,-1,-1
222,35,508.26,178.99,14.45,32.69,0.41,-1,-1,-1
222,38,270.04,151.96,16.79,29.99,0.59,-1,-1,-1
222,8,164.54,359.68,30.84,44.84,0.54,-1,-1,-1
222,41,697.63,305.82,32.92,81.20,0.62,-1,-1,-1
222,42,681.91,250.04,27.43,55.18,0.53,-1,-1,-1
222,12,730.98,384.36,29.35,83.53,0.77,-1,-1,-1
222,16,959.15,338.06,29.23,79.82,0.51,-1,-1,-1
222,47,288.75,311.89,21.51,43.13,0.52,-1,-1,-1
222,49,49.41,276.06,35.92,77.93,0.62,-1,-1,-1
222,52,79.03,328.39,44.06,81.96,0.48,-1,-1,-1
222,54,408.19,246.52,22.83,64.55,0.60,-1,-1,-1
222,57,802.84,326.76,29.61,72.92,0.55,-1,-1,-1
222,58,34.87,414.36,23.16,43.40,0.39,-1,-1,-1
222,59,1146.21,337.14,15.79,35.62,0.54,-1,-1,-1
222,60,750.36,295.85,28.62,72.16,0.71,-1,-1,-1
222,62,3.23,287.99,20.92,51.37,0.11,-1,-1,-1
222,65,476.69,243.67,19.57,44.03,0.42,-1,-1,-1
222,67,978.84,187.99,16.07,27.96,0.60,-1,-1,-1
223,3,289.55,397.07,33.54,77.84,0.65,-1,-1,-1
223,4,263.67,301.57,26.91,58.18,0.72,-1,-1,-1
223,5,388.10,567.82,43.85,71.28,0.56,-1,-1,-1
223,6,347.24,553.41,38.89,73.46,0.61,-1,-1,-1
223,7,439.31,411.12,35.35,85.24,0.52,-1,-1,-1
223,9,317.25,174.80,18.55,32.64,0.56,-1,-1,-1
223,10,331.62,390.68,37.17,103.23,0.74,-1,-1,-1
223,15,944.14,436.01,37.80,99.71,0.69,-1,-1,-1
223,17,610.76,325.77,30.07,78.07,0.61,-1,-1,-1
223,18,314.77,309.54,28.48,44.32,0.51,-1,-1,-1
223,19,884.17,283.55,24.42,36.71,0.44,-1,-1,-1
223,20,200.40,430.29,44.88,61.53,0.66,-1,-1,-1
223,21,471.66,638.72,46.67,115.33,0.48,-1,-1,-1
223,25,403.23,331.76,26.05,45.64,0.40,-1,-1,-1
223,30,453.90,628.54,43.92,95.08,0.39,-1,-1,-1
223,33,616.26,387.45,38.74,101.49,0.67,-1,-1,-1
223,35,508.45,179.26,18.41,42.09,0.49,-1,-1,-1
223,38,269.73,151.10,17.21,30.78,0.60,-1,-1,-1
223,8,166.56,359.23,30.69,45.10,0.49,-1,-1,-1
223,41,700.64,305.24,32.43,82.11,0.59,-1,-1,-1
223,42,683.40,250.81,27.10,54.61,0.52,-1,-1,-1
223,12,732.19,385.77,29.01,83.15,0.79,-1,-1,-1
223,16,964.52,338.00,29.04,79.34,0.68,-1,-1,-1
223,47,289.37,311.57,22.18,44.41,0.43,-1,-1,-1
223,49,52.08,275.24,36.26,78.94,0.53,-1,-1,-1
223,52,80.00,325.55,44.68,83.37,0.50,-1,-1,-1
223,54,409.59,246.58,23.00,65.01,0.59,-1,-1,-1
223,57,806.60,325.18,29.02,73.38,0.47,-1,-1,-1
223,58,38.79,413.99,20.98,38.04,0.33,-1,-1,-1
223,59,1147.42,338.44,16.04,36.26,0.52,-1,-1,-1
223,60,750.81,296.67,28.15,70.96,0.69,-1,-1,-1
223,62,7.48,286.80,24.25,58.64,0.55,-1,-1,-1
223,65,481.29,243.51,18.76,41.95,0.34,-1,-1,-1
223,67,980.21,187.56,16.80,29.17,0.57,-1,-1,-1
224,3,290.13,397.06,33.13,76.67,0.65,-1,-1,-1
224,4,264.31,300.97,26.76,57.86,0.70,-1,-1,-1
224,5,387.88,567.69,43.92,71.25,0.57,-1,-1,-1
224,6,344.04,552.90,39.36,73.35,0.56,-1,-1,-1
224,7,437.30,411.67,39.47,95.18,0.51,-1,-1,-1
224,9,317.00,174.89,18.30,32.58,0.53,-1,-1,-1
224,10,331.83,390.49,37.16,102.98,0.74,-1,-1,-1
224,15,945.04,437.67,38.38,100.80,0.71,-1,-1,-1
224,17,611.01,326.18,29.80,77.36,0.61,-1,-1,-1
224,18,316.11,309.53,27.95,44.01,0.52,-1,-1,-1
224,19,885.37,283.90,24.23,36.47,0.52,-1,-1,-1
224,20,199.05,430.08,45.57,62.01,0.67,-1,-1,-1
224,21,468.69,640.54,46.09,113.80,0.54,-1,-1,-1
224,25,404.16,331.28,26.19,46.13,0.41,-1,-1,-1
224,30,448.03,627.11,42.18,90.90,0.51,-1,-1,-1
224,33,616.06,389.48,38.34,100.89,0.64,-1,-1,-1
224,35,511.09,179.12,16.10,35.88,0.42,-1,-1,-1
224,38,269.44,150.10,17.12,30.65,0.64,-1,-1,-1
224,8,168.69,358.98,30.61,44.84,0.47,-1,-1,-1
224,41,702.17,306.68,30.93,79.21,0.67,-1,-1,-1
224,42,684.18,250.87,27.34,55.28,0.53,-1,-1,-1
224,12,732.74,386.95,28.82,82.99,0.80,-1,-1,-1
224,16,968.23,338.58,28.86,78.57,0.66,-1,-1,-1
224,47,292.00,311.48,22.64,44.89,0.45,-1,-1,-1
224,49,53.59,274.37,36.70,80.22,0.54,-1,-1,-1
224,52,88.36,325.20,38.93,73.11,0.46,-1,-1,-1
224,54,410.76,246.77,22.90,64.78,0.55,-1,-1,-1
224,57,813.65,323.00,27.55,71.23,0.64,-1,-1,-1
224,58,39.83,413.30,21.40,38.11,0.31,-1,-1,-1
224,59,1148.09,339.13,16.20,36.72,0.43,-1,-1,-1
224,60,751.28,296.89,28.01,70.47,0.73,-1,-1,-1
224,62,9.47,285.31,25.74,61.39,0.60,-1,-1,-1
224,65,480.91,244.22,20.45,45.65,0.36,-1,-1,-1
224,67,981.51,187.75,16.88,29.30,0.62,-1,-1,-1
225,3,290.31,397.06,32.79,75.71,0.64,-1,-1,-1
225,4,264.58,300.12,26.58,57.45,0.71,-1,-1,-1
225,5,387.46,567.15,44.04,71.37,0.59,-1,-1,-1
225,6,336.82,550.87,43.46,79.21,0.56,-1,-1,-1
225,7,435.87,411.43,41.28,99.91,0.49,-1,-1,-1
225,9,316.26,174.64,18.44,33.07,0.58,-1,-1,-1
225,10,331.50,390.26,37.32,103.41,0.77,-1,-1,-1
225,15,946.54,440.28,38.09,100.16,0.78,-1,-1,-1
225,17,610.85,327.28,29.65,76.85,0.62,-1,-1,-1
225,18,317.52,309.53,27.19,43.30,0.53,-1,-1,-1
225,19,885.64,284.13,24.32,36.50,0.55,-1,-1,-1
225,20,199.08,429.70,45.85,61.99,0.66,-1,-1,-1
225,21,466.60,643.51,45.27,111.03,0.60,-1,-1,-1
225,25,404.68,330.66,26.46,46.92,0.39,-1,-1,-1
225,30,445.83,626.22,37.89,79.55,0.65,-1,-1,-1
225,33,616.50,390.99,37.78,100.21,0.61,-1,-1,-1
225,35,511.64,180.14,19.26,43.43,0.47,-1,-1,-1
225,38,268.67,149.31,16.59,29.88,0.65,-1,-1,-1
225,8,169.96,358.89,30.73,44.72,0.52,-1,-1,-1
225,41,704.10,308.25,30.41,78.10,0.68,-1,-1,-1
225,42,684.65,251.06,27.83,56.24,0.55,-1,-1,-1
225,12,733.05,387.72,28.63,82.69,0.79,-1,-1,-1
225,16,970.18,339.00,29.96,81.56,0.70,-1,-1,-1
225,47,293.24,311.45,22.41,44.15,0.43,-1,-1,-1
225,49,55.18,274.57,36.47,79.94,0.58,-1,-1,-1
225,52,81.58,323.36,42.45,78.97,0.51,-1,-1,-1
225,54,412.24,246.44,23.05,65.31,0.60,-1,-1,-1
225,57,817.78,329.76,26.59,68.55,0.53,-1,-1,-1
225,58,41.08,412.65,19.61,33.77,0.25,-1,-1,-1
225,59,1149.30,340.41,15.80,35.65,0.24,-1,-1,-1
225,60,751.77,297.36,27.89,70.10,0.76,-1,-1,-1
225,62,10.81,285.43,27.39,63.99,0.62,-1,-1,-1
225,65,481.49,244.10,19.72,43.66,0.42,-1,-1,-1
225,67,982.24,188.27,16.78,29.12,0.61,-1,-1,-1
226,3,290.19,396.99,32.64,74.99,0.67,-1,-1,-1
226,4,264.94,298.98,26.72,57.41,0.70,-1,-1,-1
226,5,387.01,566.95,43.72,70.47,0.56,-1,-1,-1
226,6,337.33,551.68,43.01,77.38,0.53,-1,-1,-1
226,7,434.58,411.28,41.75,101.42,0.53,-1,-1,-1
226,9,314.89,173.82,18.80,34.04,0.63,-1,-1,-1
226,10,331.22,390.00,37.44,103.86,0.75,-1,-1,-1
226,15,948.19,441.87,37.84,99.28,0.80,-1,-1,-1
226,17,610.50,328.33,29.50,76.53,0.56,-1,-1,-1
226,18,318.71,309.39,26.64,42.99,0.54,-1,-1,-1
226,19,885.82,284.35,24.50,36.45,0.54,-1,-1,-1
226,20,199.23,429.46,45.54,61.17,0.66,-1,-1,-1
226,21,464.29,642.98,45.26,110.51,0.60,-1,-1,-1
226,25,405.16,331.63,25.65,45.63,0.46,-1,-1,-1
226,30,446.03,625.68,33.68,68.12,0.66,-1,-1,-1
226,33,616.46,392.25,37.29,99.61,0.61,-1,-1,-1
226,35,512.74,180.57,19.51,44.43,0.42,-1,-1,-1
226,38,267.90,149.05,16.09,29.18,0.65,-1,-1,-1
226,8,170.42,358.71,30.78,44.42,0.54,-1,-1,-1
226,41,705.31,308.59,30.13,77.77,0.69,-1,-1,-1
226,42,684.98,251.75,27.91,56.28,0.59,-1,-1,-1
226,12,733.38,388.25,28.49,82.65,0.77,-1,-1,-1
226,16,972.66,339.94,30.44,82.46,0.67,-1,-1,-1
226,47,294.85,311.04,21.72,42.60,0.55,-1,-1,-1
226,49,56.34,274.61,36.32,79.97,0.67,-1,-1,-1
226,52,77.62,322.62,43.28,78.09,0.51,-1,-1,-1
226,54,413.37,246.63,22.94,65.05,0.62,-1,-1,-1
226,57,822.04,325.16,28.15,73.79,0.50,-1,-1,-1
226,58,42.86,412.60,18.62,30.22,0.22,-1,-1,-1
226,59,1150.47,340.43,16.02,35.85,0.34,-1,-1,-1
226,60,752.24,298.36,27.83,69.73,0.73,-1,-1,-1
226,62,12.04,285.06,28.75,66.15,0.59,-1,-1,-1
226,65,482.16,243.81,19.64,43.14,0.46,-1,-1,-1
226,67,982.70,188.84,16.55,28.67,0.52,-1,-1,-1
227,3,289.39,396.47,33.55,77.05,0.62,-1,-1,-1
227,4,265.00,297.08,27.44,58.54,0.73,-1,-1,-1
227,5,386.07,566.64,43.52,69.60,0.58,-1,-1,-1
227,6,334.94,551.82,43.69,77.48,0.58,-1,-1,-1
227,7,434.07,411.25,41.80,101.91,0.57,-1,-1,-1
227,9,314.06,173.82,18.54,33.86,0.61,-1,-1,-1
227,10,330.86,389.81,37.39,103.99,0.78,-1,-1,-1
227,15,949.75,442.37,37.89,98.83,0.79,-1,-1,-1
227,17,610.34,328.99,29.47,76.29,0.53,-1,-1,-1
227,18,319.63,309.16,25.95,42.41,0.55,-1,-1,-1
227,19,885.77,284.83,24.77,36.32,0.51,-1,-1,-1
227,20,199.25,429.17,45.94,61.43,0.64,-1,-1,-1
227,21,463.02,642.42,45.45,111.24,0.55,-1,-1,-1
227,25,405.55,332.19,25.03,44.66,0.51,-1,-1,-1
227,30,446.69,625.08,31.27,60.61,0.53,-1,-1,-1
227,33,616.71,393.28,36.62,98.65,0.65,-1,-1,-1
227,35,513.29,180.78,19.63,45.33,0.43,-1,-1,-1
227,38,267.36,148.86,16.47,29.73,0.52,-1,-1,-1
227,8,170.46,358.54,30.58,43.97,0.55,-1,-1,-1
227,41,707.64,308.08,30.74,79.40,0.66,-1,-1,-1
227,42,685.55,251.75,27.90,56.36,0.53,-1,-1,-1
227,12,733.71,388.46,28.25,82.22,0.77,-1,-1,-1
227,16,974.94,340.49,30.84,82.76,0.64,-1,-1,-1
227,47,295.86,310.89,21.47,42.17,0.61,-1,-1,-1
227,49,56.92,274.49,36.77,81.50,0.58,-1,-1,-1
227,52,74.82,322.05,45.01,79.19,0.44,-1,-1,-1
227,54,414.33,246.85,22.76,64.66,0.67,-1,-1,-1
227,57,821.17,323.27,30.35,79.34,0.49,-1,-1,-1
227,58,42.39,412.00,17.95,28.14,0.22,-1,-1,-1
227,59,1151.30,340.08,16.34,36.18,0.54,-1,-1,-1
227,60,752.31,299.32,27.87,69.61,0.73,-1,-1,-1
227,62,12.98,283.56,28.62,65.17,0.52,-1,-1,-1
227,65,483.03,243.61,19.45,42.56,0.44,-1,-1,-1
227,67,985.35,189.69,16.05,27.63,0.54,-1,-1,-1
228,3,288.73,396.63,33.66,77.21,0.61,-1,-1,-1
228,4,264.96,296.23,27.75,58.75,0.72,-1,-1,-1
228,5,385.25,566.44,42.90,68.41,0.53,-1,-1,-1
228,6,334.21,551.73,43.55,76.11,0.54,-1,-1,-1
228,7,433.53,411.04,41.54,102.11,0.56,-1,-1,-1
228,9,314.43,174.02,17.16,31.71,0.53,-1,-1,-1
228,10,330.56,389.37,37.48,104.63,0.76,-1,-1,-1
228,15,951.77,442.39,37.96,98.63,0.75,-1,-1,-1
228,17,611.30,330.04,28.92,73.89,0.62,-1,-1,-1
228,18,320.39,309.29,25.49,42.19,0.53,-1,-1,-1
228,19,884.83,285.31,25.13,36.32,0.50,-1,-1,-1
228,20,198.94,429.25,45.71,60.66,0.68,-1,-1,-1
228,21,461.01,638.04,47.14,116.53,0.54,-1,-1,-1
228,25,405.81,331.97,24.90,44.56,0.49,-1,-1,-1
228,30,446.15,624.03,31.59,60.08,0.41,-1,-1,-1
228,33,616.85,395.42,35.61,96.16,0.66,-1,-1,-1
228,35,514.65,180.67,18.61,43.35,0.41,-1,-1,-1
228,38,266.59,148.36,16.76,29.88,0.55,-1,-1,-1
228,8,171.00,357.81,30.96,44.12,0.52,-1,-1,-1
228,41,709.02,308.10,30.82,79.76,0.69,-1,-1,-1
228,42,686.10,252.05,27.40,55.43,0.51,-1,-1,-1
228,12,733.92,388.55,28.40,83.07,0.75,-1,-1,-1
228,16,978.57,341.25,30.95,82.36,0.69,-1,-1,-1
228,47,296.45,310.71,21.46,42.27,0.60,-1,-1,-1
228,49,57.66,274.53,36.54,81.34,0.64,-1,-1,-1
228,52,76.17,321.94,45.15,78.28,0.43,-1,-1,-1
228,54,415.17,246.28,22.79,64.79,0.68,-1,-1,-1
228,57,825.61,322.67,29.06,76.92,0.49,-1,-1,-1
228,58,41.77,411.57,17.62,26.98,0.24,-1,-1,-1
228,59,1151.92,340.91,16.11,35.26,0.64,-1,-1,-1
228,60,751.79,299.87,28.04,69.80,0.73,-1,-1,-1
228,62,18.26,286.89,29.48,67.09,0.51,-1,-1,-1
228,65,483.95,243.22,19.18,41.86,0.45,-1,-1,-1
228,67,987.00,190.05,16.64,28.48,0.47,-1,-1,-1
228,24,269.30,474.50,42.69,70.10,0.55,-1,-1,-1
229,3,287.87,396.51,34.25,78.55,0.61,-1,-1,-1
229,4,264.74,295.97,27.96,58.96,0.72,-1,-1,-1
229,5,383.74,566.17,43.06,68.54,0.48,-1,-1,-1
229,6,332.13,551.34,43.94,75.44,0.57,-1,-1,-1
229,7,434.24,409.48,42.29,104.38,0.62,-1,-1,-1
229,9,314.18,173.50,16.43,30.46,0.53,-1,-1,-1
229,10,330.26,389.32,37.33,104.68,0.80,-1,-1,-1
229,15,955.03,443.31,37.72,98.18,0.77,-1,-1,-1
229,17,611.08,330.51,29.18,73.86,0.74,-1,-1,-1
229,18,321.11,308.96,24.95,41.76,0.56,-1,-1,-1
229,19,887.85,285.64,24.58,35.84,0.51,-1,-1,-1
229,20,198.91,428.71,46.17,60.68,0.64,-1,-1,-1
229,21,460.00,639.42,46.07,114.58,0.60,-1,-1,-1
229,25,406.08,331.55,24.92,44.73,0.48,-1,-1,-1
229,30,444.68,623.27,30.98,57.75,0.51,-1,-1,-1
229,33,616.78,394.82,35.94,97.22,0.66,-1,-1,-1
229,35,514.89,180.75,19.71,46.48,0.58,-1,-1,-1
229,38,264.10,148.06,16.67,29.79,0.52,-1,-1,-1
229,8,170.64,357.29,31.34,44.67,0.60,-1,-1,-1
229,41,710.23,309.18,30.48,79.00,0.68,-1,-1,-1
229,42,686.85,252.51,27.18,54.64,0.55,-1,-1,-1
229,12,734.59,388.35,28.49,83.62,0.77,-1,-1,-1
229,16,980.27,340.39,31.67,83.35,0.73,-1,-1,-1
229,47,297.21,310.52,21.58,42.49,0.60,-1,-1,-1
229,49,58.14,274.09,35.01,78.52,0.59,-1,-1,-1
229,52,82.54,321.52,46.03,80.88,0.51,-1,-1,-1
229,54,415.73,246.13,22.72,64.53,0.70,-1,-1,-1
229,57,828.96,321.88,29.08,78.13,0.48,-1,-1,-1
229,58,40.24,411.60,21.07,32.43,0.29,-1,-1,-1
229,59,1152.28,341.61,16.00,34.77,0.70,-1,-1,-1
229,60,751.01,299.99,28.45,70.82,0.73,-1,-1,-1
229,62,20.94,287.03,30.37,69.50,0.47,-1,-1,-1
229,65,485.35,242.09,19.44,41.88,0.39,-1,-1,-1
229,67,987.57,190.11,16.91,28.81,0.54,-1,-1,-1
229,24,268.37,472.55,45.78,72.75,0.51,-1,-1,-1
230,3,285.92,396.09,37.86,86.86,0.60,-1,-1,-1
230,4,264.77,296.41,28.23,59.09,0.75,-1,-1,-1
230,5,377.05,566.32,44.11,71.88,0.36,-1,-1,-1
230,6,330.65,550.83,44.51,75.06,0.62,-1,-1,-1
230,7,434.15,408.95,42.46,105.10,0.72,-1,-1,-1
230,9,312.09,172.63,16.21,29.69,0.51,-1,-1,-1
230,10,330.14,389.50,36.87,103.90,0.80,-1,-1,-1
230,15,958.86,443.63,37.33,97.61,0.71,-1,-1,-1
230,17,610.26,330.96,29.61,74.57,0.74,-1,-1,-1
230,18,321.62,308.70,24.55,41.53,0.56,-1,-1,-1
230,19,886.97,285.64,25.40,36.50,0.52,-1,-1,-1
230,20,198.71,428.32,46.66,60.61,0.61,-1,-1,-1
230,21,457.89,639.65,45.72,115.36,0.61,-1,-1,-1
230,25,406.05,331.72,24.86,44.77,0.44,-1,-1,-1
230,30,440.96,622.34,35.48,65.02,0.56,-1,-1,-1
230,33,617.62,395.25,36.39,98.27,0.63,-1,-1,-1
230,35,515.88,181.13,19.78,46.96,0.59,-1,-1,-1
230,38,262.25,147.90,16.62,29.89,0.59,-1,-1,-1
230,8,171.28,357.00,31.28,44.68,0.61,-1,-1,-1
230,41,711.58,310.01,29.84,77.55,0.65,-1,-1,-1
230,42,687.60,252.83,26.88,53.60,0.53,-1,-1,-1
230,12,735.63,388.78,28.69,83.69,0.77,-1,-1,-1
230,16,981.06,340.18,32.05,83.55,0.72,-1,-1,-1
230,47,297.75,310.29,21.83,42.89,0.65,-1,-1,-1
230,49,58.18,274.05,38.42,87.32,0.58,-1,-1,-1
230,52,93.55,323.09,36.48,65.07,0.60,-1,-1,-1
230,54,415.94,246.22,22.84,64.94,0.68,-1,-1,-1
230,57,832.43,321.56,26.54,72.28,0.56,-1,-1,-1
230,58,37.66,411.40,25.01,39.19,0.36,-1,-1,-1
230,59,1152.28,341.62,16.27,35.13,0.65,-1,-1,-1
230,60,750.67,300.28,28.08,70.09,0.75,-1,-1,-1
230,62,22.13,287.18,30.63,70.59,0.49,-1,-1,-1
230,65,485.62,242.37,20.41,43.64,0.47,-1,-1,-1
230,67,989.37,189.77,17.39,29.40,0.54,-1,-1,-1
230,24,268.20,470.46,45.00,70.74,0.42,-1,-1,-1
231,3,285.32,395.90,39.38,90.45,0.63,-1,-1,-1
231,4,264.58,297.00,28.07,58.26,0.75,-1,-1,-1
231,5,374.54,566.11,43.45,72.33,0.43,-1,-1,-1
231,6,329.47,550.98,44.57,73.53,0.60,-1,-1,-1
231,7,433.27,408.75,42.17,105.21,0.74,-1,-1,-1
231,9,311.42,172.40,15.97,28.98,0.56,-1,-1,-1
231,10,329.79,389.48,36.73,103.88,0.80,-1,-1,-1
231,15,960.39,445.32,36.93,96.77,0.75,-1,-1,-1
231,17,609.44,331.37,29.84,74.87,0.73,-1,-1,-1
231,18,322.34,308.08,23.65,40.27,0.58,-1,-1,-1
231,19,886.09,285.53,26.10,36.99,0.59,-1,-1,-1
231,20,199.60,428.11,46.55,60.16,0.61,-1,-1,-1
231,21,456.22,638.70,45.35,116.38,0.55,-1,-1,-1
231,25,406.32,330.89,24.92,45.12,0.49,-1,-1,-1
231,30,441.04,622.18,40.28,72.73,0.56,-1,-1,-1
231,33,619.05,396.41,36.95,99.35,0.72,-1,-1,-1
231,35,517.01,181.17,19.78,47.35,0.60,-1,-1,-1
231,38,261.06,147.49,16.64,29.82,0.59,-1,-1,-1
231,8,171.95,356.26,31.34,45.26,0.63,-1,-1,-1
231,41,712.47,309.05,30.11,78.39,0.64,-1,-1,-1
231,42,687.87,254.22,26.95,53.41,0.55,-1,-1,-1
231,12,736.19,389.06,28.89,83.58,0.76,-1,-1,-1
231,16,981.30,340.36,32.16,83.18,0.64,-1,-1,-1
231,47,297.82,309.91,21.93,43.16,0.64,-1,-1,-1
231,49,60.55,273.60,35.11,79.60,0.59,-1,-1,-1
231,52,99.27,323.41,31.01,56.01,0.61,-1,-1,-1
231,54,416.41,246.27,22.84,64.93,0.72,-1,-1,-1
231,57,835.51,321.80,24.88,68.01,0.58,-1,-1,-1
231,58,35.60,411.06,28.68,45.86,0.41,-1,-1,-1
231,59,1152.72,341.37,16.66,35.85,0.64,-1,-1,-1
231,60,749.48,300.15,28.05,70.05,0.72,-1,-1,-1
231,62,23.30,287.56,29.69,68.56,0.56,-1,-1,-1
231,65,483.72,242.68,25.82,55.74,0.50,-1,-1,-1
231,67,989.98,190.84,17.21,29.05,0.44,-1,-1,-1
231,24,268.02,469.72,44.61,69.33,0.43,-1,-1,-1
232,3,285.02,395.71,39.95,91.96,0.64,-1,-1,-1
232,4,263.78,297.11,28.15,58.18,0.75,-1,-1,-1
232,5,373.84,565.55,42.14,71.28,0.49,-1,-1,-1
232,6,328.48,551.06,45.48,73.80,0.57,-1,-1,-1
232,7,432.46,408.55,41.86,105.53,0.74,-1,-1,-1
232,9,311.53,172.18,15.46,27.62,0.53,-1,-1,-1
232,10,329.49,389.47,36.60,103.74,0.81,-1,-1,-1
232,15,961.76,445.97,36.82,96.18,0.75,-1,-1,-1
232,17,608.91,331.76,30.37,76.14,0.69,-1,-1,-1
232,18,322.73,308.01,23.01,39.35,0.55,-1,-1,-1
232,19,886.15,285.67,26.39,37.09,0.62,-1,-1,-1
232,20,200.37,427.97,46.24,59.76,0.60,-1,-1,-1
232,21,454.40,637.66,45.24,117.50,0.25,-1,-1,-1
232,25,406.63,330.08,25.13,45.73,0.44,-1,-1,-1
232,30,441.74,621.43,46.59,84.94,0.55,-1,-1,-1
232,33,620.10,398.20,37.12,99.18,0.76,-1,-1,-1
232,35,518.55,181.04,19.64,47.47,0.48,-1,-1,-1
232,38,258.92,146.69,16.54,29.81,0.53,-1,-1,-1
232,8,172.46,356.27,30.82,44.83,0.60,-1,-1,-1
232,41,714.45,308.30,29.94,77.81,0.62,-1,-1,-1
232,42,687.90,254.89,26.87,53.20,0.58,-1,-1,-1
232,12,736.38,389.06,29.31,83.88,0.76,-1,-1,-1
232,16,981.93,340.71,32.10,82.92,0.65,-1,-1,-1
232,47,297.90,309.68,21.94,43.23,0.64,-1,-1,-1
232,49,61.14,273.40,35.85,81.85,0.60,-1,-1,-1
232,52,101.50,323.39,29.46,53.83,0.66,-1,-1,-1
232,54,416.82,246.28,22.75,64.67,0.71,-1,-1,-1
232,57,837.67,322.16,24.15,66.20,0.56,-1,-1,-1
232,58,36.40,410.64,28.99,47.26,0.47,-1,-1,-1
232,59,1153.91,341.32,17.04,36.54,0.54,-1,-1,-1
232,60,748.21,300.07,28.17,70.23,0.65,-1,-1,-1
232,62,22.96,282.24,30.39,70.05,0.52,-1,-1,-1
232,65,484.05,244.62,27.71,59.57,0.27,-1,-1,-1
232,67,990.38,190.32,17.68,29.91,0.45,-1,-1,-1
232,24,267.38,469.57,44.77,69.02,0.40,-1,-1,-1
233,3,284.84,395.68,40.17,92.52,0.65,-1,-1,-1
233,4,263.09,296.76,27.99,57.54,0.77,-1,-1,-1
233,5,373.92,565.21,41.64,71.32,0.51,-1,-1,-1
233,6,328.66,550.72,46.36,74.99,0.57,-1,-1,-1
233,7,431.29,408.28,41.11,105.21,0.69,-1,-1,-1
233,9,312.21,172.47,14.95,26.17,0.55,-1,-1,-1
233,10,329.20,389.06,36.68,104.14,0.83,-1,-1,-1
233,15,964.00,447.08,36.63,95.46,0.75,-1,-1,-1
233,17,608.68,333.36,30.53,76.43,0.68,-1,-1,-1
233,18,322.38,307.62,24.14,41.67,0.54,-1,-1,-1
233,19,886.48,285.99,26.44,36.82,0.65,-1,-1,-1
233,20,200.70,427.48,46.78,59.84,0.64,-1,-1,-1
233,21,449.92,629.12,47.07,122.95,0.57,-1,-1,-1
233,25,406.72,329.31,25.40,46.46,0.38,-1,-1,-1
233,30,444.56,620.31,42.68,77.98,0.11,-1,-1,-1
233,33,620.72,399.33,37.41,99.37,0.70,-1,-1,-1
233,35,519.87,181.42,19.42,47.35,0.54,-1,-1,-1
233,38,257.13,146.73,16.86,30.68,0.56,-1,-1,-1
233,8,173.31,355.38,31.06,45.55,0.60,-1,-1,-1
233,41,714.59,308.30,30.04,77.83,0.64,-1,-1,-1
233,42,688.27,255.31,26.74,52.97,0.60,-1,-1,-1
233,12,736.60,389.14,29.70,83.88,0.76,-1,-1,-1
233,16,984.48,341.53,30.29,78.39,0.70,-1,-1,-1
233,47,297.62,309.31,22.12,43.57,0.64,-1,-1,-1
233,49,63.43,273.15,33.03,75.32,0.65,-1,-1,-1
233,52,102.43,322.90,28.46,52.39,0.59,-1,-1,-1
233,54,417.34,246.33,22.70,64.39,0.73,-1,-1,-1
233,57,838.32,321.67,26.84,74.36,0.53,-1,-1,-1
233,58,38.49,410.01,28.11,46.48,0.46,-1,-1,-1
233,59,1154.55,342.03,16.74,36.00,0.57,-1,-1,-1
233,60,746.65,299.56,28.96,72.30,0.69,-1,-1,-1
233,62,24.04,283.01,31.02,71.63,0.53,-1,-1,-1
233,65,484.04,243.79,29.45,63.30,0.36,-1,-1,-1
233,67,992.01,191.27,17.56,29.36,0.50,-1,-1,-1
233,24,266.99,470.62,44.83,68.67,0.43,-1,-1,-1
233,68,0.00,239.77,17.79,61.05,0.59,-1,-1,-1
234,3,284.53,395.49,40.47,93.32,0.63,-1,-1,-1
234,4,261.98,296.68,27.38,56.11,0.68,-1,-1,-1
234,5,373.75,564.81,41.19,71.22,0.57,-1,-1,-1
234,6,326.99,550.06,47.51,76.33,0.58,-1,-1,-1
234,7,429.46,407.82,40.65,105.45,0.63,-1,-1,-1
234,9,311.80,172.57,15.01,25.98,0.55,-1,-1,-1
234,10,329.01,389.16,36.55,103.90,0.82,-1,-1,-1
234,15,965.99,448.04,36.62,95.39,0.78,-1,-1,-1
234,17,608.29,333.92,30.48,76.48,0.67,-1,-1,-1
234,18,322.54,307.29,23.92,41.54,0.53,-1,-1,-1
234,19,886.79,286.20,26.63,36.84,0.64,-1,-1,-1
234,20,201.41,426.88,47.44,60.12,0.58,-1,-1,-1
234,21,447.16,627.95,47.81,125.56,0.55,-1,-1,-1
234,25,408.22,329.35,25.38,46.26,0.31,-1,-1,-1
234,30,442.15,620.59,39.71,74.25,0.26,-1,-1,-1
234,33,620.83,399.98,37.69,99.31,0.74,-1,-1,-1
234,35,520.98,181.31,19.20,47.30,0.41,-1,-1,-1
234,38,255.60,146.18,16.61,30.23,0.55,-1,-1,-1
234,8,174.15,354.98,31.15,45.85,0.61,-1,-1,-1
234,41,715.21,309.68,29.40,76.07,0.71,-1,-1,-1
234,42,688.16,255.35,26.52,52.87,0.55,-1,-1,-1
234,12,736.45,388.79,30.46,84.77,0.76,-1,-1,-1
234,16,985.98,342.45,30.82,81.08,0.65,-1,-1,-1
234,47,297.25,309.07,22.14,43.45,0.63,-1,-1,-1
234,49,63.56,272.94,35.23,81.05,0.63,-1,-1,-1
234,52,102.55,323.00,28.59,53.19,0.49,-1,-1,-1
234,54,418.84,246.09,22.80,64.45,0.72,-1,-1,-1
234,57,838.07,322.39,29.09,80.74,0.67,-1,-1,-1
234,58,39.86,409.61,27.25,45.62,0.46,-1,-1,-1
234,59,1154.85,342.06,17.09,37.04,0.52,-1,-1,-1
234,60,745.36,299.59,29.03,72.37,0.61,-1,-1,-1
234,62,19.76,279.79,31.72,71.13,0.46,-1,-1,-1
234,65,483.76,243.94,29.90,63.99,0.35,-1,-1,-1
234,67,994.46,191.10,18.04,29.90,0.49,-1,-1,-1
234,24,265.73,470.86,45.54,69.04,0.47,-1,-1,-1
234,68,0.00,239.20,17.82,60.92,0.62,-1,-1,-1
235,3,284.65,395.60,40.33,93.25,0.63,-1,-1,-1
235,4,261.44,296.43,26.51,54.28,0.74,-1,-1,-1
235,5,374.20,564.84,40.94,71.04,0.59,-1,-1,-1
235,6,324.45,549.72,48.30,76.49,0.65,-1,-1,-1
235,7,428.92,407.05,40.19,105.68,0.69,-1,-1,-1
235,9,312.03,172.81,15.30,26.28,0.58,-1,-1,-1
235,10,328.76,389.16,36.46,103.70,0.81,-1,-1,-1
235,15,967.41,448.37,36.98,96.05,0.81,-1,-1,-1
235,17,608.92,334.93,30.55,76.47,0.68,-1,-1,-1
235,18,322.68,307.31,23.59,41.18,0.53,-1,-1,-1
235,19,887.19,286.50,26.64,36.59,0.65,-1,-1,-1
235,20,199.32,426.72,47.11,60.33,0.57,-1,-1,-1
235,21,446.48,634.83,45.52,119.43,0.46,-1,-1,-1
235,25,409.02,329.47,25.28,45.95,0.33,-1,-1,-1
235,30,439.94,621.52,45.12,85.87,0.53,-1,-1,-1
235,33,621.14,400.85,37.72,98.42,0.72,-1,-1,-1
235,35,522.20,180.94,17.87,44.24,0.39,-1,-1,-1
235,38,252.67,145.32,16.74,30.48,0.48,-1,-1,-1
235,8,174.39,354.77,30.81,45.73,0.65,-1,-1,-1
235,41,716.39,310.86,28.65,73.82,0.70,-1,-1,-1
235,42,689.25,253.76,26.66,53.86,0.50,-1,-1,-1
235,12,737.42,389.22,30.99,84.35,0.73,-1,-1,-1
235,16,987.90,341.45,30.88,82.98,0.68,-1,-1,-1
235,47,296.93,308.92,22.18,43.12,0.59,-1,-1,-1
235,49,64.75,272.71,34.97,80.86,0.64,-1,-1,-1
235,52,102.22,323.18,30.75,57.99,0.44,-1,-1,-1
235,54,419.68,245.87,22.95,64.68,0.72,-1,-1,-1
235,57,838.85,323.41,29.92,83.00,0.60,-1,-1,-1
235,58,40.80,409.02,26.07,44.34,0.47,-1,-1,-1
235,59,1155.00,342.49,17.33,37.70,0.53,-1,-1,-1
235,60,743.72,299.39,29.22,72.90,0.58,-1,-1,-1
235,62,21.16,275.84,32.91,73.74,0.47,-1,-1,-1
235,65,484.73,247.19,28.38,60.55,0.15,-1,-1,-1
235,67,995.96,191.43,18.23,29.90,0.47,-1,-1,-1
235,24,264.92,472.67,43.20,65.90,0.37,-1,-1,-1
235,68,0.10,238.61,18.51,62.04,0.60,-1,-1,-1
236,3,284.40,395.47,40.22,93.43,0.65,-1,-1,-1
236,4,259.96,294.86,26.54,54.41,0.72,-1,-1,-1
236,5,374.24,565.11,40.30,69.95,0.58,-1,-1,-1
236,6,323.45,548.88,48.53,75.91,0.58,-1,-1,-1
236,7,428.28,407.36,39.35,104.20,0.62,-1,-1,-1
236,9,312.19,173.88,15.10,25.59,0.56,-1,-1,-1
236,10,328.21,388.55,36.71,104.38,0.80,-1,-1,-1
236,15,968.60,448.50,37.74,97.01,0.76,-1,-1,-1
236,17,609.28,335.42,30.98,77.51,0.73,-1,-1,-1
236,18,324.78,307.59,23.86,41.08,0.45,-1,-1,-1
236,19,887.37,286.32,26.95,36.79,0.60,-1,-1,-1
236,20,202.35,426.06,45.11,58.81,0.55,-1,-1,-1
236,21,443.84,633.96,45.85,121.15,0.55,-1,-1,-1
236,25,409.48,329.37,25.40,46.07,0.34,-1,-1,-1
236,30,439.21,622.23,44.56,85.50,0.43,-1,-1,-1
236,33,621.32,401.17,37.99,97.94,0.67,-1,-1,-1
236,35,523.00,180.23,17.55,43.71,0.38,-1,-1,-1
236,38,250.61,146.09,15.94,29.26,0.42,-1,-1,-1
236,8,174.83,354.85,30.51,45.58,0.67,-1,-1,-1
236,41,719.04,310.93,28.54,73.73,0.64,-1,-1,-1
236,42,690.04,253.15,26.41,53.95,0.51,-1,-1,-1
236,12,737.73,389.51,31.19,83.50,0.66,-1,-1,-1
236,16,989.97,341.60,29.68,81.05,0.63,-1,-1,-1
236,47,297.64,308.85,22.24,43.05,0.55,-1,-1,-1
236,49,66.14,272.60,33.29,76.82,0.64,-1,-1,-1
236,52,101.82,323.26,31.62,60.62,0.43,-1,-1,-1
236,54,420.39,245.72,23.14,65.15,0.70,-1,-1,-1
236,57,839.68,325.18,29.57,82.15,0.61,-1,-1,-1
236,58,42.50,409.78,24.60,42.64,0.44,-1,-1,-1
236,59,1155.45,343.57,16.85,36.56,0.61,-1,-1,-1
236,60,742.61,299.11,28.09,70.18,0.59,-1,-1,-1
236,62,22.95,274.25,32.78,73.80,0.57,-1,-1,-1
236,65,485.76,246.10,28.52,61.63,0.41,-1,-1,-1
236,67,997.12,191.57,18.72,30.26,0.32,-1,-1,-1
236,24,264.03,474.31,39.40,59.95,0.39,-1,-1,-1
236,68,0.25,238.87,19.42,65.05,0.60,-1,-1,-1
237,3,283.95,395.05,40.14,93.61,0.69,-1,-1,-1
237,4,258.50,292.71,27.15,55.91,0.73,-1,-1,-1
237,5,373.96,565.07,39.97,69.21,0.52,-1,-1,-1
237,6,320.57,548.06,50.07,77.74,0.51,-1,-1,-1
237,7,426.18,408.50,38.83,101.97,0.66,-1,-1,-1
237,9,311.70,175.32,14.28,23.67,0.53,-1,-1,-1
237,10,327.81,388.60,36.67,104.03,0.77,-1,-1,-1
237,15,968.29,448.70,38.67,97.20,0.78,-1,-1,-1
237,17,609.41,336.13,31.50,78.81,0.74,-1,-1,-1
237,18,325.78,307.63,23.53,40.01,0.49,-1,-1,-1
237,19,888.10,286.42,27.12,36.92,0.58,-1,-1,-1
237,20,200.82,425.79,45.22,59.34,0.55,-1,-1,-1
237,21,442.04,632.30,45.69,121.71,0.63,-1,-1,-1
237,25,409.63,329.47,25.52,46.26,0.36,-1,-1,-1
237,30,437.81,622.50,41.40,79.48,0.39,-1,-1,-1
237,33,623.68,401.79,36.91,95.09,0.64,-1,-1,-1
237,35,523.97,180.10,17.40,43.45,0.40,-1,-1,-1
237,38,248.76,146.73,15.32,28.32,0.39,-1,-1,-1
237,8,175.24,354.74,30.35,45.65,0.66,-1,-1,-1
237,41,720.14,310.33,28.89,74.35,0.62,-1,-1,-1
237,42,690.45,252.81,26.07,53.86,0.53,-1,-1,-1
237,12,740.11,389.47,29.85,79.77,0.67,-1,-1,-1
237,16,991.16,342.27,29.06,80.92,0.63,-1,-1,-1
237,47,298.10,308.75,22.04,42.63,0.56,-1,-1,-1
237,49,66.66,272.25,32.57,75.01,0.64,-1,-1,-1
237,52,101.95,322.71,31.69,61.53,0.39,-1,-1,-1
237,54,420.82,245.41,23.20,65.35,0.68,-1,-1,-1
237,57,841.20,326.66,28.92,81.05,0.56,-1,-1,-1
237,58,42.85,408.78,24.34,42.71,0.50,-1,-1,-1
237,59,1155.94,344.07,16.40,35.43,0.62,-1,-1,-1
237,60,739.49,298.98,27.93,70.33,0.53,-1,-1,-1
237,62,24.30,273.37,32.88,74.69,0.53,-1,-1,-1
237,65,483.04,245.05,29.58,62.75,0.24,-1,-1,-1
237,67,997.45,191.53,18.89,30.15,0.40,-1,-1,-1
237,24,263.21,474.92,38.27,58.88,0.48,-1,-1,-1
237,68,1.07,238.77,19.12,63.64,0.59,-1,-1,-1
238,3,283.22,394.69,39.80,93.41,0.67,-1,-1,-1
238,4,258.03,292.01,26.91,55.84,0.75,-1,-1,-1
238,5,372.77,564.81,40.00,68.75,0.60,-1,-1,-1
238,6,318.21,548.54,51.16,79.22,0.44,-1,-1,-1
238,7,423.24,409.54,39.27,101.22,0.66,-1,-1,-1
238,9,311.43,176.37,13.89,22.65,0.51,-1,-1,-1
238,10,326.62,388.16,37.11,104.81,0.75,-1,-1,-1
238,15,968.62,449.15,39.40,97.40,0.78,-1,-1,-1
238,17,609.41,336.37,31.94,80.17,0.72,-1,-1,-1
238,18,325.99,307.69,23.84,40.10,0.47,-1,-1,-1
238,19,889.01,286.99,26.55,36.01,0.55,-1,-1,-1
238,20,203.49,425.33,43.68,58.26,0.53,-1,-1,-1
238,21,440.21,633.41,45.07,121.55,0.72,-1,-1,-1
238,25,409.62,329.71,25.33,45.86,0.34,-1,-1,-1
238,30,434.96,623.65,33.90,64.02,0.57,-1,-1,-1
238,33,624.59,401.91,36.90,95.08,0.65,-1,-1,-1
238,35,524.69,180.33,17.64,44.15,0.38,-1,-1,-1
238,38,248.86,144.68,15.88,29.82,0.43,-1,-1,-1
238,8,175.40,354.62,30.39,46.01,0.65,-1,-1,-1
238,41,721.39,309.63,29.76,75.49,0.59,-1,-1,-1
238,42,690.98,252.69,25.69,53.56,0.47,-1,-1,-1
238,12,739.05,388.47,32.14,83.40,0.68,-1,-1,-1
238,16,991.74,342.55,28.78,81.41,0.59,-1,-1,-1
238,47,298.66,308.81,22.05,42.66,0.54,-1,-1,-1
238,49,67.49,272.01,32.26,73.99,0.66,-1,-1,-1
238,52,102.23,322.29,33.85,66.76,0.33,-1,-1,-1
238,54,421.16,245.22,23.17,65.34,0.67,-1,-1,-1
238,57,845.78,326.84,28.24,78.77,0.47,-1,-1,-1
238,58,43.64,408.51,23.67,41.83,0.51,-1,-1,-1
238,59,1156.06,345.83,16.18,34.93,0.62,-1,-1,-1
238,60,736.22,298.60,27.90,70.56,0.49,-1,-1,-1
238,62,25.02,271.23,33.09,75.77,0.58,-1,-1,-1
238,65,479.80,245.02,30.89,63.04,0.17,-1,-1,-1
238,67,997.95,191.65,18.94,29.92,0.38,-1,-1,-1
238,24,262.62,475.00,38.72,60.44,0.54,-1,-1,-1
238,68,2.05,239.40,18.30,60.17,0.59,-1,-1,-1
239,3,282.64,394.15,39.65,93.77,0.68,-1,-1,-1
239,4,257.53,291.01,26.96,56.23,0.77,-1,-1,-1
239,5,372.05,564.40,40.31,69.07,0.62,-1,-1,-1
239,6,315.53,551.16,50.01,77.36,0.11,-1,-1,-1
239,7,422.64,410.07,39.47,100.58,0.46,-1,-1,-1
239,9,311.27,177.06,13.99,22.40,0.48,-1,-1,-1
239,10,326.52,388.36,37.19,104.81,0.74,-1,-1,-1
239,15,969.55,448.98,40.26,98.82,0.80,-1,-1,-1
239,17,609.89,336.55,32.01,80.30,0.73,-1,-1,-1
239,18,326.22,307.22,23.95,40.09,0.49,-1,-1,-1
239,19,889.33,287.45,26.64,36.06,0.55,-1,-1,-1
239,20,204.33,424.78,43.12,58.35,0.52,-1,-1,-1
239,21,437.72,631.71,45.27,123.59,0.66,-1,-1,-1
239,25,409.85,330.22,25.14,45.36,0.34,-1,-1,-1
239,30,434.11,624.54,29.74,54.79,0.52,-1,-1,-1
239,33,624.52,403.60,37.23,96.45,0.65,-1,-1,-1
239,35,525.12,180.70,17.90,44.92,0.31,-1,-1,-1
239,38,249.60,147.04,14.94,28.16,0.28,-1,-1,-1
239,8,175.59,354.40,30.39,46.13,0.61,-1,-1,-1
239,41,721.38,308.45,30.44,76.45,0.51,-1,-1,-1
239,42,691.75,253.39,26.12,54.42,0.50,-1,-1,-1
239,12,738.59,388.14,33.51,84.73,0.71,-1,-1,-1
239,16,991.65,342.41,28.75,82.11,0.63,-1,-1,-1
239,47,299.20,308.70,22.04,42.75,0.53,-1,-1,-1
239,49,68.51,271.58,31.85,72.45,0.65,-1,-1,-1
239,52,101.22,321.46,36.53,73.64,0.30,-1,-1,-1
239,54,421.15,244.29,23.34,66.19,0.68,-1,-1,-1
239,57,848.84,327.80,27.97,78.43,0.58,-1,-1,-1
239,58,44.32,408.44,23.22,41.45,0.55,-1,-1,-1
239,59,1155.62,345.63,17.28,37.55,0.49,-1,-1,-1
239,60,734.00,298.27,27.75,70.24,0.47,-1,-1,-1
239,62,25.32,270.53,32.37,74.43,0.61,-1,-1,-1
239,65,482.17,245.87,30.65,62.30,0.20,-1,-1,-1
239,67,998.41,192.01,18.86,29.80,0.51,-1,-1,-1
239,24,262.55,475.08,38.29,60.84,0.52,-1,-1,-1
239,68,2.82,239.68,18.03,58.22,0.52,-1,-1,-1
240,3,282.29,394.53,38.05,90.47,0.66,-1,-1,-1
240,4,257.45,290.13,27.01,56.82,0.71,-1,-1,-1
240,5,371.82,564.03,40.32,69.00,0.64,-1,-1,-1
240,6,318.57,547.23,51.06,79.96,0.42,-1,-1,-1
240,7,422.78,410.15,39.55,100.03,0.44,-1,-1,-1
240,9,310.99,177.39,13.82,21.79,0.46,-1,-1,-1
240,10,325.54,387.83,37.51,105.23,0.73,-1,-1,-1
240,15,970.03,449.52,40.69,99.46,0.79,-1,-1,-1
240,17,610.46,337.13,32.11,80.61,0.74,-1,-1,-1
240,18,326.72,306.99,24.26,40.23,0.52,-1,-1,-1
240,19,889.29,287.54,26.91,36.44,0.59,-1,-1,-1
240,20,205.00,424.29,42.35,58.30,0.52,-1,-1,-1
240,21,435.79,631.73,45.00,123.71,0.67,-1,-1,-1
240,25,409.99,330.28,25.22,45.33,0.35,-1,-1,-1
240,30,432.46,624.75,29.18,52.57,0.50,-1,-1,-1
240,33,625.99,403.53,36.81,95.40,0.70,-1,-1,-1
240,35,528.08,179.87,14.06,33.77,0.30,-1,-1,-1
240,38,250.85,145.75,15.55,29.42,0.17,-1,-1,-1
240,8,175.65,354.16,30.47,46.53,0.63,-1,-1,-1
240,41,722.29,302.60,32.72,82.14,0.53,-1,-1,-1
240,42,692.33,253.94,26.04,54.28,0.49,-1,-1,-1
240,12,739.57,387.95,34.06,84.99,0.74,-1,-1,-1
240,16,991.97,342.22,28.59,82.19,0.57,-1,-1,-1
240,47,299.27,308.80,22.05,42.68,0.49,-1,-1,-1
240,49,69.40,271.50,31.73,71.58,0.65,-1,-1,-1
240,52,101.97,321.38,34.00,69.46,0.18,-1,-1,-1
240,54,421.45,243.99,23.21,66.13,0.66,-1,-1,-1
240,57,850.65,328.57,27.71,77.97,0.64,-1,-1,-1
240,58,44.77,408.29,22.19,39.93,0.56,-1,-1,-1
240,59,1155.51,344.80,17.96,39.43,0.43,-1,-1,-1
240,62,23.75,271.33,32.07,71.99,0.59,-1,-1,-1
240,67,998.97,192.39,19.16,30.38,0.56,-1,-1,-1
240,24,262.43,475.18,37.92,61.48,0.46,-1,-1,-1
240,68,3.44,239.39,18.21,57.58,0.54,-1,-1,-1
240,69,521.81,715.31,41.24,40.25,0.54,-1,-1,-1
241,3,282.02,394.60,36.73,87.90,0.67,-1,-1,-1
241,4,257.31,289.01,26.54,56.37,0.69,-1,-1,-1
241,5,370.83,563.83,40.44,69.16,0.57,-1,-1,-1
241,6,319.86,564.10,50.00,71.40,0.55,-1,-1,-1
241,7,419.97,411.31,38.83,98.90,0.67,-1,-1,-1
241,9,311.68,177.47,14.09,21.48,0.45,-1,-1,-1
241,10,324.99,387.69,37.65,105.24,0.71,-1,-1,-1
241,15,970.38,450.69,40.74,99.34,0.80,-1,-1,-1
241,17,610.25,338.14,32.84,82.60,0.72,-1,-1,-1
241,18,327.03,307.01,24.06,39.45,0.51,-1,-1,-1
241,19,889.45,288.00,26.68,36.02,0.59,-1,-1,-1
241,20,202.69,424.10,43.02,59.65,0.47,-1,-1,-1
241,21,433.13,631.60,45.05,124.24,0.66,-1,-1,-1
241,25,410.33,330.88,24.85,44.43,0.33,-1,-1,-1
241,30,429.39,624.91,31.42,56.46,0.48,-1,-1,-1
241,33,626.14,403.46,38.20,99.67,0.72,-1,-1,-1
241,35,529.49,179.79,14.55,34.41,0.31,-1,-1,-1
241,8,174.71,354.30,30.44,45.95,0.60,-1,-1,-1
241,41,721.82,299.59,33.88,85.71,0.60,-1,-1,-1
241,42,692.43,254.11,26.30,54.71,0.49,-1,-1,-1
241,12,743.22,388.08,33.84,85.15,0.70,-1,-1,-1
241,16,992.57,343.22,27.98,80.31,0.58,-1,-1,-1
241,47,299.51,308.98,22.05,42.57,0.47,-1,-1,-1
241,49,70.45,271.43,31.15,69.34,0.65,-1,-1,-1
241,52,109.55,321.23,27.21,54.04,0.52,-1,-1,-1
241,54,422.25,244.94,22.75,64.88,0.64,-1,-1,-1
241,57,852.21,328.78,27.70,78.21,0.67,-1,-1,-1
241,58,44.08,407.64,22.12,40.17,0.50,-1,-1,-1
241,59,1156.35,345.67,17.46,38.60,0.43,-1,-1,-1
241,62,24.20,271.45,32.17,71.06,0.55,-1,-1,-1
241,67,999.41,192.43,19.20,30.50,0.44,-1,-1,-1
241,24,261.31,475.08,37.41,61.16,0.38,-1,-1,-1
241,68,4.19,239.31,19.46,60.22,0.59,-1,-1,-1
241,69,518.92,714.85,40.80,39.79,0.53,-1,-1,-1
242,3,282.40,394.66,33.79,81.07,0.68,-1,-1,-1
242,4,256.20,286.87,27.01,57.74,0.70,-1,-1,-1
242,5,369.78,564.27,40.20,68.75,0.59,-1,-1,-1
242,6,318.83,571.54,51.10,67.59,0.58,-1,-1,-1
242,7,416.76,411.72,38.20,98.56,0.72,-1,-1,-1
242,9,311.86,177.28,14.60,21.67,0.46,-1,-1,-1
242,10,324.10,387.76,37.79,105.03,0.71,-1,-1,-1
242,15,969.96,451.01,40.99,99.89,0.82,-1,-1,-1
242,17,610.59,339.71,33.49,84.80,0.69,-1,-1,-1
242,18,327.22,307.22,24.03,39.07,0.53,-1,-1,-1
242,19,889.36,288.07,26.75,36.05,0.63,-1,-1,-1
242,20,201.92,423.83,42.96,59.76,0.49,-1,-1,-1
242,21,429.52,628.08,46.17,127.91,0.58,-1,-1,-1
242,25,410.32,331.03,24.76,44.09,0.33,-1,-1,-1
242,30,429.71,624.51,35.95,64.75,0.27,-1,-1,-1
242,33,626.12,404.14,39.99,105.53,0.70,-1,-1,-1
242,35,529.91,180.57,16.38,38.83,0.37,-1,-1,-1
242,8,173.66,354.03,30.79,45.85,0.61,-1,-1,-1
242,41,720.78,298.68,34.00,86.83,0.65,-1,-1,-1
242,42,692.84,254.47,26.22,54.46,0.48,-1,-1,-1
242,12,745.65,388.08,33.46,85.10,0.72,-1,-1,-1
242,16,992.07,345.27,27.70,77.94,0.57,-1,-1,-1
242,47,299.65,309.22,21.88,42.10,0.45,-1,-1,-1
242,49,70.91,271.26,31.18,68.52,0.64,-1,-1,-1
242,52,111.68,321.14,25.37,49.59,0.51,-1,-1,-1
242,54,422.64,245.31,22.51,64.29,0.64,-1,-1,-1
242,57,853.63,329.47,27.45,77.45,0.73,-1,-1,-1
242,58,43.39,407.34,21.93,40.48,0.48,-1,-1,-1
242,59,1156.67,346.02,17.18,38.24,0.38,-1,-1,-1
242,62,24.74,271.27,32.57,71.31,0.54,-1,-1,-1
242,67,1000.79,192.76,19.61,30.72,0.44,-1,-1,-1
242,24,260.24,474.99,38.30,62.38,0.42,-1,-1,-1
242,68,4.27,238.69,20.69,63.05,0.54,-1,-1,-1
242,69,515.05,715.10,40.78,39.73,0.57,-1,-1,-1
242,70,239.39,144.41,16.84,31.24,0.59,-1,-1,-1
243,3,281.98,394.33,33.31,80.38,0.69,-1,-1,-1
243,4,255.44,285.56,27.20,58.57,0.69,-1,-1,-1
243,5,368.06,564.16,40.24,69.00,0.39,-1,-1,-1
243,6,316.44,573.10,53.98,67.36,0.43,-1,-1,-1
243,7,414.88,412.17,37.78,97.96,0.72,-1,-1,-1
243,9,312.10,177.04,15.32,22.09,0.47,-1,-1,-1
243,10,323.78,388.02,37.85,104.74,0.67,-1,-1,-1
243,15,969.32,452.34,40.79,99.29,0.82,-1,-1,-1
243,17,610.72,341.19,33.82,86.28,0.68,-1,-1,-1
243,18,327.02,307.44,24.85,40.04,0.51,-1,-1,-1
243,19,889.49,288.41,27.00,36.36,0.61,-1,-1,-1
243,20,202.15,423.38,42.55,59.45,0.54,-1,-1,-1
243,21,426.36,625.80,46.27,128.23,0.67,-1,-1,-1
243,25,410.18,330.93,24.96,44.28,0.35,-1,-1,-1
243,30,431.40,624.83,36.60,65.67,0.12,-1,-1,-1
243,33,626.30,406.18,40.24,107.07,0.61,-1,-1,-1
243,35,530.23,180.76,17.43,41.56,0.43,-1,-1,-1
243,8,173.76,354.06,30.99,45.75,0.61,-1,-1,-1
243,41,719.57,299.29,33.78,86.69,0.69,-1,-1,-1
243,42,693.31,254.80,26.16,54.25,0.52,-1,-1,-1
243,12,746.88,389.08,33.24,85.66,0.74,-1,-1,-1
243,16,993.73,347.89,27.37,75.90,0.59,-1,-1,-1
243,47,299.83,309.40,21.59,40.86,0.47,-1,-1,-1
243,49,70.89,270.70,31.44,68.93,0.64,-1,-1,-1
243,52,113.08,320.94,24.07,45.90,0.56,-1,-1,-1
243,54,423.05,245.47,22.39,64.11,0.63,-1,-1,-1
243,57,854.80,330.72,27.19,76.13,0.74,-1,-1,-1
243,58,43.25,407.18,21.62,40.43,0.50,-1,-1,-1
243,59,1157.17,346.72,17.02,38.16,0.40,-1,-1,-1
243,62,24.49,271.33,33.28,72.13,0.64,-1,-1,-1
243,67,1001.56,192.70,19.92,31.29,0.53,-1,-1,-1
243,24,259.84,474.77,39.06,63.86,0.51,-1,-1,-1
243,68,5.02,238.33,21.15,63.13,0.52,-1,-1,-1
243,69,511.37,714.68,41.12,39.99,0.56,-1,-1,-1
243,70,239.05,144.17,16.94,31.49,0.60,-1,-1,-1
244,3,282.05,394.07,32.05,77.45,0.69,-1,-1,-1
244,4,254.62,285.56,27.16,58.96,0.69,-1,-1,-1
244,5,362.89,563.87,39.75,68.90,0.52,-1,-1,-1
244,6,310.92,553.74,57.85,72.58,0.52,-1,-1,-1
244,7,413.15,412.81,37.54,97.26,0.61,-1,-1,-1
244,9,312.35,176.85,15.50,22.09,0.47,-1,-1,-1
244,10,323.59,388.03,37.90,104.59,0.70,-1,-1,-1
244,15,968.06,453.59,41.26,100.65,0.81,-1,-1,-1
244,17,610.89,343.52,33.22,84.79,0.69,-1,-1,-1
244,18,326.91,307.54,25.26,40.53,0.52,-1,-1,-1
244,19,889.72,288.56,27.17,36.53,0.58,-1,-1,-1
244,20,202.03,423.03,42.12,59.39,0.56,-1,-1,-1
244,21,424.40,624.84,46.41,128.94,0.69,-1,-1,-1
244,25,409.89,330.97,24.95,44.12,0.34,-1,-1,-1
244,33,627.11,407.75,37.54,99.69,0.59,-1,-1,-1
244,35,530.73,181.25,17.50,41.90,0.45,-1,-1,-1
244,8,173.40,353.87,31.17,45.48,0.60,-1,-1,-1
244,41,718.59,299.82,33.49,86.50,0.69,-1,-1,-1
244,42,693.63,255.05,26.14,54.08,0.51,-1,-1,-1
244,12,748.52,388.88,33.09,85.92,0.77,-1,-1,-1
244,16,991.49,349.23,28.06,75.13,0.59,-1,-1,-1
244,47,300.17,309.54,21.71,40.56,0.46,-1,-1,-1
244,49,70.69,270.64,32.72,71.89,0.64,-1,-1,-1
244,52,112.51,321.00,25.14,47.50,0.50,-1,-1,-1
244,54,422.55,245.86,22.05,62.97,0.64,-1,-1,-1
244,57,856.04,331.97,26.89,74.79,0.73,-1,-1,-1
244,58,45.08,409.12,21.01,39.65,0.48,-1,-1,-1
244,59,1157.69,347.36,16.80,37.65,0.43,-1,-1,-1
244,62,25.73,271.22,33.61,72.78,0.64,-1,-1,-1
244,67,1002.10,193.22,19.71,31.06,0.57,-1,-1,-1
244,24,258.25,474.46,39.53,64.54,0.44,-1,-1,-1
244,68,6.98,238.66,21.93,64.28,0.55,-1,-1,-1
244,69,507.36,714.30,41.35,40.16,0.57,-1,-1,-1
244,70,238.77,144.30,16.42,30.62,0.61,-1,-1,-1
244,65,492.68,265.09,19.95,40.57,0.57,-1,-1,-1
245,3,280.70,393.54,33.88,82.64,0.70,-1,-1,-1
245,4,253.90,285.92,26.53,58.11,0.71,-1,-1,-1
245,5,359.77,563.44,40.09,69.92,0.61,-1,-1,-1
245,6,305.20,546.01,62.05,78.31,0.58,-1,-1,-1
245,7,412.13,412.46,37.88,97.55,0.59,-1,-1,-1
245,9,313.74,176.87,15.51,21.89,0.47,-1,-1,-1
245,10,322.88,388.07,38.00,104.60,0.70,-1,-1,-1
245,15,966.66,455.01,40.70,99.33,0.80,-1,-1,-1
245,17,610.97,344.73,33.19,85.41,0.71,-1,-1,-1
245,18,326.99,307.44,24.93,39.89,0.51,-1,-1,-1
245,19,889.66,288.77,27.53,37.14,0.57,-1,-1,-1
245,20,202.18,422.99,41.53,59.30,0.54,-1,-1,-1
245,21,423.14,625.94,46.12,128.99,0.71,-1,-1,-1
245,25,409.67,330.82,25.25,44.33,0.29,-1,-1,-1
245,33,626.43,409.69,38.94,104.16,0.64,-1,-1,-1
245,35,529.92,182.10,18.39,44.57,0.45,-1,-1,-1
245,8,172.54,353.76,31.62,45.42,0.60,-1,-1,-1
245,41,717.13,300.16,32.65,84.82,0.67,-1,-1,-1
245,42,693.37,253.64,27.18,56.32,0.54,-1,-1,-1
245,12,750.39,388.70,33.24,86.19,0.70,-1,-1,-1
245,16,991.85,352.51,28.06,72.82,0.61,-1,-1,-1
245,47,299.10,309.00,22.93,41.66,0.47,-1,-1,-1
245,49,71.09,270.63,33.15,72.87,0.63,-1,-1,-1
245,52,111.98,320.95,25.71,48.28,0.46,-1,-1,-1
245,54,423.20,245.97,22.06,63.12,0.64,-1,-1,-1
245,57,857.12,333.21,26.54,73.26,0.72,-1,-1,-1
245,58,45.53,409.02,21.30,40.31,0.46,-1,-1,-1
245,59,1157.83,347.73,16.70,37.47,0.44,-1,-1,-1
245,62,27.21,271.01,33.47,72.86,0.55,-1,-1,-1
245,67,1002.92,193.66,19.39,30.71,0.52,-1,-1,-1
245,24,255.41,474.17,39.74,64.61,0.55,-1,-1,-1
245,68,7.85,238.57,22.32,64.67,0.56,-1,-1,-1
245,69,503.29,714.08,41.75,40.42,0.52,-1,-1,-1
245,70,238.39,144.38,16.70,31.15,0.60,-1,-1,-1
245,71,1295.89,386.93,15.58,36.25,0.66,-1,-1,-1
246,3,279.09,393.47,36.02,88.89,0.71,-1,-1,-1
246,4,253.16,285.46,26.64,58.84,0.69,-1,-1,-1
246,5,358.64,563.25,40.15,70.04,0.67,-1,-1,-1
246,6,304.84,542.81,60.91,77.22,0.58,-1,-1,-1
246,7,409.77,412.54,37.89,97.38,0.57,-1,-1,-1
246,9,314.14,176.79,15.72,22.24,0.43,-1,-1,-1
246,10,322.43,387.91,38.19,104.93,0.69,-1,-1,-1
246,15,964.98,455.85,40.40,99.02,0.77,-1,-1,-1
246,17,610.72,345.91,32.91,85.09,0.73,-1,-1,-1
246,18,326.96,307.33,25.20,40.33,0.50,-1,-1,-1
246,19,889.64,289.00,27.54,37.28,0.56,-1,-1,-1
246,20,203.13,422.85,40.85,59.04,0.53,-1,-1,-1
246,21,420.95,625.20,45.50,127.70,0.72,-1,-1,-1
246,25,407.52,331.57,24.93,44.12,0.36,-1,-1,-1
246,33,625.74,411.32,38.48,103.52,0.71,-1,-1,-1
246,35,529.85,182.64,18.50,45.28,0.42,-1,-1,-1
246,8,171.87,353.61,32.02,45.63,0.59,-1,-1,-1
246,41,715.89,301.62,31.32,81.34,0.66,-1,-1,-1
246,42,693.21,254.34,26.96,55.68,0.51,-1,-1,-1
246,12,751.54,388.44,33.36,85.78,0.73,-1,-1,-1
246,16,993.42,357.29,27.16,68.49,0.59,-1,-1,-1
246,47,298.45,308.85,23.18,41.75,0.48,-1,-1,-1
246,49,71.45,270.72,33.31,73.31,0.61,-1,-1,-1
246,52,110.76,320.81,27.55,51.98,0.46,-1,-1,-1
246,54,423.45,245.95,22.07,63.21,0.64,-1,-1,-1
246,57,857.36,334.04,26.39,72.21,0.70,-1,-1,-1
246,58,44.98,408.42,22.30,42.27,0.46,-1,-1,-1
246,59,1157.78,347.95,16.59,37.25,0.42,-1,-1,-1
246,62,27.90,270.50,33.21,72.57,0.55,-1,-1,-1
246,67,1004.09,193.19,19.91,31.35,0.48,-1,-1,-1
246,24,254.19,473.84,38.50,62.35,0.53,-1,-1,-1
246,68,8.74,238.83,22.20,63.60,0.52,-1,-1,-1
246,69,497.95,714.56,41.43,40.16,0.59,-1,-1,-1
246,70,238.43,144.27,17.11,31.98,0.59,-1,-1,-1
246,71,1295.88,386.86,15.67,36.49,0.57,-1,-1,-1
247,3,278.00,393.71,36.89,91.77,0.67,-1,-1,-1
247,4,252.56,282.57,27.42,60.88,0.68,-1,-1,-1
247,5,357.83,563.08,39.96,69.83,0.72,-1,-1,-1
247,6,306.28,541.52,58.82,75.29,0.51,-1,-1,-1
247,7,405.84,413.95,37.34,95.59,0.72,-1,-1,-1
247,9,314.78,176.58,15.83,22.51,0.49,-1,-1,-1
247,10,321.39,387.74,38.39,105.11,0.69,-1,-1,-1
247,15,964.30,456.56,39.84,98.29,0.78,-1,-1,-1
247,17,610.73,347.46,32.05,82.94,0.74,-1,-1,-1
247,18,327.04,307.13,25.44,40.61,0.52,-1,-1,-1
247,19,889.60,289.00,27.56,37.45,0.57,-1,-1,-1
247,20,202.33,422.54,40.74,59.59,0.52,-1,-1,-1
247,21,417.99,626.45,45.40,127.32,0.76,-1,-1,-1
247,25,406.94,331.74,24.12,42.95,0.44,-1,-1,-1
247,33,625.58,413.12,37.79,101.97,0.74,-1,-1,-1
247,35,530.10,182.04,18.74,46.33,0.42,-1,-1,-1
247,8,170.53,353.42,32.49,45.36,0.56,-1,-1,-1
247,41,713.70,303.57,31.41,81.31,0.61,-1,-1,-1
247,42,693.27,254.64,27.10,55.75,0.53,-1,-1,-1
247,12,751.73,388.35,33.66,85.66,0.70,-1,-1,-1
247,16,992.53,359.26,27.56,67.01,0.59,-1,-1,-1
247,47,298.35,308.76,23.39,41.79,0.48,-1,-1,-1
247,49,72.21,270.78,32.61,71.54,0.61,-1,-1,-1
247,52,109.83,320.72,29.16,55.40,0.45,-1,-1,-1
247,54,422.65,246.29,21.92,62.51,0.64,-1,-1,-1
247,57,857.56,336.01,25.85,69.86,0.73,-1,-1,-1
247,58,44.20,409.22,22.63,42.93,0.41,-1,-1,-1
247,59,1157.90,348.54,16.26,36.50,0.43,-1,-1,-1
247,62,28.23,270.11,33.10,72.55,0.54,-1,-1,-1
247,67,1006.53,193.61,20.97,32.94,0.50,-1,-1,-1
247,24,253.26,473.34,39.47,63.87,0.56,-1,-1,-1
247,68,9.30,238.89,22.18,62.90,0.52,-1,-1,-1
247,69,493.21,714.81,41.03,39.71,0.50,-1,-1,-1
247,70,238.29,144.48,16.44,30.83,0.56,-1,-1,-1
247,71,1295.44,386.71,16.08,37.48,0.29,-1,-1,-1
247,73,18.71,115.88,17.55,37.56,0.54,-1,-1,-1
248,3,276.78,393.17,37.09,92.56,0.66,-1,-1,-1
248,4,251.59,280.81,26.96,60.48,0.70,-1,-1,-1
248,5,357.08,563.37,39.58,69.11,0.73,-1,-1,-1
248,6,305.64,542.02,58.32,75.59,0.55,-1,-1,-1
248,7,401.60,414.16,37.02,95.35,0.78,-1,-1,-1
248,9,315.49,176.46,15.66,22.44,0.51,-1,-1,-1
248,10,321.21,388.98,38.00,103.87,0.69,-1,-1,-1
248,15,958.50,456.44,40.96,98.70,0.71,-1,-1,-1
248,17,611.15,348.65,31.40,81.27,0.73,-1,-1,-1
248,18,326.90,306.81,25.73,40.91,0.52,-1,-1,-1
248,19,889.83,289.26,27.47,37.37,0.50,-1,-1,-1
248,20,201.85,422.33,40.18,59.35,0.53,-1,-1,-1
248,21,414.93,627.25,45.75,127.48,0.73,-1,-1,-1
248,25,406.68,332.54,23.38,41.81,0.48,-1,-1,-1
248,33,625.40,415.25,36.80,99.73,0.73,-1,-1,-1
248,35,530.65,181.21,18.40,45.85,0.40,-1,-1,-1
248,8,169.84,353.22,32.92,45.34,0.58,-1,-1,-1
248,41,712.60,304.82,31.06,79.54,0.58,-1,-1,-1
248,42,693.37,254.57,27.32,55.98,0.52,-1,-1,-1
248,12,751.80,388.57,33.88,85.44,0.72,-1,-1,-1
248,16,992.32,359.95,27.96,66.30,0.52,-1,-1,-1
248,47,298.15,308.50,23.39,41.39,0.49,-1,-1,-1
248,49,72.53,270.67,32.72,71.78,0.63,-1,-1,-1
248,52,110.24,320.61,28.12,53.36,0.42,-1,-1,-1
248,54,423.12,246.04,22.13,63.13,0.64,-1,-1,-1
248,57,856.77,337.96,25.39,67.25,0.75,-1,-1,-1
248,58,43.96,409.31,22.60,42.96,0.39,-1,-1,-1
248,59,1158.07,349.88,15.70,34.92,0.44,-1,-1,-1
248,62,27.53,270.70,31.74,69.16,0.56,-1,-1,-1
248,67,1006.24,193.94,20.53,32.26,0.48,-1,-1,-1
248,24,252.36,472.62,40.80,66.07,0.54,-1,-1,-1
248,68,9.80,238.99,22.12,62.51,0.51,-1,-1,-1
248,69,488.00,714.89,41.60,40.28,0.54,-1,-1,-1
248,70,238.39,144.24,16.09,30.26,0.58,-1,-1,-1
248,71,1295.19,387.18,16.05,37.42,0.48,-1,-1,-1
248,73,20.58,115.28,17.77,37.99,0.55,-1,-1,-1
249,3,276.43,393.02,35.39,88.07,0.63,-1,-1,-1
249,4,250.87,276.99,27.96,63.27,0.70,-1,-1,-1
249,5,356.29,563.20,39.56,68.89,0.71,-1,-1,-1
249,6,303.41,541.94,57.96,75.40,0.58,-1,-1,-1
249,7,398.48,413.90,36.73,95.61,0.81,-1,-1,-1
249,9,316.03,176.34,15.65,22.63,0.53,-1,-1,-1
249,10,320.70,389.03,37.95,103.66,0.70,-1,-1,-1
249,15,957.15,457.12,40.83,97.47,0.77,-1,-1,-1
249,17,611.45,349.12,31.21,80.76,0.75,-1,-1,-1
249,18,326.53,306.61,25.69,40.70,0.50,-1,-1,-1
249,19,889.87,289.64,27.33,37.17,0.51,-1,-1,-1
249,20,197.66,422.28,39.81,59.08,0.49,-1,-1,-1
249,21,412.35,627.88,45.78,127.33,0.60,-1,-1,-1
249,25,406.64,332.23,23.18,41.50,0.50,-1,-1,-1
249,33,626.41,414.93,36.92,100.31,0.75,-1,-1,-1
249,35,531.32,181.42,18.49,46.25,0.40,-1,-1,-1
249,8,168.57,352.94,33.56,45.38,0.58,-1,-1,-1
249,41,710.76,306.20,31.55,79.11,0.59,-1,-1,-1
249,42,692.78,253.98,28.35,57.88,0.54,-1,-1,-1
249,12,751.87,389.40,34.03,84.69,0.77,-1,-1,-1
249,16,988.54,359.70,29.32,66.75,0.51,-1,-1,-1
249,47,297.42,308.32,23.61,41.09,0.51,-1,-1,-1
249,49,72.64,270.62,32.78,71.89,0.65,-1,-1,-1
249,52,108.90,320.32,30.01,57.29,0.44,-1,-1,-1
249,54,422.63,246.25,21.97,62.43,0.65,-1,-1,-1
249,57,856.14,340.19,24.91,64.68,0.76,-1,-1,-1
249,58,43.25,409.86,23.07,44.06,0.41,-1,-1,-1
249,59,1158.19,350.05,15.80,35.08,0.46,-1,-1,-1
249,62,27.00,270.54,31.98,69.43,0.57,-1,-1,-1
249,67,1007.50,194.33,20.25,32.15,0.46,-1,-1,-1
249,24,252.14,472.39,41.56,67.30,0.51,-1,-1,-1
249,68,10.12,238.27,21.48,60.49,0.53,-1,-1,-1
249,69,482.43,715.39,40.96,39.67,0.61,-1,-1,-1
249,70,238.71,144.04,16.72,31.57,0.58,-1,-1,-1
249,71,1295.35,387.29,15.85,37.02,0.46,-1,-1,-1
249,73,23.07,114.76,18.11,38.70,0.66,-1,-1,-1
249,74,0.81,169.08,10.56,46.95,0.71,-1,-1,-1
250,3,276.29,392.64,34.09,84.66,0.64,-1,-1,-1
250,4,251.12,278.52,26.86,61.02,0.75,-1,-1,-1
250,5,355.89,563.19,39.59,68.70,0.71,-1,-1,-1
250,6,300.18,541.12,59.43,77.30,0.44,-1,-1,-1
250,7,395.86,413.83,36.45,95.32,0.78,-1,-1,-1
250,9,316.87,176.18,15.91,23.30,0.50,-1,-1,-1
250,10,318.96,388.14,37.84,102.50,0.69,-1,-1,-1
250,15,955.88,456.83,41.36,98.76,0.74,-1,-1,-1
250,17,611.25,349.88,31.09,80.16,0.77,-1,-1,-1
250,18,326.35,306.63,25.61,40.45,0.49,-1,-1,-1
250,19,890.06,289.74,27.44,37.33,0.47,-1,-1,-1
250,20,195.49,421.77,41.48,59.36,0.48,-1,-1,-1
250,21,410.04,626.12,45.29,124.56,0.58,-1,-1,-1
250,25,406.63,331.89,23.21,41.61,0.53,-1,-1,-1
250,33,626.82,415.56,36.49,99.45,0.74,-1,-1,-1
250,35,531.76,180.94,18.71,47.03,0.41,-1,-1,-1
250,8,167.70,352.67,34.22,45.36,0.57,-1,-1,-1
250,41,711.21,307.46,31.07,77.07,0.62,-1,-1,-1
250,42,692.87,253.66,28.07,57.08,0.51,-1,-1,-1
250,12,751.68,390.02,34.26,84.17,0.77,-1,-1,-1
250,16,986.96,359.44,30.60,67.79,0.53,-1,-1,-1
250,47,296.86,307.98,23.88,40.88,0.52,-1,-1,-1
250,49,72.80,270.49,32.83,71.94,0.68,-1,-1,-1
250,52,108.16,320.22,30.68,58.75,0.43,-1,-1,-1
250,54,423.12,245.89,22.22,63.20,0.64,-1,-1,-1
250,57,855.30,342.76,24.49,61.95,0.76,-1,-1,-1
250,58,42.54,409.82,23.27,44.35,0.31,-1,-1,-1
250,59,1158.09,350.45,15.88,35.30,0.50,-1,-1,-1
250,62,27.05,270.23,31.93,69.20,0.65,-1,-1,-1
250,67,1008.36,194.82,20.70,32.73,0.51,-1,-1,-1
250,24,252.80,472.29,36.72,58.73,0.45,-1,-1,-1
250,68,10.76,237.75,21.13,59.37,0.59,-1,-1,-1
250,69,477.58,714.95,41.49,40.08,0.55,-1,-1,-1
250,70,238.85,143.46,16.52,31.32,0.64,-1,-1,-1
250,71,1295.39,387.51,15.87,37.10,0.52,-1,-1,-1
250,73,25.39,113.50,18.89,40.38,0.65,-1,-1,-1
250,74,1.42,168.69,10.65,47.06,0.72,-1,-1,-1
251,3,275.72,392.49,33.37,82.35,0.60,-1,-1,-1
251,4,251.58,279.40,25.96,59.01,0.75,-1,-1,-1
251,5,353.88,562.16,40.18,69.82,0.67,-1,-1,-1
251,6,298.14,540.82,57.54,74.15,0.51,-1,-1,-1
251,7,393.71,413.40,36.46,95.28,0.65,-1,-1,-1
251,9,317.35,175.86,15.61,22.95,0.50,-1,-1,-1
251,10,318.90,388.45,37.91,102.71,0.70,-1,-1,-1
251,15,954.53,457.25,42.06,100.54,0.73,-1,-1,-1
251,17,610.29,350.51,31.51,80.87,0.77,-1,-1,-1
251,18,326.04,306.37,26.13,41.10,0.49,-1,-1,-1
251,19,890.15,289.79,27.46,37.36,0.47,-1,-1,-1
251,20,193.25,421.71,41.97,60.19,0.53,-1,-1,-1
251,21,411.89,644.29,37.00,99.58,0.29,-1,-1,-1
251,25,406.35,332.28,22.94,41.24,0.55,-1,-1,-1
251,33,626.97,416.06,35.91,97.89,0.76,-1,-1,-1
251,35,532.24,181.21,18.67,47.10,0.53,-1,-1,-1
251,8,167.14,352.34,34.84,45.66,0.55,-1,-1,-1
251,41,710.35,308.15,30.74,75.72,0.49,-1,-1,-1
251,42,692.38,253.49,28.75,58.39,0.53,-1,-1,-1
251,12,751.77,390.13,34.52,84.02,0.76,-1,-1,-1
251,16,988.35,360.12,30.41,66.81,0.49,-1,-1,-1
251,47,296.57,307.60,24.55,41.51,0.53,-1,-1,-1
251,49,72.99,270.36,32.80,71.83,0.70,-1,-1,-1
251,52,107.99,320.26,31.11,59.92,0.44,-1,-1,-1
251,54,423.34,245.68,22.21,63.25,0.65,-1,-1,-1
251,57,853.98,343.92,24.76,61.52,0.76,-1,-1,-1
251,58,42.28,410.22,23.02,43.58,0.30,-1,-1,-1
251,59,1158.17,350.61,15.73,34.93,0.45,-1,-1,-1
251,62,27.20,270.11,31.97,69.01,0.59,-1,-1,-1
251,67,1008.88,195.03,20.93,33.24,0.48,-1,-1,-1
251,24,250.39,472.04,40.75,64.75,0.51,-1,-1,-1
251,68,11.64,237.43,20.83,58.23,0.64,-1,-1,-1
251,69,473.01,713.98,42.45,41.12,0.59,-1,-1,-1
251,70,239.38,143.26,16.20,30.91,0.64,-1,-1,-1
251,71,1295.20,387.23,16.11,37.73,0.45,-1,-1,-1
251,73,28.08,114.07,18.34,39.18,0.60,-1,-1,-1
251,74,2.81,167.16,10.98,47.70,0.72,-1,-1,-1
252,3,275.05,392.05,32.53,79.78,0.57,-1,-1,-1
252,4,252.19,280.88,25.06,56.76,0.71,-1,-1,-1
252,5,351.94,562.12,40.07,69.69,0.59,-1,-1,-1
252,6,296.23,541.12,57.42,74.33,0.55,-1,-1,-1
252,7,390.89,414.01,36.49,94.49,0.59,-1,-1,-1
252,9,317.75,175.40,16.09,23.49,0.42,-1,-1,-1
252,10,317.92,388.34,38.26,103.59,0.69,-1,-1,-1
252,15,955.22,457.38,41.39,99.09,0.76,-1,-1,-1
252,17,609.79,351.70,31.23,79.54,0.75,-1,-1,-1
252,18,326.10,306.18,26.35,41.26,0.52,-1,-1,-1
252,19,890.43,290.09,27.23,37.11,0.40,-1,-1,-1
252,20,192.16,421.53,41.84,60.13,0.55,-1,-1,-1
252,21,406.56,630.52,43.66,117.23,0.50,-1,-1,-1
252,25,406.07,331.25,23.52,42.33,0.50,-1,-1,-1
252,33,626.27,416.25,36.13,98.31,0.76,-1,-1,-1
252,35,532.67,180.87,18.80,47.59,0.50,-1,-1,-1
252,8,167.92,352.09,35.01,45.74,0.55,-1,-1,-1
252,41,708.58,309.65,30.59,74.02,0.45,-1,-1,-1
252,42,692.25,253.49,28.57,57.85,0.54,-1,-1,-1
252,12,751.72,390.36,34.58,83.50,0.73,-1,-1,-1
252,16,990.75,364.49,28.34,61.31,0.49,-1,-1,-1
252,47,296.35,307.45,24.97,41.75,0.52,-1,-1,-1
252,49,73.19,270.26,32.93,72.01,0.71,-1,-1,-1
252,52,109.65,320.22,29.16,55.89,0.40,-1,-1,-1
252,54,422.69,245.79,22.10,62.67,0.64,-1,-1,-1
252,57,852.78,344.89,24.90,60.78,0.74,-1,-1,-1
252,58,44.14,413.23,21.27,39.90,0.26,-1,-1,-1
252,59,1158.30,350.26,15.91,35.26,0.47,-1,-1,-1
252,62,27.29,270.04,32.42,69.46,0.62,-1,-1,-1
252,67,1009.49,195.02,20.36,32.55,0.51,-1,-1,-1
252,24,247.52,472.47,38.16,61.05,0.52,-1,-1,-1
252,68,12.13,237.35,20.67,57.47,0.66,-1,-1,-1
252,69,468.50,711.74,44.62,43.42,0.49,-1,-1,-1
252,70,239.97,142.93,16.41,31.49,0.65,-1,-1,-1
252,71,1295.32,387.84,16.09,37.73,0.65,-1,-1,-1
252,73,30.26,114.09,18.03,38.41,0.58,-1,-1,-1
252,74,4.21,165.96,11.35,47.79,0.69,-1,-1,-1
253,3,274.10,391.55,32.82,79.90,0.50,-1,-1,-1
253,4,251.76,280.91,24.97,56.51,0.75,-1,-1,-1
253,5,349.55,562.15,39.82,69.21,0.55,-1,-1,-1
253,6,292.35,540.82,55.68,71.10,0.59,-1,-1,-1
253,7,388.40,413.51,37.48,95.10,0.64,-1,-1,-1
253,9,317.42,175.27,15.33,22.49,0.32,-1,-1,-1
253,10,315.61,387.47,38.48,103.82,0.70,-1,-1,-1
253,15,954.67,457.56,41.72,100.32,0.81,-1,-1,-1
253,17,610.09,352.77,31.00,78.33,0.77,-1,-1,-1
253,18,326.27,306.06,26.26,40.82,0.52,-1,-1,-1
253,19,890.14,290.44,27.15,36.98,0.44,-1,-1,-1
253,20,188.65,421.12,42.09,60.84,0.53,-1,-1,-1
253,21,403.03,626.74,45.62,121.98,0.58,-1,-1,-1
253,25,405.56,330.29,24.15,43.54,0.47,-1,-1,-1
253,33,626.45,417.45,36.52,99.11,0.74,-1,-1,-1
253,35,533.24,182.50,18.23,46.25,0.52,-1,-1,-1
253,8,168.51,351.75,35.01,45.79,0.56,-1,-1,-1
253,41,706.34,310.74,31.23,73.96,0.47,-1,-1,-1
253,42,692.70,254.31,27.72,55.87,0.58,-1,-1,-1
253,12,752.07,390.64,34.81,83.36,0.69,-1,-1,-1
253,16,990.38,363.52,29.00,62.17,0.56,-1,-1,-1
253,47,295.97,307.16,25.25,41.75,0.52,-1,-1,-1
253,49,73.30,270.16,33.44,73.06,0.69,-1,-1,-1
253,52,110.39,319.81,28.74,54.66,0.42,-1,-1,-1
253,54,422.81,244.46,22.67,64.66,0.64,-1,-1,-1
253,57,851.65,344.74,25.39,61.07,0.70,-1,-1,-1
253,58,44.07,412.60,21.62,40.26,0.22,-1,-1,-1
253,59,1158.21,350.58,15.98,35.39,0.48,-1,-1,-1
253,62,27.78,270.19,32.59,69.33,0.59,-1,-1,-1
253,67,1009.85,194.88,20.28,32.65,0.51,-1,-1,-1
253,24,243.60,471.58,40.05,64.98,0.55,-1,-1,-1
253,68,12.67,237.00,21.15,58.51,0.66,-1,-1,-1
253,69,463.52,711.11,45.20,44.31,0.58,-1,-1,-1
253,70,240.75,142.42,16.45,31.90,0.69,-1,-1,-1
253,71,1295.35,387.93,16.25,38.28,0.57,-1,-1,-1
253,73,31.90,113.94,18.09,38.51,0.58,-1,-1,-1
253,74,5.23,164.97,12.12,49.07,0.76,-1,-1,-1
253,75,682.86,301.80,30.79,70.48,0.64,-1,-1,-1
254,3,273.29,391.85,34.02,82.85,0.51,-1,-1,-1
254,4,251.79,280.34,25.75,58.12,0.74,-1,-1,-1
254,5,346.08,562.19,39.08,68.57,0.62,-1,-1,-1
254,6,288.61,541.40,54.81,68.54,0.61,-1,-1,-1
254,7,388.29,413.47,38.14,95.46,0.68,-1,-1,-1
254,9,317.28,175.18,14.91,22.12,0.27,-1,-1,-1
254,10,314.24,387.15,38.36,103.46,0.73,-1,-1,-1
254,15,954.33,457.85,41.19,99.24,0.81,-1,-1,-1
254,17,610.58,353.25,31.28,78.65,0.78,-1,-1,-1
254,18,326.00,305.89,26.53,41.02,0.53,-1,-1,-1
254,19,890.03,290.61,27.14,36.96,0.43,-1,-1,-1
254,20,186.99,420.82,42.03,60.79,0.52,-1,-1,-1
254,21,399.37,627.73,46.44,123.88,0.55,-1,-1,-1
254,25,404.95,329.77,24.42,44.08,0.45,-1,-1,-1
254,33,626.39,417.59,36.88,100.62,0.70,-1,-1,-1
254,35,533.98,182.53,18.08,46.10,0.53,-1,-1,-1
254,8,168.42,351.46,34.93,45.78,0.55,-1,-1,-1
254,41,702.84,309.99,32.07,75.98,0.55,-1,-1,-1
254,42,692.30,253.92,28.09,56.43,0.57,-1,-1,-1
254,12,753.15,390.29,34.80,83.81,0.71,-1,-1,-1
254,16,990.27,363.88,28.91,61.30,0.53,-1,-1,-1
254,47,295.63,306.93,25.64,41.86,0.53,-1,-1,-1
254,49,73.60,269.93,33.34,72.71,0.73,-1,-1,-1
254,52,111.40,319.37,27.30,51.05,0.43,-1,-1,-1
254,54,423.00,244.00,22.71,65.07,0.66,-1,-1,-1
254,57,850.87,345.05,25.72,60.92,0.67,-1,-1,-1
254,58,45.17,411.91,20.60,38.10,0.24,-1,-1,-1
254,59,1158.10,350.76,16.06,35.54,0.51,-1,-1,-1
254,62,27.91,270.08,33.39,70.58,0.64,-1,-1,-1
254,67,1010.09,194.98,19.90,32.22,0.53,-1,-1,-1
254,24,242.33,470.84,40.52,66.31,0.52,-1,-1,-1
254,68,12.97,236.79,21.50,59.42,0.68,-1,-1,-1
254,69,460.36,710.62,45.01,44.49,0.57,-1,-1,-1
254,70,241.86,141.93,16.19,31.75,0.70,-1,-1,-1
254,71,1295.30,387.63,16.47,38.87,0.37,-1,-1,-1
254,73,33.85,114.27,18.25,38.88,0.58,-1,-1,-1
254,74,6.30,163.97,12.54,48.10,0.73,-1,-1,-1
254,75,680.29,301.23,31.00,71.23,0.66,-1,-1,-1
255,3,272.78,391.97,34.17,83.24,0.51,-1,-1,-1
255,4,252.14,279.79,25.79,58.01,0.70,-1,-1,-1
255,5,343.91,561.93,38.91,68.94,0.64,-1,-1,-1
255,6,287.24,541.90,55.24,68.34,0.54,-1,-1,-1
255,7,388.96,413.13,38.54,96.26,0.61,-1,-1,-1
255,9,317.98,175.25,14.26,21.30,0.21,-1,-1,-1
255,10,312.91,386.86,38.22,103.41,0.72,-1,-1,-1
255,15,953.62,457.98,40.80,98.43,0.80,-1,-1,-1
255,17,611.56,353.66,31.53,79.27,0.80,-1,-1,-1
255,18,325.57,305.70,25.60,39.35,0.54,-1,-1,-1
255,19,890.90,290.47,27.82,37.37,0.41,-1,-1,-1
255,20,188.91,420.55,41.27,59.55,0.58,-1,-1,-1
255,21,397.67,624.94,44.31,116.38,0.62,-1,-1,-1
255,25,404.34,330.13,24.33,43.90,0.48,-1,-1,-1
255,33,626.62,418.65,36.26,99.05,0.73,-1,-1,-1
255,35,534.30,181.98,18.19,46.51,0.66,-1,-1,-1
255,8,164.86,351.08,35.68,45.63,0.55,-1,-1,-1
255,41,700.75,310.80,31.69,74.91,0.63,-1,-1,-1
255,42,692.29,254.15,27.74,55.68,0.60,-1,-1,-1
255,12,756.31,389.33,34.92,84.93,0.71,-1,-1,-1
255,16,989.28,362.84,29.93,62.94,0.51,-1,-1,-1
255,47,295.51,306.63,25.68,41.54,0.54,-1,-1,-1
255,49,73.80,269.40,34.01,74.33,0.76,-1,-1,-1
255,52,111.98,318.80,26.36,48.61,0.43,-1,-1,-1
255,54,422.89,243.69,22.80,65.56,0.64,-1,-1,-1
255,57,850.13,345.45,26.15,61.06,0.70,-1,-1,-1
255,58,43.91,410.64,22.04,40.53,0.29,-1,-1,-1
255,59,1157.70,351.01,16.13,35.84,0.41,-1,-1,-1
255,62,27.98,269.40,34.11,71.04,0.63,-1,-1,-1
255,67,1010.16,194.71,19.94,32.14,0.58,-1,-1,-1
255,24,240.87,470.72,41.54,68.68,0.62,-1,-1,-1
255,68,13.08,236.42,21.91,60.69,0.65,-1,-1,-1
255,69,457.87,710.16,45.42,45.13,0.53,-1,-1,-1
255,71,1295.08,387.83,16.59,39.18,0.47,-1,-1,-1
255,73,36.06,113.85,18.09,38.54,0.51,-1,-1,-1
255,74,8.45,163.16,13.46,48.92,0.67,-1,-1,-1
255,75,677.91,301.18,30.77,71.08,0.61,-1,-1,-1
256,3,271.96,392.14,35.00,85.32,0.55,-1,-1,-1
256,4,251.96,279.31,25.56,57.55,0.72,-1,-1,-1
256,5,342.66,561.56,38.80,68.97,0.69,-1,-1,-1
256,6,284.69,542.63,55.52,68.14,0.59,-1,-1,-1
256,7,389.23,412.84,38.52,96.51,0.62,-1,-1,-1
256,9,318.40,175.02,14.00,21.29,0.44,-1,-1,-1
256,10,312.61,386.83,37.43,100.63,0.71,-1,-1,-1
256,15,952.24,458.73,40.63,97.64,0.80,-1,-1,-1
256,17,613.41,354.77,31.84,80.65,0.80,-1,-1,-1
256,18,325.27,305.61,25.36,38.80,0.53,-1,-1,-1
256,19,891.40,290.57,28.42,37.56,0.42,-1,-1,-1
256,20,188.65,420.29,41.38,59.56,0.54,-1,-1,-1
256,21,396.71,624.09,42.82,111.19,0.59,-1,-1,-1
256,25,403.73,331.11,23.81,42.93,0.51,-1,-1,-1
256,33,626.48,419.56,35.49,96.56,0.70,-1,-1,-1
256,35,535.17,181.64,18.22,46.58,0.59,-1,-1,-1
256,8,163.80,350.77,36.03,45.23,0.55,-1,-1,-1
256,41,698.89,311.54,31.71,75.29,0.61,-1,-1,-1
256,42,692.19,254.47,27.65,55.46,0.59,-1,-1,-1
256,12,758.22,388.78,34.76,85.43,0.72,-1,-1,-1
256,16,987.85,362.57,31.12,65.67,0.53,-1,-1,-1
256,47,295.76,306.46,26.06,41.94,0.53,-1,-1,-1
256,49,73.76,269.46,33.77,73.66,0.76,-1,-1,-1
256,52,112.08,318.26,26.42,48.13,0.43,-1,-1,-1
256,54,422.52,244.98,22.18,63.38,0.63,-1,-1,-1
256,57,849.49,345.95,26.48,61.01,0.69,-1,-1,-1
256,58,43.64,409.08,22.40,41.08,0.29,-1,-1,-1
256,59,1157.31,351.19,16.47,36.68,0.48,-1,-1,-1
256,62,27.31,269.03,35.33,72.51,0.66,-1,-1,-1
256,67,1010.61,195.01,19.97,32.29,0.56,-1,-1,-1
256,24,241.48,470.44,41.50,69.62,0.53,-1,-1,-1
256,68,13.77,236.05,21.23,58.69,0.58,-1,-1,-1
256,69,455.67,709.65,45.51,45.44,0.58,-1,-1,-1
256,71,1294.77,388.19,16.68,39.23,0.41,-1,-1,-1
256,73,38.14,114.77,17.87,38.12,0.51,-1,-1,-1
256,74,10.03,162.82,14.16,49.30,0.68,-1,-1,-1
256,75,674.28,300.84,31.18,72.43,0.62,-1,-1,-1
256,38,243.23,142.22,15.24,29.82,0.62,-1,-1,-1
256,30,407.67,625.37,40.49,75.82,0.59,-1,-1,-1
257,3,270.59,391.82,36.38,88.82,0.59,-1,-1,-1
257,4,251.69,279.00,24.67,55.82,0.70,-1,-1,-1
257,5,342.20,561.43,38.38,68.38,0.72,-1,-1,-1
257,6,285.41,544.44,55.19,69.59,0.53,-1,-1,-1
257,7,389.56,413.69,37.62,94.70,0.55,-1,-1,-1
257,9,320.76,174.83,14.02,21.25,0.30,-1,-1,-1
257,10,312.18,386.94,36.90,98.89,0.72,-1,-1,-1
257,15,950.76,458.31,41.32,99.61,0.82,-1,-1,-1
257,17,615.08,355.53,31.98,81.76,0.79,-1,-1,-1
257,18,324.84,305.42,25.51,38.90,0.51,-1,-1,-1
257,19,891.11,290.66,28.25,37.39,0.39,-1,-1,-1
257,20,185.43,419.97,41.99,60.59,0.57,-1,-1,-1
257,21,393.88,623.79,43.01,111.06,0.58,-1,-1,-1
257,25,403.83,330.69,23.93,43.02,0.46,-1,-1,-1
257,33,625.97,420.08,35.35,95.25,0.72,-1,-1,-1
257,35,535.99,181.21,18.14,46.53,0.50,-1,-1,-1
257,8,163.69,350.51,35.87,44.21,0.53,-1,-1,-1
257,41,697.16,312.37,31.49,74.91,0.58,-1,-1,-1
257,42,692.13,253.89,27.97,55.86,0.55,-1,-1,-1
257,12,759.47,388.36,34.67,86.00,0.74,-1,-1,-1
257,16,985.94,361.20,32.35,68.24,0.61,-1,-1,-1
257,47,295.16,306.22,26.36,41.96,0.54,-1,-1,-1
257,49,73.98,269.32,33.48,72.81,0.76,-1,-1,-1
257,52,112.58,317.64,25.82,46.43,0.43,-1,-1,-1
257,54,422.27,245.38,22.08,62.84,0.64,-1,-1,-1
257,57,848.54,346.04,27.00,61.43,0.71,-1,-1,-1
257,58,43.27,409.30,22.46,40.94,0.34,-1,-1,-1
257,59,1157.05,352.10,16.04,35.73,0.47,-1,-1,-1
257,62,26.64,268.56,36.96,75.55,0.60,-1,-1,-1
257,67,1011.00,195.13,20.49,33.08,0.58,-1,-1,-1
257,24,242.05,470.07,41.66,70.80,0.52,-1,-1,-1
257,68,14.65,235.69,21.63,59.54,0.60,-1,-1,-1
257,69,452.63,708.32,46.32,46.57,0.63,-1,-1,-1
257,71,1295.23,389.68,16.42,38.61,0.37,-1,-1,-1
257,73,39.78,113.86,18.47,39.38,0.42,-1,-1,-1
257,74,12.67,162.36,14.83,49.62,0.74,-1,-1,-1
257,75,671.21,300.72,31.97,74.80,0.53,-1,-1,-1
257,38,243.88,142.16,14.66,29.36,0.54,-1,-1,-1
257,30,408.02,627.99,37.23,72.65,0.42,-1,-1,-1
258,3,269.36,391.79,36.42,88.34,0.60,-1,-1,-1
258,4,251.72,278.68,23.64,53.67,0.72,-1,-1,-1
258,5,341.03,561.40,38.61,68.72,0.72,-1,-1,-1
258,6,282.29,544.92,52.53,65.53,0.54,-1,-1,-1
258,7,388.64,414.57,36.53,92.43,0.56,-1,-1,-1
258,9,320.60,173.69,14.16,21.73,0.29,-1,-1,-1
258,10,311.48,386.73,36.97,98.76,0.70,-1,-1,-1
258,15,949.38,458.33,41.11,99.36,0.83,-1,-1,-1
258,17,616.55,356.99,32.60,84.42,0.80,-1,-1,-1
258,18,324.70,305.24,25.69,39.05,0.53,-1,-1,-1
258,19,891.01,290.73,28.69,37.45,0.38,-1,-1,-1
258,20,186.38,419.79,43.07,60.00,0.56,-1,-1,-1
258,21,389.74,623.26,46.66,120.79,0.60,-1,-1,-1
258,25,403.33,330.93,23.95,43.04,0.47,-1,-1,-1
258,33,626.20,419.91,35.84,95.89,0.68,-1,-1,-1
258,35,536.71,182.91,17.65,45.27,0.51,-1,-1,-1
258,8,166.14,350.08,35.82,44.31,0.52,-1,-1,-1
258,41,694.83,313.14,31.14,74.46,0.50,-1,-1,-1
258,42,692.61,254.42,27.61,55.15,0.56,-1,-1,-1
258,12,760.71,388.29,34.62,85.91,0.69,-1,-1,-1
258,16,985.46,361.18,32.51,68.59,0.63,-1,-1,-1
258,47,295.23,306.08,26.41,41.81,0.54,-1,-1,-1
258,49,74.19,269.03,33.35,72.35,0.75,-1,-1,-1
258,52,113.45,317.45,25.58,45.49,0.45,-1,-1,-1
258,54,422.44,245.55,22.02,62.33,0.63,-1,-1,-1
258,57,848.19,346.14,27.26,61.31,0.70,-1,-1,-1
258,58,43.97,408.23,21.80,39.90,0.33,-1,-1,-1
258,59,1156.88,352.48,16.01,35.60,0.59,-1,-1,-1
258,62,26.86,267.20,36.55,75.00,0.53,-1,-1,-1
258,67,1011.27,195.42,20.53,33.04,0.61,-1,-1,-1
258,24,241.05,469.94,41.59,70.96,0.59,-1,-1,-1
258,68,15.53,235.48,22.01,59.96,0.55,-1,-1,-1
258,69,449.75,706.10,48.02,48.85,0.64,-1,-1,-1
258,71,1295.51,390.32,16.36,38.34,0.30,-1,-1,-1
258,73,41.40,113.28,19.04,40.28,0.62,-1,-1,-1
258,74,14.56,161.97,15.27,49.79,0.72,-1,-1,-1
258,75,668.82,303.60,31.25,73.74,0.59,-1,-1,-1
258,38,244.50,141.43,14.08,28.23,0.41,-1,-1,-1
258,30,405.03,626.39,36.49,71.66,0.15,-1,-1,-1
259,3,268.08,391.37,36.75,88.65,0.63,-1,-1,-1
259,4,251.85,277.91,23.50,53.35,0.75,-1,-1,-1
259,5,340.17,561.22,38.66,68.79,0.73,-1,-1,-1
259,6,280.02,545.41,51.90,63.73,0.49,-1,-1,-1
259,7,389.24,413.06,37.15,94.53,0.63,-1,-1,-1
259,9,323.91,173.80,14.30,22.06,0.55,-1,-1,-1
259,10,310.84,386.71,37.13,98.98,0.70,-1,-1,-1
259,15,947.79,458.44,41.05,99.41,0.81,-1,-1,-1
259,17,617.61,358.19,33.04,86.54,0.77,-1,-1,-1
259,18,324.53,305.05,25.81,39.11,0.51,-1,-1,-1
259,19,891.20,290.90,29.23,37.59,0.39,-1,-1,-1
259,20,184.07,419.61,43.28,60.26,0.57,-1,-1,-1
259,21,385.84,624.27,48.25,125.73,0.64,-1,-1,-1
259,25,402.79,331.24,23.86,42.91,0.53,-1,-1,-1
259,33,625.86,417.44,37.67,100.94,0.66,-1,-1,-1
259,35,537.80,183.03,17.30,44.51,0.52,-1,-1,-1
259,8,167.24,349.86,35.48,44.42,0.52,-1,-1,-1
259,41,692.65,313.05,30.73,73.56,0.44,-1,-1,-1
259,42,693.03,254.82,27.40,54.64,0.54,-1,-1,-1
259,12,761.18,388.11,34.83,86.51,0.72,-1,-1,-1
259,16,985.23,361.42,32.38,68.65,0.61,-1,-1,-1
259,47,295.29,305.93,26.74,42.04,0.52,-1,-1,-1
259,49,74.43,268.61,32.84,71.01,0.74,-1,-1,-1
259,52,113.49,316.94,25.59,45.08,0.44,-1,-1,-1
259,54,422.42,245.52,22.09,62.21,0.64,-1,-1,-1
259,57,847.71,346.04,27.54,61.24,0.68,-1,-1,-1
259,58,45.24,409.59,21.09,38.59,0.34,-1,-1,-1
259,59,1156.82,352.88,16.16,36.05,0.54,-1,-1,-1
259,62,26.79,266.72,37.14,76.57,0.54,-1,-1,-1
259,67,1011.45,194.82,20.95,33.66,0.55,-1,-1,-1
259,24,239.03,469.52,41.53,71.13,0.56,-1,-1,-1
259,68,16.01,234.74,22.35,60.70,0.55,-1,-1,-1
259,69,447.06,703.99,49.55,50.90,0.59,-1,-1,-1
259,71,1295.54,390.69,16.59,38.71,0.20,-1,-1,-1
259,73,43.14,112.89,18.98,39.74,0.57,-1,-1,-1
259,74,17.05,161.51,15.61,49.04,0.74,-1,-1,-1
259,75,666.89,304.49,30.67,72.93,0.61,-1,-1,-1
259,38,245.91,141.65,14.33,28.87,0.51,-1,-1,-1
259,30,399.30,624.31,37.18,72.28,0.23,-1,-1,-1
260,3,266.47,391.38,36.74,88.44,0.65,-1,-1,-1
260,4,252.15,277.40,23.48,53.40,0.72,-1,-1,-1
260,5,338.64,561.05,38.45,68.72,0.64,-1,-1,-1
260,6,275.95,546.08,54.56,66.79,0.50,-1,-1,-1
260,7,387.89,413.55,36.85,93.44,0.70,-1,-1,-1
260,9,325.37,172.38,15.18,23.70,0.62,-1,-1,-1
260,10,309.13,386.34,38.40,102.92,0.78,-1,-1,-1
260,15,946.32,458.47,41.20,100.00,0.78,-1,-1,-1
260,17,618.38,359.56,32.28,85.04,0.75,-1,-1,-1
260,18,324.79,305.00,25.53,38.51,0.55,-1,-1,-1
260,19,891.48,290.93,28.89,37.33,0.38,-1,-1,-1
260,20,182.94,419.36,43.83,59.90,0.60,-1,-1,-1
260,21,383.21,625.68,47.77,125.10,0.73,-1,-1,-1
260,25,401.88,331.43,23.93,43.07,0.48,-1,-1,-1
260,33,627.02,419.69,38.23,102.67,0.69,-1,-1,-1
260,35,538.26,182.28,17.56,45.46,0.49,-1,-1,-1
260,8,167.98,349.59,35.03,44.15,0.51,-1,-1,-1
260,41,690.61,312.74,31.04,74.94,0.47,-1,-1,-1
260,42,693.12,255.07,27.37,54.38,0.57,-1,-1,-1
260,12,760.86,387.63,34.98,87.12,0.71,-1,-1,-1
260,16,983.43,359.72,33.14,70.67,0.57,-1,-1,-1
260,47,295.19,305.72,27.24,42.57,0.53,-1,-1,-1
260,49,74.53,268.17,33.00,71.30,0.74,-1,-1,-1
260,52,112.71,316.79,25.95,45.23,0.46,-1,-1,-1
260,54,422.43,245.40,22.26,62.45,0.64,-1,-1,-1
260,57,847.32,346.18,27.78,61.16,0.71,-1,-1,-1
260,58,44.11,408.88,21.84,39.87,0.36,-1,-1,-1
260,59,1156.61,353.14,16.01,35.76,0.59,-1,-1,-1
260,62,26.48,265.96,38.13,78.71,0.59,-1,-1,-1
260,67,1011.99,194.45,21.40,34.33,0.53,-1,-1,-1
260,24,239.91,468.88,41.58,70.63,0.55,-1,-1,-1
260,68,17.64,234.71,20.41,54.32,0.44,-1,-1,-1
260,69,443.92,702.58,50.08,52.20,0.63,-1,-1,-1
260,71,1295.42,391.69,16.99,39.24,0.25,-1,-1,-1
260,73,45.96,113.28,18.38,38.34,0.53,-1,-1,-1
260,74,19.33,161.09,16.08,48.67,0.69,-1,-1,-1
260,75,664.45,304.07,30.19,72.51,0.62,-1,-1,-1
260,38,246.65,141.58,14.41,29.15,0.48,-1,-1,-1
260,30,397.17,624.32,37.35,73.24,0.30,-1,-1,-1
261,3,265.56,391.35,36.69,88.11,0.67,-1,-1,-1
261,4,252.61,276.11,23.68,54.04,0.74,-1,-1,-1
261,5,336.85,560.69,38.46,69.01,0.57,-1,-1,-1
261,6,274.45,547.08,55.02,66.77,0.59,-1,-1,-1
261,7,386.99,413.69,37.02,93.22,0.75,-1,-1,-1
261,9,326.86,171.27,15.86,25.36,0.60,-1,-1,-1
261,10,308.25,386.04,38.65,104.05,0.75,-1,-1,-1
261,15,945.12,458.60,41.16,100.02,0.76,-1,-1,-1
261,17,618.63,361.19,31.67,83.72,0.75,-1,-1,-1
261,18,324.62,304.86,25.59,38.39,0.55,-1,-1,-1
261,19,891.92,291.26,29.41,37.31,0.38,-1,-1,-1
261,20,182.82,419.46,44.28,59.38,0.61,-1,-1,-1
261,21,380.24,625.10,48.82,128.08,0.62,-1,-1,-1
261,25,401.12,332.38,23.27,42.16,0.49,-1,-1,-1
261,33,628.24,420.93,38.65,104.57,0.70,-1,-1,-1
261,35,538.69,182.27,17.58,45.84,0.58,-1,-1,-1
261,8,169.03,349.53,34.89,44.31,0.54,-1,-1,-1
261,41,689.50,313.38,30.89,74.80,0.41,-1,-1,-1
261,42,693.35,255.12,27.68,54.72,0.56,-1,-1,-1
261,12,760.89,386.55,35.08,87.64,0.68,-1,-1,-1
261,16,982.61,358.36,33.57,72.20,0.57,-1,-1,-1
261,47,295.41,305.57,27.25,42.34,0.50,-1,-1,-1
261,49,75.03,268.05,32.87,70.83,0.74,-1,-1,-1
261,52,112.44,316.60,26.28,45.53,0.46,-1,-1,-1
261,54,422.65,245.43,22.25,62.23,0.65,-1,-1,-1
261,57,846.95,346.36,28.12,61.36,0.67,-1,-1,-1
261,58,43.62,407.58,22.32,41.00,0.39,-1,-1,-1
261,59,1156.31,352.69,16.21,36.43,0.50,-1,-1,-1
261,62,26.10,265.44,38.31,79.36,0.57,-1,-1,-1
261,67,1012.61,194.77,21.73,35.00,0.51,-1,-1,-1
261,24,239.19,468.36,41.98,70.55,0.56,-1,-1,-1
261,68,19.06,234.71,19.16,50.02,0.40,-1,-1,-1
261,69,441.51,700.23,51.18,54.24,0.55,-1,-1,-1
261,71,1295.31,391.74,17.66,40.33,0.26,-1,-1,-1
261,73,48.11,113.09,18.60,38.56,0.59,-1,-1,-1
261,74,22.01,160.64,16.38,48.27,0.65,-1,-1,-1
261,75,661.78,305.41,30.01,72.71,0.61,-1,-1,-1
261,38,247.41,141.18,14.46,29.44,0.45,-1,-1,-1
261,30,392.34,623.34,39.20,76.95,0.26,-1,-1,-1
262,3,264.78,391.36,36.11,87.04,0.68,-1,-1,-1
262,4,253.62,274.97,24.19,55.23,0.74,-1,-1,-1
262,5,335.22,560.25,38.45,69.04,0.60,-1,-1,-1
262,6,275.20,547.21,54.38,67.08,0.54,-1,-1,-1
262,7,385.78,413.27,37.49,94.19,0.70,-1,-1,-1
262,9,329.28,171.09,15.77,25.66,0.65,-1,-1,-1
262,10,307.57,385.95,38.47,103.84,0.74,-1,-1,-1
262,15,943.58,458.80,41.01,99.98,0.73,-1,-1,-1
262,17,618.10,361.99,32.95,87.60,0.74,-1,-1,-1
262,18,324.87,304.79,25.59,38.16,0.55,-1,-1,-1
262,19,891.31,291.50,29.63,37.21,0.41,-1,-1,-1
262,20,182.05,419.19,44.94,59.40,0.59,-1,-1,-1
262,21,379.30,622.94,45.29,116.80,0.62,-1,-1,-1
262,25,400.47,332.51,23.20,42.32,0.51,-1,-1,-1
262,33,629.15,422.63,39.22,107.48,0.67,-1,-1,-1
262,35,539.04,182.09,17.64,46.39,0.55,-1,-1,-1
262,8,168.14,349.21,34.96,44.31,0.53,-1,-1,-1
262,41,685.06,313.94,31.34,76.19,0.56,-1,-1,-1
262,42,693.62,255.65,27.85,54.78,0.56,-1,-1,-1
262,12,760.75,386.08,34.74,87.25,0.69,-1,-1,-1
262,16,982.51,358.15,33.27,72.55,0.47,-1,-1,-1
262,47,295.57,305.56,27.42,42.45,0.51,-1,-1,-1
262,49,75.30,267.94,33.11,71.19,0.73,-1,-1,-1
262,52,114.35,316.60,25.37,43.55,0.50,-1,-1,-1
262,54,422.73,245.39,22.28,62.09,0.65,-1,-1,-1
262,57,846.57,346.39,28.45,61.56,0.67,-1,-1,-1
262,58,43.61,406.97,22.25,41.09,0.39,-1,-1,-1
262,59,1156.06,353.15,16.42,37.06,0.53,-1,-1,-1
262,62,33.76,272.52,34.85,73.08,0.53,-1,-1,-1
262,67,1013.84,196.16,21.60,35.06,0.53,-1,-1,-1
262,24,238.68,467.62,39.24,65.78,0.54,-1,-1,-1
262,68,20.15,234.76,19.26,49.64,0.46,-1,-1,-1
262,69,439.51,698.30,52.32,56.50,0.60,-1,-1,-1
262,71,1295.43,391.81,17.11,39.19,0.21,-1,-1,-1
262,73,49.93,112.98,19.29,39.74,0.66,-1,-1,-1
262,74,24.38,160.65,16.41,46.77,0.60,-1,-1,-1
262,75,657.77,305.80,29.60,72.26,0.62,-1,-1,-1
262,38,248.44,141.45,14.48,29.24,0.48,-1,-1,-1
262,30,394.83,623.78,37.47,74.92,0.14,-1,-1,-1
263,3,264.11,391.32,36.01,87.21,0.71,-1,-1,-1
263,4,254.54,274.75,24.32,55.43,0.72,-1,-1,-1
263,5,332.51,560.27,36.83,66.43,0.60,-1,-1,-1
263,6,276.37,547.12,53.21,66.67,0.60,-1,-1,-1
263,7,384.68,413.14,37.80,94.74,0.77,-1,-1,-1
263,9,331.02,170.30,15.85,26.11,0.66,-1,-1,-1
263,10,306.85,386.05,38.37,103.59,0.77,-1,-1,-1
263,15,942.41,458.86,40.92,100.37,0.75,-1,-1,-1
263,17,618.70,362.58,33.82,90.32,0.75,-1,-1,-1
263,18,324.93,304.85,27.20,40.73,0.55,-1,-1,-1
263,19,891.24,291.79,30.17,37.42,0.42,-1,-1,-1
263,20,181.72,419.10,44.71,59.34,0.57,-1,-1,-1
263,21,377.43,622.28,44.56,113.54,0.57,-1,-1,-1
263,25,400.50,332.17,23.25,42.58,0.46,-1,-1,-1
263,33,632.18,435.81,35.27,97.13,0.68,-1,-1,-1
263,35,539.45,181.73,17.72,46.89,0.49,-1,-1,-1
263,8,169.80,349.08,34.47,44.03,0.53,-1,-1,-1
263,41,684.20,314.90,31.09,75.63,0.63,-1,-1,-1
263,42,693.98,256.04,28.00,54.74,0.56,-1,-1,-1
263,12,761.47,385.89,34.05,86.37,0.70,-1,-1,-1
263,16,981.59,356.47,33.68,74.29,0.58,-1,-1,-1
263,47,295.61,305.57,27.47,42.35,0.51,-1,-1,-1
263,49,75.81,267.67,33.04,70.81,0.70,-1,-1,-1
263,52,115.05,316.50,24.80,42.14,0.52,-1,-1,-1
263,54,422.75,245.47,22.35,62.02,0.65,-1,-1,-1
263,57,846.13,346.43,28.82,61.92,0.71,-1,-1,-1
263,58,43.80,407.32,22.13,40.72,0.41,-1,-1,-1
263,59,1155.75,353.34,16.79,38.14,0.57,-1,-1,-1
263,62,37.45,276.29,32.64,68.86,0.53,-1,-1,-1
263,67,1015.16,196.61,21.97,35.95,0.53,-1,-1,-1
263,24,236.34,466.79,41.63,69.64,0.56,-1,-1,-1
263,68,20.73,234.67,19.87,50.64,0.51,-1,-1,-1
263,69,437.25,696.63,52.77,58.21,0.63,-1,-1,-1
263,71,1295.44,392.51,17.05,39.08,0.22,-1,-1,-1
263,73,53.14,113.96,18.90,38.70,0.57,-1,-1,-1
263,74,26.14,160.28,17.23,48.06,0.63,-1,-1,-1
263,75,654.69,305.97,29.23,71.82,0.62,-1,-1,-1
263,38,249.66,141.58,14.38,28.97,0.49,-1,-1,-1
263,30,391.27,622.49,38.20,77.23,0.50,-1,-1,-1
263,76,481.03,228.47,22.80,51.29,0.58,-1,-1,-1
264,3,263.88,390.90,35.28,85.92,0.72,-1,-1,-1
264,4,255.66,274.89,23.85,54.06,0.71,-1,-1,-1
264,5,330.91,560.43,36.40,66.06,0.59,-1,-1,-1
264,6,277.38,546.17,52.79,67.17,0.58,-1,-1,-1
264,7,383.49,413.22,37.65,94.44,0.79,-1,-1,-1
264,9,333.00,169.77,15.49,25.80,0.60,-1,-1,-1
264,10,306.27,385.99,38.35,103.44,0.78,-1,-1,-1
264,15,941.67,458.42,41.17,100.72,0.73,-1,-1,-1
264,17,619.69,363.14,34.36,91.77,0.76,-1,-1,-1
264,18,325.44,304.82,27.30,40.92,0.55,-1,-1,-1
264,19,890.96,291.94,30.75,37.74,0.46,-1,-1,-1
264,20,180.77,418.03,46.40,60.61,0.58,-1,-1,-1
264,21,375.91,621.78,44.72,112.62,0.43,-1,-1,-1
264,25,400.33,332.15,23.19,42.64,0.53,-1,-1,-1
264,33,633.29,440.91,33.92,93.62,0.61,-1,-1,-1
264,35,539.96,181.97,17.68,47.06,0.49,-1,-1,-1
264,8,170.03,348.74,34.39,44.16,0.54,-1,-1,-1
264,41,683.21,315.22,31.43,76.69,0.65,-1,-1,-1
264,42,694.19,255.90,28.32,55.13,0.58,-1,-1,-1
264,12,761.08,385.30,34.22,87.37,0.69,-1,-1,-1
264,16,980.01,354.37,34.48,76.53,0.70,-1,-1,-1
264,47,297.67,306.34,26.92,40.86,0.50,-1,-1,-1
264,49,76.14,266.95,33.58,71.93,0.71,-1,-1,-1
264,52,113.91,316.44,26.77,45.66,0.50,-1,-1,-1
264,54,422.81,245.44,22.51,62.24,0.65,-1,-1,-1
264,57,845.60,346.36,29.19,62.29,0.68,-1,-1,-1
264,58,43.40,406.52,22.45,41.38,0.39,-1,-1,-1
264,59,1155.69,353.35,17.02,38.89,0.59,-1,-1,-1
264,62,40.57,282.78,29.59,62.29,0.44,-1,-1,-1
264,67,1016.05,196.48,22.33,36.68,0.55,-1,-1,-1
264,24,235.34,466.06,42.72,71.25,0.57,-1,-1,-1
264,68,22.58,234.54,21.14,52.92,0.46,-1,-1,-1
264,69,434.88,695.39,52.50,59.14,0.75,-1,-1,-1
264,71,1294.91,392.98,17.24,39.63,0.37,-1,-1,-1
264,73,56.35,114.19,19.00,38.76,0.58,-1,-1,-1
264,74,27.80,158.75,17.69,48.35,0.58,-1,-1,-1
264,75,653.33,307.30,28.05,69.34,0.60,-1,-1,-1
264,38,250.74,141.13,14.51,29.44,0.56,-1,-1,-1
264,30,389.58,622.76,37.33,76.27,0.49,-1,-1,-1
264,76,481.26,228.06,23.33,52.48,0.53,-1,-1,-1
265,3,263.55,390.86,34.98,85.78,0.71,-1,-1,-1
265,4,256.50,274.35,23.79,53.80,0.70,-1,-1,-1
265,5,328.94,560.07,37.21,68.06,0.74,-1,-1,-1
265,6,275.93,545.63,52.45,68.07,0.52,-1,-1,-1
265,7,382.24,413.07,37.39,94.43,0.80,-1,-1,-1
265,9,334.77,170.13,14.76,24.91,0.52,-1,-1,-1
265,10,305.83,386.01,38.38,103.49,0.78,-1,-1,-1
265,15,940.25,458.48,41.14,100.48,0.73,-1,-1,-1
265,17,620.38,365.38,33.78,90.16,0.79,-1,-1,-1
265,18,325.62,304.78,27.30,41.04,0.54,-1,-1,-1
265,19,891.15,292.15,31.38,37.97,0.43,-1,-1,-1
265,20,180.20,417.50,47.43,60.91,0.60,-1,-1,-1
265,21,371.38,623.85,47.48,120.31,0.39,-1,-1,-1
265,25,400.14,332.35,22.93,42.30,0.54,-1,-1,-1
265,33,632.56,439.83,34.56,95.90,0.55,-1,-1,-1
265,35,540.86,182.70,17.34,46.42,0.54,-1,-1,-1
265,8,170.57,348.48,34.18,44.14,0.55,-1,-1,-1
265,41,681.35,315.33,31.59,77.69,0.66,-1,-1,-1
265,42,694.05,256.00,28.46,55.10,0.60,-1,-1,-1
265,12,760.52,385.24,34.26,87.99,0.71,-1,-1,-1
265,16,978.54,352.92,35.00,78.05,0.66,-1,-1,-1
265,47,296.80,305.76,27.06,41.00,0.50,-1,-1,-1
265,49,76.55,266.44,33.70,72.16,0.71,-1,-1,-1
265,52,115.14,316.47,25.73,43.64,0.50,-1,-1,-1
265,54,422.97,245.45,22.53,62.19,0.65,-1,-1,-1
265,57,845.10,346.43,29.40,62.23,0.70,-1,-1,-1
265,58,42.16,406.43,22.54,41.23,0.38,-1,-1,-1
265,59,1155.55,353.41,17.01,39.09,0.58,-1,-1,-1
265,62,38.13,272.10,33.12,70.26,0.29,-1,-1,-1
265,67,1017.20,196.92,22.27,36.46,0.54,-1,-1,-1
265,24,234.92,465.46,43.54,72.09,0.61,-1,-1,-1
265,68,23.70,234.17,22.63,55.88,0.50,-1,-1,-1
265,69,433.37,694.40,52.05,59.82,0.83,-1,-1,-1
265,71,1294.62,393.77,17.05,39.29,0.30,-1,-1,-1
265,73,59.46,114.22,18.67,38.02,0.65,-1,-1,-1
265,74,30.06,157.80,18.15,48.95,0.60,-1,-1,-1
265,75,651.94,308.64,27.30,67.46,0.63,-1,-1,-1
265,38,251.98,140.37,14.35,29.18,0.43,-1,-1,-1
265,30,384.84,621.43,38.91,79.83,0.46,-1,-1,-1
265,76,481.37,227.69,23.50,52.94,0.46,-1,-1,-1
266,3,263.39,390.97,34.83,86.17,0.70,-1,-1,-1
266,4,256.98,273.44,23.75,53.74,0.67,-1,-1,-1
266,5,327.45,559.84,37.37,68.63,0.74,-1,-1,-1
266,6,274.27,543.70,54.48,71.83,0.51,-1,-1,-1
266,7,381.09,413.00,36.51,93.59,0.68,-1,-1,-1
266,9,337.36,170.06,14.77,25.23,0.57,-1,-1,-1
266,10,305.64,386.13,38.11,102.82,0.76,-1,-1,-1
266,15,938.93,458.62,40.91,99.66,0.74,-1,-1,-1
266,17,620.63,366.76,33.58,89.28,0.82,-1,-1,-1
266,18,325.93,304.88,26.80,40.25,0.54,-1,-1,-1
266,19,890.79,292.54,31.54,37.79,0.49,-1,-1,-1
266,20,179.78,417.02,48.00,60.72,0.60,-1,-1,-1
266,21,368.63,629.15,47.52,121.72,0.25,-1,-1,-1
266,25,399.91,332.68,22.67,41.91,0.61,-1,-1,-1
266,33,631.38,437.74,35.44,99.32,0.57,-1,-1,-1
266,35,541.58,183.21,17.12,46.02,0.49,-1,-1,-1
266,8,170.43,348.22,34.45,44.54,0.56,-1,-1,-1
266,41,680.33,315.56,31.64,78.52,0.65,-1,-1,-1
266,42,693.85,255.99,28.62,55.31,0.61,-1,-1,-1
266,12,760.09,385.32,34.13,88.05,0.72,-1,-1,-1
266,16,977.85,351.84,35.26,79.26,0.59,-1,-1,-1
266,47,296.90,305.63,26.77,40.54,0.47,-1,-1,-1
266,49,76.97,266.03,33.97,72.87,0.70,-1,-1,-1
266,52,116.68,316.64,24.15,40.65,0.48,-1,-1,-1
266,54,423.24,245.43,22.54,62.15,0.66,-1,-1,-1
266,57,844.59,346.54,29.63,62.29,0.69,-1,-1,-1
266,58,41.53,406.98,22.21,40.47,0.36,-1,-1,-1
266,59,1155.70,353.48,16.93,39.09,0.55,-1,-1,-1
266,62,38.39,270.39,33.17,70.80,0.32,-1,-1,-1
266,67,1018.32,197.28,22.26,36.20,0.55,-1,-1,-1
266,24,235.37,464.45,44.36,73.51,0.60,-1,-1,-1
266,68,24.26,233.61,23.78,58.14,0.53,-1,-1,-1
266,69,431.29,693.39,51.95,60.98,0.82,-1,-1,-1
266,71,1294.70,394.18,16.65,38.27,0.23,-1,-1,-1
266,73,61.94,113.93,18.97,38.54,0.65,-1,-1,-1
266,74,32.56,157.53,18.21,48.24,0.66,-1,-1,-1
266,75,649.10,308.86,27.56,68.10,0.67,-1,-1,-1
266,38,254.44,141.32,14.20,28.94,0.49,-1,-1,-1
266,30,378.65,619.16,41.09,84.80,0.47,-1,-1,-1
266,76,481.07,228.30,23.52,53.14,0.55,-1,-1,-1
267,3,263.21,390.47,35.07,87.20,0.72,-1,-1,-1
267,4,257.19,272.60,23.87,53.99,0.72,-1,-1,-1
267,5,326.50,559.83,37.28,68.47,0.76,-1,-1,-1
267,6,274.49,543.83,52.78,70.96,0.50,-1,-1,-1
267,7,379.93,413.00,37.01,96.82,0.66,-1,-1,-1
267,9,339.11,169.92,14.73,25.45,0.61,-1,-1,-1
267,10,305.24,386.16,38.26,103.47,0.73,-1,-1,-1
267,15,936.59,458.74,40.74,99.40,0.74,-1,-1,-1
267,17,620.92,367.90,33.30,87.91,0.80,-1,-1,-1
267,18,326.88,304.58,26.02,38.55,0.48,-1,-1,-1
267,19,890.74,292.53,32.02,37.97,0.47,-1,-1,-1
267,20,179.92,416.32,48.76,60.77,0.59,-1,-1,-1
267,21,365.69,626.68,49.13,126.66,0.58,-1,-1,-1
267,25,400.15,332.72,22.43,41.54,0.60,-1,-1,-1
267,33,629.62,432.19,37.13,105.16,0.62,-1,-1,-1
267,35,542.57,182.83,16.77,44.83,0.54,-1,-1,-1
267,8,169.59,347.97,34.41,44.16,0.55,-1,-1,-1
267,41,678.80,316.54,31.48,78.06,0.70,-1,-1,-1
267,42,694.01,256.13,28.54,55.11,0.60,-1,-1,-1
267,12,760.63,386.07,32.37,82.46,0.70,-1,-1,-1
267,16,978.18,349.78,34.95,79.81,0.61,-1,-1,-1
267,47,296.94,305.36,26.89,40.80,0.49,-1,-1,-1
267,49,77.47,265.68,33.83,72.74,0.67,-1,-1,-1
267,52,116.19,316.64,25.37,42.95,0.44,-1,-1,-1
267,54,423.52,245.33,22.60,62.24,0.66,-1,-1,-1
267,57,844.04,346.50,29.91,62.53,0.67,-1,-1,-1
267,58,42.68,409.15,21.00,37.97,0.33,-1,-1,-1
267,59,1155.83,353.70,16.64,38.52,0.57,-1,-1,-1
267,62,39.58,271.91,31.62,67.61,0.39,-1,-1,-1
267,67,1019.02,197.45,22.43,36.06,0.49,-1,-1,-1
267,24,235.00,464.17,44.52,73.95,0.53,-1,-1,-1
267,68,24.81,233.34,25.36,61.76,0.56,-1,-1,-1
267,69,428.82,691.70,52.38,62.95,0.78,-1,-1,-1
267,71,1294.33,394.41,16.91,38.74,0.25,-1,-1,-1
267,73,63.69,112.81,19.57,39.75,0.64,-1,-1,-1
267,74,34.25,156.86,18.68,48.55,0.70,-1,-1,-1
267,75,647.33,309.81,28.34,69.97,0.59,-1,-1,-1
267,38,255.86,140.98,14.36,29.38,0.54,-1,-1,-1
267,30,378.52,619.02,39.67,82.26,0.44,-1,-1,-1
267,76,481.39,229.67,22.84,51.73,0.57,-1,-1,-1
268,3,263.11,389.88,35.25,87.81,0.72,-1,-1,-1
268,4,257.21,271.74,24.62,55.77,0.69,-1,-1,-1
268,5,325.77,559.77,37.19,68.24,0.76,-1,-1,-1
268,6,274.70,542.99,50.94,68.78,0.58,-1,-1,-1
268,7,379.46,413.31,35.86,94.73,0.65,-1,-1,-1
268,9,340.45,169.62,15.00,26.25,0.59,-1,-1,-1
268,10,305.01,386.37,37.67,102.10,0.72,-1,-1,-1
268,15,931.92,459.16,40.38,99.19,0.76,-1,-1,-1
268,17,620.71,370.16,32.63,85.55,0.77,-1,-1,-1
268,18,326.20,304.47,24.82,36.40,0.48,-1,-1,-1
268,19,890.66,292.48,32.37,38.03,0.47,-1,-1,-1
268,20,179.33,415.69,49.84,61.05,0.59,-1,-1,-1
268,21,363.21,624.42,50.24,130.24,0.58,-1,-1,-1
268,25,400.22,332.42,22.36,41.40,0.60,-1,-1,-1
268,33,627.80,429.19,37.52,107.05,0.71,-1,-1,-1
268,35,543.07,182.46,16.78,44.71,0.57,-1,-1,-1
268,8,169.27,347.80,34.60,44.03,0.52,-1,-1,-1
268,41,677.22,317.50,30.75,75.96,0.67,-1,-1,-1
268,42,693.85,256.27,28.39,54.93,0.59,-1,-1,-1
268,12,760.41,386.46,31.55,79.17,0.72,-1,-1,-1
268,16,978.64,348.25,34.79,80.28,0.54,-1,-1,-1
268,47,297.40,305.79,26.31,39.59,0.49,-1,-1,-1
268,49,78.05,265.61,33.50,72.26,0.69,-1,-1,-1
268,52,116.49,316.46,25.00,42.42,0.41,-1,-1,-1
268,54,423.87,245.15,22.61,62.18,0.66,-1,-1,-1
268,57,843.33,346.07,30.23,63.04,0.67,-1,-1,-1
268,58,43.06,409.57,20.90,37.33,0.47,-1,-1,-1
268,59,1156.11,354.06,16.46,38.07,0.74,-1,-1,-1
268,62,40.26,269.72,31.93,69.10,0.40,-1,-1,-1
268,67,1018.51,196.93,22.84,36.93,0.50,-1,-1,-1
268,24,234.69,463.78,44.72,75.19,0.53,-1,-1,-1
268,68,25.69,233.36,25.66,62.19,0.55,-1,-1,-1
268,69,425.73,690.01,52.83,65.08,0.72,-1,-1,-1
268,71,1294.29,394.53,16.93,38.55,0.22,-1,-1,-1
268,73,65.93,111.99,20.07,40.71,0.61,-1,-1,-1
268,74,36.47,155.97,19.19,49.17,0.64,-1,-1,-1
268,75,642.94,310.77,28.65,71.29,0.62,-1,-1,-1
268,38,256.74,141.66,14.55,29.74,0.43,-1,-1,-1
268,30,375.07,616.51,41.32,86.86,0.34,-1,-1,-1
268,76,481.91,229.34,22.67,51.66,0.59,-1,-1,-1
268,77,87.07,333.36,33.29,47.53,0.60,-1,-1,-1
268,78,243.20,486.39,55.67,70.55,0.58,-1,-1,-1
269,3,262.58,389.38,35.61,88.70,0.69,-1,-1,-1
269,4,257.91,270.71,24.85,55.68,0.66,-1,-1,-1
269,5,324.92,559.46,37.24,68.18,0.75,-1,-1,-1
269,6,274.43,542.32,49.33,66.73,0.65,-1,-1,-1
269,7,379.00,413.27,35.08,92.78,0.74,-1,-1,-1
269,9,342.30,169.53,14.85,26.26,0.60,-1,-1,-1
269,10,304.97,386.31,37.29,101.19,0.73,-1,-1,-1
269,15,928.35,459.49,40.21,99.15,0.82,-1,-1,-1
269,17,621.19,370.89,32.39,84.63,0.68,-1,-1,-1
269,18,325.78,304.27,24.10,34.97,0.44,-1,-1,-1
269,19,890.70,292.70,32.49,37.76,0.47,-1,-1,-1
269,20,178.67,415.24,50.74,61.20,0.58,-1,-1,-1
269,21,362.05,626.86,48.87,126.53,0.53,-1,-1,-1
269,25,400.49,332.34,22.04,40.82,0.58,-1,-1,-1
269,33,627.69,428.86,37.01,106.52,0.74,-1,-1,-1
269,35,543.97,181.90,16.52,43.78,0.51,-1,-1,-1
269,8,167.59,347.46,35.08,43.75,0.53,-1,-1,-1
269,41,675.86,317.85,30.48,75.19,0.58,-1,-1,-1
269,42,693.54,256.08,28.46,55.30,0.59,-1,-1,-1
269,12,759.53,385.99,31.55,78.33,0.72,-1,-1,-1
269,16,977.42,349.14,34.86,80.83,0.62,-1,-1,-1
269,47,298.19,306.10,25.51,38.23,0.48,-1,-1,-1
269,49,78.66,265.50,33.51,72.77,0.67,-1,-1,-1
269,52,118.62,316.03,23.07,38.76,0.40,-1,-1,-1
269,54,424.00,244.96,22.70,62.31,0.67,-1,-1,-1
269,57,842.51,344.93,30.79,64.29,0.61,-1,-1,-1
269,58,43.64,407.61,21.77,38.83,0.45,-1,-1,-1
269,59,1156.02,353.82,16.73,38.68,0.66,-1,-1,-1
269,62,40.32,266.08,32.84,72.20,0.20,-1,-1,-1
269,67,1018.70,196.61,22.85,36.98,0.43,-1,-1,-1
269,24,242.03,469.85,46.49,78.34,0.54,-1,-1,-1
269,68,26.63,233.66,26.07,62.97,0.57,-1,-1,-1
269,69,423.20,688.72,52.10,66.03,0.73,-1,-1,-1
269,71,1294.22,394.79,17.00,38.64,0.19,-1,-1,-1
269,73,68.50,112.48,19.56,39.71,0.62,-1,-1,-1
269,74,39.23,155.79,19.27,48.64,0.62,-1,-1,-1
269,75,640.43,311.40,28.61,71.64,0.65,-1,-1,-1
269,38,258.81,141.37,14.10,28.91,0.51,-1,-1,-1
269,30,373.65,617.44,38.79,81.11,0.43,-1,-1,-1
269,76,481.83,229.06,22.97,52.58,0.55,-1,-1,-1
269,77,87.55,332.78,33.31,47.51,0.55,-1,-1,-1
269,78,242.88,486.54,55.21,69.97,0.67,-1,-1,-1
270,3,262.18,389.17,35.78,89.03,0.70,-1,-1,-1
270,4,258.25,269.83,25.05,55.69,0.65,-1,-1,-1
270,5,323.70,559.26,37.45,68.61,0.75,-1,-1,-1
270,6,273.55,541.47,49.11,66.55,0.62,-1,-1,-1
270,7,378.06,413.06,35.46,93.06,0.69,-1,-1,-1
270,9,343.79,169.81,15.16,27.06,0.60,-1,-1,-1
270,10,304.54,386.19,37.15,100.81,0.74,-1,-1,-1
270,15,925.16,459.33,40.32,100.25,0.81,-1,-1,-1
270,17,622.56,371.98,32.30,83.92,0.66,-1,-1,-1
270,18,326.43,304.20,25.14,36.29,0.42,-1,-1,-1
270,19,890.06,293.43,32.10,37.10,0.51,-1,-1,-1
270,20,177.92,415.02,51.35,61.07,0.58,-1,-1,-1
270,21,361.87,620.82,47.24,122.36,0.42,-1,-1,-1
270,25,400.62,332.19,21.98,40.66,0.57,-1,-1,-1
270,33,626.86,428.24,37.17,107.69,0.71,-1,-1,-1
270,35,544.87,181.87,16.88,44.51,0.46,-1,-1,-1
270,8,166.56,347.45,35.40,43.31,0.51,-1,-1,-1
270,41,673.99,318.88,30.01,73.90,0.56,-1,-1,-1
270,42,693.47,256.42,28.31,55.25,0.60,-1,-1,-1
270,12,756.81,385.78,31.74,79.17,0.74,-1,-1,-1
270,16,976.70,349.25,34.86,81.25,0.67,-1,-1,-1
270,47,298.32,306.08,24.84,36.86,0.46,-1,-1,-1
270,49,79.15,265.57,33.25,72.61,0.66,-1,-1,-1
270,52,119.84,315.93,22.35,37.28,0.39,-1,-1,-1
270,54,424.07,244.92,22.85,62.63,0.66,-1,-1,-1
270,57,840.95,344.11,30.93,64.61,0.61,-1,-1,-1
270,58,44.31,408.21,21.68,37.82,0.29,-1,-1,-1
270,59,1156.11,353.95,16.75,38.69,0.70,-1,-1,-1
270,62,38.11,264.75,32.76,72.23,0.34,-1,-1,-1
270,67,1019.13,196.62,22.52,36.29,0.44,-1,-1,-1
270,24,243.07,471.92,47.51,78.72,0.53,-1,-1,-1
270,68,27.07,234.73,25.59,62.00,0.51,-1,-1,-1
270,69,419.54,686.45,52.60,68.59,0.74,-1,-1,-1
270,73,70.57,112.62,19.10,38.86,0.58,-1,-1,-1
270,74,41.90,155.13,19.58,48.58,0.74,-1,-1,-1
270,75,637.89,311.26,28.41,71.16,0.61,-1,-1,-1
270,38,259.95,140.98,14.06,29.04,0.63,-1,-1,-1
270,30,374.21,618.13,36.38,75.95,0.63,-1,-1,-1
270,76,482.67,228.09,22.93,52.84,0.54,-1,-1,-1
270,77,88.31,332.19,33.56,47.74,0.55,-1,-1,-1
270,78,240.70,486.03,55.53,70.25,0.57,-1,-1,-1
271,3,261.47,389.12,35.98,89.31,0.68,-1,-1,-1
271,4,258.82,269.04,25.44,56.05,0.68,-1,-1,-1
271,5,322.35,558.77,37.36,68.42,0.69,-1,-1,-1
271,6,272.13,540.49,49.23,67.09,0.64,-1,-1,-1
271,7,376.96,412.76,35.95,93.17,0.68,-1,-1,-1
271,9,346.05,169.77,15.70,28.30,0.56,-1,-1,-1
271,10,304.10,386.08,36.57,99.25,0.71,-1,-1,-1
271,15,922.52,457.80,40.59,101.56,0.83,-1,-1,-1
271,17,623.75,372.66,32.92,85.27,0.65,-1,-1,-1
271,18,326.77,304.03,25.78,37.05,0.42,-1,-1,-1
271,19,889.40,293.84,31.94,36.89,0.53,-1,-1,-1
271,20,181.85,415.68,48.54,59.09,0.60,-1,-1,-1
271,21,360.82,638.15,37.86,96.47,0.33,-1,-1,-1
271,25,400.96,331.79,22.08,40.66,0.55,-1,-1,-1
271,33,626.20,431.14,36.98,108.00,0.66,-1,-1,-1
271,35,545.12,182.28,17.20,45.42,0.48,-1,-1,-1
271,8,163.79,347.37,36.49,43.22,0.52,-1,-1,-1
271,41,671.12,319.27,29.60,72.49,0.63,-1,-1,-1
271,42,693.72,257.10,27.91,54.67,0.61,-1,-1,-1
271,12,755.34,386.81,31.28,78.22,0.72,-1,-1,-1
271,16,976.53,349.47,34.71,81.36,0.64,-1,-1,-1
271,47,298.48,305.87,24.61,36.28,0.50,-1,-1,-1
271,49,79.86,265.28,32.82,72.29,0.62,-1,-1,-1
271,52,120.40,315.51,21.87,36.25,0.40,-1,-1,-1
271,54,424.41,244.98,22.80,62.40,0.68,-1,-1,-1
271,57,840.64,343.56,30.95,64.93,0.63,-1,-1,-1
271,58,41.65,404.80,23.44,41.08,0.21,-1,-1,-1
271,59,1155.94,354.16,16.63,38.52,0.60,-1,-1,-1
271,62,37.68,264.27,31.96,70.82,0.34,-1,-1,-1
271,67,1019.49,196.28,22.85,36.68,0.49,-1,-1,-1
271,24,242.13,472.28,48.85,79.47,0.43,-1,-1,-1
271,68,27.42,233.39,24.91,60.56,0.42,-1,-1,-1
271,69,417.20,684.25,53.06,71.15,0.72,-1,-1,-1
271,73,72.02,112.05,19.67,39.97,0.60,-1,-1,-1
271,74,44.83,154.36,19.48,47.85,0.65,-1,-1,-1
271,75,635.18,311.40,28.51,71.42,0.70,-1,-1,-1
271,38,261.20,140.56,14.41,29.96,0.54,-1,-1,-1
271,30,371.18,618.03,36.18,74.48,0.57,-1,-1,-1
271,76,482.71,241.57,20.05,44.82,0.54,-1,-1,-1
271,77,87.80,331.86,33.47,47.53,0.52,-1,-1,-1
271,78,239.39,484.82,56.30,71.14,0.50,-1,-1,-1
272,3,261.14,388.53,36.39,90.11,0.68,-1,-1,-1
272,4,260.05,268.12,25.37,55.56,0.70,-1,-1,-1
272,5,321.27,558.36,37.23,68.21,0.72,-1,-1,-1
272,6,270.40,539.94,50.91,69.85,0.60,-1,-1,-1
272,7,376.31,412.58,36.30,93.15,0.69,-1,-1,-1
272,9,348.08,169.36,15.64,28.54,0.62,-1,-1,-1
272,10,303.82,386.13,36.24,98.40,0.71,-1,-1,-1
272,15,920.70,458.57,40.09,100.84,0.84,-1,-1,-1
272,17,624.87,373.43,32.91,85.04,0.66,-1,-1,-1
272,18,327.06,303.49,27.46,39.80,0.48,-1,-1,-1
272,19,889.28,293.92,31.80,36.77,0.52,-1,-1,-1
272,20,184.33,415.80,46.51,57.85,0.61,-1,-1,-1
272,21,358.18,622.28,44.66,113.57,0.56,-1,-1,-1
272,25,400.74,331.86,22.09,40.57,0.57,-1,-1,-1
272,33,624.91,431.53,36.99,108.61,0.65,-1,-1,-1
272,35,545.81,182.42,17.20,45.66,0.47,-1,-1,-1
272,8,161.69,347.10,37.70,43.33,0.54,-1,-1,-1
272,41,668.30,319.23,30.22,73.86,0.69,-1,-1,-1
272,42,694.13,257.17,27.74,54.42,0.60,-1,-1,-1
272,12,752.48,386.05,32.86,82.80,0.74,-1,-1,-1
272,16,975.90,349.18,34.72,82.04,0.65,-1,-1,-1
272,47,298.65,305.15,25.08,36.86,0.50,-1,-1,-1
272,49,80.72,265.01,32.54,72.23,0.64,-1,-1,-1
272,52,120.92,314.97,22.91,37.69,0.42,-1,-1,-1
272,54,424.68,244.81,22.87,62.49,0.67,-1,-1,-1
272,57,839.96,341.39,31.91,67.38,0.67,-1,-1,-1
272,58,41.22,403.58,24.39,42.03,0.19,-1,-1,-1
272,59,1155.88,354.10,16.77,38.99,0.60,-1,-1,-1
272,62,42.24,267.81,30.92,68.93,0.39,-1,-1,-1
272,67,1022.08,198.31,22.86,36.22,0.49,-1,-1,-1
272,24,240.08,476.43,48.64,76.19,0.37,-1,-1,-1
272,68,28.39,232.48,23.33,56.77,0.48,-1,-1,-1
272,69,413.69,680.76,54.32,75.04,0.80,-1,-1,-1
272,73,73.69,111.89,20.00,40.58,0.60,-1,-1,-1
272,74,47.08,153.87,19.85,48.27,0.66,-1,-1,-1
272,75,632.92,311.89,28.39,71.07,0.71,-1,-1,-1
272,38,263.47,141.07,14.39,29.80,0.49,-1,-1,-1
272,30,370.44,618.11,35.54,73.21,0.24,-1,-1,-1
272,76,482.58,246.92,19.02,41.49,0.54,-1,-1,-1
272,77,87.64,330.91,34.11,48.32,0.48,-1,-1,-1
272,78,237.77,483.27,57.36,72.36,0.35,-1,-1,-1
272,79,513.16,251.07,21.23,35.99,0.60,-1,-1,-1
273,3,260.72,388.31,36.61,90.35,0.68,-1,-1,-1
273,4,260.68,267.32,25.32,54.33,0.70,-1,-1,-1
273,5,320.75,558.28,36.87,67.47,0.66,-1,-1,-1
273,6,267.80,539.63,52.23,71.67,0.58,-1,-1,-1
273,7,376.07,414.56,35.92,91.05,0.62,-1,-1,-1
273,9,349.67,169.62,15.88,29.27,0.60,-1,-1,-1
273,10,303.42,386.14,36.07,97.90,0.73,-1,-1,-1
273,15,918.62,459.91,38.87,99.04,0.85,-1,-1,-1
273,17,626.33,374.81,32.04,82.13,0.70,-1,-1,-1
273,18,327.86,303.47,26.75,38.64,0.47,-1,-1,-1
273,19,890.13,294.22,31.54,36.38,0.49,-1,-1,-1
273,20,184.34,415.45,46.05,57.78,0.66,-1,-1,-1
273,21,354.61,619.13,49.73,126.85,0.12,-1,-1,-1
273,25,400.49,332.09,21.92,40.20,0.58,-1,-1,-1
273,33,623.14,434.88,35.75,105.46,0.69,-1,-1,-1
273,35,547.02,181.96,17.36,46.08,0.55,-1,-1,-1
273,8,161.10,346.93,38.76,43.45,0.56,-1,-1,-1
273,41,667.05,319.50,30.68,74.80,0.69,-1,-1,-1
273,42,694.76,257.33,27.70,54.39,0.60,-1,-1,-1
273,12,751.39,385.63,33.05,84.11,0.76,-1,-1,-1
273,16,975.45,348.91,34.61,82.71,0.62,-1,-1,-1
273,47,298.67,305.00,24.43,35.50,0.50,-1,-1,-1
273,49,81.37,265.20,32.20,71.90,0.65,-1,-1,-1
273,52,120.99,314.35,24.73,40.35,0.45,-1,-1,-1
273,54,425.21,244.68,22.85,62.34,0.64,-1,-1,-1
273,57,838.94,338.19,33.17,70.81,0.66,-1,-1,-1
273,58,38.66,399.94,26.24,45.05,0.24,-1,-1,-1
273,59,1155.91,354.53,16.58,38.52,0.64,-1,-1,-1
273,62,45.14,269.25,29.77,66.97,0.44,-1,-1,-1
273,67,1023.53,199.58,22.78,35.56,0.48,-1,-1,-1
273,24,237.79,477.81,49.15,74.08,0.25,-1,-1,-1
273,68,30.49,232.30,26.79,64.44,0.59,-1,-1,-1
273,69,411.24,678.79,54.19,76.93,0.77,-1,-1,-1
273,73,75.07,112.47,20.10,40.67,0.70,-1,-1,-1
273,74,50.70,153.70,19.99,47.92,0.76,-1,-1,-1
273,75,631.81,312.82,28.15,70.18,0.62,-1,-1,-1
273,38,265.61,140.99,14.11,29.07,0.57,-1,-1,-1
273,30,364.72,616.44,38.11,78.65,0.53,-1,-1,-1
273,76,483.40,248.16,18.67,39.96,0.40,-1,-1,-1
273,77,88.11,330.58,34.34,48.52,0.48,-1,-1,-1
273,78,236.18,482.81,57.74,72.57,0.19,-1,-1,-1
273,79,513.55,251.40,21.16,35.85,0.58,-1,-1,-1
274,3,260.44,388.20,36.69,90.21,0.65,-1,-1,-1
274,4,261.41,266.79,24.78,52.38,0.71,-1,-1,-1
274,5,319.85,557.89,36.54,66.94,0.60,-1,-1,-1
274,6,265.83,539.30,52.45,71.83,0.55,-1,-1,-1
274,7,375.60,413.66,36.48,91.74,0.67,-1,-1,-1
274,9,352.12,170.50,15.50,28.69,0.54,-1,-1,-1
274,10,302.91,386.06,36.09,97.74,0.71,-1,-1,-1
274,15,915.35,459.47,38.39,98.60,0.77,-1,-1,-1
274,17,625.90,374.69,33.20,84.67,0.68,-1,-1,-1
274,18,328.36,303.35,27.08,39.06,0.47,-1,-1,-1
274,19,891.45,294.14,31.72,36.98,0.48,-1,-1,-1
274,20,186.38,415.17,45.31,57.84,0.65,-1,-1,-1
274,21,350.30,617.30,51.50,132.37,0.47,-1,-1,-1
274,25,400.47,332.10,21.84,40.05,0.58,-1,-1,-1
274,33,621.30,436.39,35.37,104.75,0.75,-1,-1,-1
274,35,548.52,181.62,17.51,46.19,0.58,-1,-1,-1
274,8,161.64,346.80,39.57,43.58,0.53,-1,-1,-1
274,41,665.77,321.18,30.28,73.45,0.69,-1,-1,-1
274,42,695.02,256.81,28.04,55.08,0.58,-1,-1,-1
274,12,750.36,384.26,33.40,85.87,0.76,-1,-1,-1
274,16,973.94,348.92,34.00,83.12,0.55,-1,-1,-1
274,47,298.81,304.77,24.00,34.45,0.45,-1,-1,-1
274,49,82.11,264.48,32.60,73.46,0.66,-1,-1,-1
274,52,121.10,314.01,25.23,40.91,0.50,-1,-1,-1
274,54,426.03,244.46,22.84,62.33,0.61,-1,-1,-1
274,57,838.12,335.73,33.86,73.13,0.65,-1,-1,-1
274,58,39.55,399.41,26.51,45.70,0.16,-1,-1,-1
274,59,1156.48,355.63,16.15,37.39,0.62,-1,-1,-1
274,62,46.40,268.71,30.07,68.15,0.48,-1,-1,-1
274,67,1024.54,199.94,22.96,35.63,0.54,-1,-1,-1
274,24,234.60,473.69,52.37,77.23,0.22,-1,-1,-1
274,68,31.37,231.28,28.12,67.44,0.61,-1,-1,-1
274,69,408.46,677.05,54.28,78.87,0.74,-1,-1,-1
274,73,76.90,113.55,19.27,38.85,0.65,-1,-1,-1
274,74,54.01,153.47,19.91,47.57,0.65,-1,-1,-1
274,75,629.73,313.30,28.32,70.83,0.70,-1,-1,-1
274,38,267.34,141.53,13.33,27.28,0.59,-1,-1,-1
274,30,361.74,614.53,39.38,81.44,0.58,-1,-1,-1
274,76,483.90,249.11,18.69,39.34,0.44,-1,-1,-1
274,77,87.76,329.26,35.00,49.15,0.32,-1,-1,-1
274,78,231.92,481.41,58.72,73.04,0.12,-1,-1,-1
274,79,514.27,250.97,21.10,35.77,0.57,-1,-1,-1
275,3,260.02,388.24,36.57,89.72,0.63,-1,-1,-1
275,4,261.17,266.24,24.68,51.68,0.70,-1,-1,-1
275,5,316.94,557.82,36.08,66.72,0.53,-1,-1,-1
275,6,266.36,538.40,52.07,72.24,0.52,-1,-1,-1
275,7,374.53,412.09,37.16,92.80,0.65,-1,-1,-1
275,9,354.83,170.73,15.02,28.02,0.59,-1,-1,-1
275,10,302.78,386.08,36.04,97.49,0.71,-1,-1,-1
275,15,912.67,458.77,38.08,98.37,0.73,-1,-1,-1
275,17,624.45,373.33,35.12,89.22,0.66,-1,-1,-1
275,18,329.37,303.38,26.29,37.70,0.51,-1,-1,-1
275,19,893.04,294.30,31.45,37.02,0.51,-1,-1,-1
275,20,188.18,414.88,44.46,57.87,0.66,-1,-1,-1
275,21,347.04,615.41,52.83,136.53,0.50,-1,-1,-1
275,25,400.40,332.02,21.99,40.41,0.57,-1,-1,-1
275,33,618.71,438.50,34.65,102.40,0.74,-1,-1,-1
275,35,549.73,181.58,17.63,46.04,0.62,-1,-1,-1
275,8,161.40,346.50,40.27,43.59,0.56,-1,-1,-1
275,41,664.43,321.66,30.51,74.08,0.68,-1,-1,-1
275,42,695.72,256.91,28.03,54.99,0.58,-1,-1,-1
275,12,749.71,384.62,32.88,85.19,0.76,-1,-1,-1
275,16,973.02,348.49,33.69,84.26,0.60,-1,-1,-1
275,47,299.48,304.44,23.71,33.57,0.44,-1,-1,-1
275,49,84.08,264.62,31.48,71.33,0.62,-1,-1,-1
275,52,120.88,313.76,26.22,42.59,0.45,-1,-1,-1
275,54,426.62,244.38,22.84,62.44,0.60,-1,-1,-1
275,57,837.09,333.91,34.28,74.99,0.66,-1,-1,-1
275,58,40.86,399.38,26.54,45.57,0.22,-1,-1,-1
275,59,1156.74,356.44,16.06,37.33,0.60,-1,-1,-1
275,62,47.50,268.61,30.27,69.08,0.43,-1,-1,-1
275,67,1025.60,199.73,23.58,36.33,0.54,-1,-1,-1
275,24,233.22,475.62,52.73,75.36,0.35,-1,-1,-1
275,68,33.14,230.56,26.78,64.36,0.57,-1,-1,-1
275,69,406.20,674.56,54.70,81.44,0.75,-1,-1,-1
275,73,78.96,114.40,18.51,37.27,0.66,-1,-1,-1
275,74,58.10,153.21,20.01,47.33,0.70,-1,-1,-1
275,75,628.40,314.27,27.37,68.14,0.72,-1,-1,-1
275,38,269.17,141.30,13.84,28.27,0.59,-1,-1,-1
275,30,360.10,614.35,39.56,82.00,0.54,-1,-1,-1
275,76,483.09,248.54,19.46,40.64,0.35,-1,-1,-1
275,77,92.38,329.71,35.04,48.26,0.44,-1,-1,-1
275,78,232.73,480.96,59.14,73.39,0.17,-1,-1,-1
275,79,513.54,250.26,21.88,37.03,0.58,-1,-1,-1
275,80,0.87,170.32,17.04,28.69,0.65,-1,-1,-1
276,3,259.38,388.01,36.80,90.08,0.62,-1,-1,-1
276,4,259.84,265.65,25.60,52.99,0.66,-1,-1,-1
276,5,314.55,557.58,36.09,67.06,0.59,-1,-1,-1
276,6,266.02,537.90,50.80,71.11,0.55,-1,-1,-1
276,7,372.87,409.67,38.16,95.06,0.72,-1,-1,-1
276,9,357.09,170.64,15.46,29.19,0.58,-1,-1,-1
276,10,302.82,385.98,35.97,97.18,0.74,-1,-1,-1
276,15,909.82,458.54,37.85,98.29,0.69,-1,-1,-1
276,17,623.86,373.07,36.11,91.60,0.63,-1,-1,-1
276,18,329.77,303.28,25.93,37.02,0.49,-1,-1,-1
276,19,893.12,294.35,31.41,37.02,0.52,-1,-1,-1
276,20,188.48,414.51,44.03,58.16,0.64,-1,-1,-1
276,21,344.78,613.89,52.76,137.14,0.56,-1,-1,-1
276,25,400.65,331.72,22.35,41.06,0.54,-1,-1,-1
276,33,617.79,443.68,33.14,97.16,0.75,-1,-1,-1
276,35,551.17,181.50,17.58,45.60,0.67,-1,-1,-1
276,8,163.39,346.46,40.19,43.38,0.53,-1,-1,-1
276,41,662.52,320.97,31.01,75.02,0.64,-1,-1,-1
276,42,696.47,257.36,27.84,54.44,0.61,-1,-1,-1
276,12,748.83,385.16,32.32,84.20,0.77,-1,-1,-1
276,16,972.22,347.86,33.13,84.83,0.61,-1,-1,-1
276,47,300.05,303.91,23.83,33.38,0.45,-1,-1,-1
276,49,85.56,264.59,30.92,70.41,0.62,-1,-1,-1
276,52,120.97,313.28,29.55,48.03,0.42,-1,-1,-1
276,54,427.23,244.23,22.76,62.27,0.60,-1,-1,-1
276,57,836.18,332.37,34.40,76.48,0.66,-1,-1,-1
276,58,41.58,397.95,27.50,46.92,0.19,-1,-1,-1
276,59,1157.34,356.33,16.12,37.61,0.49,-1,-1,-1
276,62,44.25,265.12,29.35,66.56,0.42,-1,-1,-1
276,67,1025.96,200.35,23.11,35.62,0.57,-1,-1,-1
276,24,230.85,473.68,55.59,77.99,0.36,-1,-1,-1
276,68,33.07,230.49,26.29,63.20,0.51,-1,-1,-1
276,69,403.90,671.90,55.05,84.10,0.77,-1,-1,-1
276,73,79.80,114.57,18.53,37.21,0.62,-1,-1,-1
276,74,61.44,152.97,19.52,46.20,0.64,-1,-1,-1
276,75,626.17,316.11,28.25,70.42,0.68,-1,-1,-1
276,38,271.71,140.86,14.48,29.59,0.54,-1,-1,-1
276,30,358.31,613.30,39.90,83.21,0.38,-1,-1,-1
276,76,482.37,239.49,23.49,49.24,0.41,-1,-1,-1
276,77,96.05,331.18,35.90,48.97,0.38,-1,-1,-1
276,78,231.56,478.91,60.72,75.37,0.12,-1,-1,-1
276,79,514.20,249.42,22.03,37.29,0.50,-1,-1,-1
276,80,1.56,170.07,17.20,28.85,0.61,-1,-1,-1
276,81,110.90,364.53,33.32,38.01,0.56,-1,-1,-1
277,3,258.98,387.84,36.87,90.11,0.64,-1,-1,-1
277,4,259.68,265.48,26.13,53.56,0.67,-1,-1,-1
277,5,312.93,556.91,36.38,67.60,0.59,-1,-1,-1
277,6,265.25,537.30,50.19,70.98,0.54,-1,-1,-1
277,7,370.88,408.30,38.88,96.27,0.66,-1,-1,-1
277,9,359.42,171.00,15.82,30.25,0.62,-1,-1,-1
277,10,302.38,385.74,36.00,97.23,0.75,-1,-1,-1
277,15,906.51,459.16,38.11,99.11,0.76,-1,-1,-1
277,17,623.84,372.78,36.79,93.50,0.66,-1,-1,-1
277,18,330.34,303.08,25.85,36.69,0.50,-1,-1,-1
277,19,893.44,294.69,31.23,36.88,0.55,-1,-1,-1
277,20,189.44,414.23,43.45,58.16,0.60,-1,-1,-1
277,21,343.32,612.79,52.34,136.69,0.57,-1,-1,-1
277,25,401.22,330.95,22.66,41.59,0.51,-1,-1,-1
277,33,617.44,448.26,31.60,91.61,0.79,-1,-1,-1
277,35,552.55,181.45,17.63,45.66,0.63,-1,-1,-1
277,8,163.01,345.91,40.87,43.60,0.54,-1,-1,-1
277,41,660.74,321.08,31.23,75.04,0.66,-1,-1,-1
277,42,697.09,258.27,27.43,53.68,0.59,-1,-1,-1
277,12,748.04,386.44,31.70,82.75,0.75,-1,-1,-1
277,16,971.67,347.56,32.45,84.83,0.63,-1,-1,-1
277,47,300.61,303.46,24.28,33.61,0.44,-1,-1,-1
277,49,87.29,264.35,29.81,67.94,0.52,-1,-1,-1
277,52,118.94,312.86,28.75,47.52,0.38,-1,-1,-1
277,54,429.03,244.87,22.84,62.64,0.57,-1,-1,-1
277,57,835.30,330.86,34.66,78.37,0.70,-1,-1,-1
277,58,41.12,397.25,27.90,47.90,0.24,-1,-1,-1
277,59,1157.88,356.50,16.37,38.25,0.50,-1,-1,-1
277,67,1025.69,199.70,23.95,37.03,0.60,-1,-1,-1
277,24,227.95,465.56,54.67,78.09,0.47,-1,-1,-1
277,68,33.97,230.17,27.43,66.26,0.52,-1,-1,-1
277,69,401.44,668.74,55.55,87.25,0.77,-1,-1,-1
277,73,81.01,114.64,18.77,37.60,0.63,-1,-1,-1
277,74,65.27,152.57,19.50,45.57,0.65,-1,-1,-1
277,75,624.22,317.54,27.20,67.62,0.69,-1,-1,-1
277,38,273.71,140.92,14.37,29.23,0.60,-1,-1,-1
277,30,357.56,612.96,39.66,83.06,0.29,-1,-1,-1
277,76,484.74,244.21,21.43,44.07,0.26,-1,-1,-1
277,77,97.96,331.23,37.01,50.18,0.42,-1,-1,-1
277,78,229.52,476.65,62.26,77.30,0.10,-1,-1,-1
277,79,515.15,249.72,21.55,36.45,0.58,-1,-1,-1
277,80,2.95,170.00,16.96,28.15,0.56,-1,-1,-1
277,81,111.23,363.36,33.48,38.21,0.51,-1,-1,-1
278,3,258.67,388.28,36.40,88.61,0.62,-1,-1,-1
278,4,260.28,265.09,26.21,53.41,0.67,-1,-1,-1
278,5,311.49,555.72,36.63,68.26,0.58,-1,-1,-1
278,6,264.79,536.51,50.71,72.45,0.56,-1,-1,-1
278,7,368.24,407.61,39.68,96.77,0.70,-1,-1,-1
278,9,362.47,171.77,15.87,30.53,0.54,-1,-1,-1
278,10,301.99,385.57,36.05,97.20,0.74,-1,-1,-1
278,15,903.34,458.99,38.43,99.79,0.81,-1,-1,-1
278,17,625.16,376.46,35.78,91.09,0.70,-1,-1,-1
278,18,329.84,302.70,27.29,39.15,0.48,-1,-1,-1
278,19,893.59,294.88,31.36,37.03,0.55,-1,-1,-1
278,20,190.34,414.01,42.65,57.89,0.61,-1,-1,-1
278,21,342.29,611.93,50.98,133.57,0.57,-1,-1,-1
278,25,401.62,330.78,22.72,41.74,0.49,-1,-1,-1
278,33,616.23,448.67,31.51,90.65,0.74,-1,-1,-1
278,35,554.08,181.49,17.48,45.10,0.59,-1,-1,-1
278,8,168.22,345.80,39.99,43.49,0.55,-1,-1,-1
278,41,659.56,321.39,31.28,74.85,0.65,-1,-1,-1
278,42,697.63,258.29,27.37,53.62,0.56,-1,-1,-1
278,12,747.61,387.33,31.77,82.73,0.76,-1,-1,-1
278,16,971.69,346.94,31.95,84.76,0.61,-1,-1,-1
278,47,301.90,303.15,23.90,32.57,0.42,-1,-1,-1
278,49,89.06,264.29,30.48,69.45,0.54,-1,-1,-1
278,52,120.78,312.14,32.70,54.25,0.39,-1,-1,-1
278,54,430.87,245.14,22.33,60.70,0.62,-1,-1,-1
278,57,833.93,330.14,34.64,79.61,0.70,-1,-1,-1
278,58,43.20,398.25,26.49,45.71,0.19,-1,-1,-1
278,59,1159.07,355.63,16.74,38.95,0.32,-1,-1,-1
278,67,1026.37,200.78,22.99,35.78,0.57,-1,-1,-1
278,24,227.90,462.00,51.44,74.35,0.45,-1,-1,-1
278,68,35.71,230.10,26.14,63.50,0.55,-1,-1,-1
278,69,399.76,665.93,55.73,89.69,0.76,-1,-1,-1
278,73,81.91,114.64,18.41,36.93,0.64,-1,-1,-1
278,74,69.65,152.00,19.49,45.47,0.70,-1,-1,-1
278,75,622.35,319.06,27.75,69.02,0.69,-1,-1,-1
278,38,276.33,141.00,13.45,27.22,0.48,-1,-1,-1
278,30,356.68,611.75,39.11,82.33,0.35,-1,-1,-1
278,76,484.67,242.86,21.98,45.07,0.38,-1,-1,-1
278,77,102.80,331.72,38.51,53.47,0.42,-1,-1,-1
278,78,226.59,476.02,62.76,77.33,0.12,-1,-1,-1
278,79,515.70,250.05,21.39,36.11,0.53,-1,-1,-1
278,80,3.98,169.93,17.11,27.98,0.58,-1,-1,-1
278,81,111.17,360.40,35.85,41.01,0.11,-1,-1,-1
279,3,258.56,387.68,36.71,89.11,0.64,-1,-1,-1
279,4,261.41,264.78,25.67,52.17,0.70,-1,-1,-1
279,5,311.81,555.13,36.35,67.92,0.57,-1,-1,-1
279,6,261.16,537.43,52.14,73.97,0.53,-1,-1,-1
279,7,366.55,406.90,40.59,97.67,0.69,-1,-1,-1
279,9,365.13,171.94,16.25,31.62,0.66,-1,-1,-1
279,10,301.93,385.28,36.20,97.34,0.74,-1,-1,-1
279,15,902.00,458.00,38.80,100.34,0.83,-1,-1,-1
279,17,626.10,380.57,34.23,86.56,0.71,-1,-1,-1
279,18,330.36,302.29,27.44,39.79,0.55,-1,-1,-1
279,19,894.05,294.88,31.60,37.42,0.56,-1,-1,-1
279,20,191.43,413.79,41.75,57.45,0.63,-1,-1,-1
279,21,340.86,610.67,50.93,134.00,0.49,-1,-1,-1
279,25,403.03,329.85,23.24,42.41,0.43,-1,-1,-1
279,33,615.54,448.57,31.81,90.61,0.73,-1,-1,-1
279,35,555.58,181.17,17.57,45.30,0.55,-1,-1,-1
279,8,168.32,345.12,40.07,43.71,0.54,-1,-1,-1
279,41,658.23,321.44,31.32,75.15,0.62,-1,-1,-1
279,42,699.20,258.53,27.22,53.21,0.59,-1,-1,-1
279,12,746.96,387.74,31.75,82.49,0.73,-1,-1,-1
279,16,971.17,346.54,31.59,84.95,0.63,-1,-1,-1
279,47,304.08,303.27,25.26,34.25,0.47,-1,-1,-1
279,49,90.38,264.27,31.03,70.56,0.61,-1,-1,-1
279,52,122.80,311.98,32.78,54.27,0.46,-1,-1,-1
279,54,431.74,245.14,22.16,59.83,0.64,-1,-1,-1
279,57,832.53,329.94,34.23,79.85,0.68,-1,-1,-1
279,58,43.04,396.56,24.11,41.85,0.33,-1,-1,-1
279,59,1159.99,356.76,16.61,38.36,0.40,-1,-1,-1
279,67,1027.35,200.85,22.59,35.35,0.50,-1,-1,-1
279,24,232.23,459.66,48.38,71.56,0.21,-1,-1,-1
279,68,37.98,230.40,25.68,62.33,0.50,-1,-1,-1
279,69,398.18,663.23,55.82,92.16,0.81,-1,-1,-1
279,73,83.14,115.19,18.83,37.79,0.66,-1,-1,-1
279,74,73.30,152.00,19.56,45.50,0.66,-1,-1,-1
279,75,620.56,319.83,28.11,69.91,0.69,-1,-1,-1
279,38,278.88,140.87,14.39,29.18,0.53,-1,-1,-1
279,30,354.74,611.13,38.20,80.13,0.35,-1,-1,-1
279,76,487.19,233.24,24.09,49.93,0.50,-1,-1,-1
279,77,104.92,331.00,37.32,52.62,0.45,-1,-1,-1
279,78,225.50,472.72,63.68,78.33,0.28,-1,-1,-1
279,79,516.86,249.76,21.66,36.58,0.45,-1,-1,-1
279,80,5.41,169.85,17.35,27.64,0.61,-1,-1,-1
279,81,108.38,351.99,42.15,48.67,0.20,-1,-1,-1
280,3,258.42,387.21,36.86,89.47,0.64,-1,-1,-1
280,4,262.12,264.31,25.33,51.24,0.72,-1,-1,-1
280,5,311.30,554.36,36.30,67.97,0.54,-1,-1,-1
280,6,260.88,537.41,52.28,74.23,0.53,-1,-1,-1
280,7,367.96,407.97,40.08,96.01,0.69,-1,-1,-1
280,9,368.06,171.62,15.64,30.45,0.65,-1,-1,-1
280,10,301.77,384.63,36.27,97.40,0.73,-1,-1,-1
280,15,900.12,456.93,39.55,102.02,0.84,-1,-1,-1
280,17,626.48,382.56,33.96,85.63,0.75,-1,-1,-1
280,18,330.99,301.83,26.94,39.41,0.57,-1,-1,-1
280,19,894.49,295.21,31.39,37.31,0.52,-1,-1,-1
280,20,192.21,413.42,41.09,57.15,0.65,-1,-1,-1
280,25,403.45,328.32,23.80,43.41,0.36,-1,-1,-1
280,33,614.20,451.15,31.22,88.20,0.72,-1,-1,-1
280,35,556.59,180.24,18.20,46.87,0.49,-1,-1,-1
280,8,173.18,345.34,38.05,42.63,0.52,-1,-1,-1
280,41,655.60,320.96,31.16,76.16,0.64,-1,-1,-1
280,42,699.88,258.78,27.13,52.89,0.60,-1,-1,-1
280,12,746.51,387.78,31.59,81.92,0.73,-1,-1,-1
280,16,970.40,346.47,31.14,84.53,0.50,-1,-1,-1
280,47,306.01,303.02,25.28,34.17,0.46,-1,-1,-1
280,49,91.37,263.96,31.57,71.55,0.63,-1,-1,-1
280,52,123.95,312.02,31.80,52.79,0.40,-1,-1,-1
280,54,431.60,244.36,22.58,61.36,0.65,-1,-1,-1
280,57,830.59,329.54,34.11,80.55,0.65,-1,-1,-1
280,58,43.68,394.96,22.08,38.55,0.44,-1,-1,-1
280,59,1160.70,356.80,16.94,38.97,0.48,-1,-1,-1
280,67,1029.43,200.82,22.42,35.35,0.40,-1,-1,-1
280,24,233.29,459.46,35.65,51.95,0.50,-1,-1,-1
280,68,39.56,230.00,25.58,62.07,0.49,-1,-1,-1
280,69,397.07,660.56,55.74,94.31,0.86,-1,-1,-1
280,73,84.48,115.33,19.48,39.43,0.59,-1,-1,-1
280,74,77.72,151.49,19.51,44.84,0.70,-1,-1,-1
280,75,618.44,319.83,29.01,72.48,0.71,-1,-1,-1
280,38,281.10,140.90,14.44,29.37,0.58,-1,-1,-1
280,30,351.18,610.02,40.63,85.04,0.45,-1,-1,-1
280,76,490.05,230.62,24.28,51.31,0.28,-1,-1,-1
280,77,106.29,330.63,38.93,56.32,0.41,-1,-1,-1
280,78,225.16,471.98,63.05,76.87,0.28,-1,-1,-1
280,79,516.89,249.51,22.17,37.28,0.49,-1,-1,-1
280,80,7.86,170.41,16.89,26.38,0.60,-1,-1,-1
280,81,111.64,355.65,38.41,44.51,0.12,-1,-1,-1
280,62,53.76,266.18,31.73,72.93,0.50,-1,-1,-1
281,3,258.89,387.09,36.46,88.22,0.63,-1,-1,-1
281,4,262.30,263.61,25.35,51.25,0.72,-1,-1,-1
281,5,310.30,553.29,36.18,67.82,0.55,-1,-1,-1
281,6,260.45,536.84,53.40,76.17,0.54,-1,-1,-1
281,7,368.60,405.70,40.17,97.08,0.67,-1,-1,-1
281,9,371.55,172.59,15.98,31.40,0.51,-1,-1,-1
281,10,302.09,383.53,36.39,97.87,0.68,-1,-1,-1
281,15,897.79,456.09,39.88,102.69,0.79,-1,-1,-1
281,17,626.35,383.96,35.20,89.21,0.74,-1,-1,-1
281,18,331.56,301.41,26.70,39.31,0.56,-1,-1,-1
281,19,895.02,295.54,31.18,37.16,0.50,-1,-1,-1
281,20,192.26,412.92,41.06,57.26,0.66,-1,-1,-1
281,25,403.86,328.66,23.45,42.79,0.38,-1,-1,-1
281,33,613.21,453.10,31.07,86.53,0.63,-1,-1,-1
281,35,557.65,179.75,18.38,47.00,0.51,-1,-1,-1
281,8,175.54,344.63,36.73,42.18,0.53,-1,-1,-1
281,41,653.90,320.82,31.02,77.16,0.60,-1,-1,-1
281,42,700.44,258.36,27.29,53.02,0.59,-1,-1,-1
281,12,745.58,387.17,32.12,83.59,0.73,-1,-1,-1
281,16,969.97,347.49,29.65,80.78,0.59,-1,-1,-1
281,47,305.79,302.78,23.59,31.17,0.48,-1,-1,-1
281,49,92.51,263.42,31.57,71.46,0.63,-1,-1,-1
281,52,126.04,311.82,29.29,47.84,0.44,-1,-1,-1
281,54,432.02,243.95,22.69,62.09,0.69,-1,-1,-1
281,57,828.49,328.52,34.36,81.99,0.55,-1,-1,-1
281,58,44.52,396.03,21.07,37.14,0.48,-1,-1,-1
281,59,1161.03,357.39,17.35,39.96,0.36,-1,-1,-1
281,67,1031.56,200.92,23.05,36.37,0.45,-1,-1,-1
281,24,233.94,459.28,30.15,43.08,0.49,-1,-1,-1
281,68,41.86,230.22,24.16,58.61,0.44,-1,-1,-1
281,69,396.27,658.66,55.00,95.41,0.85,-1,-1,-1
281,73,86.19,116.18,19.22,39.25,0.59,-1,-1,-1
281,74,80.90,151.35,19.52,44.23,0.68,-1,-1,-1
281,75,617.12,320.92,29.17,72.97,0.76,-1,-1,-1
281,38,283.20,141.11,14.47,29.42,0.62,-1,-1,-1
281,30,349.33,609.60,39.39,82.07,0.54,-1,-1,-1
281,76,489.21,240.01,21.65,45.53,0.54,-1,-1,-1
281,77,107.47,330.36,37.93,55.54,0.39,-1,-1,-1
281,78,224.00,471.74,63.12,76.15,0.28,-1,-1,-1
281,79,518.50,249.43,21.96,36.96,0.46,-1,-1,-1
281,80,10.36,169.76,17.44,26.67,0.60,-1,-1,-1
281,81,111.55,353.00,39.56,46.32,0.37,-1,-1,-1
281,62,55.63,266.56,31.36,72.66,0.42,-1,-1,-1
282,3,259.29,386.70,36.51,88.03,0.65,-1,-1,-1
282,4,262.89,263.04,25.53,51.35,0.73,-1,-1,-1
282,5,309.72,552.55,35.92,67.37,0.58,-1,-1,-1
282,6,260.57,535.66,53.26,76.42,0.51,-1,-1,-1
282,7,369.04,404.48,40.19,97.76,0.68,-1,-1,-1
282,9,373.98,172.98,16.79,33.27,0.58,-1,-1,-1
282,10,302.31,382.26,36.64,98.78,0.62,-1,-1,-1
282,15,893.63,453.72,40.58,105.16,0.69,-1,-1,-1
282,17,626.25,384.61,35.68,91.05,0.76,-1,-1,-1
282,18,332.94,300.88,26.24,38.91,0.55,-1,-1,-1
282,19,895.86,295.58,30.96,36.98,0.51,-1,-1,-1
282,20,192.47,412.23,41.22,57.37,0.67,-1,-1,-1
282,25,404.52,328.27,23.15,41.76,0.33,-1,-1,-1
282,33,611.30,453.87,31.93,88.36,0.76,-1,-1,-1
282,35,559.60,179.87,18.37,46.62,0.58,-1,-1,-1
282,8,176.67,343.85,35.79,42.10,0.51,-1,-1,-1
282,41,652.85,321.39,31.13,78.76,0.59,-1,-1,-1
282,42,700.83,258.19,27.33,52.99,0.61,-1,-1,-1
282,12,745.25,386.68,32.12,83.96,0.72,-1,-1,-1
282,16,969.36,347.99,29.10,79.79,0.64,-1,-1,-1
282,47,305.54,302.14,24.10,31.57,0.45,-1,-1,-1
282,49,93.51,262.43,30.95,70.26,0.61,-1,-1,-1
282,52,125.87,311.26,28.75,47.44,0.41,-1,-1,-1
282,54,432.66,243.11,22.89,62.97,0.69,-1,-1,-1
282,57,826.42,328.40,32.79,79.72,0.59,-1,-1,-1
282,58,43.82,393.86,22.65,40.38,0.47,-1,-1,-1
282,59,1161.40,358.36,17.36,39.97,0.47,-1,-1,-1
282,67,1033.61,201.31,23.34,36.99,0.46,-1,-1,-1
282,24,231.78,458.74,33.94,48.44,0.51,-1,-1,-1
282,68,43.90,230.05,26.33,63.61,0.50,-1,-1,-1
282,69,395.25,656.24,54.78,97.44,0.83,-1,-1,-1
282,73,87.17,116.47,19.78,40.82,0.58,-1,-1,-1
282,74,84.92,151.46,19.73,44.43,0.69,-1,-1,-1
282,75,616.22,321.91,29.19,72.90,0.76,-1,-1,-1
282,38,286.07,141.33,13.94,28.15,0.60,-1,-1,-1
282,30,349.19,609.01,37.46,77.31,0.57,-1,-1,-1
282,76,488.99,243.63,20.74,43.49,0.55,-1,-1,-1
282,77,108.79,329.92,38.93,57.84,0.45,-1,-1,-1
282,78,224.85,472.88,62.17,74.34,0.17,-1,-1,-1
282,79,520.17,249.64,21.67,36.51,0.49,-1,-1,-1
282,80,12.68,168.87,18.28,27.41,0.62,-1,-1,-1
282,81,113.19,353.85,38.57,45.33,0.19,-1,-1,-1
282,62,60.68,277.80,26.49,60.26,0.49,-1,-1,-1
283,3,259.74,386.45,36.64,88.04,0.67,-1,-1,-1
283,4,263.30,262.15,25.78,51.83,0.72,-1,-1,-1
283,5,308.92,551.27,35.72,67.12,0.62,-1,-1,-1
283,6,260.18,534.76,54.71,79.64,0.54,-1,-1,-1
283,7,368.85,403.35,40.17,98.65,0.67,-1,-1,-1
283,9,376.85,172.55,16.77,33.53,0.61,-1,-1,-1
283,10,302.92,381.67,36.47,98.58,0.62,-1,-1,-1
283,15,890.52,450.94,40.25,103.65,0.83,-1,-1,-1
283,17,626.11,385.24,34.98,89.17,0.74,-1,-1,-1
283,18,334.38,300.62,25.61,38.27,0.48,-1,-1,-1
283,19,896.08,295.72,31.09,37.08,0.52,-1,-1,-1
283,20,192.52,411.67,41.32,57.12,0.58,-1,-1,-1
283,25,404.99,328.52,22.87,40.76,0.35,-1,-1,-1
283,33,608.22,452.22,33.41,92.43,0.67,-1,-1,-1
283,35,561.33,180.81,18.23,45.98,0.53,-1,-1,-1
283,8,177.68,343.08,35.23,42.48,0.55,-1,-1,-1
283,41,652.26,323.29,30.51,77.30,0.55,-1,-1,-1
283,42,701.17,258.15,27.49,53.26,0.64,-1,-1,-1
283,12,744.69,386.00,31.73,82.88,0.74,-1,-1,-1
283,16,968.12,348.56,28.79,79.33,0.62,-1,-1,-1
283,47,306.49,302.16,25.29,32.87,0.43,-1,-1,-1
283,49,94.74,261.88,31.81,72.33,0.65,-1,-1,-1
283,52,127.92,310.64,27.74,45.34,0.49,-1,-1,-1
283,54,433.46,242.73,22.90,63.25,0.69,-1,-1,-1
283,57,824.06,328.17,32.23,79.39,0.60,-1,-1,-1
283,58,43.41,395.24,23.10,41.52,0.44,-1,-1,-1
283,59,1161.86,359.57,17.00,39.13,0.38,-1,-1,-1
283,67,1035.20,201.54,22.45,35.81,0.63,-1,-1,-1
283,24,231.00,458.16,37.24,53.38,0.45,-1,-1,-1
283,68,45.74,229.79,26.15,62.74,0.57,-1,-1,-1
283,69,394.73,654.63,54.33,99.03,0.79,-1,-1,-1
283,73,88.21,116.44,19.72,40.88,0.59,-1,-1,-1
283,74,88.03,151.14,19.70,44.36,0.74,-1,-1,-1
283,75,615.55,323.40,28.98,72.08,0.77,-1,-1,-1
283,38,287.97,140.58,14.85,30.03,0.58,-1,-1,-1
283,30,347.88,608.49,37.16,76.38,0.60,-1,-1,-1
283,76,489.17,244.85,20.30,42.46,0.54,-1,-1,-1
283,77,107.64,327.88,38.65,57.98,0.38,-1,-1,-1
283,78,224.18,471.15,63.62,75.70,0.22,-1,-1,-1
283,79,520.31,248.86,22.26,37.42,0.35,-1,-1,-1
283,80,14.72,168.45,18.77,27.51,0.65,-1,-1,-1
283,81,112.62,349.96,40.88,48.72,0.33,-1,-1,-1
283,62,60.82,274.10,28.40,64.44,0.37,-1,-1,-1
283,21,331.33,610.99,50.41,133.70,0.52,-1,-1,-1
284,3,259.71,385.66,36.87,88.37,0.62,-1,-1,-1
284,4,264.14,261.78,25.75,51.90,0.75,-1,-1,-1
284,5,308.22,550.23,35.16,66.19,0.61,-1,-1,-1
284,6,262.90,533.91,51.36,75.62,0.50,-1,-1,-1
284,7,368.90,402.59,36.95,91.89,0.64,-1,-1,-1
284,9,380.83,173.96,15.74,31.79,0.51,-1,-1,-1
284,10,303.46,381.83,35.99,97.63,0.57,-1,-1,-1
284,15,887.67,448.14,39.80,101.97,0.84,-1,-1,-1
284,17,626.21,386.22,33.99,85.90,0.72,-1,-1,-1
284,18,335.34,300.19,25.78,39.04,0.48,-1,-1,-1
284,19,896.82,295.94,30.94,37.07,0.50,-1,-1,-1
284,20,187.27,410.37,42.93,57.74,0.55,-1,-1,-1
284,25,405.24,327.97,23.30,41.72,0.34,-1,-1,-1
284,33,606.28,445.84,35.72,98.94,0.49,-1,-1,-1
284,35,562.77,180.36,18.56,46.71,0.41,-1,-1,-1
284,8,179.08,342.07,34.82,42.96,0.48,-1,-1,-1
284,41,651.46,323.18,30.21,76.94,0.61,-1,-1,-1
284,42,701.57,257.94,27.65,53.76,0.65,-1,-1,-1
284,12,744.68,385.55,31.26,81.53,0.71,-1,-1,-1
284,16,966.16,351.19,28.97,78.01,0.58,-1,-1,-1
284,47,307.67,301.77,25.71,33.27,0.44,-1,-1,-1
284,49,96.27,261.24,31.66,72.22,0.62,-1,-1,-1
284,52,126.43,309.09,30.80,50.32,0.46,-1,-1,-1
284,54,435.41,242.67,23.13,63.90,0.68,-1,-1,-1
284,57,821.79,328.02,32.34,81.46,0.54,-1,-1,-1
284,58,43.83,392.24,24.15,43.87,0.44,-1,-1,-1
284,59,1161.87,358.43,17.77,41.06,0.32,-1,-1,-1
284,67,1036.54,200.71,23.45,37.15,0.53,-1,-1,-1
284,24,230.31,457.64,40.81,59.09,0.52,-1,-1,-1
284,68,47.02,229.19,25.62,61.16,0.61,-1,-1,-1
284,69,393.93,651.40,53.99,100.40,0.79,-1,-1,-1
284,73,89.91,116.06,19.99,41.66,0.60,-1,-1,-1
284,74,93.02,150.58,19.71,44.33,0.71,-1,-1,-1
284,75,615.04,325.32,28.84,71.35,0.77,-1,-1,-1
284,38,290.61,140.92,14.65,29.52,0.57,-1,-1,-1
284,30,346.45,608.04,36.57,74.88,0.60,-1,-1,-1
284,76,489.95,244.85,20.68,43.19,0.52,-1,-1,-1
284,77,107.37,322.80,40.74,62.19,0.41,-1,-1,-1
284,78,225.25,472.38,62.78,74.24,0.13,-1,-1,-1
284,79,521.24,248.99,22.35,37.51,0.50,-1,-1,-1
284,80,16.90,168.48,18.78,26.99,0.60,-1,-1,-1
284,81,116.29,353.75,37.11,44.30,0.32,-1,-1,-1
284,62,59.65,267.47,29.34,66.18,0.36,-1,-1,-1
284,82,1047.52,321.24,16.18,37.91,0.58,-1,-1,-1
284,21,331.51,627.94,45.42,119.71,0.49,-1,-1,-1
285,3,259.49,384.81,37.20,89.06,0.67,-1,-1,-1
285,4,264.87,261.26,25.51,51.60,0.70,-1,-1,-1
285,5,307.78,549.43,34.96,66.08,0.61,-1,-1,-1
285,6,264.46,533.23,50.32,74.68,0.50,-1,-1,-1
285,7,368.94,401.92,36.72,92.45,0.65,-1,-1,-1
285,9,384.15,174.84,15.61,31.78,0.60,-1,-1,-1
285,10,303.60,380.11,35.29,95.89,0.55,-1,-1,-1
285,15,885.11,447.11,39.15,99.57,0.84,-1,-1,-1
285,17,627.23,386.79,33.53,84.55,0.72,-1,-1,-1
285,18,335.31,299.88,28.04,43.39,0.49,-1,-1,-1
285,19,897.72,296.23,30.76,36.90,0.47,-1,-1,-1
285,20,184.39,409.26,44.66,58.48,0.51,-1,-1,-1
285,25,405.55,327.82,23.14,41.66,0.34,-1,-1,-1
285,33,607.62,442.71,35.25,96.96,0.52,-1,-1,-1
285,35,564.53,179.54,18.46,46.35,0.44,-1,-1,-1
285,8,180.15,341.28,34.46,43.54,0.49,-1,-1,-1
285,41,650.87,323.77,29.46,75.20,0.62,-1,-1,-1
285,42,702.07,257.99,27.60,53.70,0.65,-1,-1,-1
285,12,744.22,384.67,31.78,82.83,0.72,-1,-1,-1
285,16,963.97,351.26,29.74,78.12,0.62,-1,-1,-1
285,47,308.24,301.50,25.38,32.41,0.47,-1,-1,-1
285,49,97.34,260.47,32.72,75.05,0.56,-1,-1,-1
285,52,128.75,308.49,28.95,47.75,0.49,-1,-1,-1
285,54,436.80,242.57,23.08,63.90,0.67,-1,-1,-1
285,57,819.36,327.97,31.78,80.35,0.69,-1,-1,-1
285,58,44.17,389.25,22.79,42.12,0.39,-1,-1,-1
285,59,1162.53,357.71,17.86,41.52,0.27,-1,-1,-1
285,67,1037.38,201.15,22.88,36.66,0.52,-1,-1,-1
285,24,228.60,457.24,42.66,62.57,0.54,-1,-1,-1
285,68,48.34,228.16,25.20,59.72,0.63,-1,-1,-1
285,69,393.06,648.02,53.65,101.90,0.78,-1,-1,-1
285,73,92.27,116.37,19.59,41.18,0.59,-1,-1,-1
285,74,96.83,149.43,19.79,44.45,0.61,-1,-1,-1
285,75,613.70,327.18,29.32,72.62,0.70,-1,-1,-1
285,38,292.91,141.20,13.97,28.25,0.36,-1,-1,-1
285,30,343.14,607.34,38.87,79.73,0.58,-1,-1,-1
285,76,490.31,244.66,21.04,43.65,0.58,-1,-1,-1
285,77,107.83,312.82,45.25,71.18,0.32,-1,-1,-1
285,78,224.51,471.96,63.15,74.42,0.21,-1,-1,-1
285,79,521.53,247.78,23.08,38.78,0.42,-1,-1,-1
285,80,19.24,167.95,19.35,27.34,0.57,-1,-1,-1
285,81,118.72,356.18,34.92,41.69,0.44,-1,-1,-1
285,62,60.24,267.10,29.44,66.44,0.41,-1,-1,-1
285,82,1049.17,321.72,15.74,36.88,0.65,-1,-1,-1
285,21,329.15,619.52,47.84,126.49,0.46,-1,-1,-1
286,3,259.44,383.35,37.59,89.78,0.67,-1,-1,-1
286,4,265.25,260.29,26.02,53.09,0.71,-1,-1,-1
286,5,307.31,548.58,34.82,65.99,0.53,-1,-1,-1
286,6,263.29,532.59,48.64,72.82,0.51,-1,-1,-1
286,7,369.27,401.27,37.11,94.74,0.64,-1,-1,-1
286,9,386.85,173.27,16.27,33.65,0.44,-1,-1,-1
286,10,303.78,379.50,35.02,95.22,0.57,-1,-1,-1
286,15,881.80,444.78,39.49,100.20,0.84,-1,-1,-1
286,17,627.80,387.58,33.17,83.32,0.71,-1,-1,-1
286,18,336.68,299.72,27.00,42.35,0.56,-1,-1,-1
286,19,899.27,296.32,30.65,37.06,0.46,-1,-1,-1
286,20,183.10,408.39,45.67,58.29,0.51,-1,-1,-1
286,25,405.89,328.30,22.55,40.77,0.33,-1,-1,-1
286,33,609.58,441.36,36.00,97.21,0.59,-1,-1,-1
286,35,566.49,179.71,18.46,45.98,0.50,-1,-1,-1
286,8,181.28,340.42,34.05,44.03,0.47,-1,-1,-1
286,41,650.22,324.65,28.95,73.96,0.66,-1,-1,-1
286,42,702.91,258.98,27.00,52.48,0.60,-1,-1,-1
286,12,744.10,384.05,32.19,83.84,0.69,-1,-1,-1
286,16,960.21,350.07,30.50,79.01,0.69,-1,-1,-1
286,47,309.03,301.34,25.72,32.99,0.50,-1,-1,-1
286,49,98.68,259.67,32.34,74.30,0.56,-1,-1,-1
286,52,130.36,308.31,27.95,46.62,0.45,-1,-1,-1
286,54,437.98,242.46,22.77,63.14,0.65,-1,-1,-1
286,57,816.81,328.05,32.04,81.20,0.59,-1,-1,-1
286,58,46.06,387.62,21.31,39.52,0.43,-1,-1,-1
286,59,1163.10,357.48,17.56,41.11,0.24,-1,-1,-1
286,67,1038.70,201.05,22.64,36.79,0.54,-1,-1,-1
286,24,230.35,456.87,38.84,57.06,0.48,-1,-1,-1
286,68,51.12,227.61,23.16,54.84,0.57,-1,-1,-1
286,69,391.92,644.21,52.78,102.51,0.81,-1,-1,-1
286,73,94.89,117.20,17.70,37.42,0.54,-1,-1,-1
286,74,101.20,148.85,19.74,44.51,0.71,-1,-1,-1
286,75,612.86,328.84,29.02,71.84,0.76,-1,-1,-1
286,38,295.31,140.58,13.42,27.06,0.41,-1,-1,-1
286,30,339.19,605.79,41.80,86.01,0.64,-1,-1,-1
286,76,490.57,244.03,21.66,44.75,0.55,-1,-1,-1
286,77,110.06,313.10,43.60,70.43,0.38,-1,-1,-1
286,78,223.62,471.47,63.25,73.67,0.18,-1,-1,-1
286,79,523.23,247.88,22.87,38.76,0.52,-1,-1,-1
286,80,21.76,167.53,19.75,27.36,0.62,-1,-1,-1
286,81,119.94,356.48,34.30,41.00,0.41,-1,-1,-1
286,62,62.38,268.97,27.79,62.36,0.21,-1,-1,-1
286,82,1050.24,321.74,15.83,37.11,0.54,-1,-1,-1
286,21,331.40,641.00,41.28,105.88,0.41,-1,-1,-1
286,83,954.04,289.75,16.62,35.69,0.54,-1,-1,-1
287,3,259.64,382.39,37.72,90.00,0.70,-1,-1,-1
287,4,266.35,259.58,25.65,52.80,0.71,-1,-1,-1
287,5,306.70,548.12,35.05,66.69,0.56,-1,-1,-1
287,6,265.59,531.46,48.75,74.18,0.50,-1,-1,-1
287,7,369.24,400.34,37.92,97.59,0.70,-1,-1,-1
287,9,390.63,173.91,16.13,33.52,0.58,-1,-1,-1
287,10,303.95,379.09,35.12,95.66,0.59,-1,-1,-1
287,15,876.56,444.45,39.69,99.48,0.83,-1,-1,-1
287,17,627.45,388.86,34.93,88.33,0.61,-1,-1,-1
287,18,338.20,299.38,25.03,39.36,0.59,-1,-1,-1
287,19,900.85,296.09,29.81,36.63,0.47,-1,-1,-1
287,20,187.28,408.20,43.84,56.65,0.55,-1,-1,-1
287,25,408.01,328.40,22.44,39.92,0.30,-1,-1,-1
287,33,605.75,440.18,37.68,101.99,0.64,-1,-1,-1
287,35,568.29,180.28,18.33,45.37,0.63,-1,-1,-1
287,8,182.78,340.27,33.29,43.99,0.45,-1,-1,-1
287,41,649.48,325.17,28.98,73.98,0.64,-1,-1,-1
287,42,703.72,258.53,27.28,53.18,0.56,-1,-1,-1
287,12,744.40,383.61,31.94,82.79,0.70,-1,-1,-1
287,16,956.63,349.35,31.03,79.64,0.70,-1,-1,-1
287,47,309.85,300.93,25.24,32.29,0.50,-1,-1,-1
287,49,99.97,259.10,32.08,73.92,0.54,-1,-1,-1
287,52,132.24,307.59,27.37,46.12,0.51,-1,-1,-1
287,54,439.10,242.96,22.28,61.64,0.67,-1,-1,-1
287,57,814.76,327.89,32.23,81.78,0.62,-1,-1,-1
287,58,46.98,386.47,19.62,36.62,0.33,-1,-1,-1
287,59,1163.89,358.20,17.11,40.36,0.31,-1,-1,-1
287,67,1039.99,201.25,22.31,36.56,0.44,-1,-1,-1
287,24,229.73,455.83,39.59,58.47,0.51,-1,-1,-1
287,68,54.05,227.44,21.62,50.66,0.54,-1,-1,-1
287,69,391.38,642.08,51.15,101.65,0.84,-1,-1,-1
287,73,96.81,117.55,17.01,35.92,0.65,-1,-1,-1
287,74,105.41,148.29,19.65,44.11,0.65,-1,-1,-1
287,75,611.49,329.66,29.13,72.12,0.75,-1,-1,-1
287,38,297.72,140.45,14.10,28.47,0.51,-1,-1,-1
287,30,335.39,604.74,46.04,95.80,0.63,-1,-1,-1
287,76,491.01,242.72,22.02,45.90,0.55,-1,-1,-1
287,77,113.11,320.16,39.17,64.24,0.39,-1,-1,-1
287,78,228.23,467.10,61.65,72.48,0.21,-1,-1,-1
287,79,523.05,247.16,23.14,39.10,0.48,-1,-1,-1
287,80,24.61,167.16,19.94,27.33,0.61,-1,-1,-1
287,81,120.83,354.81,35.03,42.16,0.38,-1,-1,-1
287,62,69.23,279.71,22.64,49.96,0.12,-1,-1,-1
287,82,1051.18,321.51,15.95,37.43,0.50,-1,-1,-1
287,21,332.10,651.44,38.22,95.38,0.34,-1,-1,-1
287,83,954.75,290.61,16.23,34.82,0.53,-1,-1,-1
288,3,259.92,381.76,37.82,90.35,0.72,-1,-1,-1
288,4,267.89,259.22,25.57,52.83,0.66,-1,-1,-1
288,5,306.35,547.56,35.09,67.04,0.58,-1,-1,-1
288,6,264.52,529.74,49.72,76.39,0.53,-1,-1,-1
288,7,368.73,398.48,38.84,100.17,0.68,-1,-1,-1
288,9,394.35,174.40,15.56,32.46,0.57,-1,-1,-1
288,10,304.04,378.94,35.19,96.03,0.60,-1,-1,-1
288,15,872.06,443.45,40.56,100.16,0.80,-1,-1,-1
288,17,626.67,389.30,35.71,90.27,0.63,-1,-1,-1
288,18,339.25,299.16,24.31,38.40,0.58,-1,-1,-1
288,19,900.83,295.93,29.86,37.13,0.46,-1,-1,-1
288,20,188.86,407.53,43.26,56.61,0.56,-1,-1,-1
288,25,408.72,327.40,22.97,40.54,0.27,-1,-1,-1
288,33,603.50,443.04,37.13,101.01,0.61,-1,-1,-1
288,35,569.51,180.37,18.69,45.99,0.59,-1,-1,-1
288,8,183.21,339.62,33.68,44.57,0.43,-1,-1,-1
288,41,648.41,327.09,29.67,75.79,0.58,-1,-1,-1
288,42,704.85,258.66,27.01,52.80,0.56,-1,-1,-1
288,12,744.54,383.01,31.87,82.15,0.69,-1,-1,-1
288,16,952.13,348.84,31.20,79.17,0.65,-1,-1,-1
288,47,310.06,300.17,26.09,33.56,0.51,-1,-1,-1
288,49,101.90,258.47,31.87,73.57,0.47,-1,-1,-1
288,52,134.66,306.97,26.20,44.34,0.48,-1,-1,-1
288,54,439.74,242.97,22.26,61.40,0.68,-1,-1,-1
288,57,813.59,328.74,32.12,81.52,0.62,-1,-1,-1
288,59,1164.38,358.95,16.97,40.05,0.39,-1,-1,-1
288,67,1042.14,201.57,22.07,36.41,0.45,-1,-1,-1
288,24,226.59,454.83,42.32,63.56,0.47,-1,-1,-1
288,68,55.88,226.39,22.58,52.98,0.53,-1,-1,-1
288,69,389.85,640.77,50.75,103.43,0.85,-1,-1,-1
288,73,97.36,115.90,17.88,38.08,0.69,-1,-1,-1
288,74,109.37,147.92,19.96,44.69,0.67,-1,-1,-1
288,75,610.25,330.09,29.14,72.19,0.75,-1,-1,-1
288,38,299.93,140.15,14.53,29.26,0.57,-1,-1,-1
288,30,334.36,601.54,44.15,92.59,0.59,-1,-1,-1
288,76,492.35,239.32,23.97,50.20,0.44,-1,-1,-1
288,77,116.38,311.68,42.69,72.00,0.19,-1,-1,-1
288,78,229.96,466.00,60.60,71.72,0.28,-1,-1,-1
288,79,522.95,247.39,23.56,39.38,0.45,-1,-1,-1
288,80,27.02,166.89,20.16,27.28,0.54,-1,-1,-1
288,81,120.38,350.48,37.89,46.25,0.48,-1,-1,-1
288,82,1051.20,321.20,16.63,39.15,0.31,-1,-1,-1
288,21,326.55,629.99,44.75,112.70,0.44,-1,-1,-1
288,83,955.70,290.60,16.65,35.76,0.37,-1,-1,-1
289,3,260.34,381.25,37.94,90.67,0.74,-1,-1,-1
289,4,269.16,258.74,25.16,52.25,0.68,-1,-1,-1
289,5,306.26,546.85,35.00,67.04,0.62,-1,-1,-1
289,6,263.65,530.26,47.63,73.68,0.46,-1,-1,-1
289,7,368.65,397.62,39.03,100.92,0.67,-1,-1,-1
289,9,398.35,176.01,14.55,30.33,0.57,-1,-1,-1
289,10,304.10,378.82,35.19,96.07,0.63,-1,-1,-1
289,15,869.28,443.17,41.30,100.59,0.73,-1,-1,-1
289,17,625.40,389.95,35.85,89.93,0.65,-1,-1,-1
289,18,339.62,298.45,24.65,39.19,0.59,-1,-1,-1
289,19,901.23,295.69,29.78,37.50,0.47,-1,-1,-1
289,20,186.42,406.41,43.48,57.80,0.55,-1,-1,-1
289,25,408.96,326.61,23.25,40.86,0.30,-1,-1,-1
289,33,602.30,442.65,37.27,101.47,0.64,-1,-1,-1
289,35,570.19,179.93,18.93,46.30,0.59,-1,-1,-1
289,8,182.20,338.84,34.82,45.78,0.50,-1,-1,-1
289,41,645.76,327.23,30.53,77.85,0.56,-1,-1,-1
289,42,706.42,257.41,27.64,54.19,0.58,-1,-1,-1
289,12,744.19,382.42,32.04,81.97,0.69,-1,-1,-1
289,16,948.89,348.64,31.16,78.75,0.68,-1,-1,-1
289,47,310.96,299.78,26.93,34.49,0.47,-1,-1,-1
289,49,103.93,257.13,31.64,72.97,0.53,-1,-1,-1
289,52,137.82,306.83,27.20,45.40,0.45,-1,-1,-1
289,54,440.38,242.47,22.40,61.77,0.68,-1,-1,-1
289,57,812.76,329.23,31.76,80.75,0.63,-1,-1,-1
289,59,1164.33,359.11,17.48,41.68,0.30,-1,-1,-1
289,67,1043.40,201.65,22.40,37.07,0.52,-1,-1,-1
289,24,223.94,454.09,44.13,67.35,0.53,-1,-1,-1
289,68,57.23,225.46,22.91,53.87,0.58,-1,-1,-1
289,69,388.55,638.65,49.43,103.15,0.84,-1,-1,-1
289,73,99.29,114.85,17.99,38.87,0.54,-1,-1,-1
289,74,113.54,147.35,20.37,44.79,0.68,-1,-1,-1
289,75,609.32,330.12,29.18,72.58,0.72,-1,-1,-1
289,38,302.98,140.60,14.69,29.63,0.50,-1,-1,-1
289,30,333.86,600.32,42.37,89.17,0.64,-1,-1,-1
289,76,493.61,239.90,23.29,49.04,0.50,-1,-1,-1
289,77,117.51,308.95,42.98,73.82,0.16,-1,-1,-1
289,78,230.84,460.46,61.19,74.07,0.31,-1,-1,-1
289,79,523.85,247.47,23.73,39.15,0.45,-1,-1,-1
289,80,29.92,166.60,20.30,27.10,0.62,-1,-1,-1
289,81,122.76,352.03,35.84,43.97,0.62,-1,-1,-1
289,82,1052.08,321.76,16.66,39.36,0.43,-1,-1,-1
289,21,325.75,637.74,40.22,100.33,0.46,-1,-1,-1
289,83,957.10,291.67,16.57,35.63,0.17,-1,-1,-1
290,3,260.83,380.74,37.79,90.62,0.75,-1,-1,-1
290,4,269.94,257.15,25.70,53.84,0.71,-1,-1,-1
290,5,306.22,546.39,34.80,66.95,0.59,-1,-1,-1
290,6,261.80,528.68,49.76,78.17,0.45,-1,-1,-1
290,7,368.42,396.78,38.87,100.84,0.63,-1,-1,-1
290,9,402.34,178.01,13.68,28.07,0.56,-1,-1,-1
290,10,304.23,378.35,35.26,96.20,0.59,-1,-1,-1
290,15,867.24,441.83,41.69,100.97,0.83,-1,-1,-1
290,17,625.49,390.61,35.72,89.22,0.65,-1,-1,-1
290,18,340.14,298.04,25.39,40.90,0.54,-1,-1,-1
290,19,901.35,295.53,30.20,38.41,0.49,-1,-1,-1
290,20,187.29,405.17,43.10,58.25,0.56,-1,-1,-1
290,25,408.91,321.70,26.05,46.15,0.29,-1,-1,-1
290,33,601.10,443.13,36.91,100.68,0.70,-1,-1,-1
290,35,572.00,178.97,19.40,47.46,0.49,-1,-1,-1
290,8,184.23,338.53,34.27,45.01,0.48,-1,-1,-1
290,41,644.54,327.15,31.02,79.06,0.61,-1,-1,-1
290,42,707.17,256.98,27.72,54.50,0.57,-1,-1,-1
290,12,743.98,382.34,32.00,81.08,0.69,-1,-1,-1
290,16,945.57,347.70,31.66,80.14,0.71,-1,-1,-1
290,47,312.01,299.42,28.91,37.15,0.44,-1,-1,-1
290,49,105.53,256.80,31.13,71.59,0.56,-1,-1,-1
290,52,138.97,306.21,28.85,47.75,0.47,-1,-1,-1
290,54,440.80,241.62,22.63,62.45,0.66,-1,-1,-1
290,57,810.71,329.48,31.12,80.49,0.67,-1,-1,-1
290,59,1164.60,359.84,17.37,41.55,0.29,-1,-1,-1
290,67,1044.65,201.83,22.26,37.12,0.52,-1,-1,-1
290,24,224.29,453.32,44.10,68.28,0.48,-1,-1,-1
290,68,59.17,224.91,23.15,54.74,0.54,-1,-1,-1
290,69,387.27,636.11,49.00,104.62,0.82,-1,-1,-1
290,73,101.78,114.76,18.02,39.32,0.54,-1,-1,-1
290,74,117.25,146.98,20.61,45.40,0.71,-1,-1,-1
290,75,608.84,330.52,28.81,71.62,0.74,-1,-1,-1
290,38,305.64,140.38,14.31,29.01,0.54,-1,-1,-1
290,30,332.56,600.12,41.56,87.18,0.65,-1,-1,-1
290,76,495.00,236.56,24.78,52.44,0.46,-1,-1,-1
290,77,123.50,306.41,41.42,73.34,0.14,-1,-1,-1
290,78,231.84,458.76,59.41,73.41,0.23,-1,-1,-1
290,79,524.88,246.60,24.44,40.23,0.31,-1,-1,-1
290,80,32.19,166.52,20.39,26.92,0.61,-1,-1,-1
290,81,123.21,348.66,37.20,46.24,0.55,-1,-1,-1
290,82,1053.38,322.17,16.73,39.44,0.50,-1,-1,-1
290,21,323.78,625.83,43.48,108.64,0.39,-1,-1,-1
290,83,957.78,291.58,17.39,37.36,0.40,-1,-1,-1
291,3,261.07,380.50,37.45,90.04,0.73,-1,-1,-1
291,4,270.38,256.05,25.86,54.45,0.72,-1,-1,-1
291,5,306.47,545.91,34.34,66.46,0.50,-1,-1,-1
291,6,262.18,528.92,48.18,76.14,0.48,-1,-1,-1
291,7,368.65,395.99,39.20,101.63,0.66,-1,-1,-1
291,9,404.95,178.41,14.14,28.56,0.37,-1,-1,-1
291,10,304.31,377.58,35.33,96.51,0.62,-1,-1,-1
291,15,864.49,440.55,41.21,100.44,0.82,-1,-1,-1
291,17,626.22,392.03,32.34,79.92,0.62,-1,-1,-1
291,18,340.98,297.63,25.71,41.76,0.51,-1,-1,-1
291,19,902.27,295.79,29.45,37.85,0.51,-1,-1,-1
291,20,186.70,405.00,42.38,57.92,0.55,-1,-1,-1
291,25,408.86,318.99,27.30,48.79,0.27,-1,-1,-1
291,33,599.61,440.41,37.61,103.28,0.71,-1,-1,-1
291,35,573.35,178.72,19.44,47.58,0.48,-1,-1,-1
291,8,183.39,338.21,34.18,44.28,0.53,-1,-1,-1
291,41,644.09,328.59,30.67,77.63,0.70,-1,-1,-1
291,42,707.87,256.76,27.81,54.68,0.55,-1,-1,-1
291,12,743.66,382.13,32.01,80.42,0.68,-1,-1,-1
291,16,943.74,347.11,31.93,81.13,0.61,-1,-1,-1
291,47,312.51,298.51,30.03,38.73,0.46,-1,-1,-1
291,49,106.96,256.70,30.87,70.72,0.57,-1,-1,-1
291,52,139.33,305.06,29.86,48.78,0.50,-1,-1,-1
291,54,441.09,241.19,22.86,63.05,0.64,-1,-1,-1
291,57,808.13,329.52,30.28,79.98,0.51,-1,-1,-1
291,59,1164.61,359.34,17.68,42.38,0.19,-1,-1,-1
291,67,1046.23,201.76,22.82,38.59,0.45,-1,-1,-1
291,24,224.66,452.73,44.20,69.53,0.45,-1,-1,-1
291,68,61.27,225.00,23.33,55.27,0.64,-1,-1,-1
291,69,385.95,633.25,48.26,104.84,0.80,-1,-1,-1
291,73,103.88,114.99,17.82,39.14,0.61,-1,-1,-1
291,74,120.75,145.82,20.91,46.04,0.68,-1,-1,-1
291,75,608.72,332.00,28.12,69.66,0.75,-1,-1,-1
291,38,307.89,140.67,14.42,29.20,0.48,-1,-1,-1
291,30,330.57,600.47,41.28,85.81,0.57,-1,-1,-1
291,76,497.24,234.84,25.59,53.56,0.51,-1,-1,-1
291,77,123.39,315.51,37.96,67.54,0.19,-1,-1,-1
291,78,229.75,462.30,58.40,71.47,0.13,-1,-1,-1
291,79,526.10,246.23,24.47,40.06,0.45,-1,-1,-1
291,80,34.99,166.49,19.99,26.18,0.48,-1,-1,-1
291,81,125.77,351.23,34.20,42.65,0.62,-1,-1,-1
291,82,1054.03,322.75,16.32,38.42,0.53,-1,-1,-1
291,21,320.06,620.65,46.03,115.73,0.34,-1,-1,-1
291,83,958.30,290.12,17.93,38.64,0.28,-1,-1,-1
292,3,261.36,380.13,37.21,89.67,0.72,-1,-1,-1
292,4,270.94,254.95,25.44,54.06,0.68,-1,-1,-1
292,5,305.75,544.92,34.31,66.75,0.55,-1,-1,-1
292,6,262.18,528.68,46.88,74.27,0.46,-1,-1,-1
292,7,368.17,395.36,39.59,102.14,0.71,-1,-1,-1
292,9,408.75,178.62,13.66,27.06,0.54,-1,-1,-1
292,10,304.19,377.00,35.26,96.47,0.62,-1,-1,-1
292,15,860.87,439.93,39.26,95.13,0.76,-1,-1,-1
292,17,625.48,392.59,31.53,77.18,0.65,-1,-1,-1
292,18,341.62,297.32,24.74,40.42,0.44,-1,-1,-1
292,19,903.07,295.95,29.23,37.98,0.49,-1,-1,-1
292,20,185.99,404.52,42.45,58.15,0.56,-1,-1,-1
292,25,408.92,316.49,28.25,50.98,0.28,-1,-1,-1
292,33,598.76,440.31,37.46,103.57,0.74,-1,-1,-1
292,35,574.47,178.56,19.28,46.88,0.52,-1,-1,-1
292,8,181.29,337.76,34.93,43.46,0.54,-1,-1,-1
292,41,643.59,329.13,30.89,77.83,0.69,-1,-1,-1
292,42,708.48,257.17,27.79,54.50,0.57,-1,-1,-1
292,12,743.94,381.38,31.44,77.94,0.67,-1,-1,-1
292,16,941.64,347.32,31.05,78.82,0.56,-1,-1,-1
292,47,313.58,298.07,29.38,37.94,0.47,-1,-1,-1
292,49,108.23,256.50,30.61,69.59,0.60,-1,-1,-1
292,52,138.53,304.21,34.85,57.65,0.43,-1,-1,-1
292,54,441.64,241.05,22.99,63.44,0.65,-1,-1,-1
292,57,806.03,328.20,30.20,81.56,0.58,-1,-1,-1
292,67,1048.33,202.04,22.70,38.73,0.33,-1,-1,-1
292,24,220.55,451.54,48.07,76.53,0.29,-1,-1,-1
292,68,63.17,224.80,23.55,55.80,0.64,-1,-1,-1
292,69,384.75,631.12,46.67,102.48,0.78,-1,-1,-1
292,73,105.94,115.06,16.96,37.05,0.64,-1,-1,-1
292,74,125.08,145.64,20.76,45.68,0.55,-1,-1,-1
292,75,608.51,333.92,27.44,67.27,0.78,-1,-1,-1
292,38,310.27,141.00,13.64,27.50,0.34,-1,-1,-1
292,30,331.49,601.16,39.03,80.36,0.54,-1,-1,-1
292,76,498.19,233.38,26.16,54.26,0.57,-1,-1,-1
292,78,222.07,465.85,60.93,72.85,0.10,-1,-1,-1
292,79,527.17,245.85,24.87,40.71,0.45,-1,-1,-1
292,80,37.43,166.48,20.28,26.13,0.56,-1,-1,-1
292,81,127.70,352.90,32.24,40.22,0.58,-1,-1,-1
292,82,1054.29,322.70,16.34,38.46,0.57,-1,-1,-1
292,21,317.37,613.20,49.69,125.46,0.50,-1,-1,-1
292,83,958.46,289.11,18.51,40.05,0.22,-1,-1,-1
293,3,261.46,379.54,37.00,89.39,0.72,-1,-1,-1
293,4,271.59,254.56,25.44,54.48,0.68,-1,-1,-1
293,5,305.28,544.24,34.75,67.90,0.55,-1,-1,-1
293,6,262.40,528.15,45.56,72.09,0.42,-1,-1,-1
293,7,366.59,395.82,39.92,101.26,0.70,-1,-1,-1
293,9,411.12,176.93,14.54,29.03,0.60,-1,-1,-1
293,10,304.03,376.13,35.35,96.79,0.59,-1,-1,-1
293,15,857.89,439.53,37.60,90.89,0.80,-1,-1,-1
293,17,624.29,392.89,31.38,76.39,0.65,-1,-1,-1
293,18,343.38,297.02,25.90,42.59,0.50,-1,-1,-1
293,19,904.49,296.34,28.77,37.90,0.48,-1,-1,-1
293,20,185.10,404.11,42.53,58.20,0.55,-1,-1,-1
293,25,409.52,316.73,27.71,50.33,0.32,-1,-1,-1
293,33,598.20,439.53,37.26,103.94,0.77,-1,-1,-1
293,35,576.05,178.96,18.83,45.39,0.56,-1,-1,-1
293,8,178.90,337.31,36.33,43.10,0.59,-1,-1,-1
293,41,642.91,328.96,31.07,78.24,0.68,-1,-1,-1
293,42,708.94,257.18,27.81,54.27,0.57,-1,-1,-1
293,12,743.20,381.00,31.56,77.25,0.69,-1,-1,-1
293,16,938.82,347.25,30.77,78.46,0.58,-1,-1,-1
293,47,314.83,297.61,29.04,37.71,0.50,-1,-1,-1
293,49,109.77,256.40,30.05,67.89,0.63,-1,-1,-1
293,52,140.78,304.44,31.91,52.70,0.44,-1,-1,-1
293,54,443.08,241.05,23.12,64.26,0.64,-1,-1,-1
293,57,804.42,327.69,29.71,81.67,0.64,-1,-1,-1
293,67,1050.00,202.47,21.98,37.64,0.22,-1,-1,-1
293,24,224.09,451.33,43.84,70.72,0.23,-1,-1,-1
293,68,64.55,224.09,25.03,59.36,0.71,-1,-1,-1
293,69,382.99,627.82,45.42,100.44,0.75,-1,-1,-1
293,73,107.08,113.81,17.74,38.58,0.60,-1,-1,-1
293,74,128.52,144.39,20.34,45.03,0.67,-1,-1,-1
293,75,607.03,335.82,27.31,66.47,0.77,-1,-1,-1
293,38,312.92,140.50,13.69,27.79,0.51,-1,-1,-1
293,30,329.80,601.22,38.34,77.90,0.57,-1,-1,-1
293,76,498.97,236.31,24.78,50.84,0.60,-1,-1,-1
293,78,220.31,461.27,61.42,73.49,0.20,-1,-1,-1
293,79,528.32,245.58,24.84,40.61,0.45,-1,-1,-1
293,80,39.48,166.32,20.72,26.34,0.62,-1,-1,-1
293,81,128.81,353.59,31.26,38.91,0.64,-1,-1,-1
293,82,1054.68,323.01,16.23,38.25,0.70,-1,-1,-1
293,21,315.35,609.29,51.89,131.54,0.44,-1,-1,-1
293,83,958.70,288.10,18.84,40.99,0.20,-1,-1,-1
294,3,262.01,378.93,36.91,89.53,0.71,-1,-1,-1
294,4,272.04,254.32,25.60,55.12,0.64,-1,-1,-1
294,5,303.98,543.56,34.88,68.18,0.52,-1,-1,-1
294,6,260.54,527.71,44.26,70.52,0.46,-1,-1,-1
294,7,364.63,395.16,40.58,101.81,0.70,-1,-1,-1
294,9,414.47,177.56,13.87,27.75,0.55,-1,-1,-1
294,10,305.21,378.95,34.50,94.91,0.59,-1,-1,-1
294,15,853.19,438.00,37.68,91.17,0.83,-1,-1,-1
294,17,621.96,392.25,33.70,81.57,0.71,-1,-1,-1
294,18,344.82,297.00,25.52,42.28,0.53,-1,-1,-1
294,19,905.89,296.95,27.92,37.28,0.43,-1,-1,-1
294,20,188.44,403.24,42.35,58.44,0.55,-1,-1,-1
294,25,410.50,318.93,26.33,47.78,0.32,-1,-1,-1
294,33,597.21,438.39,37.18,104.92,0.75,-1,-1,-1
294,35,578.29,179.51,18.24,43.60,0.43,-1,-1,-1
294,8,178.10,337.13,37.88,43.57,0.61,-1,-1,-1
294,41,642.52,329.80,30.76,77.43,0.69,-1,-1,-1
294,42,709.41,256.93,27.97,54.47,0.62,-1,-1,-1
294,12,739.89,380.27,33.11,79.92,0.70,-1,-1,-1
294,16,934.92,346.56,31.90,81.31,0.60,-1,-1,-1
294,47,315.75,297.72,29.20,38.44,0.41,-1,-1,-1
294,49,112.05,256.43,28.91,65.29,0.65,-1,-1,-1
294,52,141.47,304.42,31.56,52.03,0.46,-1,-1,-1
294,54,444.45,241.03,22.77,63.72,0.58,-1,-1,-1
294,57,802.46,328.15,29.25,81.19,0.58,-1,-1,-1
294,67,1051.37,203.04,22.04,37.95,0.36,-1,-1,-1
294,24,227.34,452.82,38.00,61.28,0.14,-1,-1,-1
294,68,65.85,223.81,25.09,59.63,0.68,-1,-1,-1
294,69,381.56,625.38,44.82,99.75,0.78,-1,-1,-1
294,73,108.89,112.80,18.06,38.94,0.62,-1,-1,-1
294,74,133.10,144.34,20.21,45.12,0.68,-1,-1,-1
294,75,604.61,337.50,28.13,67.89,0.69,-1,-1,-1
294,38,315.27,140.25,13.34,26.84,0.57,-1,-1,-1
294,30,330.95,601.48,37.26,76.11,0.45,-1,-1,-1
294,76,499.60,236.56,25.21,51.24,0.59,-1,-1,-1
294,78,221.04,455.82,63.64,76.44,0.28,-1,-1,-1
294,79,529.54,246.01,24.50,39.89,0.53,-1,-1,-1
294,80,41.68,166.17,20.94,26.39,0.49,-1,-1,-1
294,81,125.99,344.52,37.27,47.40,0.29,-1,-1,-1
294,82,1055.40,323.82,15.86,37.35,0.66,-1,-1,-1
294,21,314.07,614.73,49.95,125.97,0.58,-1,-1,-1
294,83,959.11,287.06,19.08,41.90,0.15,-1,-1,-1
295,3,262.17,378.14,36.90,89.86,0.72,-1,-1,-1
295,4,272.87,253.80,25.63,55.60,0.63,-1,-1,-1
295,5,302.99,542.95,34.81,68.09,0.46,-1,-1,-1
295,6,260.49,525.86,43.64,68.50,0.46,-1,-1,-1
295,7,364.84,394.30,41.10,102.47,0.64,-1,-1,-1
295,9,417.06,177.63,14.26,28.41,0.63,-1,-1,-1
295,10,305.57,379.67,34.13,94.32,0.56,-1,-1,-1
295,15,848.56,436.61,38.13,92.65,0.82,-1,-1,-1
295,17,620.83,392.33,33.94,81.42,0.67,-1,-1,-1
295,18,346.39,296.74,25.12,41.69,0.58,-1,-1,-1
295,19,905.91,297.53,27.67,37.11,0.46,-1,-1,-1
295,20,188.84,402.78,42.25,58.24,0.56,-1,-1,-1
295,25,411.36,321.17,24.97,45.12,0.32,-1,-1,-1
295,33,596.16,436.70,37.27,106.03,0.71,-1,-1,-1
295,35,578.88,179.18,19.01,45.47,0.44,-1,-1,-1
295,8,177.50,336.76,39.15,43.41,0.62,-1,-1,-1
295,41,642.29,330.51,30.51,76.75,0.70,-1,-1,-1
295,42,710.15,257.01,28.17,54.59,0.59,-1,-1,-1
295,12,737.54,379.43,34.20,81.35,0.69,-1,-1,-1
295,16,930.46,346.99,32.51,81.89,0.62,-1,-1,-1
295,47,317.26,297.40,27.74,36.85,0.40,-1,-1,-1
295,49,113.98,256.26,28.11,63.41,0.65,-1,-1,-1
295,52,142.33,303.92,30.58,50.87,0.45,-1,-1,-1
295,54,446.23,241.36,22.29,62.23,0.64,-1,-1,-1
295,57,800.03,328.77,28.93,79.89,0.57,-1,-1,-1
295,67,1052.50,203.08,22.17,38.36,0.46,-1,-1,-1
295,24,227.93,452.67,36.43,58.91,0.15,-1,-1,-1
295,68,67.36,223.85,25.25,60.41,0.62,-1,-1,-1
295,69,379.99,624.41,44.21,98.56,0.80,-1,-1,-1
295,73,110.70,112.32,18.04,38.71,0.56,-1,-1,-1
295,74,137.17,143.59,20.04,45.04,0.69,-1,-1,-1
295,75,601.58,339.59,29.01,68.96,0.70,-1,-1,-1
295,38,317.67,140.38,13.29,26.57,0.54,-1,-1,-1
295,30,324.19,600.32,42.96,88.59,0.37,-1,-1,-1
295,76,500.05,236.10,25.75,51.94,0.55,-1,-1,-1
295,78,222.43,454.12,63.94,76.82,0.27,-1,-1,-1
295,79,530.70,246.13,24.41,39.79,0.54,-1,-1,-1
295,80,44.14,166.04,21.04,26.27,0.48,-1,-1,-1
295,82,1055.84,324.33,15.93,37.54,0.62,-1,-1,-1
295,21,312.54,617.91,48.16,121.47,0.63,-1,-1,-1
295,83,959.58,287.04,19.02,42.12,0.18,-1,-1,-1
296,3,262.43,377.64,36.48,89.41,0.71,-1,-1,-1
296,4,274.00,254.04,24.66,53.74,0.65,-1,-1,-1
296,5,301.43,542.19,34.05,67.00,0.40,-1,-1,-1
296,6,259.80,525.12,44.55,69.47,0.44,-1,-1,-1
296,7,365.65,393.83,41.00,102.46,0.43,-1,-1,-1
296,9,419.01,177.87,14.25,28.42,0.62,-1,-1,-1
296,10,305.50,378.77,34.19,95.13,0.58,-1,-1,-1
296,15,843.69,435.63,38.54,93.08,0.69,-1,-1,-1
296,17,620.17,392.71,31.93,76.36,0.56,-1,-1,-1
296,18,347.50,296.32,24.57,40.77,0.59,-1,-1,-1
296,19,905.82,297.81,27.68,37.23,0.41,-1,-1,-1
296,20,189.71,402.46,41.87,57.74,0.58,-1,-1,-1
296,25,411.71,319.93,25.43,45.92,0.30,-1,-1,-1
296,33,594.02,435.78,37.23,106.87,0.68,-1,-1,-1
296,35,582.63,178.79,15.35,35.79,0.53,-1,-1,-1
296,8,177.76,336.55,39.77,42.69,0.61,-1,-1,-1
296,41,642.04,331.43,30.21,75.95,0.70,-1,-1,-1
296,42,710.97,257.44,28.09,54.19,0.59,-1,-1,-1
296,12,735.46,378.67,34.70,82.20,0.69,-1,-1,-1
296,16,928.23,345.29,33.79,84.85,0.63,-1,-1,-1
296,47,319.92,297.00,28.58,38.40,0.35,-1,-1,-1
296,49,115.80,255.74,27.67,62.42,0.61,-1,-1,-1
296,52,143.35,303.67,30.11,51.13,0.47,-1,-1,-1
296,54,447.45,241.33,22.03,61.52,0.67,-1,-1,-1
296,57,798.03,329.05,29.09,79.58,0.62,-1,-1,-1
296,67,1053.87,202.64,22.82,39.60,0.24,-1,-1,-1
296,24,228.69,452.86,36.47,58.82,0.16,-1,-1,-1
296,68,69.22,223.89,24.92,60.27,0.58,-1,-1,-1
296,69,379.00,622.50,44.09,99.28,0.80,-1,-1,-1
296,73,112.53,112.07,17.84,38.38,0.67,-1,-1,-1
296,74,141.27,142.97,20.09,45.15,0.54,-1,-1,-1
296,75,599.87,341.99,28.56,66.63,0.65,-1,-1,-1
296,38,320.13,139.64,13.62,27.34,0.54,-1,-1,-1
296,30,323.31,600.79,40.14,81.80,0.31,-1,-1,-1
296,76,501.12,237.47,25.32,50.57,0.57,-1,-1,-1
296,78,222.29,453.00,65.12,78.66,0.33,-1,-1,-1
296,79,530.82,245.97,24.47,39.62,0.52,-1,-1,-1
296,80,46.54,165.53,21.45,26.52,0.57,-1,-1,-1
296,82,1056.34,324.77,15.69,36.92,0.62,-1,-1,-1
296,21,310.77,611.78,49.46,125.38,0.56,-1,-1,-1
296,83,960.31,287.73,18.38,41.01,0.32,-1,-1,-1
297,3,262.73,376.99,35.97,88.90,0.68,-1,-1,-1
297,4,275.01,254.15,24.18,52.77,0.69,-1,-1,-1
297,5,300.83,541.62,33.53,66.21,0.46,-1,-1,-1
297,6,258.32,524.71,44.98,69.59,0.44,-1,-1,-1
297,7,366.42,393.67,40.89,102.62,0.43,-1,-1,-1
297,9,422.18,179.19,14.54,28.98,0.56,-1,-1,-1
297,10,305.57,375.60,34.70,97.19,0.53,-1,-1,-1
297,15,839.27,434.90,39.35,94.23,0.81,-1,-1,-1
297,17,618.39,391.43,34.92,84.31,0.58,-1,-1,-1
297,18,347.79,295.92,24.28,40.31,0.56,-1,-1,-1
297,19,906.25,297.69,28.02,37.64,0.46,-1,-1,-1
297,20,190.49,402.15,41.82,57.73,0.55,-1,-1,-1
297,25,412.79,319.52,25.54,45.84,0.29,-1,-1,-1
297,33,592.80,435.42,37.22,107.29,0.65,-1,-1,-1
297,35,583.87,179.07,14.73,33.70,0.55,-1,-1,-1
297,8,179.55,336.09,40.77,43.08,0.62,-1,-1,-1
297,41,641.60,332.01,30.04,75.28,0.67,-1,-1,-1
297,42,711.52,257.74,28.19,54.09,0.55,-1,-1,-1
297,12,735.21,379.30,33.26,78.74,0.75,-1,-1,-1
297,16,927.02,344.47,33.71,84.48,0.61,-1,-1,-1
297,47,321.35,296.35,28.78,38.76,0.35,-1,-1,-1
297,49,117.24,255.43,27.98,63.34,0.57,-1,-1,-1
297,52,143.99,302.81,30.76,53.04,0.51,-1,-1,-1
297,54,448.38,241.34,21.82,60.90,0.68,-1,-1,-1
297,57,797.25,329.54,29.23,79.25,0.66,-1,-1,-1
297,67,1055.01,203.15,22.68,39.89,0.34,-1,-1,-1
297,68,71.80,223.60,24.06,58.52,0.52,-1,-1,-1
297,69,376.64,618.83,44.81,102.62,0.79,-1,-1,-1
297,73,114.52,111.42,18.23,39.26,0.51,-1,-1,-1
297,74,145.52,143.01,19.75,44.40,0.72,-1,-1,-1
297,75,598.27,343.14,28.52,65.37,0.73,-1,-1,-1
297,38,322.72,138.95,14.07,28.47,0.61,-1,-1,-1
297,76,502.17,239.52,23.99,47.80,0.60,-1,-1,-1
297,78,223.98,456.87,63.97,77.53,0.15,-1,-1,-1
297,79,532.80,246.29,24.41,39.78,0.54,-1,-1,-1
297,80,48.95,165.28,21.61,26.57,0.52,-1,-1,-1
297,82,1057.17,325.56,15.29,35.92,0.65,-1,-1,-1
297,21,309.56,603.20,51.29,130.66,0.52,-1,-1,-1
297,83,960.52,287.59,18.36,41.22,0.20,-1,-1,-1
298,3,262.96,376.59,35.60,88.73,0.66,-1,-1,-1
298,4,275.82,253.92,23.92,52.36,0.70,-1,-1,-1
298,5,300.02,540.83,34.01,67.65,0.37,-1,-1,-1
298,6,257.46,524.02,44.92,68.72,0.41,-1,-1,-1
298,7,367.46,392.67,40.70,103.28,0.53,-1,-1,-1
298,9,424.49,179.57,14.92,29.67,0.53,-1,-1,-1
298,10,305.75,374.27,34.65,97.53,0.60,-1,-1,-1
298,15,835.12,433.48,40.34,95.71,0.77,-1,-1,-1
298,17,619.02,391.86,31.86,76.29,0.60,-1,-1,-1
298,18,348.62,295.83,24.31,40.27,0.58,-1,-1,-1
298,19,906.66,297.89,27.91,37.46,0.48,-1,-1,-1
298,20,192.69,401.86,40.96,57.01,0.53,-1,-1,-1
298,25,413.85,321.29,25.13,44.63,0.41,-1,-1,-1
298,33,591.83,433.70,37.49,108.56,0.67,-1,-1,-1
298,35,584.80,178.81,14.81,33.13,0.56,-1,-1,-1
298,8,179.88,335.37,41.89,43.67,0.66,-1,-1,-1
298,41,640.80,332.38,29.97,75.02,0.62,-1,-1,-1
298,42,712.62,256.32,28.87,55.69,0.53,-1,-1,-1
298,12,734.32,379.19,32.73,77.30,0.73,-1,-1,-1
298,16,925.08,343.31,32.89,83.33,0.60,-1,-1,-1
298,47,323.28,296.28,28.38,38.45,0.36,-1,-1,-1
298,49,119.20,254.91,27.33,61.53,0.63,-1,-1,-1
298,52,148.60,302.25,26.46,44.23,0.57,-1,-1,-1
298,54,449.22,241.24,21.75,60.63,0.67,-1,-1,-1
298,57,795.03,328.42,29.86,80.18,0.50,-1,-1,-1
298,67,1055.99,203.10,22.47,40.03,0.46,-1,-1,-1
298,68,74.19,222.95,22.17,53.54,0.57,-1,-1,-1
298,69,375.22,616.04,44.69,103.79,0.81,-1,-1,-1
298,73,117.08,111.42,18.38,39.57,0.58,-1,-1,-1
298,74,148.87,142.35,20.00,44.92,0.60,-1,-1,-1
298,75,595.36,345.99,30.11,68.07,0.63,-1,-1,-1
298,38,324.88,138.35,14.35,28.93,0.62,-1,-1,-1
298,76,502.65,239.05,24.11,48.07,0.57,-1,-1,-1
298,78,224.39,457.82,64.01,77.98,0.24,-1,-1,-1
298,79,534.43,246.57,23.95,39.17,0.48,-1,-1,-1
298,80,51.84,164.62,21.52,26.47,0.53,-1,-1,-1
298,82,1057.96,325.62,15.30,36.07,0.64,-1,-1,-1
298,21,311.85,627.03,44.08,109.81,0.31,-1,-1,-1
298,30,315.04,598.50,47.23,97.43,0.51,-1,-1,-1
299,3,263.38,376.31,35.26,88.44,0.66,-1,-1,-1
299,4,276.48,253.39,24.15,53.16,0.66,-1,-1,-1
299,5,299.60,540.18,33.95,68.00,0.42,-1,-1,-1
299,6,255.56,522.15,47.91,74.27,0.45,-1,-1,-1
299,7,367.99,391.72,40.40,103.67,0.51,-1,-1,-1
299,9,426.61,179.36,15.27,30.49,0.53,-1,-1,-1
299,10,305.89,374.03,34.54,97.51,0.58,-1,-1,-1
299,15,832.25,432.73,40.16,95.63,0.77,-1,-1,-1
299,17,617.43,390.76,34.75,84.02,0.59,-1,-1,-1
299,18,349.19,295.71,24.02,39.73,0.49,-1,-1,-1
299,19,907.20,298.07,27.90,37.39,0.47,-1,-1,-1
299,20,194.40,401.40,40.38,56.66,0.54,-1,-1,-1
299,25,414.37,322.19,25.01,43.99,0.40,-1,-1,-1
299,33,591.15,433.43,37.32,108.28,0.68,-1,-1,-1
299,35,586.22,179.38,15.10,33.10,0.51,-1,-1,-1
299,8,185.54,334.82,40.62,43.07,0.68,-1,-1,-1
299,41,638.55,332.99,30.65,76.58,0.62,-1,-1,-1
299,42,713.15,257.16,28.33,54.67,0.54,-1,-1,-1
299,12,732.66,378.09,34.10,80.71,0.75,-1,-1,-1
299,16,922.63,343.00,31.91,82.21,0.61,-1,-1,-1
299,47,324.13,296.11,28.01,37.90,0.39,-1,-1,-1
299,49,120.97,254.52,26.92,60.34,0.59,-1,-1,-1
299,52,151.05,301.96,24.99,41.20,0.49,-1,-1,-1
299,54,449.94,241.21,21.80,60.75,0.68,-1,-1,-1
299,57,792.28,325.97,30.10,81.73,0.51,-1,-1,-1
299,67,1056.61,203.05,22.45,40.41,0.35,-1,-1,-1
299,68,76.40,222.55,20.49,48.92,0.55,-1,-1,-1
299,69,373.89,612.19,45.22,106.57,0.83,-1,-1,-1
299,73,120.11,111.78,18.10,39.00,0.62,-1,-1,-1
299,74,153.16,142.23,19.76,44.51,0.68,-1,-1,-1
299,75,592.80,348.74,30.70,67.63,0.61,-1,-1,-1
299,38,327.09,137.79,14.47,29.35,0.65,-1,-1,-1
299,76,503.53,239.62,23.78,47.55,0.55,-1,-1,-1
299,78,222.64,455.17,65.79,80.86,0.23,-1,-1,-1
299,79,535.47,246.09,23.95,39.43,0.44,-1,-1,-1
299,80,54.40,164.09,21.38,26.31,0.53,-1,-1,-1
299,82,1058.65,325.38,15.46,36.67,0.45,-1,-1,-1
299,21,306.84,610.79,50.89,127.79,0.36,-1,-1,-1
299,30,316.34,598.69,43.27,89.91,0.44,-1,-1,-1
299,81,134.57,347.78,32.48,41.04,0.51,-1,-1,-1
300,3,263.63,376.03,34.58,87.31,0.60,-1,-1,-1
300,4,277.66,253.10,22.78,50.21,0.69,-1,-1,-1
300,5,299.14,539.45,33.62,67.72,0.42,-1,-1,-1
300,6,253.50,522.19,47.87,73.99,0.41,-1,-1,-1
300,7,368.59,392.37,39.67,102.32,0.52,-1,-1,-1
300,9,428.09,178.78,15.99,32.22,0.57,-1,-1,-1
300,10,305.83,373.69,34.42,97.59,0.62,-1,-1,-1
300,15,827.64,429.50,41.09,98.57,0.78,-1,-1,-1
300,17,617.24,389.70,35.95,88.10,0.60,-1,-1,-1
300,18,349.65,295.50,23.83,39.50,0.38,-1,-1,-1
300,19,907.25,297.86,28.28,37.88,0.51,-1,-1,-1
300,20,195.83,400.79,40.46,57.09,0.55,-1,-1,-1
300,25,414.96,323.20,24.77,43.15,0.46,-1,-1,-1
300,33,591.05,434.12,36.33,105.14,0.68,-1,-1,-1
300,35,589.22,179.77,14.12,30.41,0.43,-1,-1,-1
300,8,189.33,334.07,39.51,42.93,0.66,-1,-1,-1
300,41,637.47,332.85,30.21,75.64,0.68,-1,-1,-1
300,42,714.16,257.10,28.53,55.18,0.58,-1,-1,-1
300,12,730.32,378.04,33.00,78.26,0.71,-1,-1,-1
300,16,920.26,341.02,32.17,83.69,0.74,-1,-1,-1
300,47,324.98,296.28,27.37,37.49,0.41,-1,-1,-1
300,49,122.76,254.05,26.85,59.72,0.58,-1,-1,-1
300,52,150.96,301.53,27.43,45.57,0.49,-1,-1,-1
300,54,450.38,240.96,21.83,60.82,0.69,-1,-1,-1
300,57,789.78,325.69,29.58,81.34,0.46,-1,-1,-1
300,67,1058.86,203.27,22.18,40.11,0.49,-1,-1,-1
300,68,78.06,222.44,19.89,47.46,0.57,-1,-1,-1
300,69,373.43,609.11,44.79,106.96,0.85,-1,-1,-1
300,73,122.62,111.98,17.64,38.19,0.61,-1,-1,-1
300,74,156.85,141.10,19.69,44.59,0.61,-1,-1,-1
300,75,591.34,351.39,30.53,65.42,0.63,-1,-1,-1
300,38,330.21,137.85,14.11,28.63,0.56,-1,-1,-1
300,76,504.31,238.83,23.89,48.06,0.49,-1,-1,-1
300,79,536.29,246.05,23.93,39.62,0.49,-1,-1,-1
300,80,56.21,164.01,21.49,26.20,0.59,-1,-1,-1
300,82,1059.41,325.72,15.83,37.41,0.43,-1,-1,-1
300,21,304.13,606.15,52.21,132.36,0.33,-1,-1,-1
300,30,315.94,597.89,41.73,87.30,0.37,-1,-1,-1
300,81,136.44,349.03,31.31,39.29,0.48,-1,-1,-1
301,3,263.76,375.59,34.62,87.84,0.65,-1,-1,-1
301,4,277.49,252.15,22.82,49.81,0.69,-1,-1,-1
301,5,298.10,539.60,32.90,66.60,0.40,-1,-1,-1
301,6,253.10,521.07,49.98,78.26,0.48,-1,-1,-1
301,7,368.84,391.64,39.48,102.29,0.56,-1,-1,-1
301,9,430.61,178.26,15.94,32.31,0.51,-1,-1,-1
301,10,305.52,372.75,34.45,97.84,0.67,-1,-1,-1
301,15,824.36,428.22,40.17,97.51,0.74,-1,-1,-1
301,17,617.41,389.21,35.71,88.63,0.63,-1,-1,-1
301,18,350.21,295.21,23.40,38.85,0.39,-1,-1,-1
301,19,907.67,297.78,28.57,38.22,0.48,-1,-1,-1
301,20,194.03,399.91,41.36,57.66,0.61,-1,-1,-1
301,25,415.89,323.17,24.70,42.72,0.46,-1,-1,-1
301,33,591.15,436.83,34.12,97.49,0.65,-1,-1,-1
301,35,590.42,179.56,14.22,30.04,0.41,-1,-1,-1
301,8,188.19,333.60,39.29,42.85,0.69,-1,-1,-1
301,41,636.62,333.56,30.17,75.88,0.69,-1,-1,-1
301,42,715.12,256.94,28.53,55.37,0.60,-1,-1,-1
301,12,727.97,377.01,33.27,79.10,0.68,-1,-1,-1
301,16,917.60,341.02,32.01,83.34,0.77,-1,-1,-1
301,47,325.42,295.95,26.58,36.53,0.47,-1,-1,-1
301,49,123.87,253.91,27.48,60.71,0.60,-1,-1,-1
301,52,151.20,301.12,27.70,46.47,0.48,-1,-1,-1
301,54,451.27,240.87,22.03,61.37,0.68,-1,-1,-1
301,57,786.46,326.11,29.06,79.90,0.67,-1,-1,-1
301,67,1060.72,204.02,21.57,39.16,0.40,-1,-1,-1
301,68,79.29,222.09,20.47,49.05,0.59,-1,-1,-1
301,69,373.09,607.66,43.59,104.96,0.81,-1,-1,-1
301,73,125.18,111.97,17.68,38.26,0.58,-1,-1,-1
301,74,160.70,141.17,20.01,45.57,0.66,-1,-1,-1
301,75,591.63,353.03,30.82,64.15,0.67,-1,-1,-1
301,38,332.39,137.28,14.38,29.19,0.62,-1,-1,-1
301,76,506.60,238.01,23.85,48.38,0.52,-1,-1,-1
301,79,536.96,245.34,24.19,40.24,0.46,-1,-1,-1
301,80,58.55,163.98,21.40,25.93,0.47,-1,-1,-1
301,82,1059.85,325.89,16.22,38.18,0.40,-1,-1,-1
301,21,299.55,602.57,53.75,138.07,0.38,-1,-1,-1
301,30,316.10,597.05,40.42,85.77,0.31,-1,-1,-1
301,81,136.55,346.92,32.56,40.98,0.40,-1,-1,-1
302,3,263.94,375.02,34.54,87.92,0.64,-1,-1,-1
302,4,277.08,251.42,23.14,49.76,0.67,-1,-1,-1
302,5,297.62,539.21,32.74,66.76,0.39,-1,-1,-1
302,6,252.01,520.06,49.60,78.90,0.50,-1,-1,-1
302,7,368.56,390.88,39.37,102.54,0.59,-1,-1,-1
302,9,432.47,178.57,15.97,32.33,0.59,-1,-1,-1
302,10,305.44,372.23,34.16,97.13,0.69,-1,-1,-1
302,15,822.33,426.47,38.17,93.23,0.69,-1,-1,-1
302,17,617.30,388.65,35.10,88.08,0.63,-1,-1,-1
302,18,349.67,295.31,23.92,40.41,0.35,-1,-1,-1
302,19,908.18,297.40,28.97,38.78,0.47,-1,-1,-1
302,20,193.00,399.36,42.01,57.50,0.57,-1,-1,-1
302,25,416.23,323.07,24.35,41.99,0.50,-1,-1,-1
302,33,591.63,441.36,31.73,88.51,0.62,-1,-1,-1
302,35,592.01,179.07,14.38,29.88,0.48,-1,-1,-1
302,8,191.04,333.11,38.41,42.95,0.64,-1,-1,-1
302,41,635.91,334.00,30.58,77.31,0.70,-1,-1,-1
302,42,715.84,257.04,28.23,54.94,0.59,-1,-1,-1
302,12,727.07,376.59,33.85,80.25,0.67,-1,-1,-1
302,16,913.72,340.82,32.36,83.63,0.60,-1,-1,-1
302,47,325.68,295.59,25.78,34.98,0.41,-1,-1,-1
302,49,125.24,253.63,26.86,58.63,0.66,-1,-1,-1
302,52,153.06,300.84,26.78,44.47,0.44,-1,-1,-1
302,54,452.09,240.51,21.99,61.22,0.73,-1,-1,-1
302,57,783.46,326.59,29.26,80.39,0.62,-1,-1,-1
302,67,1061.51,204.03,22.14,40.31,0.41,-1,-1,-1
302,68,79.24,221.52,24.33,58.95,0.65,-1,-1,-1
302,69,372.65,605.66,41.90,101.11,0.80,-1,-1,-1
302,73,128.17,112.36,16.98,36.97,0.65,-1,-1,-1
302,74,164.16,140.47,19.77,45.12,0.59,-1,-1,-1
302,75,591.44,354.33,31.54,63.37,0.65,-1,-1,-1
302,38,334.68,137.32,14.32,28.97,0.66,-1,-1,-1
302,76,507.77,237.66,23.78,48.60,0.54,-1,-1,-1
302,79,538.24,245.98,23.58,39.31,0.54,-1,-1,-1
302,80,60.25,163.16,22.18,26.89,0.47,-1,-1,-1
302,82,1060.06,326.17,16.00,37.75,0.51,-1,-1,-1
302,21,300.86,620.93,47.46,120.72,0.30,-1,-1,-1
302,30,309.29,594.22,45.50,97.91,0.45,-1,-1,-1
302,81,137.83,347.83,31.72,39.66,0.50,-1,-1,-1
303,3,264.02,374.82,34.23,87.63,0.60,-1,-1,-1
303,4,277.21,250.93,23.66,50.16,0.67,-1,-1,-1
303,5,297.34,538.21,32.38,66.35,0.43,-1,-1,-1
303,6,252.16,519.84,49.68,79.82,0.48,-1,-1,-1
303,7,367.91,390.18,39.11,102.59,0.62,-1,-1,-1
303,9,434.18,179.14,15.75,31.63,0.60,-1,-1,-1
303,10,305.81,372.06,33.63,95.53,0.71,-1,-1,-1
303,15,817.76,424.79,37.67,91.73,0.74,-1,-1,-1
303,17,617.42,389.26,33.88,84.97,0.66,-1,-1,-1
303,18,352.05,295.33,23.77,40.67,0.38,-1,-1,-1
303,19,911.14,297.31,29.61,39.08,0.45,-1,-1,-1
303,20,192.72,399.13,42.37,57.19,0.54,-1,-1,-1
303,25,416.32,322.64,24.21,41.74,0.49,-1,-1,-1
303,33,591.52,440.79,32.01,87.09,0.54,-1,-1,-1
303,35,592.93,178.95,14.61,29.84,0.57,-1,-1,-1
303,8,189.93,332.53,37.85,42.46,0.60,-1,-1,-1
303,41,635.31,334.72,30.92,77.45,0.67,-1,-1,-1
303,42,716.41,256.65,28.19,54.86,0.62,-1,-1,-1
303,12,726.10,376.10,34.09,80.45,0.66,-1,-1,-1
303,16,909.98,342.50,32.33,81.13,0.58,-1,-1,-1
303,47,325.76,295.19,25.28,33.97,0.44,-1,-1,-1
303,49,126.14,253.23,26.98,58.13,0.70,-1,-1,-1
303,52,154.32,300.34,28.55,47.43,0.46,-1,-1,-1
303,54,453.02,240.28,22.13,61.69,0.67,-1,-1,-1
303,57,780.96,327.83,29.07,79.93,0.55,-1,-1,-1
303,67,1062.41,203.59,22.46,41.18,0.49,-1,-1,-1
303,68,80.47,221.06,24.55,60.06,0.64,-1,-1,-1
303,69,372.13,604.48,40.07,96.80,0.81,-1,-1,-1
303,73,130.32,112.03,16.76,36.50,0.61,-1,-1,-1
303,74,168.48,140.23,19.75,45.01,0.64,-1,-1,-1
303,75,592.82,354.98,32.06,62.63,0.56,-1,-1,-1
303,38,337.18,137.33,14.24,28.68,0.57,-1,-1,-1
303,76,508.35,237.45,23.74,48.46,0.52,-1,-1,-1
303,79,538.96,246.01,23.18,38.55,0.60,-1,-1,-1
303,80,62.45,162.41,22.63,27.31,0.56,-1,-1,-1
303,82,1060.48,326.27,16.76,39.49,0.49,-1,-1,-1
303,21,296.49,603.93,53.82,138.21,0.48,-1,-1,-1
303,30,309.73,592.21,40.73,87.05,0.30,-1,-1,-1
303,81,139.11,348.65,31.06,38.43,0.59,-1,-1,-1
304,3,264.16,374.43,34.15,87.70,0.65,-1,-1,-1
304,4,278.30,250.67,23.95,49.82,0.70,-1,-1,-1
304,5,295.82,537.12,33.10,67.65,0.42,-1,-1,-1
304,6,252.75,520.20,46.32,73.38,0.48,-1,-1,-1
304,7,367.94,389.24,38.81,102.72,0.62,-1,-1,-1
304,9,436.29,179.85,16.41,32.86,0.61,-1,-1,-1
304,10,305.68,371.69,33.52,95.27,0.70,-1,-1,-1
304,15,813.57,423.01,38.07,92.33,0.74,-1,-1,-1
304,17,617.21,390.01,33.14,82.45,0.64,-1,-1,-1
304,18,354.09,294.64,23.80,40.93,0.41,-1,-1,-1
304,19,912.32,297.43,30.42,39.23,0.43,-1,-1,-1
304,20,193.96,398.59,42.48,57.08,0.57,-1,-1,-1
304,25,416.66,320.38,25.30,43.56,0.41,-1,-1,-1
304,33,592.13,442.00,32.09,84.78,0.51,-1,-1,-1
304,35,593.66,178.77,14.91,29.93,0.59,-1,-1,-1
304,8,191.75,332.12,37.14,42.44,0.54,-1,-1,-1
304,41,635.01,335.67,30.76,76.37,0.69,-1,-1,-1
304,42,716.97,256.62,28.15,54.77,0.62,-1,-1,-1
304,12,725.67,375.83,34.07,80.18,0.65,-1,-1,-1
304,16,907.79,344.41,32.45,79.06,0.51,-1,-1,-1
304,47,325.85,294.76,25.76,34.40,0.41,-1,-1,-1
304,49,126.22,252.72,28.34,60.75,0.69,-1,-1,-1
304,52,154.50,299.77,27.49,45.00,0.42,-1,-1,-1
304,54,454.07,239.50,22.55,62.49,0.65,-1,-1,-1
304,57,777.08,327.95,29.36,79.35,0.61,-1,-1,-1
304,67,1063.20,203.32,22.26,41.23,0.50,-1,-1,-1
304,68,82.47,221.16,23.27,57.04,0.60,-1,-1,-1
304,69,369.55,602.68,39.47,94.77,0.79,-1,-1,-1
304,73,133.44,111.48,17.00,37.22,0.61,-1,-1,-1
304,74,172.36,140.35,19.51,44.13,0.62,-1,-1,-1
304,75,595.06,355.35,32.12,61.56,0.52,-1,-1,-1
304,38,339.94,136.80,14.44,28.98,0.55,-1,-1,-1
304,76,508.57,238.58,23.38,47.85,0.61,-1,-1,-1
304,79,538.36,245.02,23.86,39.47,0.54,-1,-1,-1
304,80,64.79,162.39,21.93,26.64,0.53,-1,-1,-1
304,82,1060.80,326.60,17.12,40.35,0.57,-1,-1,-1
304,21,294.39,597.40,55.84,144.32,0.51,-1,-1,-1
304,30,308.13,590.65,40.69,86.91,0.38,-1,-1,-1
304,81,140.37,348.77,30.47,37.39,0.55,-1,-1,-1
304,59,1171.79,367.01,16.43,39.43,0.51,-1,-1,-1
305,3,264.31,374.27,33.97,87.38,0.64,-1,-1,-1
305,4,278.70,249.74,24.59,49.97,0.73,-1,-1,-1
305,5,294.76,535.91,33.44,68.07,0.45,-1,-1,-1
305,6,249.13,519.94,49.19,77.22,0.53,-1,-1,-1
305,7,367.97,388.74,38.38,102.47,0.69,-1,-1,-1
305,9,438.34,179.07,17.04,34.47,0.51,-1,-1,-1
305,10,305.48,371.32,33.53,95.12,0.75,-1,-1,-1
305,15,809.76,421.46,38.73,93.08,0.67,-1,-1,-1
305,17,616.23,390.16,33.01,81.52,0.58,-1,-1,-1
305,18,354.45,294.61,23.92,41.69,0.47,-1,-1,-1
305,19,913.06,297.51,31.27,39.42,0.45,-1,-1,-1
305,20,192.95,397.99,43.05,56.90,0.59,-1,-1,-1
305,25,416.70,320.18,25.43,43.95,0.43,-1,-1,-1
305,33,588.48,428.99,36.79,96.72,0.45,-1,-1,-1
305,35,594.33,178.60,15.35,30.47,0.54,-1,-1,-1
305,8,195.91,332.05,35.87,42.15,0.42,-1,-1,-1
305,41,634.49,336.42,30.94,76.31,0.69,-1,-1,-1
305,42,717.50,257.08,28.00,54.37,0.61,-1,-1,-1
305,12,723.23,374.87,33.99,80.72,0.64,-1,-1,-1
305,16,907.08,345.55,32.70,78.17,0.53,-1,-1,-1
305,47,327.85,294.50,27.30,36.75,0.44,-1,-1,-1
305,49,127.42,252.34,28.88,61.68,0.69,-1,-1,-1
305,52,155.12,299.40,32.06,52.38,0.48,-1,-1,-1
305,54,455.04,239.07,22.78,62.89,0.67,-1,-1,-1
305,57,774.08,329.48,29.21,77.52,0.65,-1,-1,-1
305,67,1064.43,209.99,19.37,35.96,0.27,-1,-1,-1
305,68,84.79,220.88,21.63,53.14,0.56,-1,-1,-1
305,69,367.04,601.39,38.56,92.63,0.80,-1,-1,-1
305,73,136.10,111.48,16.77,37.02,0.63,-1,-1,-1
305,74,176.47,140.93,19.24,43.14,0.68,-1,-1,-1
305,75,594.44,357.65,32.07,59.90,0.43,-1,-1,-1
305,38,341.92,136.73,14.55,28.98,0.59,-1,-1,-1
305,76,509.16,238.51,23.24,47.79,0.59,-1,-1,-1
305,79,539.10,245.04,23.87,39.36,0.54,-1,-1,-1
305,80,68.23,161.85,21.47,26.12,0.54,-1,-1,-1
305,82,1061.58,326.22,16.58,39.30,0.57,-1,-1,-1
305,21,296.70,591.11,51.78,134.48,0.46,-1,-1,-1
305,30,311.42,589.65,33.24,69.50,0.15,-1,-1,-1
305,81,140.27,344.99,32.44,39.95,0.41,-1,-1,-1
305,59,1172.27,367.38,16.59,40.12,0.48,-1,-1,-1
306,3,264.54,373.94,33.64,86.74,0.63,-1,-1,-1
306,4,279.40,248.88,25.33,50.35,0.76,-1,-1,-1
306,5,293.61,534.57,33.82,68.53,0.48,-1,-1,-1
306,6,247.38,519.21,49.32,76.63,0.53,-1,-1,-1
306,7,367.17,388.21,37.96,102.63,0.58,-1,-1,-1
306,9,440.48,178.35,17.27,35.19,0.52,-1,-1,-1
306,10,305.63,371.22,33.37,94.53,0.76,-1,-1,-1
306,15,803.88,421.96,39.39,91.98,0.65,-1,-1,-1
306,17,614.58,389.92,32.47,79.72,0.56,-1,-1,-1
306,18,354.58,294.41,24.72,43.74,0.47,-1,-1,-1
306,19,911.91,297.64,31.12,39.14,0.42,-1,-1,-1
306,20,194.25,397.43,42.99,56.68,0.50,-1,-1,-1
306,25,417.33,321.23,24.34,42.12,0.53,-1,-1,-1
306,33,587.98,427.33,37.25,97.11,0.38,-1,-1,-1
306,35,595.28,178.85,16.01,31.48,0.50,-1,-1,-1
306,8,197.87,331.55,35.02,42.45,0.43,-1,-1,-1
306,41,634.23,336.76,31.26,76.70,0.67,-1,-1,-1
306,42,718.11,256.76,28.14,54.50,0.63,-1,-1,-1
306,12,721.34,374.08,33.59,80.78,0.69,-1,-1,-1
306,16,904.77,342.43,33.96,81.50,0.57,-1,-1,-1
306,47,327.84,294.25,28.00,37.72,0.45,-1,-1,-1
306,49,127.69,251.68,30.02,64.30,0.68,-1,-1,-1
306,52,155.66,298.96,32.01,51.40,0.46,-1,-1,-1
306,54,455.73,239.14,22.84,62.87,0.69,-1,-1,-1
306,57,772.08,329.78,29.07,76.26,0.64,-1,-1,-1
306,67,1066.47,208.88,19.62,36.60,0.35,-1,-1,-1
306,68,87.55,220.71,20.65,51.05,0.51,-1,-1,-1
306,69,364.17,600.31,37.98,91.36,0.83,-1,-1,-1
306,73,138.42,110.95,16.98,37.60,0.58,-1,-1,-1
306,74,180.25,141.35,19.19,42.81,0.65,-1,-1,-1
306,75,594.20,359.29,32.34,58.69,0.40,-1,-1,-1
306,38,343.88,136.50,14.74,29.23,0.62,-1,-1,-1
306,76,509.53,238.66,23.24,48.15,0.61,-1,-1,-1
306,79,538.70,244.57,24.46,39.89,0.40,-1,-1,-1
306,80,70.70,161.59,21.34,26.01,0.54,-1,-1,-1
306,82,1062.17,326.71,16.39,38.92,0.55,-1,-1,-1
306,21,293.96,592.78,49.64,129.46,0.33,-1,-1,-1
306,30,309.08,589.50,34.34,71.53,0.40,-1,-1,-1
306,81,139.24,338.68,36.27,45.40,0.35,-1,-1,-1
306,59,1172.34,367.45,16.89,41.15,0.55,-1,-1,-1
307,3,264.53,373.36,33.61,86.84,0.64,-1,-1,-1
307,4,281.30,247.76,25.93,51.05,0.69,-1,-1,-1
307,5,293.35,533.59,32.84,66.05,0.55,-1,-1,-1
307,6,249.26,517.83,47.90,74.55,0.57,-1,-1,-1
307,7,366.83,388.00,37.46,102.26,0.57,-1,-1,-1
307,9,442.17,177.73,17.21,35.43,0.60,-1,-1,-1
307,10,305.72,370.89,33.27,94.11,0.76,-1,-1,-1
307,15,800.33,421.25,40.44,92.40,0.69,-1,-1,-1
307,17,612.76,391.12,30.05,72.82,0.61,-1,-1,-1
307,18,355.78,293.89,23.41,41.65,0.45,-1,-1,-1
307,19,912.33,298.38,30.95,38.53,0.50,-1,-1,-1
307,20,196.10,395.91,42.97,57.55,0.44,-1,-1,-1
307,25,417.77,322.01,23.66,40.99,0.52,-1,-1,-1
307,33,588.42,430.37,36.36,93.82,0.35,-1,-1,-1
307,35,596.44,179.20,16.63,32.40,0.43,-1,-1,-1
307,8,198.89,330.94,34.37,42.60,0.44,-1,-1,-1
307,41,633.55,336.52,31.81,78.74,0.73,-1,-1,-1
307,42,718.34,256.69,28.22,54.72,0.65,-1,-1,-1
307,12,720.07,373.40,33.06,80.41,0.72,-1,-1,-1
307,16,903.18,340.73,34.14,82.89,0.63,-1,-1,-1
307,47,330.00,294.38,27.87,38.20,0.46,-1,-1,-1
307,49,128.65,250.65,30.16,65.02,0.69,-1,-1,-1
307,52,155.32,298.47,36.00,58.42,0.45,-1,-1,-1
307,54,456.29,238.60,23.16,63.43,0.73,-1,-1,-1
307,57,770.61,328.63,29.56,77.82,0.57,-1,-1,-1
307,67,1067.43,208.34,20.11,37.78,0.37,-1,-1,-1
307,68,89.83,220.37,20.23,50.03,0.55,-1,-1,-1
307,69,361.45,599.05,37.87,91.22,0.77,-1,-1,-1
307,73,141.25,110.37,16.63,36.89,0.60,-1,-1,-1
307,74,184.85,141.14,18.99,42.36,0.61,-1,-1,-1
307,75,593.94,359.79,32.46,57.42,0.38,-1,-1,-1
307,38,346.00,136.53,14.75,29.37,0.59,-1,-1,-1
307,76,510.84,239.10,22.84,47.57,0.54,-1,-1,-1
307,79,538.84,244.55,24.60,39.48,0.31,-1,-1,-1
307,80,72.06,161.09,21.55,26.35,0.50,-1,-1,-1
307,82,1062.44,327.00,16.45,39.05,0.53,-1,-1,-1
307,21,293.36,596.66,43.63,113.17,0.21,-1,-1,-1
307,30,304.06,589.69,37.17,77.81,0.43,-1,-1,-1
307,81,134.42,323.58,42.08,53.79,0.53,-1,-1,-1
307,59,1173.03,367.60,16.82,41.07,0.53,-1,-1,-1
308,3,264.63,372.97,33.25,86.06,0.61,-1,-1,-1
308,4,284.51,247.31,25.77,50.48,0.67,-1,-1,-1
308,5,292.74,533.16,34.01,68.14,0.52,-1,-1,-1
308,6,250.23,517.09,47.22,74.05,0.54,-1,-1,-1
308,7,367.02,388.21,36.92,101.59,0.59,-1,-1,-1
308,9,444.44,178.34,16.70,34.57,0.63,-1,-1,-1
308,10,305.75,370.59,33.21,93.88,0.76,-1,-1,-1
308,15,797.12,420.83,40.61,91.68,0.70,-1,-1,-1
308,17,610.87,390.35,29.94,71.67,0.64,-1,-1,-1
308,18,356.71,293.24,21.99,39.11,0.49,-1,-1,-1
308,19,912.41,298.75,30.75,38.21,0.48,-1,-1,-1
308,20,199.38,398.57,40.98,53.85,0.16,-1,-1,-1
308,25,418.27,320.77,24.21,42.02,0.46,-1,-1,-1
308,33,590.37,434.59,34.76,88.87,0.59,-1,-1,-1
308,35,597.53,178.67,16.69,32.26,0.42,-1,-1,-1
308,8,198.68,330.22,34.68,43.66,0.45,-1,-1,-1
308,41,633.74,337.01,31.74,78.30,0.72,-1,-1,-1
308,42,719.00,256.79,28.32,54.79,0.62,-1,-1,-1
308,12,719.40,372.99,32.88,81.12,0.73,-1,-1,-1
308,16,901.43,342.18,33.03,81.04,0.64,-1,-1,-1
308,47,329.91,293.83,28.37,39.48,0.50,-1,-1,-1
308,49,130.46,250.23,29.39,63.59,0.64,-1,-1,-1
308,52,157.93,298.28,32.39,52.23,0.54,-1,-1,-1
308,54,457.00,237.48,23.25,63.16,0.71,-1,-1,-1
308,57,769.69,327.67,29.82,78.95,0.58,-1,-1,-1
308,67,1070.05,206.12,21.95,40.93,0.37,-1,-1,-1
308,68,91.54,219.84,19.84,48.80,0.51,-1,-1,-1
308,69,358.95,596.92,38.23,91.93,0.73,-1,-1,-1
308,73,144.08,110.33,16.64,36.94,0.69,-1,-1,-1
308,74,188.53,139.94,18.90,42.30,0.63,-1,-1,-1
308,75,596.34,359.58,31.45,53.83,0.50,-1,-1,-1
308,38,348.03,136.18,14.96,29.91,0.58,-1,-1,-1
308,76,512.00,239.45,22.10,46.25,0.56,-1,-1,-1
308,79,539.06,243.60,25.20,40.09,0.36,-1,-1,-1
308,80,74.61,161.28,21.24,25.88,0.40,-1,-1,-1
308,82,1062.67,326.93,16.54,39.37,0.50,-1,-1,-1
308,21,293.58,600.43,36.11,91.95,0.44,-1,-1,-1
308,30,306.09,588.94,32.68,67.91,0.45,-1,-1,-1
308,81,130.85,317.35,44.84,57.80,0.58,-1,-1,-1
308,59,1173.64,368.45,16.55,40.06,0.62,-1,-1,-1
309,3,264.49,372.14,33.08,85.48,0.66,-1,-1,-1
309,4,287.25,246.98,25.54,50.18,0.75,-1,-1,-1
309,5,292.44,532.38,33.89,67.82,0.54,-1,-1,-1
309,6,244.52,517.35,51.12,78.50,0.49,-1,-1,-1
309,7,367.41,388.14,36.32,100.68,0.59,-1,-1,-1
309,9,446.64,178.72,17.14,35.96,0.55,-1,-1,-1
309,10,305.83,370.60,33.09,93.48,0.76,-1,-1,-1
309,15,794.00,419.97,39.64,89.28,0.67,-1,-1,-1
309,17,605.62,387.96,32.24,76.53,0.62,-1,-1,-1
309,18,357.59,292.54,21.03,37.37,0.56,-1,-1,-1
309,19,912.11,298.78,30.59,38.62,0.52,-1,-1,-1
309,20,197.54,396.42,41.96,56.03,0.46,-1,-1,-1
309,25,419.25,320.41,24.21,41.92,0.46,-1,-1,-1
309,33,593.02,438.65,32.91,83.71,0.60,-1,-1,-1
309,35,599.38,179.12,16.50,31.69,0.48,-1,-1,-1
309,8,200.00,329.65,34.46,44.17,0.42,-1,-1,-1
309,41,633.65,336.87,31.88,79.39,0.74,-1,-1,-1
309,42,719.77,257.00,28.19,54.49,0.61,-1,-1,-1
309,12,718.76,372.48,32.69,81.68,0.76,-1,-1,-1
309,16,899.44,342.96,32.11,79.70,0.63,-1,-1,-1
309,47,330.58,293.47,28.16,39.64,0.51,-1,-1,-1
309,49,131.36,249.78,29.78,64.99,0.57,-1,-1,-1
309,52,159.53,297.65,30.47,49.36,0.48,-1,-1,-1
309,54,457.50,236.32,23.48,63.22,0.70,-1,-1,-1
309,57,768.52,327.32,29.77,79.33,0.66,-1,-1,-1
309,67,1071.02,205.34,21.91,41.06,0.33,-1,-1,-1
309,68,93.16,219.39,20.68,51.21,0.53,-1,-1,-1
309,69,356.86,595.38,38.77,92.86,0.67,-1,-1,-1
309,73,146.93,110.27,16.65,37.40,0.61,-1,-1,-1
309,74,192.56,138.63,18.84,42.37,0.69,-1,-1,-1
309,75,592.95,358.97,34.93,57.96,0.54,-1,-1,-1
309,38,349.41,136.12,14.87,29.75,0.61,-1,-1,-1
309,76,513.27,238.27,22.54,47.27,0.52,-1,-1,-1
309,79,541.65,243.91,24.92,39.81,0.34,-1,-1,-1
309,80,76.55,160.50,21.76,26.60,0.48,-1,-1,-1
309,82,1062.92,327.38,16.64,39.76,0.50,-1,-1,-1
309,21,292.03,600.03,34.58,86.80,0.52,-1,-1,-1
309,30,306.07,587.38,28.97,59.73,0.34,-1,-1,-1
309,81,128.25,308.76,49.09,64.30,0.62,-1,-1,-1
309,59,1173.86,368.54,16.81,41.06,0.51,-1,-1,-1
310,3,264.65,371.75,33.27,85.68,0.68,-1,-1,-1
310,4,289.42,246.58,25.22,49.58,0.69,-1,-1,-1
310,5,291.83,532.16,34.77,69.55,0.56,-1,-1,-1
310,6,247.29,515.56,50.52,78.67,0.51,-1,-1,-1
310,7,367.09,387.89,36.14,100.32,0.61,-1,-1,-1
310,9,448.67,178.47,17.30,36.65,0.54,-1,-1,-1
310,10,305.83,370.07,33.13,93.55,0.75,-1,-1,-1
310,15,791.14,419.21,38.49,86.62,0.81,-1,-1,-1
310,17,603.19,388.43,32.59,77.01,0.64,-1,-1,-1
310,18,358.19,291.99,20.67,36.64,0.55,-1,-1,-1
310,19,912.69,299.08,30.29,38.76,0.49,-1,-1,-1
310,20,201.97,395.40,40.53,54.89,0.43,-1,-1,-1
310,25,420.38,320.82,23.66,40.63,0.53,-1,-1,-1
310,33,594.99,443.94,30.69,77.19,0.24,-1,-1,-1
310,35,600.64,179.47,16.26,31.07,0.53,-1,-1,-1
310,8,202.83,329.64,32.88,42.29,0.45,-1,-1,-1
310,41,633.48,336.95,31.76,79.86,0.70,-1,-1,-1
310,42,720.07,256.88,28.26,54.79,0.56,-1,-1,-1
310,12,718.29,371.86,32.64,82.67,0.75,-1,-1,-1
310,16,896.59,339.19,32.97,82.74,0.59,-1,-1,-1
310,47,332.70,293.42,26.76,38.00,0.47,-1,-1,-1
310,49,133.34,249.36,28.99,63.68,0.53,-1,-1,-1
310,52,161.41,297.32,28.90,46.83,0.48,-1,-1,-1
310,54,457.83,235.74,23.74,63.39,0.74,-1,-1,-1
310,57,767.02,327.65,29.44,79.08,0.66,-1,-1,-1
310,67,1073.11,205.89,21.90,41.39,0.21,-1,-1,-1
310,68,94.59,219.02,21.01,52.43,0.53,-1,-1,-1
310,69,354.10,593.40,38.95,92.45,0.66,-1,-1,-1
310,73,149.51,109.89,16.52,37.19,0.58,-1,-1,-1
310,74,196.16,137.54,19.04,42.68,0.70,-1,-1,-1
310,75,593.22,359.06,35.37,57.46,0.40,-1,-1,-1
310,38,350.55,136.05,14.83,29.52,0.63,-1,-1,-1
310,76,515.37,235.72,23.88,49.59,0.52,-1,-1,-1
310,79,543.33,243.62,24.67,39.51,0.32,-1,-1,-1
310,80,79.14,160.24,21.96,26.73,0.52,-1,-1,-1
310,82,1063.20,327.06,16.67,39.97,0.55,-1,-1,-1
310,21,292.77,594.91,33.55,83.90,0.59,-1,-1,-1
310,30,301.70,584.70,29.76,61.89,0.13,-1,-1,-1
310,81,128.40,306.16,51.16,68.44,0.52,-1,-1,-1
310,59,1174.52,368.75,16.78,41.17,0.51,-1,-1,-1
310,24,231.07,441.29,39.79,64.07,0.51,-1,-1,-1
311,3,264.97,371.37,33.60,86.00,0.71,-1,-1,-1
311,4,292.34,246.54,24.40,48.29,0.65,-1,-1,-1
311,5,291.38,531.62,35.78,71.86,0.56,-1,-1,-1
311,6,248.95,514.60,49.79,78.19,0.59,-1,-1,-1
311,7,366.61,387.37,35.98,100.21,0.59,-1,-1,-1
311,9,450.39,179.36,16.98,36.28,0.74,-1,-1,-1
311,10,305.89,369.71,33.16,93.64,0.73,-1,-1,-1
311,15,785.59,417.47,38.58,86.98,0.81,-1,-1,-1
311,17,601.86,388.61,32.82,77.23,0.60,-1,-1,-1
311,18,359.22,291.66,20.44,36.13,0.52,-1,-1,-1
311,19,913.52,299.36,29.74,37.82,0.54,-1,-1,-1
311,20,197.28,394.19,40.37,54.43,0.45,-1,-1,-1
311,25,420.51,317.64,25.25,43.43,0.47,-1,-1,-1
311,33,594.52,434.01,34.88,86.49,0.18,-1,-1,-1
311,35,601.05,179.80,17.35,33.37,0.55,-1,-1,-1
311,8,204.19,329.38,32.40,41.53,0.48,-1,-1,-1
311,41,633.02,336.96,31.40,79.50,0.73,-1,-1,-1
311,42,720.67,256.51,28.15,54.86,0.51,-1,-1,-1
311,12,717.44,371.03,32.47,83.27,0.75,-1,-1,-1
311,16,892.58,341.54,31.47,79.92,0.66,-1,-1,-1
311,47,331.59,292.75,27.50,38.62,0.13,-1,-1,-1
311,49,135.08,249.12,28.77,63.54,0.55,-1,-1,-1
311,52,160.98,296.20,32.06,52.66,0.44,-1,-1,-1
311,54,458.34,235.25,23.87,63.61,0.69,-1,-1,-1
311,57,766.15,327.87,29.21,78.54,0.65,-1,-1,-1
311,67,1073.85,207.04,20.96,39.81,0.26,-1,-1,-1
311,68,96.11,218.27,21.14,53.07,0.55,-1,-1,-1
311,69,350.97,592.59,38.77,90.97,0.75,-1,-1,-1
311,73,152.19,110.17,16.17,36.39,0.66,-1,-1,-1
311,74,199.01,136.96,19.21,42.67,0.63,-1,-1,-1
311,75,592.55,357.68,36.04,57.65,0.42,-1,-1,-1
311,38,351.75,135.75,14.94,29.81,0.63,-1,-1,-1
311,76,516.32,236.27,23.65,48.71,0.55,-1,-1,-1
311,79,544.96,244.11,23.98,38.81,0.37,-1,-1,-1
311,80,80.54,160.56,22.00,26.42,0.50,-1,-1,-1
311,82,1063.37,327.38,16.55,39.63,0.58,-1,-1,-1
311,21,294.57,588.31,29.52,71.67,0.18,-1,-1,-1
311,81,127.69,303.08,54.84,75.29,0.43,-1,-1,-1
311,59,1175.23,368.20,17.03,41.81,0.44,-1,-1,-1
311,84,2.68,115.70,17.65,33.78,0.61,-1,-1,-1
311,24,230.31,440.83,39.55,64.60,0.50,-1,-1,-1
312,3,265.26,370.93,33.90,86.12,0.71,-1,-1,-1
312,4,293.57,246.68,24.05,47.76,0.68,-1,-1,-1
312,5,291.59,531.30,34.35,68.80,0.56,-1,-1,-1
312,6,248.95,512.75,49.64,78.95,0.59,-1,-1,-1
312,7,366.53,387.18,35.71,100.05,0.65,-1,-1,-1
312,9,452.69,180.38,16.29,34.97,0.72,-1,-1,-1
312,10,305.98,369.44,33.08,93.58,0.71,-1,-1,-1
312,15,781.27,415.56,38.57,87.68,0.79,-1,-1,-1
312,17,600.43,387.54,32.76,76.58,0.65,-1,-1,-1
312,18,360.01,291.24,21.94,38.70,0.49,-1,-1,-1
312,19,914.37,299.72,29.14,37.14,0.48,-1,-1,-1
312,20,200.94,393.14,39.26,53.95,0.54,-1,-1,-1
312,25,421.61,318.41,24.48,42.15,0.53,-1,-1,-1
312,33,594.09,431.22,36.35,88.87,0.37,-1,-1,-1
312,35,602.06,179.31,17.20,32.92,0.57,-1,-1,-1
312,8,204.24,328.82,32.14,40.93,0.51,-1,-1,-1
312,41,631.99,337.39,30.93,78.21,0.71,-1,-1,-1
312,42,721.61,256.86,27.68,54.06,0.52,-1,-1,-1
312,12,716.85,370.40,31.71,82.22,0.76,-1,-1,-1
312,16,890.03,340.97,31.20,80.05,0.67,-1,-1,-1
312,47,333.98,292.41,25.55,35.91,0.46,-1,-1,-1
312,49,136.73,248.69,28.35,62.89,0.53,-1,-1,-1
312,52,160.76,295.74,32.51,53.65,0.48,-1,-1,-1
312,54,460.19,234.96,23.96,64.10,0.71,-1,-1,-1
312,57,764.81,327.75,28.75,76.75,0.59,-1,-1,-1
312,67,1075.60,208.01,20.93,39.71,0.30,-1,-1,-1
312,68,96.79,217.62,23.48,59.62,0.62,-1,-1,-1
312,69,348.49,592.17,38.75,90.13,0.76,-1,-1,-1
312,73,154.42,109.06,16.63,37.77,0.60,-1,-1,-1
312,74,202.63,136.96,19.19,42.35,0.67,-1,-1,-1
312,75,589.48,356.87,38.47,61.44,0.36,-1,-1,-1
312,38,353.23,135.62,14.76,29.51,0.57,-1,-1,-1
312,76,517.13,236.05,23.52,48.10,0.53,-1,-1,-1
312,79,547.24,244.34,23.13,37.52,0.51,-1,-1,-1
312,80,84.11,160.05,22.00,26.48,0.51,-1,-1,-1
312,82,1063.59,327.69,16.56,39.55,0.40,-1,-1,-1
312,21,294.40,585.97,30.39,73.81,0.18,-1,-1,-1
312,81,129.64,303.01,54.30,76.63,0.44,-1,-1,-1
312,59,1176.01,367.84,17.26,42.04,0.43,-1,-1,-1
312,84,4.40,115.59,17.43,33.28,0.61,-1,-1,-1
312,24,227.89,440.12,40.19,65.65,0.56,-1,-1,-1
313,3,265.66,370.99,33.77,85.39,0.69,-1,-1,-1
313,4,295.17,246.21,24.11,48.24,0.73,-1,-1,-1
313,5,289.42,530.14,35.00,70.24,0.55,-1,-1,-1
313,6,248.30,511.57,49.74,80.13,0.55,-1,-1,-1
313,7,366.03,386.84,35.47,99.65,0.63,-1,-1,-1
313,9,455.10,181.01,15.71,34.02,0.59,-1,-1,-1
313,10,306.28,369.17,32.89,93.14,0.70,-1,-1,-1
313,15,780.09,413.28,39.05,90.30,0.78,-1,-1,-1
313,17,600.04,385.18,33.21,77.63,0.68,-1,-1,-1
313,18,361.80,291.21,22.60,39.80,0.50,-1,-1,-1
313,19,914.87,299.67,28.91,36.90,0.52,-1,-1,-1
313,20,202.84,392.51,38.44,53.88,0.52,-1,-1,-1
313,25,421.75,316.59,25.19,43.65,0.46,-1,-1,-1
313,33,595.08,431.06,36.55,89.11,0.37,-1,-1,-1
313,35,603.90,179.67,16.94,32.48,0.48,-1,-1,-1
313,8,205.96,327.88,31.94,41.08,0.58,-1,-1,-1
313,41,631.02,337.41,30.90,78.00,0.74,-1,-1,-1
313,42,722.20,257.08,27.41,53.70,0.56,-1,-1,-1
313,12,716.38,369.73,30.75,80.16,0.79,-1,-1,-1
313,16,886.37,339.92,31.90,82.03,0.71,-1,-1,-1
313,47,334.91,292.10,24.73,34.52,0.46,-1,-1,-1
313,49,137.88,248.51,27.82,61.71,0.56,-1,-1,-1
313,52,164.06,295.73,28.59,47.42,0.40,-1,-1,-1
313,54,461.82,234.67,23.78,63.99,0.68,-1,-1,-1
313,57,764.17,327.66,28.20,75.00,0.54,-1,-1,-1
313,67,1076.86,206.33,21.15,40.49,0.46,-1,-1,-1
313,68,97.99,217.14,24.61,63.41,0.55,-1,-1,-1
313,69,345.77,590.86,38.94,90.52,0.76,-1,-1,-1
313,73,156.97,109.31,16.24,36.90,0.62,-1,-1,-1
313,74,205.74,136.59,19.20,42.41,0.68,-1,-1,-1
313,75,588.35,355.42,38.04,60.47,0.45,-1,-1,-1
313,38,355.41,135.71,14.28,28.73,0.51,-1,-1,-1
313,76,516.78,236.46,23.56,48.43,0.57,-1,-1,-1
313,79,548.40,244.03,23.28,37.97,0.58,-1,-1,-1
313,80,86.57,159.43,22.06,26.65,0.56,-1,-1,-1
313,82,1064.24,327.86,16.45,39.28,0.36,-1,-1,-1
313,21,292.24,585.77,32.05,78.24,0.29,-1,-1,-1
313,81,134.98,304.41,49.16,70.83,0.47,-1,-1,-1
313,59,1176.79,367.63,17.25,41.91,0.46,-1,-1,-1
313,84,7.28,115.42,17.63,33.54,0.65,-1,-1,-1
313,24,226.93,439.07,40.96,67.34,0.49,-1,-1,-1
314,3,265.44,370.14,34.08,85.86,0.69,-1,-1,-1
314,4,295.84,245.62,24.41,48.80,0.69,-1,-1,-1
314,5,288.54,528.37,35.14,70.69,0.55,-1,-1,-1
314,6,247.28,510.66,49.59,80.39,0.59,-1,-1,-1
314,7,366.01,386.44,35.32,98.97,0.66,-1,-1,-1
314,9,457.25,180.39,15.84,34.36,0.52,-1,-1,-1
314,10,306.85,368.97,32.74,92.76,0.67,-1,-1,-1
314,15,776.70,412.21,39.13,90.94,0.70,-1,-1,-1
314,17,600.24,384.18,33.13,77.49,0.64,-1,-1,-1
314,18,363.53,291.03,22.57,39.47,0.57,-1,-1,-1
314,19,915.66,299.18,29.16,37.21,0.50,-1,-1,-1
314,20,203.87,390.96,38.42,54.90,0.56,-1,-1,-1
314,25,422.38,317.61,24.43,42.45,0.43,-1,-1,-1
314,33,596.74,428.68,37.27,91.59,0.44,-1,-1,-1
314,35,606.04,179.56,17.14,32.75,0.46,-1,-1,-1
314,8,207.26,327.05,31.74,41.33,0.58,-1,-1,-1
314,41,630.23,337.63,30.74,77.17,0.72,-1,-1,-1
314,42,724.09,256.49,27.54,54.04,0.54,-1,-1,-1
314,12,715.70,369.14,30.13,78.49,0.80,-1,-1,-1
314,16,881.27,338.49,33.10,83.92,0.64,-1,-1,-1
314,47,338.64,291.54,25.50,35.71,0.42,-1,-1,-1
314,49,139.74,247.85,29.31,65.34,0.55,-1,-1,-1
314,52,168.90,295.49,24.38,39.33,0.44,-1,-1,-1
314,54,463.32,234.40,23.75,63.84,0.69,-1,-1,-1
314,57,762.70,326.96,28.59,75.80,0.56,-1,-1,-1
314,67,1078.13,205.27,21.82,41.63,0.39,-1,-1,-1
314,68,100.48,216.48,23.22,60.43,0.52,-1,-1,-1
314,69,344.32,588.47,39.32,92.01,0.76,-1,-1,-1
314,73,159.15,107.82,16.25,36.79,0.59,-1,-1,-1
314,74,209.56,136.51,19.09,42.30,0.65,-1,-1,-1
314,75,586.20,352.82,38.29,61.13,0.47,-1,-1,-1
314,38,357.11,135.32,14.03,28.39,0.62,-1,-1,-1
314,76,517.94,236.40,23.14,47.57,0.57,-1,-1,-1
314,79,550.05,244.55,22.72,37.23,0.61,-1,-1,-1
314,80,88.33,159.38,21.59,26.01,0.54,-1,-1,-1
314,82,1065.66,328.50,15.97,38.28,0.46,-1,-1,-1
314,21,288.83,585.10,33.34,81.31,0.53,-1,-1,-1
314,59,1177.48,368.13,16.77,40.88,0.48,-1,-1,-1
314,84,10.75,114.68,17.94,34.04,0.51,-1,-1,-1
314,24,226.37,437.73,41.89,69.83,0.43,-1,-1,-1
315,3,266.02,368.74,34.31,86.01,0.67,-1,-1,-1
315,4,298.31,245.26,24.40,48.83,0.68,-1,-1,-1
315,5,290.74,527.23,33.58,67.01,0.54,-1,-1,-1
315,6,247.21,508.71,49.65,81.18,0.58,-1,-1,-1
315,7,365.86,385.99,35.27,98.54,0.67,-1,-1,-1
315,9,459.63,180.36,15.49,33.47,0.67,-1,-1,-1
315,10,307.47,367.65,32.92,92.82,0.63,-1,-1,-1
315,15,773.71,410.53,39.37,91.91,0.71,-1,-1,-1
315,17,600.42,383.33,32.87,76.99,0.56,-1,-1,-1
315,18,364.83,290.75,21.67,37.65,0.61,-1,-1,-1
315,19,917.76,299.35,28.41,36.63,0.50,-1,-1,-1
315,20,200.07,389.85,39.89,56.25,0.51,-1,-1,-1
315,25,422.74,316.91,24.60,43.12,0.33,-1,-1,-1
315,33,596.65,420.67,39.97,99.40,0.50,-1,-1,-1
315,35,608.20,179.47,16.28,30.94,0.48,-1,-1,-1
315,8,208.26,326.65,31.04,40.91,0.56,-1,-1,-1
315,41,628.92,337.86,30.65,76.31,0.69,-1,-1,-1
315,42,724.91,255.80,27.75,54.59,0.54,-1,-1,-1
315,12,715.27,368.21,29.89,77.72,0.81,-1,-1,-1
315,16,877.91,337.89,34.01,84.91,0.61,-1,-1,-1
315,47,340.03,290.97,25.81,36.06,0.45,-1,-1,-1
315,49,141.96,247.58,29.01,64.48,0.58,-1,-1,-1
315,52,170.97,294.53,22.85,36.09,0.48,-1,-1,-1
315,54,464.56,233.71,23.76,63.95,0.71,-1,-1,-1
315,57,761.53,326.63,28.74,75.71,0.56,-1,-1,-1
315,67,1080.21,206.08,21.70,41.56,0.25,-1,-1,-1
315,68,103.62,216.18,20.38,53.08,0.44,-1,-1,-1
315,69,342.62,586.17,39.45,92.99,0.77,-1,-1,-1
315,73,162.17,106.73,16.20,36.32,0.66,-1,-1,-1
315,74,213.47,136.24,18.76,41.76,0.67,-1,-1,-1
315,75,582.91,348.16,40.07,64.97,0.63,-1,-1,-1
315,38,358.80,134.85,14.33,28.94,0.57,-1,-1,-1
315,76,518.93,236.91,22.43,46.11,0.57,-1,-1,-1
315,79,550.48,243.95,23.05,37.58,0.51,-1,-1,-1
315,80,90.81,158.84,21.59,26.22,0.54,-1,-1,-1
315,82,1067.07,328.53,15.81,37.90,0.62,-1,-1,-1
315,21,279.12,585.30,46.19,114.19,0.63,-1,-1,-1
315,59,1178.49,368.32,16.90,41.37,0.51,-1,-1,-1
315,84,13.70,113.30,18.14,34.35,0.52,-1,-1,-1
315,24,228.75,437.57,42.25,69.71,0.37,-1,-1,-1
315,85,95.47,385.16,33.47,44.79,0.64,-1,-1,-1
316,3,266.45,367.67,34.31,85.44,0.66,-1,-1,-1
316,4,300.09,244.78,24.50,48.86,0.62,-1,-1,-1
316,5,290.56,526.34,33.75,67.29,0.61,-1,-1,-1
316,6,247.34,507.37,49.56,81.35,0.45,-1,-1,-1
316,7,365.39,385.37,35.11,98.14,0.63,-1,-1,-1
316,9,462.12,180.88,15.60,33.53,0.61,-1,-1,-1
316,10,307.81,366.93,32.93,92.49,0.63,-1,-1,-1
316,15,770.41,409.33,39.50,92.14,0.75,-1,-1,-1
316,17,601.77,383.57,32.59,76.59,0.60,-1,-1,-1
316,18,366.14,289.77,21.15,36.51,0.64,-1,-1,-1
316,19,919.71,299.39,27.86,36.38,0.50,-1,-1,-1
316,20,204.62,389.50,38.73,55.54,0.60,-1,-1,-1
316,25,424.46,318.19,23.09,40.51,0.33,-1,-1,-1
316,33,598.82,421.25,39.72,99.10,0.59,-1,-1,-1
316,35,608.71,178.58,17.25,32.94,0.42,-1,-1,-1
316,8,209.67,326.40,30.66,40.94,0.52,-1,-1,-1
316,41,627.51,338.59,31.21,76.90,0.66,-1,-1,-1
316,42,725.89,255.56,27.82,54.78,0.54,-1,-1,-1
316,12,714.63,367.37,29.81,77.10,0.82,-1,-1,-1
316,16,875.88,337.64,34.43,84.78,0.54,-1,-1,-1
316,47,341.15,290.92,25.38,35.56,0.47,-1,-1,-1
316,49,143.82,246.63,29.11,64.79,0.59,-1,-1,-1
316,52,172.36,293.97,22.74,35.30,0.41,-1,-1,-1
316,54,465.64,233.30,23.63,63.74,0.70,-1,-1,-1
316,57,759.50,326.71,29.66,77.12,0.50,-1,-1,-1
316,67,1081.69,210.65,20.13,38.35,0.18,-1,-1,-1
316,68,106.14,215.37,21.85,57.05,0.57,-1,-1,-1
316,69,340.99,584.69,39.34,92.96,0.77,-1,-1,-1
316,73,165.66,106.69,15.60,34.80,0.57,-1,-1,-1
316,74,217.97,135.96,18.54,41.42,0.65,-1,-1,-1
316,75,579.75,343.63,42.60,70.80,0.63,-1,-1,-1
316,38,361.20,135.04,14.40,29.38,0.55,-1,-1,-1
316,76,520.08,235.98,22.69,46.59,0.56,-1,-1,-1
316,79,549.71,241.23,24.53,39.76,0.41,-1,-1,-1
316,80,93.91,158.68,21.25,26.00,0.51,-1,-1,-1
316,82,1068.06,328.20,16.17,38.78,0.47,-1,-1,-1
316,21,276.47,585.48,48.86,121.91,0.66,-1,-1,-1
316,59,1179.60,367.42,17.19,42.26,0.53,-1,-1,-1
316,84,17.82,112.09,17.86,33.86,0.50,-1,-1,-1
316,24,225.07,434.02,46.30,76.47,0.26,-1,-1,-1
316,85,97.20,384.29,33.12,44.37,0.60,-1,-1,-1
316,81,139.16,306.85,34.38,48.59,0.53,-1,-1,-1
317,3,267.02,367.40,33.96,83.95,0.64,-1,-1,-1
317,4,301.14,244.49,24.61,48.90,0.65,-1,-1,-1
317,5,290.28,524.90,34.03,67.97,0.66,-1,-1,-1
317,6,242.44,506.89,50.44,81.47,0.45,-1,-1,-1
317,7,366.03,384.47,35.24,98.26,0.69,-1,-1,-1
317,9,464.94,181.53,15.79,34.11,0.50,-1,-1,-1
317,10,308.09,365.79,33.17,93.07,0.64,-1,-1,-1
317,15,767.94,407.90,39.19,92.49,0.81,-1,-1,-1
317,17,602.75,384.29,31.70,74.28,0.59,-1,-1,-1
317,18,367.13,288.79,21.51,36.83,0.59,-1,-1,-1
317,19,919.64,299.44,27.91,36.16,0.46,-1,-1,-1
317,20,207.28,389.08,37.63,54.78,0.65,-1,-1,-1
317,25,425.35,317.42,22.91,40.30,0.33,-1,-1,-1
317,33,599.55,415.84,41.59,104.45,0.56,-1,-1,-1
317,35,609.52,178.48,18.59,35.87,0.47,-1,-1,-1
317,8,213.09,325.65,30.37,41.23,0.54,-1,-1,-1
317,41,624.75,338.25,31.62,76.84,0.64,-1,-1,-1
317,42,726.87,255.40,27.83,54.57,0.55,-1,-1,-1
317,12,713.71,366.41,29.81,76.07,0.75,-1,-1,-1
317,16,875.25,337.02,35.16,85.27,0.60,-1,-1,-1
317,47,341.90,290.33,23.89,33.20,0.50,-1,-1,-1
317,49,145.53,245.91,28.45,63.63,0.60,-1,-1,-1
317,52,174.51,292.72,24.07,36.64,0.49,-1,-1,-1
317,54,466.20,233.39,23.43,63.42,0.72,-1,-1,-1
317,57,757.43,324.97,29.98,78.16,0.50,-1,-1,-1
317,67,1083.64,209.16,20.88,39.98,0.33,-1,-1,-1
317,68,108.20,214.91,22.49,59.40,0.52,-1,-1,-1
317,69,340.04,582.95,39.41,93.43,0.76,-1,-1,-1
317,73,168.32,105.82,16.10,35.72,0.66,-1,-1,-1
317,74,221.48,134.58,18.84,42.54,0.64,-1,-1,-1
317,75,577.15,339.09,41.80,71.50,0.67,-1,-1,-1
317,38,363.93,135.07,14.22,29.15,0.58,-1,-1,-1
317,76,520.93,236.05,22.59,46.40,0.49,-1,-1,-1
317,79,551.70,241.60,23.84,38.68,0.33,-1,-1,-1
317,80,96.76,158.04,21.61,26.43,0.56,-1,-1,-1
317,82,1069.10,328.35,16.11,38.77,0.51,-1,-1,-1
317,21,275.46,584.51,49.67,124.98,0.65,-1,-1,-1
317,59,1180.72,367.69,16.82,41.36,0.46,-1,-1,-1
317,84,21.35,112.05,17.49,33.19,0.52,-1,-1,-1
317,24,227.82,433.71,43.11,70.74,0.40,-1,-1,-1
317,85,97.70,382.72,33.52,44.99,0.61,-1,-1,-1
317,81,141.30,308.69,30.96,43.43,0.54,-1,-1,-1
318,3,268.27,367.01,34.05,83.17,0.64,-1,-1,-1
318,4,302.71,244.27,24.47,48.71,0.67,-1,-1,-1
318,5,290.24,523.64,34.34,69.04,0.64,-1,-1,-1
318,6,239.31,505.71,52.85,84.14,0.53,-1,-1,-1
318,7,366.45,383.67,35.31,98.12,0.72,-1,-1,-1
318,9,466.89,180.88,16.41,35.67,0.65,-1,-1,-1
318,10,308.36,364.51,33.54,94.13,0.67,-1,-1,-1
318,15,765.10,406.10,38.35,91.89,0.83,-1,-1,-1
318,17,604.81,383.71,31.82,74.41,0.61,-1,-1,-1
318,18,367.19,288.38,23.44,40.43,0.48,-1,-1,-1
318,19,921.12,299.48,28.06,36.71,0.45,-1,-1,-1
318,20,209.31,388.39,36.95,54.26,0.60,-1,-1,-1
318,25,425.82,318.02,22.57,39.71,0.32,-1,-1,-1
318,33,600.84,420.26,39.99,99.76,0.63,-1,-1,-1
318,35,610.64,178.50,19.88,38.99,0.27,-1,-1,-1
318,8,215.18,324.72,29.72,41.15,0.51,-1,-1,-1
318,41,624.54,337.42,32.50,77.45,0.59,-1,-1,-1
318,42,727.82,255.22,27.78,54.53,0.50,-1,-1,-1
318,12,712.10,365.82,30.10,75.12,0.72,-1,-1,-1
318,16,876.89,337.08,33.89,83.66,0.59,-1,-1,-1
318,47,342.97,289.25,23.19,32.04,0.50,-1,-1,-1
318,49,147.98,245.51,27.16,60.63,0.55,-1,-1,-1
318,52,173.45,291.97,29.26,44.90,0.49,-1,-1,-1
318,54,468.00,232.55,23.50,63.66,0.68,-1,-1,-1
318,57,756.03,323.63,30.17,78.62,0.61,-1,-1,-1
318,67,1085.47,209.48,21.00,40.03,0.38,-1,-1,-1
318,68,110.95,214.82,21.90,58.10,0.54,-1,-1,-1
318,69,338.56,580.03,39.74,93.97,0.75,-1,-1,-1
318,73,171.38,104.69,16.22,35.99,0.59,-1,-1,-1
318,74,225.44,133.92,18.58,41.93,0.56,-1,-1,-1
318,75,573.91,335.85,40.73,70.74,0.68,-1,-1,-1
318,38,366.39,134.90,13.99,28.63,0.58,-1,-1,-1
318,76,522.71,236.31,21.92,45.05,0.52,-1,-1,-1
318,79,553.41,241.90,23.43,37.95,0.34,-1,-1,-1
318,80,99.89,157.69,21.30,26.12,0.53,-1,-1,-1
318,82,1070.61,328.18,15.74,37.60,0.55,-1,-1,-1
318,21,274.26,581.85,50.44,128.02,0.42,-1,-1,-1
318,59,1181.56,369.00,16.51,40.21,0.51,-1,-1,-1
318,84,25.29,112.85,16.65,31.50,0.55,-1,-1,-1
318,24,229.12,433.35,39.08,64.51,0.45,-1,-1,-1
318,85,96.70,382.47,31.63,42.79,0.60,-1,-1,-1
318,81,143.83,304.65,33.01,45.38,0.44,-1,-1,-1
318,30,280.49,580.32,37.31,79.62,0.60,-1,-1,-1
319,3,269.54,366.08,34.37,83.25,0.62,-1,-1,-1
319,4,305.30,243.45,24.57,49.27,0.65,-1,-1,-1
319,5,290.31,522.76,34.40,69.75,0.64,-1,-1,-1
319,6,238.24,504.77,53.64,83.95,0.56,-1,-1,-1
319,7,366.52,382.29,35.77,98.97,0.72,-1,-1,-1
319,9,469.46,180.40,15.75,34.35,0.71,-1,-1,-1
319,10,308.65,362.56,33.63,94.44,0.69,-1,-1,-1
319,15,763.22,404.06,36.97,89.63,0.84,-1,-1,-1
319,17,606.49,383.88,32.52,74.72,0.65,-1,-1,-1
319,18,369.80,288.04,22.88,39.52,0.40,-1,-1,-1
319,19,921.91,299.48,28.44,36.91,0.45,-1,-1,-1
319,20,203.04,386.69,39.32,55.85,0.58,-1,-1,-1
319,25,426.35,316.92,22.62,40.07,0.35,-1,-1,-1
319,33,600.90,422.38,39.19,96.76,0.58,-1,-1,-1
319,35,613.44,178.47,19.33,38.15,0.37,-1,-1,-1
319,8,216.13,323.65,29.02,40.80,0.52,-1,-1,-1
319,41,618.87,335.66,29.99,71.79,0.64,-1,-1,-1
319,42,729.79,254.71,27.87,54.70,0.47,-1,-1,-1
319,12,710.91,365.38,30.30,74.10,0.74,-1,-1,-1
319,16,875.14,336.28,34.94,85.76,0.58,-1,-1,-1
319,47,344.13,288.60,23.12,31.44,0.48,-1,-1,-1
319,49,151.04,245.35,26.85,59.31,0.53,-1,-1,-1
319,52,174.78,291.21,30.28,46.59,0.47,-1,-1,-1
319,54,469.33,232.03,23.53,63.79,0.70,-1,-1,-1
319,57,754.77,322.88,30.26,79.01,0.63,-1,-1,-1
319,67,1087.50,207.43,21.05,40.36,0.27,-1,-1,-1
319,68,113.54,214.14,21.15,56.19,0.56,-1,-1,-1
319,69,337.25,577.14,40.42,95.42,0.77,-1,-1,-1
319,73,175.02,104.72,16.26,35.83,0.67,-1,-1,-1
319,74,229.76,133.41,18.46,41.78,0.58,-1,-1,-1
319,75,569.59,334.38,41.91,73.71,0.59,-1,-1,-1
319,38,369.02,134.64,14.13,28.96,0.56,-1,-1,-1
319,76,524.09,236.28,21.71,44.87,0.55,-1,-1,-1
319,79,555.30,242.41,22.90,37.00,0.35,-1,-1,-1
319,80,103.18,157.60,21.05,25.67,0.47,-1,-1,-1
319,82,1071.27,328.57,15.85,37.71,0.62,-1,-1,-1
319,21,273.17,579.49,49.83,127.43,0.50,-1,-1,-1
319,59,1182.36,369.05,16.75,40.67,0.41,-1,-1,-1
319,84,28.17,112.74,16.80,31.72,0.48,-1,-1,-1
319,24,233.43,432.99,33.33,54.76,0.45,-1,-1,-1
319,85,97.17,382.08,31.19,42.49,0.57,-1,-1,-1
319,81,146.36,303.98,33.64,45.45,0.45,-1,-1,-1
319,30,279.33,579.54,36.18,78.46,0.67,-1,-1,-1
320,3,270.59,365.26,34.35,82.77,0.58,-1,-1,-1
320,4,307.25,243.27,24.73,49.78,0.60,-1,-1,-1
320,5,289.57,521.62,33.86,68.79,0.53,-1,-1,-1
320,6,238.51,504.33,53.68,82.38,0.57,-1,-1,-1
320,7,366.89,381.08,36.24,99.51,0.76,-1,-1,-1
320,9,471.42,180.19,16.24,35.48,0.55,-1,-1,-1
320,10,309.32,361.11,33.68,94.75,0.74,-1,-1,-1
320,15,761.17,401.50,34.44,83.44,0.71,-1,-1,-1
320,17,607.78,385.16,34.65,78.44,0.66,-1,-1,-1
320,18,372.20,287.50,22.58,38.81,0.45,-1,-1,-1
320,19,922.84,299.18,28.68,37.23,0.44,-1,-1,-1
320,20,201.08,385.70,40.48,55.83,0.61,-1,-1,-1
320,25,427.73,313.37,24.58,43.45,0.41,-1,-1,-1
320,33,600.88,420.80,39.90,97.47,0.50,-1,-1,-1
320,35,615.36,177.67,17.90,35.62,0.17,-1,-1,-1
320,8,217.43,322.40,28.56,40.85,0.50,-1,-1,-1
320,41,614.86,333.69,29.23,70.09,0.65,-1,-1,-1
320,42,730.48,255.47,27.55,53.95,0.52,-1,-1,-1
320,12,709.48,364.80,30.95,74.25,0.76,-1,-1,-1
320,16,872.97,335.71,33.80,84.30,0.64,-1,-1,-1
320,47,345.11,287.60,23.94,31.99,0.42,-1,-1,-1
320,49,152.17,244.23,29.27,65.33,0.55,-1,-1,-1
320,52,176.14,290.55,30.76,47.54,0.47,-1,-1,-1
320,54,470.07,230.77,23.86,64.98,0.69,-1,-1,-1
320,57,754.13,322.52,30.03,78.50,0.60,-1,-1,-1
320,67,1091.98,208.51,22.01,41.53,0.10,-1,-1,-1
320,68,115.41,213.17,21.30,56.59,0.59,-1,-1,-1
320,69,336.21,575.22,40.64,96.23,0.72,-1,-1,-1
320,73,178.03,104.27,16.47,36.06,0.69,-1,-1,-1
320,74,234.48,132.86,18.72,42.43,0.61,-1,-1,-1
320,75,567.74,336.34,41.13,73.27,0.71,-1,-1,-1
320,38,371.93,134.30,14.19,29.23,0.60,-1,-1,-1
320,76,525.85,235.92,21.48,44.63,0.51,-1,-1,-1
320,79,556.42,242.08,23.21,37.59,0.35,-1,-1,-1
320,80,105.82,157.16,21.35,25.83,0.58,-1,-1,-1
320,82,1072.27,329.28,15.83,37.36,0.70,-1,-1,-1
320,21,271.72,578.79,49.93,128.79,0.46,-1,-1,-1
320,59,1183.48,368.97,16.89,40.89,0.17,-1,-1,-1
320,84,29.46,112.12,16.94,31.83,0.60,-1,-1,-1
320,24,233.88,431.53,32.76,53.90,0.43,-1,-1,-1
320,85,98.63,381.28,30.97,42.53,0.50,-1,-1,-1
320,81,147.18,301.59,36.25,48.57,0.45,-1,-1,-1
320,30,278.38,578.62,35.36,76.98,0.61,-1,-1,-1
321,3,271.05,364.34,34.58,83.07,0.62,-1,-1,-1
321,4,308.50,243.09,24.35,48.88,0.58,-1,-1,-1
321,5,290.34,520.60,32.38,65.44,0.57,-1,-1,-1
321,6,237.86,503.90,53.77,81.07,0.55,-1,-1,-1
321,7,367.06,379.86,36.78,100.03,0.74,-1,-1,-1
321,9,473.67,179.88,17.02,37.38,0.57,-1,-1,-1
321,10,309.59,360.24,33.76,95.03,0.77,-1,-1,-1
321,15,756.48,398.22,35.77,86.42,0.73,-1,-1,-1
321,17,608.86,384.29,34.51,78.03,0.66,-1,-1,-1
321,18,373.33,286.92,22.63,38.69,0.45,-1,-1,-1
321,19,923.59,299.09,28.56,37.10,0.43,-1,-1,-1
321,20,199.87,384.98,41.48,55.77,0.65,-1,-1,-1
321,25,428.83,309.90,26.23,46.38,0.47,-1,-1,-1
321,33,602.75,425.76,38.28,92.02,0.43,-1,-1,-1
321,35,616.79,176.92,18.46,37.28,0.38,-1,-1,-1
321,8,218.10,321.31,29.87,43.40,0.49,-1,-1,-1
321,41,611.62,332.60,28.38,67.51,0.56,-1,-1,-1
321,42,732.18,254.90,27.80,54.46,0.52,-1,-1,-1
321,12,708.29,364.48,31.57,74.39,0.74,-1,-1,-1
321,16,870.03,335.22,33.01,82.79,0.65,-1,-1,-1
321,47,345.84,287.11,25.90,34.43,0.40,-1,-1,-1
321,49,154.08,242.95,29.01,65.08,0.52,-1,-1,-1
321,52,177.59,289.00,31.28,49.12,0.49,-1,-1,-1
321,54,470.73,229.91,23.97,65.54,0.68,-1,-1,-1
321,57,753.28,321.97,29.26,76.79,0.66,-1,-1,-1
321,67,1092.59,208.21,21.89,41.69,0.17,-1,-1,-1
321,68,117.63,212.87,19.99,53.07,0.58,-1,-1,-1
321,69,336.41,574.09,40.02,95.28,0.75,-1,-1,-1
321,73,181.19,104.18,15.95,34.71,0.63,-1,-1,-1
321,74,238.39,132.96,18.72,42.57,0.67,-1,-1,-1
321,75,564.91,338.08,40.56,73.11,0.76,-1,-1,-1
321,38,374.73,134.11,14.14,28.79,0.57,-1,-1,-1
321,76,527.94,235.98,21.64,44.72,0.47,-1,-1,-1
321,79,558.28,241.59,22.70,37.06,0.18,-1,-1,-1
321,80,108.63,156.20,21.38,25.85,0.55,-1,-1,-1
321,82,1073.49,329.59,15.82,37.23,0.74,-1,-1,-1
321,21,268.93,574.13,50.38,131.94,0.49,-1,-1,-1
321,59,1185.12,369.53,16.32,39.45,0.26,-1,-1,-1
321,84,31.42,111.36,17.00,31.92,0.60,-1,-1,-1
321,24,233.00,429.62,33.10,54.53,0.57,-1,-1,-1
321,85,99.76,380.03,30.67,42.61,0.48,-1,-1,-1
321,81,146.99,297.84,40.27,53.94,0.52,-1,-1,-1
321,87,2.14,120.26,12.02,31.16,0.58,-1,-1,-1
322,3,271.46,363.33,34.83,83.42,0.63,-1,-1,-1
322,4,310.60,243.53,23.62,47.48,0.57,-1,-1,-1
322,5,290.15,519.59,31.89,64.13,0.61,-1,-1,-1
322,6,237.04,503.10,54.55,80.98,0.43,-1,-1,-1
322,7,366.43,378.91,37.17,100.19,0.75,-1,-1,-1
322,9,475.68,179.93,16.69,36.72,0.64,-1,-1,-1
322,10,310.20,359.56,33.49,94.57,0.77,-1,-1,-1
322,15,752.49,398.23,35.78,85.79,0.75,-1,-1,-1
322,17,610.85,382.93,33.44,76.13,0.71,-1,-1,-1
322,18,374.28,286.52,22.42,37.98,0.47,-1,-1,-1
322,19,924.17,298.90,28.71,37.36,0.43,-1,-1,-1
322,20,199.78,383.87,42.20,55.91,0.63,-1,-1,-1
322,25,429.90,308.08,26.99,47.83,0.45,-1,-1,-1
322,33,606.59,432.21,35.43,84.67,0.48,-1,-1,-1
322,35,617.81,175.99,18.37,37.67,0.44,-1,-1,-1
322,8,218.82,320.49,29.92,43.85,0.48,-1,-1,-1
322,41,606.74,332.43,28.83,68.92,0.53,-1,-1,-1
322,42,733.34,254.48,27.89,54.61,0.54,-1,-1,-1
322,12,705.46,363.67,31.97,74.78,0.71,-1,-1,-1
322,16,867.53,335.42,32.09,80.90,0.60,-1,-1,-1
322,47,346.04,286.49,27.44,36.76,0.45,-1,-1,-1
322,49,156.08,241.98,27.34,61.23,0.48,-1,-1,-1
322,52,179.19,287.97,30.20,48.19,0.41,-1,-1,-1
322,54,471.01,229.58,24.03,65.83,0.69,-1,-1,-1
322,57,750.86,321.35,30.80,81.24,0.63,-1,-1,-1
322,67,1094.10,207.40,21.09,40.34,0.42,-1,-1,-1
322,68,121.00,212.54,18.91,50.09,0.52,-1,-1,-1
322,69,335.89,572.89,39.58,94.39,0.78,-1,-1,-1
322,73,183.79,103.27,16.29,35.12,0.64,-1,-1,-1
322,74,241.66,132.29,18.91,42.93,0.66,-1,-1,-1
322,75,564.19,338.86,39.30,71.45,0.70,-1,-1,-1
322,38,376.93,134.02,14.05,28.52,0.63,-1,-1,-1
322,76,528.99,235.30,21.72,44.88,0.48,-1,-1,-1
322,79,561.39,242.04,21.80,36.07,0.32,-1,-1,-1
322,80,110.76,155.33,21.86,26.58,0.51,-1,-1,-1
322,82,1074.37,329.60,15.91,37.34,0.71,-1,-1,-1
322,21,266.85,572.21,50.02,133.31,0.51,-1,-1,-1
322,59,1185.69,369.60,16.39,39.74,0.40,-1,-1,-1
322,84,32.95,110.58,17.48,32.83,0.62,-1,-1,-1
322,24,232.00,428.75,34.31,56.62,0.50,-1,-1,-1
322,85,101.01,378.30,30.60,43.01,0.46,-1,-1,-1
322,81,145.19,294.03,49.03,67.62,0.47,-1,-1,-1
322,87,4.41,120.07,11.63,29.81,0.62,-1,-1,-1
323,3,271.75,362.43,34.89,83.41,0.58,-1,-1,-1
323,4,312.62,243.36,23.73,47.99,0.59,-1,-1,-1
323,5,289.00,518.40,32.06,64.08,0.57,-1,-1,-1
323,6,244.32,501.42,51.01,76.89,0.52,-1,-1,-1
323,7,365.80,378.18,37.12,99.94,0.73,-1,-1,-1
323,9,477.79,179.54,16.29,35.75,0.68,-1,-1,-1
323,10,310.65,359.32,33.13,93.78,0.76,-1,-1,-1
323,15,747.62,397.23,36.53,87.37,0.75,-1,-1,-1
323,17,612.96,381.89,32.57,75.05,0.66,-1,-1,-1
323,18,374.74,285.80,23.33,39.29,0.37,-1,-1,-1
323,19,925.45,298.35,29.19,38.00,0.39,-1,-1,-1
323,20,199.56,383.09,42.85,56.01,0.63,-1,-1,-1
323,25,431.23,310.68,25.37,44.59,0.42,-1,-1,-1
323,33,608.29,432.88,35.17,83.93,0.48,-1,-1,-1
323,35,618.77,175.58,17.83,36.94,0.43,-1,-1,-1
323,8,217.51,319.74,30.71,43.72,0.44,-1,-1,-1
323,41,602.35,333.71,30.66,74.39,0.51,-1,-1,-1
323,42,734.05,253.68,28.31,55.37,0.54,-1,-1,-1
323,12,704.14,363.64,31.17,72.65,0.70,-1,-1,-1
323,16,865.54,335.94,31.01,78.40,0.59,-1,-1,-1
323,47,346.73,286.04,28.35,37.89,0.42,-1,-1,-1
323,49,157.47,241.07,27.13,60.42,0.48,-1,-1,-1
323,52,180.38,287.31,28.62,46.28,0.33,-1,-1,-1
323,54,471.30,229.30,24.03,65.83,0.67,-1,-1,-1
323,57,750.12,320.81,29.87,78.97,0.64,-1,-1,-1
323,67,1095.42,206.98,21.59,41.37,0.25,-1,-1,-1
323,68,122.68,212.27,18.72,49.63,0.53,-1,-1,-1
323,69,333.32,571.04,40.28,95.53,0.82,-1,-1,-1
323,73,186.18,103.08,16.53,35.51,0.66,-1,-1,-1
323,74,245.47,132.14,18.95,43.38,0.73,-1,-1,-1
323,75,564.44,337.83,39.52,71.92,0.59,-1,-1,-1
323,38,379.22,134.02,14.15,28.61,0.52,-1,-1,-1
323,76,529.78,235.26,21.46,44.38,0.45,-1,-1,-1
323,79,562.76,241.87,21.54,36.12,0.30,-1,-1,-1
323,80,113.19,154.82,21.67,26.46,0.62,-1,-1,-1
323,82,1075.03,329.54,16.05,37.58,0.61,-1,-1,-1
323,21,267.85,575.84,48.79,131.17,0.59,-1,-1,-1
323,59,1186.07,369.57,16.45,40.00,0.48,-1,-1,-1
323,84,35.02,110.54,17.34,32.75,0.59,-1,-1,-1
323,24,232.18,427.83,34.10,56.38,0.52,-1,-1,-1
323,85,102.61,377.34,30.80,43.72,0.53,-1,-1,-1
323,81,148.18,296.04,49.98,70.98,0.44,-1,-1,-1
323,87,6.75,120.07,11.51,29.12,0.65,-1,-1,-1
324,3,271.73,361.28,35.13,83.91,0.59,-1,-1,-1
324,4,314.60,242.56,23.45,47.54,0.58,-1,-1,-1
324,5,288.08,517.54,32.24,64.03,0.55,-1,-1,-1
324,6,241.11,500.11,51.93,78.29,0.49,-1,-1,-1
324,7,365.20,377.42,37.02,99.78,0.74,-1,-1,-1
324,9,479.18,179.87,16.19,35.41,0.65,-1,-1,-1
324,10,310.57,358.83,33.00,93.67,0.77,-1,-1,-1
324,15,741.79,394.24,38.32,89.75,0.68,-1,-1,-1
324,17,614.26,380.89,31.70,73.85,0.72,-1,-1,-1
324,18,375.01,285.20,23.46,39.33,0.42,-1,-1,-1
324,19,927.56,297.99,29.48,38.48,0.36,-1,-1,-1
324,20,199.74,382.41,43.05,55.60,0.66,-1,-1,-1
324,25,431.88,312.35,24.05,42.03,0.38,-1,-1,-1
324,33,610.11,432.90,35.93,85.19,0.58,-1,-1,-1
324,35,620.48,174.77,17.29,36.17,0.35,-1,-1,-1
324,8,213.58,319.36,30.29,41.67,0.43,-1,-1,-1
324,41,598.86,333.58,30.96,75.60,0.56,-1,-1,-1
324,42,734.63,253.18,28.42,55.57,0.56,-1,-1,-1
324,12,701.99,363.67,31.85,73.77,0.70,-1,-1,-1
324,16,860.97,338.16,31.07,78.23,0.59,-1,-1,-1
324,47,347.73,285.49,28.05,37.24,0.43,-1,-1,-1
324,49,158.67,240.72,26.69,59.07,0.51,-1,-1,-1
324,52,179.27,287.11,34.03,55.97,0.35,-1,-1,-1
324,54,471.67,229.04,24.09,66.04,0.67,-1,-1,-1
324,57,749.69,320.61,28.64,75.55,0.64,-1,-1,-1
324,67,1096.39,205.57,21.97,42.30,0.38,-1,-1,-1
324,68,122.95,210.62,20.58,54.82,0.52,-1,-1,-1
324,69,331.31,569.51,40.47,95.77,0.84,-1,-1,-1
324,73,188.95,103.07,16.36,35.03,0.64,-1,-1,-1
324,74,248.11,131.52,18.41,42.54,0.59,-1,-1,-1
324,75,563.88,336.88,39.85,73.06,0.53,-1,-1,-1
324,38,382.31,134.28,13.89,27.84,0.57,-1,-1,-1
324,76,531.84,234.29,21.88,44.39,0.45,-1,-1,-1
324,79,563.70,242.01,21.33,36.15,0.37,-1,-1,-1
324,80,115.60,154.28,21.10,26.05,0.57,-1,-1,-1
324,82,1075.38,329.30,16.14,37.75,0.60,-1,-1,-1
324,21,265.19,572.89,49.23,133.78,0.56,-1,-1,-1
324,59,1186.22,369.73,16.39,39.98,0.53,-1,-1,-1
324,84,36.93,110.44,17.41,32.97,0.50,-1,-1,-1
324,24,232.10,427.27,34.48,57.27,0.47,-1,-1,-1
324,85,104.30,376.41,30.17,43.12,0.50,-1,-1,-1
324,81,150.70,296.82,49.35,72.12,0.45,-1,-1,-1
324,87,8.73,119.64,12.79,32.06,0.55,-1,-1,-1
325,3,272.04,359.81,35.89,85.73,0.62,-1,-1,-1
325,4,317.39,242.20,23.24,47.40,0.61,-1,-1,-1
325,5,287.06,516.23,32.44,63.77,0.56,-1,-1,-1
325,6,235.62,501.07,52.88,78.88,0.35,-1,-1,-1
325,7,364.80,377.08,36.87,99.41,0.73,-1,-1,-1
325,9,480.75,179.58,17.19,37.87,0.56,-1,-1,-1
325,10,311.06,358.60,32.23,91.75,0.76,-1,-1,-1
325,15,738.92,393.06,39.01,89.53,0.68,-1,-1,-1
325,17,614.64,380.61,31.14,73.37,0.70,-1,-1,-1
325,18,375.06,284.67,23.75,39.65,0.39,-1,-1,-1
325,19,927.75,297.94,29.86,38.67,0.41,-1,-1,-1
325,20,199.84,381.88,43.14,55.24,0.67,-1,-1,-1
325,25,432.28,313.12,23.36,40.56,0.42,-1,-1,-1
325,33,614.34,433.19,36.76,85.41,0.54,-1,-1,-1
325,35,621.92,175.68,17.18,36.17,0.27,-1,-1,-1
325,8,218.24,319.00,30.29,41.04,0.47,-1,-1,-1
325,41,596.13,332.92,31.44,76.98,0.52,-1,-1,-1
325,42,735.61,253.08,28.21,54.95,0.52,-1,-1,-1
325,12,700.27,362.53,32.59,75.42,0.73,-1,-1,-1
325,16,856.17,336.79,32.86,81.99,0.61,-1,-1,-1
325,47,348.62,284.43,28.17,37.44,0.41,-1,-1,-1
325,49,159.95,240.48,26.80,59.04,0.56,-1,-1,-1
325,54,472.16,228.74,23.89,65.46,0.68,-1,-1,-1
325,57,748.80,320.61,28.14,73.86,0.68,-1,-1,-1
325,67,1098.27,206.41,21.44,41.69,0.28,-1,-1,-1
325,68,123.74,209.89,22.21,59.81,0.54,-1,-1,-1
325,69,330.06,568.46,40.25,95.31,0.85,-1,-1,-1
325,73,191.53,102.76,16.61,35.38,0.63,-1,-1,-1
325,74,252.42,131.45,18.01,42.08,0.62,-1,-1,-1
325,75,563.78,337.45,39.36,72.41,0.61,-1,-1,-1
325,38,385.19,133.89,14.08,27.96,0.60,-1,-1,-1
325,76,532.68,234.65,21.83,43.77,0.55,-1,-1,-1
325,79,564.43,241.12,21.37,36.49,0.27,-1,-1,-1
325,80,118.14,153.67,20.69,25.67,0.51,-1,-1,-1
325,82,1076.04,329.28,16.14,37.72,0.59,-1,-1,-1
325,21,263.14,572.31,48.93,134.11,0.44,-1,-1,-1
325,59,1186.59,369.72,16.38,40.30,0.38,-1,-1,-1
325,84,38.55,110.38,17.32,32.87,0.53,-1,-1,-1
325,24,230.42,426.26,35.68,59.44,0.50,-1,-1,-1
325,85,106.09,375.72,29.59,42.52,0.54,-1,-1,-1
325,81,153.14,296.41,46.70,69.93,0.43,-1,-1,-1
325,87,10.38,119.31,12.75,31.44,0.50,-1,-1,-1
325,30,270.87,575.56,34.39,74.33,0.56,-1,-1,-1
326,3,271.91,358.80,36.19,86.83,0.55,-1,-1,-1
326,4,319.43,241.49,23.33,48.16,0.65,-1,-1,-1
326,5,286.27,515.28,32.65,63.87,0.57,-1,-1,-1
326,6,233.17,497.04,55.10,82.95,0.21,-1,-1,-1
326,7,364.48,376.32,36.72,99.30,0.70,-1,-1,-1
326,9,481.94,179.21,17.64,39.35,0.55,-1,-1,-1
326,10,311.26,358.30,31.92,91.06,0.76,-1,-1,-1
326,15,737.44,394.58,39.09,87.44,0.63,-1,-1,-1
326,17,614.43,381.12,30.78,73.11,0.67,-1,-1,-1
326,18,374.06,283.99,24.03,40.62,0.40,-1,-1,-1
326,19,929.83,298.21,30.63,38.55,0.42,-1,-1,-1
326,20,200.31,381.38,43.21,54.97,0.64,-1,-1,-1
326,25,432.46,313.66,23.04,39.73,0.41,-1,-1,-1
326,33,616.94,433.64,37.31,84.72,0.66,-1,-1,-1
326,35,623.23,176.86,16.73,35.34,0.40,-1,-1,-1
326,8,219.26,318.14,30.71,40.87,0.46,-1,-1,-1
326,41,592.63,332.05,31.69,77.64,0.44,-1,-1,-1
326,42,735.71,252.28,28.49,55.33,0.56,-1,-1,-1
326,12,698.32,361.87,33.04,76.13,0.68,-1,-1,-1
326,16,853.78,337.04,32.40,80.94,0.66,-1,-1,-1
326,47,349.42,283.38,28.39,37.88,0.35,-1,-1,-1
326,49,160.90,240.36,26.92,59.24,0.58,-1,-1,-1
326,54,472.36,228.59,24.04,65.99,0.65,-1,-1,-1
326,57,747.58,321.45,27.85,72.76,0.63,-1,-1,-1
326,68,126.44,209.54,21.69,58.17,0.53,-1,-1,-1
326,69,329.31,567.13,39.70,94.28,0.82,-1,-1,-1
326,73,193.72,102.93,16.68,35.46,0.65,-1,-1,-1
326,74,255.97,131.69,17.34,40.89,0.65,-1,-1,-1
326,75,563.84,336.98,38.51,71.13,0.68,-1,-1,-1
326,38,388.24,133.25,13.85,27.32,0.50,-1,-1,-1
326,76,533.41,233.98,22.40,44.25,0.61,-1,-1,-1
326,79,565.19,240.55,21.49,36.94,0.25,-1,-1,-1
326,80,120.03,153.48,20.67,25.53,0.49,-1,-1,-1
326,82,1076.46,329.50,16.11,37.64,0.60,-1,-1,-1
326,21,261.62,574.59,48.19,132.37,0.59,-1,-1,-1
326,59,1186.83,369.62,16.39,40.59,0.35,-1,-1,-1
326,84,40.64,110.62,16.86,32.19,0.51,-1,-1,-1
326,24,228.92,425.55,37.14,62.20,0.43,-1,-1,-1
326,85,106.31,375.10,28.89,41.94,0.51,-1,-1,-1
326,81,155.03,298.94,40.90,60.86,0.35,-1,-1,-1
326,87,12.24,119.57,13.05,31.65,0.43,-1,-1,-1
326,30,268.89,573.05,34.56,74.54,0.50,-1,-1,-1
327,3,272.11,358.15,36.18,87.05,0.62,-1,-1,-1
327,4,320.65,240.54,22.90,47.57,0.68,-1,-1,-1
327,5,285.33,515.00,32.58,63.53,0.46,-1,-1,-1
327,6,235.53,497.08,53.72,80.64,0.42,-1,-1,-1
327,7,364.55,375.82,36.41,99.12,0.68,-1,-1,-1
327,9,483.23,179.25,17.62,39.65,0.63,-1,-1,-1
327,10,311.26,358.14,31.65,90.56,0.76,-1,-1,-1
327,15,732.48,393.61,37.30,84.00,0.65,-1,-1,-1
327,17,613.95,381.84,30.61,73.04,0.66,-1,-1,-1
327,18,374.41,283.58,23.61,40.23,0.42,-1,-1,-1
327,19,930.87,297.77,31.76,38.95,0.39,-1,-1,-1
327,20,207.28,380.39,41.90,54.48,0.62,-1,-1,-1
327,25,432.43,313.89,22.75,39.10,0.42,-1,-1,-1
327,33,617.14,426.70,40.34,90.92,0.71,-1,-1,-1
327,35,623.72,177.01,17.05,36.14,0.41,-1,-1,-1
327,8,216.42,317.60,31.92,40.72,0.46,-1,-1,-1
327,41,591.90,331.19,31.05,76.35,0.49,-1,-1,-1
327,42,735.59,251.94,28.56,55.59,0.53,-1,-1,-1
327,12,696.35,361.99,32.87,75.63,0.62,-1,-1,-1
327,16,850.91,337.06,31.87,78.81,0.66,-1,-1,-1
327,47,350.62,282.78,27.34,36.45,0.27,-1,-1,-1
327,49,162.05,239.81,26.68,58.85,0.67,-1,-1,-1
327,54,472.72,228.14,23.90,65.67,0.66,-1,-1,-1
327,57,745.83,322.21,28.24,73.66,0.60,-1,-1,-1
327,68,128.08,209.09,20.92,56.07,0.64,-1,-1,-1
327,69,328.48,564.85,39.35,93.98,0.78,-1,-1,-1
327,73,196.01,103.01,16.31,34.73,0.71,-1,-1,-1
327,74,258.36,129.98,17.87,42.30,0.55,-1,-1,-1
327,75,561.56,337.19,37.74,70.20,0.69,-1,-1,-1
327,38,391.01,132.02,14.64,28.81,0.57,-1,-1,-1
327,76,533.07,233.66,22.46,44.21,0.60,-1,-1,-1
327,79,565.78,240.52,21.69,37.39,0.32,-1,-1,-1
327,80,121.56,153.18,20.66,25.48,0.49,-1,-1,-1
327,82,1076.78,329.55,16.08,37.55,0.65,-1,-1,-1
327,21,260.63,573.28,47.55,130.93,0.65,-1,-1,-1
327,59,1186.95,369.34,16.49,41.11,0.44,-1,-1,-1
327,84,43.03,111.13,16.30,31.32,0.52,-1,-1,-1
327,24,228.64,424.97,36.83,61.96,0.49,-1,-1,-1
327,85,106.91,374.29,28.93,42.30,0.52,-1,-1,-1
327,81,157.71,297.48,39.75,59.96,0.37,-1,-1,-1
327,87,12.52,118.77,15.93,38.48,0.56,-1,-1,-1
327,30,266.88,572.14,34.32,74.49,0.52,-1,-1,-1
328,3,272.18,357.67,35.94,86.65,0.61,-1,-1,-1
328,4,321.76,239.36,23.15,48.35,0.63,-1,-1,-1
328,5,282.62,512.78,33.41,65.29,0.40,-1,-1,-1
328,6,235.59,495.43,52.47,78.67,0.40,-1,-1,-1
328,7,364.25,375.21,36.02,98.71,0.72,-1,-1,-1
328,9,484.57,178.78,17.23,38.87,0.68,-1,-1,-1
328,10,311.44,358.06,31.21,89.40,0.73,-1,-1,-1
328,15,729.09,394.31,37.55,82.50,0.57,-1,-1,-1
328,17,613.82,381.21,28.99,69.18,0.64,-1,-1,-1
328,18,374.90,282.85,23.43,40.10,0.41,-1,-1,-1
328,19,931.09,297.52,30.57,38.32,0.39,-1,-1,-1
328,20,209.47,379.47,41.07,54.07,0.59,-1,-1,-1
328,25,432.14,312.25,23.45,40.33,0.40,-1,-1,-1
328,33,617.56,422.34,42.25,95.02,0.70,-1,-1,-1
328,35,624.01,175.89,17.31,36.99,0.44,-1,-1,-1
328,8,217.62,317.07,31.85,39.54,0.48,-1,-1,-1
328,41,591.73,330.64,29.79,73.57,0.43,-1,-1,-1
328,42,736.33,251.52,28.25,54.56,0.47,-1,-1,-1
328,12,694.64,361.14,32.21,74.25,0.59,-1,-1,-1
328,16,847.13,337.34,32.93,79.04,0.54,-1,-1,-1
328,47,350.91,282.61,27.70,37.01,0.30,-1,-1,-1
328,49,162.94,239.28,26.41,58.28,0.68,-1,-1,-1
328,54,472.93,227.68,23.86,65.43,0.65,-1,-1,-1
328,57,742.88,324.03,28.40,75.16,0.50,-1,-1,-1
328,68,129.00,208.33,20.73,55.63,0.61,-1,-1,-1
328,69,327.35,563.25,38.81,93.32,0.77,-1,-1,-1
328,73,197.95,102.48,16.48,35.08,0.66,-1,-1,-1
328,74,261.89,129.32,17.93,42.46,0.63,-1,-1,-1
328,75,560.76,334.91,37.37,69.87,0.70,-1,-1,-1
328,38,393.63,130.62,15.05,29.82,0.70,-1,-1,-1
328,76,533.01,233.64,22.70,44.60,0.57,-1,-1,-1
328,79,565.80,240.26,21.97,37.84,0.34,-1,-1,-1
328,80,123.81,153.51,20.33,24.98,0.56,-1,-1,-1
328,82,1077.00,329.21,16.23,37.96,0.53,-1,-1,-1
328,21,259.01,571.02,46.61,129.12,0.60,-1,-1,-1
328,59,1186.88,369.52,16.52,41.30,0.45,-1,-1,-1
328,84,44.98,110.70,16.28,31.44,0.58,-1,-1,-1
328,24,228.78,424.26,36.98,62.63,0.50,-1,-1,-1
328,85,108.07,373.78,28.29,41.52,0.47,-1,-1,-1
328,81,159.01,299.01,37.99,57.44,0.38,-1,-1,-1
328,87,13.65,117.97,16.72,40.24,0.58,-1,-1,-1
328,30,266.15,571.57,33.38,72.78,0.55,-1,-1,-1
329,3,272.09,356.93,35.85,86.33,0.64,-1,-1,-1
329,4,322.67,238.80,23.27,48.41,0.66,-1,-1,-1
329,5,281.08,511.43,33.34,65.59,0.37,-1,-1,-1
329,6,237.40,494.76,51.44,77.31,0.36,-1,-1,-1
329,7,364.22,374.91,35.52,98.10,0.64,-1,-1,-1
329,9,486.47,179.01,16.15,36.63,0.68,-1,-1,-1
329,10,311.17,357.39,31.12,89.25,0.69,-1,-1,-1
329,15,721.70,393.82,37.49,81.12,0.65,-1,-1,-1
329,17,610.52,381.51,30.57,72.93,0.61,-1,-1,-1
329,18,375.48,282.39,22.69,38.81,0.38,-1,-1,-1
329,19,931.25,297.34,30.14,38.43,0.44,-1,-1,-1
329,20,203.97,378.78,41.63,54.22,0.58,-1,-1,-1
329,25,432.11,310.63,24.00,41.47,0.41,-1,-1,-1
329,33,618.00,420.27,42.87,96.45,0.62,-1,-1,-1
329,35,624.11,175.08,17.45,37.61,0.37,-1,-1,-1
329,8,215.53,316.04,33.75,40.31,0.50,-1,-1,-1
329,41,591.43,328.17,29.31,72.56,0.54,-1,-1,-1
329,42,736.38,251.39,28.25,54.24,0.50,-1,-1,-1
329,12,693.64,360.61,32.06,74.12,0.58,-1,-1,-1
329,16,844.29,339.00,34.23,79.73,0.44,-1,-1,-1
329,47,351.49,282.79,26.01,34.55,0.38,-1,-1,-1
329,49,163.67,238.73,26.16,57.66,0.67,-1,-1,-1
329,54,473.11,228.23,23.64,64.51,0.62,-1,-1,-1
329,57,740.87,324.54,28.49,76.29,0.55,-1,-1,-1
329,68,129.61,207.81,21.56,58.45,0.60,-1,-1,-1
329,69,324.89,561.68,38.71,92.78,0.75,-1,-1,-1
329,73,199.56,102.07,16.45,34.91,0.63,-1,-1,-1
329,74,264.52,129.18,17.95,42.58,0.66,-1,-1,-1
329,75,560.67,332.29,36.49,68.90,0.71,-1,-1,-1
329,38,397.01,128.90,15.25,30.80,0.59,-1,-1,-1
329,76,532.86,233.64,22.80,45.04,0.58,-1,-1,-1
329,79,567.04,240.13,21.32,36.99,0.35,-1,-1,-1
329,80,125.57,153.18,20.36,25.07,0.51,-1,-1,-1
329,82,1077.43,329.01,16.35,38.38,0.39,-1,-1,-1
329,21,258.06,570.17,46.35,129.03,0.60,-1,-1,-1
329,59,1187.81,369.42,16.37,40.84,0.37,-1,-1,-1
329,84,46.40,110.34,16.67,32.20,0.65,-1,-1,-1
329,24,227.75,423.12,38.62,65.87,0.54,-1,-1,-1
329,85,108.64,371.72,29.41,43.11,0.49,-1,-1,-1
329,81,159.70,299.70,35.00,52.36,0.39,-1,-1,-1
329,87,15.00,117.21,17.05,40.64,0.57,-1,-1,-1
329,30,264.96,571.34,33.80,74.26,0.58,-1,-1,-1
329,83,986.70,291.55,16.33,38.00,0.52,-1,-1,-1
330,3,272.00,356.45,35.71,85.94,0.64,-1,-1,-1
330,4,323.84,238.06,23.29,48.36,0.58,-1,-1,-1
330,5,278.70,510.66,33.68,66.07,0.29,-1,-1,-1
330,6,236.16,502.54,48.76,71.26,0.31,-1,-1,-1
330,7,366.61,374.11,27.66,73.91,0.61,-1,-1,-1
330,9,487.71,178.98,16.41,37.65,0.59,-1,-1,-1
330,10,310.72,356.02,31.33,89.97,0.67,-1,-1,-1
330,15,713.95,392.28,37.23,80.79,0.65,-1,-1,-1
330,17,609.59,380.91,32.21,77.55,0.64,-1,-1,-1
330,18,374.72,281.91,23.00,39.61,0.31,-1,-1,-1
330,19,931.98,297.42,29.38,38.30,0.44,-1,-1,-1
330,20,201.51,378.05,41.95,54.17,0.64,-1,-1,-1
330,25,433.33,311.50,23.26,39.96,0.41,-1,-1,-1
330,33,619.21,418.70,41.01,92.55,0.59,-1,-1,-1
330,35,624.65,174.87,17.45,37.94,0.46,-1,-1,-1
330,8,214.41,315.25,35.24,40.59,0.51,-1,-1,-1
330,41,591.82,327.78,29.23,73.12,0.62,-1,-1,-1
330,42,736.65,251.61,28.06,53.56,0.49,-1,-1,-1
330,12,693.31,360.41,31.26,72.34,0.51,-1,-1,-1
330,16,840.69,339.39,35.54,81.10,0.66,-1,-1,-1
330,47,352.16,282.43,25.28,33.33,0.37,-1,-1,-1
330,49,164.30,238.34,26.07,57.44,0.64,-1,-1,-1
330,54,472.95,228.33,23.36,63.57,0.62,-1,-1,-1
330,57,738.83,325.13,28.11,75.29,0.56,-1,-1,-1
330,68,130.21,207.33,22.33,61.20,0.60,-1,-1,-1
330,69,321.48,560.99,38.60,91.29,0.72,-1,-1,-1
330,73,201.53,102.14,16.26,34.39,0.62,-1,-1,-1
330,74,266.99,128.80,18.20,42.86,0.67,-1,-1,-1
330,75,556.81,331.00,36.48,70.14,0.66,-1,-1,-1
330,38,399.80,127.79,15.10,30.79,0.64,-1,-1,-1
330,76,533.25,233.39,22.68,44.94,0.57,-1,-1,-1
330,79,564.93,237.87,23.06,39.65,0.31,-1,-1,-1
330,80,127.11,152.96,20.35,25.10,0.52,-1,-1,-1
330,82,1077.70,328.66,16.56,39.12,0.38,-1,-1,-1
330,21,256.54,570.53,44.81,125.45,0.48,-1,-1,-1
330,59,1188.10,369.79,16.34,40.63,0.43,-1,-1,-1
330,84,47.36,109.94,16.67,32.21,0.61,-1,-1,-1
330,24,226.79,421.89,39.71,67.97,0.52,-1,-1,-1
330,85,109.63,369.25,31.09,45.23,0.54,-1,-1,-1
330,81,164.42,300.69,33.63,51.10,0.41,-1,-1,-1
330,87,16.74,116.75,17.56,41.52,0.52,-1,-1,-1
330,30,264.18,571.28,32.48,71.63,0.67,-1,-1,-1
330,83,987.05,291.19,16.16,38.38,0.55,-1,-1,-1
331,3,271.90,355.99,35.81,86.07,0.62,-1,-1,-1
331,4,325.40,238.03,23.48,49.05,0.51,-1,-1,-1
331,5,275.05,508.96,34.79,67.92,0.34,-1,-1,-1
331,6,238.91,495.58,46.21,69.08,0.51,-1,-1,-1
331,7,367.76,373.27,23.32,59.79,0.62,-1,-1,-1
331,9,489.52,178.86,16.85,39.16,0.44,-1,-1,-1
331,10,310.50,355.14,31.51,90.61,0.70,-1,-1,-1
331,15,706.74,389.19,38.62,83.31,0.60,-1,-1,-1
331,17,608.15,380.57,33.85,82.18,0.66,-1,-1,-1
331,18,374.40,281.76,22.67,39.08,0.28,-1,-1,-1
331,19,932.97,297.49,28.53,38.07,0.45,-1,-1,-1
331,20,200.28,377.53,42.55,54.34,0.67,-1,-1,-1
331,25,433.67,311.38,23.10,39.64,0.36,-1,-1,-1
331,33,622.22,417.07,35.70,79.51,0.54,-1,-1,-1
331,35,625.27,174.41,17.51,38.36,0.48,-1,-1,-1
331,8,213.69,314.48,36.65,40.91,0.54,-1,-1,-1
331,41,591.65,327.41,29.05,73.19,0.65,-1,-1,-1
331,42,736.90,251.95,27.88,52.96,0.47,-1,-1,-1
331,12,689.78,360.40,30.72,70.64,0.55,-1,-1,-1
331,16,836.25,339.12,34.26,78.64,0.66,-1,-1,-1
331,47,352.70,282.42,25.63,33.67,0.41,-1,-1,-1
331,49,165.01,237.91,26.48,58.63,0.62,-1,-1,-1
331,54,472.74,228.13,23.04,62.57,0.64,-1,-1,-1
331,57,736.36,325.46,28.20,74.64,0.65,-1,-1,-1
331,68,131.40,206.68,21.89,60.35,0.61,-1,-1,-1
331,69,317.91,559.91,38.84,90.42,0.73,-1,-1,-1
331,73,203.53,102.53,16.35,34.51,0.69,-1,-1,-1
331,74,270.43,128.91,18.06,42.56,0.64,-1,-1,-1
331,75,551.41,330.04,36.59,71.70,0.75,-1,-1,-1
331,38,403.44,128.56,14.60,29.90,0.55,-1,-1,-1
331,76,534.70,232.85,22.59,44.71,0.59,-1,-1,-1
331,79,566.88,238.03,22.22,38.51,0.25,-1,-1,-1
331,80,129.14,152.74,20.39,25.09,0.53,-1,-1,-1
331,82,1077.89,328.40,16.57,39.37,0.33,-1,-1,-1
331,21,254.87,570.40,43.87,123.51,0.39,-1,-1,-1
331,59,1188.29,369.36,16.62,41.21,0.50,-1,-1,-1
331,84,48.59,109.93,16.44,31.61,0.60,-1,-1,-1
331,24,225.51,421.17,40.13,69.30,0.55,-1,-1,-1
331,85,110.28,368.19,31.18,45.06,0.58,-1,-1,-1
331,81,160.10,298.38,38.54,58.81,0.41,-1,-1,-1
331,87,19.10,116.40,17.13,40.16,0.44,-1,-1,-1
331,30,262.22,571.06,31.93,70.25,0.59,-1,-1,-1
331,83,987.29,290.77,16.34,39.07,0.57,-1,-1,-1
332,3,271.94,355.53,35.60,85.26,0.66,-1,-1,-1
332,4,326.98,238.09,23.72,49.88,0.54,-1,-1,-1
332,5,276.21,508.96,33.80,65.49,0.37,-1,-1,-1
332,6,240.32,492.53,45.53,68.95,0.53,-1,-1,-1
332,7,367.13,372.68,21.34,52.14,0.64,-1,-1,-1
332,9,491.08,179.05,16.48,38.58,0.56,-1,-1,-1
332,10,310.24,353.93,31.86,91.27,0.70,-1,-1,-1
332,15,699.55,389.54,38.06,81.28,0.51,-1,-1,-1
332,17,603.60,380.52,35.54,87.21,0.64,-1,-1,-1
332,18,373.84,281.56,22.28,38.31,0.25,-1,-1,-1
332,19,933.78,297.59,27.72,37.82,0.48,-1,-1,-1
332,20,200.51,376.82,42.80,54.31,0.55,-1,-1,-1
332,25,433.91,310.66,23.28,39.96,0.38,-1,-1,-1
332,33,627.03,416.09,31.06,68.33,0.49,-1,-1,-1
332,35,625.95,174.22,17.42,38.34,0.50,-1,-1,-1
332,8,213.94,313.88,37.52,40.81,0.55,-1,-1,-1
332,41,591.82,327.87,28.21,71.46,0.68,-1,-1,-1
332,42,737.22,251.59,27.99,53.21,0.49,-1,-1,-1
332,12,686.76,360.30,31.83,71.82,0.48,-1,-1,-1
332,16,829.99,339.34,35.53,81.80,0.61,-1,-1,-1
332,47,354.18,281.84,27.25,35.71,0.38,-1,-1,-1
332,49,165.67,237.62,26.74,59.52,0.65,-1,-1,-1
332,54,472.69,228.62,22.26,60.22,0.64,-1,-1,-1
332,57,733.96,325.85,28.43,74.10,0.69,-1,-1,-1
332,68,133.45,206.67,20.24,55.48,0.53,-1,-1,-1
332,69,314.88,558.84,39.18,90.37,0.79,-1,-1,-1
332,73,205.18,102.45,16.16,34.37,0.68,-1,-1,-1
332,74,272.87,128.44,18.00,42.46,0.70,-1,-1,-1
332,75,547.01,328.27,37.07,73.86,0.72,-1,-1,-1
332,38,407.25,128.56,14.40,29.40,0.58,-1,-1,-1
332,76,534.24,232.82,22.88,45.41,0.55,-1,-1,-1
332,80,131.07,152.35,20.30,24.95,0.53,-1,-1,-1
332,82,1078.17,328.42,16.39,39.29,0.33,-1,-1,-1
332,21,256.52,585.13,39.78,110.67,0.12,-1,-1,-1
332,59,1188.21,368.94,16.87,41.71,0.48,-1,-1,-1
332,84,49.36,108.96,16.64,31.96,0.62,-1,-1,-1
332,24,225.99,421.54,38.41,66.62,0.54,-1,-1,-1
332,85,110.95,368.28,30.06,43.36,0.57,-1,-1,-1
332,81,159.06,297.18,40.29,61.78,0.44,-1,-1,-1
332,87,22.19,116.46,14.13,32.03,0.44,-1,-1,-1
332,30,258.25,571.07,33.29,72.47,0.63,-1,-1,-1
332,83,987.60,290.32,16.25,39.30,0.42,-1,-1,-1
332,52,189.72,282.97,29.52,48.08,0.51,-1,-1,-1
333,3,270.71,354.87,35.42,84.45,0.62,-1,-1,-1
333,4,328.48,238.20,23.71,50.05,0.64,-1,-1,-1
333,5,273.62,506.02,34.12,65.67,0.26,-1,-1,-1
333,6,239.68,491.39,47.39,72.93,0.47,-1,-1,-1
333,9,492.99,179.43,15.96,37.40,0.71,-1,-1,-1
333,10,309.83,353.45,32.12,91.42,0.71,-1,-1,-1
333,15,688.56,384.99,38.04,80.49,0.58,-1,-1,-1
333,17,600.76,381.26,35.66,88.31,0.68,-1,-1,-1
333,19,936.11,297.62,27.04,37.95,0.44,-1,-1,-1
333,20,200.06,376.08,43.51,54.69,0.60,-1,-1,-1
333,25,433.97,310.69,22.94,39.46,0.38,-1,-1,-1
333,33,623.91,420.76,38.87,86.74,0.53,-1,-1,-1
333,35,626.72,173.35,17.43,38.31,0.54,-1,-1,-1
333,8,214.27,313.40,38.48,41.16,0.55,-1,-1,-1
333,41,591.18,326.55,28.65,73.10,0.63,-1,-1,-1
333,42,737.87,251.50,28.00,53.34,0.50,-1,-1,-1
333,12,689.42,361.36,26.11,56.64,0.24,-1,-1,-1
333,16,823.84,339.30,35.65,82.92,0.69,-1,-1,-1
333,47,354.99,281.45,28.07,36.90,0.42,-1,-1,-1
333,49,167.04,237.66,26.08,58.19,0.60,-1,-1,-1
333,54,472.64,228.59,22.00,59.38,0.65,-1,-1,-1
333,57,731.18,325.31,29.20,74.72,0.73,-1,-1,-1
333,68,135.05,206.50,19.66,53.66,0.50,-1,-1,-1
333,69,312.90,558.52,38.92,89.45,0.77,-1,-1,-1
333,73,206.97,102.28,16.05,34.40,0.60,-1,-1,-1
333,74,275.80,127.91,17.83,42.07,0.58,-1,-1,-1
333,75,542.45,328.65,36.69,73.14,0.69,-1,-1,-1
333,38,410.46,129.54,13.66,27.92,0.60,-1,-1,-1
333,76,535.81,232.55,22.58,44.73,0.56,-1,-1,-1
333,80,134.38,151.69,20.13,24.92,0.54,-1,-1,-1
333,82,1078.36,328.78,16.14,39.04,0.36,-1,-1,-1
333,21,253.55,590.03,39.61,109.62,0.21,-1,-1,-1
333,59,1188.32,368.82,17.01,41.94,0.43,-1,-1,-1
333,84,51.19,108.51,16.40,31.62,0.54,-1,-1,-1
333,24,231.18,426.28,41.28,68.20,0.50,-1,-1,-1
333,85,110.48,368.56,29.52,42.61,0.64,-1,-1,-1
333,81,160.29,296.82,37.79,57.32,0.48,-1,-1,-1
333,87,23.58,116.25,16.26,36.30,0.29,-1,-1,-1
333,30,256.25,570.74,34.03,73.39,0.66,-1,-1,-1
333,83,987.57,290.56,16.20,39.61,0.51,-1,-1,-1
333,52,190.62,282.74,29.13,47.04,0.55,-1,-1,-1
334,3,269.82,354.42,35.22,83.83,0.62,-1,-1,-1
334,4,329.84,238.13,23.89,50.40,0.69,-1,-1,-1
334,5,273.52,506.06,33.49,63.96,0.33,-1,-1,-1
334,6,238.73,489.84,48.55,75.65,0.46,-1,-1,-1
334,9,494.64,179.80,15.30,35.86,0.73,-1,-1,-1
334,10,309.41,352.75,32.32,91.59,0.71,-1,-1,-1
334,15,678.72,377.03,39.56,84.80,0.66,-1,-1,-1
334,17,598.92,381.84,35.81,89.12,0.77,-1,-1,-1
334,19,937.21,297.62,26.45,38.10,0.44,-1,-1,-1
334,20,199.99,375.29,43.86,54.84,0.53,-1,-1,-1
334,25,433.96,310.97,22.40,38.67,0.44,-1,-1,-1
334,33,627.68,417.88,34.83,77.72,0.47,-1,-1,-1
334,35,626.56,172.66,17.94,39.41,0.45,-1,-1,-1
334,8,214.39,313.02,38.86,40.88,0.58,-1,-1,-1
334,41,588.31,325.61,28.95,74.08,0.62,-1,-1,-1
334,42,738.41,251.33,27.88,53.19,0.47,-1,-1,-1
334,12,687.91,362.10,31.38,68.72,0.20,-1,-1,-1
334,16,818.85,340.26,35.01,82.48,0.70,-1,-1,-1
334,47,355.70,281.08,28.84,37.83,0.43,-1,-1,-1
334,49,168.22,237.43,25.20,56.18,0.58,-1,-1,-1
334,54,472.72,228.41,22.01,59.34,0.67,-1,-1,-1
334,57,728.79,325.57,29.84,74.93,0.61,-1,-1,-1
334,68,136.00,206.28,20.01,54.42,0.48,-1,-1,-1
334,69,311.45,557.68,38.84,89.36,0.75,-1,-1,-1
334,73,208.46,102.03,15.77,33.90,0.66,-1,-1,-1
334,74,279.40,127.92,17.64,41.80,0.70,-1,-1,-1
334,75,538.06,321.77,38.93,78.07,0.62,-1,-1,-1
334,38,414.28,129.08,14.15,28.79,0.64,-1,-1,-1
334,76,536.77,232.21,22.66,44.72,0.59,-1,-1,-1
334,80,135.85,151.46,19.83,24.64,0.53,-1,-1,-1
334,82,1078.66,328.83,15.89,38.80,0.42,-1,-1,-1
334,21,249.61,575.13,44.71,123.76,0.48,-1,-1,-1
334,59,1188.36,368.64,17.37,42.63,0.36,-1,-1,-1
334,84,53.06,107.68,16.35,31.53,0.48,-1,-1,-1
334,24,231.70,426.47,43.53,68.95,0.31,-1,-1,-1
334,85,110.90,368.23,28.82,41.87,0.60,-1,-1,-1
334,81,162.12,296.83,38.92,59.33,0.47,-1,-1,-1
334,87,27.38,115.49,14.17,30.62,0.31,-1,-1,-1
334,30,256.25,567.13,33.25,71.76,0.73,-1,-1,-1
334,83,987.53,290.24,16.45,40.53,0.61,-1,-1,-1
334,52,191.33,282.34,28.96,45.35,0.49,-1,-1,-1
335,3,270.85,354.19,35.45,84.30,0.62,-1,-1,-1
335,4,331.65,237.66,23.97,50.51,0.63,-1,-1,-1
335,5,273.69,505.23,33.07,62.97,0.44,-1,-1,-1
335,6,236.28,488.70,49.40,77.08,0.44,-1,-1,-1
335,9,496.01,179.55,15.40,36.08,0.73,-1,-1,-1
335,10,308.99,352.06,32.55,91.74,0.68,-1,-1,-1
335,15,670.16,374.87,40.10,86.13,0.54,-1,-1,-1
335,17,597.91,382.51,35.80,89.48,0.81,-1,-1,-1
335,19,937.82,297.47,26.02,38.39,0.46,-1,-1,-1
335,20,200.13,374.30,43.37,54.85,0.54,-1,-1,-1
335,25,433.10,307.89,23.54,41.04,0.41,-1,-1,-1
335,33,624.99,419.57,40.85,92.93,0.57,-1,-1,-1
335,35,629.62,173.15,17.35,38.03,0.43,-1,-1,-1
335,8,215.46,312.71,38.69,40.24,0.56,-1,-1,-1
335,41,586.50,323.62,28.74,73.87,0.65,-1,-1,-1
335,42,738.72,251.18,27.80,53.00,0.46,-1,-1,-1
335,12,683.60,362.12,32.70,71.38,0.29,-1,-1,-1
335,16,813.32,340.90,34.45,81.11,0.66,-1,-1,-1
335,47,356.67,280.40,29.13,38.56,0.40,-1,-1,-1
335,49,169.01,236.75,25.94,58.40,0.52,-1,-1,-1
335,54,472.95,227.97,22.09,59.58,0.70,-1,-1,-1
335,57,726.12,324.96,29.86,73.06,0.52,-1,-1,-1
335,68,137.05,205.48,20.08,54.35,0.52,-1,-1,-1
335,69,307.46,556.43,39.18,89.88,0.70,-1,-1,-1
335,73,210.23,102.46,16.11,34.79,0.60,-1,-1,-1
335,74,282.01,127.58,17.20,40.90,0.60,-1,-1,-1
335,75,533.37,319.95,39.10,79.06,0.70,-1,-1,-1
335,38,416.97,128.38,14.36,29.06,0.64,-1,-1,-1
335,76,537.29,231.83,22.62,44.59,0.60,-1,-1,-1
335,80,137.09,151.03,19.89,24.79,0.49,-1,-1,-1
335,82,1078.92,328.87,15.82,38.64,0.44,-1,-1,-1
335,21,246.28,566.86,46.69,129.45,0.42,-1,-1,-1
335,59,1188.11,368.32,17.79,43.64,0.44,-1,-1,-1
335,84,55.18,106.49,16.62,32.14,0.55,-1,-1,-1
335,24,238.73,425.37,41.98,65.51,0.16,-1,-1,-1
335,85,110.56,367.25,29.11,42.45,0.62,-1,-1,-1
335,81,164.50,297.13,39.39,61.06,0.56,-1,-1,-1
335,87,28.22,115.95,17.49,37.97,0.47,-1,-1,-1
335,30,253.52,564.35,34.19,73.05,0.76,-1,-1,-1
335,83,987.86,290.51,16.23,40.03,0.59,-1,-1,-1
335,52,189.68,281.68,31.45,48.71,0.44,-1,-1,-1
335,90,93.28,63.37,12.66,21.73,0.55,-1,-1,-1
335,91,5.97,344.70,38.92,65.62,0.51,-1,-1,-1
336,3,271.14,353.03,35.85,85.12,0.57,-1,-1,-1
336,4,333.72,237.14,23.87,50.18,0.64,-1,-1,-1
336,5,273.40,503.76,33.55,63.95,0.38,-1,-1,-1
336,6,231.18,486.91,51.09,79.45,0.50,-1,-1,-1
336,9,498.24,179.66,14.87,34.66,0.58,-1,-1,-1
336,10,308.64,351.60,32.66,91.53,0.69,-1,-1,-1
336,15,661.54,368.86,41.89,90.36,0.42,-1,-1,-1
336,17,596.90,380.05,36.54,92.13,0.79,-1,-1,-1
336,19,936.36,297.84,25.95,38.05,0.49,-1,-1,-1
336,20,200.25,373.31,42.80,54.69,0.57,-1,-1,-1
336,25,434.34,308.32,23.62,41.08,0.43,-1,-1,-1
336,33,624.91,419.66,42.81,98.80,0.56,-1,-1,-1
336,35,631.08,173.43,17.08,37.62,0.35,-1,-1,-1
336,8,217.97,312.64,37.69,39.15,0.53,-1,-1,-1
336,41,584.85,322.75,28.95,74.73,0.70,-1,-1,-1
336,42,738.74,251.36,27.39,52.98,0.48,-1,-1,-1
336,12,678.39,362.33,30.84,67.24,0.17,-1,-1,-1
336,16,807.53,340.36,34.25,80.31,0.63,-1,-1,-1
336,47,357.54,279.94,28.61,38.10,0.39,-1,-1,-1
336,49,170.20,236.08,25.73,57.88,0.55,-1,-1,-1
336,54,473.30,227.64,22.11,59.69,0.71,-1,-1,-1
336,57,722.13,324.69,29.60,71.28,0.54,-1,-1,-1
336,68,138.33,205.04,20.37,54.97,0.58,-1,-1,-1
336,69,305.01,555.32,38.90,88.69,0.74,-1,-1,-1
336,73,212.78,102.84,15.46,33.64,0.66,-1,-1,-1
336,74,285.28,127.34,17.15,40.71,0.55,-1,-1,-1
336,75,529.36,317.85,38.86,79.88,0.67,-1,-1,-1
336,38,421.06,128.13,13.76,28.07,0.57,-1,-1,-1
336,76,537.99,231.09,22.83,44.90,0.53,-1,-1,-1
336,80,139.05,150.80,19.94,24.72,0.52,-1,-1,-1
336,82,1079.06,328.35,15.82,38.67,0.38,-1,-1,-1
336,21,245.43,565.34,46.38,128.37,0.41,-1,-1,-1
336,59,1188.11,368.38,17.92,43.92,0.41,-1,-1,-1
336,84,57.76,106.13,16.54,32.03,0.46,-1,-1,-1
336,24,242.92,423.85,41.24,64.83,0.20,-1,-1,-1
336,85,110.88,366.40,29.36,42.86,0.60,-1,-1,-1
336,81,167.30,296.98,38.22,60.14,0.57,-1,-1,-1
336,87,31.43,114.97,14.95,31.53,0.53,-1,-1,-1
336,30,251.48,562.56,34.56,73.60,0.66,-1,-1,-1
336,83,988.19,290.48,16.23,40.16,0.58,-1,-1,-1
336,52,191.76,280.71,30.44,47.22,0.53,-1,-1,-1
336,90,95.34,63.15,13.48,23.13,0.60,-1,-1,-1
336,91,6.91,344.26,38.70,65.36,0.54,-1,-1,-1
336,92,362.98,373.06,34.64,94.54,0.63,-1,-1,-1
337,3,271.05,352.60,35.91,85.16,0.60,-1,-1,-1
337,4,335.22,236.75,23.99,50.40,0.66,-1,-1,-1
337,5,274.11,503.48,33.02,63.18,0.52,-1,-1,-1
337,6,229.34,487.66,49.97,76.20,0.59,-1,-1,-1
337,9,499.79,180.00,15.45,36.21,0.64,-1,-1,-1
337,10,308.32,351.17,32.92,91.95,0.66,-1,-1,-1
337,15,653.07,369.07,37.88,83.36,0.50,-1,-1,-1
337,17,595.08,377.96,37.32,94.64,0.76,-1,-1,-1
337,19,937.71,297.78,25.37,38.00,0.48,-1,-1,-1
337,20,200.55,372.58,42.39,54.72,0.52,-1,-1,-1
337,25,434.74,308.16,23.73,41.22,0.47,-1,-1,-1
337,33,625.56,420.66,43.34,101.42,0.55,-1,-1,-1
337,35,632.06,173.79,16.70,36.84,0.50,-1,-1,-1
337,8,218.31,312.33,37.85,39.13,0.53,-1,-1,-1
337,41,583.04,321.58,29.03,74.86,0.71,-1,-1,-1
337,42,739.31,251.55,27.32,52.95,0.49,-1,-1,-1
337,12,671.99,359.80,30.43,66.44,0.30,-1,-1,-1
337,16,803.19,338.17,30.95,72.11,0.77,-1,-1,-1
337,47,358.63,279.22,28.59,38.21,0.32,-1,-1,-1
337,49,171.43,234.96,27.17,61.10,0.53,-1,-1,-1
337,54,473.63,227.35,22.23,60.06,0.68,-1,-1,-1
337,57,720.70,323.54,30.84,73.25,0.58,-1,-1,-1
337,68,138.92,204.42,21.24,57.27,0.54,-1,-1,-1
337,69,303.95,554.23,39.16,88.53,0.77,-1,-1,-1
337,73,214.39,102.82,15.42,33.66,0.63,-1,-1,-1
337,74,288.41,126.91,17.57,41.75,0.62,-1,-1,-1
337,75,525.93,312.48,40.36,84.11,0.62,-1,-1,-1
337,38,423.96,127.26,13.77,28.27,0.67,-1,-1,-1
337,76,538.38,230.45,23.10,45.45,0.52,-1,-1,-1
337,80,140.43,150.29,20.50,25.31,0.56,-1,-1,-1
337,82,1079.47,328.70,15.67,38.48,0.36,-1,-1,-1
337,21,243.83,562.47,46.14,127.64,0.44,-1,-1,-1
337,59,1187.83,368.52,17.97,44.21,0.49,-1,-1,-1
337,84,60.86,105.82,16.25,31.48,0.36,-1,-1,-1
337,24,244.53,423.38,40.55,64.11,0.18,-1,-1,-1
337,85,111.35,366.18,28.90,42.33,0.63,-1,-1,-1
337,81,168.91,296.42,38.30,61.56,0.60,-1,-1,-1
337,87,31.92,113.86,19.08,40.47,0.41,-1,-1,-1
337,30,250.25,562.00,35.39,75.93,0.58,-1,-1,-1
337,83,988.40,290.87,16.21,40.22,0.48,-1,-1,-1
337,52,192.55,279.90,29.79,45.92,0.49,-1,-1,-1
337,90,97.23,62.34,13.80,23.65,0.62,-1,-1,-1
337,91,7.31,344.26,38.06,64.43,0.57,-1,-1,-1
337,92,363.01,373.34,34.36,93.76,0.68,-1,-1,-1
338,3,270.51,351.67,36.16,85.81,0.54,-1,-1,-1
338,4,336.76,236.39,24.05,50.66,0.66,-1,-1,-1
338,5,274.00,501.66,33.33,64.00,0.53,-1,-1,-1
338,6,228.40,485.78,52.28,79.93,0.62,-1,-1,-1
338,9,501.46,180.20,15.05,35.27,0.70,-1,-1,-1
338,10,308.09,350.54,33.08,92.06,0.62,-1,-1,-1
338,15,645.87,368.20,37.01,82.40,0.60,-1,-1,-1
338,17,592.78,377.04,37.84,96.12,0.78,-1,-1,-1
338,19,937.24,297.75,25.27,38.09,0.50,-1,-1,-1
338,20,200.32,371.81,42.56,55.23,0.53,-1,-1,-1
338,25,434.73,306.50,24.53,42.59,0.41,-1,-1,-1
338,33,627.42,424.50,41.90,98.38,0.49,-1,-1,-1
338,35,632.36,173.51,16.51,36.56,0.39,-1,-1,-1
338,8,218.90,311.82,38.13,39.34,0.51,-1,-1,-1
338,41,581.15,320.25,29.46,75.98,0.73,-1,-1,-1
338,42,739.85,251.61,27.29,52.93,0.48,-1,-1,-1
338,12,664.59,357.14,32.93,71.21,0.46,-1,-1,-1
338,16,798.19,335.17,32.18,74.98,0.74,-1,-1,-1
338,47,357.72,278.53,28.83,38.49,0.36,-1,-1,-1
338,49,172.89,234.20,26.61,59.79,0.54,-1,-1,-1
338,54,474.00,226.78,22.59,60.91,0.68,-1,-1,-1
338,57,718.43,321.68,31.11,73.64,0.65,-1,-1,-1
338,68,139.73,204.29,22.73,61.74,0.48,-1,-1,-1
338,69,299.58,552.61,39.85,89.59,0.76,-1,-1,-1
338,73,216.07,102.31,15.43,33.81,0.66,-1,-1,-1
338,74,290.81,126.75,17.57,41.68,0.63,-1,-1,-1
338,75,522.42,304.71,42.59,90.37,0.68,-1,-1,-1
338,38,427.34,125.77,14.07,29.15,0.39,-1,-1,-1
338,76,539.42,230.36,22.70,44.45,0.50,-1,-1,-1
338,80,142.11,149.92,20.72,25.68,0.53,-1,-1,-1
338,82,1079.46,328.56,15.62,38.33,0.39,-1,-1,-1
338,21,243.67,564.64,44.72,123.14,0.28,-1,-1,-1
338,59,1187.99,368.77,17.53,43.39,0.36,-1,-1,-1
338,84,63.11,105.35,16.38,31.69,0.59,-1,-1,-1
338,24,238.99,421.31,45.63,72.68,0.28,-1,-1,-1
338,85,111.52,365.38,28.92,42.42,0.63,-1,-1,-1
338,81,169.79,295.48,37.69,61.91,0.53,-1,-1,-1
338,87,34.17,114.54,20.22,42.99,0.12,-1,-1,-1
338,30,249.39,562.05,34.38,74.11,0.61,-1,-1,-1
338,83,988.94,289.57,16.40,41.02,0.26,-1,-1,-1
338,52,193.65,279.32,29.38,45.23,0.51,-1,-1,-1
338,90,99.77,61.60,13.72,23.49,0.63,-1,-1,-1
338,91,7.74,343.52,37.29,63.35,0.63,-1,-1,-1
338,92,362.60,372.47,34.49,94.09,0.73,-1,-1,-1
339,3,270.06,350.87,36.37,86.31,0.55,-1,-1,-1
339,4,337.60,236.49,23.95,50.53,0.64,-1,-1,-1
339,5,269.95,499.87,34.45,65.53,0.53,-1,-1,-1
339,6,226.18,486.08,51.32,77.10,0.58,-1,-1,-1
339,9,502.89,179.99,15.02,35.20,0.76,-1,-1,-1
339,10,307.85,350.02,33.24,92.27,0.63,-1,-1,-1
339,15,639.53,367.27,36.67,82.03,0.63,-1,-1,-1
339,17,590.89,377.13,37.47,94.98,0.71,-1,-1,-1
339,19,937.29,297.81,24.88,37.92,0.52,-1,-1,-1
339,20,199.56,371.20,42.64,55.36,0.60,-1,-1,-1
339,25,433.14,303.16,25.68,45.00,0.36,-1,-1,-1
339,33,627.73,426.33,41.33,97.39,0.39,-1,-1,-1
339,35,633.75,173.06,16.68,36.93,0.64,-1,-1,-1
339,8,221.61,311.43,37.84,39.62,0.44,-1,-1,-1
339,41,579.16,319.53,30.39,78.42,0.73,-1,-1,-1
339,42,740.18,251.32,27.04,53.44,0.48,-1,-1,-1
339,12,656.85,353.28,34.39,74.89,0.38,-1,-1,-1
339,16,794.31,332.54,33.02,76.60,0.70,-1,-1,-1
339,47,357.68,278.10,29.02,38.62,0.33,-1,-1,-1
339,49,173.62,233.62,26.55,60.08,0.52,-1,-1,-1
339,54,474.44,226.32,22.85,61.57,0.68,-1,-1,-1
339,57,716.35,320.31,31.47,74.91,0.73,-1,-1,-1
339,68,140.68,204.13,22.82,62.18,0.51,-1,-1,-1
339,69,296.16,550.06,40.48,91.66,0.78,-1,-1,-1
339,73,217.83,101.92,15.74,34.53,0.65,-1,-1,-1
339,74,293.64,126.50,17.64,41.71,0.56,-1,-1,-1
339,75,518.30,306.77,40.41,85.87,0.58,-1,-1,-1
339,38,430.99,124.80,14.16,29.67,0.57,-1,-1,-1
339,76,539.88,229.88,23.04,45.09,0.50,-1,-1,-1
339,80,143.94,149.76,20.59,25.66,0.55,-1,-1,-1
339,82,1079.86,328.66,15.54,38.36,0.36,-1,-1,-1
339,59,1188.37,369.00,17.12,42.47,0.44,-1,-1,-1
339,84,65.59,105.43,16.32,31.40,0.65,-1,-1,-1
339,24,232.98,424.70,46.36,71.05,0.32,-1,-1,-1
339,85,111.32,363.70,29.60,43.59,0.57,-1,-1,-1
339,81,167.31,290.69,33.06,53.21,0.52,-1,-1,-1
339,30,246.06,561.82,35.33,75.86,0.66,-1,-1,-1
339,83,989.45,289.33,16.32,41.11,0.23,-1,-1,-1
339,52,194.74,278.93,28.57,43.98,0.47,-1,-1,-1
339,90,102.80,62.44,13.66,23.46,0.50,-1,-1,-1
339,91,7.99,342.60,36.88,62.99,0.61,-1,-1,-1
339,92,362.11,371.67,34.61,94.42,0.67,-1,-1,-1
340,3,269.67,350.00,36.60,86.78,0.59,-1,-1,-1
340,4,339.34,236.63,24.20,51.17,0.59,-1,-1,-1
340,5,265.76,497.57,36.34,68.81,0.32,-1,-1,-1
340,6,227.53,486.03,50.38,75.01,0.55,-1,-1,-1
340,9,504.32,180.07,14.78,34.75,0.72,-1,-1,-1
340,10,307.70,349.35,33.28,91.89,0.62,-1,-1,-1
340,15,632.59,364.66,35.78,81.83,0.59,-1,-1,-1
340,17,589.75,376.21,38.05,96.87,0.64,-1,-1,-1
340,19,936.45,297.78,24.93,38.06,0.48,-1,-1,-1
340,20,199.90,370.52,42.97,55.51,0.57,-1,-1,-1
340,25,433.90,305.83,24.58,43.03,0.50,-1,-1,-1
340,33,627.74,426.42,41.37,98.15,0.48,-1,-1,-1
340,35,634.95,173.11,16.78,37.09,0.64,-1,-1,-1
340,8,225.73,310.61,37.51,40.37,0.44,-1,-1,-1
340,41,576.27,319.27,30.89,78.69,0.68,-1,-1,-1
340,42,741.63,251.15,27.19,53.50,0.47,-1,-1,-1
340,12,651.17,349.84,34.72,77.53,0.51,-1,-1,-1
340,16,786.86,330.34,33.40,77.64,0.68,-1,-1,-1
340,47,358.11,277.88,29.25,39.13,0.41,-1,-1,-1
340,49,174.36,233.17,26.77,60.74,0.56,-1,-1,-1
340,54,474.37,225.55,23.25,62.57,0.63,-1,-1,-1
340,57,714.68,319.76,31.41,75.43,0.75,-1,-1,-1
340,68,141.97,203.71,21.18,57.00,0.50,-1,-1,-1
340,69,293.15,547.22,40.96,93.81,0.74,-1,-1,-1
340,73,220.40,101.82,15.85,35.26,0.63,-1,-1,-1
340,74,296.79,126.38,17.78,42.10,0.64,-1,-1,-1
340,75,514.07,306.10,39.66,84.73,0.59,-1,-1,-1
340,38,434.93,124.53,13.93,29.30,0.65,-1,-1,-1
340,76,539.77,230.38,23.84,47.23,0.48,-1,-1,-1
340,80,145.85,149.55,20.28,25.33,0.53,-1,-1,-1
340,82,1080.06,328.73,15.48,38.15,0.38,-1,-1,-1
340,59,1188.76,369.44,16.65,41.54,0.33,-1,-1,-1
340,84,69.39,105.60,16.34,31.28,0.57,-1,-1,-1
340,24,231.68,417.62,52.27,81.44,0.30,-1,-1,-1
340,85,111.80,363.40,29.15,43.50,0.57,-1,-1,-1
340,81,165.64,285.81,33.02,52.36,0.45,-1,-1,-1
340,30,244.89,559.65,35.39,76.34,0.63,-1,-1,-1
340,83,990.36,289.35,16.41,41.32,0.29,-1,-1,-1
340,52,195.68,278.78,28.68,44.28,0.38,-1,-1,-1
340,90,105.30,62.09,13.28,22.75,0.60,-1,-1,-1
340,91,8.87,341.80,36.62,62.78,0.60,-1,-1,-1
340,92,359.46,370.53,34.51,94.11,0.67,-1,-1,-1
341,3,268.77,349.20,36.63,86.45,0.58,-1,-1,-1
341,4,340.80,236.75,23.72,49.89,0.53,-1,-1,-1
341,5,265.14,496.67,35.62,66.98,0.35,-1,-1,-1
341,6,225.50,485.33,51.30,75.54,0.52,-1,-1,-1
341,9,506.30,180.84,15.19,35.84,0.60,-1,-1,-1
341,10,307.37,348.34,33.60,92.37,0.61,-1,-1,-1
341,15,628.32,360.77,35.24,81.00,0.56,-1,-1,-1
341,17,588.13,374.05,39.16,100.00,0.63,-1,-1,-1
341,19,935.57,298.26,25.13,37.70,0.47,-1,-1,-1
341,20,199.55,369.94,43.27,55.48,0.64,-1,-1,-1
341,25,434.63,306.07,24.30,42.49,0.46,-1,-1,-1
341,33,627.76,430.49,39.64,93.89,0.59,-1,-1,-1
341,35,635.62,172.72,16.93,37.30,0.64,-1,-1,-1
341,8,223.90,309.48,37.82,40.94,0.50,-1,-1,-1
341,41,574.85,319.25,31.11,78.24,0.67,-1,-1,-1
341,42,741.43,250.82,27.50,54.05,0.48,-1,-1,-1
341,12,646.55,346.39,33.97,77.17,0.46,-1,-1,-1
341,16,781.72,327.97,33.70,78.87,0.67,-1,-1,-1
341,47,359.92,277.48,28.57,39.08,0.44,-1,-1,-1
341,49,175.19,232.71,27.54,62.54,0.61,-1,-1,-1
341,54,475.04,224.56,23.17,62.41,0.66,-1,-1,-1
341,57,713.24,318.91,31.18,75.34,0.72,-1,-1,-1
341,68,143.27,202.74,22.83,61.22,0.50,-1,-1,-1
341,69,290.38,545.86,40.80,93.99,0.78,-1,-1,-1
341,73,222.87,101.62,15.34,34.21,0.60,-1,-1,-1
341,74,299.59,125.08,18.09,42.73,0.64,-1,-1,-1
341,75,508.70,307.03,38.60,83.80,0.63,-1,-1,-1
341,38,438.31,124.82,13.98,29.51,0.57,-1,-1,-1
341,76,541.65,229.71,23.22,45.86,0.53,-1,-1,-1
341,80,147.99,149.33,20.33,25.37,0.54,-1,-1,-1
341,82,1080.29,328.79,15.30,37.59,0.44,-1,-1,-1
341,59,1188.95,369.31,16.58,41.43,0.47,-1,-1,-1
341,84,71.82,104.99,16.47,31.37,0.57,-1,-1,-1
341,24,234.14,413.32,49.43,77.49,0.20,-1,-1,-1
341,85,112.06,362.52,28.75,43.57,0.57,-1,-1,-1
341,81,166.35,287.48,31.24,48.54,0.47,-1,-1,-1
341,30,241.68,559.48,37.00,80.44,0.61,-1,-1,-1
341,83,990.51,287.78,16.89,42.98,0.17,-1,-1,-1
341,52,198.28,278.49,25.50,38.64,0.42,-1,-1,-1
341,90,108.25,61.81,12.94,22.09,0.61,-1,-1,-1
341,91,9.53,341.33,36.53,62.87,0.65,-1,-1,-1
341,92,358.06,369.70,34.72,94.69,0.70,-1,-1,-1
342,3,268.98,348.85,36.78,86.86,0.60,-1,-1,-1
342,4,342.31,237.33,23.68,50.32,0.56,-1,-1,-1
342,5,261.37,495.70,36.86,69.75,0.36,-1,-1,-1
342,6,224.65,484.47,51.95,76.35,0.55,-1,-1,-1
342,9,508.13,181.04,15.19,36.02,0.60,-1,-1,-1
342,10,307.12,347.16,33.79,92.73,0.56,-1,-1,-1
342,15,623.59,358.13,34.81,80.81,0.58,-1,-1,-1
342,17,586.33,372.31,39.33,99.87,0.66,-1,-1,-1
342,19,936.65,298.35,24.83,37.45,0.47,-1,-1,-1
342,20,199.76,369.53,43.33,55.18,0.65,-1,-1,-1
342,25,434.79,302.96,25.56,44.75,0.38,-1,-1,-1
342,33,626.13,423.39,41.86,100.45,0.61,-1,-1,-1
342,35,636.83,172.47,17.00,37.38,0.57,-1,-1,-1
342,8,223.43,309.11,37.28,40.51,0.48,-1,-1,-1
342,41,573.66,318.77,31.11,77.33,0.63,-1,-1,-1
342,42,741.62,250.80,27.61,54.25,0.51,-1,-1,-1
342,12,640.91,345.67,33.90,78.19,0.42,-1,-1,-1
342,16,775.63,324.63,33.80,77.96,0.64,-1,-1,-1
342,47,360.91,276.69,27.70,38.86,0.44,-1,-1,-1
342,49,176.29,232.42,27.64,62.52,0.63,-1,-1,-1
342,54,475.54,224.45,23.07,62.13,0.62,-1,-1,-1
342,57,711.86,319.51,30.91,75.04,0.65,-1,-1,-1
342,68,143.58,202.49,23.41,62.51,0.49,-1,-1,-1
342,69,288.29,544.02,40.95,94.90,0.81,-1,-1,-1
342,73,224.75,101.41,15.44,34.46,0.67,-1,-1,-1
342,74,303.01,125.14,17.99,42.77,0.60,-1,-1,-1
342,75,501.90,308.43,36.99,82.01,0.63,-1,-1,-1
342,38,441.78,124.64,13.62,28.74,0.56,-1,-1,-1
342,76,541.16,230.04,22.81,45.15,0.50,-1,-1,-1
342,80,151.24,148.90,19.91,24.93,0.52,-1,-1,-1
342,82,1080.37,328.62,15.52,38.05,0.38,-1,-1,-1
342,59,1188.80,369.46,16.88,42.30,0.37,-1,-1,-1
342,84,74.66,104.27,16.74,31.95,0.55,-1,-1,-1
342,24,231.58,413.83,53.20,84.49,0.37,-1,-1,-1
342,85,112.87,361.93,28.13,43.06,0.58,-1,-1,-1
342,30,242.44,558.48,34.84,76.12,0.52,-1,-1,-1
342,83,991.18,289.52,16.40,41.45,0.30,-1,-1,-1
342,52,198.52,278.09,26.35,39.60,0.43,-1,-1,-1
342,90,111.20,61.69,12.33,20.86,0.39,-1,-1,-1
342,91,10.73,340.33,36.28,62.63,0.63,-1,-1,-1
342,92,357.28,369.16,34.80,94.93,0.69,-1,-1,-1
343,3,269.11,348.31,36.87,87.17,0.59,-1,-1,-1
343,4,344.17,237.67,22.43,48.26,0.50,-1,-1,-1
343,5,260.31,495.07,37.33,70.78,0.41,-1,-1,-1
343,6,225.39,483.72,51.94,76.65,0.52,-1,-1,-1
343,9,510.23,180.64,14.67,34.62,0.69,-1,-1,-1
343,10,307.15,346.04,34.00,93.23,0.56,-1,-1,-1
343,15,617.99,357.45,33.59,79.22,0.52,-1,-1,-1
343,17,584.58,372.31,38.61,98.15,0.67,-1,-1,-1
343,19,937.26,298.15,24.76,37.49,0.48,-1,-1,-1
343,20,199.67,369.02,43.57,55.27,0.67,-1,-1,-1
343,25,434.62,301.14,26.22,46.09,0.41,-1,-1,-1
343,33,626.14,421.65,41.87,101.71,0.59,-1,-1,-1
343,35,638.86,173.59,16.37,35.99,0.52,-1,-1,-1
343,8,222.90,308.47,37.55,40.87,0.51,-1,-1,-1
343,41,571.09,318.96,30.92,76.86,0.71,-1,-1,-1
343,42,742.28,250.62,27.55,54.12,0.54,-1,-1,-1
343,12,637.52,345.58,33.07,77.15,0.50,-1,-1,-1
343,16,767.41,322.43,32.03,73.36,0.68,-1,-1,-1
343,47,361.48,275.61,27.13,38.91,0.37,-1,-1,-1
343,49,177.67,232.16,27.39,61.67,0.68,-1,-1,-1
343,54,476.50,224.13,22.78,61.69,0.62,-1,-1,-1
343,57,709.97,319.04,31.04,75.25,0.59,-1,-1,-1
343,68,145.77,201.90,22.95,60.83,0.50,-1,-1,-1
343,69,286.73,542.71,40.28,93.82,0.79,-1,-1,-1
343,73,227.77,102.13,15.36,34.34,0.60,-1,-1,-1
343,74,306.09,124.85,17.85,42.58,0.65,-1,-1,-1
343,75,498.16,311.80,35.07,78.67,0.71,-1,-1,-1
343,38,445.70,123.28,13.50,28.74,0.61,-1,-1,-1
343,76,543.04,229.42,22.32,43.88,0.48,-1,-1,-1
343,80,152.85,148.50,19.64,24.70,0.47,-1,-1,-1
343,82,1080.44,328.99,15.55,38.07,0.29,-1,-1,-1
343,59,1188.92,369.59,17.00,42.72,0.37,-1,-1,-1
343,84,77.35,102.98,16.88,32.50,0.65,-1,-1,-1
343,24,230.51,412.77,54.59,87.95,0.28,-1,-1,-1
343,85,114.08,361.43,27.80,42.76,0.66,-1,-1,-1
343,30,241.65,556.71,33.77,73.93,0.57,-1,-1,-1
343,83,991.71,290.99,16.20,40.72,0.25,-1,-1,-1
343,52,200.08,278.20,26.25,39.45,0.44,-1,-1,-1
343,90,113.98,60.86,13.13,22.23,0.59,-1,-1,-1
343,91,11.04,339.26,36.65,63.44,0.63,-1,-1,-1
343,92,358.88,369.09,34.65,94.40,0.69,-1,-1,-1
344,3,269.23,347.69,35.95,85.26,0.58,-1,-1,-1
344,4,345.41,237.70,21.20,45.83,0.54,-1,-1,-1
344,5,261.26,494.51,37.25,71.67,0.44,-1,-1,-1
344,6,228.23,482.53,48.13,71.89,0.44,-1,-1,-1
344,9,511.44,180.01,14.76,34.81,0.71,-1,-1,-1
344,10,307.00,345.91,33.87,92.81,0.58,-1,-1,-1
344,15,614.03,356.76,33.23,78.90,0.56,-1,-1,-1
344,17,584.19,373.48,37.70,95.83,0.68,-1,-1,-1
344,19,937.47,298.12,24.85,37.56,0.44,-1,-1,-1
344,20,199.54,368.80,43.38,54.69,0.67,-1,-1,-1
344,25,433.00,296.75,27.63,49.10,0.35,-1,-1,-1
344,33,626.34,419.31,41.86,103.46,0.64,-1,-1,-1
344,35,640.22,172.62,16.48,36.43,0.56,-1,-1,-1
344,8,225.53,308.04,36.87,40.65,0.47,-1,-1,-1
344,41,569.86,319.25,30.63,76.11,0.77,-1,-1,-1
344,42,742.71,250.60,27.65,54.29,0.55,-1,-1,-1
344,12,634.45,345.34,31.31,74.44,0.37,-1,-1,-1
344,16,760.91,319.82,31.97,72.56,0.71,-1,-1,-1
344,47,362.43,275.41,26.23,38.38,0.35,-1,-1,-1
344,49,178.73,231.63,26.97,60.53,0.69,-1,-1,-1
344,54,477.52,223.69,22.44,61.20,0.64,-1,-1,-1
344,57,707.47,319.11,31.20,75.16,0.58,-1,-1,-1
344,68,146.51,201.49,23.74,63.27,0.48,-1,-1,-1
344,69,285.71,541.47,39.62,92.62,0.80,-1,-1,-1
344,73,230.99,102.82,14.81,33.05,0.65,-1,-1,-1
344,74,308.40,124.11,17.87,42.58,0.59,-1,-1,-1
344,75,498.55,314.24,34.28,76.55,0.72,-1,-1,-1
344,38,449.57,122.94,13.60,28.77,0.56,-1,-1,-1
344,76,543.22,229.65,21.94,43.27,0.50,-1,-1,-1
344,80,155.19,148.15,19.91,25.00,0.39,-1,-1,-1
344,82,1080.52,329.02,15.93,38.85,0.31,-1,-1,-1
344,59,1189.04,369.78,16.93,42.69,0.43,-1,-1,-1
344,84,79.47,102.03,17.13,33.09,0.56,-1,-1,-1
344,24,234.63,410.53,48.72,79.15,0.26,-1,-1,-1
344,85,114.46,360.94,27.07,42.00,0.62,-1,-1,-1
344,30,240.64,556.02,33.08,72.21,0.63,-1,-1,-1
344,83,992.23,291.50,16.10,40.23,0.24,-1,-1,-1
344,52,201.06,277.76,26.09,39.39,0.44,-1,-1,-1
344,90,117.02,60.94,13.40,22.80,0.60,-1,-1,-1
344,91,11.81,338.28,36.77,63.76,0.63,-1,-1,-1
344,92,359.33,368.79,34.58,94.28,0.66,-1,-1,-1
344,21,230.77,555.07,46.72,128.66,0.52,-1,-1,-1
344,81,167.06,287.96,40.70,63.77,0.55,-1,-1,-1
345,3,268.31,347.45,36.05,84.65,0.58,-1,-1,-1
345,4,345.59,237.64,21.72,47.18,0.54,-1,-1,-1
345,5,261.24,494.25,36.53,71.65,0.42,-1,-1,-1
345,6,226.80,481.33,46.96,70.59,0.40,-1,-1,-1
345,9,512.96,179.87,14.56,34.08,0.71,-1,-1,-1
345,10,306.96,346.04,33.78,92.44,0.58,-1,-1,-1
345,15,609.26,355.99,33.42,80.44,0.51,-1,-1,-1
345,17,584.33,374.99,37.12,94.06,0.69,-1,-1,-1
345,19,937.41,298.47,24.92,37.37,0.42,-1,-1,-1
345,20,200.03,368.44,43.30,54.29,0.66,-1,-1,-1
345,25,435.43,301.45,24.96,43.86,0.49,-1,-1,-1
345,33,626.39,415.94,42.18,106.32,0.65,-1,-1,-1
345,35,641.01,172.10,16.36,36.30,0.55,-1,-1,-1
345,8,223.35,307.27,37.51,41.07,0.49,-1,-1,-1
345,41,569.10,319.42,30.58,75.69,0.82,-1,-1,-1
345,42,743.20,250.32,27.90,54.75,0.55,-1,-1,-1
345,12,631.13,343.91,30.75,73.59,0.45,-1,-1,-1
345,16,754.46,316.77,32.45,74.28,0.66,-1,-1,-1
345,47,363.89,275.56,25.77,38.55,0.34,-1,-1,-1
345,49,179.63,230.90,26.28,58.74,0.63,-1,-1,-1
345,54,478.86,222.91,22.38,61.16,0.62,-1,-1,-1
345,57,704.65,318.79,31.66,75.16,0.65,-1,-1,-1
345,68,148.91,201.07,21.42,57.30,0.51,-1,-1,-1
345,69,281.86,540.67,39.53,91.62,0.78,-1,-1,-1
345,73,233.34,102.76,14.51,32.28,0.70,-1,-1,-1
345,74,311.61,123.97,17.78,42.48,0.60,-1,-1,-1
345,75,496.65,315.10,34.56,76.90,0.59,-1,-1,-1
345,38,453.25,123.25,13.47,28.29,0.67,-1,-1,-1
345,76,543.50,229.58,22.11,43.60,0.43,-1,-1,-1
345,80,156.49,148.07,19.83,24.76,0.50,-1,-1,-1
345,82,1080.72,329.62,15.97,38.86,0.35,-1,-1,-1
345,59,1189.06,370.19,17.16,43.44,0.48,-1,-1,-1
345,84,81.87,101.47,17.05,33.11,0.63,-1,-1,-1
345,24,236.86,413.11,40.69,65.69,0.16,-1,-1,-1
345,85,114.91,360.38,26.64,41.68,0.66,-1,-1,-1
345,30,239.75,555.09,32.81,71.46,0.65,-1,-1,-1
345,83,992.47,289.02,17.13,42.90,0.15,-1,-1,-1
345,52,202.29,276.86,24.64,36.94,0.41,-1,-1,-1
345,90,120.03,61.09,13.64,23.37,0.45,-1,-1,-1
345,91,14.00,338.42,35.01,60.79,0.58,-1,-1,-1
345,92,359.18,368.56,34.50,93.98,0.65,-1,-1,-1
345,93,0.95,126.87,17.08,57.42,0.67,-1,-1,-1
345,21,229.86,560.61,45.88,124.85,0.45,-1,-1,-1
345,81,167.82,288.73,41.41,65.24,0.59,-1,-1,-1
346,3,268.99,347.47,35.75,84.05,0.53,-1,-1,-1
346,4,346.80,237.39,20.07,43.20,0.47,-1,-1,-1
346,5,260.53,495.14,33.61,66.48,0.34,-1,-1,-1
346,6,226.84,480.68,45.90,69.52,0.39,-1,-1,-1
346,9,514.41,180.57,14.24,32.96,0.67,-1,-1,-1
346,10,306.04,345.73,33.58,91.93,0.62,-1,-1,-1
346,15,607.29,355.14,32.35,78.25,0.57,-1,-1,-1
346,17,584.69,375.98,36.72,92.97,0.67,-1,-1,-1
346,19,938.70,298.33,24.97,37.50,0.43,-1,-1,-1
346,20,201.05,368.00,43.04,53.66,0.58,-1,-1,-1
346,25,433.54,296.10,27.06,47.89,0.36,-1,-1,-1
346,33,626.05,413.15,42.28,108.70,0.62,-1,-1,-1
346,35,641.75,171.30,16.65,37.00,0.54,-1,-1,-1
346,8,227.03,306.65,36.39,40.75,0.53,-1,-1,-1
346,41,568.38,319.18,30.64,75.60,0.82,-1,-1,-1
346,42,743.65,250.24,27.78,54.33,0.57,-1,-1,-1
346,12,629.27,341.11,30.55,73.67,0.48,-1,-1,-1
346,16,748.38,312.58,33.46,77.22,0.68,-1,-1,-1
346,47,364.72,275.29,25.60,39.02,0.39,-1,-1,-1
346,49,180.35,230.71,25.57,56.89,0.64,-1,-1,-1
346,54,479.50,222.44,22.49,61.43,0.65,-1,-1,-1
346,57,702.77,317.97,31.93,75.26,0.66,-1,-1,-1
346,68,149.00,200.59,21.65,57.55,0.54,-1,-1,-1
346,69,279.54,539.37,39.48,91.36,0.79,-1,-1,-1
346,73,235.43,102.49,14.97,33.28,0.62,-1,-1,-1
346,74,314.46,123.76,17.72,42.45,0.58,-1,-1,-1
346,75,492.56,314.31,34.84,77.84,0.71,-1,-1,-1
346,38,456.98,122.16,13.62,28.92,0.54,-1,-1,-1
346,76,544.25,229.45,22.01,43.13,0.42,-1,-1,-1
346,80,158.53,147.93,19.90,24.73,0.47,-1,-1,-1
346,82,1080.75,330.44,15.83,38.51,0.49,-1,-1,-1
346,59,1189.20,370.43,17.17,43.57,0.54,-1,-1,-1
346,84,84.24,101.71,16.99,33.08,0.62,-1,-1,-1
346,24,236.32,412.14,42.07,67.96,0.24,-1,-1,-1
346,85,115.24,359.94,25.79,40.87,0.51,-1,-1,-1
346,30,238.49,554.68,32.67,70.60,0.57,-1,-1,-1
346,83,992.76,288.84,17.26,43.13,0.16,-1,-1,-1
346,52,201.63,276.34,26.47,40.03,0.44,-1,-1,-1
346,90,122.62,60.42,13.34,22.84,0.57,-1,-1,-1
346,91,14.67,337.08,34.92,60.87,0.56,-1,-1,-1
346,92,359.00,368.21,34.52,93.94,0.67,-1,-1,-1
346,93,4.06,129.59,13.75,45.65,0.62,-1,-1,-1
346,21,229.07,555.92,45.41,123.12,0.38,-1,-1,-1
346,81,169.44,288.96,39.62,62.39,0.45,-1,-1,-1
347,3,267.93,347.02,36.18,84.30,0.53,-1,-1,-1
347,4,347.72,237.02,20.38,43.94,0.55,-1,-1,-1
347,5,259.06,492.65,36.20,72.50,0.31,-1,-1,-1
347,6,228.27,480.51,42.75,64.80,0.38,-1,-1,-1
347,9,516.38,182.44,14.05,32.32,0.59,-1,-1,-1
347,10,306.85,345.44,33.79,92.39,0.62,-1,-1,-1
347,15,604.80,351.62,32.26,78.47,0.56,-1,-1,-1
347,17,585.13,378.42,35.60,89.76,0.67,-1,-1,-1
347,19,938.15,298.07,25.31,37.87,0.42,-1,-1,-1
347,20,201.15,367.59,43.02,53.38,0.57,-1,-1,-1
347,25,432.92,293.57,28.07,49.86,0.28,-1,-1,-1
347,33,626.40,414.41,40.89,106.86,0.68,-1,-1,-1
347,35,642.58,170.85,16.75,37.18,0.59,-1,-1,-1
347,8,228.67,306.29,35.71,40.76,0.52,-1,-1,-1
347,41,567.67,319.10,30.84,75.84,0.79,-1,-1,-1
347,42,743.92,250.02,27.92,54.34,0.60,-1,-1,-1
347,12,628.23,340.58,29.28,71.04,0.57,-1,-1,-1
347,16,742.33,309.55,33.99,78.38,0.63,-1,-1,-1
347,47,365.86,274.99,25.57,39.57,0.40,-1,-1,-1
347,49,181.37,230.32,24.95,55.34,0.58,-1,-1,-1
347,54,479.99,222.40,22.65,61.89,0.66,-1,-1,-1
347,57,701.01,315.37,31.52,75.12,0.54,-1,-1,-1
347,68,148.20,200.40,22.42,58.80,0.50,-1,-1,-1
347,69,277.86,537.97,38.82,90.18,0.75,-1,-1,-1
347,73,237.81,101.88,15.73,35.08,0.62,-1,-1,-1
347,74,316.73,123.48,17.78,42.39,0.61,-1,-1,-1
347,75,486.64,314.00,34.44,77.26,0.68,-1,-1,-1
347,38,460.54,121.06,13.97,29.75,0.67,-1,-1,-1
347,76,545.80,229.48,22.07,43.16,0.48,-1,-1,-1
347,80,160.21,147.40,19.97,24.77,0.48,-1,-1,-1
347,82,1081.08,330.97,15.63,37.94,0.26,-1,-1,-1
347,59,1189.35,370.59,17.02,43.34,0.52,-1,-1,-1
347,84,86.90,101.72,16.78,32.69,0.52,-1,-1,-1
347,24,235.91,411.31,43.03,69.32,0.30,-1,-1,-1
347,85,116.41,360.35,24.41,39.28,0.44,-1,-1,-1
347,30,236.70,554.28,32.56,70.46,0.57,-1,-1,-1
347,83,992.89,287.70,17.74,44.33,0.12,-1,-1,-1
347,52,203.23,276.01,25.15,37.32,0.36,-1,-1,-1
347,90,125.78,60.58,13.09,22.39,0.62,-1,-1,-1
347,91,16.06,337.39,34.40,59.69,0.51,-1,-1,-1
347,92,358.40,367.22,34.76,94.39,0.66,-1,-1,-1
347,93,5.59,130.11,13.80,45.00,0.67,-1,-1,-1
347,21,235.73,583.23,35.72,94.80,0.35,-1,-1,-1
347,81,173.04,289.00,34.44,53.42,0.50,-1,-1,-1
347,94,8.05,65.03,13.65,26.40,0.68,-1,-1,-1
348,3,267.81,346.49,36.40,84.50,0.55,-1,-1,-1
348,4,348.94,236.95,21.58,46.84,0.52,-1,-1,-1
348,5,257.40,492.33,35.72,72.03,0.43,-1,-1,-1
348,6,227.80,478.29,40.66,62.36,0.50,-1,-1,-1
348,9,517.34,180.52,15.12,34.89,0.69,-1,-1,-1
348,10,307.16,344.71,33.98,92.83,0.61,-1,-1,-1
348,15,601.16,350.23,31.62,77.25,0.47,-1,-1,-1
348,17,585.69,380.97,34.62,86.74,0.62,-1,-1,-1
348,19,938.40,298.05,25.52,37.91,0.40,-1,-1,-1
348,20,201.20,367.12,42.89,53.04,0.56,-1,-1,-1
348,25,432.78,287.03,31.64,56.97,0.25,-1,-1,-1
348,33,627.44,417.02,39.03,103.49,0.77,-1,-1,-1
348,35,643.28,171.01,16.70,36.97,0.58,-1,-1,-1
348,8,230.36,305.62,35.03,41.34,0.53,-1,-1,-1
348,41,567.69,319.11,31.66,76.50,0.78,-1,-1,-1
348,42,744.14,249.92,28.24,54.65,0.58,-1,-1,-1
348,12,626.65,338.35,29.26,71.39,0.60,-1,-1,-1
348,16,734.98,307.40,34.57,81.13,0.57,-1,-1,-1
348,47,367.60,274.56,24.99,39.32,0.35,-1,-1,-1
348,49,182.10,230.01,24.85,54.94,0.56,-1,-1,-1
348,54,480.40,222.39,22.75,62.16,0.67,-1,-1,-1
348,57,700.12,313.20,30.87,74.44,0.64,-1,-1,-1
348,68,148.38,199.73,22.87,59.22,0.50,-1,-1,-1
348,69,276.54,535.67,38.34,89.53,0.75,-1,-1,-1
348,73,239.61,101.02,15.75,35.07,0.64,-1,-1,-1
348,74,319.38,123.76,17.66,42.22,0.60,-1,-1,-1
348,75,482.31,313.77,34.17,76.91,0.72,-1,-1,-1
348,38,464.26,119.95,13.66,29.09,0.61,-1,-1,-1
348,76,546.50,229.58,22.17,43.33,0.51,-1,-1,-1
348,80,161.53,146.77,20.38,25.23,0.49,-1,-1,-1
348,82,1081.61,331.40,15.41,37.24,0.24,-1,-1,-1
348,59,1189.82,370.07,17.27,44.16,0.39,-1,-1,-1
348,84,89.26,101.24,16.81,32.92,0.55,-1,-1,-1
348,24,234.91,409.77,44.65,71.72,0.38,-1,-1,-1
348,85,116.10,359.27,24.73,40.10,0.64,-1,-1,-1
348,30,235.27,554.28,31.47,68.56,0.44,-1,-1,-1
348,83,993.07,288.05,17.50,43.71,0.13,-1,-1,-1
348,52,204.19,274.93,25.37,37.08,0.38,-1,-1,-1
348,90,128.36,60.21,12.71,21.65,0.44,-1,-1,-1
348,91,17.20,337.18,34.53,59.60,0.54,-1,-1,-1
348,92,356.16,365.71,35.28,95.08,0.66,-1,-1,-1
348,93,7.82,129.37,14.02,44.70,0.69,-1,-1,-1
348,21,229.16,569.73,41.07,107.89,0.21,-1,-1,-1
348,81,172.89,289.20,34.19,52.20,0.47,-1,-1,-1
348,94,10.57,64.56,14.03,27.15,0.62,-1,-1,-1
349,3,267.74,345.89,36.63,84.51,0.54,-1,-1,-1
349,4,351.49,236.84,24.61,52.96,0.49,-1,-1,-1
349,5,256.64,492.07,36.16,73.54,0.45,-1,-1,-1
349,6,228.27,476.72,38.71,59.82,0.55,-1,-1,-1
349,9,519.25,180.38,14.50,33.26,0.74,-1,-1,-1
349,10,307.02,343.84,34.08,92.87,0.60,-1,-1,-1
349,15,598.08,349.55,30.13,72.49,0.50,-1,-1,-1
349,17,586.60,382.33,34.07,84.55,0.65,-1,-1,-1
349,19,937.18,297.85,26.38,38.32,0.36,-1,-1,-1
349,20,205.47,366.26,43.38,54.33,0.57,-1,-1,-1
349,25,433.73,286.82,31.45,57.32,0.27,-1,-1,-1
349,33,628.08,418.59,37.67,101.24,0.79,-1,-1,-1
349,35,643.97,170.77,16.72,36.92,0.55,-1,-1,-1
349,8,230.95,304.87,35.03,42.58,0.49,-1,-1,-1
349,41,567.30,318.96,31.97,76.33,0.77,-1,-1,-1
349,42,744.43,250.00,28.45,54.67,0.55,-1,-1,-1
349,12,624.88,336.71,30.24,73.69,0.64,-1,-1,-1
349,16,731.01,306.24,30.62,72.15,0.57,-1,-1,-1
349,47,369.91,274.13,24.73,39.25,0.21,-1,-1,-1
349,49,182.54,229.85,25.01,55.19,0.49,-1,-1,-1
349,54,480.71,222.36,22.73,62.01,0.70,-1,-1,-1
349,57,698.89,311.27,31.39,76.30,0.58,-1,-1,-1
349,68,151.02,198.91,22.85,58.77,0.47,-1,-1,-1
349,69,274.57,535.55,37.87,88.32,0.75,-1,-1,-1
349,73,240.56,100.18,16.07,35.71,0.67,-1,-1,-1
349,74,322.23,124.24,17.62,42.16,0.67,-1,-1,-1
349,75,479.10,313.99,33.74,76.35,0.74,-1,-1,-1
349,38,468.29,119.59,13.77,29.25,0.66,-1,-1,-1
349,76,547.34,229.19,22.22,43.49,0.54,-1,-1,-1
349,80,163.56,146.33,20.82,25.72,0.48,-1,-1,-1
349,82,1081.80,331.75,15.34,36.97,0.29,-1,-1,-1
349,59,1190.21,370.63,16.83,43.00,0.48,-1,-1,-1
349,84,92.03,101.50,16.64,32.64,0.52,-1,-1,-1
349,24,235.22,408.83,44.39,70.77,0.42,-1,-1,-1
349,85,116.30,358.31,24.80,40.81,0.61,-1,-1,-1
349,30,232.90,552.08,31.64,69.15,0.49,-1,-1,-1
349,52,204.23,274.24,28.14,40.61,0.32,-1,-1,-1
349,90,130.57,60.12,13.10,22.33,0.50,-1,-1,-1
349,91,17.61,335.65,35.33,61.09,0.64,-1,-1,-1
349,92,354.85,364.66,35.75,95.53,0.67,-1,-1,-1
349,93,9.54,129.09,15.61,48.93,0.65,-1,-1,-1
349,21,225.39,560.74,44.59,117.30,0.20,-1,-1,-1
349,81,173.10,289.19,36.24,55.36,0.45,-1,-1,-1
349,94,13.38,63.74,14.56,28.18,0.68,-1,-1,-1
350,3,268.46,345.46,36.47,84.55,0.54,-1,-1,-1
350,4,352.35,237.01,28.84,62.06,0.56,-1,-1,-1
350,5,253.77,491.10,37.11,75.76,0.46,-1,-1,-1
350,6,228.01,475.67,39.08,61.11,0.50,-1,-1,-1
350,9,520.58,180.15,14.40,32.99,0.71,-1,-1,-1
350,10,306.88,342.95,34.05,92.71,0.58,-1,-1,-1
350,15,595.59,349.03,28.77,68.25,0.52,-1,-1,-1
350,17,587.45,383.20,33.76,82.45,0.71,-1,-1,-1
350,19,936.78,298.15,26.79,38.10,0.36,-1,-1,-1
350,20,203.89,365.55,44.46,55.37,0.62,-1,-1,-1
350,25,431.83,283.46,33.23,61.21,0.21,-1,-1,-1
350,33,628.23,419.36,36.68,99.64,0.79,-1,-1,-1
350,35,644.77,170.64,16.66,36.60,0.49,-1,-1,-1
350,8,231.58,304.64,34.37,43.02,0.47,-1,-1,-1
350,41,567.19,318.93,32.03,75.75,0.77,-1,-1,-1
350,42,744.67,250.18,28.53,54.44,0.58,-1,-1,-1
350,12,624.04,334.77,30.60,74.28,0.64,-1,-1,-1
350,16,724.38,305.14,30.18,70.74,0.62,-1,-1,-1
350,47,375.02,274.14,25.98,41.41,0.13,-1,-1,-1
350,49,184.03,229.83,23.54,51.43,0.50,-1,-1,-1
350,54,480.90,222.29,22.58,61.63,0.72,-1,-1,-1
350,57,700.05,310.62,27.22,65.81,0.46,-1,-1,-1
350,68,153.27,198.55,22.39,57.02,0.51,-1,-1,-1
350,69,272.25,532.34,38.22,89.31,0.74,-1,-1,-1
350,73,241.72,99.32,16.05,35.48,0.65,-1,-1,-1
350,74,324.49,123.56,17.60,42.07,0.67,-1,-1,-1
350,75,473.79,315.00,33.65,75.89,0.69,-1,-1,-1
350,38,471.67,118.50,13.82,29.57,0.57,-1,-1,-1
350,76,547.52,229.03,22.60,44.44,0.49,-1,-1,-1
350,80,165.66,146.27,20.56,25.29,0.46,-1,-1,-1
350,82,1081.64,332.83,15.24,36.50,0.33,-1,-1,-1
350,59,1190.20,371.15,16.74,42.81,0.42,-1,-1,-1
350,84,93.99,100.98,16.67,32.90,0.56,-1,-1,-1
350,24,235.63,408.71,43.44,68.37,0.47,-1,-1,-1
350,85,117.21,358.20,24.13,40.02,0.60,-1,-1,-1
350,30,228.00,551.09,34.25,74.92,0.48,-1,-1,-1
350,52,206.22,274.06,27.53,39.32,0.47,-1,-1,-1
350,90,132.77,60.32,12.85,21.86,0.54,-1,-1,-1
350,91,18.10,334.67,35.47,61.40,0.54,-1,-1,-1
350,92,354.12,363.52,36.21,96.01,0.68,-1,-1,-1
350,93,12.40,130.00,14.48,43.81,0.70,-1,-1,-1
350,21,222.45,557.93,45.92,120.25,0.26,-1,-1,-1
350,81,174.84,289.18,33.46,50.35,0.55,-1,-1,-1
350,94,16.11,63.54,14.72,28.53,0.58,-1,-1,-1
351,3,268.33,345.05,36.28,84.44,0.55,-1,-1,-1
351,4,352.95,236.85,28.72,62.50,0.56,-1,-1,-1
351,5,253.35,490.23,37.07,75.66,0.46,-1,-1,-1
351,6,226.84,474.77,40.58,64.46,0.43,-1,-1,-1
351,9,521.42,180.72,14.46,33.09,0.71,-1,-1,-1
351,10,306.04,342.09,33.92,92.17,0.57,-1,-1,-1
351,15,594.31,347.60,26.97,62.75,0.50,-1,-1,-1
351,17,587.91,383.57,33.61,80.83,0.74,-1,-1,-1
351,19,936.64,298.40,27.14,37.94,0.39,-1,-1,-1
351,20,203.01,365.00,45.57,56.35,0.62,-1,-1,-1
351,25,430.90,280.83,34.22,63.70,0.19,-1,-1,-1
351,33,625.61,419.51,36.91,99.59,0.73,-1,-1,-1
351,35,645.70,170.51,16.75,36.67,0.47,-1,-1,-1
351,8,231.90,304.31,32.62,41.39,0.47,-1,-1,-1
351,41,567.54,318.89,32.29,75.69,0.80,-1,-1,-1
351,42,744.87,250.31,28.65,54.39,0.55,-1,-1,-1
351,12,623.30,332.65,31.02,74.82,0.68,-1,-1,-1
351,16,718.25,302.84,30.20,71.57,0.45,-1,-1,-1
351,49,185.05,228.71,25.80,56.65,0.52,-1,-1,-1
351,54,481.05,222.25,22.41,61.24,0.70,-1,-1,-1
351,57,697.65,312.45,29.75,72.65,0.36,-1,-1,-1
351,68,155.10,198.73,21.91,55.44,0.48,-1,-1,-1
351,69,267.61,531.14,38.68,88.97,0.72,-1,-1,-1
351,73,243.08,99.05,15.79,34.63,0.68,-1,-1,-1
351,74,326.95,123.27,18.02,42.98,0.67,-1,-1,-1
351,75,471.15,314.94,34.58,77.06,0.60,-1,-1,-1
351,38,475.35,118.06,13.94,29.82,0.53,-1,-1,-1
351,76,547.94,228.93,22.62,44.61,0.56,-1,-1,-1
351,80,169.40,145.82,20.22,24.78,0.51,-1,-1,-1
351,82,1082.00,332.57,15.46,36.83,0.25,-1,-1,-1
351,59,1190.28,371.20,17.02,43.44,0.36,-1,-1,-1
351,84,95.95,100.41,16.74,33.17,0.56,-1,-1,-1
351,24,236.08,409.83,42.17,65.33,0.51,-1,-1,-1
351,85,118.14,358.23,23.26,38.70,0.61,-1,-1,-1
351,30,227.38,551.65,31.90,69.53,0.46,-1,-1,-1
351,52,207.39,273.80,26.02,36.60,0.47,-1,-1,-1
351,90,135.02,59.52,12.69,21.48,0.55,-1,-1,-1
351,91,19.69,334.18,35.87,61.66,0.58,-1,-1,-1
351,92,353.53,362.99,36.58,96.11,0.67,-1,-1,-1
351,93,14.67,129.70,14.43,42.32,0.71,-1,-1,-1
351,21,218.54,556.11,47.06,122.20,0.40,-1,-1,-1
351,81,175.97,288.53,32.15,47.83,0.52,-1,-1,-1
351,94,18.61,63.20,15.00,29.12,0.61,-1,-1,-1
352,3,267.77,344.16,36.32,84.77,0.56,-1,-1,-1
352,4,354.12,236.74,29.25,64.31,0.59,-1,-1,-1
352,5,257.77,490.29,33.59,66.80,0.44,-1,-1,-1
352,6,225.80,474.23,42.97,69.63,0.47,-1,-1,-1
352,9,524.08,182.03,13.60,31.16,0.55,-1,-1,-1
352,10,305.73,341.30,33.61,90.99,0.59,-1,-1,-1
352,15,594.37,339.40,28.74,66.78,0.47,-1,-1,-1
352,17,586.99,381.78,34.61,82.31,0.70,-1,-1,-1
352,19,938.28,299.00,26.88,37.46,0.39,-1,-1,-1
352,20,202.15,364.27,47.18,57.98,0.60,-1,-1,-1
352,25,431.90,281.71,33.30,62.61,0.24,-1,-1,-1
352,33,624.30,419.39,37.34,99.63,0.72,-1,-1,-1
352,35,647.21,170.57,16.63,36.26,0.45,-1,-1,-1
352,8,233.79,304.46,31.54,40.20,0.46,-1,-1,-1
352,41,568.03,318.45,32.50,75.65,0.79,-1,-1,-1
352,42,745.37,250.35,28.73,54.23,0.54,-1,-1,-1
352,12,622.90,331.63,30.36,72.78,0.63,-1,-1,-1
352,16,713.12,301.78,30.37,71.09,0.46,-1,-1,-1
352,49,185.46,228.03,27.97,61.89,0.54,-1,-1,-1
352,54,481.33,222.22,22.31,61.00,0.69,-1,-1,-1
352,57,695.94,309.62,29.48,72.40,0.55,-1,-1,-1
352,68,155.60,198.36,22.49,56.44,0.52,-1,-1,-1
352,69,265.03,531.65,38.30,87.33,0.77,-1,-1,-1
352,73,244.51,98.90,15.72,33.96,0.69,-1,-1,-1
352,74,329.38,123.58,18.03,43.09,0.71,-1,-1,-1
352,75,467.04,315.17,33.23,74.72,0.78,-1,-1,-1
352,38,477.62,116.66,14.95,32.29,0.19,-1,-1,-1
352,76,548.06,228.67,22.73,44.85,0.55,-1,-1,-1
352,80,171.14,145.42,20.20,24.76,0.53,-1,-1,-1
352,82,1081.67,333.15,15.57,37.03,0.41,-1,-1,-1
352,59,1189.99,371.18,17.06,43.61,0.36,-1,-1,-1
352,84,97.78,99.86,16.96,33.90,0.57,-1,-1,-1
352,24,228.24,408.00,45.28,68.06,0.49,-1,-1,-1
352,85,118.24,356.44,23.80,39.94,0.50,-1,-1,-1
352,30,226.40,550.54,31.71,69.07,0.53,-1,-1,-1
352,52,206.09,273.66,29.78,42.09,0.40,-1,-1,-1
352,90,136.92,59.84,12.84,21.63,0.39,-1,-1,-1
352,91,19.48,333.28,35.97,61.73,0.62,-1,-1,-1
352,92,352.92,362.63,37.01,96.61,0.73,-1,-1,-1
352,93,17.20,128.62,15.41,44.17,0.61,-1,-1,-1
352,21,216.46,556.14,46.99,120.99,0.41,-1,-1,-1
352,81,176.43,287.66,32.22,47.79,0.46,-1,-1,-1
352,94,22.01,63.12,14.72,28.59,0.66,-1,-1,-1
352,79,581.18,235.27,21.00,35.88,0.53,-1,-1,-1
353,3,266.76,342.86,36.81,85.46,0.57,-1,-1,-1
353,4,355.90,236.40,29.34,64.94,0.55,-1,-1,-1
353,5,255.63,488.78,35.16,68.79,0.42,-1,-1,-1
353,6,226.11,474.90,43.65,72.41,0.46,-1,-1,-1
353,9,525.56,182.33,14.14,32.46,0.58,-1,-1,-1
353,10,305.42,340.74,33.39,90.08,0.57,-1,-1,-1
353,15,591.49,336.61,29.61,68.68,0.45,-1,-1,-1
353,17,585.06,378.42,36.18,85.60,0.71,-1,-1,-1
353,19,939.92,299.23,26.54,37.19,0.43,-1,-1,-1
353,20,201.08,363.65,49.61,61.01,0.57,-1,-1,-1
353,25,431.21,282.48,32.74,61.69,0.14,-1,-1,-1
353,33,623.34,419.48,37.91,99.68,0.74,-1,-1,-1
353,35,648.16,170.48,16.52,35.99,0.55,-1,-1,-1
353,8,232.23,303.77,31.60,40.59,0.40,-1,-1,-1
353,41,568.06,317.75,33.11,77.61,0.74,-1,-1,-1
353,42,745.40,250.42,28.98,54.51,0.59,-1,-1,-1
353,12,622.54,328.96,31.06,74.57,0.58,-1,-1,-1
353,16,706.34,299.39,31.73,74.03,0.37,-1,-1,-1
353,49,186.78,227.97,26.97,59.64,0.51,-1,-1,-1
353,54,481.60,222.16,22.42,61.22,0.69,-1,-1,-1
353,57,695.19,308.74,29.52,72.36,0.58,-1,-1,-1
353,68,156.09,198.14,23.13,57.62,0.53,-1,-1,-1
353,69,262.79,530.52,38.29,86.83,0.70,-1,-1,-1
353,73,245.90,98.50,15.78,33.75,0.65,-1,-1,-1
353,74,331.43,123.07,18.36,43.77,0.67,-1,-1,-1
353,75,463.01,313.07,34.48,78.44,0.66,-1,-1,-1
353,38,482.28,118.19,13.10,27.76,0.30,-1,-1,-1
353,76,549.13,228.84,22.23,43.94,0.54,-1,-1,-1
353,80,172.38,145.30,20.05,24.50,0.51,-1,-1,-1
353,82,1081.53,333.31,15.72,37.26,0.44,-1,-1,-1
353,59,1189.63,371.68,17.27,44.10,0.50,-1,-1,-1
353,84,99.89,99.79,16.54,33.05,0.62,-1,-1,-1
353,24,218.80,405.03,46.32,70.65,0.52,-1,-1,-1
353,85,118.28,354.97,24.70,41.34,0.62,-1,-1,-1
353,30,224.00,546.68,32.85,71.79,0.64,-1,-1,-1
353,52,206.53,273.18,30.41,42.86,0.42,-1,-1,-1
353,90,138.98,59.19,12.94,21.74,0.56,-1,-1,-1
353,91,19.51,332.66,35.74,61.38,0.62,-1,-1,-1
353,92,352.57,362.35,37.22,96.56,0.73,-1,-1,-1
353,93,19.32,128.02,15.87,44.16,0.55,-1,-1,-1
353,21,216.27,565.32,44.15,111.23,0.56,-1,-1,-1
353,81,176.89,285.60,33.40,49.31,0.42,-1,-1,-1
353,94,24.87,63.19,14.31,27.70,0.59,-1,-1,-1
353,79,581.81,235.26,21.09,35.57,0.51,-1,-1,-1
353,87,70.64,111.43,17.05,36.16,0.51,-1,-1,-1
354,3,266.40,342.14,36.87,85.46,0.58,-1,-1,-1
354,4,356.78,236.62,27.25,60.49,0.55,-1,-1,-1
354,5,255.01,488.37,34.72,67.62,0.36,-1,-1,-1
354,6,224.79,474.39,43.63,73.19,0.50,-1,-1,-1
354,9,526.77,182.14,14.62,33.60,0.71,-1,-1,-1
354,10,305.72,340.58,32.88,88.44,0.54,-1,-1,-1
354,15,588.62,336.69,29.45,67.41,0.41,-1,-1,-1
354,17,584.25,376.64,36.87,87.09,0.72,-1,-1,-1
354,19,940.70,299.49,26.39,37.15,0.35,-1,-1,-1
354,20,202.10,363.33,49.07,61.38,0.49,-1,-1,-1
354,25,433.47,285.37,31.22,58.75,0.11,-1,-1,-1
354,33,624.02,420.16,37.89,98.43,0.72,-1,-1,-1
354,35,648.96,170.27,16.59,36.11,0.51,-1,-1,-1
354,8,234.98,303.21,31.95,40.93,0.41,-1,-1,-1
354,41,568.59,316.88,33.07,77.86,0.71,-1,-1,-1
354,42,745.49,250.46,28.75,54.11,0.55,-1,-1,-1
354,12,620.87,326.26,32.81,79.27,0.50,-1,-1,-1
354,16,704.18,300.27,31.05,72.53,0.41,-1,-1,-1
354,49,187.21,227.33,29.36,65.35,0.52,-1,-1,-1
354,54,481.72,221.72,22.71,61.86,0.71,-1,-1,-1
354,57,694.64,308.28,29.85,72.38,0.50,-1,-1,-1
354,68,156.67,198.08,23.35,57.63,0.56,-1,-1,-1
354,69,260.48,529.41,38.42,86.56,0.68,-1,-1,-1
354,73,247.99,98.69,15.41,32.77,0.63,-1,-1,-1
354,74,333.73,122.53,19.02,45.26,0.67,-1,-1,-1
354,75,458.82,313.48,33.57,77.04,0.69,-1,-1,-1
354,38,487.28,119.45,11.41,23.78,0.33,-1,-1,-1
354,76,549.71,229.00,22.70,44.80,0.59,-1,-1,-1
354,80,173.33,145.00,20.29,24.66,0.45,-1,-1,-1
354,82,1081.83,333.43,15.85,37.62,0.43,-1,-1,-1
354,59,1189.54,371.59,17.28,44.23,0.30,-1,-1,-1
354,84,102.34,99.25,16.45,32.69,0.53,-1,-1,-1
354,24,222.07,407.06,46.32,68.35,0.51,-1,-1,-1
354,85,119.48,353.79,24.85,41.49,0.64,-1,-1,-1
354,30,223.58,545.49,32.11,70.46,0.58,-1,-1,-1
354,52,207.68,272.58,30.26,43.04,0.39,-1,-1,-1
354,90,141.16,59.32,12.48,20.85,0.52,-1,-1,-1
354,91,20.16,331.97,36.01,61.61,0.59,-1,-1,-1
354,92,352.19,361.71,37.51,96.89,0.71,-1,-1,-1
354,93,22.33,129.00,15.62,42.16,0.57,-1,-1,-1
354,21,215.67,571.49,42.04,103.52,0.49,-1,-1,-1
354,81,177.42,285.43,33.32,48.56,0.47,-1,-1,-1
354,94,27.89,62.95,14.08,27.30,0.63,-1,-1,-1
354,79,582.28,234.78,21.46,35.79,0.47,-1,-1,-1
354,87,72.50,110.90,17.37,36.67,0.50,-1,-1,-1
355,3,266.24,341.77,36.87,85.20,0.55,-1,-1,-1
355,4,357.51,236.72,26.46,59.06,0.58,-1,-1,-1
355,5,252.58,486.12,36.02,69.24,0.24,-1,-1,-1
355,6,223.48,473.25,44.46,75.64,0.39,-1,-1,-1
355,9,528.31,181.78,14.55,33.39,0.69,-1,-1,-1
355,10,304.09,340.47,32.92,88.47,0.51,-1,-1,-1
355,15,587.82,337.57,28.82,64.87,0.40,-1,-1,-1
355,17,583.60,376.27,37.15,87.46,0.71,-1,-1,-1
355,19,944.58,299.75,25.35,36.36,0.37,-1,-1,-1
355,20,203.58,363.11,48.08,61.16,0.48,-1,-1,-1
355,33,624.89,420.44,38.21,98.25,0.71,-1,-1,-1
355,35,649.48,169.98,16.66,36.24,0.52,-1,-1,-1
355,8,235.86,302.89,32.27,41.10,0.42,-1,-1,-1
355,41,568.63,315.58,33.35,79.08,0.66,-1,-1,-1
355,42,746.00,250.54,28.65,53.91,0.55,-1,-1,-1
355,12,620.25,326.03,31.96,77.77,0.48,-1,-1,-1
355,16,699.82,300.54,30.63,72.41,0.32,-1,-1,-1
355,49,188.19,226.86,29.34,65.68,0.51,-1,-1,-1
355,54,481.97,221.33,22.78,62.01,0.72,-1,-1,-1
355,57,689.92,308.11,29.58,72.15,0.49,-1,-1,-1
355,68,159.10,197.71,22.54,55.77,0.59,-1,-1,-1
355,69,258.70,530.55,37.75,84.20,0.74,-1,-1,-1
355,73,249.05,98.70,15.66,33.15,0.68,-1,-1,-1
355,74,336.64,123.00,18.43,44.11,0.58,-1,-1,-1
355,75,452.44,312.74,33.37,77.11,0.59,-1,-1,-1
355,38,491.60,119.03,11.68,23.98,0.50,-1,-1,-1
355,76,550.19,229.12,22.56,44.50,0.58,-1,-1,-1
355,80,174.85,145.13,20.29,24.58,0.36,-1,-1,-1
355,82,1081.99,333.51,15.79,37.56,0.51,-1,-1,-1
355,59,1189.76,372.50,16.43,42.14,0.39,-1,-1,-1
355,84,104.64,98.97,16.42,32.56,0.51,-1,-1,-1
355,24,222.86,408.59,46.88,67.16,0.56,-1,-1,-1
355,85,119.57,353.41,24.49,40.74,0.69,-1,-1,-1
355,30,221.83,544.96,31.51,68.71,0.58,-1,-1,-1
355,52,209.59,272.16,28.11,39.67,0.45,-1,-1,-1
355,90,142.90,58.43,12.05,20.01,0.50,-1,-1,-1
355,91,20.49,331.13,36.24,61.97,0.63,-1,-1,-1
355,92,351.18,361.44,37.58,96.30,0.75,-1,-1,-1
355,93,24.50,127.66,16.66,43.86,0.65,-1,-1,-1
355,21,214.95,581.78,38.52,92.88,0.49,-1,-1,-1
355,81,176.90,285.33,35.51,51.59,0.47,-1,-1,-1
355,94,30.89,62.91,14.12,27.35,0.59,-1,-1,-1
355,79,582.13,233.27,22.28,36.91,0.41,-1,-1,-1
355,87,75.06,110.47,17.67,37.43,0.42,-1,-1,-1
356,3,266.21,340.99,37.07,85.66,0.55,-1,-1,-1
356,4,358.92,237.01,26.36,59.53,0.53,-1,-1,-1
356,5,253.92,485.61,33.42,62.19,0.24,-1,-1,-1
356,6,225.34,472.50,40.60,69.91,0.36,-1,-1,-1
356,9,529.62,182.34,14.31,32.58,0.66,-1,-1,-1
356,10,303.06,339.62,33.10,89.08,0.54,-1,-1,-1
356,15,587.33,338.92,29.30,65.25,0.46,-1,-1,-1
356,17,582.53,373.19,38.13,90.21,0.72,-1,-1,-1
356,19,944.52,299.69,25.71,36.86,0.35,-1,-1,-1
356,20,204.84,362.80,46.81,60.43,0.46,-1,-1,-1
356,33,624.88,420.06,39.02,99.30,0.71,-1,-1,-1
356,35,650.48,170.33,16.47,35.79,0.58,-1,-1,-1
356,8,231.52,302.74,32.03,40.39,0.42,-1,-1,-1
356,41,570.24,314.99,32.13,76.08,0.65,-1,-1,-1
356,42,745.88,250.71,28.58,53.91,0.52,-1,-1,-1
356,12,618.61,322.95,33.12,81.91,0.52,-1,-1,-1
356,49,188.35,226.54,30.41,68.74,0.48,-1,-1,-1
356,54,482.22,221.29,22.70,61.73,0.73,-1,-1,-1
356,57,688.03,308.14,29.44,71.97,0.56,-1,-1,-1
356,68,160.57,197.35,22.46,55.66,0.60,-1,-1,-1
356,69,254.48,529.85,38.56,84.76,0.69,-1,-1,-1
356,73,250.05,98.65,15.53,32.40,0.69,-1,-1,-1
356,74,339.10,122.36,18.52,44.63,0.62,-1,-1,-1
356,75,447.66,309.73,35.05,80.87,0.59,-1,-1,-1
356,76,550.22,228.38,22.61,44.59,0.52,-1,-1,-1
356,80,177.28,145.08,20.54,24.81,0.45,-1,-1,-1
356,82,1081.75,333.73,15.93,37.95,0.42,-1,-1,-1
356,59,1189.53,373.51,16.29,41.81,0.50,-1,-1,-1
356,84,106.79,98.66,16.11,31.91,0.44,-1,-1,-1
356,24,223.54,408.74,47.33,66.66,0.56,-1,-1,-1
356,85,119.68,353.24,24.33,40.34,0.67,-1,-1,-1
356,30,219.63,543.56,32.62,71.38,0.56,-1,-1,-1
356,52,209.61,271.45,27.84,38.72,0.45,-1,-1,-1
356,90,144.47,57.42,11.93,19.52,0.37,-1,-1,-1
356,91,21.13,330.63,36.69,62.36,0.60,-1,-1,-1
356,92,350.83,361.35,37.37,95.25,0.75,-1,-1,-1
356,93,25.94,126.24,17.90,46.13,0.67,-1,-1,-1
356,21,213.16,586.09,37.23,87.50,0.55,-1,-1,-1
356,81,176.19,285.21,37.89,55.30,0.48,-1,-1,-1
356,94,33.24,62.47,14.25,27.56,0.57,-1,-1,-1
356,79,583.50,232.45,21.97,37.00,0.35,-1,-1,-1
356,87,77.68,110.15,18.16,39.46,0.34,-1,-1,-1
356,47,388.70,272.13,24.60,39.56,0.53,-1,-1,-1
357,3,265.82,340.64,37.04,85.69,0.56,-1,-1,-1
357,4,360.93,236.94,26.88,61.26,0.56,-1,-1,-1
357,5,247.39,484.77,37.42,70.28,0.27,-1,-1,-1
357,6,226.04,470.18,39.97,70.39,0.48,-1,-1,-1
357,9,531.01,182.33,14.45,32.86,0.53,-1,-1,-1
357,10,302.05,339.87,32.83,88.57,0.54,-1,-1,-1
357,15,585.97,336.66,29.84,66.05,0.43,-1,-1,-1
357,17,582.66,373.54,37.48,89.17,0.75,-1,-1,-1
357,19,945.61,300.00,25.41,36.49,0.37,-1,-1,-1
357,20,203.58,361.88,43.19,55.95,0.50,-1,-1,-1
357,33,625.11,419.85,39.86,100.61,0.70,-1,-1,-1
357,35,651.49,170.39,16.35,35.48,0.57,-1,-1,-1
357,8,235.71,302.51,32.23,40.65,0.44,-1,-1,-1
357,41,570.59,313.79,30.96,73.55,0.69,-1,-1,-1
357,42,746.30,250.78,28.50,53.92,0.49,-1,-1,-1
357,12,618.24,321.72,32.78,82.23,0.58,-1,-1,-1
357,49,188.94,225.65,28.99,65.90,0.49,-1,-1,-1
357,54,482.39,221.40,22.84,62.22,0.72,-1,-1,-1
357,57,686.50,307.83,29.47,72.07,0.63,-1,-1,-1
357,68,161.55,196.94,22.57,55.97,0.59,-1,-1,-1
357,69,251.86,529.19,38.64,84.76,0.67,-1,-1,-1
357,73,251.58,98.31,15.88,32.90,0.71,-1,-1,-1
357,74,341.16,122.32,18.35,44.42,0.65,-1,-1,-1
357,75,445.39,311.91,32.94,76.04,0.59,-1,-1,-1
357,76,550.66,228.63,22.58,44.63,0.58,-1,-1,-1
357,80,178.81,144.85,20.41,24.79,0.50,-1,-1,-1
357,82,1081.76,333.77,15.95,38.09,0.43,-1,-1,-1
357,59,1189.14,374.13,16.47,42.16,0.40,-1,-1,-1
357,84,109.08,98.78,16.56,32.98,0.34,-1,-1,-1
357,24,223.99,409.04,47.85,66.60,0.57,-1,-1,-1
357,85,119.63,353.36,23.86,39.53,0.68,-1,-1,-1
357,30,216.54,543.46,31.58,69.37,0.57,-1,-1,-1
357,52,210.47,271.16,26.91,36.91,0.46,-1,-1,-1
357,90,146.94,58.00,11.46,18.50,0.45,-1,-1,-1
357,91,21.18,329.65,36.71,62.19,0.58,-1,-1,-1
357,92,350.50,361.26,37.39,95.22,0.78,-1,-1,-1
357,93,28.65,126.68,17.80,44.80,0.67,-1,-1,-1
357,21,212.50,589.27,36.00,81.94,0.52,-1,-1,-1
357,81,176.36,284.95,38.50,56.39,0.49,-1,-1,-1
357,94,36.37,62.48,14.11,27.28,0.57,-1,-1,-1
357,79,582.86,232.24,22.42,37.72,0.44,-1,-1,-1
357,87,79.38,110.35,17.34,37.76,0.44,-1,-1,-1
357,47,389.80,272.16,24.26,39.03,0.49,-1,-1,-1
358,3,264.10,339.74,36.11,83.84,0.46,-1,-1,-1
358,4,362.49,237.22,25.70,59.15,0.52,-1,-1,-1
358,5,244.93,483.98,37.60,71.03,0.27,-1,-1,-1
358,6,227.16,470.08,39.18,70.98,0.50,-1,-1,-1
358,9,533.01,182.99,14.88,33.90,0.56,-1,-1,-1
358,10,301.36,340.08,32.37,87.64,0.54,-1,-1,-1
358,15,586.07,337.83,28.13,61.42,0.45,-1,-1,-1
358,17,582.92,373.49,37.00,88.90,0.74,-1,-1,-1
358,19,944.26,299.96,24.96,36.45,0.39,-1,-1,-1
358,20,203.45,361.10,41.96,54.42,0.48,-1,-1,-1
358,33,625.54,419.77,40.27,101.20,0.72,-1,-1,-1
358,35,652.51,170.02,16.49,35.73,0.64,-1,-1,-1
358,8,237.86,302.25,32.21,40.83,0.48,-1,-1,-1
358,41,570.90,312.29,30.75,73.28,0.68,-1,-1,-1
358,42,746.74,250.82,28.35,53.76,0.49,-1,-1,-1
358,12,618.08,321.01,32.17,81.68,0.60,-1,-1,-1
358,49,189.90,225.41,27.89,63.46,0.47,-1,-1,-1
358,54,482.92,221.08,22.70,61.86,0.73,-1,-1,-1
358,57,685.07,305.58,30.51,74.74,0.64,-1,-1,-1
358,68,163.02,196.73,21.86,53.89,0.56,-1,-1,-1
358,69,248.66,526.95,39.19,86.37,0.66,-1,-1,-1
358,73,253.12,97.91,16.10,33.35,0.69,-1,-1,-1
358,74,343.44,121.77,17.92,43.32,0.62,-1,-1,-1
358,75,442.89,307.02,35.99,82.76,0.60,-1,-1,-1
358,76,551.36,228.86,22.68,44.74,0.57,-1,-1,-1
358,80,180.31,144.46,20.64,25.07,0.49,-1,-1,-1
358,82,1081.82,334.07,15.94,38.18,0.28,-1,-1,-1
358,59,1188.93,374.67,16.57,42.27,0.38,-1,-1,-1
358,84,111.86,99.08,16.66,33.25,0.49,-1,-1,-1
358,24,223.97,409.06,48.44,67.03,0.60,-1,-1,-1
358,85,119.82,353.01,23.87,39.39,0.67,-1,-1,-1
358,30,213.42,541.52,32.57,71.77,0.43,-1,-1,-1
358,52,211.91,270.89,25.80,34.76,0.48,-1,-1,-1
358,90,148.35,55.93,12.69,20.54,0.45,-1,-1,-1
358,91,21.66,328.95,36.03,60.96,0.56,-1,-1,-1
358,92,350.24,360.95,36.95,94.56,0.75,-1,-1,-1
358,93,30.39,124.59,19.11,47.06,0.57,-1,-1,-1
358,21,210.95,588.18,36.44,80.64,0.41,-1,-1,-1
358,81,177.26,285.01,38.11,55.91,0.45,-1,-1,-1
358,94,39.34,62.66,13.99,26.94,0.54,-1,-1,-1
358,79,582.64,231.75,23.06,38.77,0.46,-1,-1,-1
358,87,80.98,109.72,18.07,39.61,0.49,-1,-1,-1
358,47,390.61,271.92,24.74,40.07,0.48,-1,-1,-1
359,3,263.18,338.90,36.40,84.79,0.49,-1,-1,-1
359,4,362.83,237.38,25.47,59.58,0.58,-1,-1,-1
359,5,239.97,481.55,39.30,75.55,0.15,-1,-1,-1
359,6,225.99,469.59,38.87,71.88,0.52,-1,-1,-1
359,9,534.86,181.68,14.78,33.65,0.62,-1,-1,-1
359,10,300.70,339.79,32.33,87.77,0.54,-1,-1,-1
359,15,585.34,338.08,27.29,59.05,0.51,-1,-1,-1
359,17,583.01,373.29,36.52,88.68,0.75,-1,-1,-1
359,19,946.37,300.49,23.97,35.71,0.35,-1,-1,-1
359,20,203.31,360.63,42.97,54.29,0.18,-1,-1,-1
359,33,626.02,419.01,40.44,101.70,0.75,-1,-1,-1
359,35,653.59,170.12,16.26,35.22,0.62,-1,-1,-1
359,8,237.01,301.72,32.19,40.53,0.47,-1,-1,-1
359,41,570.74,311.94,29.84,71.82,0.67,-1,-1,-1
359,42,747.19,250.43,28.50,54.03,0.52,-1,-1,-1
359,12,618.29,320.58,31.59,81.02,0.64,-1,-1,-1
359,49,191.68,225.35,26.55,60.01,0.49,-1,-1,-1
359,54,483.28,221.09,22.41,61.24,0.72,-1,-1,-1
359,57,682.52,305.63,30.23,74.31,0.60,-1,-1,-1
359,68,164.24,196.77,21.57,52.83,0.53,-1,-1,-1
359,69,244.24,524.69,39.74,88.47,0.46,-1,-1,-1
359,73,255.36,98.28,16.25,33.80,0.59,-1,-1,-1
359,74,345.83,121.60,17.89,43.68,0.59,-1,-1,-1
359,75,441.62,308.55,35.54,80.86,0.69,-1,-1,-1
359,76,552.99,228.62,22.31,43.55,0.56,-1,-1,-1
359,80,181.67,144.61,20.44,24.57,0.50,-1,-1,-1
359,82,1081.44,334.46,16.23,38.94,0.28,-1,-1,-1
359,59,1188.65,375.01,16.65,42.45,0.50,-1,-1,-1
359,84,113.86,99.03,16.89,33.92,0.53,-1,-1,-1
359,24,223.13,410.74,48.32,66.11,0.56,-1,-1,-1
359,85,119.84,352.39,24.00,39.56,0.66,-1,-1,-1
359,30,211.83,541.71,31.04,68.31,0.48,-1,-1,-1
359,52,212.24,270.76,25.96,34.49,0.43,-1,-1,-1
359,90,150.75,55.49,12.71,20.66,0.47,-1,-1,-1
359,91,22.69,328.71,35.41,59.89,0.58,-1,-1,-1
359,92,349.01,360.23,36.80,94.54,0.76,-1,-1,-1
359,93,32.87,123.89,19.85,47.94,0.59,-1,-1,-1
359,21,210.84,587.05,37.02,78.73,0.39,-1,-1,-1
359,81,177.18,284.36,39.12,57.62,0.46,-1,-1,-1
359,94,41.95,62.54,13.94,26.73,0.54,-1,-1,-1
359,79,583.34,230.85,23.07,39.28,0.41,-1,-1,-1
359,87,83.19,109.35,18.41,40.30,0.40,-1,-1,-1
359,47,390.49,271.73,25.48,41.60,0.43,-1,-1,-1
360,3,262.92,338.33,36.71,85.67,0.57,-1,-1,-1
360,4,363.09,237.31,25.80,61.16,0.62,-1,-1,-1
360,5,237.30,479.67,39.50,77.66,0.11,-1,-1,-1
360,6,224.66,468.34,38.78,72.83,0.50,-1,-1,-1
360,9,536.74,181.95,14.53,32.92,0.71,-1,-1,-1
360,10,300.01,338.69,32.61,88.79,0.60,-1,-1,-1
360,15,583.85,335.33,28.02,60.28,0.51,-1,-1,-1
360,17,583.05,372.71,36.53,89.70,0.72,-1,-1,-1
360,19,947.39,300.86,23.28,35.34,0.37,-1,-1,-1
360,20,204.47,360.30,43.92,55.84,0.51,-1,-1,-1
360,33,626.31,419.00,40.26,101.29,0.80,-1,-1,-1
360,35,654.44,169.92,16.48,35.55,0.59,-1,-1,-1
360,8,235.81,301.23,31.92,39.75,0.46,-1,-1,-1
360,41,570.83,311.92,28.72,70.05,0.69,-1,-1,-1
360,42,747.40,250.21,28.78,54.60,0.49,-1,-1,-1
360,12,618.78,320.39,30.96,80.12,0.68,-1,-1,-1
360,49,193.19,225.44,25.88,58.12,0.53,-1,-1,-1
360,54,483.95,220.95,22.32,61.14,0.70,-1,-1,-1
360,57,682.65,304.18,32.21,79.92,0.55,-1,-1,-1
360,68,164.39,196.35,22.42,54.41,0.49,-1,-1,-1
360,69,242.28,526.48,38.06,84.91,0.48,-1,-1,-1
360,73,256.95,98.41,16.21,33.85,0.65,-1,-1,-1
360,74,348.17,121.20,17.39,42.48,0.58,-1,-1,-1
360,75,440.03,307.48,36.23,82.22,0.71,-1,-1,-1
360,76,553.96,228.21,22.28,43.26,0.55,-1,-1,-1
360,80,184.73,144.36,20.61,24.79,0.48,-1,-1,-1
360,82,1081.62,334.52,16.17,38.87,0.42,-1,-1,-1
360,59,1188.55,375.05,16.74,42.75,0.44,-1,-1,-1
360,84,116.23,98.76,16.63,33.30,0.59,-1,-1,-1
360,24,222.73,409.76,48.43,65.79,0.51,-1,-1,-1
360,85,120.45,351.57,24.17,39.96,0.68,-1,-1,-1
360,30,209.67,541.38,31.41,69.09,0.55,-1,-1,-1
360,52,211.43,270.46,28.66,38.13,0.50,-1,-1,-1
360,90,153.15,55.39,13.60,22.44,0.41,-1,-1,-1
360,91,22.82,327.71,36.18,61.77,0.54,-1,-1,-1
360,92,348.32,359.66,36.63,94.69,0.70,-1,-1,-1
360,93,34.85,124.23,20.24,48.18,0.59,-1,-1,-1
360,21,200.60,563.56,47.11,100.26,0.53,-1,-1,-1
360,81,178.35,283.53,38.86,57.43,0.51,-1,-1,-1
360,94,44.84,62.69,13.69,26.19,0.53,-1,-1,-1
360,79,583.63,230.06,23.24,40.14,0.37,-1,-1,-1
360,87,86.03,109.02,18.14,39.88,0.41,-1,-1,-1
360,47,390.74,271.35,25.41,41.53,0.38,-1,-1,-1
361,3,264.38,338.67,36.78,85.54,0.52,-1,-1,-1
361,4,363.59,237.42,24.74,59.39,0.57,-1,-1,-1
361,5,241.96,481.40,32.33,63.11,0.29,-1,-1,-1
361,6,225.38,466.65,38.33,73.23,0.51,-1,-1,-1
361,9,537.95,182.01,14.54,33.10,0.63,-1,-1,-1
361,10,299.47,338.04,32.74,89.43,0.64,-1,-1,-1
361,15,583.19,334.45,28.24,60.28,0.43,-1,-1,-1
361,17,582.49,371.58,36.39,90.24,0.71,-1,-1,-1
361,19,947.17,300.91,23.73,35.84,0.39,-1,-1,-1
361,20,203.33,359.69,44.30,54.90,0.21,-1,-1,-1
361,33,626.30,418.48,40.28,101.34,0.78,-1,-1,-1
361,35,655.28,169.81,16.57,35.65,0.58,-1,-1,-1
361,8,235.47,300.94,32.32,39.48,0.47,-1,-1,-1
361,41,570.50,310.73,28.55,70.91,0.65,-1,-1,-1
361,42,747.67,250.20,28.84,54.79,0.50,-1,-1,-1
361,12,618.98,320.27,30.58,79.60,0.67,-1,-1,-1
361,49,194.37,225.30,25.78,57.81,0.55,-1,-1,-1
361,54,484.47,221.68,22.01,60.08,0.70,-1,-1,-1
361,57,682.77,303.57,32.41,80.89,0.51,-1,-1,-1
361,68,166.75,196.21,22.43,54.71,0.53,-1,-1,-1
361,69,240.74,524.93,38.20,85.27,0.51,-1,-1,-1
361,73,258.64,98.21,16.78,35.22,0.65,-1,-1,-1
361,74,350.06,121.17,17.39,42.12,0.63,-1,-1,-1
361,75,438.30,307.97,36.54,82.88,0.73,-1,-1,-1
361,76,554.59,228.28,22.53,43.54,0.55,-1,-1,-1
361,80,186.75,144.16,20.51,24.80,0.51,-1,-1,-1
361,82,1081.70,334.93,15.98,38.35,0.36,-1,-1,-1
361,59,1188.54,375.34,16.70,42.72,0.44,-1,-1,-1
361,84,118.46,98.26,16.68,33.46,0.57,-1,-1,-1
361,24,224.28,402.39,50.89,71.22,0.29,-1,-1,-1
361,85,120.92,350.90,24.26,40.26,0.68,-1,-1,-1
361,30,206.85,541.35,32.89,72.45,0.56,-1,-1,-1
361,52,214.08,270.35,26.39,34.94,0.50,-1,-1,-1
361,90,154.62,55.04,14.49,24.10,0.46,-1,-1,-1
361,91,23.32,327.30,36.00,61.91,0.56,-1,-1,-1
361,92,347.89,359.38,36.19,94.39,0.72,-1,-1,-1
361,93,36.24,120.49,22.34,52.83,0.56,-1,-1,-1
361,21,198.31,569.65,44.57,93.57,0.46,-1,-1,-1
361,81,180.73,282.99,36.07,52.65,0.53,-1,-1,-1
361,94,48.42,63.18,13.23,24.91,0.49,-1,-1,-1
361,79,583.32,230.08,23.05,40.01,0.35,-1,-1,-1
361,87,87.48,108.45,18.63,41.01,0.43,-1,-1,-1
361,47,390.74,271.27,24.98,40.48,0.29,-1,-1,-1
362,3,263.21,338.04,36.78,85.68,0.53,-1,-1,-1
362,4,364.13,238.06,24.79,59.86,0.64,-1,-1,-1
362,5,242.37,481.22,30.51,59.17,0.36,-1,-1,-1
362,6,226.42,467.52,40.53,78.20,0.52,-1,-1,-1
362,9,539.78,182.42,14.63,33.46,0.56,-1,-1,-1
362,10,298.91,337.76,32.57,88.82,0.66,-1,-1,-1
362,15,582.11,333.92,28.36,60.20,0.48,-1,-1,-1
362,17,581.77,370.54,36.27,90.78,0.67,-1,-1,-1
362,19,946.14,301.06,24.34,36.10,0.35,-1,-1,-1
362,20,205.00,359.50,43.92,54.78,0.48,-1,-1,-1
362,33,626.92,417.60,40.43,102.23,0.80,-1,-1,-1
362,35,656.71,170.05,16.47,35.38,0.56,-1,-1,-1
362,8,237.28,300.40,32.50,39.34,0.50,-1,-1,-1
362,41,570.34,309.92,28.55,71.96,0.66,-1,-1,-1
362,42,748.84,249.34,29.52,56.22,0.50,-1,-1,-1
362,12,619.11,320.66,30.46,79.51,0.68,-1,-1,-1
362,49,195.59,225.48,25.33,56.81,0.53,-1,-1,-1
362,54,485.16,221.85,22.00,59.86,0.71,-1,-1,-1
362,57,682.34,306.21,28.70,71.19,0.49,-1,-1,-1
362,68,168.17,196.06,22.39,54.74,0.54,-1,-1,-1
362,69,240.33,525.90,37.18,82.71,0.53,-1,-1,-1
362,73,260.67,97.75,17.17,36.13,0.62,-1,-1,-1
362,74,353.40,121.32,16.99,40.98,0.59,-1,-1,-1
362,75,437.34,307.64,36.83,83.75,0.66,-1,-1,-1
362,76,555.30,228.28,22.44,43.26,0.55,-1,-1,-1
362,80,188.11,144.02,20.40,24.74,0.53,-1,-1,-1
362,82,1081.78,335.28,16.01,38.33,0.30,-1,-1,-1
362,59,1188.70,375.63,16.24,41.45,0.49,-1,-1,-1
362,84,121.12,98.18,16.70,33.48,0.52,-1,-1,-1
362,24,225.47,399.27,51.20,73.42,0.27,-1,-1,-1
362,85,121.19,349.88,24.88,41.34,0.57,-1,-1,-1
362,30,211.02,540.36,31.18,69.51,0.54,-1,-1,-1
362,52,216.77,270.09,24.77,32.81,0.52,-1,-1,-1
362,90,157.21,56.18,13.88,23.11,0.60,-1,-1,-1
362,91,24.06,327.13,35.75,61.95,0.60,-1,-1,-1
362,92,347.74,358.52,36.09,95.11,0.75,-1,-1,-1
362,93,38.92,122.13,21.66,50.52,0.49,-1,-1,-1
362,21,196.17,571.05,44.14,91.58,0.55,-1,-1,-1
362,81,183.16,282.61,34.76,50.66,0.53,-1,-1,-1
362,94,51.08,62.97,13.55,25.31,0.53,-1,-1,-1
362,79,584.04,228.57,23.59,41.29,0.30,-1,-1,-1
362,87,89.32,107.80,19.03,41.43,0.41,-1,-1,-1
362,47,390.37,271.03,24.61,39.28,0.28,-1,-1,-1
363,3,262.71,337.61,36.80,85.92,0.62,-1,-1,-1
363,4,365.89,238.13,24.99,59.78,0.60,-1,-1,-1
363,5,242.06,480.91,30.01,57.75,0.37,-1,-1,-1
363,6,223.92,463.60,40.77,78.28,0.39,-1,-1,-1
363,9,541.56,182.23,14.85,34.13,0.49,-1,-1,-1
363,10,297.88,337.67,32.47,88.10,0.66,-1,-1,-1
363,15,581.20,331.10,28.85,61.08,0.53,-1,-1,-1
363,17,581.41,370.05,35.88,90.67,0.72,-1,-1,-1
363,19,946.17,301.13,24.90,36.20,0.38,-1,-1,-1
363,20,204.70,358.96,44.03,54.91,0.51,-1,-1,-1
363,33,627.30,417.07,40.56,103.13,0.83,-1,-1,-1
363,35,658.00,170.03,16.50,35.44,0.58,-1,-1,-1
363,8,235.75,299.61,33.70,39.78,0.51,-1,-1,-1
363,41,570.17,308.70,27.98,71.56,0.67,-1,-1,-1
363,42,749.54,249.23,29.56,56.30,0.50,-1,-1,-1
363,12,619.58,320.89,30.18,78.77,0.67,-1,-1,-1
363,49,195.66,224.60,26.62,60.00,0.57,-1,-1,-1
363,54,486.49,221.32,22.21,60.54,0.69,-1,-1,-1
363,57,682.17,306.23,27.43,67.75,0.47,-1,-1,-1
363,68,169.63,195.70,22.80,55.23,0.51,-1,-1,-1
363,69,238.19,523.81,37.77,83.97,0.49,-1,-1,-1
363,73,263.13,97.75,17.19,36.51,0.61,-1,-1,-1
363,74,356.04,121.40,16.73,40.38,0.57,-1,-1,-1
363,75,437.48,307.11,36.83,84.64,0.65,-1,-1,-1
363,76,555.08,228.10,23.10,44.65,0.55,-1,-1,-1
363,80,189.42,143.44,20.62,24.99,0.49,-1,-1,-1
363,82,1081.92,335.66,15.95,38.13,0.35,-1,-1,-1
363,59,1188.74,375.80,16.07,40.93,0.35,-1,-1,-1
363,84,123.32,97.89,16.91,34.02,0.54,-1,-1,-1
363,24,225.28,398.04,50.75,73.99,0.24,-1,-1,-1
363,85,120.92,349.21,24.69,41.62,0.68,-1,-1,-1
363,30,204.29,540.88,30.68,67.93,0.51,-1,-1,-1
363,52,217.67,269.44,24.92,32.92,0.45,-1,-1,-1
363,90,159.80,55.47,13.36,22.25,0.56,-1,-1,-1
363,91,25.16,326.72,36.02,62.55,0.57,-1,-1,-1
363,92,347.30,358.09,36.02,95.58,0.76,-1,-1,-1
363,93,40.44,118.50,22.98,53.38,0.55,-1,-1,-1
363,21,190.22,558.96,49.55,102.86,0.45,-1,-1,-1
363,81,184.17,282.83,34.05,49.17,0.51,-1,-1,-1
363,94,53.98,62.93,13.36,24.88,0.47,-1,-1,-1
363,79,583.04,226.55,24.29,42.67,0.28,-1,-1,-1
363,87,91.69,107.72,18.87,40.84,0.37,-1,-1,-1
363,47,391.28,270.70,24.44,38.79,0.29,-1,-1,-1
364,3,262.67,337.34,37.01,86.40,0.67,-1,-1,-1
364,4,366.28,237.54,25.19,60.28,0.60,-1,-1,-1
364,5,240.34,479.45,30.71,58.37,0.30,-1,-1,-1
364,6,210.94,466.57,44.88,84.42,0.53,-1,-1,-1
364,9,543.20,181.88,14.77,34.11,0.55,-1,-1,-1
364,10,297.75,337.57,32.62,88.14,0.70,-1,-1,-1
364,15,580.64,331.32,27.98,58.71,0.44,-1,-1,-1
364,17,580.94,369.91,34.76,88.20,0.67,-1,-1,-1
364,19,944.61,301.12,25.88,36.51,0.34,-1,-1,-1
364,20,202.85,358.30,45.44,56.21,0.57,-1,-1,-1
364,33,628.14,416.98,40.56,103.90,0.87,-1,-1,-1
364,35,659.34,170.07,16.29,34.83,0.56,-1,-1,-1
364,8,234.61,298.84,34.40,39.72,0.52,-1,-1,-1
364,41,570.34,307.69,27.73,71.78,0.70,-1,-1,-1
364,42,749.93,248.78,29.73,56.71,0.51,-1,-1,-1
364,12,619.82,322.34,30.11,78.11,0.69,-1,-1,-1
364,49,197.02,224.51,25.65,57.43,0.56,-1,-1,-1
364,54,486.84,221.15,22.03,60.43,0.70,-1,-1,-1
364,57,681.98,304.08,27.84,68.64,0.48,-1,-1,-1
364,68,171.64,195.32,21.92,53.00,0.55,-1,-1,-1
364,69,233.44,517.66,40.26,89.39,0.28,-1,-1,-1
364,73,264.79,96.83,17.18,36.68,0.64,-1,-1,-1
364,74,358.28,121.65,17.07,41.16,0.59,-1,-1,-1
364,75,436.99,307.57,36.66,84.65,0.71,-1,-1,-1
364,76,555.54,228.00,22.81,44.14,0.59,-1,-1,-1
364,80,190.75,143.41,20.63,24.86,0.47,-1,-1,-1
364,82,1082.04,335.65,15.93,37.97,0.32,-1,-1,-1
364,59,1188.55,375.77,16.21,41.39,0.26,-1,-1,-1
364,84,126.00,97.78,16.45,33.23,0.56,-1,-1,-1
364,24,225.62,396.69,50.31,74.65,0.29,-1,-1,-1
364,85,121.38,348.81,24.30,41.41,0.67,-1,-1,-1
364,30,198.82,538.70,31.74,69.23,0.52,-1,-1,-1
364,52,217.66,269.10,25.74,33.92,0.42,-1,-1,-1
364,90,161.31,54.26,14.04,23.61,0.42,-1,-1,-1
364,91,26.41,326.00,35.24,61.02,0.56,-1,-1,-1
364,92,347.13,357.52,35.85,95.83,0.73,-1,-1,-1
364,93,42.17,117.31,23.51,54.27,0.51,-1,-1,-1
364,21,188.91,558.82,49.56,102.10,0.42,-1,-1,-1
364,81,184.48,282.48,35.06,50.43,0.55,-1,-1,-1
364,94,56.18,62.10,13.59,25.34,0.46,-1,-1,-1
364,79,584.27,227.43,23.95,42.52,0.30,-1,-1,-1
364,87,95.00,107.39,18.55,40.54,0.40,-1,-1,-1
364,47,391.63,270.19,24.14,38.26,0.35,-1,-1,-1
365,3,262.39,336.79,37.16,86.78,0.66,-1,-1,-1
365,4,367.04,237.36,25.15,60.15,0.61,-1,-1,-1
365,5,238.95,475.23,32.17,60.80,0.18,-1,-1,-1
365,6,214.07,463.13,42.68,80.85,0.56,-1,-1,-1
365,9,544.73,181.86,14.66,33.81,0.67,-1,-1,-1
365,10,297.25,337.31,33.06,88.47,0.68,-1,-1,-1
365,15,580.20,330.70,27.14,56.98,0.53,-1,-1,-1
365,17,581.09,369.29,34.71,88.70,0.69,-1,-1,-1
365,19,943.97,301.00,26.92,36.88,0.35,-1,-1,-1
365,20,202.01,357.96,46.25,56.76,0.56,-1,-1,-1
365,33,629.22,417.89,40.13,103.61,0.87,-1,-1,-1
365,35,660.31,169.79,16.28,34.63,0.55,-1,-1,-1
365,8,234.98,298.64,34.83,39.47,0.54,-1,-1,-1
365,41,570.08,307.20,27.95,73.01,0.67,-1,-1,-1
365,42,750.71,249.25,29.26,55.58,0.50,-1,-1,-1
365,12,620.57,321.71,30.26,78.56,0.67,-1,-1,-1
365,49,197.76,224.17,25.04,55.89,0.58,-1,-1,-1
365,54,487.26,221.26,21.87,60.34,0.66,-1,-1,-1
365,57,681.11,297.75,33.26,83.22,0.53,-1,-1,-1
365,68,172.46,194.88,22.01,53.17,0.56,-1,-1,-1
365,69,230.93,516.52,40.65,89.80,0.31,-1,-1,-1
365,73,267.41,95.66,17.11,36.66,0.66,-1,-1,-1
365,74,360.89,120.91,16.57,40.00,0.48,-1,-1,-1
365,75,436.26,308.15,36.58,84.73,0.66,-1,-1,-1
365,76,555.81,227.89,22.62,43.77,0.59,-1,-1,-1
365,80,193.15,143.13,20.53,24.84,0.50,-1,-1,-1
365,82,1082.32,336.08,15.74,37.36,0.18,-1,-1,-1
365,59,1188.12,375.59,16.66,42.80,0.39,-1,-1,-1
365,84,128.86,97.89,15.98,32.33,0.50,-1,-1,-1
365,24,219.50,405.51,46.51,65.71,0.37,-1,-1,-1
365,85,122.23,348.83,23.79,41.09,0.64,-1,-1,-1
365,30,190.50,541.32,33.12,69.87,0.54,-1,-1,-1
365,52,216.00,268.48,28.74,37.93,0.44,-1,-1,-1
365,90,163.92,53.40,14.19,24.06,0.44,-1,-1,-1
365,91,27.57,325.13,34.50,59.76,0.55,-1,-1,-1
365,92,346.84,357.01,35.49,95.43,0.72,-1,-1,-1
365,93,43.26,115.61,23.56,53.73,0.38,-1,-1,-1
365,21,187.60,565.73,47.43,94.37,0.30,-1,-1,-1
365,81,185.32,282.55,33.74,47.83,0.57,-1,-1,-1
365,94,58.73,62.33,13.93,25.82,0.47,-1,-1,-1
365,79,585.61,227.12,23.84,42.58,0.30,-1,-1,-1
365,87,96.77,107.44,18.40,40.71,0.44,-1,-1,-1
365,47,391.78,269.92,24.45,38.65,0.33,-1,-1,-1
366,3,262.47,336.59,37.13,86.59,0.65,-1,-1,-1
366,4,367.40,236.73,25.12,60.43,0.59,-1,-1,-1
366,5,229.96,467.67,39.50,76.52,0.31,-1,-1,-1
366,6,210.00,463.22,42.35,80.34,0.56,-1,-1,-1
366,9,545.75,182.06,14.63,33.77,0.64,-1,-1,-1
366,10,296.60,337.07,33.23,88.15,0.68,-1,-1,-1
366,15,579.61,329.99,26.35,55.69,0.58,-1,-1,-1
366,17,581.88,369.89,33.93,86.93,0.66,-1,-1,-1
366,19,941.75,300.88,27.84,37.20,0.39,-1,-1,-1
366,20,202.59,357.14,46.45,57.72,0.54,-1,-1,-1
366,33,630.89,419.11,39.60,102.80,0.83,-1,-1,-1
366,35,661.25,169.85,16.30,34.52,0.59,-1,-1,-1
366,8,238.02,298.10,35.02,39.94,0.53,-1,-1,-1
366,41,570.02,306.96,28.03,74.03,0.61,-1,-1,-1
366,42,751.22,249.09,29.31,55.57,0.51,-1,-1,-1
366,12,620.85,323.46,30.31,78.17,0.69,-1,-1,-1
366,49,198.08,223.93,25.00,55.53,0.54,-1,-1,-1
366,54,488.54,221.07,21.83,60.63,0.67,-1,-1,-1
366,57,680.61,294.31,35.05,89.03,0.59,-1,-1,-1
366,68,172.96,194.49,22.31,53.55,0.52,-1,-1,-1
366,69,226.95,514.54,39.10,86.64,0.35,-1,-1,-1
366,73,269.82,95.68,16.70,35.87,0.64,-1,-1,-1
366,74,364.43,120.50,15.12,36.38,0.48,-1,-1,-1
366,75,436.40,307.16,36.81,85.85,0.65,-1,-1,-1
366,76,556.85,227.66,22.26,43.39,0.51,-1,-1,-1
366,80,194.53,143.21,20.25,24.62,0.52,-1,-1,-1
366,82,1082.28,336.16,16.25,38.62,0.21,-1,-1,-1
366,59,1188.07,375.47,16.72,43.25,0.33,-1,-1,-1
366,84,131.20,97.89,15.91,32.15,0.56,-1,-1,-1
366,24,214.44,398.61,48.71,70.17,0.39,-1,-1,-1
366,85,123.32,348.49,23.64,41.36,0.58,-1,-1,-1
366,30,183.23,543.22,35.11,72.01,0.44,-1,-1,-1
366,52,215.25,267.72,29.79,39.34,0.39,-1,-1,-1
366,90,166.22,53.90,13.45,22.75,0.57,-1,-1,-1
366,91,28.63,324.73,33.89,58.86,0.62,-1,-1,-1
366,92,346.68,356.31,35.12,94.99,0.76,-1,-1,-1
366,93,45.22,115.23,20.24,45.93,0.16,-1,-1,-1
366,21,180.80,554.62,53.14,104.32,0.47,-1,-1,-1
366,81,185.63,282.82,34.02,47.65,0.56,-1,-1,-1
366,94,61.68,62.51,13.87,25.67,0.39,-1,-1,-1
366,79,587.35,228.45,22.84,40.98,0.33,-1,-1,-1
366,87,99.34,106.83,17.06,37.31,0.37,-1,-1,-1
366,47,391.60,269.80,24.51,38.65,0.24,-1,-1,-1
367,3,262.79,336.17,37.17,86.16,0.68,-1,-1,-1
367,4,368.76,237.39,24.51,59.36,0.59,-1,-1,-1
367,5,227.63,465.27,41.79,82.59,0.41,-1,-1,-1
367,6,209.59,463.45,41.70,79.71,0.51,-1,-1,-1
367,9,546.33,181.79,15.29,35.78,0.56,-1,-1,-1
367,10,295.15,336.73,33.70,88.18,0.67,-1,-1,-1
367,15,578.43,328.62,26.89,57.38,0.57,-1,-1,-1
367,17,582.05,369.60,33.76,86.63,0.66,-1,-1,-1
367,19,944.75,301.06,26.95,36.89,0.40,-1,-1,-1
367,20,202.88,356.15,47.09,59.14,0.57,-1,-1,-1
367,33,632.60,419.85,39.68,103.56,0.78,-1,-1,-1
367,35,662.20,170.01,16.28,34.40,0.57,-1,-1,-1
367,8,238.14,297.51,35.33,40.26,0.53,-1,-1,-1
367,41,570.53,305.97,29.17,77.80,0.62,-1,-1,-1
367,42,751.62,249.15,29.31,55.37,0.55,-1,-1,-1
367,12,623.00,323.19,30.56,78.40,0.65,-1,-1,-1
367,49,199.75,223.57,24.78,54.98,0.55,-1,-1,-1
367,54,489.53,220.79,21.63,60.61,0.67,-1,-1,-1
367,57,680.79,294.24,34.81,89.58,0.62,-1,-1,-1
367,68,174.66,194.22,23.24,56.08,0.54,-1,-1,-1
367,69,223.95,516.80,35.35,79.07,0.35,-1,-1,-1
367,73,272.03,95.22,17.04,36.85,0.62,-1,-1,-1
367,74,366.25,120.18,16.20,38.88,0.69,-1,-1,-1
367,75,438.18,308.90,35.60,83.69,0.70,-1,-1,-1
367,76,557.90,227.50,21.86,42.92,0.51,-1,-1,-1
367,80,196.54,142.67,20.52,25.15,0.49,-1,-1,-1
367,82,1082.39,336.32,16.45,39.08,0.23,-1,-1,-1
367,59,1188.31,375.15,16.33,42.55,0.22,-1,-1,-1
367,84,133.57,97.37,15.90,32.15,0.57,-1,-1,-1
367,24,213.49,394.79,54.09,79.19,0.34,-1,-1,-1
367,85,124.75,347.14,24.03,42.06,0.59,-1,-1,-1
367,30,184.56,544.53,32.42,65.81,0.13,-1,-1,-1
367,52,217.66,267.26,28.70,37.96,0.35,-1,-1,-1
367,90,168.57,53.01,13.67,23.03,0.44,-1,-1,-1
367,91,29.50,323.87,33.65,58.66,0.64,-1,-1,-1
367,92,346.75,355.82,34.84,94.68,0.78,-1,-1,-1
367,93,48.51,114.38,17.55,39.59,0.30,-1,-1,-1
367,21,173.28,550.87,52.65,104.52,0.64,-1,-1,-1
367,81,185.96,282.73,34.11,47.29,0.56,-1,-1,-1
367,94,64.71,63.16,13.40,24.49,0.35,-1,-1,-1
367,79,588.53,228.71,22.40,40.32,0.34,-1,-1,-1
367,87,102.71,107.10,16.33,35.35,0.26,-1,-1,-1
367,47,391.90,269.60,24.35,38.34,0.28,-1,-1,-1
368,3,262.71,335.47,37.34,86.27,0.61,-1,-1,-1
368,4,369.87,237.26,23.92,58.28,0.59,-1,-1,-1
368,5,228.71,466.46,40.97,82.39,0.40,-1,-1,-1
368,6,208.44,460.76,42.19,81.01,0.47,-1,-1,-1
368,9,548.00,182.16,15.00,35.17,0.52,-1,-1,-1
368,10,294.00,336.25,34.44,88.75,0.66,-1,-1,-1
368,15,578.14,327.95,26.33,56.51,0.60,-1,-1,-1
368,17,581.84,371.71,32.57,83.65,0.67,-1,-1,-1
368,19,945.58,301.10,26.13,36.71,0.41,-1,-1,-1
368,20,202.95,355.04,46.55,58.81,0.56,-1,-1,-1
368,33,633.29,421.66,39.70,103.91,0.77,-1,-1,-1
368,35,663.10,169.72,16.38,34.45,0.55,-1,-1,-1
368,8,238.29,297.15,35.12,39.75,0.55,-1,-1,-1
368,41,570.60,305.28,28.89,77.77,0.61,-1,-1,-1
368,42,751.70,249.00,29.47,55.51,0.54,-1,-1,-1
368,12,623.08,323.44,30.85,78.04,0.70,-1,-1,-1
368,49,200.69,223.68,24.16,53.18,0.55,-1,-1,-1
368,54,490.13,220.38,21.58,60.94,0.66,-1,-1,-1
368,57,680.72,293.62,34.81,90.94,0.64,-1,-1,-1
368,68,175.83,193.56,23.73,57.81,0.58,-1,-1,-1
368,69,220.02,517.27,34.21,76.54,0.37,-1,-1,-1
368,73,274.35,95.18,16.86,36.72,0.60,-1,-1,-1
368,74,368.50,120.06,16.08,38.60,0.64,-1,-1,-1
368,75,438.80,307.50,36.11,85.32,0.70,-1,-1,-1
368,76,558.78,227.35,21.86,43.11,0.47,-1,-1,-1
368,80,198.35,142.45,20.61,25.14,0.49,-1,-1,-1
368,82,1082.48,336.37,16.58,39.42,0.25,-1,-1,-1
368,59,1188.12,375.32,16.47,43.16,0.25,-1,-1,-1
368,84,135.75,97.02,15.90,32.29,0.56,-1,-1,-1
368,24,216.17,393.69,54.57,82.36,0.38,-1,-1,-1
368,85,126.09,346.15,23.79,41.47,0.64,-1,-1,-1
368,30,185.21,544.10,29.80,59.12,0.25,-1,-1,-1
368,52,220.03,266.70,27.43,36.31,0.37,-1,-1,-1
368,90,169.89,52.98,13.75,23.38,0.32,-1,-1,-1
368,91,29.51,323.28,34.34,59.61,0.66,-1,-1,-1
368,92,346.86,355.19,34.60,94.54,0.77,-1,-1,-1
368,93,50.36,113.65,17.74,39.66,0.31,-1,-1,-1
368,21,168.27,548.78,50.59,101.89,0.54,-1,-1,-1
368,81,185.97,282.14,35.67,49.58,0.46,-1,-1,-1
368,94,67.62,63.22,13.41,24.25,0.50,-1,-1,-1
368,79,589.98,230.97,21.18,37.86,0.42,-1,-1,-1
368,87,104.99,106.46,16.18,34.84,0.27,-1,-1,-1
368,47,393.62,269.65,27.76,44.64,0.49,-1,-1,-1
369,3,262.68,334.96,37.79,86.77,0.61,-1,-1,-1
369,4,370.51,237.03,23.85,58.56,0.61,-1,-1,-1
369,5,234.83,472.18,35.98,71.36,0.42,-1,-1,-1
369,6,206.24,457.48,42.99,82.50,0.57,-1,-1,-1
369,9,549.42,184.01,14.50,34.03,0.57,-1,-1,-1
369,10,293.16,335.89,35.18,89.38,0.65,-1,-1,-1
369,15,577.81,328.64,25.78,55.45,0.63,-1,-1,-1
369,17,582.08,372.81,31.27,80.66,0.66,-1,-1,-1
369,19,945.39,301.19,25.65,36.68,0.39,-1,-1,-1
369,20,203.54,354.38,47.00,60.10,0.56,-1,-1,-1
369,33,632.88,422.08,39.54,102.92,0.76,-1,-1,-1
369,35,663.79,169.58,16.49,34.46,0.53,-1,-1,-1
369,8,239.41,296.66,35.03,39.74,0.49,-1,-1,-1
369,41,569.01,304.88,28.02,75.66,0.58,-1,-1,-1
369,42,751.76,249.03,29.54,55.54,0.56,-1,-1,-1
369,12,621.67,323.45,31.58,78.11,0.70,-1,-1,-1
369,49,201.77,223.06,24.16,52.80,0.57,-1,-1,-1
369,54,490.62,219.93,21.61,61.34,0.65,-1,-1,-1
369,57,680.67,293.65,34.08,90.12,0.67,-1,-1,-1
369,68,176.85,192.93,23.84,58.38,0.63,-1,-1,-1
369,69,216.46,517.70,34.12,75.76,0.37,-1,-1,-1
369,73,276.93,95.09,16.43,35.74,0.62,-1,-1,-1
369,74,371.59,120.22,16.15,38.89,0.61,-1,-1,-1
369,75,438.89,304.93,35.94,85.94,0.75,-1,-1,-1
369,76,559.71,225.99,22.27,43.84,0.41,-1,-1,-1
369,80,199.89,142.19,20.75,25.31,0.50,-1,-1,-1
369,82,1082.57,336.59,16.45,39.02,0.25,-1,-1,-1
369,59,1187.81,375.35,16.66,43.92,0.32,-1,-1,-1
369,84,138.45,96.01,16.29,33.22,0.54,-1,-1,-1
369,24,218.98,403.31,48.26,71.10,0.46,-1,-1,-1
369,85,127.22,345.53,23.50,40.72,0.63,-1,-1,-1
369,30,181.49,537.96,35.18,70.74,0.12,-1,-1,-1
369,52,220.12,266.22,29.26,39.19,0.36,-1,-1,-1
369,90,172.06,52.85,13.81,23.69,0.39,-1,-1,-1
369,91,29.91,322.84,34.54,59.83,0.63,-1,-1,-1
369,92,346.94,354.90,34.37,94.50,0.81,-1,-1,-1
369,93,52.41,112.40,18.82,41.54,0.40,-1,-1,-1
369,21,167.30,549.01,51.05,103.68,0.55,-1,-1,-1
369,81,188.76,281.67,32.78,44.92,0.48,-1,-1,-1
369,94,70.43,62.58,13.78,24.83,0.52,-1,-1,-1
369,79,590.25,230.28,21.63,38.63,0.38,-1,-1,-1
369,87,106.45,105.25,16.61,35.38,0.48,-1,-1,-1
369,47,393.80,269.37,30.65,50.60,0.47,-1,-1,-1
369,95,1.34,147.20,11.12,37.58,0.71,-1,-1,-1
369,96,574.24,217.46,19.84,45.35,0.58,-1,-1,-1
370,3,262.55,334.56,38.05,86.93,0.58,-1,-1,-1
370,4,371.39,236.78,23.18,57.08,0.61,-1,-1,-1
370,5,239.20,473.87,34.17,65.64,0.42,-1,-1,-1
370,6,203.43,458.92,44.91,84.88,0.49,-1,-1,-1
370,9,550.53,185.20,14.16,33.20,0.54,-1,-1,-1
370,10,293.10,335.58,35.59,89.33,0.63,-1,-1,-1
370,15,577.67,328.90,25.69,54.93,0.62,-1,-1,-1
370,17,582.81,371.11,31.61,82.25,0.61,-1,-1,-1
370,19,945.68,301.25,25.04,36.50,0.42,-1,-1,-1
370,20,204.66,353.95,45.95,59.39,0.50,-1,-1,-1
370,33,633.20,422.98,39.06,100.36,0.77,-1,-1,-1
370,35,665.47,169.49,16.24,33.78,0.53,-1,-1,-1
370,8,240.96,295.99,34.97,40.10,0.53,-1,-1,-1
370,41,567.91,304.69,26.54,71.79,0.58,-1,-1,-1
370,42,751.94,248.84,29.67,55.63,0.57,-1,-1,-1
370,12,621.02,323.76,32.07,77.74,0.67,-1,-1,-1
370,49,202.92,222.12,24.41,53.22,0.59,-1,-1,-1
370,54,490.71,219.59,21.55,61.13,0.69,-1,-1,-1
370,57,680.86,294.04,33.12,88.42,0.67,-1,-1,-1
370,68,178.21,192.58,23.17,56.76,0.60,-1,-1,-1
370,69,214.38,517.93,34.19,75.83,0.43,-1,-1,-1
370,73,279.59,95.18,16.14,35.25,0.69,-1,-1,-1
370,74,373.62,120.22,16.46,39.85,0.62,-1,-1,-1
370,75,438.86,303.01,37.60,90.66,0.66,-1,-1,-1
370,76,560.21,225.43,22.53,44.31,0.39,-1,-1,-1
370,80,202.21,141.79,20.51,25.21,0.51,-1,-1,-1
370,82,1082.55,336.81,16.39,38.76,0.23,-1,-1,-1
370,59,1187.54,374.25,17.68,46.39,0.27,-1,-1,-1
370,84,140.91,96.63,15.82,32.22,0.65,-1,-1,-1
370,24,217.74,396.38,51.76,76.91,0.48,-1,-1,-1
370,85,127.70,344.81,23.67,40.82,0.62,-1,-1,-1
370,52,220.28,265.79,28.58,38.07,0.37,-1,-1,-1
370,90,173.53,52.77,13.95,24.19,0.46,-1,-1,-1
370,91,30.49,322.11,34.78,60.23,0.64,-1,-1,-1
370,92,346.93,354.96,34.20,94.28,0.82,-1,-1,-1
370,93,52.45,111.54,18.89,41.68,0.21,-1,-1,-1
370,21,163.95,546.10,52.40,106.71,0.52,-1,-1,-1
370,81,189.99,281.09,31.76,43.10,0.56,-1,-1,-1
370,94,72.60,61.74,14.24,25.63,0.49,-1,-1,-1
370,79,591.71,229.58,21.92,39.49,0.37,-1,-1,-1
370,87,107.37,104.62,18.43,38.86,0.34,-1,-1,-1
370,47,394.50,269.41,28.06,47.17,0.23,-1,-1,-1
370,95,2.43,147.76,11.21,37.50,0.67,-1,-1,-1
370,96,574.05,218.91,19.65,44.94,0.51,-1,-1,-1
371,3,262.70,333.50,38.24,87.22,0.58,-1,-1,-1
371,4,372.53,236.64,23.50,57.98,0.62,-1,-1,-1
371,5,233.11,470.16,38.37,75.30,0.31,-1,-1,-1
371,6,202.11,459.50,46.72,87.22,0.42,-1,-1,-1
371,9,551.08,184.79,14.81,34.83,0.60,-1,-1,-1
371,10,293.17,334.32,36.04,89.94,0.59,-1,-1,-1
371,15,576.93,327.96,26.25,55.70,0.56,-1,-1,-1
371,17,582.80,370.07,31.91,83.63,0.58,-1,-1,-1
371,19,946.38,301.57,24.36,36.16,0.39,-1,-1,-1
371,20,204.67,353.47,43.17,55.40,0.55,-1,-1,-1
371,33,633.10,423.52,39.23,99.72,0.79,-1,-1,-1
371,35,666.80,169.57,16.08,33.47,0.53,-1,-1,-1
371,8,240.58,295.92,35.04,40.03,0.55,-1,-1,-1
371,41,567.57,304.61,25.87,69.92,0.60,-1,-1,-1
371,42,752.07,248.39,29.84,55.83,0.55,-1,-1,-1
371,12,621.57,323.79,32.53,78.04,0.66,-1,-1,-1
371,49,204.18,221.36,25.24,54.96,0.59,-1,-1,-1
371,54,491.15,219.51,21.49,60.78,0.68,-1,-1,-1
371,57,681.22,296.51,31.91,85.81,0.67,-1,-1,-1
371,68,178.59,192.06,23.46,57.28,0.56,-1,-1,-1
371,69,215.83,517.48,34.81,76.45,0.28,-1,-1,-1
371,73,281.69,94.55,16.03,35.05,0.59,-1,-1,-1
371,74,375.67,120.08,16.21,39.13,0.67,-1,-1,-1
371,75,440.38,308.86,36.12,87.60,0.64,-1,-1,-1
371,76,560.45,225.43,22.84,45.15,0.40,-1,-1,-1
371,80,204.09,141.64,20.02,24.60,0.50,-1,-1,-1
371,82,1082.79,337.17,16.10,38.05,0.43,-1,-1,-1
371,59,1187.44,374.13,17.93,46.95,0.22,-1,-1,-1
371,84,143.00,96.31,15.88,32.31,0.58,-1,-1,-1
371,24,216.86,393.66,52.76,79.23,0.49,-1,-1,-1
371,85,128.39,344.70,23.14,39.69,0.60,-1,-1,-1
371,52,219.99,265.65,28.23,37.42,0.42,-1,-1,-1
371,90,175.85,52.04,14.21,24.69,0.53,-1,-1,-1
371,91,31.81,321.32,34.59,60.17,0.62,-1,-1,-1
371,92,346.63,354.74,34.27,94.45,0.81,-1,-1,-1
371,93,55.25,111.42,21.77,48.02,0.46,-1,-1,-1
371,21,159.81,545.39,50.26,104.52,0.42,-1,-1,-1
371,81,189.61,280.51,32.59,44.10,0.48,-1,-1,-1
371,94,75.16,61.78,14.48,26.04,0.48,-1,-1,-1
371,79,593.39,229.94,21.60,39.24,0.43,-1,-1,-1
371,87,111.37,105.67,17.44,36.85,0.27,-1,-1,-1
371,47,394.20,268.56,34.48,59.84,0.49,-1,-1,-1
371,95,2.54,145.45,11.76,38.86,0.67,-1,-1,-1
371,96,573.48,221.04,19.46,44.42,0.48,-1,-1,-1
372,3,262.93,333.05,38.07,86.54,0.53,-1,-1,-1
372,4,373.78,236.68,23.04,56.71,0.62,-1,-1,-1
372,5,236.65,470.55,35.66,67.52,0.38,-1,-1,-1
372,6,201.00,459.61,47.64,87.69,0.40,-1,-1,-1
372,9,552.00,184.59,14.92,35.21,0.64,-1,-1,-1
372,10,293.43,333.70,36.19,89.80,0.56,-1,-1,-1
372,15,576.70,327.75,26.56,55.87,0.50,-1,-1,-1
372,17,583.03,368.63,32.26,84.76,0.53,-1,-1,-1
372,19,947.15,301.56,23.96,36.18,0.39,-1,-1,-1
372,20,205.01,352.96,42.47,54.06,0.51,-1,-1,-1
372,33,633.10,423.67,39.97,100.66,0.77,-1,-1,-1
372,35,667.81,169.41,16.05,33.28,0.61,-1,-1,-1
372,8,240.84,295.14,35.11,40.15,0.52,-1,-1,-1
372,41,567.26,304.55,25.45,69.05,0.62,-1,-1,-1
372,42,752.27,248.71,29.45,55.25,0.53,-1,-1,-1
372,12,621.99,324.39,32.26,77.66,0.63,-1,-1,-1
372,49,205.10,220.47,25.83,56.31,0.60,-1,-1,-1
372,54,491.84,219.25,21.48,60.75,0.66,-1,-1,-1
372,57,681.21,297.86,31.37,84.82,0.62,-1,-1,-1
372,68,180.45,191.34,23.90,58.67,0.49,-1,-1,-1
372,69,212.84,516.75,34.12,75.90,0.28,-1,-1,-1
372,73,284.17,94.41,15.69,34.34,0.62,-1,-1,-1
372,74,378.53,120.37,16.23,39.10,0.60,-1,-1,-1
372,75,441.50,314.28,33.36,80.97,0.70,-1,-1,-1
372,76,561.24,225.48,22.63,44.75,0.41,-1,-1,-1
372,80,205.74,141.37,20.17,24.54,0.48,-1,-1,-1
372,82,1082.94,337.27,16.10,38.04,0.40,-1,-1,-1
372,59,1187.27,374.35,18.05,47.20,0.23,-1,-1,-1
372,84,145.93,96.75,15.46,31.48,0.46,-1,-1,-1
372,24,217.92,395.16,49.17,72.90,0.50,-1,-1,-1
372,85,129.00,343.04,23.77,40.71,0.60,-1,-1,-1
372,52,219.43,265.37,28.81,38.29,0.35,-1,-1,-1
372,90,177.58,51.99,13.98,24.81,0.59,-1,-1,-1
372,91,32.35,319.81,34.48,60.33,0.57,-1,-1,-1
372,92,346.42,354.48,34.12,94.02,0.78,-1,-1,-1
372,93,57.59,111.06,22.54,49.77,0.46,-1,-1,-1
372,21,158.07,543.84,50.02,105.40,0.33,-1,-1,-1
372,81,188.08,280.30,38.52,53.08,0.46,-1,-1,-1
372,94,77.25,61.19,14.80,26.63,0.39,-1,-1,-1
372,79,594.52,230.19,21.21,38.72,0.48,-1,-1,-1
372,87,112.51,105.58,18.39,39.20,0.52,-1,-1,-1
372,47,395.23,267.13,37.49,66.99,0.45,-1,-1,-1
372,95,2.99,143.07,12.68,41.16,0.63,-1,-1,-1
372,96,573.73,223.64,18.97,43.15,0.48,-1,-1,-1
373,3,263.11,332.66,37.96,85.92,0.56,-1,-1,-1
373,4,374.94,236.57,22.31,54.69,0.56,-1,-1,-1
373,5,238.42,469.38,32.76,58.90,0.40,-1,-1,-1
373,6,199.03,466.45,48.33,86.09,0.43,-1,-1,-1
373,9,553.05,184.92,14.75,34.81,0.66,-1,-1,-1
373,10,293.21,332.99,36.21,89.65,0.55,-1,-1,-1
373,15,577.15,327.87,26.26,54.96,0.48,-1,-1,-1
373,17,581.51,365.00,33.81,88.89,0.60,-1,-1,-1
373,19,947.57,301.79,23.26,35.82,0.40,-1,-1,-1
373,20,205.17,352.49,42.62,53.91,0.49,-1,-1,-1
373,33,634.92,424.45,39.96,100.31,0.76,-1,-1,-1
373,35,668.46,169.41,16.11,33.23,0.63,-1,-1,-1
373,8,242.93,295.72,33.94,38.84,0.47,-1,-1,-1
373,41,566.87,304.38,25.46,69.58,0.67,-1,-1,-1
373,42,752.27,248.85,29.33,55.31,0.52,-1,-1,-1
373,12,622.33,325.15,31.92,77.25,0.63,-1,-1,-1
373,49,205.82,220.36,26.60,57.87,0.55,-1,-1,-1
373,54,492.60,219.12,21.46,60.78,0.65,-1,-1,-1
373,57,683.34,297.27,29.86,80.56,0.63,-1,-1,-1
373,68,183.49,191.02,22.73,56.25,0.44,-1,-1,-1
373,69,207.78,514.66,35.35,77.95,0.29,-1,-1,-1
373,73,286.86,94.78,15.48,34.01,0.71,-1,-1,-1
373,74,380.92,120.13,16.34,39.37,0.64,-1,-1,-1
373,75,442.38,318.47,31.36,76.07,0.73,-1,-1,-1
373,76,563.70,225.40,22.66,44.39,0.48,-1,-1,-1
373,80,207.41,141.22,20.65,24.93,0.54,-1,-1,-1
373,82,1083.17,337.58,15.96,37.77,0.29,-1,-1,-1
373,59,1187.24,375.52,17.73,46.25,0.22,-1,-1,-1
373,84,148.03,96.20,15.69,31.97,0.57,-1,-1,-1
373,24,217.57,394.44,48.44,71.51,0.47,-1,-1,-1
373,85,129.35,342.11,24.58,42.18,0.59,-1,-1,-1
373,52,218.19,264.81,34.45,47.00,0.29,-1,-1,-1
373,90,179.91,53.12,14.07,25.36,0.54,-1,-1,-1
373,91,33.08,319.25,34.38,60.54,0.60,-1,-1,-1
373,92,346.37,354.29,33.99,93.80,0.76,-1,-1,-1
373,93,59.91,108.43,23.66,52.78,0.53,-1,-1,-1
373,21,157.35,542.34,50.20,106.23,0.54,-1,-1,-1
373,81,188.84,278.98,40.07,56.34,0.44,-1,-1,-1
373,94,80.20,61.77,14.08,25.09,0.40,-1,-1,-1
373,79,595.14,230.12,21.19,38.82,0.43,-1,-1,-1
373,87,114.13,104.83,18.67,39.91,0.55,-1,-1,-1
373,47,396.42,266.35,38.63,70.64,0.47,-1,-1,-1
373,95,3.74,142.39,13.28,41.94,0.72,-1,-1,-1
374,3,263.04,331.87,37.89,85.48,0.52,-1,-1,-1
374,4,375.22,236.74,23.80,58.29,0.58,-1,-1,-1
374,5,237.93,468.20,32.16,54.92,0.36,-1,-1,-1
374,6,196.89,469.83,49.24,85.45,0.46,-1,-1,-1
374,9,554.12,184.57,14.67,34.49,0.63,-1,-1,-1
374,10,292.84,332.34,36.29,89.53,0.55,-1,-1,-1
374,15,577.43,328.45,26.16,54.71,0.51,-1,-1,-1
374,17,582.37,365.26,33.63,88.38,0.57,-1,-1,-1
374,19,947.93,301.81,22.84,35.77,0.42,-1,-1,-1
374,20,205.43,352.14,42.53,53.44,0.45,-1,-1,-1
374,33,637.09,424.45,40.41,101.21,0.77,-1,-1,-1
374,35,669.69,169.53,16.12,33.14,0.59,-1,-1,-1
374,8,245.53,295.36,33.50,39.00,0.57,-1,-1,-1
374,41,566.69,304.25,25.47,70.04,0.65,-1,-1,-1
374,42,752.52,248.90,29.30,55.44,0.53,-1,-1,-1
374,12,622.97,326.05,31.74,77.33,0.60,-1,-1,-1
374,49,206.31,220.13,28.66,62.17,0.58,-1,-1,-1
374,54,493.15,218.89,21.51,60.91,0.61,-1,-1,-1
374,57,683.73,295.53,29.80,80.26,0.61,-1,-1,-1
374,68,185.36,190.48,21.94,54.02,0.36,-1,-1,-1
374,69,201.05,516.51,37.08,82.25,0.44,-1,-1,-1
374,73,289.17,94.83,15.46,34.11,0.69,-1,-1,-1
374,74,383.12,120.18,16.36,39.17,0.65,-1,-1,-1
374,75,443.25,321.82,30.17,73.29,0.72,-1,-1,-1
374,76,566.26,225.49,22.43,43.94,0.51,-1,-1,-1
374,80,209.36,140.54,20.86,25.26,0.58,-1,-1,-1
374,82,1083.39,337.50,15.98,37.95,0.22,-1,-1,-1
374,59,1187.42,376.62,17.39,45.42,0.19,-1,-1,-1
374,84,150.13,96.07,15.48,31.56,0.62,-1,-1,-1
374,24,216.71,393.73,48.83,71.39,0.46,-1,-1,-1
374,85,129.76,341.73,24.95,42.73,0.61,-1,-1,-1
374,52,216.69,263.89,39.70,55.35,0.30,-1,-1,-1
374,90,181.66,52.68,14.04,25.58,0.57,-1,-1,-1
374,91,34.10,318.88,34.30,60.42,0.58,-1,-1,-1
374,92,345.99,354.15,33.90,93.44,0.73,-1,-1,-1
374,93,62.67,106.87,21.34,47.96,0.35,-1,-1,-1
374,21,155.44,540.21,50.33,107.18,0.66,-1,-1,-1
374,81,191.89,278.96,38.38,55.09,0.47,-1,-1,-1
374,94,83.15,61.66,13.92,24.59,0.44,-1,-1,-1
374,79,595.50,230.89,20.78,38.06,0.45,-1,-1,-1
374,87,117.30,104.77,18.29,39.11,0.43,-1,-1,-1
374,47,397.38,267.13,36.18,67.33,0.43,-1,-1,-1
374,95,4.74,143.03,13.39,40.77,0.75,-1,-1,-1
375,3,263.86,331.57,38.01,85.98,0.53,-1,-1,-1
375,4,375.58,236.65,24.50,60.01,0.63,-1,-1,-1
375,5,238.05,467.98,32.15,52.56,0.39,-1,-1,-1
375,6,196.32,470.39,49.85,84.34,0.34,-1,-1,-1
375,9,554.92,184.02,14.75,34.55,0.63,-1,-1,-1
375,10,292.73,332.02,36.31,89.49,0.56,-1,-1,-1
375,15,576.40,327.72,26.73,56.21,0.46,-1,-1,-1
375,17,583.68,366.03,33.38,87.71,0.65,-1,-1,-1
375,19,948.59,301.90,22.48,35.74,0.44,-1,-1,-1
375,20,204.88,351.51,42.79,53.39,0.44,-1,-1,-1
375,33,641.26,424.85,40.47,100.84,0.73,-1,-1,-1
375,35,670.85,169.73,16.30,33.33,0.58,-1,-1,-1
375,8,247.18,294.89,33.06,39.16,0.58,-1,-1,-1
375,41,567.16,304.31,25.81,70.79,0.62,-1,-1,-1
375,42,752.94,249.12,28.87,54.99,0.50,-1,-1,-1
375,12,622.13,325.28,32.11,79.67,0.57,-1,-1,-1
375,49,208.18,220.06,27.19,58.76,0.60,-1,-1,-1
375,54,494.24,218.67,21.58,61.48,0.59,-1,-1,-1
375,57,683.71,294.00,29.90,80.44,0.61,-1,-1,-1
375,68,187.94,190.96,20.32,50.14,0.50,-1,-1,-1
375,69,193.16,518.35,46.78,105.56,0.32,-1,-1,-1
375,73,291.60,94.70,15.34,33.85,0.68,-1,-1,-1
375,74,385.38,120.27,16.19,38.57,0.59,-1,-1,-1
375,75,444.45,323.79,30.53,74.58,0.69,-1,-1,-1
375,76,568.44,226.07,22.32,43.93,0.48,-1,-1,-1
375,80,211.18,140.83,20.22,24.50,0.54,-1,-1,-1
375,82,1083.74,337.69,16.00,38.05,0.28,-1,-1,-1
375,59,1186.46,377.68,17.68,46.40,0.25,-1,-1,-1
375,84,152.09,95.89,15.38,31.32,0.64,-1,-1,-1
375,24,216.47,394.75,47.47,67.85,0.50,-1,-1,-1
375,85,130.59,342.14,23.80,40.80,0.61,-1,-1,-1
375,52,219.01,263.29,36.74,52.39,0.36,-1,-1,-1
375,90,183.98,52.30,13.10,23.94,0.62,-1,-1,-1
375,91,35.19,318.18,34.54,60.71,0.59,-1,-1,-1
375,92,345.90,353.72,33.78,93.09,0.78,-1,-1,-1
375,93,63.75,105.52,20.44,45.83,0.53,-1,-1,-1
375,21,150.57,540.11,48.98,105.84,0.62,-1,-1,-1
375,81,194.15,279.29,34.37,49.08,0.41,-1,-1,-1
375,94,86.38,61.03,14.19,25.14,0.52,-1,-1,-1
375,79,595.63,229.96,21.30,39.23,0.43,-1,-1,-1
375,87,119.79,104.74,18.33,39.33,0.37,-1,-1,-1
375,47,399.18,267.53,36.59,69.23,0.51,-1,-1,-1
375,95,6.41,143.42,13.73,40.29,0.63,-1,-1,-1
376,3,264.32,331.66,37.72,85.57,0.54,-1,-1,-1
376,4,375.99,236.63,24.68,60.51,0.60,-1,-1,-1
376,5,237.03,465.67,32.97,51.59,0.35,-1,-1,-1
376,6,192.56,475.42,49.45,84.23,0.17,-1,-1,-1
376,9,556.84,184.76,15.29,35.73,0.52,-1,-1,-1
376,10,292.90,331.64,36.26,89.47,0.55,-1,-1,-1
376,15,575.27,328.67,27.49,57.69,0.54,-1,-1,-1
376,17,584.53,366.68,33.56,87.81,0.60,-1,-1,-1
376,19,947.39,301.88,22.51,35.93,0.42,-1,-1,-1
376,20,206.52,351.13,45.66,57.88,0.44,-1,-1,-1
376,33,643.79,424.42,41.89,103.49,0.73,-1,-1,-1
376,35,671.73,169.59,16.46,33.55,0.54,-1,-1,-1
376,8,248.57,294.65,32.17,38.78,0.51,-1,-1,-1
376,41,567.25,304.21,26.35,71.61,0.66,-1,-1,-1
376,42,753.26,249.26,28.43,54.55,0.50,-1,-1,-1
376,12,623.50,328.23,30.63,76.88,0.55,-1,-1,-1
376,49,208.94,219.97,27.44,59.42,0.62,-1,-1,-1
376,54,495.59,218.78,21.56,61.21,0.62,-1,-1,-1
376,57,683.95,292.67,29.37,78.74,0.55,-1,-1,-1
376,68,189.87,190.38,19.69,47.85,0.59,-1,-1,-1
376,69,194.01,516.77,41.89,93.85,0.50,-1,-1,-1
376,73,294.07,94.47,15.36,33.78,0.65,-1,-1,-1
376,74,387.87,120.60,16.12,38.41,0.59,-1,-1,-1
376,75,444.96,324.08,30.59,75.09,0.70,-1,-1,-1
376,76,570.19,226.45,22.19,43.46,0.49,-1,-1,-1
376,80,212.93,140.81,20.08,24.25,0.59,-1,-1,-1
376,82,1083.80,337.82,15.95,38.00,0.36,-1,-1,-1
376,59,1187.06,377.90,17.38,45.57,0.20,-1,-1,-1
376,84,154.53,95.62,15.74,32.14,0.57,-1,-1,-1
376,24,212.44,392.60,48.42,69.13,0.22,-1,-1,-1
376,85,131.49,342.48,22.53,38.96,0.57,-1,-1,-1
376,90,186.01,52.75,12.69,23.26,0.63,-1,-1,-1
376,91,36.17,317.58,34.67,60.63,0.62,-1,-1,-1
376,92,345.49,352.93,33.74,93.03,0.74,-1,-1,-1
376,93,65.77,104.51,20.15,44.97,0.53,-1,-1,-1
376,21,148.39,540.24,48.02,105.15,0.60,-1,-1,-1
376,81,197.39,279.59,29.72,41.91,0.38,-1,-1,-1
376,94,88.49,59.81,14.61,26.03,0.51,-1,-1,-1
376,87,121.91,104.00,17.59,37.60,0.49,-1,-1,-1
376,47,400.18,267.54,36.50,70.18,0.57,-1,-1,-1
376,95,8.49,144.38,13.92,39.45,0.68,-1,-1,-1
377,3,263.84,331.07,37.37,84.46,0.51,-1,-1,-1
377,4,376.38,236.76,24.47,59.98,0.60,-1,-1,-1
377,5,237.26,465.73,32.08,48.52,0.36,-1,-1,-1
377,6,198.77,465.93,47.50,78.01,0.50,-1,-1,-1
377,9,558.47,185.05,14.77,34.20,0.50,-1,-1,-1
377,10,293.71,330.91,35.96,89.23,0.56,-1,-1,-1
377,15,574.38,327.80,28.82,60.54,0.55,-1,-1,-1
377,17,587.27,367.67,34.10,88.94,0.66,-1,-1,-1
377,19,947.50,301.78,22.36,36.08,0.43,-1,-1,-1
377,20,211.85,350.90,44.86,58.59,0.47,-1,-1,-1
377,33,645.74,424.39,42.52,103.56,0.75,-1,-1,-1
377,35,672.49,169.10,16.66,33.81,0.52,-1,-1,-1
377,8,249.53,294.34,31.51,38.69,0.44,-1,-1,-1
377,41,567.08,304.14,27.01,72.61,0.65,-1,-1,-1
377,42,751.08,249.53,28.28,54.59,0.14,-1,-1,-1
377,12,622.33,329.86,29.88,76.01,0.57,-1,-1,-1
377,49,209.73,219.41,27.65,60.37,0.67,-1,-1,-1
377,54,496.48,218.73,21.59,61.20,0.64,-1,-1,-1
377,57,684.03,292.33,29.17,78.07,0.48,-1,-1,-1
377,68,191.43,190.21,19.95,48.00,0.58,-1,-1,-1
377,69,192.04,518.01,45.22,101.73,0.23,-1,-1,-1
377,73,296.96,94.31,15.34,33.97,0.71,-1,-1,-1
377,74,389.98,120.31,15.98,38.24,0.56,-1,-1,-1
377,75,445.08,324.66,30.68,75.59,0.68,-1,-1,-1
377,76,570.78,226.39,22.47,43.81,0.47,-1,-1,-1
377,80,215.20,140.74,19.77,23.86,0.60,-1,-1,-1
377,82,1083.79,338.00,15.91,37.91,0.37,-1,-1,-1
377,59,1187.32,377.91,17.38,45.48,0.19,-1,-1,-1
377,84,157.08,95.28,15.86,32.37,0.72,-1,-1,-1
377,24,215.08,392.39,47.90,67.17,0.46,-1,-1,-1
377,85,131.96,341.55,22.27,38.85,0.56,-1,-1,-1
377,90,188.51,52.78,12.81,23.37,0.47,-1,-1,-1
377,91,37.09,316.93,34.76,60.35,0.61,-1,-1,-1
377,92,345.56,352.53,33.55,92.63,0.78,-1,-1,-1
377,93,68.43,103.95,19.20,42.36,0.45,-1,-1,-1
377,21,146.88,541.30,47.27,103.81,0.36,-1,-1,-1
377,81,196.14,278.71,33.02,46.72,0.38,-1,-1,-1
377,94,91.15,59.45,14.68,26.21,0.53,-1,-1,-1
377,87,123.49,103.44,18.02,37.93,0.47,-1,-1,-1
377,47,400.88,267.54,35.81,69.77,0.61,-1,-1,-1
377,95,10.46,143.44,14.98,41.36,0.72,-1,-1,-1
378,3,263.70,330.48,37.29,83.99,0.55,-1,-1,-1
378,4,376.34,236.44,24.63,60.41,0.56,-1,-1,-1
378,5,234.13,464.70,32.21,48.08,0.25,-1,-1,-1
378,6,200.41,457.56,48.51,79.06,0.62,-1,-1,-1
378,9,559.53,184.82,14.65,33.66,0.55,-1,-1,-1
378,10,295.05,331.04,33.14,82.22,0.56,-1,-1,-1
378,15,574.05,329.41,30.39,64.39,0.55,-1,-1,-1
378,17,589.54,368.34,34.58,89.87,0.69,-1,-1,-1
378,19,948.85,301.84,21.69,35.56,0.42,-1,-1,-1
378,20,213.61,350.56,44.93,60.28,0.46,-1,-1,-1
378,33,647.52,424.73,43.06,103.95,0.81,-1,-1,-1
378,35,674.71,169.03,16.57,33.82,0.53,-1,-1,-1
378,8,249.91,293.84,31.09,38.81,0.43,-1,-1,-1
378,41,566.56,304.19,26.93,71.91,0.65,-1,-1,-1
378,42,753.69,249.01,28.12,54.72,0.49,-1,-1,-1
378,12,621.99,331.25,28.94,74.55,0.55,-1,-1,-1
378,49,210.68,218.91,27.18,59.86,0.68,-1,-1,-1
378,54,497.08,218.59,21.60,61.05,0.70,-1,-1,-1
378,57,683.35,291.90,30.36,81.20,0.56,-1,-1,-1
378,68,192.33,190.42,20.74,50.07,0.47,-1,-1,-1
378,73,299.35,93.66,14.94,33.00,0.62,-1,-1,-1
378,74,391.90,119.62,15.96,38.45,0.58,-1,-1,-1
378,75,443.63,326.61,31.19,76.04,0.65,-1,-1,-1
378,76,571.10,226.30,22.32,43.25,0.50,-1,-1,-1
378,80,217.67,140.52,19.75,23.79,0.56,-1,-1,-1
378,82,1083.91,337.94,15.82,37.89,0.31,-1,-1,-1
378,59,1187.41,378.21,17.23,45.01,0.20,-1,-1,-1
378,84,159.07,94.93,15.91,32.48,0.65,-1,-1,-1
378,24,215.95,391.27,48.17,67.01,0.49,-1,-1,-1
378,85,133.47,339.87,22.97,40.16,0.52,-1,-1,-1
378,90,190.39,52.30,12.58,22.99,0.61,-1,-1,-1
378,91,37.77,316.67,34.74,59.85,0.60,-1,-1,-1
378,92,345.30,351.79,33.64,93.37,0.77,-1,-1,-1
378,93,70.18,102.85,20.94,46.69,0.52,-1,-1,-1
378,21,146.44,542.05,46.77,102.24,0.52,-1,-1,-1
378,81,197.11,279.17,30.61,42.45,0.42,-1,-1,-1
378,94,94.11,59.21,14.69,26.25,0.51,-1,-1,-1
378,87,127.90,104.14,15.00,30.74,0.36,-1,-1,-1
378,47,401.43,267.00,35.58,70.30,0.60,-1,-1,-1
378,95,12.83,143.18,15.25,40.98,0.67,-1,-1,-1
379,3,263.57,329.83,37.06,83.55,0.54,-1,-1,-1
379,4,376.45,236.06,24.76,61.02,0.53,-1,-1,-1
379,5,231.32,463.40,32.15,47.57,0.25,-1,-1,-1
379,6,201.40,454.89,48.49,77.31,0.67,-1,-1,-1
379,9,560.24,184.75,14.90,34.22,0.60,-1,-1,-1
379,10,295.42,330.80,32.02,79.38,0.57,-1,-1,-1
379,15,574.50,329.77,30.77,65.97,0.55,-1,-1,-1
379,17,591.10,368.45,34.98,89.73,0.72,-1,-1,-1
379,19,949.05,301.60,22.49,36.22,0.42,-1,-1,-1
379,20,210.52,350.04,41.45,54.69,0.47,-1,-1,-1
379,33,648.94,425.18,43.00,103.58,0.82,-1,-1,-1
379,35,675.68,169.00,16.81,34.43,0.57,-1,-1,-1
379,8,250.87,293.36,29.83,37.71,0.48,-1,-1,-1
379,41,566.07,304.19,27.17,72.10,0.64,-1,-1,-1
379,42,754.41,248.81,27.80,54.60,0.50,-1,-1,-1
379,12,622.01,329.38,29.21,76.13,0.52,-1,-1,-1
379,49,211.79,218.36,26.54,58.64,0.70,-1,-1,-1
379,54,497.78,218.28,21.77,61.43,0.72,-1,-1,-1
379,57,680.69,296.66,30.43,80.65,0.56,-1,-1,-1
379,68,194.35,189.77,21.58,52.74,0.49,-1,-1,-1
379,73,301.61,92.54,15.45,34.02,0.60,-1,-1,-1
379,74,394.35,119.42,15.78,38.02,0.55,-1,-1,-1
379,75,443.65,327.08,30.82,75.30,0.71,-1,-1,-1
379,76,570.86,225.94,22.27,43.19,0.56,-1,-1,-1
379,80,219.29,139.74,19.93,24.07,0.51,-1,-1,-1
379,82,1084.62,337.72,15.85,38.05,0.19,-1,-1,-1
379,59,1187.39,378.22,16.98,44.36,0.18,-1,-1,-1
379,84,161.74,95.46,15.35,31.31,0.61,-1,-1,-1
379,24,215.77,390.28,48.58,66.75,0.48,-1,-1,-1
379,85,134.26,338.13,23.68,41.35,0.48,-1,-1,-1
379,90,192.77,52.58,11.82,21.33,0.61,-1,-1,-1
379,91,38.00,315.48,35.13,60.17,0.57,-1,-1,-1
379,92,344.87,351.05,33.76,93.98,0.75,-1,-1,-1
379,93,71.23,102.07,21.66,48.28,0.53,-1,-1,-1
379,21,150.80,547.79,45.10,95.38,0.42,-1,-1,-1
379,81,195.31,277.04,36.38,51.45,0.41,-1,-1,-1
379,94,96.62,58.39,14.84,26.67,0.62,-1,-1,-1
379,87,129.19,103.86,17.41,36.06,0.50,-1,-1,-1
379,47,402.56,266.06,35.10,70.42,0.54,-1,-1,-1
379,95,14.44,142.15,15.87,41.73,0.61,-1,-1,-1
380,3,263.80,329.22,37.16,83.65,0.51,-1,-1,-1
380,4,378.00,236.21,24.35,60.03,0.55,-1,-1,-1
380,5,231.93,464.62,31.59,46.30,0.14,-1,-1,-1
380,6,201.73,453.93,49.90,78.02,0.69,-1,-1,-1
380,9,560.98,183.73,14.92,34.35,0.61,-1,-1,-1
380,10,295.29,330.62,31.60,78.25,0.55,-1,-1,-1
380,15,575.70,329.89,31.43,68.34,0.59,-1,-1,-1
380,17,592.51,369.07,35.01,89.21,0.73,-1,-1,-1
380,19,950.07,301.77,22.14,35.98,0.40,-1,-1,-1
380,20,212.51,349.68,44.78,60.48,0.46,-1,-1,-1
380,33,650.48,425.14,43.03,103.41,0.81,-1,-1,-1
380,35,676.38,168.48,16.81,34.41,0.57,-1,-1,-1
380,8,251.14,292.49,29.57,37.91,0.54,-1,-1,-1
380,41,565.91,303.96,26.94,71.35,0.64,-1,-1,-1
380,42,755.04,248.79,27.46,54.47,0.53,-1,-1,-1
380,12,621.28,329.16,29.29,76.66,0.56,-1,-1,-1
380,49,212.73,217.85,26.39,58.26,0.68,-1,-1,-1
380,54,498.47,217.81,21.84,61.62,0.73,-1,-1,-1
380,57,678.82,297.64,30.95,81.38,0.57,-1,-1,-1
380,68,195.79,189.11,21.49,52.95,0.49,-1,-1,-1
380,73,304.37,93.28,15.06,33.07,0.70,-1,-1,-1
380,74,396.97,119.12,15.50,37.45,0.61,-1,-1,-1
380,75,443.81,329.88,29.52,71.96,0.61,-1,-1,-1
380,76,570.84,225.01,22.63,43.82,0.56,-1,-1,-1
380,80,221.00,139.12,20.04,24.28,0.50,-1,-1,-1
380,82,1084.86,337.77,15.88,38.21,0.21,-1,-1,-1
380,84,164.04,95.39,15.17,30.73,0.63,-1,-1,-1
380,24,216.32,389.56,49.11,67.10,0.48,-1,-1,-1
380,85,134.44,336.59,23.94,41.90,0.48,-1,-1,-1
380,90,194.71,53.12,11.68,20.81,0.66,-1,-1,-1
380,91,37.96,314.13,35.87,61.22,0.61,-1,-1,-1
380,92,344.99,349.65,33.68,94.33,0.74,-1,-1,-1
380,93,73.20,101.80,21.87,48.80,0.51,-1,-1,-1
380,21,150.95,552.10,42.90,89.29,0.35,-1,-1,-1
380,81,194.32,275.41,39.42,56.58,0.47,-1,-1,-1
380,94,98.96,58.90,14.82,26.53,0.62,-1,-1,-1
380,87,130.04,103.48,18.81,39.32,0.61,-1,-1,-1
380,47,403.35,265.46,34.96,71.44,0.55,-1,-1,-1
380,95,17.20,142.34,16.07,41.12,0.64,-1,-1,-1
381,3,263.68,329.06,36.97,83.44,0.59,-1,-1,-1
381,4,379.09,236.09,24.03,59.20,0.49,-1,-1,-1
381,6,200.85,452.19,51.91,79.58,0.63,-1,-1,-1
381,9,562.09,183.28,14.82,34.32,0.65,-1,-1,-1
381,10,293.89,329.68,33.98,84.32,0.55,-1,-1,-1
381,15,576.87,329.44,30.55,66.76,0.58,-1,-1,-1
381,17,593.11,370.02,34.84,88.27,0.70,-1,-1,-1
381,19,950.59,302.05,21.95,35.84,0.37,-1,-1,-1
381,20,214.01,348.95,46.04,63.85,0.50,-1,-1,-1
381,33,651.56,425.49,42.81,102.79,0.80,-1,-1,-1
381,35,676.99,168.52,16.68,34.17,0.55,-1,-1,-1
381,8,251.57,291.57,28.92,37.57,0.51,-1,-1,-1
381,41,565.99,303.79,27.39,72.13,0.61,-1,-1,-1
381,42,758.73,247.87,28.70,57.59,0.51,-1,-1,-1
381,12,620.74,329.39,29.13,76.18,0.55,-1,-1,-1
381,49,213.57,217.19,26.48,58.80,0.62,-1,-1,-1
381,54,499.07,217.58,21.92,61.60,0.76,-1,-1,-1
381,57,677.61,297.20,31.74,82.77,0.61,-1,-1,-1
381,68,196.99,188.86,21.73,53.77,0.53,-1,-1,-1
381,73,307.04,93.15,14.85,32.39,0.61,-1,-1,-1
381,74,399.41,119.18,14.73,35.71,0.53,-1,-1,-1
381,75,442.97,330.21,29.70,72.06,0.69,-1,-1,-1
381,76,570.57,223.46,23.44,45.55,0.50,-1,-1,-1
381,80,223.23,139.11,19.75,23.97,0.48,-1,-1,-1
381,82,1084.92,338.00,15.74,37.99,0.28,-1,-1,-1
381,84,166.34,94.97,15.20,30.67,0.70,-1,-1,-1
381,24,215.54,389.75,49.68,67.23,0.60,-1,-1,-1
381,85,133.58,334.25,24.87,43.45,0.43,-1,-1,-1
381,90,195.80,52.87,12.03,21.43,0.56,-1,-1,-1
381,91,38.40,313.19,36.04,61.52,0.63,-1,-1,-1
381,92,345.09,349.52,33.15,93.24,0.75,-1,-1,-1
381,93,75.03,101.22,21.92,49.05,0.44,-1,-1,-1
381,21,143.66,541.53,45.61,96.49,0.20,-1,-1,-1
381,81,193.95,271.78,42.48,61.83,0.41,-1,-1,-1
381,94,101.95,58.70,14.75,26.35,0.52,-1,-1,-1
381,87,132.24,102.83,19.29,40.27,0.49,-1,-1,-1
381,47,404.17,264.96,34.48,71.60,0.49,-1,-1,-1
381,95,19.26,142.74,16.36,40.91,0.69,-1,-1,-1
381,30,146.85,532.56,28.70,52.54,0.54,-1,-1,-1
382,3,263.76,328.78,36.60,82.83,0.54,-1,-1,-1
382,4,379.95,236.23,23.65,57.97,0.51,-1,-1,-1
382,6,199.57,453.10,51.29,75.91,0.58,-1,-1,-1
382,9,562.92,183.40,14.86,34.57,0.65,-1,-1,-1
382,10,293.87,328.89,34.43,85.78,0.55,-1,-1,-1
382,15,577.49,330.30,30.21,66.64,0.62,-1,-1,-1
382,17,594.93,371.04,34.54,86.92,0.74,-1,-1,-1
382,19,950.62,302.07,21.73,35.75,0.37,-1,-1,-1
382,20,214.75,348.12,45.77,64.82,0.45,-1,-1,-1
382,33,652.96,426.20,42.76,103.30,0.81,-1,-1,-1
382,35,677.47,168.48,17.06,34.98,0.55,-1,-1,-1
382,8,251.90,290.90,28.86,37.76,0.51,-1,-1,-1
382,41,565.87,303.67,28.04,73.65,0.62,-1,-1,-1
382,42,757.47,248.32,27.37,55.53,0.53,-1,-1,-1
382,12,619.35,328.97,29.15,75.76,0.52,-1,-1,-1
382,49,214.11,216.28,26.84,60.10,0.57,-1,-1,-1
382,54,499.44,217.12,21.98,61.79,0.74,-1,-1,-1
382,57,677.82,297.07,31.99,82.90,0.61,-1,-1,-1
382,68,197.76,188.63,21.32,53.02,0.48,-1,-1,-1
382,73,308.97,92.45,14.89,32.42,0.59,-1,-1,-1
382,74,401.40,118.77,15.35,37.41,0.64,-1,-1,-1
382,75,441.64,330.32,30.50,73.59,0.67,-1,-1,-1
382,76,569.01,223.23,23.58,46.09,0.51,-1,-1,-1
382,80,225.16,138.92,19.59,23.85,0.53,-1,-1,-1
382,82,1084.90,338.31,15.59,37.70,0.28,-1,-1,-1
382,84,167.87,94.71,15.48,31.18,0.68,-1,-1,-1
382,24,214.88,389.53,49.77,66.63,0.52,-1,-1,-1
382,85,133.87,335.83,23.50,40.99,0.53,-1,-1,-1
382,90,197.84,53.02,12.23,21.72,0.52,-1,-1,-1
382,91,39.48,312.52,35.62,60.75,0.58,-1,-1,-1
382,92,345.03,348.59,33.14,93.49,0.76,-1,-1,-1
382,93,77.79,101.08,20.32,45.54,0.47,-1,-1,-1
382,21,141.06,542.67,42.32,89.84,0.33,-1,-1,-1
382,81,197.54,270.66,37.83,54.92,0.40,-1,-1,-1
382,94,104.30,58.06,14.84,26.74,0.56,-1,-1,-1
382,87,136.90,103.05,17.08,35.51,0.50,-1,-1,-1
382,47,404.33,265.02,32.36,68.66,0.53,-1,-1,-1
382,95,21.26,142.78,16.70,40.60,0.62,-1,-1,-1
382,30,144.07,534.71,26.56,46.21,0.34,-1,-1,-1
383,3,263.93,328.63,36.38,82.44,0.58,-1,-1,-1
383,4,380.52,236.47,24.51,59.62,0.50,-1,-1,-1
383,6,199.11,456.12,49.28,70.21,0.54,-1,-1,-1
383,9,563.69,183.05,14.94,34.81,0.59,-1,-1,-1
383,10,294.12,328.10,34.40,86.11,0.56,-1,-1,-1
383,15,578.17,331.91,29.40,65.36,0.61,-1,-1,-1
383,17,597.35,372.38,33.99,85.31,0.71,-1,-1,-1
383,19,950.24,302.14,21.69,35.83,0.35,-1,-1,-1
383,20,216.29,347.51,44.95,65.33,0.48,-1,-1,-1
383,33,653.74,427.30,42.66,103.85,0.80,-1,-1,-1
383,35,678.16,168.72,17.36,35.65,0.56,-1,-1,-1
383,8,249.63,290.29,29.85,38.77,0.48,-1,-1,-1
383,41,566.27,303.78,28.31,74.15,0.59,-1,-1,-1
383,42,757.03,248.40,26.79,54.74,0.53,-1,-1,-1
383,12,618.53,326.77,29.47,76.91,0.58,-1,-1,-1
383,49,215.03,215.75,26.66,60.39,0.49,-1,-1,-1
383,54,499.95,217.07,22.02,61.79,0.76,-1,-1,-1
383,57,678.55,296.42,32.11,83.03,0.57,-1,-1,-1
383,68,200.19,188.39,20.95,52.35,0.36,-1,-1,-1
383,73,310.96,91.69,15.14,32.75,0.60,-1,-1,-1
383,74,403.86,118.81,15.18,37.20,0.57,-1,-1,-1
383,75,440.70,330.30,30.68,73.86,0.62,-1,-1,-1
383,76,569.28,221.25,24.89,48.46,0.43,-1,-1,-1
383,80,227.13,138.40,19.67,23.99,0.45,-1,-1,-1
383,82,1084.80,338.44,15.45,37.42,0.35,-1,-1,-1
383,84,170.36,95.08,15.36,30.74,0.64,-1,-1,-1
383,24,214.52,390.49,49.29,65.25,0.60,-1,-1,-1
383,85,134.33,336.40,22.81,39.82,0.56,-1,-1,-1
383,90,199.78,54.50,11.66,20.42,0.50,-1,-1,-1
383,91,40.84,311.68,36.14,61.77,0.59,-1,-1,-1
383,92,344.93,347.99,33.02,93.39,0.78,-1,-1,-1
383,93,79.68,100.55,19.72,43.92,0.45,-1,-1,-1
383,21,143.55,546.13,40.12,85.40,0.39,-1,-1,-1
383,81,200.35,271.50,35.01,50.81,0.45,-1,-1,-1
383,94,107.18,58.21,14.40,26.01,0.61,-1,-1,-1
383,87,139.05,102.95,17.15,35.71,0.56,-1,-1,-1
383,47,404.14,265.08,28.24,60.82,0.56,-1,-1,-1
383,95,23.41,143.65,16.77,39.89,0.54,-1,-1,-1
383,30,141.31,533.57,24.94,42.01,0.47,-1,-1,-1
384,3,264.08,328.17,36.21,82.18,0.57,-1,-1,-1
384,4,380.37,236.35,24.99,60.71,0.55,-1,-1,-1
384,6,198.90,441.52,46.82,68.30,0.54,-1,-1,-1
384,9,565.13,183.43,14.88,34.82,0.56,-1,-1,-1
384,10,294.32,327.56,34.18,85.85,0.55,-1,-1,-1
384,15,578.48,332.37,27.84,61.83,0.54,-1,-1,-1
384,17,599.59,373.58,33.21,83.44,0.72,-1,-1,-1
384,19,951.02,302.31,21.48,35.64,0.36,-1,-1,-1
384,20,216.76,347.13,44.59,66.47,0.44,-1,-1,-1
384,33,655.82,429.05,42.26,103.48,0.79,-1,-1,-1
384,35,677.82,168.70,20.03,41.81,0.52,-1,-1,-1
384,8,249.83,290.14,30.01,38.79,0.49,-1,-1,-1
384,41,567.25,304.26,28.98,75.33,0.63,-1,-1,-1
384,42,759.34,247.28,27.97,57.23,0.53,-1,-1,-1
384,12,617.51,326.98,29.56,77.09,0.62,-1,-1,-1
384,49,217.18,215.97,24.61,56.02,0.53,-1,-1,-1
384,54,500.66,216.79,21.99,61.62,0.75,-1,-1,-1
384,57,679.04,296.21,30.73,79.52,0.57,-1,-1,-1
384,68,199.90,188.52,24.40,62.48,0.43,-1,-1,-1
384,73,312.84,90.73,15.56,33.61,0.65,-1,-1,-1
384,74,406.17,118.41,15.39,38.04,0.65,-1,-1,-1
384,75,439.83,330.21,31.19,75.01,0.65,-1,-1,-1
384,76,568.48,223.52,23.59,46.51,0.48,-1,-1,-1
384,80,228.22,137.69,20.21,24.72,0.51,-1,-1,-1
384,82,1084.59,337.98,15.85,38.44,0.23,-1,-1,-1
384,84,172.73,95.01,15.54,31.00,0.55,-1,-1,-1
384,24,214.92,390.39,49.11,64.83,0.59,-1,-1,-1
384,85,134.44,335.56,23.26,40.79,0.59,-1,-1,-1
384,90,201.25,54.19,11.42,19.75,0.61,-1,-1,-1
384,91,41.31,311.15,35.85,61.46,0.60,-1,-1,-1
384,92,344.78,347.24,33.01,93.60,0.76,-1,-1,-1
384,93,81.93,100.28,18.82,41.44,0.49,-1,-1,-1
384,21,143.40,547.78,38.64,81.13,0.31,-1,-1,-1
384,81,202.68,273.13,32.76,47.58,0.47,-1,-1,-1
384,94,109.57,57.77,14.47,26.15,0.60,-1,-1,-1
384,87,140.85,102.70,16.09,32.94,0.43,-1,-1,-1
384,47,404.25,264.90,26.73,58.39,0.56,-1,-1,-1
384,95,25.22,142.56,17.38,40.33,0.62,-1,-1,-1
384,30,138.63,532.30,26.57,43.89,0.55,-1,-1,-1
384,69,180.85,515.83,33.08,75.91,0.56,-1,-1,-1
385,3,263.89,327.71,36.31,82.59,0.57,-1,-1,-1
385,4,380.84,236.40,25.04,60.37,0.55,-1,-1,-1
385,6,198.58,436.68,46.45,69.29,0.61,-1,-1,-1
385,9,566.19,183.51,14.72,34.42,0.58,-1,-1,-1
385,10,294.21,327.08,34.16,86.16,0.55,-1,-1,-1
385,15,578.96,332.17,26.02,57.36,0.54,-1,-1,-1
385,17,600.89,372.60,33.25,83.83,0.66,-1,-1,-1
385,19,951.46,302.23,21.49,35.89,0.37,-1,-1,-1
385,20,216.63,346.78,44.42,67.77,0.47,-1,-1,-1
385,33,657.49,430.34,43.08,106.12,0.75,-1,-1,-1
385,35,678.05,168.05,21.19,44.92,0.43,-1,-1,-1
385,8,250.40,289.38,30.98,39.73,0.43,-1,-1,-1
385,41,567.84,304.55,29.48,75.71,0.63,-1,-1,-1
385,42,760.27,246.71,28.41,58.13,0.55,-1,-1,-1
385,12,617.21,327.96,28.21,73.20,0.56,-1,-1,-1
385,49,218.25,215.88,24.06,55.09,0.56,-1,-1,-1
385,54,501.16,216.30,22.12,61.94,0.75,-1,-1,-1
385,57,679.53,291.53,32.90,85.60,0.62,-1,-1,-1
385,68,200.47,188.74,24.99,65.35,0.36,-1,-1,-1
385,73,315.50,91.41,15.22,32.74,0.51,-1,-1,-1
385,74,408.05,118.47,15.27,37.88,0.57,-1,-1,-1
385,75,438.48,330.93,32.95,79.04,0.66,-1,-1,-1
385,76,568.93,223.26,22.74,45.29,0.44,-1,-1,-1
385,80,229.83,137.59,20.10,24.76,0.56,-1,-1,-1
385,82,1084.68,338.13,15.89,38.74,0.18,-1,-1,-1
385,84,174.94,94.61,15.47,30.80,0.70,-1,-1,-1
385,24,216.06,388.70,50.22,67.25,0.61,-1,-1,-1
385,85,134.26,333.72,24.21,42.44,0.56,-1,-1,-1
385,90,203.16,54.29,11.53,19.72,0.72,-1,-1,-1
385,91,41.88,310.96,35.40,60.87,0.56,-1,-1,-1
385,92,344.29,346.62,33.02,93.53,0.73,-1,-1,-1
385,93,83.34,100.81,18.68,41.07,0.40,-1,-1,-1
385,21,140.15,537.48,39.98,82.31,0.35,-1,-1,-1
385,81,200.06,273.20,37.42,54.78,0.47,-1,-1,-1
385,94,112.26,57.64,14.38,26.05,0.59,-1,-1,-1
385,87,143.14,102.72,15.74,31.93,0.42,-1,-1,-1
385,47,404.90,264.11,28.90,64.15,0.56,-1,-1,-1
385,95,27.06,142.62,17.52,39.59,0.59,-1,-1,-1
385,30,137.51,530.55,27.18,43.76,0.46,-1,-1,-1
385,69,179.13,513.87,32.93,76.70,0.56,-1,-1,-1
386,3,263.89,326.40,36.69,83.53,0.46,-1,-1,-1
386,4,380.99,236.37,25.29,60.52,0.56,-1,-1,-1
386,6,200.63,444.08,47.60,70.03,0.59,-1,-1,-1
386,9,567.13,183.37,14.49,33.85,0.58,-1,-1,-1
386,10,293.73,326.28,34.21,86.41,0.54,-1,-1,-1
386,15,578.90,330.75,28.42,63.02,0.61,-1,-1,-1
386,17,603.08,373.49,33.00,82.57,0.55,-1,-1,-1
386,19,952.21,301.60,22.91,37.17,0.32,-1,-1,-1
386,20,212.26,345.86,45.74,69.92,0.52,-1,-1,-1
386,33,658.66,431.39,43.36,107.50,0.75,-1,-1,-1
386,35,679.69,167.84,20.40,43.85,0.46,-1,-1,-1
386,8,253.04,288.69,31.49,40.44,0.43,-1,-1,-1
386,41,565.24,304.55,29.96,77.49,0.63,-1,-1,-1
386,42,760.48,246.59,28.94,59.20,0.54,-1,-1,-1
386,12,616.84,328.71,27.58,71.38,0.57,-1,-1,-1
386,49,218.91,215.60,24.06,55.23,0.55,-1,-1,-1
386,54,501.93,215.88,22.31,62.32,0.74,-1,-1,-1
386,57,680.82,289.69,33.24,86.61,0.65,-1,-1,-1
386,68,201.47,188.43,25.56,68.17,0.34,-1,-1,-1
386,73,317.74,90.63,15.40,32.78,0.55,-1,-1,-1
386,74,409.92,118.45,15.23,37.87,0.65,-1,-1,-1
386,75,437.52,332.08,34.45,82.53,0.65,-1,-1,-1
386,76,569.73,219.60,24.17,48.63,0.44,-1,-1,-1
386,80,231.70,137.13,20.62,25.32,0.57,-1,-1,-1
386,82,1084.41,337.53,16.36,40.00,0.12,-1,-1,-1
386,84,176.48,94.10,15.59,30.93,0.68,-1,-1,-1
386,24,216.77,385.00,50.45,68.51,0.50,-1,-1,-1
386,85,134.18,331.78,24.88,43.59,0.50,-1,-1,-1
386,90,204.12,53.77,11.92,20.43,0.63,-1,-1,-1
386,91,42.70,310.60,35.44,61.08,0.55,-1,-1,-1
386,92,343.57,345.77,33.19,94.03,0.74,-1,-1,-1
386,93,86.25,100.04,18.99,41.20,0.38,-1,-1,-1
386,21,138.86,535.20,40.61,81.84,0.34,-1,-1,-1
386,81,199.34,272.53,39.37,58.26,0.47,-1,-1,-1
386,94,114.75,57.23,14.77,26.81,0.61,-1,-1,-1
386,87,146.67,103.12,14.74,29.54,0.39,-1,-1,-1
386,47,406.04,263.10,30.35,68.12,0.53,-1,-1,-1
386,95,29.17,142.10,17.98,39.96,0.64,-1,-1,-1
386,30,136.32,528.48,28.54,44.98,0.42,-1,-1,-1
386,69,173.51,507.07,42.99,103.60,0.55,-1,-1,-1
387,3,263.83,325.83,36.67,83.70,0.43,-1,-1,-1
387,4,381.25,235.94,25.73,60.98,0.54,-1,-1,-1
387,6,197.79,437.43,47.18,70.95,0.53,-1,-1,-1
387,9,567.63,183.39,14.57,33.95,0.62,-1,-1,-1
387,10,292.65,325.07,34.58,87.38,0.58,-1,-1,-1
387,15,578.77,329.41,30.59,68.31,0.66,-1,-1,-1
387,17,606.34,373.62,34.16,86.00,0.63,-1,-1,-1
387,19,952.81,301.96,22.33,36.56,0.35,-1,-1,-1
387,20,211.24,345.10,46.26,71.50,0.47,-1,-1,-1
387,33,659.52,432.82,42.92,107.14,0.77,-1,-1,-1
387,35,680.92,167.87,20.01,43.68,0.48,-1,-1,-1
387,8,254.56,288.22,31.07,39.92,0.49,-1,-1,-1
387,41,564.36,304.87,29.53,76.69,0.58,-1,-1,-1
387,42,760.56,246.68,29.08,59.46,0.51,-1,-1,-1
387,12,616.65,329.31,27.00,69.68,0.59,-1,-1,-1
387,49,220.25,215.43,24.00,55.17,0.49,-1,-1,-1
387,54,502.56,215.56,22.49,62.56,0.73,-1,-1,-1
387,57,681.10,288.75,33.32,87.35,0.60,-1,-1,-1
387,68,203.10,187.52,24.57,66.55,0.36,-1,-1,-1
387,73,319.49,90.44,15.76,33.32,0.48,-1,-1,-1
387,74,411.91,118.21,15.10,37.52,0.63,-1,-1,-1
387,75,437.96,333.84,34.85,83.47,0.62,-1,-1,-1
387,76,570.07,216.19,25.66,52.18,0.43,-1,-1,-1
387,80,233.96,136.88,20.43,25.09,0.52,-1,-1,-1
387,82,1084.69,338.08,16.29,39.94,0.14,-1,-1,-1
387,84,178.94,94.50,15.25,30.18,0.63,-1,-1,-1
387,24,215.78,383.01,50.31,68.45,0.57,-1,-1,-1
387,85,134.81,332.00,24.36,42.71,0.50,-1,-1,-1
387,90,206.40,52.64,11.72,20.08,0.55,-1,-1,-1
387,91,43.53,310.11,35.40,60.90,0.54,-1,-1,-1
387,92,342.20,345.52,33.31,93.70,0.71,-1,-1,-1
387,93,87.92,99.81,18.41,39.36,0.39,-1,-1,-1
387,21,135.71,538.60,43.10,87.99,0.31,-1,-1,-1
387,81,203.03,272.84,32.94,47.68,0.44,-1,-1,-1
387,94,117.04,57.21,14.70,26.75,0.42,-1,-1,-1
387,87,146.66,102.54,17.74,36.00,0.58,-1,-1,-1
387,47,406.91,262.77,30.64,69.17,0.58,-1,-1,-1
387,95,31.84,142.17,18.26,39.53,0.57,-1,-1,-1
387,30,135.09,525.61,30.62,47.40,0.49,-1,-1,-1
387,69,171.36,506.39,45.32,112.79,0.58,-1,-1,-1
388,3,263.65,325.40,36.75,84.06,0.34,-1,-1,-1
388,4,381.41,235.98,26.06,61.25,0.58,-1,-1,-1
388,6,195.63,438.58,45.84,70.73,0.34,-1,-1,-1
388,9,568.33,183.44,14.44,33.57,0.64,-1,-1,-1
388,10,291.87,324.21,34.82,87.78,0.61,-1,-1,-1
388,15,578.50,328.81,31.40,70.50,0.60,-1,-1,-1
388,17,607.89,373.35,34.86,88.10,0.63,-1,-1,-1
388,19,953.11,302.30,21.93,36.14,0.34,-1,-1,-1
388,20,209.84,343.76,47.40,74.08,0.45,-1,-1,-1
388,33,661.08,434.02,42.15,106.32,0.83,-1,-1,-1
388,35,681.13,167.94,20.51,45.13,0.54,-1,-1,-1
388,8,254.37,287.93,31.28,40.12,0.52,-1,-1,-1
388,41,564.99,305.14,28.29,72.84,0.60,-1,-1,-1
388,42,760.97,246.48,29.13,59.53,0.51,-1,-1,-1
388,12,616.52,328.93,25.99,66.27,0.56,-1,-1,-1
388,49,220.89,215.03,26.21,60.71,0.45,-1,-1,-1
388,54,503.27,215.07,22.65,62.84,0.73,-1,-1,-1
388,57,681.81,288.18,33.14,87.40,0.67,-1,-1,-1
388,68,203.85,186.87,24.91,68.49,0.44,-1,-1,-1
388,73,321.65,90.60,15.83,33.37,0.55,-1,-1,-1
388,74,414.04,117.96,15.61,38.99,0.64,-1,-1,-1
388,75,438.00,334.82,35.26,84.61,0.64,-1,-1,-1
388,76,571.13,213.69,26.20,54.15,0.45,-1,-1,-1
388,80,236.14,136.24,20.32,25.07,0.51,-1,-1,-1
388,82,1084.77,338.71,16.01,39.17,0.16,-1,-1,-1
388,84,180.76,94.08,15.42,30.36,0.61,-1,-1,-1
388,24,216.02,381.75,50.21,68.84,0.60,-1,-1,-1
388,85,135.06,331.14,24.58,43.07,0.55,-1,-1,-1
388,90,206.93,50.90,12.44,21.36,0.62,-1,-1,-1
388,91,44.73,309.76,34.35,59.02,0.60,-1,-1,-1
388,92,341.69,345.02,33.55,93.82,0.70,-1,-1,-1
388,93,88.95,98.93,18.95,40.50,0.44,-1,-1,-1
388,21,136.65,548.83,38.97,80.02,0.16,-1,-1,-1
388,81,204.92,272.66,30.74,43.68,0.48,-1,-1,-1
388,94,119.60,57.01,14.73,26.98,0.53,-1,-1,-1
388,87,148.28,102.09,18.45,37.58,0.59,-1,-1,-1
388,47,407.44,262.43,31.02,70.07,0.61,-1,-1,-1
388,95,33.22,142.47,18.16,38.83,0.58,-1,-1,-1
388,30,130.47,526.74,37.87,59.63,0.39,-1,-1,-1
388,69,173.05,506.91,37.30,93.82,0.51,-1,-1,-1
389,3,263.53,324.45,36.69,84.11,0.47,-1,-1,-1
389,4,382.13,235.95,25.76,59.70,0.59,-1,-1,-1
389,6,200.20,441.64,49.16,76.57,0.53,-1,-1,-1
389,9,569.32,183.32,14.45,33.44,0.65,-1,-1,-1
389,10,292.14,323.45,34.81,88.06,0.63,-1,-1,-1
389,15,579.91,331.36,31.67,71.74,0.68,-1,-1,-1
389,17,608.45,373.59,35.13,88.91,0.64,-1,-1,-1
389,19,952.89,302.32,21.64,36.09,0.33,-1,-1,-1
389,20,210.36,342.78,43.68,68.45,0.49,-1,-1,-1
389,33,663.35,434.74,40.79,104.42,0.84,-1,-1,-1
389,35,682.01,168.04,20.43,45.35,0.54,-1,-1,-1
389,8,254.81,287.89,30.93,39.74,0.56,-1,-1,-1
389,41,564.46,304.66,28.52,73.15,0.60,-1,-1,-1
389,42,763.08,246.52,27.83,56.52,0.53,-1,-1,-1
389,12,615.81,328.60,25.54,64.06,0.58,-1,-1,-1
389,49,221.34,214.34,28.55,66.81,0.44,-1,-1,-1
389,54,503.73,214.64,22.68,62.84,0.72,-1,-1,-1
389,57,682.61,287.96,32.87,87.16,0.63,-1,-1,-1
389,68,206.32,186.67,21.98,60.28,0.49,-1,-1,-1
389,73,324.09,90.20,16.22,34.31,0.56,-1,-1,-1
389,74,415.95,117.51,15.64,39.32,0.57,-1,-1,-1
389,75,438.73,334.54,34.06,81.97,0.69,-1,-1,-1
389,76,571.37,212.38,26.29,55.32,0.50,-1,-1,-1
389,80,237.77,136.10,19.83,24.47,0.50,-1,-1,-1
389,82,1083.96,339.10,16.12,39.60,0.19,-1,-1,-1
389,84,182.00,93.45,15.83,31.05,0.70,-1,-1,-1
389,24,216.42,382.35,49.60,68.45,0.63,-1,-1,-1
389,85,135.72,331.20,23.93,41.78,0.52,-1,-1,-1
389,90,208.59,50.79,12.55,21.72,0.63,-1,-1,-1
389,91,45.93,309.02,34.01,58.37,0.64,-1,-1,-1
389,92,341.66,344.45,33.53,93.42,0.70,-1,-1,-1
389,93,89.34,98.66,18.50,39.55,0.49,-1,-1,-1
389,21,136.73,542.62,42.28,86.28,0.34,-1,-1,-1
389,81,206.27,271.75,29.83,41.60,0.48,-1,-1,-1
389,94,122.89,56.19,13.00,23.50,0.31,-1,-1,-1
389,87,150.84,101.67,18.90,38.70,0.48,-1,-1,-1
389,47,407.80,262.09,31.09,70.40,0.60,-1,-1,-1
389,95,35.57,141.83,18.79,39.57,0.57,-1,-1,-1
389,30,128.54,526.97,35.55,56.55,0.43,-1,-1,-1
389,69,173.73,505.28,33.79,85.74,0.55,-1,-1,-1
390,3,263.56,323.97,36.54,83.76,0.48,-1,-1,-1
390,4,382.72,236.30,25.41,58.28,0.55,-1,-1,-1
390,6,195.60,440.36,47.38,75.26,0.57,-1,-1,-1
390,9,569.67,183.00,15.96,37.32,0.60,-1,-1,-1
390,10,292.65,322.94,34.62,88.16,0.63,-1,-1,-1
390,15,581.51,336.57,29.99,68.23,0.73,-1,-1,-1
390,17,608.79,373.83,35.11,89.09,0.65,-1,-1,-1
390,19,953.11,302.24,21.61,36.36,0.35,-1,-1,-1
390,20,214.02,342.11,41.69,66.06,0.54,-1,-1,-1
390,33,666.39,434.77,39.91,103.98,0.82,-1,-1,-1
390,35,682.73,167.72,20.76,46.32,0.65,-1,-1,-1
390,8,254.65,287.42,31.14,39.80,0.58,-1,-1,-1
390,41,564.89,304.57,28.74,73.57,0.65,-1,-1,-1
390,42,763.71,246.69,27.40,55.25,0.55,-1,-1,-1
390,12,614.99,328.81,24.79,60.84,0.52,-1,-1,-1
390,49,221.83,213.94,29.25,69.24,0.44,-1,-1,-1
390,54,504.25,214.32,22.62,62.65,0.71,-1,-1,-1
390,57,683.29,287.86,32.71,87.14,0.72,-1,-1,-1
390,68,208.02,185.94,20.99,57.41,0.42,-1,-1,-1
390,73,326.11,89.68,16.34,34.68,0.60,-1,-1,-1
390,74,417.63,117.90,15.52,39.15,0.61,-1,-1,-1
390,75,438.80,335.70,34.68,83.75,0.70,-1,-1,-1
390,76,571.84,211.35,26.87,56.44,0.51,-1,-1,-1
390,80,239.47,135.97,19.73,24.19,0.53,-1,-1,-1
390,82,1084.68,338.98,15.85,39.00,0.16,-1,-1,-1
390,84,183.65,93.67,15.78,30.88,0.69,-1,-1,-1
390,24,217.26,384.15,49.73,69.53,0.61,-1,-1,-1
390,85,134.80,329.95,24.81,42.61,0.45,-1,-1,-1
390,90,209.94,50.38,13.30,23.09,0.65,-1,-1,-1
390,91,46.15,308.33,34.20,58.46,0.68,-1,-1,-1
390,92,340.79,343.35,33.61,93.29,0.62,-1,-1,-1
390,93,89.40,98.32,18.86,40.67,0.46,-1,-1,-1
390,21,133.28,540.98,42.35,87.27,0.26,-1,-1,-1
390,81,208.25,269.21,31.57,44.29,0.41,-1,-1,-1
390,94,124.83,56.34,14.00,25.26,0.36,-1,-1,-1
390,87,154.30,101.22,17.40,35.77,0.57,-1,-1,-1
390,47,408.18,261.67,31.02,70.66,0.53,-1,-1,-1
390,95,38.66,141.85,18.92,39.25,0.55,-1,-1,-1
390,30,126.08,526.29,39.22,63.58,0.50,-1,-1,-1
390,69,173.77,506.52,31.59,80.48,0.53,-1,-1,-1
391,3,263.40,323.50,36.40,83.36,0.47,-1,-1,-1
391,4,382.79,236.34,24.19,54.65,0.57,-1,-1,-1
391,6,194.59,437.25,48.54,78.96,0.51,-1,-1,-1
391,9,570.35,182.42,16.96,40.19,0.53,-1,-1,-1
391,10,293.28,322.30,34.44,88.59,0.64,-1,-1,-1
391,15,582.79,340.65,28.69,65.06,0.65,-1,-1,-1
391,17,609.41,373.83,34.90,89.19,0.70,-1,-1,-1
391,19,953.67,302.22,21.47,36.39,0.35,-1,-1,-1
391,20,217.65,341.65,38.36,61.05,0.57,-1,-1,-1
391,33,668.83,434.74,39.53,104.02,0.80,-1,-1,-1
391,35,683.14,167.30,21.01,47.12,0.62,-1,-1,-1
391,8,254.37,286.65,31.55,39.58,0.60,-1,-1,-1
391,41,565.12,304.87,29.08,74.52,0.65,-1,-1,-1
391,42,764.13,246.66,27.42,54.89,0.56,-1,-1,-1
391,12,613.93,328.52,24.41,58.59,0.51,-1,-1,-1
391,49,223.75,213.88,28.63,68.03,0.51,-1,-1,-1
391,54,504.81,214.34,22.40,62.02,0.71,-1,-1,-1
391,57,683.97,287.55,32.60,87.24,0.70,-1,-1,-1
391,68,210.09,185.63,21.26,58.57,0.49,-1,-1,-1
391,73,328.00,89.12,16.70,35.51,0.67,-1,-1,-1
391,74,419.84,117.73,14.58,36.59,0.48,-1,-1,-1
391,75,438.56,336.56,34.58,83.66,0.71,-1,-1,-1
391,76,571.63,211.91,26.00,55.34,0.53,-1,-1,-1
391,80,241.67,136.18,19.60,23.93,0.51,-1,-1,-1
391,82,1085.02,339.23,15.70,38.67,0.20,-1,-1,-1
391,84,185.31,94.27,15.61,30.60,0.65,-1,-1,-1
391,24,219.85,385.30,47.03,66.76,0.56,-1,-1,-1
391,85,135.57,326.91,26.36,44.90,0.44,-1,-1,-1
391,90,210.52,49.32,14.03,24.37,0.55,-1,-1,-1
391,91,46.95,307.38,34.48,59.08,0.68,-1,-1,-1
391,92,339.99,342.85,33.78,93.49,0.61,-1,-1,-1
391,93,90.99,98.12,19.79,43.12,0.51,-1,-1,-1
391,21,127.04,530.32,43.63,91.41,0.41,-1,-1,-1
391,81,207.74,267.83,33.67,47.52,0.38,-1,-1,-1
391,94,127.34,56.12,14.51,26.16,0.28,-1,-1,-1
391,87,155.14,100.87,18.54,38.49,0.58,-1,-1,-1
391,47,408.75,261.62,30.67,70.20,0.55,-1,-1,-1
391,95,40.12,142.08,19.27,39.61,0.57,-1,-1,-1
391,30,128.23,524.25,34.03,54.48,0.22,-1,-1,-1
391,69,172.79,506.00,30.92,78.96,0.49,-1,-1,-1
391,97,2.37,153.44,20.38,48.27,0.62,-1,-1,-1
392,3,263.44,321.87,36.30,83.80,0.53,-1,-1,-1
392,4,383.37,236.53,24.63,54.94,0.58,-1,-1,-1
392,6,193.45,436.36,49.81,80.63,0.51,-1,-1,-1
392,9,571.45,182.41,16.81,40.24,0.51,-1,-1,-1
392,10,293.18,321.76,34.37,89.05,0.63,-1,-1,-1
392,15,582.98,341.33,28.55,64.76,0.62,-1,-1,-1
392,17,610.50,373.43,34.70,89.48,0.73,-1,-1,-1
392,19,953.02,302.34,21.59,36.51,0.35,-1,-1,-1
392,20,218.88,341.46,35.93,56.66,0.56,-1,-1,-1
392,33,670.95,434.50,39.49,104.18,0.78,-1,-1,-1
392,35,684.51,166.97,20.73,47.02,0.60,-1,-1,-1
392,8,254.48,286.21,31.83,39.67,0.59,-1,-1,-1
392,41,565.57,305.55,28.88,73.67,0.61,-1,-1,-1
392,42,764.09,246.52,27.79,55.27,0.52,-1,-1,-1
392,12,612.80,327.45,24.63,58.19,0.52,-1,-1,-1
392,49,224.73,213.93,28.65,68.32,0.56,-1,-1,-1
392,54,505.50,214.03,22.39,62.01,0.70,-1,-1,-1
392,57,684.88,288.33,32.15,86.11,0.67,-1,-1,-1
392,68,212.97,185.51,19.20,52.73,0.52,-1,-1,-1
392,73,330.60,89.44,16.47,35.04,0.64,-1,-1,-1
392,74,422.28,118.19,14.88,37.53,0.57,-1,-1,-1
392,75,436.84,336.91,35.09,85.21,0.75,-1,-1,-1
392,76,572.34,213.05,24.71,53.38,0.51,-1,-1,-1
392,80,243.82,135.86,19.82,24.17,0.51,-1,-1,-1
392,82,1084.84,339.34,15.91,39.25,0.21,-1,-1,-1
392,84,187.35,94.89,15.42,30.07,0.56,-1,-1,-1
392,24,219.64,382.97,45.61,64.80,0.55,-1,-1,-1
392,85,135.89,324.86,27.09,45.88,0.42,-1,-1,-1
392,90,212.10,49.08,13.98,24.25,0.65,-1,-1,-1
392,91,47.00,306.49,34.86,59.67,0.68,-1,-1,-1
392,92,339.11,341.99,34.00,93.60,0.62,-1,-1,-1
392,93,92.14,110.04,19.12,41.94,0.59,-1,-1,-1
392,21,125.04,526.09,46.19,97.71,0.57,-1,-1,-1
392,81,205.79,267.58,36.41,51.89,0.44,-1,-1,-1
392,94,130.64,56.99,14.36,25.81,0.19,-1,-1,-1
392,87,157.81,100.89,17.34,35.87,0.46,-1,-1,-1
392,47,408.99,261.30,30.43,70.07,0.53,-1,-1,-1
392,95,43.47,140.70,19.82,40.45,0.52,-1,-1,-1
392,30,128.83,523.10,31.27,49.49,0.12,-1,-1,-1
392,69,167.49,500.97,40.75,105.92,0.42,-1,-1,-1
392,97,4.64,153.50,20.88,49.50,0.61,-1,-1,-1
393,3,263.79,321.44,35.88,83.56,0.45,-1,-1,-1
393,4,383.77,236.37,24.84,55.02,0.62,-1,-1,-1
393,6,194.24,434.50,48.70,80.30,0.58,-1,-1,-1
393,9,572.64,182.82,17.07,41.40,0.53,-1,-1,-1
393,10,292.56,321.31,34.45,89.51,0.65,-1,-1,-1
393,15,581.66,334.56,31.37,72.05,0.58,-1,-1,-1
393,17,611.05,372.42,34.91,90.66,0.74,-1,-1,-1
393,19,954.54,302.18,22.10,37.23,0.36,-1,-1,-1
393,20,216.46,340.99,35.63,54.49,0.55,-1,-1,-1
393,33,672.14,435.33,39.37,103.67,0.70,-1,-1,-1
393,35,685.73,166.69,20.66,47.16,0.63,-1,-1,-1
393,8,254.31,285.46,32.65,40.33,0.60,-1,-1,-1
393,41,564.78,305.28,28.93,73.61,0.62,-1,-1,-1
393,42,764.26,246.49,27.82,54.92,0.55,-1,-1,-1
393,12,609.18,326.61,28.69,67.65,0.52,-1,-1,-1
393,49,225.56,213.43,28.03,67.20,0.60,-1,-1,-1
393,54,506.19,213.81,22.21,61.74,0.68,-1,-1,-1
393,57,686.29,287.53,30.65,82.04,0.70,-1,-1,-1
393,68,213.94,184.27,18.53,50.91,0.52,-1,-1,-1
393,73,333.23,89.40,16.17,34.47,0.64,-1,-1,-1
393,74,424.77,119.11,14.50,36.78,0.59,-1,-1,-1
393,75,435.33,337.52,35.92,87.54,0.74,-1,-1,-1
393,76,573.44,211.47,24.99,53.87,0.47,-1,-1,-1
393,80,245.30,135.65,19.72,24.10,0.51,-1,-1,-1
393,82,1084.65,339.50,15.99,39.51,0.18,-1,-1,-1
393,84,189.05,94.05,15.84,30.77,0.64,-1,-1,-1
393,24,215.93,383.12,46.77,66.40,0.56,-1,-1,-1
393,85,136.30,325.38,26.19,44.18,0.41,-1,-1,-1
393,90,213.89,49.30,13.43,23.31,0.66,-1,-1,-1
393,91,47.62,304.63,35.07,60.11,0.63,-1,-1,-1
393,92,338.81,341.41,33.93,92.87,0.64,-1,-1,-1
393,93,93.37,115.61,18.21,40.17,0.49,-1,-1,-1
393,21,122.67,523.48,46.99,100.30,0.51,-1,-1,-1
393,81,206.41,266.64,37.46,54.32,0.44,-1,-1,-1
393,94,133.43,57.59,14.05,25.05,0.29,-1,-1,-1
393,87,160.51,100.79,16.23,33.40,0.44,-1,-1,-1
393,47,409.36,260.76,30.21,69.91,0.50,-1,-1,-1
393,95,45.89,140.14,19.96,40.54,0.63,-1,-1,-1
393,30,126.96,522.28,31.58,49.14,0.14,-1,-1,-1
393,69,163.35,496.46,44.50,117.47,0.56,-1,-1,-1
393,97,11.32,153.05,20.73,49.00,0.71,-1,-1,-1
394,3,263.99,320.77,35.62,83.63,0.43,-1,-1,-1
394,4,383.33,236.38,24.84,54.89,0.60,-1,-1,-1
394,6,194.51,433.93,47.52,79.78,0.54,-1,-1,-1
394,9,574.42,182.92,16.26,39.73,0.50,-1,-1,-1
394,10,291.97,320.84,34.53,89.72,0.65,-1,-1,-1
394,15,581.32,331.50,32.38,75.17,0.57,-1,-1,-1
394,17,612.02,372.46,34.75,90.40,0.80,-1,-1,-1
394,19,954.52,302.38,21.70,36.68,0.37,-1,-1,-1
394,20,212.75,339.45,36.94,54.30,0.52,-1,-1,-1
394,33,674.71,436.45,39.84,103.69,0.62,-1,-1,-1
394,35,686.56,166.46,20.77,47.59,0.61,-1,-1,-1
394,8,253.42,284.94,33.12,40.27,0.57,-1,-1,-1
394,41,563.37,304.45,28.61,72.59,0.60,-1,-1,-1
394,42,764.44,246.50,27.95,54.77,0.55,-1,-1,-1
394,12,607.16,326.97,30.24,71.52,0.51,-1,-1,-1
394,49,226.73,212.69,27.94,67.36,0.60,-1,-1,-1
394,54,506.78,213.63,22.06,61.53,0.67,-1,-1,-1
394,57,687.26,287.62,31.86,85.40,0.66,-1,-1,-1
394,68,215.91,183.92,18.29,49.91,0.49,-1,-1,-1
394,73,336.11,89.51,16.03,34.28,0.64,-1,-1,-1
394,74,426.08,118.92,14.73,37.23,0.66,-1,-1,-1
394,75,434.61,338.57,36.28,89.07,0.76,-1,-1,-1
394,76,574.31,214.32,23.01,50.29,0.49,-1,-1,-1
394,80,246.33,134.86,20.29,24.89,0.50,-1,-1,-1
394,82,1084.52,339.21,16.10,39.84,0.16,-1,-1,-1
394,84,190.87,93.83,15.99,30.90,0.59,-1,-1,-1
394,24,216.83,377.58,47.28,67.72,0.51,-1,-1,-1
394,85,138.48,326.96,24.52,41.59,0.44,-1,-1,-1
394,90,215.89,49.16,13.41,23.14,0.63,-1,-1,-1
394,91,48.76,303.42,34.87,59.73,0.63,-1,-1,-1
394,92,338.83,341.21,33.68,91.93,0.66,-1,-1,-1
394,93,95.00,116.44,18.61,41.31,0.56,-1,-1,-1
394,21,121.48,521.97,47.20,101.76,0.58,-1,-1,-1
394,81,205.41,266.14,38.81,56.72,0.46,-1,-1,-1
394,94,136.20,56.07,13.87,24.47,0.23,-1,-1,-1
394,87,164.66,100.12,13.06,26.00,0.40,-1,-1,-1
394,47,410.38,260.22,30.82,71.28,0.53,-1,-1,-1
394,95,48.72,139.26,19.89,40.36,0.59,-1,-1,-1
394,69,161.36,494.00,44.89,120.48,0.68,-1,-1,-1
394,97,16.42,151.81,19.97,47.12,0.66,-1,-1,-1
395,3,263.93,321.59,33.97,80.37,0.46,-1,-1,-1
395,4,383.59,236.10,23.94,52.64,0.59,-1,-1,-1
395,6,191.43,433.19,47.00,79.89,0.60,-1,-1,-1
395,9,575.12,182.98,17.47,43.32,0.48,-1,-1,-1
395,10,291.05,320.56,34.55,89.42,0.65,-1,-1,-1
395,15,581.03,329.46,33.36,78.28,0.56,-1,-1,-1
395,17,613.11,373.60,34.66,89.79,0.75,-1,-1,-1
395,19,953.53,302.55,23.16,36.97,0.36,-1,-1,-1
395,20,210.93,338.42,38.06,53.94,0.52,-1,-1,-1
395,33,675.11,437.38,40.94,104.61,0.62,-1,-1,-1
395,35,687.71,166.68,20.53,47.30,0.60,-1,-1,-1
395,8,253.75,283.35,35.12,42.78,0.54,-1,-1,-1
395,41,563.60,304.78,29.13,73.52,0.62,-1,-1,-1
395,42,764.85,246.51,27.99,54.39,0.58,-1,-1,-1
395,12,604.41,326.94,31.69,75.51,0.45,-1,-1,-1
395,49,227.51,211.70,28.21,68.55,0.58,-1,-1,-1
395,54,507.41,213.22,21.84,61.06,0.66,-1,-1,-1
395,57,688.11,287.99,32.73,87.45,0.66,-1,-1,-1
395,68,217.39,183.72,19.14,52.56,0.40,-1,-1,-1
395,73,338.91,89.40,15.81,34.15,0.64,-1,-1,-1
395,74,428.51,120.97,13.81,34.88,0.53,-1,-1,-1
395,75,434.26,340.32,36.03,88.56,0.74,-1,-1,-1
395,76,575.52,216.18,22.01,48.48,0.46,-1,-1,-1
395,80,248.14,134.60,20.36,24.87,0.52,-1,-1,-1
395,82,1084.67,339.07,16.15,40.06,0.10,-1,-1,-1
395,84,193.74,94.48,15.72,30.21,0.51,-1,-1,-1
395,24,216.80,375.69,46.95,67.40,0.53,-1,-1,-1
395,85,140.23,328.45,22.85,39.00,0.51,-1,-1,-1
395,90,217.93,48.95,13.21,22.65,0.62,-1,-1,-1
395,91,49.29,302.90,33.62,57.74,0.58,-1,-1,-1
395,92,338.71,340.95,33.51,91.54,0.69,-1,-1,-1
395,93,96.31,116.67,18.06,40.45,0.59,-1,-1,-1
395,21,119.58,521.13,46.76,101.65,0.53,-1,-1,-1
395,81,205.86,266.40,38.50,56.31,0.47,-1,-1,-1
395,94,139.21,55.60,14.28,25.26,0.33,-1,-1,-1
395,87,166.22,100.28,12.82,24.71,0.43,-1,-1,-1
395,47,411.01,260.08,30.82,71.41,0.52,-1,-1,-1
395,95,51.66,139.84,19.22,39.05,0.58,-1,-1,-1
395,69,160.31,493.05,43.72,119.30,0.63,-1,-1,-1
395,97,20.71,150.58,19.91,46.90,0.76,-1,-1,-1
396,3,264.46,320.99,33.44,79.48,0.47,-1,-1,-1
396,4,383.96,235.25,25.78,56.51,0.60,-1,-1,-1
396,6,190.43,434.33,45.66,78.45,0.60,-1,-1,-1
396,9,576.97,182.35,16.24,40.12,0.57,-1,-1,-1
396,10,290.27,320.23,34.39,88.46,0.64,-1,-1,-1
396,15,581.83,335.00,31.56,74.27,0.57,-1,-1,-1
396,17,613.70,374.70,34.49,88.78,0.75,-1,-1,-1
396,19,952.03,302.16,24.80,37.36,0.33,-1,-1,-1
396,20,210.42,337.74,39.32,54.35,0.52,-1,-1,-1
396,33,676.11,438.20,41.42,104.72,0.69,-1,-1,-1
396,35,688.82,166.50,20.52,47.47,0.60,-1,-1,-1
396,8,252.56,281.98,38.23,47.02,0.52,-1,-1,-1
396,41,562.30,304.27,29.37,73.68,0.63,-1,-1,-1
396,42,765.09,246.42,28.23,54.46,0.54,-1,-1,-1
396,12,605.29,326.61,29.53,70.54,0.38,-1,-1,-1
396,49,228.41,210.63,26.72,65.07,0.51,-1,-1,-1
396,54,507.18,213.26,21.43,59.95,0.67,-1,-1,-1
396,57,689.88,288.94,33.03,87.95,0.63,-1,-1,-1
396,68,218.58,182.75,19.08,52.45,0.39,-1,-1,-1
396,73,341.53,88.90,15.70,34.01,0.68,-1,-1,-1
396,74,431.66,124.92,12.43,31.11,0.63,-1,-1,-1
396,75,434.27,340.87,35.98,89.16,0.74,-1,-1,-1
396,76,574.96,216.99,21.38,47.78,0.35,-1,-1,-1
396,80,249.78,134.31,20.73,25.26,0.56,-1,-1,-1
396,82,1084.74,339.13,16.11,39.98,0.11,-1,-1,-1
396,84,195.75,93.93,15.85,30.51,0.52,-1,-1,-1
396,24,215.77,374.78,46.88,66.89,0.49,-1,-1,-1
396,85,140.47,327.38,22.84,39.20,0.53,-1,-1,-1
396,90,219.58,48.65,13.28,22.86,0.65,-1,-1,-1
396,91,50.83,303.23,34.05,58.44,0.60,-1,-1,-1
396,92,338.75,340.54,33.19,90.85,0.70,-1,-1,-1
396,93,97.72,115.79,17.88,40.31,0.65,-1,-1,-1
396,21,121.47,523.90,44.95,96.83,0.36,-1,-1,-1
396,81,206.79,264.94,38.69,57.17,0.38,-1,-1,-1
396,94,141.56,55.04,14.77,26.11,0.21,-1,-1,-1
396,87,167.66,99.26,12.88,23.95,0.45,-1,-1,-1
396,47,411.74,259.70,30.27,70.55,0.46,-1,-1,-1
396,95,53.99,139.06,19.29,39.37,0.62,-1,-1,-1
396,69,159.78,493.33,42.01,116.82,0.60,-1,-1,-1
396,97,24.44,149.34,20.36,47.81,0.67,-1,-1,-1
397,3,264.48,320.04,33.17,79.46,0.48,-1,-1,-1
397,4,383.62,234.23,25.26,55.31,0.60,-1,-1,-1
397,6,190.20,436.41,43.60,74.97,0.56,-1,-1,-1
397,9,579.04,181.55,15.18,37.60,0.52,-1,-1,-1
397,10,289.79,319.69,34.59,88.26,0.66,-1,-1,-1
397,15,582.31,340.52,29.51,69.15,0.65,-1,-1,-1
397,17,614.23,374.41,34.94,89.73,0.77,-1,-1,-1
397,19,952.09,302.45,25.91,37.08,0.36,-1,-1,-1
397,20,214.42,336.62,39.56,55.41,0.50,-1,-1,-1
397,33,678.64,437.85,41.71,105.74,0.74,-1,-1,-1
397,35,689.87,166.01,20.55,47.86,0.59,-1,-1,-1
397,8,251.91,279.98,38.51,47.20,0.50,-1,-1,-1
397,41,561.89,304.36,29.45,73.42,0.62,-1,-1,-1
397,42,763.48,246.35,28.70,54.59,0.53,-1,-1,-1
397,12,602.35,326.05,30.83,73.99,0.27,-1,-1,-1
397,49,229.52,210.39,25.97,63.15,0.52,-1,-1,-1
397,54,507.13,212.46,21.68,60.58,0.70,-1,-1,-1
397,57,690.65,288.33,33.64,89.04,0.66,-1,-1,-1
397,68,219.36,182.30,19.24,53.08,0.39,-1,-1,-1
397,73,344.07,88.34,15.85,34.40,0.67,-1,-1,-1
397,74,433.36,123.81,13.09,32.63,0.62,-1,-1,-1
397,75,434.48,342.81,35.46,87.29,0.74,-1,-1,-1
397,76,574.87,207.57,24.84,56.51,0.43,-1,-1,-1
397,80,251.81,134.04,20.55,25.11,0.50,-1,-1,-1
397,84,197.51,93.65,15.92,30.59,0.56,-1,-1,-1
397,24,216.27,375.06,45.91,65.27,0.58,-1,-1,-1
397,85,141.07,326.05,22.51,39.02,0.54,-1,-1,-1
397,90,221.78,49.57,12.94,22.39,0.54,-1,-1,-1
397,91,52.42,303.01,34.52,59.00,0.64,-1,-1,-1
397,92,338.57,339.92,33.12,90.81,0.73,-1,-1,-1
397,93,99.48,115.96,17.43,39.24,0.55,-1,-1,-1
397,21,118.79,522.59,44.53,95.80,0.40,-1,-1,-1
397,81,208.43,261.26,40.20,58.60,0.14,-1,-1,-1
397,94,144.07,54.68,14.69,26.00,0.17,-1,-1,-1
397,87,170.34,98.82,14.13,26.06,0.27,-1,-1,-1
397,47,412.38,259.23,30.03,70.19,0.48,-1,-1,-1
397,95,57.97,138.63,18.78,38.50,0.65,-1,-1,-1
397,69,159.10,494.90,41.21,116.48,0.59,-1,-1,-1
397,97,28.74,149.16,20.40,47.74,0.72,-1,-1,-1
398,3,264.41,318.96,34.46,82.49,0.51,-1,-1,-1
398,4,381.92,232.73,23.64,52.14,0.59,-1,-1,-1
398,6,190.21,435.93,43.06,74.42,0.56,-1,-1,-1
398,9,580.70,181.29,15.80,39.64,0.47,-1,-1,-1
398,10,289.21,319.25,34.89,88.27,0.65,-1,-1,-1
398,15,582.26,342.18,29.31,68.38,0.56,-1,-1,-1
398,17,614.41,374.95,34.86,89.44,0.78,-1,-1,-1
398,19,952.02,302.53,26.48,36.71,0.40,-1,-1,-1
398,20,214.52,335.96,40.78,57.69,0.50,-1,-1,-1
398,33,680.39,437.29,41.55,105.71,0.82,-1,-1,-1
398,35,690.99,165.75,20.35,47.41,0.60,-1,-1,-1
398,8,251.64,279.36,37.49,45.23,0.52,-1,-1,-1
398,41,562.29,304.48,29.35,72.34,0.68,-1,-1,-1
398,42,762.72,246.25,29.01,54.62,0.52,-1,-1,-1
398,12,602.31,326.58,28.59,68.15,0.40,-1,-1,-1
398,49,229.76,209.89,26.38,64.31,0.53,-1,-1,-1
398,54,507.50,212.12,21.82,60.89,0.68,-1,-1,-1
398,57,691.47,287.75,34.03,89.35,0.65,-1,-1,-1
398,68,221.29,182.57,18.38,50.63,0.49,-1,-1,-1
398,73,346.80,88.03,15.47,34.01,0.61,-1,-1,-1
398,74,434.16,120.60,14.25,35.34,0.67,-1,-1,-1
398,75,435.41,343.52,35.01,86.01,0.70,-1,-1,-1
398,76,576.30,207.69,24.68,56.41,0.39,-1,-1,-1
398,80,254.06,133.95,20.09,24.60,0.46,-1,-1,-1
398,84,199.25,93.04,16.17,30.74,0.55,-1,-1,-1
398,24,214.68,374.75,46.90,66.02,0.62,-1,-1,-1
398,85,139.77,322.48,24.52,42.64,0.53,-1,-1,-1
398,90,222.98,49.20,13.68,23.88,0.52,-1,-1,-1
398,91,53.33,301.14,35.35,59.94,0.64,-1,-1,-1
398,92,338.23,339.25,33.06,90.73,0.73,-1,-1,-1
398,93,100.86,115.86,17.33,38.77,0.52,-1,-1,-1
398,21,117.62,522.24,43.84,94.28,0.43,-1,-1,-1
398,81,211.45,261.42,36.69,54.15,0.33,-1,-1,-1
398,94,148.13,55.44,13.56,23.80,0.17,-1,-1,-1
398,87,171.78,98.47,16.64,30.99,0.34,-1,-1,-1
398,47,413.11,258.86,26.71,62.82,0.48,-1,-1,-1
398,95,60.54,138.43,18.83,38.79,0.70,-1,-1,-1
398,69,161.39,498.35,32.78,91.51,0.56,-1,-1,-1
398,97,31.67,148.56,20.56,47.70,0.63,-1,-1,-1
398,98,116.38,108.22,17.25,35.12,0.57,-1,-1,-1
399,3,264.68,317.65,35.28,84.33,0.36,-1,-1,-1
399,4,380.94,229.85,23.14,51.63,0.70,-1,-1,-1
399,6,190.38,434.23,43.89,76.00,0.69,-1,-1,-1
399,9,581.80,181.52,16.49,41.98,0.48,-1,-1,-1
399,10,288.39,318.64,35.33,88.48,0.63,-1,-1,-1
399,15,582.04,339.36,30.72,71.12,0.55,-1,-1,-1
399,17,614.66,374.64,34.85,89.44,0.77,-1,-1,-1
399,19,951.10,302.23,27.90,37.15,0.35,-1,-1,-1
399,20,211.30,335.44,42.23,59.68,0.51,-1,-1,-1
399,33,682.68,436.83,41.57,106.42,0.87,-1,-1,-1
399,35,691.78,165.92,20.28,47.25,0.63,-1,-1,-1
399,8,250.00,278.93,38.00,45.17,0.48,-1,-1,-1
399,41,562.70,304.79,30.20,73.57,0.65,-1,-1,-1
399,42,762.49,246.18,29.32,54.86,0.53,-1,-1,-1
399,12,602.56,325.59,27.55,65.65,0.32,-1,-1,-1
399,49,229.32,207.87,27.32,66.72,0.40,-1,-1,-1
399,54,508.12,211.59,21.86,61.00,0.69,-1,-1,-1
399,57,691.86,287.70,34.32,89.42,0.58,-1,-1,-1
399,68,223.48,182.26,17.15,46.91,0.44,-1,-1,-1
399,73,349.39,87.82,15.08,33.34,0.63,-1,-1,-1
399,74,435.39,119.36,14.38,35.37,0.67,-1,-1,-1
399,75,436.92,343.57,34.79,85.38,0.72,-1,-1,-1
399,76,577.88,209.83,23.41,53.63,0.42,-1,-1,-1
399,80,256.14,133.80,19.74,24.07,0.42,-1,-1,-1
399,84,201.02,92.84,16.19,30.62,0.59,-1,-1,-1
399,24,216.23,375.51,45.69,64.37,0.61,-1,-1,-1
399,85,141.35,323.30,23.67,41.47,0.53,-1,-1,-1
399,90,224.33,48.53,13.84,24.30,0.61,-1,-1,-1
399,91,53.82,299.96,35.51,59.77,0.64,-1,-1,-1
399,92,338.19,338.73,33.00,90.81,0.75,-1,-1,-1
399,93,102.21,114.42,17.28,39.00,0.49,-1,-1,-1
399,21,113.17,519.44,42.18,90.94,0.39,-1,-1,-1
399,81,214.61,264.35,32.21,47.39,0.41,-1,-1,-1
399,94,150.76,54.48,14.06,24.58,0.37,-1,-1,-1
399,87,173.39,98.38,16.35,30.43,0.47,-1,-1,-1
399,47,413.55,258.23,28.19,66.62,0.48,-1,-1,-1
399,95,62.71,137.46,19.04,39.39,0.72,-1,-1,-1
399,69,158.79,498.98,37.20,104.91,0.60,-1,-1,-1
399,97,36.34,148.64,20.69,47.65,0.64,-1,-1,-1
399,98,118.48,108.09,16.76,34.13,0.47,-1,-1,-1
399,30,114.05,516.58,29.03,44.58,0.51,-1,-1,-1
400,3,264.89,316.40,35.71,85.40,0.37,-1,-1,-1
400,4,380.63,229.05,22.41,50.42,0.70,-1,-1,-1
400,6,188.76,430.59,46.05,79.49,0.62,-1,-1,-1
400,9,582.03,181.02,17.66,45.93,0.49,-1,-1,-1
400,10,289.79,317.62,34.92,87.60,0.60,-1,-1,-1
400,15,581.96,343.14,29.49,66.97,0.62,-1,-1,-1
400,17,615.86,374.93,34.57,88.45,0.75,-1,-1,-1
400,19,952.85,302.14,28.29,37.08,0.37,-1,-1,-1
400,20,213.68,334.81,42.23,60.41,0.57,-1,-1,-1
400,33,684.82,436.98,41.68,107.66,0.85,-1,-1,-1
400,35,692.26,165.80,20.35,47.49,0.59,-1,-1,-1
400,8,251.11,278.67,38.60,46.05,0.50,-1,-1,-1
400,41,562.27,305.69,30.75,73.76,0.60,-1,-1,-1
400,42,762.26,246.02,29.50,55.10,0.55,-1,-1,-1
400,12,602.02,324.13,27.18,64.57,0.31,-1,-1,-1
400,49,228.29,203.23,28.96,70.81,0.38,-1,-1,-1
400,54,508.99,211.43,21.73,60.64,0.66,-1,-1,-1
400,57,692.15,286.42,34.87,90.81,0.53,-1,-1,-1
400,68,225.08,181.56,16.38,44.42,0.34,-1,-1,-1
400,73,352.00,87.20,15.30,34.02,0.67,-1,-1,-1
400,74,436.84,118.56,14.67,35.60,0.59,-1,-1,-1
400,75,438.38,343.98,34.62,85.25,0.71,-1,-1,-1
400,76,578.91,211.46,22.57,51.66,0.44,-1,-1,-1
400,80,258.20,133.46,19.77,24.00,0.50,-1,-1,-1
400,84,203.46,92.19,16.17,30.47,0.45,-1,-1,-1
400,24,216.82,375.79,44.36,61.99,0.58,-1,-1,-1
400,85,142.70,323.44,23.28,40.99,0.53,-1,-1,-1
400,90,226.32,47.18,13.77,24.19,0.66,-1,-1,-1
400,91,54.21,299.37,35.16,58.97,0.63,-1,-1,-1
400,92,337.93,337.94,33.09,91.18,0.73,-1,-1,-1
400,93,103.60,113.70,17.89,40.82,0.54,-1,-1,-1
400,21,110.81,517.63,42.15,91.30,0.40,-1,-1,-1
400,81,216.60,264.51,29.54,42.94,0.28,-1,-1,-1
400,94,154.19,55.11,13.41,23.42,0.40,-1,-1,-1
400,87,175.56,98.19,16.30,30.32,0.40,-1,-1,-1
400,47,414.11,257.91,27.57,65.51,0.52,-1,-1,-1
400,95,66.35,137.45,18.27,37.92,0.62,-1,-1,-1
400,69,156.39,495.02,39.33,111.83,0.49,-1,-1,-1
400,97,41.15,147.56,20.58,47.09,0.59,-1,-1,-1
400,98,121.04,108.53,16.40,33.44,0.45,-1,-1,-1
400,30,112.68,514.74,30.84,46.85,0.48,-1,-1,-1
401,3,264.59,315.86,35.74,85.58,0.45,-1,-1,-1
401,4,380.06,227.43,22.75,51.45,0.68,-1,-1,-1
401,6,187.19,430.46,46.90,80.07,0.56,-1,-1,-1
401,9,583.48,180.95,16.23,42.48,0.50,-1,-1,-1
401,10,288.73,317.21,35.24,87.59,0.59,-1,-1,-1
401,15,578.59,335.14,32.29,73.67,0.54,-1,-1,-1
401,17,616.96,375.85,33.98,86.53,0.74,-1,-1,-1
401,19,951.39,301.89,29.21,37.30,0.33,-1,-1,-1
401,20,216.39,334.17,40.02,57.57,0.57,-1,-1,-1
401,33,687.00,437.72,41.87,108.64,0.85,-1,-1,-1
401,35,694.00,165.53,20.38,47.61,0.53,-1,-1,-1
401,8,251.69,278.76,37.44,44.01,0.48,-1,-1,-1
401,41,561.34,307.14,30.54,72.07,0.59,-1,-1,-1
401,42,762.12,245.84,29.54,55.21,0.55,-1,-1,-1
401,12,601.52,323.28,27.21,64.22,0.25,-1,-1,-1
401,49,226.06,197.23,31.40,76.80,0.34,-1,-1,-1
401,54,509.61,211.17,21.64,60.40,0.63,-1,-1,-1
401,57,693.66,285.64,34.65,90.37,0.57,-1,-1,-1
401,68,226.65,180.59,15.55,41.52,0.28,-1,-1,-1
401,73,354.88,86.51,14.64,32.67,0.63,-1,-1,-1
401,74,439.33,118.35,14.79,35.56,0.63,-1,-1,-1
401,75,438.79,344.52,35.24,86.86,0.72,-1,-1,-1
401,76,577.96,210.29,22.59,52.19,0.48,-1,-1,-1
401,80,259.98,132.68,19.90,24.24,0.49,-1,-1,-1
401,84,205.44,92.76,15.93,29.97,0.41,-1,-1,-1
401,24,212.97,375.99,45.87,62.80,0.58,-1,-1,-1
401,85,143.41,323.03,23.03,40.72,0.49,-1,-1,-1
401,90,228.12,47.31,13.13,23.29,0.58,-1,-1,-1
401,91,54.47,298.22,35.61,59.50,0.63,-1,-1,-1
401,92,337.14,337.51,33.10,91.32,0.79,-1,-1,-1
401,93,105.18,114.44,17.47,39.83,0.65,-1,-1,-1
401,21,109.90,517.88,41.01,89.07,0.32,-1,-1,-1
401,81,217.49,262.66,29.51,42.80,0.29,-1,-1,-1
401,94,156.52,55.11,13.72,23.92,0.53,-1,-1,-1
401,87,177.66,97.12,15.71,29.10,0.28,-1,-1,-1
401,47,414.23,257.17,27.45,65.61,0.50,-1,-1,-1
401,95,68.87,136.71,18.68,39.02,0.75,-1,-1,-1
401,69,155.09,489.86,36.25,103.04,0.38,-1,-1,-1
401,97,45.16,146.62,20.55,47.07,0.68,-1,-1,-1
401,98,123.41,108.50,16.52,33.72,0.66,-1,-1,-1
401,30,111.93,513.26,31.72,47.39,0.43,-1,-1,-1
401,99,0.35,223.85,16.82,59.89,0.67,-1,-1,-1
401,100,109.40,96.19,15.95,35.49,0.52,-1,-1,-1
402,3,264.09,314.60,35.94,86.21,0.44,-1,-1,-1
402,4,379.59,225.26,23.44,53.29,0.65,-1,-1,-1
402,6,188.06,432.35,43.47,74.52,0.59,-1,-1,-1
402,9,584.25,181.19,16.46,43.46,0.50,-1,-1,-1
402,10,290.64,316.17,34.92,87.72,0.56,-1,-1,-1
402,15,577.03,331.54,33.49,76.61,0.51,-1,-1,-1
402,17,617.87,376.98,33.81,86.10,0.75,-1,-1,-1
402,19,951.39,301.65,29.94,37.41,0.36,-1,-1,-1
402,20,215.53,333.72,41.13,59.58,0.60,-1,-1,-1
402,33,688.39,438.80,42.06,109.44,0.83,-1,-1,-1
402,35,695.85,166.55,19.82,46.22,0.53,-1,-1,-1
402,8,250.62,277.61,39.90,47.08,0.42,-1,-1,-1
402,41,561.18,308.36,31.00,72.12,0.57,-1,-1,-1
402,42,762.26,245.65,29.94,56.20,0.58,-1,-1,-1
402,12,601.72,322.67,27.77,65.78,0.33,-1,-1,-1
402,49,230.78,201.56,29.08,71.46,0.29,-1,-1,-1
402,54,510.21,210.38,21.77,60.90,0.63,-1,-1,-1
402,57,695.90,287.53,33.58,87.88,0.67,-1,-1,-1
402,68,227.34,180.09,16.88,44.75,0.30,-1,-1,-1
402,73,357.08,86.67,14.56,32.68,0.61,-1,-1,-1
402,74,440.58,117.92,14.88,35.50,0.59,-1,-1,-1
402,75,439.13,346.05,35.18,86.85,0.68,-1,-1,-1
402,76,577.68,210.09,22.42,52.35,0.49,-1,-1,-1
402,80,261.42,132.27,20.34,24.88,0.42,-1,-1,-1
402,84,207.80,92.31,15.83,30.03,0.44,-1,-1,-1
402,24,210.69,374.88,47.61,64.17,0.56,-1,-1,-1
402,85,139.83,317.72,25.80,45.10,0.53,-1,-1,-1
402,90,230.15,49.00,12.38,22.18,0.46,-1,-1,-1
402,91,54.95,297.34,35.46,59.05,0.62,-1,-1,-1
402,92,336.24,336.93,33.30,92.01,0.82,-1,-1,-1
402,93,106.65,115.17,17.01,38.57,0.74,-1,-1,-1
402,81,216.14,247.71,39.10,57.66,0.29,-1,-1,-1
402,94,159.10,54.61,14.18,24.78,0.51,-1,-1,-1
402,87,181.03,97.23,14.05,25.74,0.36,-1,-1,-1
402,47,414.79,256.19,27.38,65.85,0.48,-1,-1,-1
402,95,70.80,135.96,18.52,38.86,0.65,-1,-1,-1
402,69,151.13,486.18,37.66,106.53,0.43,-1,-1,-1
402,97,50.07,146.63,19.95,45.73,0.62,-1,-1,-1
402,98,125.20,107.18,17.00,34.71,0.47,-1,-1,-1
402,30,109.40,511.53,36.77,55.41,0.49,-1,-1,-1
402,99,0.58,220.79,16.83,59.84,0.64,-1,-1,-1
402,100,110.88,95.88,14.02,31.11,0.37,-1,-1,-1
402,101,204.93,202.90,29.31,65.79,0.59,-1,-1,-1
403,3,264.32,315.28,35.36,84.94,0.45,-1,-1,-1
403,4,379.79,224.64,22.46,51.26,0.62,-1,-1,-1
403,6,187.70,431.15,42.83,73.50,0.52,-1,-1,-1
403,9,583.72,181.08,19.83,53.08,0.48,-1,-1,-1
403,10,290.54,315.58,34.76,87.60,0.54,-1,-1,-1
403,15,576.12,331.12,33.45,76.71,0.51,-1,-1,-1
403,17,618.58,377.44,34.21,86.95,0.68,-1,-1,-1
403,19,952.92,301.02,30.61,38.25,0.32,-1,-1,-1
403,20,213.60,333.41,42.07,60.77,0.59,-1,-1,-1
403,33,690.71,440.93,41.94,109.53,0.77,-1,-1,-1
403,35,697.00,166.82,19.38,45.17,0.56,-1,-1,-1
403,8,249.68,275.07,42.01,49.87,0.31,-1,-1,-1
403,41,560.90,309.09,31.16,71.61,0.55,-1,-1,-1
403,42,762.28,245.44,30.25,56.98,0.57,-1,-1,-1
403,12,601.28,323.66,29.76,71.49,0.35,-1,-1,-1
403,49,231.27,189.85,30.53,76.32,0.15,-1,-1,-1
403,54,510.69,210.00,21.84,61.29,0.62,-1,-1,-1
403,57,698.51,286.56,33.75,89.27,0.71,-1,-1,-1
403,68,227.83,179.28,19.47,51.91,0.40,-1,-1,-1
403,73,360.30,86.66,14.36,32.04,0.73,-1,-1,-1
403,74,441.70,117.40,14.97,35.52,0.55,-1,-1,-1
403,75,439.17,347.27,35.10,87.08,0.69,-1,-1,-1
403,76,578.63,210.82,21.85,51.58,0.43,-1,-1,-1
403,80,263.58,131.67,20.41,24.99,0.52,-1,-1,-1
403,84,209.98,91.31,16.07,30.89,0.21,-1,-1,-1
403,24,210.60,374.35,48.35,64.69,0.60,-1,-1,-1
403,85,142.67,319.13,24.36,42.73,0.56,-1,-1,-1
403,90,231.90,49.25,11.99,21.60,0.56,-1,-1,-1
403,91,55.91,296.82,35.21,58.43,0.63,-1,-1,-1
403,92,335.81,336.51,33.15,91.79,0.82,-1,-1,-1
403,93,108.79,113.61,17.53,39.85,0.51,-1,-1,-1
403,81,218.27,253.48,37.04,54.31,0.35,-1,-1,-1
403,94,161.55,54.07,14.44,25.48,0.58,-1,-1,-1
403,87,181.12,96.87,16.83,31.24,0.46,-1,-1,-1
403,47,415.61,255.56,27.06,65.41,0.50,-1,-1,-1
403,95,73.52,136.48,18.00,37.80,0.64,-1,-1,-1
403,69,150.59,484.39,37.60,106.09,0.41,-1,-1,-1
403,97,53.76,145.96,20.16,46.21,0.60,-1,-1,-1
403,98,127.59,106.49,16.92,34.67,0.25,-1,-1,-1
403,99,1.70,219.83,16.66,58.83,0.62,-1,-1,-1
403,100,114.08,95.56,12.92,28.49,0.49,-1,-1,-1
403,101,207.53,202.71,29.86,66.75,0.59,-1,-1,-1
403,21,108.92,510.91,39.35,85.03,0.53,-1,-1,-1
404,3,263.96,313.84,35.51,85.47,0.42,-1,-1,-1
404,4,379.86,224.38,21.89,50.15,0.62,-1,-1,-1
404,6,187.45,431.33,41.68,71.10,0.48,-1,-1,-1
404,9,585.50,180.93,18.83,50.87,0.49,-1,-1,-1
404,10,290.96,314.89,34.41,87.13,0.54,-1,-1,-1
404,15,575.31,331.96,33.16,76.41,0.44,-1,-1,-1
404,17,618.98,378.14,35.18,89.55,0.68,-1,-1,-1
404,19,953.70,300.86,31.23,38.74,0.29,-1,-1,-1
404,20,209.69,331.39,46.13,66.64,0.57,-1,-1,-1
404,33,691.59,442.41,41.83,109.52,0.77,-1,-1,-1
404,35,697.83,166.65,19.49,45.26,0.57,-1,-1,-1
404,8,250.61,275.57,41.30,49.33,0.28,-1,-1,-1
404,41,560.19,309.11,32.70,74.65,0.53,-1,-1,-1
404,42,762.22,245.24,30.51,57.64,0.55,-1,-1,-1
404,12,602.59,324.76,28.11,67.86,0.40,-1,-1,-1
404,49,235.65,199.67,25.38,62.90,0.16,-1,-1,-1
404,54,511.75,209.95,21.62,61.24,0.62,-1,-1,-1
404,57,700.66,284.68,33.97,91.08,0.69,-1,-1,-1
404,68,228.78,178.63,20.02,53.66,0.39,-1,-1,-1
404,73,363.58,86.43,14.52,32.25,0.61,-1,-1,-1
404,74,443.04,117.74,14.96,35.15,0.57,-1,-1,-1
404,75,439.15,347.56,34.84,86.29,0.68,-1,-1,-1
404,76,578.37,209.38,21.77,52.11,0.41,-1,-1,-1
404,80,264.70,131.76,20.41,24.96,0.52,-1,-1,-1
404,84,212.58,91.34,15.92,31.02,0.38,-1,-1,-1
404,24,212.38,374.74,47.52,63.87,0.53,-1,-1,-1
404,85,145.55,320.28,23.22,40.84,0.46,-1,-1,-1
404,90,233.50,49.20,11.57,20.73,0.42,-1,-1,-1
404,91,56.92,296.13,34.84,57.62,0.58,-1,-1,-1
404,92,335.40,335.99,33.05,91.78,0.82,-1,-1,-1
404,93,110.70,113.66,17.26,39.38,0.60,-1,-1,-1
404,81,220.82,258.07,34.05,49.58,0.44,-1,-1,-1
404,94,164.49,54.18,14.03,24.84,0.56,-1,-1,-1
404,87,182.64,96.22,17.75,33.15,0.50,-1,-1,-1
404,47,416.33,255.42,26.93,65.25,0.48,-1,-1,-1
404,95,75.76,135.75,17.94,37.55,0.68,-1,-1,-1
404,69,147.93,480.93,34.04,93.69,0.40,-1,-1,-1
404,97,58.14,146.19,19.83,45.31,0.66,-1,-1,-1
404,98,129.92,106.41,16.40,33.47,0.47,-1,-1,-1
404,99,2.42,218.26,16.99,59.33,0.51,-1,-1,-1
404,100,115.78,95.41,13.56,29.80,0.65,-1,-1,-1
404,101,207.75,202.71,28.45,63.33,0.64,-1,-1,-1
404,21,107.33,509.16,41.94,91.03,0.50,-1,-1,-1
405,3,263.79,312.43,35.64,86.03,0.40,-1,-1,-1
405,4,379.92,224.46,21.55,49.36,0.59,-1,-1,-1
405,6,186.30,426.95,44.21,75.20,0.55,-1,-1,-1
405,9,585.44,181.25,22.88,62.96,0.15,-1,-1,-1
405,10,291.23,313.94,34.15,86.82,0.56,-1,-1,-1
405,15,574.36,331.06,33.87,78.74,0.41,-1,-1,-1
405,17,619.58,378.18,36.19,90.81,0.64,-1,-1,-1
405,19,955.36,301.34,30.01,37.84,0.27,-1,-1,-1
405,20,210.79,331.80,45.85,66.54,0.59,-1,-1,-1
405,33,691.97,443.14,41.78,109.63,0.76,-1,-1,-1
405,35,698.80,166.32,19.51,45.38,0.59,-1,-1,-1
405,8,250.23,267.62,45.99,56.85,0.14,-1,-1,-1
405,41,559.55,310.43,32.84,74.19,0.57,-1,-1,-1
405,42,762.09,245.39,30.16,57.30,0.56,-1,-1,-1
405,12,603.68,325.34,27.34,66.31,0.44,-1,-1,-1
405,54,512.78,210.03,21.32,60.84,0.62,-1,-1,-1
405,57,702.11,284.68,33.52,90.41,0.70,-1,-1,-1
405,68,230.55,178.42,18.91,50.14,0.46,-1,-1,-1
405,73,366.30,86.23,14.34,31.78,0.68,-1,-1,-1
405,74,444.60,117.02,15.67,36.40,0.56,-1,-1,-1
405,75,439.45,348.10,34.41,85.60,0.67,-1,-1,-1
405,76,578.44,209.57,21.17,51.28,0.51,-1,-1,-1
405,80,266.80,131.48,20.27,24.92,0.51,-1,-1,-1
405,84,214.60,91.08,15.77,30.93,0.41,-1,-1,-1
405,24,213.65,371.59,47.33,63.43,0.49,-1,-1,-1
405,85,147.43,320.58,22.76,40.03,0.46,-1,-1,-1
405,90,235.68,49.51,11.16,19.98,0.50,-1,-1,-1
405,91,57.82,295.62,34.89,57.57,0.59,-1,-1,-1
405,92,334.68,335.29,33.18,92.30,0.84,-1,-1,-1
405,93,112.04,113.13,17.21,39.18,0.54,-1,-1,-1
405,81,221.40,259.61,32.42,46.88,0.35,-1,-1,-1
405,94,167.21,53.98,14.01,24.85,0.49,-1,-1,-1
405,87,184.76,96.66,18.84,35.85,0.48,-1,-1,-1
405,47,417.18,255.31,26.76,65.07,0.53,-1,-1,-1
405,95,78.55,134.95,17.86,37.49,0.65,-1,-1,-1
405,69,144.91,477.63,30.16,82.11,0.33,-1,-1,-1
405,97,62.70,146.64,19.05,43.74,0.60,-1,-1,-1
405,98,132.37,106.13,16.47,33.59,0.67,-1,-1,-1
405,99,3.32,218.62,17.15,58.82,0.59,-1,-1,-1
405,100,116.12,95.29,15.34,33.64,0.62,-1,-1,-1
405,101,208.38,202.31,27.67,61.64,0.58,-1,-1,-1
405,21,105.74,507.94,43.79,95.60,0.42,-1,-1,-1
406,3,264.15,312.08,35.53,85.85,0.39,-1,-1,-1
406,4,380.08,224.19,21.03,47.97,0.59,-1,-1,-1
406,6,186.23,424.26,46.66,78.97,0.52,-1,-1,-1
406,9,588.63,180.54,20.11,55.07,0.38,-1,-1,-1
406,10,291.20,313.69,32.21,81.71,0.55,-1,-1,-1
406,15,572.94,330.19,34.39,80.83,0.38,-1,-1,-1
406,17,620.98,378.45,37.11,92.47,0.64,-1,-1,-1
406,19,955.97,301.52,29.05,37.30,0.31,-1,-1,-1
406,20,212.98,331.49,42.79,61.81,0.61,-1,-1,-1
406,33,692.28,443.60,41.56,109.43,0.77,-1,-1,-1
406,35,699.41,165.25,19.86,46.38,0.61,-1,-1,-1
406,8,245.57,253.96,50.65,64.62,0.50,-1,-1,-1
406,41,555.98,311.82,33.76,76.55,0.59,-1,-1,-1
406,42,762.36,245.54,29.96,57.35,0.59,-1,-1,-1
406,12,602.60,322.25,30.43,75.39,0.48,-1,-1,-1
406,54,513.54,210.03,21.06,60.44,0.61,-1,-1,-1
406,57,703.30,284.76,33.48,90.39,0.64,-1,-1,-1
406,68,231.72,178.39,18.64,49.35,0.51,-1,-1,-1
406,73,368.84,85.84,14.43,31.95,0.72,-1,-1,-1
406,74,446.99,117.16,15.61,36.05,0.61,-1,-1,-1
406,75,439.22,347.60,34.31,85.67,0.73,-1,-1,-1
406,76,578.64,210.00,20.82,50.85,0.59,-1,-1,-1
406,80,269.90,131.71,19.31,23.58,0.45,-1,-1,-1
406,84,217.96,92.42,15.23,29.85,0.36,-1,-1,-1
406,24,214.04,369.28,47.40,63.66,0.45,-1,-1,-1
406,85,148.36,319.98,23.08,40.67,0.46,-1,-1,-1
406,90,237.24,49.60,10.88,19.34,0.45,-1,-1,-1
406,91,58.05,294.21,35.91,59.67,0.57,-1,-1,-1
406,92,334.00,335.01,33.05,92.01,0.84,-1,-1,-1
406,93,113.77,113.07,16.94,38.50,0.60,-1,-1,-1
406,81,222.11,259.47,33.59,48.91,0.37,-1,-1,-1
406,94,170.61,54.39,12.75,22.46,0.45,-1,-1,-1
406,87,187.93,96.50,16.53,31.26,0.38,-1,-1,-1
406,47,417.74,255.40,26.75,65.40,0.52,-1,-1,-1
406,95,80.21,134.89,18.11,37.89,0.60,-1,-1,-1
406,69,141.37,475.59,27.01,72.56,0.12,-1,-1,-1
406,97,63.66,144.40,20.16,46.42,0.59,-1,-1,-1
406,98,134.70,105.60,16.54,33.68,0.50,-1,-1,-1
406,99,3.45,219.65,17.35,58.39,0.64,-1,-1,-1
406,100,118.28,95.24,14.38,31.31,0.48,-1,-1,-1
406,101,209.62,202.22,27.07,60.53,0.58,-1,-1,-1
406,21,110.90,517.42,40.93,87.74,0.36,-1,-1,-1
407,3,264.51,311.17,35.30,85.39,0.44,-1,-1,-1
407,4,380.13,224.20,20.83,47.51,0.60,-1,-1,-1
407,6,183.36,425.86,50.17,82.45,0.46,-1,-1,-1
407,9,590.14,180.24,19.62,53.33,0.33,-1,-1,-1
407,10,291.21,313.42,31.29,79.32,0.57,-1,-1,-1
407,15,570.14,334.16,33.36,78.17,0.41,-1,-1,-1
407,17,621.26,378.28,37.32,92.36,0.64,-1,-1,-1
407,19,955.51,301.90,28.24,37.03,0.32,-1,-1,-1
407,20,213.28,330.86,42.60,61.51,0.63,-1,-1,-1
407,33,692.90,442.99,41.07,108.73,0.81,-1,-1,-1
407,35,700.19,165.20,19.85,46.25,0.67,-1,-1,-1
407,8,242.64,247.45,51.44,68.30,0.48,-1,-1,-1
407,41,553.60,312.55,34.36,78.45,0.50,-1,-1,-1
407,42,762.96,245.50,29.66,57.18,0.59,-1,-1,-1
407,12,604.26,321.16,29.11,72.22,0.47,-1,-1,-1
407,54,514.94,210.42,20.70,59.08,0.63,-1,-1,-1
407,57,704.97,284.85,34.13,91.31,0.65,-1,-1,-1
407,68,232.87,178.26,18.67,49.58,0.52,-1,-1,-1
407,73,372.57,85.53,14.61,32.34,0.59,-1,-1,-1
407,74,448.40,116.65,15.75,36.35,0.66,-1,-1,-1
407,75,439.02,347.50,34.60,86.28,0.67,-1,-1,-1
407,76,579.27,209.67,20.90,51.39,0.43,-1,-1,-1
407,80,272.16,131.76,18.61,22.63,0.46,-1,-1,-1
407,84,219.86,91.33,15.38,30.49,0.39,-1,-1,-1
407,24,213.75,368.49,47.35,63.37,0.53,-1,-1,-1
407,85,150.32,319.60,22.77,40.40,0.49,-1,-1,-1
407,90,239.33,50.20,10.76,19.16,0.51,-1,-1,-1
407,91,59.28,293.97,35.13,58.27,0.56,-1,-1,-1
407,92,333.54,334.26,32.98,92.15,0.84,-1,-1,-1
407,93,115.24,112.87,17.01,38.55,0.61,-1,-1,-1
407,81,221.39,257.00,37.26,55.17,0.33,-1,-1,-1
407,94,173.62,54.34,12.45,21.83,0.44,-1,-1,-1
407,87,189.39,96.26,17.62,33.71,0.49,-1,-1,-1
407,47,418.13,255.23,26.76,65.73,0.51,-1,-1,-1
407,95,83.77,134.60,18.02,37.70,0.56,-1,-1,-1
407,69,144.32,474.79,26.43,69.52,0.28,-1,-1,-1
407,97,65.22,141.97,20.57,47.56,0.65,-1,-1,-1
407,98,137.15,105.56,16.39,33.48,0.50,-1,-1,-1
407,99,3.95,217.60,17.73,58.23,0.72,-1,-1,-1
407,100,120.52,95.41,14.02,30.37,0.45,-1,-1,-1
407,101,210.81,201.40,27.48,61.67,0.59,-1,-1,-1
407,21,105.59,509.51,44.88,97.26,0.49,-1,-1,-1
408,3,265.55,311.04,34.84,83.06,0.42,-1,-1,-1
408,4,380.13,222.27,20.80,47.52,0.67,-1,-1,-1
408,6,183.32,423.76,49.20,81.73,0.50,-1,-1,-1
408,9,592.04,180.76,17.44,46.79,0.30,-1,-1,-1
408,10,290.96,313.06,31.16,78.92,0.58,-1,-1,-1
408,15,569.32,335.97,32.68,76.74,0.43,-1,-1,-1
408,17,622.01,378.41,37.32,92.04,0.67,-1,-1,-1
408,19,955.22,302.08,27.78,37.07,0.31,-1,-1,-1
408,20,212.94,330.44,43.10,62.16,0.63,-1,-1,-1
408,33,694.01,441.76,41.10,110.33,0.84,-1,-1,-1
408,35,701.11,165.35,19.83,46.01,0.66,-1,-1,-1
408,8,243.69,244.76,51.74,71.03,0.40,-1,-1,-1
408,41,551.54,313.04,33.92,78.05,0.60,-1,-1,-1
408,42,765.47,246.00,28.42,54.73,0.61,-1,-1,-1
408,12,605.27,320.80,28.61,71.16,0.53,-1,-1,-1
408,54,515.81,210.30,20.67,58.63,0.64,-1,-1,-1
408,57,706.14,285.69,34.35,90.94,0.62,-1,-1,-1
408,68,234.08,178.19,18.60,49.34,0.50,-1,-1,-1
408,73,374.95,85.31,14.99,32.97,0.65,-1,-1,-1
408,74,449.60,116.68,15.82,36.50,0.67,-1,-1,-1
408,75,437.80,347.04,35.24,88.18,0.66,-1,-1,-1
408,76,580.07,208.86,20.79,51.52,0.47,-1,-1,-1
408,80,273.72,131.24,19.01,23.06,0.33,-1,-1,-1
408,84,222.26,90.81,15.13,30.20,0.29,-1,-1,-1
408,24,210.81,368.85,47.68,62.94,0.49,-1,-1,-1
408,85,149.84,319.11,22.63,40.05,0.50,-1,-1,-1
408,90,240.81,50.16,10.75,19.06,0.47,-1,-1,-1
408,91,60.07,293.64,34.62,57.35,0.63,-1,-1,-1
408,92,332.67,333.48,33.06,92.64,0.83,-1,-1,-1
408,93,117.52,113.29,16.94,38.22,0.39,-1,-1,-1
408,81,221.13,256.67,38.16,57.12,0.34,-1,-1,-1
408,94,175.95,54.14,13.14,22.99,0.39,-1,-1,-1
408,87,192.48,95.76,15.91,30.39,0.39,-1,-1,-1
408,47,418.39,255.33,26.93,66.43,0.55,-1,-1,-1
408,95,85.75,134.66,18.00,37.29,0.58,-1,-1,-1
408,69,146.66,473.95,24.38,61.49,0.13,-1,-1,-1
408,97,70.68,138.99,21.56,50.04,0.29,-1,-1,-1
408,98,139.45,104.72,16.60,34.03,0.60,-1,-1,-1
408,99,4.96,215.09,18.55,59.51,0.63,-1,-1,-1
408,100,121.32,95.02,15.99,34.68,0.61,-1,-1,-1
408,101,212.52,200.44,27.77,62.81,0.63,-1,-1,-1
408,21,104.73,507.08,45.13,97.97,0.63,-1,-1,-1
409,3,265.48,310.70,34.82,82.17,0.40,-1,-1,-1
409,4,379.70,221.57,20.99,48.03,0.66,-1,-1,-1
409,6,181.52,424.89,50.82,81.60,0.53,-1,-1,-1
409,9,593.05,180.14,17.60,46.95,0.27,-1,-1,-1
409,10,290.90,312.38,31.39,79.62,0.58,-1,-1,-1
409,15,571.67,334.02,33.06,78.30,0.46,-1,-1,-1
409,17,624.89,379.96,36.95,91.60,0.77,-1,-1,-1
409,19,955.44,301.96,27.57,37.38,0.28,-1,-1,-1
409,20,213.36,330.19,42.97,61.96,0.62,-1,-1,-1
409,33,696.20,442.38,40.19,109.77,0.89,-1,-1,-1
409,35,702.18,165.24,19.95,46.36,0.69,-1,-1,-1
409,8,245.45,243.20,51.12,72.65,0.37,-1,-1,-1
409,41,551.32,314.47,33.37,77.47,0.67,-1,-1,-1
409,42,766.51,245.88,28.08,54.05,0.59,-1,-1,-1
409,12,605.72,319.32,28.96,72.34,0.47,-1,-1,-1
409,54,516.39,210.19,20.73,58.47,0.64,-1,-1,-1
409,57,708.27,286.45,33.72,88.18,0.57,-1,-1,-1
409,68,235.63,177.77,18.81,49.92,0.52,-1,-1,-1
409,73,377.82,85.35,14.32,31.09,0.63,-1,-1,-1
409,74,451.22,117.54,15.19,35.29,0.54,-1,-1,-1
409,75,435.90,347.33,35.59,89.76,0.69,-1,-1,-1
409,76,580.62,208.13,20.82,52.04,0.44,-1,-1,-1
409,80,275.25,130.86,19.25,23.46,0.32,-1,-1,-1
409,84,224.97,89.85,15.18,30.50,0.11,-1,-1,-1
409,24,207.79,368.05,50.81,66.98,0.51,-1,-1,-1
409,85,149.86,317.83,22.90,40.34,0.51,-1,-1,-1
409,90,242.82,50.29,10.72,18.87,0.59,-1,-1,-1
409,91,60.83,291.62,35.67,59.09,0.63,-1,-1,-1
409,92,331.93,332.07,33.30,93.62,0.81,-1,-1,-1
409,93,118.93,112.29,17.32,39.28,0.60,-1,-1,-1
409,81,221.87,248.24,39.24,59.16,0.17,-1,-1,-1
409,94,177.68,53.18,13.73,24.13,0.37,-1,-1,-1
409,87,195.07,95.99,16.74,32.44,0.44,-1,-1,-1
409,47,418.57,254.82,27.14,67.40,0.54,-1,-1,-1
409,95,87.72,134.43,18.65,38.18,0.60,-1,-1,-1
409,69,143.56,472.78,27.88,69.90,0.33,-1,-1,-1
409,97,73.72,138.91,20.80,48.32,0.53,-1,-1,-1
409,98,141.16,103.81,16.89,34.62,0.66,-1,-1,-1
409,99,5.34,213.29,19.63,60.95,0.51,-1,-1,-1
409,100,123.28,94.66,15.75,33.99,0.59,-1,-1,-1
409,101,213.97,200.09,27.61,62.99,0.63,-1,-1,-1
409,21,102.85,505.49,45.10,98.26,0.52,-1,-1,-1
409,102,738.81,246.48,24.27,51.34,0.65,-1,-1,-1
409,103,143.29,475.89,39.90,120.23,0.59,-1,-1,-1
410,3,265.26,310.71,35.23,83.40,0.42,-1,-1,-1
410,4,379.73,220.89,20.41,46.83,0.66,-1,-1,-1
410,6,179.73,423.99,50.46,80.92,0.58,-1,-1,-1
410,9,591.29,182.75,22.84,62.67,0.23,-1,-1,-1
410,10,290.46,311.31,32.06,81.43,0.54,-1,-1,-1
410,15,572.49,332.47,33.22,79.32,0.47,-1,-1,-1
410,17,627.75,379.39,36.57,91.88,0.78,-1,-1,-1
410,19,955.75,302.07,27.21,37.19,0.27,-1,-1,-1
410,20,213.87,329.46,43.11,62.34,0.54,-1,-1,-1
410,33,699.32,443.31,39.58,109.29,0.87,-1,-1,-1
410,35,703.18,165.29,19.96,46.51,0.62,-1,-1,-1
410,8,246.04,242.78,46.90,68.88,0.34,-1,-1,-1
410,41,550.65,316.08,33.12,76.86,0.73,-1,-1,-1
410,42,767.44,245.58,27.89,53.62,0.61,-1,-1,-1
410,12,605.93,318.73,29.01,72.68,0.57,-1,-1,-1
410,54,516.73,209.74,20.84,58.58,0.65,-1,-1,-1
410,57,708.01,285.44,34.60,90.27,0.66,-1,-1,-1
410,68,235.20,177.48,20.41,54.08,0.43,-1,-1,-1
410,73,381.21,85.49,14.63,31.37,0.64,-1,-1,-1
410,74,452.59,118.43,14.65,34.14,0.56,-1,-1,-1
410,75,434.44,349.24,35.18,88.95,0.69,-1,-1,-1
410,76,581.22,208.11,20.63,51.98,0.47,-1,-1,-1
410,80,276.70,130.37,19.51,23.91,0.36,-1,-1,-1
410,84,227.80,90.70,14.59,29.52,0.22,-1,-1,-1
410,24,208.56,368.61,49.24,64.49,0.48,-1,-1,-1
410,85,149.01,315.57,24.10,42.52,0.55,-1,-1,-1
410,90,244.82,49.68,10.81,18.84,0.62,-1,-1,-1
410,91,62.11,291.89,34.65,57.40,0.64,-1,-1,-1
410,92,331.76,331.47,33.14,93.52,0.82,-1,-1,-1
410,93,120.18,111.21,17.65,40.16,0.61,-1,-1,-1
410,81,226.55,241.67,40.01,62.06,0.35,-1,-1,-1
410,94,180.17,53.33,13.85,24.41,0.16,-1,-1,-1
410,87,197.80,95.79,15.70,30.37,0.50,-1,-1,-1
410,47,417.90,255.43,26.93,66.04,0.52,-1,-1,-1
410,95,89.66,133.54,19.56,39.79,0.52,-1,-1,-1
410,69,139.30,471.97,27.57,68.81,0.14,-1,-1,-1
410,97,74.64,138.19,20.24,46.84,0.52,-1,-1,-1
410,98,142.82,103.12,17.30,35.49,0.54,-1,-1,-1
410,99,7.84,210.98,21.14,63.05,0.63,-1,-1,-1
410,100,125.85,94.50,15.43,33.39,0.42,-1,-1,-1
410,101,213.53,200.15,27.65,63.07,0.63,-1,-1,-1
410,21,103.49,507.95,42.93,93.59,0.62,-1,-1,-1
410,102,738.80,246.45,24.26,51.28,0.65,-1,-1,-1
410,103,141.97,474.66,40.35,121.70,0.60,-1,-1,-1
411,3,266.05,310.01,35.97,84.85,0.31,-1,-1,-1
411,4,379.74,220.01,20.44,47.13,0.66,-1,-1,-1
411,6,178.51,423.27,50.43,80.28,0.57,-1,-1,-1
411,9,592.79,182.69,21.67,60.80,0.22,-1,-1,-1
411,10,289.43,310.78,32.76,82.80,0.56,-1,-1,-1
411,15,573.05,332.46,32.96,79.24,0.54,-1,-1,-1
411,17,629.69,378.42,36.01,90.97,0.76,-1,-1,-1
411,19,955.87,301.94,26.85,37.25,0.31,-1,-1,-1
411,20,211.80,328.47,46.04,66.92,0.56,-1,-1,-1
411,33,702.43,443.72,39.96,110.05,0.85,-1,-1,-1
411,35,704.11,165.09,19.96,46.64,0.61,-1,-1,-1
411,8,244.73,242.48,45.05,68.44,0.36,-1,-1,-1
411,41,550.01,315.88,32.19,74.61,0.68,-1,-1,-1
411,42,767.73,245.70,27.69,53.39,0.62,-1,-1,-1
411,12,606.04,318.38,29.11,73.19,0.56,-1,-1,-1
411,54,516.40,208.82,21.66,61.12,0.63,-1,-1,-1
411,57,708.61,285.94,34.68,90.44,0.57,-1,-1,-1
411,68,237.69,177.44,20.72,54.85,0.39,-1,-1,-1
411,73,383.92,85.89,13.84,29.33,0.49,-1,-1,-1
411,74,454.35,117.61,14.80,34.89,0.53,-1,-1,-1
411,75,432.99,352.75,34.59,86.97,0.72,-1,-1,-1
411,76,581.50,208.41,19.91,50.48,0.49,-1,-1,-1
411,80,278.83,130.28,19.47,23.76,0.38,-1,-1,-1
411,84,230.18,89.98,14.39,29.41,0.46,-1,-1,-1
411,24,212.22,367.11,47.85,62.38,0.50,-1,-1,-1
411,85,148.66,315.04,24.32,42.57,0.58,-1,-1,-1
411,90,246.89,49.97,11.10,19.33,0.53,-1,-1,-1
411,91,63.02,291.60,34.35,57.04,0.68,-1,-1,-1
411,92,331.39,330.58,33.22,93.96,0.81,-1,-1,-1
411,93,121.70,110.47,17.89,40.66,0.69,-1,-1,-1
411,81,228.26,237.26,40.88,65.30,0.33,-1,-1,-1
411,94,182.72,52.89,13.81,24.41,0.42,-1,-1,-1
411,87,198.75,95.38,17.02,33.17,0.60,-1,-1,-1
411,47,418.67,253.92,27.14,66.62,0.52,-1,-1,-1
411,95,93.09,133.70,19.27,39.02,0.58,-1,-1,-1
411,69,141.59,471.64,26.43,65.11,0.12,-1,-1,-1
411,97,78.86,137.92,20.17,46.91,0.63,-1,-1,-1
411,98,145.36,103.56,17.07,35.15,0.56,-1,-1,-1
411,99,11.13,209.88,22.14,63.34,0.64,-1,-1,-1
411,100,129.16,94.45,14.65,31.78,0.47,-1,-1,-1
411,101,213.26,200.17,28.54,64.28,0.56,-1,-1,-1
411,21,102.96,508.06,42.15,92.00,0.63,-1,-1,-1
411,102,738.78,246.10,24.54,51.88,0.62,-1,-1,-1
411,103,141.62,473.01,39.50,119.14,0.67,-1,-1,-1
412,3,265.93,308.64,36.10,84.11,0.37,-1,-1,-1
412,4,380.09,219.43,20.38,47.15,0.70,-1,-1,-1
412,6,179.49,423.90,49.57,78.29,0.58,-1,-1,-1
412,9,593.88,183.39,22.35,64.31,0.19,-1,-1,-1
412,10,289.43,310.19,32.86,82.91,0.55,-1,-1,-1
412,15,577.72,333.89,30.10,72.17,0.52,-1,-1,-1
412,17,631.24,378.50,36.14,91.94,0.81,-1,-1,-1
412,19,956.17,301.72,26.82,37.58,0.30,-1,-1,-1
412,20,211.46,327.25,46.15,67.00,0.57,-1,-1,-1
412,33,703.69,444.56,40.55,110.72,0.79,-1,-1,-1
412,35,705.80,164.89,19.82,46.73,0.59,-1,-1,-1
412,8,247.64,242.59,41.56,64.73,0.27,-1,-1,-1
412,41,548.90,316.09,32.03,74.14,0.66,-1,-1,-1
412,42,767.95,245.73,27.45,53.10,0.61,-1,-1,-1
412,12,606.57,317.71,29.26,73.95,0.57,-1,-1,-1
412,54,516.89,207.98,21.70,61.48,0.64,-1,-1,-1
412,57,710.22,286.02,34.19,89.10,0.65,-1,-1,-1
412,68,239.34,177.00,20.09,53.19,0.35,-1,-1,-1
412,73,386.49,85.25,12.71,26.43,0.47,-1,-1,-1
412,74,456.04,117.89,14.37,34.25,0.57,-1,-1,-1
412,75,431.84,354.81,34.35,86.07,0.70,-1,-1,-1
412,76,581.88,208.45,19.76,50.27,0.48,-1,-1,-1
412,80,280.87,130.38,19.27,23.50,0.48,-1,-1,-1
412,84,232.33,90.18,14.49,29.59,0.49,-1,-1,-1
412,24,210.90,366.32,47.62,61.36,0.54,-1,-1,-1
412,85,148.74,312.29,24.86,43.63,0.49,-1,-1,-1
412,90,248.25,49.03,11.63,20.20,0.63,-1,-1,-1
412,91,63.70,290.51,34.26,57.24,0.69,-1,-1,-1
412,92,331.03,329.61,33.16,94.18,0.78,-1,-1,-1
412,93,123.04,109.90,18.36,41.39,0.72,-1,-1,-1
412,81,226.94,231.36,39.91,64.91,0.13,-1,-1,-1
412,94,185.64,52.77,13.49,23.78,0.49,-1,-1,-1
412,87,200.75,94.93,18.04,35.40,0.52,-1,-1,-1
412,47,419.38,253.35,27.35,67.01,0.52,-1,-1,-1
412,95,95.31,133.99,19.36,38.66,0.60,-1,-1,-1
412,69,137.03,471.08,28.87,71.23,0.15,-1,-1,-1
412,97,82.68,136.18,20.47,47.45,0.49,-1,-1,-1
412,98,147.89,102.91,17.07,35.31,0.66,-1,-1,-1
412,99,14.32,209.79,21.98,60.93,0.59,-1,-1,-1
412,100,132.03,94.01,14.25,30.85,0.63,-1,-1,-1
412,101,215.08,199.41,27.70,62.81,0.54,-1,-1,-1
412,21,102.75,510.21,40.96,88.71,0.53,-1,-1,-1
412,102,739.02,245.80,24.70,52.20,0.63,-1,-1,-1
412,103,140.69,472.58,39.59,119.51,0.65,-1,-1,-1
413,3,265.63,307.57,36.29,83.78,0.35,-1,-1,-1
413,4,380.26,218.97,20.13,46.68,0.70,-1,-1,-1
413,6,179.62,424.72,45.86,72.75,0.57,-1,-1,-1
413,9,594.80,183.88,22.15,65.64,0.11,-1,-1,-1
413,10,289.12,309.38,33.17,83.53,0.56,-1,-1,-1
413,15,575.33,333.62,31.91,76.63,0.53,-1,-1,-1
413,17,632.88,378.26,36.63,93.23,0.84,-1,-1,-1
413,19,956.37,301.71,26.46,37.59,0.30,-1,-1,-1
413,20,215.76,326.13,40.89,58.86,0.57,-1,-1,-1
413,33,704.76,446.39,40.84,110.10,0.75,-1,-1,-1
413,35,706.80,164.74,19.65,46.48,0.64,-1,-1,-1
413,8,246.69,241.82,40.06,63.93,0.34,-1,-1,-1
413,41,547.45,316.28,31.41,72.10,0.65,-1,-1,-1
413,42,766.30,245.09,29.18,57.07,0.65,-1,-1,-1
413,12,607.21,317.41,29.06,73.72,0.59,-1,-1,-1
413,54,518.30,207.85,21.40,60.62,0.63,-1,-1,-1
413,57,710.97,285.48,34.47,89.98,0.67,-1,-1,-1
413,68,240.14,176.19,20.69,54.86,0.41,-1,-1,-1
413,73,388.99,85.65,13.78,28.64,0.48,-1,-1,-1
413,74,457.22,117.45,14.28,34.39,0.61,-1,-1,-1
413,75,430.45,355.01,34.58,86.46,0.73,-1,-1,-1
413,76,582.02,208.56,19.77,50.40,0.55,-1,-1,-1
413,80,282.61,129.71,19.71,23.98,0.48,-1,-1,-1
413,84,235.20,90.17,14.68,29.86,0.53,-1,-1,-1
413,24,210.72,366.80,46.53,59.19,0.52,-1,-1,-1
413,85,145.08,303.98,29.06,50.96,0.40,-1,-1,-1
413,90,250.58,49.11,11.58,20.01,0.61,-1,-1,-1
413,91,64.70,289.49,34.68,58.37,0.62,-1,-1,-1
413,92,330.68,328.92,33.07,94.14,0.75,-1,-1,-1
413,93,124.90,110.40,18.28,41.08,0.61,-1,-1,-1
413,81,230.02,233.07,40.17,67.24,0.22,-1,-1,-1
413,94,188.49,52.21,13.32,23.36,0.37,-1,-1,-1
413,87,203.81,94.86,17.88,35.62,0.46,-1,-1,-1
413,47,419.01,252.94,27.84,67.82,0.56,-1,-1,-1
413,95,97.19,132.79,19.26,38.16,0.60,-1,-1,-1
413,69,138.60,470.06,28.02,69.18,0.21,-1,-1,-1
413,97,85.47,135.54,20.51,47.66,0.53,-1,-1,-1
413,98,150.41,103.40,16.87,34.92,0.68,-1,-1,-1
413,99,17.29,207.71,23.25,63.21,0.68,-1,-1,-1
413,100,134.67,94.16,13.79,29.64,0.58,-1,-1,-1
413,101,217.14,199.14,27.97,64.64,0.49,-1,-1,-1
413,21,102.32,509.72,41.04,88.37,0.48,-1,-1,-1
413,102,739.57,245.73,24.89,52.58,0.60,-1,-1,-1
413,103,140.47,472.22,39.17,118.38,0.53,-1,-1,-1
414,3,265.20,306.47,36.56,83.88,0.39,-1,-1,-1
414,4,380.16,218.82,20.21,47.00,0.70,-1,-1,-1
414,6,179.22,422.46,48.91,76.53,0.58,-1,-1,-1
414,10,289.53,308.53,33.65,84.39,0.57,-1,-1,-1
414,15,578.06,334.29,30.26,72.22,0.49,-1,-1,-1
414,17,633.81,378.23,37.10,94.16,0.83,-1,-1,-1
414,19,956.48,301.77,26.01,37.54,0.28,-1,-1,-1
414,20,217.90,325.24,38.28,54.62,0.61,-1,-1,-1
414,33,703.66,446.75,41.54,110.96,0.68,-1,-1,-1
414,35,707.83,165.58,19.24,45.37,0.60,-1,-1,-1
414,8,245.91,240.26,40.19,65.70,0.34,-1,-1,-1
414,41,546.13,316.87,31.29,71.11,0.67,-1,-1,-1
414,42,766.06,244.42,29.83,58.79,0.62,-1,-1,-1
414,12,609.14,318.89,28.56,72.55,0.54,-1,-1,-1
414,54,519.49,207.74,20.96,59.21,0.61,-1,-1,-1
414,57,712.48,284.85,33.93,88.83,0.58,-1,-1,-1
414,68,241.76,175.45,20.38,54.06,0.43,-1,-1,-1
414,73,391.19,85.85,14.21,29.53,0.54,-1,-1,-1
414,74,458.40,115.50,14.77,36.09,0.52,-1,-1,-1
414,75,429.31,356.00,34.62,86.25,0.75,-1,-1,-1
414,76,581.94,208.95,19.77,50.31,0.55,-1,-1,-1
414,80,284.24,129.34,20.02,24.53,0.56,-1,-1,-1
414,84,238.18,89.85,14.90,30.32,0.54,-1,-1,-1
414,24,210.54,366.77,46.07,57.84,0.58,-1,-1,-1
414,85,145.76,305.82,27.72,47.79,0.44,-1,-1,-1
414,90,252.96,49.51,11.06,18.87,0.66,-1,-1,-1
414,91,66.00,288.21,34.51,58.30,0.61,-1,-1,-1
414,92,330.51,328.40,32.94,93.95,0.74,-1,-1,-1
414,93,126.66,109.15,18.64,42.00,0.64,-1,-1,-1
414,81,232.03,223.70,45.82,78.81,0.19,-1,-1,-1
414,94,191.25,52.12,13.95,24.65,0.37,-1,-1,-1
414,87,205.40,95.01,17.77,35.69,0.59,-1,-1,-1
414,47,418.91,252.64,28.35,68.79,0.52,-1,-1,-1
414,95,99.33,131.66,19.69,39.10,0.63,-1,-1,-1
414,69,139.41,469.18,23.49,57.09,0.25,-1,-1,-1
414,97,87.39,134.93,19.89,46.26,0.49,-1,-1,-1
414,98,152.61,103.52,16.55,34.30,0.53,-1,-1,-1
414,99,20.52,207.20,22.84,61.17,0.63,-1,-1,-1
414,100,137.84,94.46,13.21,28.36,0.51,-1,-1,-1
414,101,218.59,198.65,27.74,64.84,0.49,-1,-1,-1
414,21,101.07,506.17,42.03,89.94,0.36,-1,-1,-1
414,102,740.03,245.64,25.04,52.85,0.60,-1,-1,-1
414,103,139.80,473.47,38.77,117.14,0.48,-1,-1,-1
415,3,265.16,306.26,36.44,83.01,0.43,-1,-1,-1
415,4,380.08,218.09,19.85,46.19,0.69,-1,-1,-1
415,6,178.88,421.30,50.68,78.79,0.51,-1,-1,-1
415,10,290.00,307.50,33.90,85.17,0.59,-1,-1,-1
415,15,576.10,334.64,32.07,76.96,0.50,-1,-1,-1
415,17,634.26,379.46,37.08,93.47,0.79,-1,-1,-1
415,19,956.18,301.91,25.81,37.69,0.30,-1,-1,-1
415,20,217.99,324.81,37.18,52.11,0.59,-1,-1,-1
415,33,703.51,448.11,41.69,109.88,0.66,-1,-1,-1
415,35,708.43,165.18,19.34,45.31,0.62,-1,-1,-1
415,8,250.66,240.13,37.93,63.95,0.20,-1,-1,-1
415,41,544.79,318.09,31.47,70.60,0.71,-1,-1,-1
415,42,766.22,244.12,30.00,59.55,0.63,-1,-1,-1
415,12,609.91,319.88,28.23,71.54,0.53,-1,-1,-1
415,54,520.38,207.64,21.07,59.47,0.60,-1,-1,-1
415,57,714.58,285.31,33.30,87.52,0.65,-1,-1,-1
415,68,243.36,175.05,20.39,54.27,0.48,-1,-1,-1
415,73,393.45,85.16,14.20,29.54,0.63,-1,-1,-1
415,74,459.04,113.03,15.76,38.94,0.65,-1,-1,-1
415,75,428.02,356.86,34.66,85.29,0.72,-1,-1,-1
415,76,581.58,209.13,19.60,50.03,0.56,-1,-1,-1
415,80,287.04,128.74,19.99,24.50,0.53,-1,-1,-1
415,84,240.39,88.96,15.71,31.97,0.36,-1,-1,-1
415,24,210.05,365.32,46.87,58.34,0.54,-1,-1,-1
415,85,143.41,298.32,31.59,54.30,0.34,-1,-1,-1
415,90,254.56,48.32,11.40,19.59,0.54,-1,-1,-1
415,91,66.93,287.39,34.52,58.52,0.62,-1,-1,-1
415,92,329.90,327.97,32.92,93.90,0.67,-1,-1,-1
415,93,128.64,110.07,18.05,40.45,0.71,-1,-1,-1
415,81,234.53,229.88,42.82,74.86,0.32,-1,-1,-1
415,94,193.34,51.72,14.21,25.22,0.52,-1,-1,-1
415,87,207.55,94.75,17.11,34.35,0.56,-1,-1,-1
415,47,417.91,253.55,28.20,67.40,0.50,-1,-1,-1
415,95,101.85,132.43,19.25,38.13,0.64,-1,-1,-1
415,69,139.08,468.27,22.73,54.28,0.33,-1,-1,-1
415,97,89.76,135.28,19.29,44.68,0.57,-1,-1,-1
415,98,155.67,102.93,16.35,33.83,0.43,-1,-1,-1
415,99,23.53,206.48,22.27,58.25,0.71,-1,-1,-1
415,100,139.89,94.27,13.87,29.69,0.57,-1,-1,-1
415,101,221.83,197.96,28.15,66.13,0.48,-1,-1,-1
415,21,102.34,503.21,43.46,91.14,0.19,-1,-1,-1
415,102,740.38,245.88,24.93,52.49,0.59,-1,-1,-1
415,103,138.56,472.24,38.79,117.20,0.47,-1,-1,-1
415,30,90.52,495.40,45.57,71.98,0.53,-1,-1,-1
416,3,265.13,305.90,36.59,82.74,0.41,-1,-1,-1
416,4,379.84,214.34,20.30,47.18,0.65,-1,-1,-1
416,6,178.15,420.75,51.45,79.29,0.44,-1,-1,-1
416,10,290.80,306.80,33.88,85.55,0.61,-1,-1,-1
416,15,575.39,336.39,32.75,78.22,0.56,-1,-1,-1
416,17,634.96,380.01,37.06,92.81,0.74,-1,-1,-1
416,19,956.47,302.04,25.79,37.92,0.28,-1,-1,-1
416,20,216.73,324.43,37.63,51.59,0.61,-1,-1,-1
416,33,705.83,449.45,41.66,109.21,0.67,-1,-1,-1
416,35,709.53,165.41,19.57,45.53,0.51,-1,-1,-1
416,8,252.81,239.66,36.72,64.03,0.20,-1,-1,-1
416,41,543.01,319.16,32.36,71.55,0.64,-1,-1,-1
416,42,766.77,243.97,29.99,59.79,0.61,-1,-1,-1
416,12,610.26,320.33,30.06,76.38,0.51,-1,-1,-1
416,54,521.25,207.65,21.19,59.88,0.63,-1,-1,-1
416,57,717.20,284.85,32.94,87.00,0.55,-1,-1,-1
416,68,246.05,174.35,19.60,52.09,0.49,-1,-1,-1
416,73,396.63,85.20,15.12,31.34,0.58,-1,-1,-1
416,74,460.21,112.79,15.75,39.13,0.69,-1,-1,-1
416,75,426.75,358.48,33.94,82.23,0.76,-1,-1,-1
416,76,580.90,209.47,19.58,49.67,0.62,-1,-1,-1
416,80,288.92,128.21,19.90,24.41,0.55,-1,-1,-1
416,84,243.06,87.89,15.79,32.22,0.57,-1,-1,-1
416,24,209.48,363.59,48.14,59.78,0.58,-1,-1,-1
416,85,146.41,302.26,28.90,49.22,0.44,-1,-1,-1
416,90,255.86,47.95,11.89,20.59,0.55,-1,-1,-1
416,91,67.77,286.62,34.69,59.03,0.63,-1,-1,-1
416,92,329.37,327.60,32.74,93.49,0.67,-1,-1,-1
416,93,130.38,109.95,18.24,40.77,0.72,-1,-1,-1
416,81,236.91,235.62,40.26,71.04,0.43,-1,-1,-1
416,94,196.15,51.55,14.21,25.31,0.32,-1,-1,-1
416,87,210.30,94.52,17.27,34.67,0.52,-1,-1,-1
416,47,417.37,253.86,28.21,66.64,0.45,-1,-1,-1
416,95,103.55,131.08,19.25,38.07,0.66,-1,-1,-1
416,69,138.31,467.41,23.55,55.48,0.21,-1,-1,-1
416,97,92.14,135.25,19.48,45.03,0.64,-1,-1,-1
416,98,157.93,102.69,16.36,33.89,0.67,-1,-1,-1
416,99,26.09,204.40,22.68,58.41,0.76,-1,-1,-1
416,100,142.38,94.26,13.79,29.38,0.67,-1,-1,-1
416,101,223.92,198.11,27.13,63.56,0.56,-1,-1,-1
416,21,100.55,505.56,42.41,87.40,0.16,-1,-1,-1
416,102,742.44,245.73,25.29,53.33,0.58,-1,-1,-1
416,103,136.06,469.56,39.44,118.94,0.56,-1,-1,-1
416,30,89.48,494.21,45.31,74.29,0.54,-1,-1,-1
417,3,264.83,304.92,36.86,83.78,0.40,-1,-1,-1
417,4,379.82,213.43,20.53,47.80,0.66,-1,-1,-1
417,6,179.04,419.74,52.56,80.57,0.54,-1,-1,-1
417,10,290.79,306.33,33.91,85.87,0.61,-1,-1,-1
417,15,575.48,337.03,32.97,78.56,0.55,-1,-1,-1
417,17,637.43,380.54,37.19,92.23,0.73,-1,-1,-1
417,19,957.27,302.00,25.05,37.57,0.33,-1,-1,-1
417,20,215.86,324.14,39.48,53.30,0.60,-1,-1,-1
417,33,707.42,449.86,41.74,109.54,0.72,-1,-1,-1
417,35,711.27,166.05,19.36,44.91,0.54,-1,-1,-1
417,8,253.88,239.13,36.48,65.68,0.25,-1,-1,-1
417,41,541.05,319.90,33.65,73.48,0.65,-1,-1,-1
417,42,768.28,245.07,27.35,55.04,0.58,-1,-1,-1
417,12,610.68,320.17,31.00,79.12,0.55,-1,-1,-1
417,54,522.13,207.68,21.18,60.07,0.63,-1,-1,-1
417,57,718.15,284.71,33.54,89.14,0.57,-1,-1,-1
417,68,248.06,173.94,18.55,49.07,0.46,-1,-1,-1
417,73,399.92,85.04,14.16,29.11,0.41,-1,-1,-1
417,74,462.04,111.92,15.98,39.68,0.67,-1,-1,-1
417,75,425.21,359.64,34.00,81.82,0.76,-1,-1,-1
417,76,582.37,209.24,18.46,46.65,0.63,-1,-1,-1
417,80,290.48,128.07,20.01,24.49,0.49,-1,-1,-1
417,84,246.08,88.22,15.03,30.93,0.53,-1,-1,-1
417,24,208.96,361.16,49.60,61.73,0.51,-1,-1,-1
417,85,143.49,295.93,32.93,55.54,0.36,-1,-1,-1
417,90,257.48,46.55,12.25,21.31,0.50,-1,-1,-1
417,91,68.73,286.32,34.37,58.68,0.59,-1,-1,-1
417,92,328.95,327.55,32.56,93.00,0.66,-1,-1,-1
417,93,132.10,109.38,18.55,41.35,0.66,-1,-1,-1
417,81,240.56,241.66,36.84,65.42,0.43,-1,-1,-1
417,94,199.44,51.90,14.04,24.89,0.33,-1,-1,-1
417,87,213.05,94.67,16.98,34.48,0.47,-1,-1,-1
417,47,417.17,252.75,29.57,68.65,0.47,-1,-1,-1
417,95,104.60,130.39,20.86,41.41,0.66,-1,-1,-1
417,69,139.29,467.07,21.28,48.43,0.23,-1,-1,-1
417,97,94.25,134.53,19.27,44.61,0.59,-1,-1,-1
417,98,159.59,101.53,17.08,35.40,0.45,-1,-1,-1
417,99,29.25,203.06,23.30,58.96,0.72,-1,-1,-1
417,100,146.00,94.68,13.07,27.87,0.44,-1,-1,-1
417,101,225.36,198.40,26.20,61.10,0.64,-1,-1,-1
417,102,743.89,245.47,25.23,53.14,0.63,-1,-1,-1
417,103,135.17,468.50,39.44,118.58,0.58,-1,-1,-1
417,30,86.78,493.06,49.39,85.03,0.48,-1,-1,-1
418,3,265.07,304.11,37.05,84.56,0.35,-1,-1,-1
418,4,379.28,210.37,21.85,50.83,0.63,-1,-1,-1
418,6,180.83,419.15,52.74,80.50,0.53,-1,-1,-1
418,10,291.15,305.97,33.90,86.23,0.63,-1,-1,-1
418,15,575.45,337.55,32.70,77.95,0.58,-1,-1,-1
418,17,639.63,380.39,37.20,92.26,0.63,-1,-1,-1
418,19,958.45,302.07,23.97,36.78,0.36,-1,-1,-1
418,20,215.35,323.82,40.25,53.26,0.63,-1,-1,-1
418,33,709.41,449.86,41.75,110.12,0.79,-1,-1,-1
418,35,713.09,165.70,19.31,44.89,0.55,-1,-1,-1
418,8,257.44,238.64,36.71,68.03,0.27,-1,-1,-1
418,41,540.83,320.79,33.34,71.85,0.61,-1,-1,-1
418,42,769.65,245.75,25.94,52.58,0.59,-1,-1,-1
418,12,611.31,320.42,31.07,79.42,0.59,-1,-1,-1
418,54,523.05,207.63,20.88,59.20,0.67,-1,-1,-1
418,57,718.31,284.70,34.69,92.34,0.57,-1,-1,-1
418,68,249.73,173.80,17.82,46.76,0.53,-1,-1,-1
418,73,402.34,83.45,14.37,29.49,0.58,-1,-1,-1
418,74,463.75,111.67,16.15,40.07,0.68,-1,-1,-1
418,75,424.09,360.49,33.96,81.52,0.77,-1,-1,-1
418,76,582.44,209.37,19.57,49.75,0.58,-1,-1,-1
418,80,292.22,128.33,19.81,24.10,0.46,-1,-1,-1
418,84,248.54,88.67,14.75,30.29,0.55,-1,-1,-1
418,24,208.59,359.60,50.30,62.92,0.54,-1,-1,-1
418,85,142.81,293.11,34.61,57.87,0.44,-1,-1,-1
418,90,260.17,46.52,11.74,20.40,0.64,-1,-1,-1
418,91,70.98,286.16,34.51,58.77,0.60,-1,-1,-1
418,92,328.38,327.06,32.77,93.12,0.65,-1,-1,-1
418,93,134.94,109.46,18.26,40.40,0.69,-1,-1,-1
418,81,242.79,238.92,38.71,69.38,0.37,-1,-1,-1
418,94,201.70,51.60,14.66,26.11,0.50,-1,-1,-1
418,87,214.62,94.37,17.15,34.93,0.59,-1,-1,-1
418,47,421.25,251.73,29.69,69.21,0.49,-1,-1,-1
418,95,107.81,130.64,20.43,40.53,0.74,-1,-1,-1
418,69,139.31,466.52,20.84,45.82,0.27,-1,-1,-1
418,97,96.17,133.72,18.52,43.04,0.63,-1,-1,-1
418,98,162.73,102.56,16.30,33.92,0.35,-1,-1,-1
418,99,32.22,202.35,23.62,59.14,0.72,-1,-1,-1
418,100,148.77,94.80,13.26,27.82,0.58,-1,-1,-1
418,101,226.61,198.33,25.69,60.23,0.54,-1,-1,-1
418,102,744.79,245.42,25.07,52.79,0.60,-1,-1,-1
418,103,134.15,467.81,39.67,118.63,0.58,-1,-1,-1
418,30,85.58,492.27,50.01,89.43,0.47,-1,-1,-1
419,3,265.00,302.73,37.09,84.53,0.44,-1,-1,-1
419,4,379.94,208.75,21.85,51.07,0.60,-1,-1,-1
419,6,179.95,417.06,52.19,80.63,0.48,-1,-1,-1
419,10,292.69,305.20,33.32,85.82,0.63,-1,-1,-1
419,15,575.57,338.13,32.55,77.59,0.59,-1,-1,-1
419,17,643.59,381.35,36.49,91.65,0.66,-1,-1,-1
419,19,959.69,302.10,23.90,37.33,0.33,-1,-1,-1
419,20,217.07,323.30,41.35,54.71,0.57,-1,-1,-1
419,33,710.96,450.17,42.07,112.02,0.79,-1,-1,-1
419,35,715.08,165.20,19.18,45.05,0.58,-1,-1,-1
419,8,258.99,235.47,38.42,73.45,0.28,-1,-1,-1
419,41,541.00,322.58,33.41,71.71,0.59,-1,-1,-1
419,42,771.21,244.66,27.15,54.62,0.60,-1,-1,-1
419,12,612.39,322.45,30.40,77.75,0.59,-1,-1,-1
419,54,523.86,207.64,20.87,58.92,0.68,-1,-1,-1
419,57,719.90,285.04,34.65,91.80,0.53,-1,-1,-1
419,68,250.56,173.71,19.59,51.52,0.52,-1,-1,-1
419,73,405.23,82.35,14.65,29.90,0.49,-1,-1,-1
419,74,465.35,111.33,16.21,40.13,0.71,-1,-1,-1
419,75,423.26,361.04,34.57,83.28,0.78,-1,-1,-1
419,76,583.13,209.51,19.36,49.11,0.73,-1,-1,-1
419,80,295.31,127.97,19.91,24.32,0.55,-1,-1,-1
419,84,251.76,88.30,14.77,30.41,0.58,-1,-1,-1
419,24,208.62,357.86,50.86,64.06,0.54,-1,-1,-1
419,85,142.74,292.58,35.61,60.13,0.18,-1,-1,-1
419,90,262.84,46.39,11.72,20.57,0.47,-1,-1,-1
419,91,72.51,285.98,34.20,58.05,0.63,-1,-1,-1
419,92,327.20,326.56,33.05,92.82,0.60,-1,-1,-1
419,93,137.24,109.25,18.49,40.64,0.73,-1,-1,-1
419,81,243.87,237.97,39.39,71.71,0.31,-1,-1,-1
419,94,205.62,50.89,13.76,24.35,0.35,-1,-1,-1
419,87,217.13,93.76,17.85,36.71,0.54,-1,-1,-1
419,47,424.70,252.06,29.27,67.82,0.50,-1,-1,-1
419,95,110.72,130.21,19.96,39.28,0.70,-1,-1,-1
419,69,138.94,466.17,21.42,45.85,0.23,-1,-1,-1
419,97,98.70,132.15,18.54,42.94,0.53,-1,-1,-1
419,98,165.29,102.53,15.78,32.87,0.61,-1,-1,-1
419,99,35.87,202.16,23.54,58.41,0.72,-1,-1,-1
419,100,151.86,94.47,13.09,27.26,0.60,-1,-1,-1
419,101,227.73,198.20,25.10,59.11,0.55,-1,-1,-1
419,102,745.38,245.19,24.96,52.53,0.59,-1,-1,-1
419,103,132.85,466.36,39.93,118.25,0.68,-1,-1,-1
419,30,86.05,491.39,48.02,88.12,0.44,-1,-1,-1
420,3,265.80,301.57,37.24,84.89,0.42,-1,-1,-1
420,4,380.50,207.95,21.95,51.29,0.62,-1,-1,-1
420,6,180.55,417.17,53.16,81.54,0.45,-1,-1,-1
420,10,293.98,304.63,32.82,85.80,0.63,-1,-1,-1
420,15,575.26,339.66,32.20,76.52,0.60,-1,-1,-1
420,17,646.31,382.96,35.98,91.74,0.73,-1,-1,-1
420,19,960.30,302.35,23.60,37.06,0.34,-1,-1,-1
420,20,218.68,322.74,40.82,53.53,0.56,-1,-1,-1
420,33,713.68,450.88,42.82,114.25,0.72,-1,-1,-1
420,35,716.45,165.86,18.95,44.55,0.68,-1,-1,-1
420,8,259.60,233.14,38.32,75.61,0.32,-1,-1,-1
420,41,539.89,320.84,33.77,72.11,0.56,-1,-1,-1
420,42,771.97,245.61,25.58,52.08,0.61,-1,-1,-1
420,12,613.33,325.83,29.79,76.27,0.60,-1,-1,-1
420,54,524.75,207.31,21.13,59.35,0.72,-1,-1,-1
420,57,720.80,285.89,35.06,91.84,0.56,-1,-1,-1
420,68,253.36,173.33,20.25,53.25,0.49,-1,-1,-1
420,73,408.02,83.08,14.75,30.18,0.46,-1,-1,-1
420,74,466.89,111.11,16.18,39.92,0.67,-1,-1,-1
420,75,422.59,361.47,35.57,86.51,0.76,-1,-1,-1
420,76,583.88,209.28,19.06,48.18,0.68,-1,-1,-1
420,80,297.48,127.71,19.75,24.16,0.54,-1,-1,-1
420,84,255.08,87.55,14.72,30.36,0.60,-1,-1,-1
420,24,209.69,358.64,49.47,62.64,0.55,-1,-1,-1
420,85,144.34,291.11,35.12,58.87,0.52,-1,-1,-1
420,90,265.22,45.53,12.22,21.59,0.58,-1,-1,-1
420,91,74.27,285.21,34.42,58.28,0.66,-1,-1,-1
420,92,327.21,326.07,33.09,92.09,0.56,-1,-1,-1
420,93,139.92,108.17,18.66,40.81,0.66,-1,-1,-1
420,81,245.41,234.56,40.14,75.05,0.15,-1,-1,-1
420,94,209.06,51.21,14.02,24.86,0.48,-1,-1,-1
420,87,220.75,93.70,18.23,37.91,0.51,-1,-1,-1
420,47,427.37,250.79,29.24,68.39,0.49,-1,-1,-1
420,95,113.16,130.15,20.57,40.48,0.63,-1,-1,-1
420,97,100.73,130.52,18.96,44.21,0.52,-1,-1,-1
420,98,167.92,102.07,15.80,33.08,0.51,-1,-1,-1
420,99,39.30,201.11,23.50,57.90,0.68,-1,-1,-1
420,100,155.47,94.72,12.70,26.25,0.45,-1,-1,-1
420,101,228.81,197.25,25.53,60.01,0.55,-1,-1,-1
420,102,745.84,245.51,24.74,51.97,0.58,-1,-1,-1
420,103,131.86,465.55,40.06,117.23,0.67,-1,-1,-1
420,30,84.76,489.66,50.93,96.69,0.44,-1,-1,-1
421,3,266.93,302.26,36.61,83.20,0.37,-1,-1,-1
421,4,381.56,207.56,22.29,51.75,0.71,-1,-1,-1
421,6,179.25,424.05,51.78,75.88,0.21,-1,-1,-1
421,10,294.32,304.30,32.24,85.10,0.60,-1,-1,-1
421,15,575.06,340.03,32.11,76.19,0.58,-1,-1,-1
421,17,648.19,383.12,36.67,94.61,0.75,-1,-1,-1
421,19,958.11,302.49,24.52,38.03,0.25,-1,-1,-1
421,20,222.43,322.48,39.42,51.82,0.57,-1,-1,-1
421,33,716.41,452.01,43.81,115.77,0.73,-1,-1,-1
421,35,717.48,165.61,19.24,45.23,0.67,-1,-1,-1
421,8,260.61,232.84,36.80,74.20,0.30,-1,-1,-1
421,41,539.94,321.28,33.36,70.89,0.56,-1,-1,-1
421,42,774.01,244.56,26.30,53.20,0.57,-1,-1,-1
421,12,614.17,327.67,29.36,75.20,0.65,-1,-1,-1
421,54,526.26,207.07,20.99,58.67,0.65,-1,-1,-1
421,57,722.20,295.50,30.04,78.19,0.59,-1,-1,-1
421,68,254.61,173.61,20.00,52.90,0.49,-1,-1,-1
421,73,410.80,82.35,14.50,29.66,0.53,-1,-1,-1
421,74,469.52,110.97,16.40,40.25,0.65,-1,-1,-1
421,75,423.08,363.19,35.60,87.67,0.76,-1,-1,-1
421,76,585.04,209.02,19.56,49.58,0.54,-1,-1,-1
421,80,299.60,127.81,19.85,24.02,0.56,-1,-1,-1
421,84,258.09,86.22,15.14,31.44,0.65,-1,-1,-1
421,24,210.40,358.34,49.07,62.08,0.59,-1,-1,-1
421,85,146.17,291.40,34.51,57.52,0.52,-1,-1,-1
421,90,268.53,46.79,11.50,20.19,0.61,-1,-1,-1
421,91,76.08,284.79,34.19,57.55,0.65,-1,-1,-1
421,92,328.09,325.81,32.90,91.12,0.52,-1,-1,-1
421,93,143.18,108.84,17.96,39.05,0.67,-1,-1,-1
421,81,248.56,243.32,34.64,64.67,0.29,-1,-1,-1
421,94,213.16,51.59,14.14,25.24,0.26,-1,-1,-1
421,87,223.35,93.79,17.11,35.54,0.55,-1,-1,-1
421,47,427.80,250.43,28.66,67.60,0.45,-1,-1,-1
421,95,118.10,130.72,20.05,39.15,0.67,-1,-1,-1
421,97,104.98,130.44,19.00,44.02,0.52,-1,-1,-1
421,98,171.13,100.81,16.06,33.67,0.31,-1,-1,-1
421,99,42.13,199.68,23.98,58.09,0.72,-1,-1,-1
421,100,158.44,93.89,13.52,27.73,0.55,-1,-1,-1
421,101,229.80,196.46,24.88,57.82,0.52,-1,-1,-1
421,102,746.63,245.91,24.51,51.22,0.52,-1,-1,-1
421,103,131.70,466.34,39.49,114.09,0.60,-1,-1,-1
421,30,84.88,488.50,50.71,98.96,0.37,-1,-1,-1
422,3,268.14,303.18,35.90,81.61,0.45,-1,-1,-1
422,4,383.16,208.26,21.99,50.44,0.69,-1,-1,-1
422,6,179.99,418.37,47.07,70.48,0.48,-1,-1,-1
422,10,295.05,303.95,31.84,84.61,0.61,-1,-1,-1
422,15,574.21,339.30,33.42,79.20,0.55,-1,-1,-1
422,17,650.01,383.97,36.72,94.97,0.73,-1,-1,-1
422,19,959.15,302.91,25.59,38.46,0.17,-1,-1,-1
422,20,220.66,322.14,42.25,55.37,0.61,-1,-1,-1
422,33,716.33,451.85,44.56,117.52,0.71,-1,-1,-1
422,35,719.96,165.97,19.02,44.78,0.65,-1,-1,-1
422,8,264.91,248.53,33.21,65.47,0.21,-1,-1,-1
422,41,541.45,322.77,32.52,68.65,0.57,-1,-1,-1
422,42,775.17,243.95,27.08,54.63,0.54,-1,-1,-1
422,12,615.27,328.60,29.19,74.76,0.68,-1,-1,-1
422,54,528.10,207.14,20.83,58.19,0.58,-1,-1,-1
422,57,723.55,298.94,27.83,72.33,0.58,-1,-1,-1
422,68,257.09,173.12,19.35,51.09,0.48,-1,-1,-1
422,73,413.71,82.72,15.58,32.09,0.40,-1,-1,-1
422,74,472.13,111.21,16.09,39.49,0.71,-1,-1,-1
422,75,423.81,364.70,35.02,86.76,0.78,-1,-1,-1
422,76,587.49,209.03,18.66,47.08,0.52,-1,-1,-1
422,80,303.83,127.63,19.82,24.14,0.52,-1,-1,-1
422,84,262.01,86.45,14.95,31.25,0.57,-1,-1,-1
422,24,211.11,358.27,48.82,61.66,0.58,-1,-1,-1
422,85,155.91,301.01,28.21,47.60,0.64,-1,-1,-1
422,90,271.63,46.51,11.47,20.22,0.50,-1,-1,-1
422,91,77.36,284.67,33.73,56.75,0.68,-1,-1,-1
422,92,328.54,325.40,33.08,91.17,0.59,-1,-1,-1
422,93,146.61,109.42,17.50,37.66,0.75,-1,-1,-1
422,81,251.18,241.19,36.49,68.37,0.30,-1,-1,-1
422,94,217.57,51.74,12.84,22.69,0.40,-1,-1,-1
422,87,227.31,93.65,16.58,34.63,0.51,-1,-1,-1
422,47,426.96,250.26,29.05,68.44,0.56,-1,-1,-1
422,95,120.85,130.45,20.61,39.85,0.53,-1,-1,-1
422,97,108.07,129.60,19.44,45.41,0.55,-1,-1,-1
422,98,174.44,101.17,15.76,32.98,0.51,-1,-1,-1
422,99,46.22,197.93,24.08,57.67,0.67,-1,-1,-1
422,100,160.72,92.00,14.01,28.78,0.53,-1,-1,-1
422,101,230.65,196.72,24.34,55.81,0.53,-1,-1,-1
422,102,750.27,245.41,25.27,52.36,0.50,-1,-1,-1
422,103,132.04,463.97,39.26,112.85,0.58,-1,-1,-1
423,3,269.45,300.99,36.43,83.17,0.35,-1,-1,-1
423,4,384.94,208.30,21.38,48.81,0.74,-1,-1,-1
423,6,182.83,416.45,41.61,63.45,0.43,-1,-1,-1
423,10,296.52,304.42,29.99,79.48,0.55,-1,-1,-1
423,15,573.96,339.48,33.99,80.57,0.56,-1,-1,-1
423,17,652.24,383.78,36.76,93.96,0.67,-1,-1,-1
423,19,961.84,303.03,24.58,37.95,0.11,-1,-1,-1
423,20,220.39,321.27,44.14,57.65,0.52,-1,-1,-1
423,33,716.48,454.17,44.46,116.97,0.68,-1,-1,-1
423,35,722.96,165.69,18.79,44.73,0.60,-1,-1,-1
423,8,262.44,235.50,36.92,73.20,0.32,-1,-1,-1
423,41,541.50,322.99,33.04,69.40,0.56,-1,-1,-1
423,42,775.91,244.10,27.33,55.21,0.59,-1,-1,-1
423,12,616.63,328.12,29.57,75.72,0.67,-1,-1,-1
423,54,530.85,207.03,21.02,58.84,0.67,-1,-1,-1
423,57,724.43,297.97,30.21,79.41,0.44,-1,-1,-1
423,68,259.11,172.77,20.61,54.55,0.51,-1,-1,-1
423,73,416.78,82.56,15.19,31.27,0.49,-1,-1,-1
423,74,474.50,110.73,16.26,39.61,0.69,-1,-1,-1
423,75,424.88,365.82,34.41,85.51,0.83,-1,-1,-1
423,76,589.27,208.66,19.03,48.10,0.56,-1,-1,-1
423,80,306.19,127.46,19.64,23.92,0.51,-1,-1,-1
423,84,265.63,86.07,14.68,30.82,0.67,-1,-1,-1
423,24,216.09,357.63,47.16,60.35,0.55,-1,-1,-1
423,85,161.13,305.74,24.99,42.52,0.60,-1,-1,-1
423,90,274.32,45.76,11.55,20.29,0.49,-1,-1,-1
423,91,79.20,283.64,34.25,57.24,0.61,-1,-1,-1
423,92,329.32,325.39,32.98,90.56,0.63,-1,-1,-1
423,93,150.03,108.94,17.89,38.32,0.59,-1,-1,-1
423,94,221.93,51.23,12.69,22.30,0.42,-1,-1,-1
423,87,230.70,93.28,16.52,34.66,0.58,-1,-1,-1
423,47,427.07,253.25,28.19,65.21,0.57,-1,-1,-1
423,95,126.70,132.03,19.81,38.00,0.58,-1,-1,-1
423,97,112.81,129.70,19.13,44.61,0.58,-1,-1,-1
423,98,178.75,101.63,15.50,32.42,0.46,-1,-1,-1
423,99,50.33,196.58,23.64,56.45,0.70,-1,-1,-1
423,100,164.61,89.95,14.12,28.87,0.71,-1,-1,-1
423,101,234.33,196.00,24.69,57.40,0.55,-1,-1,-1
423,102,750.67,245.82,26.05,53.62,0.56,-1,-1,-1
423,103,132.10,462.14,39.68,113.52,0.62,-1,-1,-1
423,30,85.98,487.11,48.73,96.95,0.54,-1,-1,-1
424,3,273.05,301.91,36.43,82.98,0.36,-1,-1,-1
424,4,386.38,208.25,21.06,47.90,0.73,-1,-1,-1
424,6,183.79,416.18,40.48,62.80,0.59,-1,-1,-1
424,10,297.58,304.28,29.62,78.12,0.56,-1,-1,-1
424,15,574.15,339.72,33.80,80.04,0.59,-1,-1,-1
424,17,655.10,384.63,36.67,93.00,0.73,-1,-1,-1
424,19,961.52,303.08,25.68,38.75,0.18,-1,-1,-1
424,20,222.13,319.81,44.77,58.70,0.56,-1,-1,-1
424,33,715.60,455.41,44.20,116.00,0.80,-1,-1,-1
424,35,724.83,165.93,18.64,44.22,0.66,-1,-1,-1
424,8,262.87,232.27,37.49,75.16,0.39,-1,-1,-1
424,41,540.31,324.05,33.76,70.77,0.61,-1,-1,-1
424,42,778.37,243.97,27.57,54.99,0.56,-1,-1,-1
424,12,618.03,327.64,29.77,76.30,0.64,-1,-1,-1
424,54,532.72,206.84,20.92,58.66,0.69,-1,-1,-1
424,57,727.56,299.12,28.07,72.90,0.40,-1,-1,-1
424,68,262.17,172.59,19.72,52.43,0.52,-1,-1,-1
424,73,419.53,81.57,14.73,30.15,0.66,-1,-1,-1
424,74,477.13,110.83,16.25,39.13,0.64,-1,-1,-1
424,75,425.38,366.04,34.17,84.99,0.84,-1,-1,-1
424,76,591.22,208.85,18.50,46.78,0.54,-1,-1,-1
424,80,308.59,127.45,19.56,23.63,0.46,-1,-1,-1
424,84,269.33,86.97,14.16,29.93,0.58,-1,-1,-1
424,24,218.57,358.18,45.05,57.96,0.60,-1,-1,-1
424,85,162.85,304.80,24.96,42.83,0.50,-1,-1,-1
424,90,278.33,45.48,11.48,20.15,0.51,-1,-1,-1
424,91,80.90,282.57,34.51,57.76,0.61,-1,-1,-1
424,92,329.76,325.01,33.03,90.35,0.63,-1,-1,-1
424,93,153.85,109.37,17.84,37.86,0.74,-1,-1,-1
424,94,226.07,51.23,13.04,22.92,0.49,-1,-1,-1
424,87,233.96,92.80,16.62,35.17,0.52,-1,-1,-1
424,47,427.38,252.55,28.64,65.39,0.59,-1,-1,-1
424,95,129.82,130.16,20.21,38.34,0.51,-1,-1,-1
424,97,115.86,128.99,18.82,44.00,0.56,-1,-1,-1
424,98,181.85,100.92,15.63,32.61,0.64,-1,-1,-1
424,99,54.30,195.92,23.57,55.96,0.62,-1,-1,-1
424,100,167.90,88.61,14.43,29.72,0.55,-1,-1,-1
424,101,238.54,194.84,26.32,61.85,0.52,-1,-1,-1
424,102,750.97,245.67,27.22,56.29,0.57,-1,-1,-1
424,103,132.31,460.75,40.01,114.07,0.58,-1,-1,-1
424,30,87.23,486.71,47.48,95.95,0.43,-1,-1,-1
425,3,275.13,305.70,33.47,76.92,0.34,-1,-1,-1
425,4,388.02,207.48,20.50,46.45,0.72,-1,-1,-1
425,6,183.77,416.06,40.79,64.19,0.59,-1,-1,-1
425,10,298.15,303.24,30.09,79.57,0.57,-1,-1,-1
425,15,574.30,340.11,33.79,79.81,0.61,-1,-1,-1
425,17,656.41,384.53,36.73,92.93,0.72,-1,-1,-1
425,19,964.55,303.54,25.92,38.99,0.21,-1,-1,-1
425,20,229.12,318.91,40.71,54.00,0.59,-1,-1,-1
425,33,714.62,456.00,43.71,115.19,0.83,-1,-1,-1
425,35,726.36,165.35,18.99,45.27,0.57,-1,-1,-1
425,8,267.28,231.98,36.95,75.13,0.29,-1,-1,-1
425,41,539.12,323.90,34.91,72.96,0.63,-1,-1,-1
425,42,779.73,244.55,27.22,54.06,0.60,-1,-1,-1
425,12,619.31,326.13,30.06,77.32,0.59,-1,-1,-1
425,54,534.35,206.70,20.95,58.56,0.70,-1,-1,-1
425,57,727.46,298.99,28.88,75.39,0.42,-1,-1,-1
425,68,265.40,172.01,18.39,48.59,0.53,-1,-1,-1
425,73,422.51,81.76,14.87,30.43,0.48,-1,-1,-1
425,74,479.87,110.96,16.20,38.98,0.67,-1,-1,-1
425,75,424.70,366.22,35.35,88.18,0.80,-1,-1,-1
425,76,594.07,209.37,18.49,46.34,0.51,-1,-1,-1
425,80,311.77,127.42,19.31,23.37,0.49,-1,-1,-1
425,84,272.79,85.05,14.84,31.44,0.49,-1,-1,-1
425,24,219.29,356.89,44.85,57.94,0.61,-1,-1,-1
425,85,162.47,298.47,27.76,47.84,0.50,-1,-1,-1
425,90,281.37,44.70,11.78,20.72,0.38,-1,-1,-1
425,91,83.60,280.90,35.27,59.03,0.61,-1,-1,-1
425,92,329.98,324.92,33.06,89.98,0.61,-1,-1,-1
425,93,156.67,108.72,18.08,38.17,0.66,-1,-1,-1
425,94,229.88,51.85,13.20,23.18,0.21,-1,-1,-1
425,87,237.88,93.03,16.99,36.36,0.46,-1,-1,-1
425,47,428.25,251.84,29.33,66.33,0.56,-1,-1,-1
425,95,133.95,129.62,19.56,36.99,0.52,-1,-1,-1
425,97,120.29,128.34,18.64,43.59,0.62,-1,-1,-1
425,98,185.34,101.17,15.58,32.45,0.54,-1,-1,-1
425,99,59.65,194.81,24.07,55.72,0.74,-1,-1,-1
425,100,172.31,88.23,14.42,29.61,0.54,-1,-1,-1
425,101,241.12,194.68,26.00,61.36,0.54,-1,-1,-1
425,102,751.14,245.29,28.70,59.76,0.57,-1,-1,-1
425,103,132.19,458.66,40.40,114.83,0.66,-1,-1,-1
425,30,90.25,486.91,42.12,84.19,0.41,-1,-1,-1
425,104,2.19,181.29,17.28,53.19,0.62,-1,-1,-1
426,3,276.50,303.81,34.77,79.95,0.37,-1,-1,-1
426,4,389.94,206.00,20.89,47.24,0.69,-1,-1,-1
426,6,186.32,416.28,38.39,61.48,0.60,-1,-1,-1
426,10,299.65,303.47,29.67,78.28,0.55,-1,-1,-1
426,15,573.61,340.54,34.90,82.31,0.56,-1,-1,-1
426,17,659.20,385.24,36.25,92.53,0.79,-1,-1,-1
426,19,964.70,303.45,26.84,39.45,0.17,-1,-1,-1
426,20,229.52,318.20,40.35,53.74,0.60,-1,-1,-1
426,33,713.64,456.07,43.52,115.23,0.79,-1,-1,-1
426,35,728.72,165.78,18.69,44.53,0.56,-1,-1,-1
426,8,268.73,229.59,37.36,76.83,0.24,-1,-1,-1
426,41,537.87,323.59,35.85,74.57,0.61,-1,-1,-1
426,42,780.40,244.79,27.07,53.78,0.60,-1,-1,-1
426,12,620.95,327.30,29.46,75.43,0.57,-1,-1,-1
426,54,535.54,206.64,21.10,58.58,0.67,-1,-1,-1
426,57,726.85,299.32,30.13,79.55,0.46,-1,-1,-1
426,68,266.86,171.97,19.83,52.38,0.54,-1,-1,-1
426,73,424.93,81.67,14.65,29.97,0.51,-1,-1,-1
426,74,482.40,110.50,16.17,38.77,0.68,-1,-1,-1
426,75,424.28,367.71,36.85,92.50,0.79,-1,-1,-1
426,76,597.01,209.71,18.13,45.46,0.49,-1,-1,-1
426,80,314.13,127.17,18.95,22.93,0.54,-1,-1,-1
426,84,276.30,85.13,14.98,31.78,0.61,-1,-1,-1
426,24,220.16,356.02,44.65,57.93,0.62,-1,-1,-1
426,85,163.57,296.18,28.43,49.19,0.48,-1,-1,-1
426,90,283.94,43.45,12.09,21.17,0.36,-1,-1,-1
426,91,85.87,280.05,35.12,58.65,0.60,-1,-1,-1
426,92,330.76,323.18,33.41,90.87,0.59,-1,-1,-1
426,93,159.81,108.22,18.22,38.26,0.67,-1,-1,-1
426,94,233.80,52.10,12.77,22.34,0.34,-1,-1,-1
426,87,240.64,93.13,16.62,35.35,0.55,-1,-1,-1
426,47,428.61,251.65,29.58,65.67,0.60,-1,-1,-1
426,95,137.10,128.82,18.17,33.90,0.69,-1,-1,-1
426,97,124.78,128.30,18.66,43.41,0.60,-1,-1,-1
426,98,188.85,100.46,15.27,31.73,0.28,-1,-1,-1
426,99,64.42,193.44,24.56,55.71,0.72,-1,-1,-1
426,100,175.97,88.44,14.55,29.95,0.64,-1,-1,-1
426,101,242.03,194.57,25.68,60.04,0.51,-1,-1,-1
426,102,751.39,245.27,29.58,62.25,0.59,-1,-1,-1
426,103,132.24,457.63,40.66,115.08,0.67,-1,-1,-1
426,30,91.50,484.44,35.63,70.62,0.47,-1,-1,-1
426,104,6.11,179.98,17.29,52.81,0.64,-1,-1,-1
427,3,276.75,301.56,35.61,82.28,0.60,-1,-1,-1
427,4,390.51,205.72,20.83,46.99,0.68,-1,-1,-1
427,6,189.48,413.90,43.29,70.15,0.57,-1,-1,-1
427,10,301.13,303.81,29.26,77.35,0.60,-1,-1,-1
427,15,572.52,340.57,36.32,85.73,0.56,-1,-1,-1
427,17,662.33,385.49,35.99,92.85,0.83,-1,-1,-1
427,19,963.13,304.24,26.98,38.77,0.16,-1,-1,-1
427,20,234.48,317.99,37.97,51.20,0.64,-1,-1,-1
427,33,713.54,456.14,43.35,115.09,0.76,-1,-1,-1
427,35,730.85,165.53,18.74,44.78,0.57,-1,-1,-1
427,8,270.91,234.92,35.57,72.95,0.19,-1,-1,-1
427,41,536.84,323.01,37.04,76.65,0.63,-1,-1,-1
427,42,781.73,244.75,26.82,53.13,0.62,-1,-1,-1
427,12,622.46,327.27,29.88,75.77,0.57,-1,-1,-1
427,54,536.81,206.32,21.20,58.60,0.65,-1,-1,-1
427,57,729.85,300.38,27.80,72.93,0.53,-1,-1,-1
427,68,270.54,171.85,17.35,45.30,0.50,-1,-1,-1
427,73,427.05,80.32,15.37,31.63,0.65,-1,-1,-1
427,74,485.19,110.30,15.99,38.04,0.67,-1,-1,-1
427,75,424.60,369.29,37.79,95.18,0.78,-1,-1,-1
427,76,599.52,209.30,17.45,44.05,0.50,-1,-1,-1
427,80,316.67,126.65,19.68,23.68,0.51,-1,-1,-1
427,84,279.65,84.70,15.17,32.48,0.44,-1,-1,-1
427,24,220.22,354.85,45.48,59.30,0.64,-1,-1,-1
427,85,163.31,293.33,29.86,51.25,0.45,-1,-1,-1
427,90,287.11,43.76,11.83,20.72,0.36,-1,-1,-1
427,91,88.11,279.68,34.95,58.21,0.62,-1,-1,-1
427,92,331.50,322.14,33.47,91.06,0.57,-1,-1,-1
427,93,163.29,107.73,18.27,38.18,0.74,-1,-1,-1
427,94,237.56,51.90,12.51,21.88,0.43,-1,-1,-1
427,87,243.87,92.08,17.30,36.72,0.56,-1,-1,-1
427,47,430.07,249.99,30.53,67.11,0.54,-1,-1,-1
427,95,139.13,128.17,19.90,37.36,0.68,-1,-1,-1
427,97,128.29,127.19,18.11,42.33,0.50,-1,-1,-1
427,98,191.84,99.47,15.56,32.48,0.59,-1,-1,-1
427,99,68.86,192.48,24.91,55.83,0.70,-1,-1,-1
427,100,180.40,88.64,14.13,29.14,0.53,-1,-1,-1
427,101,244.33,193.78,25.99,60.71,0.58,-1,-1,-1
427,102,752.30,245.79,29.69,63.11,0.53,-1,-1,-1
427,103,131.95,456.86,40.80,115.17,0.65,-1,-1,-1
427,30,91.01,482.26,34.12,67.78,0.47,-1,-1,-1
427,104,11.63,178.37,17.75,53.46,0.64,-1,-1,-1
427,105,0.74,228.80,20.91,60.88,0.65,-1,-1,-1
428,3,276.85,299.01,36.23,84.43,0.65,-1,-1,-1
428,4,392.11,205.30,20.29,45.51,0.68,-1,-1,-1
428,6,186.88,411.13,44.89,73.23,0.53,-1,-1,-1
428,10,301.78,302.83,29.51,78.12,0.52,-1,-1,-1
428,15,573.72,340.13,35.04,82.56,0.62,-1,-1,-1
428,17,664.85,385.41,35.83,93.31,0.87,-1,-1,-1
428,19,961.50,304.11,28.25,39.39,0.13,-1,-1,-1
428,20,236.32,317.41,37.21,50.51,0.63,-1,-1,-1
428,33,714.60,456.20,43.00,114.64,0.83,-1,-1,-1
428,35,732.62,164.49,19.01,45.64,0.65,-1,-1,-1
428,8,267.15,233.70,34.33,71.31,0.33,-1,-1,-1
428,41,536.36,322.52,37.73,77.65,0.63,-1,-1,-1
428,42,782.88,244.87,27.11,53.57,0.60,-1,-1,-1
428,12,625.20,325.73,30.83,77.12,0.56,-1,-1,-1
428,54,539.15,205.87,21.60,59.76,0.67,-1,-1,-1
428,57,731.12,300.64,27.91,72.87,0.47,-1,-1,-1
428,68,271.83,170.64,18.28,47.90,0.49,-1,-1,-1
428,73,429.86,81.10,15.60,32.26,0.41,-1,-1,-1
428,74,488.10,110.36,16.34,38.83,0.73,-1,-1,-1
428,75,425.01,371.93,38.11,96.20,0.79,-1,-1,-1
428,76,600.87,209.51,17.52,44.81,0.29,-1,-1,-1
428,80,320.08,125.93,19.69,23.89,0.49,-1,-1,-1
428,84,282.91,84.99,14.80,31.81,0.66,-1,-1,-1
428,24,219.50,351.89,46.95,61.76,0.63,-1,-1,-1
428,85,164.87,292.54,29.65,50.68,0.43,-1,-1,-1
428,90,289.91,44.20,11.87,20.71,0.34,-1,-1,-1
428,91,89.75,279.20,34.50,57.43,0.61,-1,-1,-1
428,92,332.62,321.28,33.38,91.24,0.61,-1,-1,-1
428,93,166.08,106.94,18.51,38.70,0.69,-1,-1,-1
428,94,241.61,51.31,12.63,22.13,0.30,-1,-1,-1
428,87,247.06,91.32,16.99,36.57,0.58,-1,-1,-1
428,47,430.45,249.02,31.49,68.21,0.64,-1,-1,-1
428,95,141.84,127.43,20.45,38.67,0.58,-1,-1,-1
428,97,132.88,127.25,18.21,42.10,0.59,-1,-1,-1
428,98,195.66,99.75,15.32,32.10,0.44,-1,-1,-1
428,99,71.79,192.11,25.56,56.75,0.61,-1,-1,-1
428,100,184.36,87.94,13.82,28.45,0.72,-1,-1,-1
428,101,246.25,193.28,25.70,59.82,0.63,-1,-1,-1
428,102,753.98,245.80,26.81,56.44,0.50,-1,-1,-1
428,103,132.35,456.11,41.00,115.65,0.73,-1,-1,-1
428,30,88.08,479.81,40.30,81.78,0.44,-1,-1,-1
428,104,16.88,177.95,18.19,53.59,0.58,-1,-1,-1
428,105,2.74,225.80,21.68,62.75,0.70,-1,-1,-1
429,3,277.37,298.46,35.67,83.85,0.67,-1,-1,-1
429,4,393.65,204.15,20.06,44.81,0.66,-1,-1,-1
429,6,187.81,408.89,46.20,75.42,0.59,-1,-1,-1
429,10,305.23,301.99,29.32,77.73,0.49,-1,-1,-1
429,15,574.46,339.10,34.39,80.78,0.62,-1,-1,-1
429,17,666.85,385.64,35.78,93.80,0.85,-1,-1,-1
429,19,966.50,304.15,28.29,39.34,0.19,-1,-1,-1
429,20,235.30,316.81,37.30,50.16,0.65,-1,-1,-1
429,33,714.87,455.91,42.85,115.00,0.83,-1,-1,-1
429,35,733.73,164.46,19.03,45.55,0.69,-1,-1,-1
429,8,266.35,233.25,32.15,67.12,0.36,-1,-1,-1
429,41,536.02,321.09,38.57,79.28,0.59,-1,-1,-1
429,42,783.02,244.73,28.34,56.31,0.62,-1,-1,-1
429,12,626.28,326.65,30.39,74.97,0.59,-1,-1,-1
429,54,540.54,205.64,21.75,60.23,0.67,-1,-1,-1
429,57,732.50,300.50,27.79,72.02,0.53,-1,-1,-1
429,68,273.48,170.17,18.26,47.47,0.38,-1,-1,-1
429,73,432.88,81.02,14.99,31.05,0.51,-1,-1,-1
429,74,490.98,109.87,16.46,38.87,0.67,-1,-1,-1
429,75,426.00,373.58,37.82,95.58,0.79,-1,-1,-1
429,76,604.05,207.72,18.86,47.98,0.36,-1,-1,-1
429,80,322.39,125.95,18.98,23.09,0.45,-1,-1,-1
429,84,286.27,85.31,14.42,31.28,0.56,-1,-1,-1
429,24,220.30,352.09,46.32,61.31,0.57,-1,-1,-1
429,85,170.77,298.45,26.02,44.81,0.53,-1,-1,-1
429,90,292.15,44.10,11.54,20.14,0.31,-1,-1,-1
429,91,91.51,278.06,34.76,57.96,0.60,-1,-1,-1
429,92,332.85,320.83,33.36,91.27,0.63,-1,-1,-1
429,93,169.82,107.24,17.97,37.16,0.67,-1,-1,-1
429,94,244.70,50.62,13.17,23.24,0.58,-1,-1,-1
429,87,250.76,91.00,14.54,30.94,0.56,-1,-1,-1
429,47,429.91,248.59,32.33,68.61,0.68,-1,-1,-1
429,95,144.40,127.41,20.81,39.14,0.61,-1,-1,-1
429,97,136.73,126.87,18.46,42.51,0.51,-1,-1,-1
429,98,198.76,99.57,15.24,32.03,0.53,-1,-1,-1
429,99,76.57,191.04,25.06,55.14,0.67,-1,-1,-1
429,100,189.07,88.03,14.00,28.76,0.44,-1,-1,-1
429,101,247.45,192.88,25.25,58.42,0.59,-1,-1,-1
429,102,754.74,245.50,26.69,56.30,0.56,-1,-1,-1
429,103,132.63,455.65,41.11,116.15,0.69,-1,-1,-1
429,30,87.12,478.04,43.90,90.91,0.46,-1,-1,-1
429,104,22.41,177.39,18.23,52.62,0.59,-1,-1,-1
429,105,4.06,226.21,21.09,60.42,0.66,-1,-1,-1
430,3,278.28,298.68,34.86,82.48,0.66,-1,-1,-1
430,4,394.44,202.33,20.42,45.41,0.66,-1,-1,-1
430,6,189.40,409.36,45.07,73.62,0.63,-1,-1,-1
430,10,306.57,301.39,29.43,78.04,0.49,-1,-1,-1
430,15,574.46,338.01,34.78,81.75,0.62,-1,-1,-1
430,17,668.81,386.02,35.88,94.27,0.83,-1,-1,-1
430,20,234.10,316.33,37.13,48.94,0.67,-1,-1,-1
430,33,714.45,455.03,42.72,115.97,0.82,-1,-1,-1
430,35,735.65,165.15,18.61,44.73,0.65,-1,-1,-1
430,8,265.77,231.48,32.88,69.20,0.42,-1,-1,-1
430,41,536.06,320.74,39.10,80.53,0.61,-1,-1,-1
430,42,783.73,244.34,28.88,57.56,0.60,-1,-1,-1
430,12,624.96,327.45,29.79,73.32,0.61,-1,-1,-1
430,54,540.80,205.06,21.88,60.28,0.72,-1,-1,-1
430,57,733.08,300.80,28.25,73.04,0.62,-1,-1,-1
430,68,274.64,170.15,22.06,57.95,0.50,-1,-1,-1
430,73,435.56,79.84,14.51,30.17,0.64,-1,-1,-1
430,74,493.82,109.46,16.66,39.27,0.65,-1,-1,-1
430,75,428.09,374.42,37.16,94.58,0.86,-1,-1,-1
430,76,607.16,206.41,20.41,50.89,0.33,-1,-1,-1
430,80,325.78,125.65,18.77,23.06,0.42,-1,-1,-1
430,84,289.68,84.51,14.32,31.18,0.50,-1,-1,-1
430,24,225.04,352.30,42.91,57.33,0.49,-1,-1,-1
430,85,175.68,303.25,22.44,39.01,0.59,-1,-1,-1
430,90,294.62,43.91,11.30,19.90,0.26,-1,-1,-1
430,91,93.78,278.28,33.37,55.40,0.57,-1,-1,-1
430,92,333.07,320.58,33.30,91.14,0.60,-1,-1,-1
430,93,172.69,106.66,18.07,37.16,0.70,-1,-1,-1
430,94,248.45,50.75,12.77,22.62,0.40,-1,-1,-1
430,87,253.53,90.47,15.59,33.46,0.46,-1,-1,-1
430,47,430.74,248.09,32.80,68.89,0.67,-1,-1,-1
430,95,146.74,126.96,21.37,40.14,0.45,-1,-1,-1
430,97,139.33,126.20,18.34,42.08,0.65,-1,-1,-1
430,98,201.84,99.54,15.14,31.88,0.54,-1,-1,-1
430,99,81.24,189.68,24.94,54.62,0.69,-1,-1,-1
430,100,191.51,87.65,14.81,30.45,0.59,-1,-1,-1
430,101,249.92,192.45,24.52,56.68,0.53,-1,-1,-1
430,102,755.48,245.64,28.00,59.47,0.49,-1,-1,-1
430,103,132.56,455.39,41.10,116.27,0.68,-1,-1,-1
430,30,87.23,476.85,45.13,95.29,0.44,-1,-1,-1
430,104,28.49,176.91,18.58,52.58,0.59,-1,-1,-1
430,105,7.88,223.18,22.56,63.71,0.56,-1,-1,-1
431,3,279.42,298.83,34.86,82.68,0.51,-1,-1,-1
431,4,395.23,200.55,21.13,47.06,0.67,-1,-1,-1
431,6,190.34,409.24,44.62,73.15,0.53,-1,-1,-1
431,10,307.81,300.53,29.55,78.61,0.48,-1,-1,-1
431,15,574.05,337.23,34.64,81.07,0.57,-1,-1,-1
431,17,669.89,387.08,35.57,93.51,0.79,-1,-1,-1
431,20,233.86,315.66,38.65,50.23,0.67,-1,-1,-1
431,33,713.88,455.64,41.93,115.76,0.78,-1,-1,-1
431,35,738.19,165.41,18.63,44.60,0.63,-1,-1,-1
431,8,269.50,230.04,33.71,71.36,0.34,-1,-1,-1
431,41,537.68,320.40,38.99,80.96,0.62,-1,-1,-1
431,42,786.58,244.36,28.16,55.60,0.55,-1,-1,-1
431,12,627.04,326.17,30.50,74.71,0.55,-1,-1,-1
431,54,541.80,204.59,22.06,60.43,0.70,-1,-1,-1
431,57,732.89,302.08,28.73,74.76,0.63,-1,-1,-1
431,68,278.11,169.78,20.68,54.42,0.41,-1,-1,-1
431,73,437.78,80.27,14.52,30.28,0.48,-1,-1,-1
431,74,496.59,110.14,16.53,38.71,0.72,-1,-1,-1
431,75,430.55,374.49,36.35,93.47,0.86,-1,-1,-1
431,76,607.71,205.13,20.18,50.75,0.15,-1,-1,-1
431,80,328.34,125.35,19.12,23.52,0.51,-1,-1,-1
431,84,293.43,84.45,14.25,31.26,0.58,-1,-1,-1
431,24,228.13,353.12,41.69,56.34,0.59,-1,-1,-1
431,85,177.47,302.97,22.19,38.97,0.69,-1,-1,-1
431,90,296.72,43.59,11.10,19.63,0.32,-1,-1,-1
431,91,95.69,277.28,33.74,56.07,0.66,-1,-1,-1
431,92,333.22,320.25,33.43,91.22,0.57,-1,-1,-1
431,93,175.68,106.18,18.42,37.75,0.70,-1,-1,-1
431,94,251.86,50.62,13.01,23.14,0.42,-1,-1,-1
431,87,255.79,90.14,16.97,36.72,0.49,-1,-1,-1
431,47,431.40,248.09,32.50,67.50,0.71,-1,-1,-1
431,95,150.67,126.62,20.84,38.82,0.52,-1,-1,-1
431,97,142.61,126.27,18.21,41.58,0.59,-1,-1,-1
431,98,204.71,99.01,15.16,31.93,0.47,-1,-1,-1
431,99,85.76,188.30,24.66,54.20,0.72,-1,-1,-1
431,100,194.71,87.26,14.76,30.58,0.47,-1,-1,-1
431,101,251.72,192.29,25.15,58.57,0.51,-1,-1,-1
431,102,756.71,245.78,26.98,57.04,0.49,-1,-1,-1
431,103,132.69,454.66,40.92,115.62,0.69,-1,-1,-1
431,30,87.93,476.04,44.36,95.07,0.43,-1,-1,-1
431,104,32.76,175.08,19.31,53.84,0.58,-1,-1,-1
431,105,12.16,221.18,22.84,63.78,0.71,-1,-1,-1
432,3,280.23,296.55,35.39,84.27,0.50,-1,-1,-1
432,4,396.04,198.73,21.50,48.11,0.69,-1,-1,-1
432,6,188.83,409.07,45.12,73.87,0.51,-1,-1,-1
432,10,306.93,300.89,29.11,76.18,0.49,-1,-1,-1
432,15,573.15,336.42,35.45,82.64,0.59,-1,-1,-1
432,17,670.81,388.33,35.50,92.75,0.71,-1,-1,-1
432,20,232.74,314.86,45.21,60.04,0.66,-1,-1,-1
432,33,713.03,455.50,41.32,115.85,0.75,-1,-1,-1
432,35,740.63,164.66,18.91,45.69,0.66,-1,-1,-1
432,8,272.37,230.07,32.98,69.87,0.49,-1,-1,-1
432,41,537.43,319.40,38.91,81.75,0.66,-1,-1,-1
432,42,787.66,244.63,27.82,54.93,0.62,-1,-1,-1
432,12,628.66,326.89,30.35,74.09,0.58,-1,-1,-1
432,54,543.52,204.08,22.08,60.27,0.65,-1,-1,-1
432,57,734.23,302.04,28.93,75.16,0.65,-1,-1,-1
432,68,280.43,169.15,20.86,55.17,0.49,-1,-1,-1
432,73,440.69,80.45,14.82,30.99,0.52,-1,-1,-1
432,74,499.66,109.41,16.77,39.23,0.73,-1,-1,-1
432,75,433.07,374.42,36.66,95.02,0.81,-1,-1,-1
432,80,330.35,125.33,19.05,23.43,0.51,-1,-1,-1
432,84,296.57,83.86,14.21,31.25,0.54,-1,-1,-1
432,24,226.68,351.16,43.28,58.74,0.64,-1,-1,-1
432,85,176.00,296.83,25.23,44.66,0.45,-1,-1,-1
432,90,299.56,43.15,11.21,19.80,0.39,-1,-1,-1
432,91,98.22,277.45,33.32,55.25,0.59,-1,-1,-1
432,92,333.98,320.01,33.50,90.99,0.53,-1,-1,-1
432,93,179.38,106.13,17.97,36.69,0.67,-1,-1,-1
432,94,255.80,50.10,12.12,21.49,0.25,-1,-1,-1
432,87,259.48,89.74,15.96,34.76,0.48,-1,-1,-1
432,47,431.89,247.95,32.42,66.60,0.71,-1,-1,-1
432,95,155.59,124.38,20.46,38.17,0.37,-1,-1,-1
432,97,147.06,125.79,18.11,41.03,0.60,-1,-1,-1
432,98,208.50,98.92,15.07,31.62,0.63,-1,-1,-1
432,99,89.74,187.02,24.21,53.41,0.73,-1,-1,-1
432,100,198.73,87.15,14.28,29.53,0.55,-1,-1,-1
432,101,253.85,191.47,25.04,58.10,0.58,-1,-1,-1
432,102,760.17,245.64,25.85,54.69,0.53,-1,-1,-1
432,103,132.67,453.82,40.87,115.17,0.72,-1,-1,-1
432,30,88.44,475.15,45.06,98.01,0.46,-1,-1,-1
432,104,36.92,174.47,19.21,52.97,0.59,-1,-1,-1
432,105,16.26,221.30,21.72,59.66,0.76,-1,-1,-1
433,3,280.35,293.95,36.10,86.29,0.55,-1,-1,-1
433,4,396.81,197.00,22.11,49.96,0.72,-1,-1,-1
433,6,199.06,401.15,44.81,73.94,0.52,-1,-1,-1
433,10,306.81,300.39,29.66,76.64,0.52,-1,-1,-1
433,15,574.51,335.69,35.09,81.72,0.64,-1,-1,-1
433,17,674.81,388.32,34.34,89.90,0.67,-1,-1,-1
433,20,232.52,314.26,48.91,66.82,0.56,-1,-1,-1
433,33,712.16,455.14,40.92,116.10,0.75,-1,-1,-1
433,35,741.91,164.41,18.96,45.70,0.67,-1,-1,-1
433,8,275.05,230.71,31.59,67.44,0.43,-1,-1,-1
433,41,536.94,318.47,38.66,82.42,0.69,-1,-1,-1
433,42,789.13,244.33,27.70,54.68,0.63,-1,-1,-1
433,12,630.35,328.15,29.86,72.70,0.66,-1,-1,-1
433,54,546.09,204.22,21.91,59.81,0.67,-1,-1,-1
433,57,734.93,300.82,30.18,78.92,0.66,-1,-1,-1
433,68,281.14,168.95,22.85,60.94,0.45,-1,-1,-1
433,73,443.19,79.53,14.71,30.87,0.62,-1,-1,-1
433,74,503.19,109.20,16.93,39.48,0.63,-1,-1,-1
433,75,435.67,375.16,37.05,95.92,0.73,-1,-1,-1
433,80,333.37,124.96,19.19,23.63,0.50,-1,-1,-1
433,84,300.14,84.10,13.99,30.79,0.55,-1,-1,-1
433,24,224.54,350.47,44.62,60.09,0.52,-1,-1,-1
433,85,178.70,297.30,24.31,43.40,0.52,-1,-1,-1
433,90,302.36,42.71,11.41,20.14,0.45,-1,-1,-1
433,91,100.10,276.48,34.03,56.61,0.59,-1,-1,-1
433,92,334.54,320.26,33.35,89.47,0.60,-1,-1,-1
433,93,182.27,105.31,18.25,37.23,0.72,-1,-1,-1
433,94,259.50,49.71,12.59,22.33,0.31,-1,-1,-1
433,87,263.36,89.36,16.05,35.44,0.47,-1,-1,-1
433,47,432.85,247.82,32.71,66.29,0.60,-1,-1,-1
433,95,160.69,126.14,18.71,34.45,0.50,-1,-1,-1
433,97,150.04,124.07,18.89,42.64,0.48,-1,-1,-1
433,98,210.77,95.64,16.36,34.43,0.42,-1,-1,-1
433,99,93.57,186.05,24.63,54.36,0.77,-1,-1,-1
433,100,202.18,86.58,14.85,30.93,0.54,-1,-1,-1
433,101,256.86,191.20,25.24,59.04,0.58,-1,-1,-1
433,102,761.85,245.76,25.69,54.38,0.48,-1,-1,-1
433,103,133.26,452.96,39.73,111.91,0.64,-1,-1,-1
433,30,89.26,475.35,44.44,97.72,0.47,-1,-1,-1
433,104,40.16,173.42,19.79,53.71,0.60,-1,-1,-1
433,105,20.32,219.81,21.81,59.28,0.74,-1,-1,-1
434,3,281.07,293.65,36.28,86.70,0.46,-1,-1,-1
434,4,398.25,196.38,21.94,49.62,0.70,-1,-1,-1
434,6,203.25,398.03,44.40,74.09,0.47,-1,-1,-1
434,10,306.98,299.59,29.93,76.73,0.55,-1,-1,-1
434,15,574.80,335.19,35.67,83.22,0.68,-1,-1,-1
434,17,677.37,388.52,33.63,87.91,0.67,-1,-1,-1
434,20,233.32,313.80,50.37,70.83,0.55,-1,-1,-1
434,33,711.09,454.16,40.71,116.73,0.71,-1,-1,-1
434,35,743.38,164.26,19.19,46.37,0.61,-1,-1,-1
434,8,276.24,230.54,31.32,67.02,0.37,-1,-1,-1
434,41,536.52,317.85,38.60,83.38,0.70,-1,-1,-1
434,42,791.21,244.38,27.55,54.24,0.59,-1,-1,-1
434,12,632.78,328.31,31.14,75.26,0.71,-1,-1,-1
434,54,547.88,204.13,21.81,59.83,0.70,-1,-1,-1
434,57,736.02,301.37,30.24,79.38,0.71,-1,-1,-1
434,68,283.56,168.91,22.14,59.14,0.43,-1,-1,-1
434,73,445.91,79.84,14.73,30.94,0.54,-1,-1,-1
434,74,506.21,109.09,16.83,39.23,0.65,-1,-1,-1
434,75,437.74,377.51,37.14,95.99,0.69,-1,-1,-1
434,80,336.33,124.01,19.95,24.62,0.38,-1,-1,-1
434,84,303.74,84.71,13.54,29.96,0.57,-1,-1,-1
434,24,225.11,353.68,42.31,56.24,0.46,-1,-1,-1
434,85,178.87,294.84,25.33,44.84,0.41,-1,-1,-1
434,90,305.48,42.03,11.94,20.90,0.41,-1,-1,-1
434,91,102.21,275.72,34.09,56.66,0.61,-1,-1,-1
434,92,337.24,321.08,33.34,88.48,0.57,-1,-1,-1
434,93,185.48,105.04,18.34,37.32,0.60,-1,-1,-1
434,94,262.57,48.87,12.94,23.05,0.44,-1,-1,-1
434,87,265.93,89.14,16.19,36.07,0.59,-1,-1,-1
434,47,433.76,247.17,33.27,66.53,0.52,-1,-1,-1
434,95,161.88,124.87,20.82,38.17,0.45,-1,-1,-1
434,97,154.03,125.17,18.43,41.22,0.58,-1,-1,-1
434,98,214.24,96.13,16.08,33.72,0.54,-1,-1,-1
434,99,98.18,185.61,24.66,54.46,0.71,-1,-1,-1
434,100,206.74,86.78,14.35,29.63,0.39,-1,-1,-1
434,101,258.34,191.08,25.16,58.72,0.50,-1,-1,-1
434,102,763.02,245.89,25.13,52.54,0.50,-1,-1,-1
434,103,133.44,452.02,39.27,110.69,0.60,-1,-1,-1
434,30,89.65,474.84,43.57,96.71,0.52,-1,-1,-1
434,104,44.74,173.17,19.41,52.21,0.62,-1,-1,-1
434,105,25.15,217.30,22.51,60.30,0.70,-1,-1,-1
435,3,281.86,293.40,36.05,86.04,0.49,-1,-1,-1
435,4,400.31,196.46,21.50,48.25,0.71,-1,-1,-1
435,6,205.07,399.66,42.65,71.88,0.38,-1,-1,-1
435,10,307.51,298.56,30.37,77.36,0.56,-1,-1,-1
435,15,574.98,334.84,35.87,83.87,0.70,-1,-1,-1
435,17,677.95,389.38,34.06,89.30,0.73,-1,-1,-1
435,20,237.57,313.66,45.26,64.31,0.55,-1,-1,-1
435,33,709.18,452.31,41.01,118.48,0.63,-1,-1,-1
435,35,745.35,164.13,19.36,47.01,0.57,-1,-1,-1
435,8,271.87,229.51,32.66,69.93,0.12,-1,-1,-1
435,41,536.14,317.61,38.39,84.08,0.72,-1,-1,-1
435,42,791.66,244.29,29.07,57.23,0.57,-1,-1,-1
435,12,633.82,327.78,31.37,75.42,0.71,-1,-1,-1
435,54,549.15,203.72,21.76,60.01,0.72,-1,-1,-1
435,57,737.00,301.67,29.98,78.98,0.78,-1,-1,-1
435,68,287.33,168.59,20.53,54.58,0.43,-1,-1,-1
435,73,448.67,79.91,14.86,31.26,0.51,-1,-1,-1
435,74,508.77,108.22,16.85,39.07,0.66,-1,-1,-1
435,75,439.24,378.42,37.75,97.74,0.73,-1,-1,-1
435,80,338.87,124.30,19.48,24.07,0.34,-1,-1,-1
435,84,306.79,83.51,13.96,30.70,0.57,-1,-1,-1
435,24,224.60,352.73,42.24,56.12,0.43,-1,-1,-1
435,85,179.31,293.67,25.60,45.25,0.39,-1,-1,-1
435,90,307.78,41.92,12.20,21.44,0.33,-1,-1,-1
435,91,104.01,274.90,34.92,57.81,0.56,-1,-1,-1
435,92,337.80,320.80,33.68,88.31,0.59,-1,-1,-1
435,93,188.93,105.36,18.10,36.72,0.70,-1,-1,-1
435,94,265.97,48.51,13.33,23.84,0.61,-1,-1,-1
435,87,268.85,88.50,16.50,37.21,0.51,-1,-1,-1
435,47,438.45,246.91,33.37,66.98,0.58,-1,-1,-1
435,95,163.61,124.98,21.44,39.41,0.45,-1,-1,-1
435,97,156.25,125.89,18.15,40.46,0.57,-1,-1,-1
435,98,216.81,94.40,16.83,35.46,0.60,-1,-1,-1
435,99,102.31,185.20,24.73,54.94,0.73,-1,-1,-1
435,100,208.79,86.53,15.25,31.64,0.55,-1,-1,-1
435,101,262.73,191.17,23.96,56.41,0.52,-1,-1,-1
435,102,764.06,245.66,24.97,51.96,0.56,-1,-1,-1
435,103,133.29,451.57,39.74,111.96,0.59,-1,-1,-1
435,30,90.61,474.91,42.21,94.23,0.61,-1,-1,-1
435,104,48.71,171.92,19.89,52.85,0.67,-1,-1,-1
435,105,29.15,216.12,23.03,60.76,0.78,-1,-1,-1
436,3,282.52,293.23,35.01,82.72,0.49,-1,-1,-1
436,4,402.16,197.68,20.65,45.81,0.71,-1,-1,-1
436,6,206.14,400.45,41.08,70.09,0.32,-1,-1,-1
436,10,308.28,298.17,30.35,77.26,0.58,-1,-1,-1
436,15,574.92,334.15,36.29,85.17,0.70,-1,-1,-1
436,17,679.10,389.84,34.97,92.05,0.73,-1,-1,-1
436,20,239.60,312.43,42.37,60.68,0.56,-1,-1,-1
436,33,705.77,450.39,41.48,119.32,0.62,-1,-1,-1
436,35,747.75,164.48,18.76,45.79,0.59,-1,-1,-1
436,8,276.04,230.65,30.48,65.83,0.20,-1,-1,-1
436,41,535.77,317.56,38.13,84.64,0.74,-1,-1,-1
436,42,791.73,244.55,29.04,57.58,0.58,-1,-1,-1
436,12,634.95,327.28,31.69,76.11,0.70,-1,-1,-1
436,54,550.28,203.54,21.78,60.06,0.74,-1,-1,-1
436,57,737.47,301.89,29.80,78.74,0.77,-1,-1,-1
436,68,288.75,168.46,21.16,56.41,0.42,-1,-1,-1
436,73,450.80,79.04,14.69,30.91,0.62,-1,-1,-1
436,74,510.92,108.03,16.85,39.07,0.63,-1,-1,-1
436,75,440.16,379.83,37.63,97.74,0.75,-1,-1,-1
436,80,341.99,123.85,19.10,23.73,0.50,-1,-1,-1
436,84,309.39,83.66,13.87,30.33,0.54,-1,-1,-1
436,24,225.92,347.87,44.53,59.20,0.48,-1,-1,-1
436,85,178.69,288.48,28.20,50.09,0.31,-1,-1,-1
436,90,310.68,42.38,11.84,20.86,0.53,-1,-1,-1
436,91,105.19,274.51,34.11,56.44,0.63,-1,-1,-1
436,92,337.78,320.07,34.13,88.76,0.54,-1,-1,-1
436,93,191.10,104.33,18.53,37.67,0.69,-1,-1,-1
436,94,268.76,48.09,13.42,24.07,0.56,-1,-1,-1
436,87,272.15,88.61,16.49,37.59,0.54,-1,-1,-1
436,47,440.46,246.56,33.27,67.32,0.57,-1,-1,-1
436,95,168.52,125.49,19.94,36.55,0.50,-1,-1,-1
436,97,157.67,124.85,18.60,41.70,0.54,-1,-1,-1
436,98,219.78,95.92,16.24,34.06,0.45,-1,-1,-1
436,99,105.89,184.01,24.22,54.11,0.71,-1,-1,-1
436,100,212.21,86.26,15.85,33.16,0.42,-1,-1,-1
436,101,265.42,190.79,24.26,57.63,0.57,-1,-1,-1
436,102,764.85,245.69,24.70,51.24,0.56,-1,-1,-1
436,103,132.94,450.69,39.42,111.13,0.60,-1,-1,-1
436,30,90.09,473.67,41.97,93.98,0.63,-1,-1,-1
436,104,52.38,171.80,19.82,52.30,0.66,-1,-1,-1
436,105,33.71,215.13,23.54,60.99,0.75,-1,-1,-1
437,3,282.67,293.28,34.58,81.16,0.59,-1,-1,-1
437,4,403.56,198.45,19.92,43.78,0.70,-1,-1,-1
437,6,207.81,401.85,38.70,66.39,0.40,-1,-1,-1
437,10,308.66,296.88,30.71,78.36,0.59,-1,-1,-1
437,15,574.79,333.45,36.51,85.95,0.74,-1,-1,-1
437,17,679.80,391.13,36.29,95.38,0.59,-1,-1,-1
437,20,239.95,311.52,41.18,59.07,0.55,-1,-1,-1
437,33,703.72,449.61,41.82,119.68,0.68,-1,-1,-1
437,35,749.55,164.01,18.61,45.82,0.64,-1,-1,-1
437,8,272.27,232.26,29.07,61.91,0.10,-1,-1,-1
437,41,535.15,317.27,37.99,85.38,0.73,-1,-1,-1
437,42,792.39,244.50,28.81,57.42,0.58,-1,-1,-1
437,12,635.70,327.23,31.59,75.83,0.67,-1,-1,-1
437,54,551.27,203.22,22.11,60.92,0.74,-1,-1,-1
437,57,737.84,301.95,29.74,78.85,0.77,-1,-1,-1
437,68,288.72,168.39,23.06,62.10,0.38,-1,-1,-1
437,73,452.36,78.85,14.17,29.93,0.65,-1,-1,-1
437,74,513.51,109.41,16.27,37.61,0.68,-1,-1,-1
437,75,440.79,380.75,37.27,97.15,0.76,-1,-1,-1
437,80,344.08,123.81,18.93,23.47,0.46,-1,-1,-1
437,84,312.05,84.04,13.71,30.18,0.65,-1,-1,-1
437,24,227.65,347.23,44.56,59.45,0.53,-1,-1,-1
437,85,181.14,288.33,27.42,49.48,0.32,-1,-1,-1
437,90,313.26,42.72,11.59,20.43,0.43,-1,-1,-1
437,91,106.18,273.72,34.09,56.03,0.60,-1,-1,-1
437,92,337.67,319.68,34.03,87.90,0.54,-1,-1,-1
437,93,194.44,104.86,18.28,37.10,0.66,-1,-1,-1
437,94,272.30,48.45,12.97,23.34,0.45,-1,-1,-1
437,87,274.32,88.83,15.60,35.76,0.53,-1,-1,-1
437,47,441.41,246.18,33.32,67.74,0.60,-1,-1,-1
437,95,170.59,125.17,19.84,36.39,0.61,-1,-1,-1
437,97,158.90,124.19,18.57,41.98,0.65,-1,-1,-1
437,98,222.03,96.10,16.26,33.96,0.54,-1,-1,-1
437,99,109.69,183.44,23.72,53.19,0.74,-1,-1,-1
437,100,214.83,85.96,14.86,31.42,0.39,-1,-1,-1
437,101,266.19,190.39,24.75,59.05,0.62,-1,-1,-1
437,102,767.42,245.90,24.93,51.55,0.59,-1,-1,-1
437,103,132.44,449.23,39.47,111.02,0.62,-1,-1,-1
437,30,89.97,474.21,41.46,92.91,0.62,-1,-1,-1
437,104,55.29,171.49,19.82,51.44,0.66,-1,-1,-1
437,105,36.90,213.78,24.13,61.87,0.74,-1,-1,-1
437,108,783.88,288.28,28.70,72.31,0.75,-1,-1,-1
437,109,9.64,102.83,18.88,35.15,0.63,-1,-1,-1
438,3,283.77,292.83,34.86,80.74,0.55,-1,-1,-1
438,4,404.19,197.48,20.21,44.35,0.70,-1,-1,-1
438,6,207.81,401.13,39.27,67.83,0.43,-1,-1,-1
438,10,308.36,295.02,31.21,79.93,0.56,-1,-1,-1
438,15,574.84,333.12,36.13,85.17,0.72,-1,-1,-1
438,17,679.85,391.52,37.64,99.64,0.69,-1,-1,-1
438,20,239.41,310.86,42.79,61.72,0.55,-1,-1,-1
438,33,702.36,450.31,41.67,118.25,0.70,-1,-1,-1
438,35,750.60,164.31,18.44,45.29,0.69,-1,-1,-1
438,41,534.97,317.19,37.35,84.99,0.71,-1,-1,-1
438,42,793.30,244.61,28.25,56.53,0.55,-1,-1,-1
438,12,635.94,327.30,31.73,76.30,0.67,-1,-1,-1
438,54,552.90,203.33,22.05,60.19,0.68,-1,-1,-1
438,57,737.92,302.10,29.70,78.85,0.75,-1,-1,-1
438,68,291.02,168.36,21.76,58.54,0.44,-1,-1,-1
438,73,454.16,78.41,14.60,30.91,0.61,-1,-1,-1
438,74,515.10,109.62,16.33,37.74,0.66,-1,-1,-1
438,75,441.35,380.84,37.05,97.04,0.77,-1,-1,-1
438,80,346.10,123.92,18.93,23.57,0.51,-1,-1,-1
438,84,314.48,83.51,13.80,30.30,0.55,-1,-1,-1
438,24,228.06,346.52,45.18,60.49,0.50,-1,-1,-1
438,85,177.55,284.08,29.20,52.49,0.22,-1,-1,-1
438,90,315.96,42.60,11.51,20.32,0.49,-1,-1,-1
438,91,107.17,272.92,34.10,55.96,0.61,-1,-1,-1
438,92,336.08,318.99,34.85,89.37,0.61,-1,-1,-1
438,93,197.07,104.33,18.39,37.46,0.69,-1,-1,-1
438,94,275.89,48.97,12.92,23.22,0.37,-1,-1,-1
438,87,277.28,88.27,15.17,35.02,0.50,-1,-1,-1
438,47,441.99,246.20,33.21,67.41,0.63,-1,-1,-1
438,95,171.52,123.04,21.00,38.65,0.64,-1,-1,-1
438,97,159.72,124.07,18.28,41.60,0.62,-1,-1,-1
438,98,223.94,93.57,17.05,35.65,0.61,-1,-1,-1
438,99,113.28,182.27,23.50,52.48,0.74,-1,-1,-1
438,100,217.46,85.79,15.78,33.80,0.51,-1,-1,-1
438,101,266.07,190.10,25.42,60.34,0.56,-1,-1,-1
438,102,768.63,245.68,25.11,51.87,0.57,-1,-1,-1
438,103,131.64,447.96,39.50,110.95,0.64,-1,-1,-1
438,30,90.32,475.61,40.65,90.41,0.37,-1,-1,-1
438,104,58.91,170.72,19.91,51.33,0.68,-1,-1,-1
438,105,40.28,212.75,24.49,62.11,0.72,-1,-1,-1
438,108,786.05,289.18,29.01,72.89,0.74,-1,-1,-1
438,109,13.45,103.43,17.85,33.20,0.55,-1,-1,-1
439,3,284.44,293.14,34.67,79.48,0.55,-1,-1,-1
439,4,405.01,196.36,20.20,44.23,0.66,-1,-1,-1
439,6,205.82,396.20,41.10,72.02,0.20,-1,-1,-1
439,10,308.13,293.46,31.67,81.45,0.55,-1,-1,-1
439,15,574.61,332.94,36.07,85.04,0.70,-1,-1,-1
439,17,678.72,391.61,37.61,98.71,0.67,-1,-1,-1
439,20,238.79,310.40,45.46,66.69,0.51,-1,-1,-1
439,33,701.12,450.62,41.73,117.42,0.77,-1,-1,-1
439,35,751.53,164.84,18.48,45.24,0.68,-1,-1,-1
439,41,535.18,317.58,36.65,84.08,0.69,-1,-1,-1
439,42,795.31,244.52,27.80,55.20,0.57,-1,-1,-1
439,12,636.12,328.27,31.33,75.33,0.70,-1,-1,-1
439,54,554.37,203.38,22.09,60.08,0.68,-1,-1,-1
439,57,737.90,302.02,29.54,78.51,0.74,-1,-1,-1
439,68,292.81,168.24,22.50,61.05,0.50,-1,-1,-1
439,73,456.31,78.42,14.79,31.19,0.55,-1,-1,-1
439,74,517.25,108.66,16.66,38.47,0.68,-1,-1,-1
439,75,442.58,380.97,36.55,96.84,0.78,-1,-1,-1
439,80,348.17,123.96,18.61,23.18,0.53,-1,-1,-1
439,84,317.06,83.33,13.84,30.24,0.54,-1,-1,-1
439,24,226.70,349.30,44.25,58.94,0.54,-1,-1,-1
439,85,177.71,280.45,30.76,55.15,0.35,-1,-1,-1
439,90,319.23,43.59,11.11,19.54,0.52,-1,-1,-1
439,91,108.69,272.26,33.79,55.60,0.62,-1,-1,-1
439,92,335.07,318.27,35.41,89.91,0.63,-1,-1,-1
439,93,199.08,104.02,18.24,37.30,0.70,-1,-1,-1
439,94,279.21,48.80,12.82,23.05,0.33,-1,-1,-1
439,87,279.97,88.58,15.43,35.72,0.44,-1,-1,-1
439,47,442.48,246.26,33.26,67.07,0.61,-1,-1,-1
439,95,172.86,122.25,21.57,39.92,0.60,-1,-1,-1
439,97,159.57,123.59,18.54,42.72,0.49,-1,-1,-1
439,98,225.37,90.36,18.51,38.90,0.44,-1,-1,-1
439,99,116.83,180.82,24.13,53.79,0.72,-1,-1,-1
439,100,219.92,85.83,16.05,34.95,0.35,-1,-1,-1
439,101,266.75,189.99,26.25,61.83,0.55,-1,-1,-1
439,102,769.63,245.95,25.31,52.14,0.59,-1,-1,-1
439,103,130.79,446.88,39.75,111.23,0.63,-1,-1,-1
439,30,90.65,476.13,40.19,88.83,0.51,-1,-1,-1
439,104,62.44,170.45,19.79,50.92,0.64,-1,-1,-1
439,105,45.09,211.26,24.15,60.14,0.70,-1,-1,-1
439,108,788.64,294.42,27.55,68.65,0.63,-1,-1,-1
439,109,16.71,104.14,17.20,31.97,0.57,-1,-1,-1
440,3,285.89,292.98,34.73,78.80,0.55,-1,-1,-1
440,4,405.65,195.65,20.58,44.97,0.66,-1,-1,-1
440,6,205.78,393.44,41.80,74.92,0.31,-1,-1,-1
440,10,308.01,292.95,31.62,81.61,0.55,-1,-1,-1
440,15,574.48,332.77,35.74,84.33,0.68,-1,-1,-1
440,17,679.50,392.13,37.68,99.14,0.66,-1,-1,-1
440,20,241.12,310.13,44.84,66.78,0.53,-1,-1,-1
440,33,699.58,450.57,41.67,117.01,0.76,-1,-1,-1
440,35,753.23,165.59,18.06,44.19,0.65,-1,-1,-1
440,41,535.20,317.93,36.02,83.11,0.70,-1,-1,-1
440,42,796.32,244.58,28.15,55.46,0.57,-1,-1,-1
440,12,635.90,328.19,31.42,75.73,0.71,-1,-1,-1
440,54,555.55,203.36,22.06,59.90,0.68,-1,-1,-1
440,57,737.56,302.01,29.51,78.38,0.71,-1,-1,-1
440,68,294.62,167.55,22.43,61.19,0.51,-1,-1,-1
440,73,457.96,77.78,14.93,31.51,0.65,-1,-1,-1
440,74,518.77,107.87,17.15,39.63,0.67,-1,-1,-1
440,75,443.28,381.24,36.62,98.54,0.79,-1,-1,-1
440,80,350.76,123.70,18.35,22.89,0.52,-1,-1,-1
440,84,320.06,83.34,13.63,29.64,0.45,-1,-1,-1
440,24,226.60,352.21,42.69,56.48,0.51,-1,-1,-1
440,85,174.04,278.99,27.07,49.59,0.58,-1,-1,-1
440,90,321.67,43.40,11.19,19.66,0.46,-1,-1,-1
440,91,109.93,271.41,34.69,57.03,0.69,-1,-1,-1
440,92,334.90,317.33,35.96,90.60,0.68,-1,-1,-1
440,93,201.49,103.52,18.47,37.84,0.64,-1,-1,-1
440,94,282.41,48.60,12.80,23.00,0.51,-1,-1,-1
440,87,282.39,88.40,14.93,34.65,0.57,-1,-1,-1
440,47,442.66,245.99,33.52,67.33,0.62,-1,-1,-1
440,95,174.52,121.06,21.54,40.38,0.66,-1,-1,-1
440,97,162.18,123.68,18.30,41.72,0.42,-1,-1,-1
440,98,228.06,91.17,18.01,37.82,0.51,-1,-1,-1
440,99,120.80,179.49,24.26,53.95,0.69,-1,-1,-1
440,100,223.06,85.84,15.20,33.20,0.44,-1,-1,-1
440,101,267.97,189.70,26.72,61.67,0.46,-1,-1,-1
440,102,770.17,245.65,25.43,52.24,0.61,-1,-1,-1
440,103,129.29,445.98,39.76,111.30,0.62,-1,-1,-1
440,30,91.45,477.39,39.87,86.98,0.43,-1,-1,-1
440,104,65.51,169.44,20.40,52.28,0.69,-1,-1,-1
440,105,49.05,211.60,23.45,57.32,0.73,-1,-1,-1
440,108,789.96,291.72,29.08,71.75,0.66,-1,-1,-1
440,109,19.30,103.27,17.84,33.12,0.55,-1,-1,-1
441,3,286.83,292.89,34.53,77.90,0.51,-1,-1,-1
441,4,405.91,195.26,20.75,45.45,0.65,-1,-1,-1
441,6,206.84,392.19,39.93,72.83,0.30,-1,-1,-1
441,10,308.29,293.28,31.54,81.51,0.46,-1,-1,-1
441,15,574.39,332.66,35.38,83.64,0.63,-1,-1,-1
441,17,679.84,392.30,38.01,100.17,0.77,-1,-1,-1
441,20,245.30,309.76,40.26,60.36,0.50,-1,-1,-1
441,33,699.45,450.16,41.72,117.57,0.74,-1,-1,-1
441,35,755.24,165.18,18.15,44.60,0.60,-1,-1,-1
441,41,535.50,318.44,35.14,81.52,0.71,-1,-1,-1
441,42,795.76,244.94,28.87,57.34,0.58,-1,-1,-1
441,12,635.31,327.59,31.82,77.01,0.74,-1,-1,-1
441,54,556.45,203.25,22.04,60.00,0.69,-1,-1,-1
441,57,736.91,301.99,29.60,78.27,0.70,-1,-1,-1
441,68,296.93,167.06,20.46,55.84,0.67,-1,-1,-1
441,73,460.00,77.85,14.50,30.65,0.63,-1,-1,-1
441,74,520.88,108.87,16.66,38.51,0.67,-1,-1,-1
441,75,444.42,382.52,36.42,99.23,0.82,-1,-1,-1
441,80,352.93,122.81,18.89,23.46,0.43,-1,-1,-1
441,84,322.09,82.66,14.14,30.60,0.44,-1,-1,-1
441,24,226.03,348.25,43.62,58.80,0.43,-1,-1,-1
441,85,172.98,278.74,24.94,46.46,0.52,-1,-1,-1
441,90,324.21,42.74,11.61,20.44,0.37,-1,-1,-1
441,91,111.04,271.18,34.51,56.76,0.70,-1,-1,-1
441,92,334.90,316.68,36.13,90.62,0.71,-1,-1,-1
441,93,204.50,103.41,18.34,37.62,0.67,-1,-1,-1
441,94,285.55,48.42,13.00,23.41,0.42,-1,-1,-1
441,87,284.16,87.79,15.46,35.93,0.64,-1,-1,-1
441,47,443.00,245.84,33.66,67.26,0.65,-1,-1,-1
441,95,176.97,120.39,21.18,40.28,0.65,-1,-1,-1
441,97,163.76,124.29,18.18,41.58,0.52,-1,-1,-1
441,98,231.10,92.51,17.22,36.26,0.61,-1,-1,-1
441,99,124.86,178.95,24.67,53.47,0.68,-1,-1,-1
441,100,225.89,85.76,15.76,34.65,0.46,-1,-1,-1
441,101,269.60,188.93,26.34,59.82,0.48,-1,-1,-1
441,102,770.21,245.51,25.39,52.24,0.61,-1,-1,-1
441,103,128.46,446.34,38.33,106.67,0.63,-1,-1,-1
441,30,92.87,475.46,40.61,87.07,0.42,-1,-1,-1
441,104,68.85,169.08,20.04,50.73,0.67,-1,-1,-1
441,105,52.85,210.20,23.50,56.95,0.71,-1,-1,-1
441,108,792.08,290.68,29.82,72.91,0.72,-1,-1,-1
441,109,23.31,103.17,17.95,33.27,0.65,-1,-1,-1
441,110,2.26,188.62,18.91,58.56,0.64,-1,-1,-1
442,3,287.77,291.96,34.86,78.18,0.49,-1,-1,-1
442,4,406.72,194.48,20.93,45.89,0.62,-1,-1,-1
442,6,208.46,394.34,37.38,68.81,0.23,-1,-1,-1
442,10,307.82,292.01,32.05,82.93,0.38,-1,-1,-1
442,15,574.44,332.65,34.96,82.76,0.62,-1,-1,-1
442,17,681.10,393.02,38.05,100.68,0.79,-1,-1,-1
442,20,247.45,309.12,38.05,57.38,0.53,-1,-1,-1
442,33,698.68,449.47,41.53,118.23,0.73,-1,-1,-1
442,35,757.38,164.64,18.19,45.16,0.63,-1,-1,-1
442,41,535.66,318.49,34.86,81.49,0.70,-1,-1,-1
442,42,796.21,245.00,28.23,56.51,0.58,-1,-1,-1
442,12,634.49,327.24,31.88,77.21,0.73,-1,-1,-1
442,54,557.33,202.94,22.04,60.24,0.67,-1,-1,-1
442,57,736.21,301.81,29.83,78.45,0.68,-1,-1,-1
442,68,298.39,166.49,19.89,54.34,0.58,-1,-1,-1
442,73,461.84,77.56,14.64,30.92,0.64,-1,-1,-1
442,74,522.50,108.90,16.64,38.59,0.71,-1,-1,-1
442,75,445.47,384.38,36.27,100.05,0.83,-1,-1,-1
442,80,354.87,122.68,18.97,23.61,0.43,-1,-1,-1
442,84,324.28,82.84,14.06,30.32,0.55,-1,-1,-1
442,24,225.68,346.04,42.75,58.92,0.49,-1,-1,-1
442,85,172.36,278.54,23.82,45.09,0.48,-1,-1,-1
442,90,327.38,43.22,11.12,19.40,0.44,-1,-1,-1
442,91,111.64,270.47,34.08,56.26,0.67,-1,-1,-1
442,92,335.37,316.57,35.98,89.76,0.64,-1,-1,-1
442,93,206.70,102.91,18.45,37.91,0.67,-1,-1,-1
442,94,289.67,47.43,12.86,23.03,0.40,-1,-1,-1
442,87,287.06,87.70,15.51,36.01,0.56,-1,-1,-1
442,47,443.38,245.57,33.86,67.16,0.63,-1,-1,-1
442,95,179.19,120.11,20.65,39.59,0.67,-1,-1,-1
442,97,164.64,125.12,17.80,40.62,0.61,-1,-1,-1
442,99,130.11,178.76,25.34,53.22,0.70,-1,-1,-1
442,100,229.31,85.89,17.11,37.78,0.51,-1,-1,-1
442,101,272.86,188.43,26.35,59.78,0.58,-1,-1,-1
442,102,770.05,245.77,25.35,52.05,0.60,-1,-1,-1
442,103,127.28,444.06,39.30,109.01,0.65,-1,-1,-1
442,104,72.55,168.30,19.73,49.48,0.62,-1,-1,-1
442,105,56.97,209.26,23.38,55.56,0.70,-1,-1,-1
442,108,793.48,288.29,30.93,75.00,0.68,-1,-1,-1
442,109,26.77,103.24,17.65,32.64,0.62,-1,-1,-1
442,110,4.58,189.25,18.42,56.50,0.64,-1,-1,-1
442,21,83.27,462.62,44.22,97.37,0.53,-1,-1,-1
443,3,288.62,291.46,34.35,76.93,0.44,-1,-1,-1
443,4,407.35,193.09,21.14,46.49,0.64,-1,-1,-1
443,6,208.43,393.54,37.72,70.11,0.34,-1,-1,-1
443,10,308.06,291.71,32.19,83.37,0.33,-1,-1,-1
443,15,574.60,332.52,34.55,82.01,0.61,-1,-1,-1
443,17,682.34,393.31,38.00,101.03,0.78,-1,-1,-1
443,20,249.86,308.79,35.32,53.12,0.58,-1,-1,-1
443,33,698.11,449.14,40.83,117.93,0.73,-1,-1,-1
443,35,758.48,163.92,18.37,45.82,0.65,-1,-1,-1
443,41,536.09,318.66,34.22,80.52,0.71,-1,-1,-1
443,42,796.73,245.10,27.92,56.18,0.59,-1,-1,-1
443,12,633.91,326.80,32.03,77.58,0.71,-1,-1,-1
443,54,558.07,202.75,22.08,60.49,0.66,-1,-1,-1
443,57,735.62,301.37,30.25,79.15,0.65,-1,-1,-1
443,68,301.15,166.22,19.20,52.24,0.66,-1,-1,-1
443,73,464.06,77.80,14.64,30.90,0.60,-1,-1,-1
443,74,524.51,108.91,16.55,38.33,0.70,-1,-1,-1
443,75,446.84,386.48,35.58,99.18,0.84,-1,-1,-1
443,80,357.24,122.73,18.84,23.52,0.46,-1,-1,-1
443,84,326.90,82.77,13.98,30.24,0.56,-1,-1,-1
443,24,226.03,344.91,41.46,58.32,0.48,-1,-1,-1
443,85,174.72,278.37,22.41,42.86,0.47,-1,-1,-1
443,90,330.09,43.58,11.07,19.24,0.41,-1,-1,-1
443,91,112.93,270.12,33.65,55.73,0.65,-1,-1,-1
443,92,337.11,316.22,35.94,89.19,0.64,-1,-1,-1
443,93,209.57,102.80,18.43,37.85,0.61,-1,-1,-1
443,94,292.92,47.75,12.87,23.00,0.32,-1,-1,-1
443,87,290.20,87.28,14.88,34.63,0.49,-1,-1,-1
443,47,443.91,245.27,33.74,66.61,0.61,-1,-1,-1
443,95,180.72,119.49,20.95,40.35,0.57,-1,-1,-1
443,97,165.68,125.08,17.43,40.02,0.60,-1,-1,-1
443,99,133.22,178.40,25.60,53.13,0.69,-1,-1,-1
443,100,232.02,85.86,15.79,35.07,0.47,-1,-1,-1
443,101,274.71,187.92,27.10,61.25,0.60,-1,-1,-1
443,102,770.07,245.58,25.88,52.93,0.59,-1,-1,-1
443,103,126.23,442.71,39.52,108.58,0.63,-1,-1,-1
443,104,75.00,167.46,20.24,50.14,0.62,-1,-1,-1
443,105,61.41,206.72,24.53,57.34,0.73,-1,-1,-1
443,108,797.17,286.67,31.25,75.97,0.71,-1,-1,-1
443,109,30.31,102.87,17.40,32.18,0.58,-1,-1,-1
443,110,8.08,188.58,19.02,57.68,0.64,-1,-1,-1
443,21,84.33,460.53,42.12,97.53,0.43,-1,-1,-1
444,3,288.71,290.66,34.46,77.31,0.43,-1,-1,-1
444,4,408.28,191.09,21.32,46.90,0.64,-1,-1,-1
444,6,207.37,391.35,38.29,71.69,0.48,-1,-1,-1
444,10,307.85,290.90,32.21,83.82,0.39,-1,-1,-1
444,15,574.94,332.44,34.04,81.04,0.61,-1,-1,-1
444,17,683.85,394.03,37.71,100.48,0.82,-1,-1,-1
444,20,251.51,308.45,34.52,52.29,0.53,-1,-1,-1
444,33,697.93,449.74,39.97,117.21,0.76,-1,-1,-1
444,35,759.42,164.44,18.32,45.39,0.68,-1,-1,-1
444,41,536.34,318.63,33.85,80.23,0.70,-1,-1,-1
444,42,798.23,245.07,27.76,56.12,0.59,-1,-1,-1
444,12,633.85,327.43,32.10,77.37,0.67,-1,-1,-1
444,54,558.02,202.61,22.12,60.34,0.67,-1,-1,-1
444,57,734.73,301.01,30.61,79.41,0.70,-1,-1,-1
444,68,303.91,165.92,18.31,49.87,0.61,-1,-1,-1
444,73,465.99,77.72,14.47,30.54,0.69,-1,-1,-1
444,74,525.84,108.08,16.77,38.90,0.67,-1,-1,-1
444,75,448.35,388.15,34.81,97.77,0.82,-1,-1,-1
444,80,359.82,122.11,19.00,23.80,0.39,-1,-1,-1
444,84,328.77,83.03,13.94,30.47,0.64,-1,-1,-1
444,24,230.88,344.52,41.22,58.22,0.47,-1,-1,-1
444,85,176.17,278.09,21.41,41.25,0.43,-1,-1,-1
444,90,332.51,41.98,11.71,20.42,0.40,-1,-1,-1
444,91,114.57,269.72,33.25,55.35,0.54,-1,-1,-1
444,92,336.48,315.65,36.31,89.26,0.63,-1,-1,-1
444,93,212.34,102.58,18.36,37.73,0.64,-1,-1,-1
444,94,296.02,47.19,13.22,23.74,0.44,-1,-1,-1
444,87,292.81,87.51,13.72,31.68,0.55,-1,-1,-1
444,47,446.21,244.75,34.58,68.49,0.59,-1,-1,-1
444,95,181.34,119.42,20.52,39.96,0.54,-1,-1,-1
444,97,166.31,124.25,17.31,39.95,0.51,-1,-1,-1
444,99,136.65,177.98,26.08,53.37,0.67,-1,-1,-1
444,100,234.57,85.48,15.63,35.02,0.42,-1,-1,-1
444,101,276.23,187.31,26.54,58.91,0.64,-1,-1,-1
444,102,770.04,245.51,26.05,52.74,0.57,-1,-1,-1
444,103,124.86,441.74,40.16,109.92,0.58,-1,-1,-1
444,104,78.51,167.04,19.28,47.47,0.63,-1,-1,-1
444,105,66.03,205.79,25.15,57.45,0.72,-1,-1,-1
444,108,800.80,285.41,31.60,77.27,0.73,-1,-1,-1
444,109,32.66,102.20,17.58,32.50,0.65,-1,-1,-1
444,110,11.61,188.26,19.06,56.88,0.65,-1,-1,-1
444,21,85.76,458.48,42.06,100.42,0.41,-1,-1,-1
444,98,239.48,92.78,16.82,35.35,0.56,-1,-1,-1
445,3,291.66,291.76,34.88,77.37,0.48,-1,-1,-1
445,4,409.15,188.32,21.46,47.38,0.66,-1,-1,-1
445,6,207.11,392.01,37.37,69.90,0.42,-1,-1,-1
445,10,307.81,289.13,32.54,85.20,0.22,-1,-1,-1
445,15,574.76,332.13,34.23,81.90,0.58,-1,-1,-1
445,17,685.38,394.56,37.66,100.01,0.76,-1,-1,-1
445,20,253.31,308.00,36.62,56.63,0.50,-1,-1,-1
445,33,698.54,448.18,39.85,118.41,0.69,-1,-1,-1
445,35,760.41,164.38,18.58,45.79,0.61,-1,-1,-1
445,41,536.47,318.50,33.56,80.03,0.70,-1,-1,-1
445,42,799.60,244.78,28.30,57.21,0.56,-1,-1,-1
445,12,633.34,327.91,32.16,77.00,0.67,-1,-1,-1
445,54,558.76,202.28,22.20,60.38,0.64,-1,-1,-1
445,57,734.22,300.90,30.90,79.65,0.71,-1,-1,-1
445,68,305.51,165.66,18.21,49.45,0.69,-1,-1,-1
445,73,467.48,77.28,14.70,30.95,0.65,-1,-1,-1
445,74,527.10,107.59,16.79,39.05,0.67,-1,-1,-1
445,75,449.19,388.53,34.25,96.94,0.83,-1,-1,-1
445,80,362.47,121.19,19.44,24.46,0.48,-1,-1,-1
445,84,331.56,82.82,13.84,30.24,0.59,-1,-1,-1
445,24,233.10,344.70,40.33,57.02,0.43,-1,-1,-1
445,85,178.34,276.87,21.68,41.53,0.46,-1,-1,-1
445,90,335.48,43.85,11.08,19.07,0.31,-1,-1,-1
445,91,116.55,268.90,33.83,56.02,0.56,-1,-1,-1
445,92,336.50,314.84,36.64,89.40,0.65,-1,-1,-1
445,93,214.64,102.04,18.53,38.16,0.64,-1,-1,-1
445,94,299.71,46.44,13.42,24.19,0.42,-1,-1,-1
445,87,295.04,87.19,14.32,33.26,0.49,-1,-1,-1
445,47,447.15,244.18,34.88,69.11,0.58,-1,-1,-1
445,95,184.50,118.81,20.17,38.98,0.56,-1,-1,-1
445,97,168.52,123.81,17.77,40.48,0.51,-1,-1,-1
445,99,139.15,177.27,26.47,53.96,0.67,-1,-1,-1
445,100,237.36,85.39,14.76,33.09,0.38,-1,-1,-1
445,101,276.75,187.17,26.65,58.29,0.57,-1,-1,-1
445,102,770.66,245.53,26.24,52.47,0.57,-1,-1,-1
445,103,124.68,440.15,40.59,110.78,0.65,-1,-1,-1
445,104,80.90,166.11,19.35,47.30,0.67,-1,-1,-1
445,105,69.10,205.77,25.00,56.80,0.69,-1,-1,-1
445,108,802.84,284.97,31.82,78.13,0.77,-1,-1,-1
445,109,36.29,102.26,17.48,32.36,0.57,-1,-1,-1
445,110,14.74,186.69,19.92,58.23,0.77,-1,-1,-1
445,21,88.92,457.37,42.71,101.87,0.49,-1,-1,-1
445,98,241.57,90.26,17.71,37.38,0.56,-1,-1,-1
446,3,292.71,292.31,35.21,77.18,0.54,-1,-1,-1
446,4,409.73,186.25,21.90,48.60,0.61,-1,-1,-1
446,6,207.70,391.20,36.91,68.61,0.46,-1,-1,-1
446,10,312.27,289.34,31.64,84.22,0.17,-1,-1,-1
446,15,574.45,331.22,34.41,82.95,0.55,-1,-1,-1
446,17,685.53,395.15,37.37,98.99,0.75,-1,-1,-1
446,20,254.49,307.24,36.89,58.16,0.52,-1,-1,-1
446,33,699.55,447.18,39.48,117.96,0.74,-1,-1,-1
446,35,762.04,164.04,18.76,46.15,0.60,-1,-1,-1
446,41,536.58,318.40,33.42,80.16,0.70,-1,-1,-1
446,42,799.51,244.66,28.73,58.49,0.57,-1,-1,-1
446,12,630.85,326.47,31.92,76.56,0.65,-1,-1,-1
446,54,560.35,202.22,22.12,60.26,0.57,-1,-1,-1
446,57,733.34,300.61,31.02,79.54,0.74,-1,-1,-1
446,68,306.44,165.35,18.46,49.92,0.68,-1,-1,-1
446,73,469.33,77.30,14.82,31.13,0.56,-1,-1,-1
446,74,528.98,107.90,16.73,38.84,0.64,-1,-1,-1
446,75,450.28,388.69,33.87,96.66,0.82,-1,-1,-1
446,80,364.31,121.62,19.10,24.09,0.50,-1,-1,-1
446,84,333.76,82.36,13.76,30.10,0.65,-1,-1,-1
446,24,232.06,344.28,41.23,57.86,0.47,-1,-1,-1
446,85,174.49,276.20,23.39,44.86,0.16,-1,-1,-1
446,90,338.40,44.71,10.63,17.91,0.39,-1,-1,-1
446,91,117.62,268.54,33.62,55.84,0.57,-1,-1,-1
446,92,336.91,314.03,36.89,89.61,0.65,-1,-1,-1
446,93,216.67,100.87,19.08,39.49,0.58,-1,-1,-1
446,94,303.43,46.97,13.27,24.12,0.51,-1,-1,-1
446,87,298.01,87.24,13.91,32.24,0.46,-1,-1,-1
446,47,447.44,244.02,34.76,68.75,0.63,-1,-1,-1
446,95,186.28,118.81,19.86,37.96,0.53,-1,-1,-1
446,97,167.17,121.94,18.23,41.71,0.52,-1,-1,-1
446,99,143.38,175.82,26.14,53.42,0.67,-1,-1,-1
446,101,281.43,187.07,26.40,57.56,0.56,-1,-1,-1
446,102,771.63,245.69,26.65,53.14,0.60,-1,-1,-1
446,103,124.83,438.92,40.25,109.46,0.64,-1,-1,-1
446,104,83.38,165.53,19.31,46.66,0.72,-1,-1,-1
446,105,73.53,204.46,25.37,56.55,0.63,-1,-1,-1
446,108,804.15,284.97,32.53,80.49,0.77,-1,-1,-1
446,109,39.64,101.70,17.38,32.09,0.62,-1,-1,-1
446,110,17.61,185.97,20.04,57.30,0.77,-1,-1,-1
446,21,92.70,460.79,41.64,97.91,0.43,-1,-1,-1
446,98,243.03,87.55,18.44,39.35,0.49,-1,-1,-1
447,3,293.33,292.05,35.74,77.51,0.54,-1,-1,-1
447,4,410.87,185.23,22.01,49.07,0.58,-1,-1,-1
447,6,208.51,393.27,35.06,64.28,0.39,-1,-1,-1
447,10,314.03,288.66,31.16,84.17,0.14,-1,-1,-1
447,15,574.15,330.31,34.25,83.22,0.49,-1,-1,-1
447,17,685.95,396.32,36.98,97.31,0.70,-1,-1,-1
447,20,256.46,306.78,35.06,56.16,0.57,-1,-1,-1
447,33,700.58,447.31,38.64,115.27,0.76,-1,-1,-1
447,35,764.08,164.25,18.59,45.73,0.60,-1,-1,-1
447,41,536.89,318.39,32.74,78.92,0.69,-1,-1,-1
447,42,799.79,244.39,28.73,58.90,0.61,-1,-1,-1
447,12,629.32,325.77,31.85,76.38,0.60,-1,-1,-1
447,54,562.58,202.20,21.95,59.78,0.61,-1,-1,-1
447,57,732.81,300.48,30.91,79.21,0.75,-1,-1,-1
447,68,308.47,164.51,19.05,51.06,0.58,-1,-1,-1
447,73,471.64,77.07,14.77,30.98,0.61,-1,-1,-1
447,74,531.00,108.39,16.45,38.02,0.74,-1,-1,-1
447,75,452.02,388.83,33.57,95.71,0.72,-1,-1,-1
447,80,366.25,120.64,19.29,24.65,0.43,-1,-1,-1
447,84,336.23,82.36,13.75,30.14,0.56,-1,-1,-1
447,24,233.02,341.95,43.06,60.23,0.48,-1,-1,-1
447,90,341.27,44.67,10.95,18.28,0.37,-1,-1,-1
447,91,119.23,267.08,34.49,57.21,0.62,-1,-1,-1
447,92,336.97,313.28,37.12,89.76,0.62,-1,-1,-1
447,93,219.19,100.48,18.89,39.27,0.60,-1,-1,-1
447,94,306.82,46.46,13.54,24.73,0.54,-1,-1,-1
447,87,299.91,87.27,14.55,33.76,0.60,-1,-1,-1
447,47,446.96,243.77,34.85,69.12,0.65,-1,-1,-1
447,95,190.28,118.68,19.44,36.65,0.10,-1,-1,-1
447,97,168.64,121.56,17.63,40.62,0.49,-1,-1,-1
447,99,147.13,174.39,26.33,54.38,0.67,-1,-1,-1
447,101,285.54,186.70,26.74,57.82,0.62,-1,-1,-1
447,102,772.80,245.89,25.90,51.53,0.58,-1,-1,-1
447,103,124.69,438.09,39.77,107.96,0.56,-1,-1,-1
447,104,84.93,165.07,20.01,47.88,0.70,-1,-1,-1
447,105,77.08,203.29,24.62,54.49,0.66,-1,-1,-1
447,108,806.08,285.49,32.58,80.89,0.72,-1,-1,-1
447,109,42.64,101.54,16.96,31.29,0.57,-1,-1,-1
447,110,20.99,185.08,20.19,56.67,0.71,-1,-1,-1
447,21,93.71,460.81,41.80,97.46,0.45,-1,-1,-1
447,98,245.95,89.20,17.70,37.86,0.58,-1,-1,-1
448,3,293.65,290.73,36.58,78.61,0.55,-1,-1,-1
448,4,412.02,184.71,21.28,47.61,0.65,-1,-1,-1
448,6,209.43,394.12,33.96,61.68,0.38,-1,-1,-1
448,10,315.10,287.79,30.48,83.20,0.15,-1,-1,-1
448,15,574.00,329.90,33.92,83.09,0.48,-1,-1,-1
448,17,686.73,396.74,37.24,96.68,0.61,-1,-1,-1
448,20,258.25,306.84,32.05,51.11,0.54,-1,-1,-1
448,33,701.25,447.63,38.39,113.55,0.75,-1,-1,-1
448,35,765.83,163.78,18.65,46.22,0.62,-1,-1,-1
448,41,536.94,317.78,32.56,78.99,0.70,-1,-1,-1
448,42,800.89,244.76,27.93,57.37,0.59,-1,-1,-1
448,12,628.34,325.78,31.83,76.13,0.61,-1,-1,-1
448,54,564.08,202.20,21.81,59.58,0.68,-1,-1,-1
448,57,732.11,299.60,31.11,79.21,0.75,-1,-1,-1
448,68,309.52,164.30,20.36,54.23,0.55,-1,-1,-1
448,73,473.73,77.09,14.84,31.17,0.66,-1,-1,-1
448,74,532.66,107.77,16.65,38.36,0.71,-1,-1,-1
448,75,453.03,388.79,33.43,94.97,0.72,-1,-1,-1
448,80,369.24,120.53,19.12,24.48,0.42,-1,-1,-1
448,84,338.67,81.64,13.81,30.48,0.59,-1,-1,-1
448,24,231.47,341.25,43.57,60.21,0.46,-1,-1,-1
448,90,343.96,44.18,11.03,18.26,0.40,-1,-1,-1
448,91,121.28,267.50,33.89,56.02,0.63,-1,-1,-1
448,92,337.41,312.82,36.92,88.97,0.63,-1,-1,-1
448,93,222.37,100.49,18.71,38.91,0.65,-1,-1,-1
448,94,310.40,45.49,13.81,25.34,0.51,-1,-1,-1
448,87,302.40,86.64,14.96,34.91,0.57,-1,-1,-1
448,47,447.37,243.86,34.53,68.69,0.66,-1,-1,-1
448,95,189.04,118.46,19.59,37.32,0.55,-1,-1,-1
448,97,170.57,122.91,17.64,40.97,0.62,-1,-1,-1
448,99,151.20,173.72,25.46,53.35,0.66,-1,-1,-1
448,101,287.25,186.27,27.42,58.45,0.59,-1,-1,-1
448,102,775.80,245.66,26.38,52.36,0.55,-1,-1,-1
448,103,124.59,437.62,39.42,106.74,0.56,-1,-1,-1
448,104,87.32,164.91,20.27,48.53,0.63,-1,-1,-1
448,105,80.74,201.75,24.54,54.06,0.70,-1,-1,-1
448,108,808.98,287.64,31.44,78.21,0.66,-1,-1,-1
448,109,46.37,101.65,16.82,30.99,0.51,-1,-1,-1
448,110,24.07,184.50,20.51,56.24,0.65,-1,-1,-1
448,21,95.02,460.92,41.00,94.81,0.46,-1,-1,-1
448,98,248.93,89.70,17.33,37.19,0.49,-1,-1,-1
448,111,117.31,60.01,14.85,28.66,0.58,-1,-1,-1
449,3,293.88,291.11,36.48,77.70,0.59,-1,-1,-1
449,4,413.13,184.76,20.80,46.89,0.69,-1,-1,-1
449,6,209.83,393.41,34.56,62.71,0.49,-1,-1,-1
449,10,314.27,281.97,30.58,84.02,0.13,-1,-1,-1
449,15,573.89,329.70,33.81,83.51,0.45,-1,-1,-1
449,17,688.33,396.48,37.78,97.41,0.54,-1,-1,-1
449,20,259.11,306.27,32.01,51.28,0.58,-1,-1,-1
449,33,700.75,447.69,38.41,112.86,0.78,-1,-1,-1
449,35,767.28,163.88,18.41,45.57,0.70,-1,-1,-1
449,41,536.77,317.44,32.45,79.18,0.69,-1,-1,-1
449,42,801.95,244.77,27.24,55.71,0.57,-1,-1,-1
449,12,627.81,326.46,31.74,75.52,0.70,-1,-1,-1
449,54,565.02,202.02,21.76,59.63,0.71,-1,-1,-1
449,57,731.58,298.28,31.43,79.88,0.72,-1,-1,-1
449,68,312.35,164.31,19.72,52.68,0.61,-1,-1,-1
449,73,475.33,76.51,14.90,31.13,0.61,-1,-1,-1
449,74,533.83,106.21,17.32,39.80,0.65,-1,-1,-1
449,75,454.37,388.47,33.62,94.66,0.65,-1,-1,-1
449,80,371.28,119.82,19.26,24.90,0.43,-1,-1,-1
449,84,340.92,81.62,13.74,30.22,0.56,-1,-1,-1
449,24,230.37,340.94,44.38,60.67,0.50,-1,-1,-1
449,90,346.76,42.94,11.39,18.73,0.25,-1,-1,-1
449,91,122.58,266.87,33.91,55.87,0.65,-1,-1,-1
449,92,337.90,312.47,36.58,87.98,0.63,-1,-1,-1
449,93,224.99,100.26,18.37,38.22,0.64,-1,-1,-1
449,94,314.62,45.97,13.56,24.88,0.50,-1,-1,-1
449,87,306.17,85.92,14.13,32.80,0.56,-1,-1,-1
449,47,448.23,243.74,33.41,66.62,0.70,-1,-1,-1
449,95,190.22,118.84,19.85,38.13,0.49,-1,-1,-1
449,97,172.98,123.43,17.08,39.83,0.65,-1,-1,-1
449,99,154.65,173.12,24.78,52.52,0.69,-1,-1,-1
449,101,284.78,185.59,27.75,58.64,0.50,-1,-1,-1
449,102,776.60,245.27,26.67,52.81,0.58,-1,-1,-1
449,103,124.52,436.82,39.02,105.70,0.61,-1,-1,-1
449,104,89.50,163.75,19.91,47.25,0.63,-1,-1,-1
449,105,84.44,200.84,24.55,54.02,0.68,-1,-1,-1
449,108,811.82,288.46,30.68,75.54,0.64,-1,-1,-1
449,109,49.07,101.34,16.89,31.12,0.51,-1,-1,-1
449,110,27.77,183.69,21.16,56.68,0.72,-1,-1,-1
449,21,95.47,458.01,41.38,95.40,0.57,-1,-1,-1
449,98,250.75,87.61,17.86,38.47,0.53,-1,-1,-1
449,111,121.05,61.53,13.86,26.75,0.55,-1,-1,-1
449,112,1.93,309.63,15.51,49.07,0.66,-1,-1,-1
450,3,293.79,290.90,36.26,76.78,0.58,-1,-1,-1
450,4,414.60,185.20,19.81,44.74,0.71,-1,-1,-1
450,6,209.44,391.66,35.34,64.43,0.46,-1,-1,-1
450,10,314.52,281.25,29.85,82.35,0.19,-1,-1,-1
450,15,572.42,331.07,35.43,87.71,0.48,-1,-1,-1
450,17,689.20,396.92,37.57,95.87,0.59,-1,-1,-1
450,20,259.26,305.85,31.30,49.88,0.58,-1,-1,-1
450,33,700.23,448.72,38.33,111.88,0.81,-1,-1,-1
450,35,768.27,164.22,18.34,45.29,0.70,-1,-1,-1
450,41,536.54,317.29,32.25,79.06,0.70,-1,-1,-1
450,42,803.97,244.79,27.77,56.43,0.57,-1,-1,-1
450,12,627.23,326.48,31.90,75.60,0.66,-1,-1,-1
450,54,565.96,201.79,21.71,59.49,0.73,-1,-1,-1
450,57,730.93,297.95,31.47,79.83,0.70,-1,-1,-1
450,68,314.57,163.95,19.29,51.57,0.72,-1,-1,-1
450,73,476.77,75.75,15.80,32.93,0.64,-1,-1,-1
450,74,535.53,106.01,17.24,39.69,0.64,-1,-1,-1
450,75,455.88,388.47,33.54,93.76,0.53,-1,-1,-1
450,80,373.47,120.20,18.48,23.94,0.42,-1,-1,-1
450,84,343.05,81.50,13.76,30.34,0.55,-1,-1,-1
450,24,234.12,339.94,42.40,58.62,0.47,-1,-1,-1
450,90,349.76,42.81,11.73,19.22,0.27,-1,-1,-1
450,91,123.28,266.25,33.70,55.35,0.65,-1,-1,-1
450,92,337.83,312.23,36.54,87.53,0.61,-1,-1,-1
450,93,227.53,99.92,18.17,37.91,0.59,-1,-1,-1
450,94,318.32,45.85,13.53,24.72,0.49,-1,-1,-1
450,87,307.90,85.71,14.95,34.83,0.59,-1,-1,-1
450,47,448.72,243.22,33.16,66.18,0.71,-1,-1,-1
450,95,192.21,118.97,19.91,38.28,0.69,-1,-1,-1
450,97,175.12,124.43,16.53,38.62,0.63,-1,-1,-1
450,99,157.92,172.71,24.66,53.12,0.63,-1,-1,-1
450,101,282.88,185.20,28.97,59.47,0.52,-1,-1,-1
450,102,777.61,245.30,26.68,52.82,0.61,-1,-1,-1
450,103,124.25,436.21,38.99,105.50,0.64,-1,-1,-1
450,104,90.99,163.53,19.94,46.83,0.69,-1,-1,-1
450,105,87.74,200.45,24.30,53.44,0.67,-1,-1,-1
450,108,814.16,289.19,29.60,72.07,0.60,-1,-1,-1
450,109,51.08,100.57,16.97,31.26,0.51,-1,-1,-1
450,110,31.04,182.86,21.84,56.81,0.79,-1,-1,-1
450,21,94.43,452.53,41.71,96.34,0.50,-1,-1,-1
450,98,253.95,88.61,17.44,37.48,0.53,-1,-1,-1
450,111,123.88,62.16,13.27,25.60,0.50,-1,-1,-1
450,112,2.61,311.71,13.77,43.18,0.64,-1,-1,-1
451,3,293.87,290.46,36.31,76.55,0.57,-1,-1,-1
451,4,416.26,185.43,19.40,43.90,0.69,-1,-1,-1
451,6,209.05,390.29,34.35,62.85,0.44,-1,-1,-1
451,10,315.14,281.84,29.18,80.88,0.21,-1,-1,-1
451,15,572.60,330.04,34.72,86.22,0.53,-1,-1,-1
451,17,690.67,397.43,37.18,94.31,0.60,-1,-1,-1
451,20,259.33,305.39,31.44,49.94,0.61,-1,-1,-1
451,33,699.40,449.15,38.44,111.53,0.79,-1,-1,-1
451,35,769.79,164.91,18.15,44.88,0.65,-1,-1,-1
451,41,535.89,316.19,32.59,80.30,0.71,-1,-1,-1
451,42,804.34,244.82,28.41,57.77,0.61,-1,-1,-1
451,12,626.84,326.17,32.69,77.37,0.61,-1,-1,-1
451,54,566.74,201.83,21.69,59.30,0.73,-1,-1,-1
451,57,729.63,297.72,30.47,77.96,0.67,-1,-1,-1
451,68,315.37,163.24,19.74,52.87,0.66,-1,-1,-1
451,73,478.72,75.94,15.71,32.55,0.71,-1,-1,-1
451,74,537.94,107.04,16.89,39.00,0.66,-1,-1,-1
451,75,458.81,388.92,32.56,90.04,0.62,-1,-1,-1
451,80,375.62,120.16,18.49,24.00,0.39,-1,-1,-1
451,84,345.04,81.66,13.69,30.14,0.67,-1,-1,-1
451,24,235.26,339.27,42.60,59.70,0.50,-1,-1,-1
451,90,353.22,43.72,10.65,17.09,0.45,-1,-1,-1
451,91,124.24,265.30,33.81,55.46,0.67,-1,-1,-1
451,92,337.49,311.90,36.75,87.62,0.61,-1,-1,-1
451,93,230.48,100.14,18.13,37.90,0.66,-1,-1,-1
451,94,322.08,45.34,13.47,24.84,0.47,-1,-1,-1
451,87,310.57,85.96,13.86,31.98,0.55,-1,-1,-1
451,47,449.25,242.50,33.19,66.35,0.67,-1,-1,-1
451,95,194.32,119.52,19.52,37.81,0.67,-1,-1,-1
451,97,177.18,123.38,16.90,39.72,0.54,-1,-1,-1
451,99,161.03,172.09,24.15,52.77,0.69,-1,-1,-1
451,101,285.03,184.60,27.82,57.54,0.52,-1,-1,-1
451,102,778.22,245.41,26.61,52.78,0.62,-1,-1,-1
451,103,123.99,435.07,39.14,105.98,0.65,-1,-1,-1
451,104,92.96,162.78,21.43,50.53,0.55,-1,-1,-1
451,105,89.44,196.41,25.81,56.93,0.68,-1,-1,-1
451,108,815.44,289.73,31.58,77.79,0.67,-1,-1,-1
451,109,52.91,88.97,19.23,35.94,0.53,-1,-1,-1
451,110,34.42,181.56,23.03,58.43,0.71,-1,-1,-1
451,21,96.44,448.21,42.37,97.48,0.49,-1,-1,-1
451,98,256.12,87.45,17.73,38.16,0.57,-1,-1,-1
451,111,128.34,64.56,12.19,23.54,0.39,-1,-1,-1
451,112,3.42,308.77,14.87,46.04,0.59,-1,-1,-1
452,3,294.18,289.44,36.61,77.04,0.57,-1,-1,-1
452,4,417.70,184.89,19.52,44.28,0.68,-1,-1,-1
452,6,207.83,387.85,34.72,63.56,0.44,-1,-1,-1
452,10,315.78,283.80,28.24,78.36,0.33,-1,-1,-1
452,15,573.22,329.48,34.02,84.74,0.58,-1,-1,-1
452,17,692.48,397.62,36.63,92.82,0.62,-1,-1,-1
452,20,259.43,304.47,31.73,50.56,0.62,-1,-1,-1
452,33,699.18,449.26,38.77,112.31,0.75,-1,-1,-1
452,35,771.14,164.03,18.62,46.18,0.62,-1,-1,-1
452,41,535.10,316.00,32.61,80.41,0.75,-1,-1,-1
452,42,805.09,244.71,27.77,56.52,0.62,-1,-1,-1
452,12,626.28,325.83,32.52,77.15,0.65,-1,-1,-1
452,54,567.70,201.68,21.71,59.30,0.74,-1,-1,-1
452,57,728.06,297.06,29.96,77.86,0.58,-1,-1,-1
452,68,317.08,162.12,20.30,54.16,0.57,-1,-1,-1
452,73,480.41,76.05,15.46,32.09,0.63,-1,-1,-1
452,74,540.04,107.48,16.71,38.82,0.72,-1,-1,-1
452,75,461.56,389.12,33.83,91.51,0.65,-1,-1,-1
452,80,378.60,120.07,18.20,23.62,0.42,-1,-1,-1
452,84,347.35,81.46,13.70,30.27,0.62,-1,-1,-1
452,24,238.59,339.21,41.82,59.73,0.47,-1,-1,-1
452,90,355.87,42.27,11.32,17.95,0.31,-1,-1,-1
452,91,125.50,264.53,33.82,55.63,0.66,-1,-1,-1
452,92,337.58,311.63,36.91,87.75,0.56,-1,-1,-1
452,93,233.02,100.43,17.04,35.46,0.60,-1,-1,-1
452,94,325.98,45.39,13.27,24.52,0.53,-1,-1,-1
452,87,313.68,86.18,13.46,30.85,0.52,-1,-1,-1
452,47,450.54,241.97,32.83,65.87,0.62,-1,-1,-1
452,95,195.85,119.23,19.24,37.54,0.70,-1,-1,-1
452,97,179.76,124.34,16.55,38.99,0.59,-1,-1,-1
452,99,164.52,170.82,24.43,53.66,0.69,-1,-1,-1
452,101,287.20,184.57,27.65,58.10,0.54,-1,-1,-1
452,102,778.47,245.45,26.60,52.71,0.61,-1,-1,-1
452,103,123.46,434.33,39.26,106.58,0.63,-1,-1,-1
452,104,94.17,162.09,22.30,52.81,0.54,-1,-1,-1
452,105,94.13,197.33,25.20,55.56,0.65,-1,-1,-1
452,108,817.91,290.98,31.34,78.04,0.68,-1,-1,-1
452,109,55.54,84.42,20.07,38.05,0.56,-1,-1,-1
452,110,37.64,180.68,23.34,57.89,0.72,-1,-1,-1
452,21,97.88,444.30,43.17,99.34,0.55,-1,-1,-1
452,98,259.07,87.42,17.43,37.51,0.55,-1,-1,-1
452,111,130.75,63.89,12.37,23.81,0.47,-1,-1,-1
452,112,3.59,307.19,15.86,48.34,0.54,-1,-1,-1
453,3,294.44,288.71,36.61,77.17,0.58,-1,-1,-1
453,4,419.53,184.54,18.86,42.37,0.69,-1,-1,-1
453,6,207.75,386.90,34.63,63.15,0.54,-1,-1,-1
453,10,316.02,285.21,27.79,77.13,0.40,-1,-1,-1
453,15,573.70,329.14,33.60,83.94,0.60,-1,-1,-1
453,17,692.85,397.46,38.38,98.13,0.47,-1,-1,-1
453,20,258.96,303.72,32.83,52.24,0.57,-1,-1,-1
453,33,698.90,449.74,38.54,111.80,0.79,-1,-1,-1
453,35,773.56,163.45,18.54,46.56,0.64,-1,-1,-1
453,41,534.01,316.32,32.59,79.59,0.75,-1,-1,-1
453,42,806.46,244.94,26.81,54.32,0.58,-1,-1,-1
453,12,625.99,325.76,32.39,76.91,0.67,-1,-1,-1
453,54,569.07,201.64,21.98,59.66,0.74,-1,-1,-1
453,57,726.42,296.63,29.41,77.31,0.68,-1,-1,-1
453,68,319.45,162.05,19.78,52.94,0.61,-1,-1,-1
453,73,482.71,76.35,14.99,30.97,0.56,-1,-1,-1
453,74,541.90,106.82,16.90,39.56,0.65,-1,-1,-1
453,75,459.48,390.24,34.85,91.35,0.65,-1,-1,-1
453,80,380.81,119.94,18.03,23.53,0.46,-1,-1,-1
453,84,349.75,81.88,13.41,29.51,0.60,-1,-1,-1
453,24,240.49,337.02,41.21,59.91,0.47,-1,-1,-1
453,90,359.05,40.88,11.77,18.75,0.41,-1,-1,-1
453,91,127.08,263.58,34.46,57.07,0.64,-1,-1,-1
453,92,338.76,311.67,36.65,87.37,0.58,-1,-1,-1
453,93,235.71,100.23,17.37,36.11,0.52,-1,-1,-1
453,94,329.21,44.34,13.05,24.11,0.44,-1,-1,-1
453,87,316.32,86.29,13.45,30.69,0.62,-1,-1,-1
453,47,451.87,241.63,32.25,65.10,0.63,-1,-1,-1
453,95,197.45,118.82,19.49,38.30,0.69,-1,-1,-1
453,97,181.82,123.84,16.16,38.18,0.66,-1,-1,-1
453,99,168.19,170.85,24.25,53.73,0.63,-1,-1,-1
453,101,289.58,184.49,27.24,58.20,0.49,-1,-1,-1
453,102,778.02,245.91,25.90,51.47,0.51,-1,-1,-1
453,103,123.19,433.47,39.16,106.48,0.61,-1,-1,-1
453,104,95.98,162.00,21.54,51.16,0.61,-1,-1,-1
453,105,97.33,195.61,25.65,56.54,0.69,-1,-1,-1
453,108,820.29,291.69,30.90,77.75,0.73,-1,-1,-1
453,109,59.32,82.57,19.34,37.20,0.60,-1,-1,-1
453,110,40.46,179.73,24.24,58.45,0.66,-1,-1,-1
453,21,98.53,440.42,44.12,101.49,0.50,-1,-1,-1
453,98,260.63,85.96,18.08,38.92,0.48,-1,-1,-1
453,111,134.89,65.14,11.53,22.22,0.38,-1,-1,-1
453,112,3.31,303.15,17.06,51.18,0.55,-1,-1,-1
453,81,300.29,225.88,36.09,71.34,0.54,-1,-1,-1
454,3,294.64,288.04,36.56,77.25,0.59,-1,-1,-1
454,4,421.55,183.75,17.92,39.43,0.69,-1,-1,-1
454,6,208.40,389.11,33.47,60.76,0.56,-1,-1,-1
454,10,316.08,284.52,28.26,78.52,0.40,-1,-1,-1
454,15,573.91,329.13,33.30,83.47,0.60,-1,-1,-1
454,17,695.22,397.23,35.11,89.32,0.51,-1,-1,-1
454,20,259.18,303.05,33.59,53.39,0.55,-1,-1,-1
454,33,698.22,449.23,38.30,111.94,0.77,-1,-1,-1
454,35,774.96,163.17,18.51,46.46,0.68,-1,-1,-1
454,41,533.44,316.23,32.78,79.23,0.75,-1,-1,-1
454,42,807.81,245.02,26.39,53.08,0.56,-1,-1,-1
454,12,625.73,325.71,32.42,76.98,0.66,-1,-1,-1
454,54,570.23,201.37,22.27,59.99,0.71,-1,-1,-1
454,57,724.07,296.96,29.02,77.80,0.59,-1,-1,-1
454,68,321.35,161.97,19.35,51.78,0.56,-1,-1,-1
454,73,484.37,75.33,15.47,31.73,0.65,-1,-1,-1
454,74,543.37,107.03,16.82,39.65,0.62,-1,-1,-1
454,75,460.27,390.09,35.94,92.77,0.66,-1,-1,-1
454,80,382.51,119.67,18.08,23.69,0.50,-1,-1,-1
454,84,351.82,81.15,13.50,29.50,0.67,-1,-1,-1
454,24,241.39,336.87,40.75,60.25,0.44,-1,-1,-1
454,90,362.54,40.74,11.70,18.75,0.51,-1,-1,-1
454,91,128.50,263.62,33.60,55.63,0.66,-1,-1,-1
454,92,339.63,311.77,36.28,86.81,0.62,-1,-1,-1
454,93,238.85,100.39,17.29,35.72,0.68,-1,-1,-1
454,94,333.03,43.95,13.14,24.27,0.43,-1,-1,-1
454,87,317.90,85.91,14.12,32.26,0.54,-1,-1,-1
454,47,452.91,241.50,32.05,65.14,0.58,-1,-1,-1
454,95,200.09,118.62,18.89,37.48,0.58,-1,-1,-1
454,97,183.28,123.13,16.26,38.66,0.64,-1,-1,-1
454,99,170.90,171.03,23.80,53.08,0.65,-1,-1,-1
454,101,292.92,184.46,27.20,58.84,0.54,-1,-1,-1
454,102,779.49,245.59,25.98,51.73,0.50,-1,-1,-1
454,103,122.64,432.70,39.21,106.40,0.59,-1,-1,-1
454,104,97.15,161.16,21.85,51.31,0.60,-1,-1,-1
454,105,100.11,193.34,25.79,57.29,0.70,-1,-1,-1
454,108,821.71,292.18,30.84,78.45,0.69,-1,-1,-1
454,109,61.98,81.40,19.30,37.66,0.52,-1,-1,-1
454,110,43.54,178.51,25.07,59.38,0.70,-1,-1,-1
454,21,101.75,442.42,43.98,98.09,0.26,-1,-1,-1
454,98,264.57,90.20,16.03,33.85,0.57,-1,-1,-1
454,111,138.28,65.87,11.02,21.16,0.45,-1,-1,-1
454,112,3.68,300.38,17.48,51.19,0.54,-1,-1,-1
454,81,303.06,224.62,34.46,69.07,0.50,-1,-1,-1
455,3,294.87,287.24,36.67,77.76,0.60,-1,-1,-1
455,4,422.67,182.93,18.15,39.60,0.71,-1,-1,-1
455,6,208.53,389.65,33.61,61.03,0.54,-1,-1,-1
455,10,316.47,283.47,28.67,79.89,0.36,-1,-1,-1
455,15,573.91,329.17,33.17,83.42,0.60,-1,-1,-1
455,17,695.20,396.79,35.75,91.38,0.47,-1,-1,-1
455,20,259.72,302.68,33.44,53.09,0.57,-1,-1,-1
455,33,697.93,449.20,37.90,111.81,0.72,-1,-1,-1
455,35,775.92,163.99,18.23,45.41,0.71,-1,-1,-1
455,41,533.47,316.28,32.81,78.49,0.76,-1,-1,-1
455,42,808.99,244.73,26.87,53.80,0.57,-1,-1,-1
455,12,625.49,325.27,32.48,77.27,0.63,-1,-1,-1
455,54,571.25,201.48,22.30,59.77,0.70,-1,-1,-1
455,57,722.17,297.00,28.67,77.92,0.65,-1,-1,-1
455,68,322.63,161.46,19.39,51.72,0.59,-1,-1,-1
455,73,485.89,75.56,15.46,31.46,0.68,-1,-1,-1
455,74,544.90,105.83,16.84,39.77,0.64,-1,-1,-1
455,75,470.02,389.98,32.82,82.59,0.62,-1,-1,-1
455,80,384.69,119.60,18.26,23.94,0.46,-1,-1,-1
455,84,353.45,80.54,13.82,30.17,0.64,-1,-1,-1
455,24,242.26,336.39,39.04,58.08,0.53,-1,-1,-1
455,90,365.81,39.72,12.11,19.62,0.44,-1,-1,-1
455,91,129.54,262.79,33.65,55.82,0.65,-1,-1,-1
455,92,339.61,311.56,36.18,86.56,0.61,-1,-1,-1
455,93,240.95,99.95,17.47,36.07,0.68,-1,-1,-1
455,94,336.68,43.42,12.68,23.15,0.42,-1,-1,-1
455,87,321.13,85.15,14.73,33.78,0.54,-1,-1,-1
455,47,453.85,241.76,31.67,64.59,0.52,-1,-1,-1
455,95,201.81,117.73,19.36,38.78,0.63,-1,-1,-1
455,97,185.63,123.15,15.93,38.20,0.52,-1,-1,-1
455,99,173.44,170.55,23.39,52.58,0.64,-1,-1,-1
455,101,294.97,183.58,26.88,58.97,0.58,-1,-1,-1
455,102,780.64,245.63,25.74,51.27,0.49,-1,-1,-1
455,103,120.73,431.99,39.60,106.74,0.59,-1,-1,-1
455,104,97.84,160.35,22.65,52.28,0.51,-1,-1,-1
455,105,103.29,192.65,25.34,56.33,0.66,-1,-1,-1
455,108,823.12,293.63,30.86,79.35,0.64,-1,-1,-1
455,109,66.04,81.38,17.52,34.22,0.52,-1,-1,-1
455,110,46.27,178.60,24.94,58.28,0.71,-1,-1,-1
455,21,102.12,443.99,44.02,95.76,0.37,-1,-1,-1
455,98,267.51,90.02,16.26,34.34,0.49,-1,-1,-1
455,111,139.96,64.77,11.33,21.57,0.28,-1,-1,-1
455,112,3.47,299.62,18.35,52.55,0.48,-1,-1,-1
455,81,302.43,225.23,33.64,68.96,0.51,-1,-1,-1
456,3,295.23,287.28,36.32,77.31,0.60,-1,-1,-1
456,4,423.65,181.11,19.05,41.70,0.67,-1,-1,-1
456,6,209.22,389.64,33.36,60.60,0.52,-1,-1,-1
456,10,316.99,284.09,28.28,78.82,0.35,-1,-1,-1
456,15,573.88,329.49,32.86,82.91,0.59,-1,-1,-1
456,17,696.19,395.23,35.95,93.11,0.57,-1,-1,-1
456,20,260.45,301.90,33.51,53.06,0.56,-1,-1,-1
456,33,697.32,448.50,37.61,111.86,0.70,-1,-1,-1
456,35,777.13,164.19,18.43,45.59,0.60,-1,-1,-1
456,41,533.42,316.31,32.85,78.05,0.75,-1,-1,-1
456,42,808.51,245.01,27.46,55.34,0.61,-1,-1,-1
456,12,625.51,325.35,32.31,76.92,0.67,-1,-1,-1
456,54,572.35,201.37,22.62,60.58,0.66,-1,-1,-1
456,57,719.80,297.35,28.55,77.55,0.66,-1,-1,-1
456,68,324.71,161.18,19.23,51.18,0.58,-1,-1,-1
456,73,487.76,75.68,15.23,30.86,0.67,-1,-1,-1
456,74,547.40,106.72,16.46,39.16,0.67,-1,-1,-1
456,75,468.91,390.58,35.99,88.78,0.66,-1,-1,-1
456,80,387.73,119.28,18.28,24.08,0.52,-1,-1,-1
456,84,356.29,80.79,13.61,29.59,0.61,-1,-1,-1
456,24,241.03,333.39,40.31,60.38,0.55,-1,-1,-1
456,90,369.80,41.48,11.19,18.07,0.48,-1,-1,-1
456,91,131.16,262.49,32.97,54.77,0.62,-1,-1,-1
456,92,340.16,311.23,36.00,86.29,0.63,-1,-1,-1
456,93,243.81,100.08,17.32,35.97,0.58,-1,-1,-1
456,94,340.52,43.96,12.54,22.80,0.40,-1,-1,-1
456,87,323.95,85.01,14.54,33.42,0.56,-1,-1,-1
456,47,457.02,241.95,31.74,64.69,0.50,-1,-1,-1
456,95,203.70,117.30,18.97,38.34,0.60,-1,-1,-1
456,97,188.04,122.86,15.69,37.86,0.52,-1,-1,-1
456,99,176.71,170.55,22.93,52.06,0.68,-1,-1,-1
456,101,296.51,183.02,25.95,57.45,0.57,-1,-1,-1
456,102,781.02,245.91,25.59,50.86,0.58,-1,-1,-1
456,103,120.69,430.34,39.50,106.66,0.57,-1,-1,-1
456,104,98.69,160.45,24.32,55.11,0.53,-1,-1,-1
456,105,106.51,192.56,25.10,55.04,0.75,-1,-1,-1
456,108,824.27,295.49,30.51,79.09,0.68,-1,-1,-1
456,109,69.00,80.67,17.32,34.01,0.49,-1,-1,-1
456,110,49.15,177.87,25.29,58.50,0.67,-1,-1,-1
456,21,99.50,438.53,46.09,99.75,0.52,-1,-1,-1
456,98,270.44,90.23,15.88,33.47,0.45,-1,-1,-1
456,111,143.46,64.42,11.34,21.41,0.26,-1,-1,-1
456,112,4.10,300.47,18.25,50.52,0.49,-1,-1,-1
456,81,305.31,223.65,32.79,68.32,0.46,-1,-1,-1
456,100,266.97,83.00,14.41,32.64,0.50,-1,-1,-1
457,3,296.05,287.99,35.51,75.68,0.55,-1,-1,-1
457,4,424.60,179.82,19.02,41.76,0.66,-1,-1,-1
457,6,209.53,387.85,33.42,60.78,0.51,-1,-1,-1
457,10,317.15,284.30,28.19,78.52,0.37,-1,-1,-1
457,15,573.65,329.13,32.44,82.38,0.58,-1,-1,-1
457,17,698.76,394.49,32.52,84.80,0.59,-1,-1,-1
457,20,261.07,301.41,33.10,52.03,0.58,-1,-1,-1
457,33,697.35,446.64,37.67,113.65,0.73,-1,-1,-1
457,35,778.48,163.58,19.10,47.20,0.61,-1,-1,-1
457,41,533.62,316.05,33.15,78.34,0.75,-1,-1,-1
457,42,808.91,244.87,27.75,56.19,0.58,-1,-1,-1
457,12,625.69,325.46,32.14,76.53,0.65,-1,-1,-1
457,54,573.21,201.40,22.70,60.86,0.66,-1,-1,-1
457,57,718.48,297.27,28.42,77.53,0.65,-1,-1,-1
457,68,327.38,161.40,19.31,51.30,0.60,-1,-1,-1
457,73,490.16,75.96,15.21,30.87,0.56,-1,-1,-1
457,74,549.22,105.89,16.58,39.97,0.64,-1,-1,-1
457,75,474.02,390.07,36.72,90.89,0.75,-1,-1,-1
457,80,389.59,118.91,18.18,24.05,0.51,-1,-1,-1
457,84,358.77,80.45,13.69,29.56,0.66,-1,-1,-1
457,24,241.55,332.94,39.60,59.55,0.61,-1,-1,-1
457,90,373.22,41.15,11.59,18.82,0.44,-1,-1,-1
457,91,132.47,261.79,33.12,55.00,0.62,-1,-1,-1
457,92,342.12,311.41,35.20,85.33,0.62,-1,-1,-1
457,93,246.71,99.88,17.21,35.63,0.67,-1,-1,-1
457,94,344.06,43.84,13.19,23.88,0.53,-1,-1,-1
457,87,325.97,85.67,14.18,32.50,0.56,-1,-1,-1
457,47,458.08,241.49,32.32,65.21,0.65,-1,-1,-1
457,95,204.34,114.94,19.69,40.21,0.64,-1,-1,-1
457,97,190.04,121.09,16.33,39.51,0.58,-1,-1,-1
457,99,179.64,170.10,22.46,51.34,0.70,-1,-1,-1
457,101,295.56,182.77,27.22,60.38,0.48,-1,-1,-1
457,102,781.65,246.30,25.66,50.82,0.59,-1,-1,-1
457,103,121.23,428.99,38.66,104.63,0.62,-1,-1,-1
457,104,100.31,160.70,25.09,57.45,0.51,-1,-1,-1
457,105,111.24,192.58,25.39,54.84,0.75,-1,-1,-1
457,108,826.20,297.57,29.94,77.49,0.63,-1,-1,-1
457,109,71.50,80.59,18.50,36.63,0.49,-1,-1,-1
457,110,52.17,177.77,25.45,58.72,0.69,-1,-1,-1
457,21,96.92,437.27,45.93,99.45,0.50,-1,-1,-1
457,98,273.26,90.58,15.81,33.21,0.51,-1,-1,-1
457,111,146.20,64.63,11.98,22.39,0.24,-1,-1,-1
457,112,4.99,302.33,17.51,46.18,0.49,-1,-1,-1
457,81,306.90,223.52,33.25,70.60,0.42,-1,-1,-1
457,100,269.83,81.72,13.51,30.87,0.41,-1,-1,-1
458,3,296.37,287.35,35.51,76.06,0.55,-1,-1,-1
458,4,425.64,179.36,19.18,42.24,0.66,-1,-1,-1
458,6,209.37,386.38,33.80,61.56,0.46,-1,-1,-1
458,10,317.58,283.98,28.23,78.40,0.35,-1,-1,-1
458,15,573.67,328.78,32.08,82.08,0.54,-1,-1,-1
458,17,699.01,393.24,34.54,91.86,0.58,-1,-1,-1
458,20,261.16,301.31,33.46,52.31,0.58,-1,-1,-1
458,33,697.67,446.69,37.15,113.74,0.74,-1,-1,-1
458,35,780.71,162.86,19.21,47.57,0.62,-1,-1,-1
458,41,534.12,316.40,33.12,77.95,0.73,-1,-1,-1
458,42,809.65,245.04,27.56,55.99,0.59,-1,-1,-1
458,12,625.52,325.41,32.13,76.64,0.62,-1,-1,-1
458,54,574.20,201.44,22.52,60.29,0.64,-1,-1,-1
458,57,717.07,297.43,28.54,77.59,0.66,-1,-1,-1
458,68,329.19,161.04,19.10,51.24,0.54,-1,-1,-1
458,73,492.47,75.84,15.24,30.86,0.61,-1,-1,-1
458,74,550.91,105.88,16.71,40.51,0.62,-1,-1,-1
458,75,484.88,388.98,33.08,81.16,0.61,-1,-1,-1
458,80,391.72,119.07,18.06,23.77,0.54,-1,-1,-1
458,84,361.10,80.29,13.65,29.31,0.65,-1,-1,-1
458,24,242.35,333.91,38.49,57.81,0.62,-1,-1,-1
458,90,375.88,38.87,12.49,20.51,0.43,-1,-1,-1
458,91,134.37,261.15,33.05,54.85,0.60,-1,-1,-1
458,92,343.25,311.42,34.63,85.02,0.61,-1,-1,-1
458,93,249.16,99.88,17.01,35.13,0.69,-1,-1,-1
458,94,347.87,44.01,13.23,24.09,0.57,-1,-1,-1
458,87,328.74,85.33,14.00,32.14,0.54,-1,-1,-1
458,47,458.99,241.03,32.52,65.16,0.61,-1,-1,-1
458,95,205.39,114.05,20.07,41.23,0.65,-1,-1,-1
458,97,191.76,121.42,16.60,40.13,0.66,-1,-1,-1
458,99,182.86,169.77,22.36,51.72,0.70,-1,-1,-1
458,101,296.14,182.28,28.65,64.41,0.52,-1,-1,-1
458,102,782.43,246.07,25.89,51.32,0.59,-1,-1,-1
458,103,121.74,427.95,38.23,103.64,0.64,-1,-1,-1
458,104,103.95,159.99,23.64,54.29,0.51,-1,-1,-1
458,105,113.10,188.93,27.15,58.46,0.55,-1,-1,-1
458,108,827.46,298.77,31.12,80.35,0.68,-1,-1,-1
458,109,75.40,80.59,16.93,33.66,0.58,-1,-1,-1
458,110,54.56,177.98,24.92,57.02,0.72,-1,-1,-1
458,21,95.69,436.96,45.53,98.27,0.54,-1,-1,-1
458,98,276.01,90.02,16.07,33.71,0.54,-1,-1,-1
458,111,149.46,65.08,11.86,22.01,0.18,-1,-1,-1
458,112,5.43,302.13,18.14,45.53,0.53,-1,-1,-1
458,81,308.13,224.03,32.99,70.89,0.44,-1,-1,-1
458,100,272.62,81.47,14.73,34.01,0.42,-1,-1,-1
459,3,297.45,286.79,35.92,76.87,0.44,-1,-1,-1
459,4,428.42,178.60,18.85,41.23,0.68,-1,-1,-1
459,6,211.92,387.41,31.01,56.33,0.48,-1,-1,-1
459,10,318.01,284.90,27.69,76.48,0.38,-1,-1,-1
459,15,573.64,328.44,31.71,81.53,0.53,-1,-1,-1
459,17,700.90,392.82,31.97,85.93,0.57,-1,-1,-1
459,20,261.15,300.89,33.28,51.13,0.59,-1,-1,-1
459,33,697.71,448.29,36.20,112.00,0.74,-1,-1,-1
459,35,782.71,162.78,19.06,47.32,0.67,-1,-1,-1
459,41,534.39,316.43,33.29,78.20,0.68,-1,-1,-1
459,42,811.88,244.84,27.57,55.29,0.57,-1,-1,-1
459,12,625.54,325.77,31.86,76.03,0.62,-1,-1,-1
459,54,574.96,201.21,22.48,59.96,0.61,-1,-1,-1
459,57,715.43,296.70,28.94,78.04,0.69,-1,-1,-1
459,68,331.03,161.14,18.81,50.65,0.62,-1,-1,-1
459,73,493.89,75.43,15.76,32.03,0.68,-1,-1,-1
459,74,553.09,105.62,16.62,40.23,0.64,-1,-1,-1
459,75,484.26,386.71,37.89,91.92,0.62,-1,-1,-1
459,80,394.45,119.30,18.02,23.63,0.50,-1,-1,-1
459,84,363.89,80.23,13.49,28.90,0.61,-1,-1,-1
459,24,242.37,334.29,38.18,57.39,0.61,-1,-1,-1
459,90,379.76,39.84,11.65,19.14,0.40,-1,-1,-1
459,91,136.21,260.80,33.17,55.09,0.65,-1,-1,-1
459,92,343.88,311.28,34.13,84.71,0.62,-1,-1,-1
459,93,251.78,98.95,17.48,36.00,0.56,-1,-1,-1
459,94,351.30,43.61,13.37,24.26,0.49,-1,-1,-1
459,87,331.77,85.09,13.74,31.45,0.52,-1,-1,-1
459,47,459.70,241.06,32.45,64.62,0.61,-1,-1,-1
459,95,206.05,114.89,20.13,41.62,0.46,-1,-1,-1
459,97,192.89,120.40,16.82,40.85,0.57,-1,-1,-1
459,99,186.20,169.73,22.02,51.18,0.69,-1,-1,-1
459,101,299.50,182.35,28.15,64.00,0.52,-1,-1,-1
459,102,784.01,245.67,26.50,52.52,0.61,-1,-1,-1
459,103,121.42,427.84,38.32,103.77,0.63,-1,-1,-1
459,104,106.92,159.55,21.64,49.37,0.58,-1,-1,-1
459,105,117.39,187.65,27.97,59.67,0.65,-1,-1,-1
459,108,828.36,300.02,31.39,80.74,0.74,-1,-1,-1
459,109,77.66,80.08,17.83,35.92,0.41,-1,-1,-1
459,110,57.85,177.74,24.97,56.68,0.64,-1,-1,-1
459,21,93.02,438.37,44.21,95.72,0.51,-1,-1,-1
459,98,279.33,90.96,15.61,32.57,0.44,-1,-1,-1
459,111,152.72,64.26,12.40,22.74,0.26,-1,-1,-1
459,112,5.92,302.90,18.83,44.78,0.55,-1,-1,-1
459,81,309.01,224.89,32.89,70.70,0.52,-1,-1,-1
459,100,275.38,82.02,13.86,31.81,0.38,-1,-1,-1
460,3,298.14,286.60,35.91,76.59,0.44,-1,-1,-1
460,4,429.73,178.04,18.70,40.81,0.69,-1,-1,-1
460,6,211.57,386.70,31.08,56.03,0.46,-1,-1,-1
460,10,318.42,285.72,27.30,74.95,0.40,-1,-1,-1
460,15,573.61,328.28,31.49,81.34,0.51,-1,-1,-1
460,17,701.93,392.61,30.18,81.73,0.56,-1,-1,-1
460,20,261.55,300.54,32.75,49.28,0.56,-1,-1,-1
460,33,696.93,447.24,36.19,113.09,0.75,-1,-1,-1
460,35,784.18,163.71,18.49,45.67,0.72,-1,-1,-1
460,41,535.15,317.92,32.76,76.61,0.70,-1,-1,-1
460,42,812.56,245.16,27.93,55.74,0.60,-1,-1,-1
460,12,625.06,326.86,31.10,74.11,0.59,-1,-1,-1
460,54,575.38,200.93,22.90,60.43,0.61,-1,-1,-1
460,57,714.33,296.84,29.01,78.16,0.68,-1,-1,-1
460,68,331.96,160.86,19.04,51.41,0.65,-1,-1,-1
460,73,495.89,75.07,15.91,32.53,0.64,-1,-1,-1
460,74,555.69,107.01,15.94,38.90,0.63,-1,-1,-1
460,75,485.96,385.63,39.77,94.96,0.58,-1,-1,-1
460,80,396.85,119.32,18.20,23.96,0.54,-1,-1,-1
460,84,366.64,80.34,13.61,28.74,0.60,-1,-1,-1
460,24,242.41,333.97,38.22,57.36,0.64,-1,-1,-1
460,90,383.63,40.61,11.34,18.62,0.28,-1,-1,-1
460,91,137.30,259.94,33.32,55.29,0.62,-1,-1,-1
460,92,343.60,310.66,34.05,85.04,0.61,-1,-1,-1
460,93,254.44,99.07,17.40,35.76,0.58,-1,-1,-1
460,94,355.01,44.20,13.09,23.77,0.49,-1,-1,-1
460,87,333.88,85.31,14.13,32.29,0.60,-1,-1,-1
460,47,460.85,241.03,32.48,64.22,0.59,-1,-1,-1
460,95,209.95,117.08,19.11,39.28,0.45,-1,-1,-1
460,97,195.11,120.26,16.41,39.88,0.41,-1,-1,-1
460,99,189.42,169.09,22.21,51.46,0.66,-1,-1,-1
460,101,300.95,182.07,26.18,58.98,0.58,-1,-1,-1
460,102,784.90,245.64,26.80,53.18,0.65,-1,-1,-1
460,103,121.10,426.73,38.06,102.76,0.62,-1,-1,-1
460,104,109.82,159.07,22.16,50.66,0.53,-1,-1,-1
460,105,120.37,189.14,27.31,57.88,0.67,-1,-1,-1
460,108,828.79,301.00,31.40,80.33,0.75,-1,-1,-1
460,109,80.50,80.00,17.22,34.89,0.51,-1,-1,-1
460,110,60.75,176.97,25.21,57.14,0.74,-1,-1,-1
460,21,91.58,437.64,44.19,95.81,0.45,-1,-1,-1
460,98,280.90,87.72,16.71,34.93,0.46,-1,-1,-1
460,111,156.08,63.49,12.73,23.23,0.35,-1,-1,-1
460,112,6.87,302.37,19.97,44.47,0.48,-1,-1,-1
460,81,309.67,224.70,33.02,71.39,0.57,-1,-1,-1
461,3,298.34,286.21,36.12,76.98,0.46,-1,-1,-1
461,4,431.04,176.94,18.71,40.55,0.68,-1,-1,-1
461,6,210.86,382.89,33.55,60.70,0.47,-1,-1,-1
461,10,318.71,286.10,27.32,74.65,0.44,-1,-1,-1
461,15,573.54,328.17,31.21,80.93,0.55,-1,-1,-1
461,17,700.05,391.62,33.56,92.46,0.53,-1,-1,-1
461,20,261.29,299.44,33.65,50.28,0.45,-1,-1,-1
461,33,695.86,444.01,37.08,116.98,0.71,-1,-1,-1
461,35,784.94,163.55,18.95,46.78,0.68,-1,-1,-1
461,41,536.19,318.00,32.66,76.74,0.67,-1,-1,-1
461,42,812.29,245.21,28.56,57.09,0.62,-1,-1,-1
461,12,624.87,327.46,30.64,72.97,0.58,-1,-1,-1
461,54,577.06,200.80,23.54,61.60,0.62,-1,-1,-1
461,57,712.82,296.34,29.27,78.68,0.66,-1,-1,-1
461,68,333.34,160.60,19.26,51.82,0.56,-1,-1,-1
461,73,498.70,74.53,15.82,32.67,0.62,-1,-1,-1
461,74,557.60,106.33,16.18,39.76,0.67,-1,-1,-1
461,75,499.00,384.14,39.75,95.86,0.59,-1,-1,-1
461,80,398.68,118.95,18.41,24.33,0.50,-1,-1,-1
461,84,368.80,79.88,13.94,29.33,0.65,-1,-1,-1
461,24,243.54,333.54,38.04,57.42,0.62,-1,-1,-1
461,90,386.97,39.45,11.59,19.11,0.56,-1,-1,-1
461,91,138.43,258.91,33.38,55.40,0.57,-1,-1,-1
461,92,343.97,310.67,33.62,84.52,0.58,-1,-1,-1
461,93,257.14,99.14,17.26,35.39,0.68,-1,-1,-1
461,94,358.83,44.32,12.93,23.36,0.37,-1,-1,-1
461,87,337.06,84.95,14.03,32.12,0.53,-1,-1,-1
461,47,463.97,241.05,32.20,63.30,0.67,-1,-1,-1
461,95,208.65,117.68,19.63,40.13,0.52,-1,-1,-1
461,97,198.01,120.04,16.52,39.64,0.52,-1,-1,-1
461,99,192.48,168.90,22.00,51.09,0.63,-1,-1,-1
461,101,301.50,181.71,25.80,57.47,0.54,-1,-1,-1
461,102,785.55,245.63,26.55,52.84,0.63,-1,-1,-1
461,103,120.36,426.18,38.23,102.50,0.62,-1,-1,-1
461,104,113.90,158.37,22.21,50.05,0.56,-1,-1,-1
461,105,124.80,190.11,26.55,55.49,0.70,-1,-1,-1
461,108,828.87,301.52,31.50,80.08,0.74,-1,-1,-1
461,109,84.11,79.95,16.30,33.46,0.32,-1,-1,-1
461,110,63.77,177.39,24.97,55.82,0.72,-1,-1,-1
461,21,95.47,434.96,45.79,97.79,0.43,-1,-1,-1
461,98,283.42,86.00,17.28,36.33,0.56,-1,-1,-1
461,111,159.53,62.57,12.27,22.33,0.36,-1,-1,-1
461,112,6.42,301.84,19.99,42.01,0.41,-1,-1,-1
461,81,309.67,224.35,32.21,69.62,0.46,-1,-1,-1
462,3,298.29,286.81,35.04,75.50,0.24,-1,-1,-1
462,4,432.30,176.12,18.88,40.55,0.64,-1,-1,-1
462,6,209.08,378.82,35.66,65.03,0.48,-1,-1,-1
462,10,315.26,284.79,29.00,77.39,0.39,-1,-1,-1
462,15,573.62,328.26,30.77,80.12,0.57,-1,-1,-1
462,17,700.33,391.22,32.32,89.67,0.55,-1,-1,-1
462,20,262.08,299.09,33.77,49.51,0.48,-1,-1,-1
462,33,695.22,444.45,36.58,116.19,0.71,-1,-1,-1
462,35,786.70,163.69,19.09,47.18,0.66,-1,-1,-1
462,41,537.29,317.94,33.29,78.37,0.66,-1,-1,-1
462,42,812.91,245.40,28.49,57.13,0.61,-1,-1,-1
462,12,625.01,327.70,30.36,72.20,0.57,-1,-1,-1
462,54,579.57,200.05,24.06,61.80,0.64,-1,-1,-1
462,57,710.94,296.72,28.59,76.90,0.64,-1,-1,-1
462,68,336.21,160.29,18.92,50.94,0.54,-1,-1,-1
462,73,500.89,74.05,15.90,33.04,0.47,-1,-1,-1
462,74,559.16,105.68,16.55,40.43,0.73,-1,-1,-1
462,75,502.66,385.96,38.79,93.74,0.65,-1,-1,-1
462,80,401.67,118.54,18.33,23.97,0.42,-1,-1,-1
462,84,371.77,79.97,13.88,29.12,0.58,-1,-1,-1
462,24,243.39,332.94,38.79,58.86,0.65,-1,-1,-1
462,90,390.63,38.70,12.27,20.10,0.25,-1,-1,-1
462,91,139.56,258.13,33.54,55.66,0.58,-1,-1,-1
462,92,343.38,309.25,33.42,84.51,0.56,-1,-1,-1
462,93,259.96,99.12,17.25,35.25,0.54,-1,-1,-1
462,94,362.64,43.55,13.18,23.84,0.47,-1,-1,-1
462,87,340.59,83.87,13.39,30.64,0.55,-1,-1,-1
462,47,462.95,240.85,32.66,64.12,0.67,-1,-1,-1
462,95,211.89,118.09,18.96,38.53,0.50,-1,-1,-1
462,97,199.56,120.43,15.98,38.19,0.55,-1,-1,-1
462,99,195.82,168.35,22.93,52.76,0.69,-1,-1,-1
462,101,303.95,181.58,24.93,55.96,0.59,-1,-1,-1
462,102,786.10,245.97,26.15,52.07,0.64,-1,-1,-1
462,103,118.85,425.37,38.98,103.70,0.60,-1,-1,-1
462,104,115.06,158.09,22.82,51.56,0.59,-1,-1,-1
462,105,128.05,188.35,27.09,56.57,0.73,-1,-1,-1
462,108,828.90,302.07,32.02,80.93,0.74,-1,-1,-1
462,109,87.88,79.41,16.40,33.81,0.34,-1,-1,-1
462,110,65.40,176.48,25.30,56.56,0.70,-1,-1,-1
462,21,92.35,434.67,45.55,97.25,0.30,-1,-1,-1
462,98,287.13,88.67,16.07,33.72,0.63,-1,-1,-1
462,111,162.97,61.31,12.72,23.32,0.46,-1,-1,-1
462,112,7.39,301.78,21.15,41.39,0.40,-1,-1,-1
462,81,310.99,223.23,32.55,70.08,0.47,-1,-1,-1
462,113,1.05,202.70,23.83,68.55,0.68,-1,-1,-1
462,114,695.19,88.30,14.81,31.92,0.67,-1,-1,-1
463,3,298.34,287.27,34.39,74.92,0.23,-1,-1,-1
463,4,434.39,176.50,18.69,40.17,0.61,-1,-1,-1
463,6,209.30,379.21,35.27,64.42,0.44,-1,-1,-1
463,10,315.06,285.00,29.52,77.37,0.44,-1,-1,-1
463,15,573.47,328.67,30.38,79.24,0.60,-1,-1,-1
463,17,698.69,390.84,35.12,98.49,0.56,-1,-1,-1
463,20,267.03,298.18,33.13,49.15,0.50,-1,-1,-1
463,33,694.78,443.51,37.02,117.94,0.64,-1,-1,-1
463,35,789.98,163.38,18.92,47.18,0.66,-1,-1,-1
463,41,538.14,318.56,34.10,80.61,0.51,-1,-1,-1
463,42,814.05,245.43,28.46,57.09,0.56,-1,-1,-1
463,12,625.56,327.32,31.03,73.83,0.58,-1,-1,-1
463,54,581.44,200.45,24.05,60.92,0.67,-1,-1,-1
463,57,709.70,297.12,28.47,76.62,0.65,-1,-1,-1
463,68,338.59,160.29,19.07,51.41,0.62,-1,-1,-1
463,73,503.62,73.82,15.92,33.07,0.65,-1,-1,-1
463,74,561.64,105.67,16.34,39.75,0.67,-1,-1,-1
463,75,510.21,385.30,38.73,94.29,0.62,-1,-1,-1
463,80,404.94,118.60,18.30,24.15,0.50,-1,-1,-1
463,84,375.04,79.68,14.12,29.35,0.58,-1,-1,-1
463,24,242.46,332.41,40.13,61.19,0.64,-1,-1,-1
463,90,395.02,39.46,11.68,18.90,0.42,-1,-1,-1
463,91,141.03,258.99,32.93,54.44,0.58,-1,-1,-1
463,92,343.64,308.60,33.25,84.70,0.61,-1,-1,-1
463,93,263.25,98.99,17.12,35.07,0.59,-1,-1,-1
463,94,367.34,41.94,12.40,22.17,0.17,-1,-1,-1
463,87,342.82,84.52,13.62,31.07,0.50,-1,-1,-1
463,47,464.69,239.86,32.90,64.24,0.64,-1,-1,-1
463,95,214.41,117.88,18.69,37.85,0.51,-1,-1,-1
463,97,199.95,121.28,15.77,37.64,0.59,-1,-1,-1
463,99,199.06,167.72,22.99,52.54,0.70,-1,-1,-1
463,101,307.12,180.89,25.56,57.78,0.60,-1,-1,-1
463,102,786.17,245.75,26.10,51.82,0.60,-1,-1,-1
463,103,118.68,423.94,39.41,104.17,0.62,-1,-1,-1
463,104,118.19,157.84,22.75,51.66,0.60,-1,-1,-1
463,105,130.96,187.81,26.97,56.22,0.73,-1,-1,-1
463,108,828.57,302.56,32.70,82.42,0.72,-1,-1,-1
463,109,91.94,78.94,16.05,33.13,0.57,-1,-1,-1
463,110,68.21,176.26,25.12,56.43,0.72,-1,-1,-1
463,21,89.85,433.50,45.34,97.49,0.32,-1,-1,-1
463,98,289.96,87.65,16.50,34.64,0.53,-1,-1,-1
463,111,166.62,60.81,12.89,23.64,0.46,-1,-1,-1
463,112,10.84,300.16,21.90,41.02,0.37,-1,-1,-1
463,81,316.23,223.78,31.05,67.22,0.40,-1,-1,-1
463,113,2.22,202.37,23.22,66.53,0.61,-1,-1,-1
463,114,697.70,88.82,14.48,31.25,0.55,-1,-1,-1
463,115,93.04,95.63,17.96,32.94,0.59,-1,-1,-1
464,3,299.15,282.69,36.57,80.17,0.27,-1,-1,-1
464,4,437.47,176.39,17.84,37.63,0.61,-1,-1,-1
464,6,210.33,378.11,34.28,62.31,0.55,-1,-1,-1
464,10,319.85,285.32,28.37,74.31,0.39,-1,-1,-1
464,15,573.59,328.81,30.32,79.11,0.62,-1,-1,-1
464,17,699.50,390.37,34.82,97.74,0.55,-1,-1,-1
464,20,269.88,297.96,33.03,49.35,0.60,-1,-1,-1
464,33,695.42,448.31,35.73,112.76,0.66,-1,-1,-1
464,35,791.94,163.72,18.51,46.01,0.69,-1,-1,-1
464,41,538.88,319.67,34.50,81.85,0.59,-1,-1,-1
464,42,815.14,245.47,28.73,58.10,0.59,-1,-1,-1
464,12,626.40,327.60,31.30,73.97,0.64,-1,-1,-1
464,54,583.44,200.02,24.38,60.81,0.75,-1,-1,-1
464,57,709.29,297.63,28.05,75.45,0.71,-1,-1,-1
464,68,340.17,160.06,19.17,51.46,0.50,-1,-1,-1
464,73,507.95,74.10,15.77,32.63,0.63,-1,-1,-1
464,74,564.16,106.08,16.03,39.25,0.68,-1,-1,-1
464,75,516.78,383.46,39.35,94.62,0.64,-1,-1,-1
464,80,407.20,118.42,17.81,23.55,0.48,-1,-1,-1
464,84,377.46,78.63,14.42,30.02,0.66,-1,-1,-1
464,24,242.35,331.85,40.13,61.29,0.62,-1,-1,-1
464,90,397.04,38.59,12.14,19.56,0.14,-1,-1,-1
464,91,143.13,258.02,33.35,55.04,0.63,-1,-1,-1
464,92,344.06,307.99,33.06,84.61,0.60,-1,-1,-1
464,93,266.23,98.30,17.13,35.16,0.62,-1,-1,-1
464,94,371.22,42.01,12.47,22.23,0.37,-1,-1,-1
464,87,345.97,84.48,14.17,32.45,0.50,-1,-1,-1
464,47,471.72,239.86,32.86,65.50,0.62,-1,-1,-1
464,95,217.60,116.13,19.33,39.08,0.53,-1,-1,-1
464,97,200.47,122.20,15.66,37.23,0.58,-1,-1,-1
464,99,202.50,167.85,22.24,50.84,0.67,-1,-1,-1
464,101,310.17,180.81,25.34,57.97,0.59,-1,-1,-1
464,102,787.39,245.82,26.43,52.33,0.58,-1,-1,-1
464,103,118.77,422.83,39.55,103.84,0.62,-1,-1,-1
464,104,120.88,157.94,21.97,49.95,0.62,-1,-1,-1
464,105,134.06,187.78,26.75,55.56,0.68,-1,-1,-1
464,108,827.44,303.27,33.21,83.62,0.67,-1,-1,-1
464,109,96.24,78.78,15.50,32.06,0.42,-1,-1,-1
464,110,70.93,176.13,24.96,56.11,0.66,-1,-1,-1
464,21,86.02,432.70,42.46,94.17,0.32,-1,-1,-1
464,98,292.32,83.98,17.72,37.50,0.67,-1,-1,-1
464,111,171.21,60.75,12.32,22.53,0.43,-1,-1,-1
464,112,13.35,299.77,22.24,40.45,0.44,-1,-1,-1
464,81,318.08,222.86,30.54,65.33,0.48,-1,-1,-1
464,113,2.16,202.13,23.66,67.53,0.66,-1,-1,-1
464,114,700.32,88.36,14.62,31.59,0.57,-1,-1,-1
464,115,96.94,95.23,17.50,32.10,0.65,-1,-1,-1
