2,1473,1245.69,409.08,123.71,51.29,0.89,-1,-1,-1
2,1474,1746.22,257.20,99.21,82.20,0.85,-1,-1,-1
2,1475,1558.23,671.92,96.35,89.96,0.85,-1,-1,-1
2,1476,150.79,497.76,115.90,49.18,0.85,-1,-1,-1
2,1477,1078.30,339.14,109.13,53.83,0.83,-1,-1,-1
2,1478,989.81,176.93,57.52,105.32,0.82,-1,-1,-1
2,1479,1850.57,207.37,53.43,73.43,0.81,-1,-1,-1
2,1480,1833.83,654.22,70.17,96.14,0.82,-1,-1,-1
2,1481,849.76,246.41,45.09,88.62,0.81,-1,-1,-1
2,1482,1389.68,347.95,92.38,44.32,0.81,-1,-1,-1
2,1483,1771.14,654.01,79.12,96.65,0.82,-1,-1,-1
2,1484,955.87,894.63,52.80,113.14,0.72,-1,-1,-1
2,1485,1012.25,615.96,49.08,97.17,0.83,-1,-1,-1
2,1486,1006.74,319.18,49.76,97.54,0.78,-1,-1,-1
2,1487,1696.40,659.73,90.97,97.01,0.79,-1,-1,-1
2,1488,933.44,285.64,45.53,98.00,0.78,-1,-1,-1
2,1489,788.57,408.10,52.53,94.01,0.80,-1,-1,-1
2,1490,939.28,463.12,44.65,98.47,0.73,-1,-1,-1
2,1491,324.18,493.25,108.00,52.29,0.78,-1,-1,-1
2,1492,1639.36,683.16,86.46,90.24,0.79,-1,-1,-1
2,1493,448.84,492.71,99.79,52.58,0.73,-1,-1,-1
2,1494,1003.65,473.48,48.27,90.01,0.74,-1,-1,-1
2,1495,1580.76,610.92,104.80,46.95,0.77,-1,-1,-1
2,1496,1395.34,416.00,91.89,46.43,0.73,-1,-1,-1
2,1497,1029.75,890.56,51.70,116.86,0.71,-1,-1,-1
2,1498,1250.56,341.51,48.21,27.83,0.63,-1,-1,-1
2,1499,1173.00,86.58,82.71,47.02,0.51,-1,-1,-1
3,1473,1246.50,408.81,123.04,50.99,0.88,-1,-1,-1
3,1474,1747.24,255.98,100.18,83.08,0.87,-1,-1,-1
3,1475,1558.55,670.88,97.32,90.96,0.86,-1,-1,-1
3,1476,150.08,496.19,119.03,50.58,0.84,-1,-1,-1
3,1477,1078.79,338.47,108.69,53.61,0.85,-1,-1,-1
3,1478,989.51,172.22,57.54,105.41,0.83,-1,-1,-1
3,1479,1851.36,205.59,52.64,73.43,0.81,-1,-1,-1
3,1480,1834.91,653.22,69.09,98.14,0.84,-1,-1,-1
3,1481,849.64,252.44,45.48,89.46,0.79,-1,-1,-1
3,1482,1384.77,345.49,94.16,45.14,0.83,-1,-1,-1
3,1483,1772.79,653.99,79.21,96.72,0.84,-1,-1,-1
3,1484,956.02,885.03,53.03,113.64,0.77,-1,-1,-1
3,1485,1012.14,612.30,49.52,98.00,0.84,-1,-1,-1
3,1486,1006.72,314.86,49.49,97.07,0.85,-1,-1,-1
3,1487,1695.96,659.92,91.18,97.36,0.80,-1,-1,-1
3,1488,932.50,278.08,46.49,100.09,0.76,-1,-1,-1
3,1489,788.69,413.88,53.66,96.00,0.78,-1,-1,-1
3,1490,939.50,456.49,44.56,98.15,0.77,-1,-1,-1
3,1491,322.60,492.47,109.26,52.92,0.77,-1,-1,-1
3,1492,1642.40,685.65,84.87,88.60,0.77,-1,-1,-1
3,1493,447.35,491.78,100.52,52.99,0.73,-1,-1,-1
3,1494,1004.11,469.61,48.29,90.08,0.75,-1,-1,-1
3,1495,1581.09,610.39,105.43,47.27,0.79,-1,-1,-1
3,1496,1397.04,415.54,89.79,45.34,0.78,-1,-1,-1
3,1497,1029.13,883.80,53.04,119.89,0.78,-1,-1,-1
3,1498,1248.78,340.73,49.76,28.76,0.58,-1,-1,-1
3,1499,1173.56,85.86,82.46,46.89,0.51,-1,-1,-1
4,1473,1247.63,408.37,122.38,50.68,0.87,-1,-1,-1
4,1474,1748.27,254.74,100.85,83.73,0.85,-1,-1,-1
4,1475,1559.05,669.86,98.06,91.83,0.86,-1,-1,-1
4,1476,149.93,495.37,120.47,51.31,0.82,-1,-1,-1
4,1477,1077.72,337.06,109.71,54.12,0.85,-1,-1,-1
4,1478,989.15,166.13,57.71,105.83,0.83,-1,-1,-1
4,1479,1852.93,204.91,51.07,73.60,0.78,-1,-1,-1
4,1480,1836.14,652.95,67.86,99.40,0.83,-1,-1,-1
4,1481,849.67,261.52,44.87,88.18,0.83,-1,-1,-1
4,1482,1377.98,344.16,96.29,46.16,0.82,-1,-1,-1
4,1483,1774.47,653.16,79.80,97.42,0.85,-1,-1,-1
4,1484,955.93,878.12,52.56,112.54,0.64,-1,-1,-1
4,1485,1011.88,607.70,50.47,99.89,0.84,-1,-1,-1
4,1486,1006.33,310.14,49.37,96.73,0.81,-1,-1,-1
4,1487,1695.75,658.07,93.90,100.46,0.80,-1,-1,-1
4,1488,932.36,270.61,46.21,99.53,0.76,-1,-1,-1
4,1489,789.45,423.71,52.97,94.78,0.81,-1,-1,-1
4,1490,938.94,449.09,44.46,97.58,0.78,-1,-1,-1
4,1491,321.64,491.94,109.17,52.89,0.78,-1,-1,-1
4,1492,1645.06,686.74,83.41,87.10,0.78,-1,-1,-1
4,1493,443.61,491.29,99.12,52.38,0.70,-1,-1,-1
4,1494,1002.94,466.30,49.43,92.33,0.74,-1,-1,-1
4,1495,1581.89,609.44,106.61,47.88,0.79,-1,-1,-1
4,1496,1398.80,415.12,87.96,44.34,0.83,-1,-1,-1
4,1497,1030.41,879.37,51.50,116.21,0.77,-1,-1,-1
4,1498,1246.23,339.98,50.07,28.95,0.64,-1,-1,-1
4,1499,1173.72,84.29,83.26,47.37,0.60,-1,-1,-1
5,1473,1247.40,406.80,124.42,51.52,0.86,-1,-1,-1
5,1474,1752.01,258.15,96.19,79.79,0.81,-1,-1,-1
5,1475,1559.96,668.93,99.55,93.45,0.85,-1,-1,-1
5,1476,150.87,495.68,119.05,50.82,0.82,-1,-1,-1
5,1477,1075.71,335.38,112.48,55.55,0.85,-1,-1,-1
5,1478,989.48,160.10,57.37,105.32,0.85,-1,-1,-1
5,1479,1854.73,204.71,49.27,71.93,0.76,-1,-1,-1
5,1480,1837.87,653.64,66.13,98.74,0.85,-1,-1,-1
5,1481,850.37,269.13,44.59,87.55,0.81,-1,-1,-1
5,1482,1373.23,342.88,97.17,46.60,0.83,-1,-1,-1
5,1483,1775.33,652.70,80.37,98.09,0.85,-1,-1,-1
5,1484,955.21,868.24,53.26,114.07,0.69,-1,-1,-1
5,1485,1011.67,603.83,50.85,100.62,0.83,-1,-1,-1
5,1486,1006.34,306.64,48.87,95.57,0.80,-1,-1,-1
5,1487,1697.58,658.37,93.19,99.89,0.81,-1,-1,-1
5,1488,932.79,263.22,45.74,98.45,0.78,-1,-1,-1
5,1489,788.82,432.79,53.07,95.09,0.79,-1,-1,-1
5,1490,938.78,440.23,45.35,99.20,0.74,-1,-1,-1
5,1491,321.00,490.99,109.43,53.04,0.79,-1,-1,-1
5,1492,1646.74,686.62,83.31,87.04,0.76,-1,-1,-1
5,1493,440.60,491.15,96.81,51.41,0.68,-1,-1,-1
5,1494,1002.73,462.58,49.66,92.91,0.76,-1,-1,-1
5,1495,1582.60,608.81,108.33,48.78,0.76,-1,-1,-1
5,1496,1400.03,414.77,86.80,43.65,0.84,-1,-1,-1
5,1497,1030.48,872.88,52.09,117.39,0.79,-1,-1,-1
5,1498,1244.77,340.12,48.03,27.77,0.68,-1,-1,-1
5,1499,1173.83,83.17,84.14,47.90,0.52,-1,-1,-1
6,1473,1248.70,406.42,123.62,51.16,0.85,-1,-1,-1
6,1474,1753.78,256.04,97.76,81.18,0.84,-1,-1,-1
6,1475,1562.62,667.99,100.08,94.07,0.86,-1,-1,-1
6,1476,151.53,495.06,119.02,50.97,0.81,-1,-1,-1
6,1477,1073.59,333.66,115.43,57.15,0.87,-1,-1,-1
6,1478,989.43,153.58,57.19,105.15,0.84,-1,-1,-1
6,1479,1854.98,203.73,49.02,74.27,0.75,-1,-1,-1
6,1480,1838.91,653.22,65.09,99.45,0.83,-1,-1,-1
6,1481,850.17,277.04,45.04,88.31,0.80,-1,-1,-1
6,1482,1369.55,341.74,97.85,46.95,0.85,-1,-1,-1
6,1483,1777.16,652.42,80.22,97.91,0.85,-1,-1,-1
6,1484,955.48,858.62,53.19,113.94,0.79,-1,-1,-1
6,1485,1011.62,601.09,50.87,100.68,0.83,-1,-1,-1
6,1486,1005.59,301.92,49.65,97.11,0.83,-1,-1,-1
6,1487,1698.98,658.43,93.23,100.18,0.81,-1,-1,-1
6,1488,932.03,255.39,47.36,102.16,0.78,-1,-1,-1
6,1489,789.61,440.51,53.58,95.99,0.79,-1,-1,-1
6,1490,939.14,433.28,45.30,99.07,0.77,-1,-1,-1
6,1491,320.27,490.49,108.52,52.58,0.79,-1,-1,-1
6,1492,1648.60,686.24,83.37,87.21,0.74,-1,-1,-1
6,1493,441.30,490.47,96.37,51.36,0.71,-1,-1,-1
6,1494,1003.22,459.06,48.59,90.88,0.74,-1,-1,-1
6,1495,1584.91,608.83,107.00,48.27,0.82,-1,-1,-1
6,1496,1400.91,414.51,86.50,43.37,0.85,-1,-1,-1
6,1497,1030.30,865.71,52.58,118.49,0.78,-1,-1,-1
6,1498,1243.46,339.48,47.51,27.49,0.70,-1,-1,-1
6,1499,1173.45,81.85,85.28,48.65,0.57,-1,-1,-1
6,1500,333.11,727.30,89.74,49.29,0.54,-1,-1,-1
6,1501,751.37,127.14,63.13,131.99,0.74,-1,-1,-1
7,1473,1250.30,406.25,122.04,50.41,0.84,-1,-1,-1
7,1474,1754.74,253.47,99.08,82.44,0.82,-1,-1,-1
7,1475,1564.46,667.56,99.71,93.86,0.86,-1,-1,-1
7,1476,151.45,494.28,119.54,51.38,0.80,-1,-1,-1
7,1477,1073.05,332.91,115.34,57.20,0.85,-1,-1,-1
7,1478,988.60,147.05,57.36,105.82,0.84,-1,-1,-1
7,1479,1855.96,202.83,48.04,75.35,0.73,-1,-1,-1
7,1480,1840.00,652.88,64.00,99.89,0.83,-1,-1,-1
7,1481,850.52,285.19,44.91,87.81,0.84,-1,-1,-1
7,1482,1365.23,341.34,97.84,46.92,0.83,-1,-1,-1
7,1483,1778.39,652.16,80.13,97.79,0.82,-1,-1,-1
7,1484,955.36,852.26,52.52,112.24,0.78,-1,-1,-1
7,1485,1011.24,597.31,51.45,101.94,0.79,-1,-1,-1
7,1486,1005.45,297.16,50.26,98.02,0.79,-1,-1,-1
7,1487,1700.89,659.40,92.17,99.27,0.81,-1,-1,-1
7,1488,932.28,248.77,46.54,100.54,0.73,-1,-1,-1
7,1489,790.02,449.72,53.46,95.79,0.82,-1,-1,-1
7,1490,938.18,426.04,45.25,98.44,0.76,-1,-1,-1
7,1491,319.74,490.28,108.54,52.60,0.80,-1,-1,-1
7,1492,1649.93,685.63,84.07,88.05,0.72,-1,-1,-1
7,1493,441.59,489.95,96.65,51.67,0.70,-1,-1,-1
7,1494,1003.31,455.62,48.65,90.99,0.80,-1,-1,-1
7,1495,1586.29,608.73,105.72,47.75,0.79,-1,-1,-1
7,1496,1401.69,414.06,86.53,43.23,0.84,-1,-1,-1
7,1497,1030.10,858.92,53.00,119.46,0.85,-1,-1,-1
7,1498,1242.61,338.81,46.94,27.16,0.65,-1,-1,-1
7,1499,1176.37,81.30,81.59,46.50,0.59,-1,-1,-1
7,1500,331.42,726.83,90.20,49.57,0.63,-1,-1,-1
7,1501,750.09,133.86,62.74,131.18,0.68,-1,-1,-1
7,1503,1154.36,307.90,30.55,25.66,0.71,-1,-1,-1
7,1504,1249.32,49.40,42.17,28.62,0.56,-1,-1,-1
7,1505,643.33,560.52,38.56,28.65,0.63,-1,-1,-1
8,1473,1251.30,405.63,122.16,50.40,0.85,-1,-1,-1
8,1474,1755.79,251.85,99.55,83.02,0.85,-1,-1,-1
8,1475,1566.22,667.45,99.40,93.71,0.84,-1,-1,-1
8,1476,150.83,493.05,121.01,52.25,0.79,-1,-1,-1
8,1477,1073.63,332.00,112.70,55.91,0.86,-1,-1,-1
8,1478,988.71,140.44,57.39,106.11,0.84,-1,-1,-1
8,1479,1858.23,202.47,45.77,72.77,0.71,-1,-1,-1
8,1480,1841.16,652.80,62.84,99.68,0.77,-1,-1,-1
8,1481,850.71,292.57,44.86,87.33,0.84,-1,-1,-1
8,1482,1362.59,341.60,95.20,45.50,0.83,-1,-1,-1
8,1483,1780.14,652.97,79.18,96.62,0.79,-1,-1,-1
8,1484,954.73,842.56,52.92,113.05,0.73,-1,-1,-1
8,1485,1011.63,595.14,50.97,100.91,0.79,-1,-1,-1
8,1486,1004.39,293.21,50.54,98.55,0.84,-1,-1,-1
8,1487,1702.62,659.95,91.59,98.87,0.81,-1,-1,-1
8,1488,932.50,240.20,46.87,101.04,0.77,-1,-1,-1
8,1489,790.01,457.90,53.73,96.51,0.82,-1,-1,-1
8,1490,937.97,417.18,45.77,99.19,0.76,-1,-1,-1
8,1491,318.42,489.48,108.87,52.77,0.81,-1,-1,-1
8,1492,1650.65,685.84,83.81,87.87,0.70,-1,-1,-1
8,1493,443.43,489.51,97.70,52.18,0.73,-1,-1,-1
8,1494,1003.14,451.73,48.70,91.03,0.79,-1,-1,-1
8,1495,1586.24,608.17,108.68,49.29,0.76,-1,-1,-1
8,1496,1402.46,413.66,86.80,43.21,0.83,-1,-1,-1
8,1497,1030.88,854.29,52.08,117.15,0.87,-1,-1,-1
8,1498,1239.91,338.01,47.54,27.55,0.65,-1,-1,-1
8,1499,1178.09,80.49,79.67,45.32,0.60,-1,-1,-1
8,1500,331.45,726.88,89.87,49.39,0.53,-1,-1,-1
8,1501,748.00,139.41,63.30,132.24,0.64,-1,-1,-1
8,1503,1154.43,307.15,30.57,25.67,0.71,-1,-1,-1
8,1504,1249.90,49.13,41.60,28.21,0.54,-1,-1,-1
8,1505,642.66,560.15,38.38,28.50,0.55,-1,-1,-1
9,1473,1252.85,405.12,122.08,50.31,0.85,-1,-1,-1
9,1474,1756.57,250.40,100.53,84.06,0.80,-1,-1,-1
9,1475,1567.49,667.21,98.69,93.33,0.84,-1,-1,-1
9,1476,151.55,492.25,119.98,52.01,0.78,-1,-1,-1
9,1477,1072.97,330.06,113.24,56.28,0.87,-1,-1,-1
9,1478,988.99,134.88,56.53,104.94,0.83,-1,-1,-1
9,1479,1859.79,201.39,44.21,71.37,0.71,-1,-1,-1
9,1480,1840.79,652.79,63.21,101.14,0.78,-1,-1,-1
9,1481,850.53,299.82,45.88,89.18,0.77,-1,-1,-1
9,1482,1358.63,340.83,95.24,45.37,0.83,-1,-1,-1
9,1483,1781.58,653.49,78.58,95.76,0.79,-1,-1,-1
9,1484,954.87,833.82,52.78,112.72,0.80,-1,-1,-1
9,1485,1012.26,593.27,49.98,98.74,0.83,-1,-1,-1
9,1486,1004.58,288.96,50.18,97.75,0.86,-1,-1,-1
9,1487,1704.24,658.07,92.84,100.58,0.83,-1,-1,-1
9,1488,932.16,234.06,46.74,100.99,0.78,-1,-1,-1
9,1489,790.92,465.60,53.59,96.22,0.82,-1,-1,-1
9,1490,938.26,409.83,46.11,100.04,0.79,-1,-1,-1
9,1491,316.88,489.12,109.44,53.08,0.82,-1,-1,-1
9,1492,1651.93,686.06,83.58,87.58,0.68,-1,-1,-1
9,1493,444.08,488.81,98.50,52.54,0.76,-1,-1,-1
9,1494,1002.61,448.91,48.98,91.84,0.76,-1,-1,-1
9,1495,1587.37,607.83,108.89,49.61,0.65,-1,-1,-1
9,1496,1403.01,413.42,87.55,43.44,0.84,-1,-1,-1
9,1497,1031.29,847.90,52.51,118.00,0.81,-1,-1,-1
9,1498,1238.52,337.39,47.97,27.83,0.67,-1,-1,-1
9,1499,1177.44,78.63,80.74,45.96,0.54,-1,-1,-1
9,1500,329.14,725.98,91.24,50.23,0.46,-1,-1,-1
9,1501,744.99,148.40,63.36,131.75,0.63,-1,-1,-1
9,1503,1155.99,306.56,30.56,25.62,0.71,-1,-1,-1
9,1504,1250.15,47.86,42.30,28.65,0.44,-1,-1,-1
9,1505,641.76,559.46,39.28,29.14,0.55,-1,-1,-1
10,1473,1253.37,404.13,122.15,50.23,0.86,-1,-1,-1
10,1474,1759.95,251.90,98.02,82.01,0.81,-1,-1,-1
10,1475,1568.88,667.39,98.34,93.29,0.84,-1,-1,-1
10,1476,151.41,491.65,120.12,52.30,0.79,-1,-1,-1
10,1477,1072.43,328.82,113.52,56.51,0.87,-1,-1,-1
10,1478,988.54,128.59,56.44,105.25,0.85,-1,-1,-1
10,1479,1860.94,199.90,43.06,71.11,0.70,-1,-1,-1
10,1480,1841.50,651.69,62.50,104.09,0.75,-1,-1,-1
10,1481,850.72,307.98,45.73,88.62,0.84,-1,-1,-1
10,1482,1355.63,340.76,94.47,44.84,0.86,-1,-1,-1
10,1483,1783.59,653.77,78.10,94.96,0.76,-1,-1,-1
10,1484,954.79,826.21,52.56,112.05,0.79,-1,-1,-1
10,1485,1012.63,591.06,49.44,97.57,0.84,-1,-1,-1
10,1486,1004.71,284.49,50.09,97.27,0.83,-1,-1,-1
10,1487,1706.33,657.88,92.66,100.72,0.82,-1,-1,-1
10,1488,931.97,226.21,46.50,100.33,0.73,-1,-1,-1
10,1489,791.07,474.75,53.12,95.37,0.83,-1,-1,-1
10,1490,937.78,403.69,45.62,98.26,0.77,-1,-1,-1
10,1491,315.35,488.52,110.66,53.75,0.83,-1,-1,-1
10,1492,1653.35,686.42,83.62,87.48,0.73,-1,-1,-1
10,1493,443.74,488.17,99.21,52.81,0.77,-1,-1,-1
10,1494,1002.22,444.60,49.43,92.95,0.75,-1,-1,-1
10,1495,1589.14,607.01,109.38,50.07,0.64,-1,-1,-1
10,1496,1403.70,413.22,87.69,43.39,0.84,-1,-1,-1
10,1497,1031.17,841.20,52.89,118.84,0.81,-1,-1,-1
10,1498,1236.31,336.27,49.91,28.87,0.63,-1,-1,-1
10,1499,1177.54,77.73,81.00,46.12,0.56,-1,-1,-1
10,1500,329.58,726.60,90.65,49.93,0.48,-1,-1,-1
10,1501,742.09,156.35,63.74,131.74,0.67,-1,-1,-1
10,1503,1156.80,305.38,31.54,26.41,0.64,-1,-1,-1
10,1504,1249.68,44.83,44.81,30.37,0.38,-1,-1,-1
10,1505,641.53,559.32,39.07,28.94,0.62,-1,-1,-1
10,1506,1393.91,187.87,34.48,31.19,0.62,-1,-1,-1
11,1473,1253.65,403.56,122.77,50.41,0.87,-1,-1,-1
11,1474,1760.37,250.63,98.76,82.72,0.82,-1,-1,-1
11,1475,1570.37,667.31,98.45,93.72,0.85,-1,-1,-1
11,1476,151.59,491.65,119.61,52.27,0.78,-1,-1,-1
11,1477,1071.69,327.56,113.98,56.85,0.87,-1,-1,-1
11,1478,987.70,120.78,56.91,106.86,0.84,-1,-1,-1
11,1479,1863.02,198.23,40.98,68.72,0.68,-1,-1,-1
11,1480,1841.46,652.43,62.54,106.13,0.75,-1,-1,-1
11,1481,850.91,315.32,45.80,88.54,0.83,-1,-1,-1
11,1482,1351.64,340.52,95.24,45.09,0.84,-1,-1,-1
11,1483,1784.29,652.98,81.37,98.98,0.76,-1,-1,-1
11,1484,954.10,818.48,52.83,112.61,0.74,-1,-1,-1
11,1485,1012.85,588.28,49.57,97.82,0.85,-1,-1,-1
11,1486,1003.56,279.15,51.21,99.61,0.85,-1,-1,-1
11,1487,1706.30,656.97,94.93,103.77,0.81,-1,-1,-1
11,1488,931.44,219.41,46.92,101.47,0.79,-1,-1,-1
11,1489,791.01,482.83,53.89,97.17,0.82,-1,-1,-1
11,1490,937.63,396.18,47.01,101.45,0.80,-1,-1,-1
11,1491,314.43,488.19,111.03,54.00,0.82,-1,-1,-1
11,1492,1653.42,683.45,85.00,89.03,0.81,-1,-1,-1
11,1493,442.64,487.82,99.94,53.12,0.74,-1,-1,-1
11,1494,1002.19,441.31,49.45,93.30,0.75,-1,-1,-1
11,1495,1590.80,607.70,108.39,49.85,0.68,-1,-1,-1
11,1496,1403.96,412.69,88.71,43.82,0.82,-1,-1,-1
11,1497,1031.29,835.08,53.16,119.32,0.88,-1,-1,-1
11,1498,1234.57,337.61,47.46,27.35,0.64,-1,-1,-1
11,1499,1178.24,76.89,80.63,45.87,0.40,-1,-1,-1
11,1500,328.41,727.69,89.05,49.10,0.50,-1,-1,-1
11,1501,739.19,164.14,64.00,131.03,0.53,-1,-1,-1
11,1503,1158.31,305.42,30.17,25.22,0.60,-1,-1,-1
11,1504,1250.28,43.14,45.25,30.64,0.36,-1,-1,-1
11,1505,641.23,559.49,38.86,28.72,0.50,-1,-1,-1
11,1506,1394.63,187.00,36.04,32.64,0.55,-1,-1,-1
12,1473,1253.47,403.01,123.77,50.78,0.87,-1,-1,-1
12,1474,1762.53,251.05,97.59,81.60,0.85,-1,-1,-1
12,1475,1571.68,667.38,97.71,93.27,0.84,-1,-1,-1
12,1476,151.93,491.55,119.21,52.31,0.78,-1,-1,-1
12,1477,1070.63,326.23,115.23,57.63,0.86,-1,-1,-1
12,1478,988.52,115.05,55.97,105.64,0.84,-1,-1,-1
12,1479,1865.31,197.13,38.69,66.76,0.68,-1,-1,-1
12,1480,1843.02,652.35,60.98,106.48,0.76,-1,-1,-1
12,1481,850.26,322.42,47.34,91.57,0.78,-1,-1,-1
12,1482,1347.44,339.50,97.66,46.27,0.83,-1,-1,-1
12,1483,1786.76,653.08,82.03,99.95,0.76,-1,-1,-1
12,1484,954.24,809.92,52.66,111.97,0.80,-1,-1,-1
12,1485,1012.63,584.70,50.32,99.51,0.85,-1,-1,-1
12,1486,1003.88,274.45,51.04,99.01,0.83,-1,-1,-1
12,1487,1707.50,656.50,95.72,105.19,0.83,-1,-1,-1
12,1488,931.95,212.02,46.71,100.98,0.78,-1,-1,-1
12,1489,791.86,491.07,54.09,97.63,0.85,-1,-1,-1
12,1490,937.12,387.66,47.63,102.25,0.76,-1,-1,-1
12,1491,313.53,487.76,111.50,54.30,0.82,-1,-1,-1
12,1492,1654.28,683.13,85.01,89.13,0.81,-1,-1,-1
12,1493,441.46,487.29,100.81,53.55,0.75,-1,-1,-1
12,1494,1001.91,438.03,49.85,94.38,0.74,-1,-1,-1
12,1495,1591.83,607.37,108.20,50.04,0.74,-1,-1,-1
12,1496,1404.73,412.34,89.28,44.04,0.82,-1,-1,-1
12,1497,1032.24,830.86,52.56,117.67,0.89,-1,-1,-1
12,1498,1233.47,338.19,45.33,26.01,0.67,-1,-1,-1
12,1499,1178.31,75.54,81.24,46.22,0.62,-1,-1,-1
12,1500,326.83,728.44,88.86,48.96,0.34,-1,-1,-1
12,1501,735.37,170.71,64.96,131.40,0.83,-1,-1,-1
12,1503,1159.75,305.07,28.82,23.97,0.62,-1,-1,-1
12,1504,1251.76,42.99,43.50,29.35,0.30,-1,-1,-1
12,1505,640.86,559.40,38.70,28.53,0.57,-1,-1,-1
12,1506,1394.17,185.60,36.65,33.22,0.49,-1,-1,-1
12,1507,1555.99,768.88,34.25,28.59,0.73,-1,-1,-1
13,1473,1253.77,402.48,124.79,51.19,0.84,-1,-1,-1
13,1474,1764.21,250.30,97.98,81.90,0.86,-1,-1,-1
13,1475,1572.71,667.73,97.13,92.94,0.83,-1,-1,-1
13,1476,151.76,491.28,119.22,52.54,0.80,-1,-1,-1
13,1477,1069.57,325.09,116.42,58.43,0.86,-1,-1,-1
13,1478,988.70,108.21,55.52,105.29,0.84,-1,-1,-1
13,1479,1868.00,196.14,36.00,63.51,0.66,-1,-1,-1
13,1480,1843.89,651.84,60.11,108.64,0.74,-1,-1,-1
13,1481,850.88,330.50,46.97,90.67,0.83,-1,-1,-1
13,1482,1343.96,338.98,98.90,46.81,0.82,-1,-1,-1
13,1483,1788.57,653.15,81.16,98.66,0.74,-1,-1,-1
13,1484,953.90,801.63,52.75,111.95,0.80,-1,-1,-1
13,1485,1012.51,581.08,50.63,100.31,0.85,-1,-1,-1
13,1486,1004.14,269.18,50.48,97.42,0.77,-1,-1,-1
13,1487,1709.37,656.40,95.65,105.60,0.83,-1,-1,-1
13,1488,931.41,204.24,47.62,103.28,0.79,-1,-1,-1
13,1489,792.38,499.10,54.10,97.59,0.83,-1,-1,-1
13,1490,937.02,380.90,47.17,100.47,0.80,-1,-1,-1
13,1491,312.24,487.17,111.91,54.56,0.82,-1,-1,-1
13,1492,1655.49,683.19,85.55,89.62,0.80,-1,-1,-1
13,1493,440.37,486.35,102.22,54.31,0.75,-1,-1,-1
13,1494,1002.27,435.04,48.76,92.34,0.75,-1,-1,-1
13,1495,1593.37,607.11,108.15,50.33,0.71,-1,-1,-1
13,1496,1405.60,411.56,90.36,44.54,0.80,-1,-1,-1
13,1497,1033.46,825.66,52.45,117.16,0.86,-1,-1,-1
13,1498,1231.55,339.63,41.86,24.08,0.66,-1,-1,-1
13,1499,1179.29,74.50,82.09,46.73,0.72,-1,-1,-1
13,1500,325.48,729.90,85.42,47.14,0.39,-1,-1,-1
13,1501,731.47,176.89,66.24,132.43,0.85,-1,-1,-1
13,1503,1160.13,304.88,28.85,23.97,0.63,-1,-1,-1
13,1504,1252.87,43.65,41.00,27.50,0.39,-1,-1,-1
13,1505,640.44,559.29,38.95,28.67,0.53,-1,-1,-1
13,1506,1395.59,184.12,37.71,34.19,0.40,-1,-1,-1
13,1507,1558.01,769.57,33.28,27.79,0.70,-1,-1,-1
14,1473,1254.37,401.82,125.39,51.42,0.82,-1,-1,-1
14,1474,1765.55,248.27,99.43,83.11,0.90,-1,-1,-1
14,1475,1573.66,667.12,98.02,93.93,0.83,-1,-1,-1
14,1476,151.47,490.79,119.59,52.96,0.80,-1,-1,-1
14,1477,1068.81,324.26,117.14,58.98,0.86,-1,-1,-1
14,1478,988.85,100.55,55.96,106.57,0.86,-1,-1,-1
14,1479,1870.41,195.29,33.59,59.95,0.65,-1,-1,-1
14,1480,1845.39,651.32,58.61,109.23,0.71,-1,-1,-1
14,1481,851.58,338.46,46.44,89.56,0.85,-1,-1,-1
14,1482,1342.03,339.20,97.57,46.03,0.83,-1,-1,-1
14,1483,1789.90,653.46,80.69,97.94,0.77,-1,-1,-1
14,1484,953.45,792.38,53.33,113.13,0.80,-1,-1,-1
14,1485,1012.28,578.01,50.88,101.09,0.84,-1,-1,-1
14,1486,1003.79,265.08,50.65,97.69,0.82,-1,-1,-1
14,1487,1712.83,657.26,92.65,102.33,0.81,-1,-1,-1
14,1488,931.44,197.32,47.34,102.64,0.80,-1,-1,-1
14,1489,793.30,506.93,54.66,98.65,0.81,-1,-1,-1
14,1490,937.09,374.00,47.44,100.69,0.80,-1,-1,-1
14,1491,311.32,486.84,111.82,54.51,0.82,-1,-1,-1
14,1492,1656.29,683.13,86.44,90.55,0.80,-1,-1,-1
14,1493,439.52,485.78,102.92,54.69,0.74,-1,-1,-1
14,1494,1002.67,431.80,48.48,91.67,0.79,-1,-1,-1
14,1495,1594.75,606.88,108.60,50.82,0.76,-1,-1,-1
14,1496,1407.30,410.84,90.83,44.61,0.80,-1,-1,-1
14,1497,1033.68,819.42,53.23,119.11,0.83,-1,-1,-1
14,1498,1230.39,339.19,42.47,24.40,0.63,-1,-1,-1
14,1499,1179.63,73.32,82.61,47.05,0.65,-1,-1,-1
14,1500,324.81,730.44,85.38,47.16,0.50,-1,-1,-1
14,1501,728.12,184.15,66.57,131.22,0.82,-1,-1,-1
14,1503,1160.20,304.21,29.48,24.42,0.62,-1,-1,-1
14,1504,1253.66,43.20,40.74,27.23,0.47,-1,-1,-1
14,1505,639.79,559.13,39.04,28.72,0.50,-1,-1,-1
14,1506,1395.81,182.88,39.74,36.27,0.40,-1,-1,-1
14,1507,1559.92,769.51,32.16,26.83,0.67,-1,-1,-1
15,1473,1255.40,401.14,126.20,51.73,0.80,-1,-1,-1
15,1474,1768.22,248.17,98.23,81.92,0.89,-1,-1,-1
15,1475,1576.46,669.36,96.02,91.88,0.85,-1,-1,-1
15,1476,151.13,489.93,120.43,53.63,0.80,-1,-1,-1
15,1477,1068.00,323.44,117.79,59.51,0.87,-1,-1,-1
15,1478,989.33,93.97,55.52,106.06,0.81,-1,-1,-1
15,1479,1872.55,195.57,31.45,57.46,0.64,-1,-1,-1
15,1480,1847.22,651.11,56.78,108.33,0.73,-1,-1,-1
15,1481,851.27,345.05,47.60,91.86,0.79,-1,-1,-1
15,1482,1340.09,339.16,96.54,45.41,0.82,-1,-1,-1
15,1483,1792.86,653.61,80.73,97.97,0.82,-1,-1,-1
15,1484,953.37,784.77,53.12,112.47,0.84,-1,-1,-1
15,1485,1012.29,575.21,51.04,101.69,0.83,-1,-1,-1
15,1486,1003.82,259.99,50.92,98.02,0.84,-1,-1,-1
15,1487,1716.07,657.60,91.77,101.34,0.81,-1,-1,-1
15,1488,932.41,189.93,46.89,101.32,0.75,-1,-1,-1
15,1489,793.78,515.44,54.30,98.02,0.86,-1,-1,-1
15,1490,937.12,366.13,48.37,102.29,0.81,-1,-1,-1
15,1491,310.39,486.55,111.99,54.60,0.81,-1,-1,-1
15,1492,1658.33,683.47,86.83,91.00,0.78,-1,-1,-1
15,1493,438.78,485.41,103.72,55.11,0.75,-1,-1,-1
15,1494,1003.28,428.64,48.11,90.97,0.76,-1,-1,-1
15,1495,1597.14,606.52,107.51,50.40,0.73,-1,-1,-1
15,1496,1408.79,410.35,91.06,44.57,0.81,-1,-1,-1
15,1497,1034.27,813.60,53.17,119.35,0.86,-1,-1,-1
15,1498,1229.96,338.52,43.35,24.83,0.63,-1,-1,-1
15,1499,1179.81,72.19,83.47,47.60,0.55,-1,-1,-1
15,1500,322.92,730.23,85.33,47.30,0.55,-1,-1,-1
15,1501,723.31,191.35,67.15,129.56,0.76,-1,-1,-1
15,1503,1160.59,303.61,29.43,24.22,0.66,-1,-1,-1
15,1504,1254.38,42.25,41.45,27.63,0.51,-1,-1,-1
15,1505,639.44,558.98,39.23,28.86,0.49,-1,-1,-1
15,1506,1397.16,182.61,40.63,37.24,0.50,-1,-1,-1
15,1507,1561.34,769.88,32.23,26.88,0.72,-1,-1,-1
16,1473,1256.16,400.55,126.92,51.99,0.78,-1,-1,-1
16,1474,1770.08,246.81,99.02,82.64,0.80,-1,-1,-1
16,1475,1578.76,670.60,95.65,91.28,0.86,-1,-1,-1
16,1476,150.80,488.73,121.23,54.35,0.81,-1,-1,-1
16,1477,1067.53,322.71,118.56,60.11,0.87,-1,-1,-1
16,1478,988.14,82.05,57.20,110.23,0.82,-1,-1,-1
16,1479,1873.69,194.43,30.31,57.98,0.65,-1,-1,-1
16,1480,1851.08,651.83,52.92,102.38,0.70,-1,-1,-1
16,1481,851.79,353.29,47.67,91.91,0.80,-1,-1,-1
16,1482,1337.53,338.64,96.59,45.31,0.82,-1,-1,-1
16,1483,1795.83,653.48,80.67,97.69,0.82,-1,-1,-1
16,1484,953.40,776.22,53.30,112.66,0.81,-1,-1,-1
16,1485,1012.71,572.75,51.62,103.09,0.81,-1,-1,-1
16,1486,1003.88,254.62,51.04,98.13,0.79,-1,-1,-1
16,1487,1719.35,657.87,90.95,100.06,0.80,-1,-1,-1
16,1488,931.90,182.34,47.52,102.92,0.78,-1,-1,-1
16,1489,794.39,523.07,54.37,98.26,0.82,-1,-1,-1
16,1490,937.69,359.02,47.86,100.53,0.78,-1,-1,-1
16,1491,309.61,486.17,112.29,54.76,0.80,-1,-1,-1
16,1492,1660.38,682.94,87.18,91.27,0.81,-1,-1,-1
16,1493,438.38,484.76,103.88,55.22,0.74,-1,-1,-1
16,1494,1003.53,425.79,48.21,91.25,0.76,-1,-1,-1
16,1495,1598.56,606.78,107.17,50.24,0.78,-1,-1,-1
16,1496,1409.55,409.85,92.79,45.43,0.81,-1,-1,-1
16,1497,1034.67,808.48,52.69,118.54,0.86,-1,-1,-1
16,1498,1229.66,337.77,43.62,24.90,0.61,-1,-1,-1
16,1499,1180.19,71.08,84.35,48.15,0.63,-1,-1,-1
16,1500,322.90,729.49,85.79,47.68,0.48,-1,-1,-1
16,1501,718.42,196.35,69.56,131.50,0.68,-1,-1,-1
16,1503,1160.91,302.83,29.74,24.30,0.65,-1,-1,-1
16,1504,1254.24,39.67,43.22,28.86,0.62,-1,-1,-1
16,1505,639.27,558.24,39.19,28.78,0.53,-1,-1,-1
16,1506,1398.55,181.74,40.27,37.12,0.56,-1,-1,-1
16,1507,1563.08,770.47,31.57,26.30,0.61,-1,-1,-1
17,1473,1257.62,400.35,126.60,51.81,0.81,-1,-1,-1
17,1474,1771.56,245.40,99.50,83.11,0.83,-1,-1,-1
17,1475,1579.81,669.83,96.26,91.73,0.87,-1,-1,-1
17,1476,151.88,488.65,119.05,53.56,0.81,-1,-1,-1
17,1477,1067.04,320.89,119.05,60.59,0.87,-1,-1,-1
17,1478,988.45,74.15,56.74,110.31,0.85,-1,-1,-1
17,1479,1875.87,194.26,28.13,54.11,0.65,-1,-1,-1
17,1480,1853.96,652.00,50.04,98.35,0.68,-1,-1,-1
17,1481,852.84,361.32,47.14,90.77,0.84,-1,-1,-1
17,1482,1335.59,338.04,95.59,44.67,0.81,-1,-1,-1
17,1483,1797.33,652.65,81.24,98.26,0.84,-1,-1,-1
17,1484,953.50,767.46,53.40,112.79,0.83,-1,-1,-1
17,1485,1013.72,570.56,51.03,101.95,0.83,-1,-1,-1
17,1486,1002.89,248.87,51.73,99.38,0.80,-1,-1,-1
17,1487,1720.78,659.34,89.80,99.17,0.80,-1,-1,-1
17,1488,931.48,174.40,47.52,103.07,0.77,-1,-1,-1
17,1489,795.26,530.79,54.73,99.34,0.83,-1,-1,-1
17,1490,937.13,350.94,48.51,101.69,0.81,-1,-1,-1
17,1491,308.74,485.64,111.39,54.24,0.79,-1,-1,-1
17,1492,1661.89,682.35,86.89,90.76,0.82,-1,-1,-1
17,1493,437.99,484.92,102.67,54.47,0.75,-1,-1,-1
17,1494,1003.58,421.21,48.21,91.16,0.74,-1,-1,-1
17,1495,1601.22,606.84,106.06,49.74,0.74,-1,-1,-1
17,1496,1410.99,409.64,92.38,45.17,0.81,-1,-1,-1
17,1497,1035.57,803.16,52.40,117.77,0.84,-1,-1,-1
17,1498,1228.86,336.92,44.49,25.27,0.60,-1,-1,-1
17,1499,1181.56,70.20,82.76,47.15,0.71,-1,-1,-1
17,1500,322.78,729.45,85.74,47.60,0.44,-1,-1,-1
17,1501,712.63,202.31,71.66,133.03,0.33,-1,-1,-1
17,1503,1160.74,301.50,30.66,25.05,0.58,-1,-1,-1
17,1504,1254.62,37.78,43.70,29.16,0.68,-1,-1,-1
17,1505,638.74,557.12,40.03,29.42,0.61,-1,-1,-1
17,1506,1400.49,181.27,38.44,35.58,0.56,-1,-1,-1
17,1507,1562.33,771.09,36.20,30.37,0.48,-1,-1,-1
18,1473,1258.14,399.65,127.75,52.32,0.80,-1,-1,-1
18,1474,1773.70,245.42,98.77,82.41,0.84,-1,-1,-1
18,1475,1580.11,668.22,97.89,93.53,0.86,-1,-1,-1
18,1476,152.53,488.39,117.94,53.17,0.81,-1,-1,-1
18,1477,1066.58,319.64,118.93,60.77,0.88,-1,-1,-1
18,1478,989.52,69.74,54.74,106.61,0.79,-1,-1,-1
18,1479,1876.81,192.95,27.19,54.70,0.60,-1,-1,-1
18,1480,1856.53,651.44,47.47,96.61,0.71,-1,-1,-1
18,1481,852.45,369.08,47.78,92.12,0.79,-1,-1,-1
18,1482,1332.83,336.73,96.21,44.83,0.81,-1,-1,-1
18,1483,1798.49,651.77,82.37,99.53,0.84,-1,-1,-1
18,1484,953.64,759.81,53.24,112.17,0.84,-1,-1,-1
18,1485,1014.07,567.09,50.22,100.26,0.83,-1,-1,-1
18,1486,1003.17,242.17,51.60,98.86,0.81,-1,-1,-1
18,1487,1721.78,657.98,90.77,100.27,0.80,-1,-1,-1
18,1488,932.10,166.29,47.24,102.08,0.78,-1,-1,-1
18,1489,795.98,539.03,54.49,99.14,0.86,-1,-1,-1
18,1490,937.26,343.17,48.94,102.26,0.82,-1,-1,-1
18,1491,306.43,484.63,112.98,54.98,0.81,-1,-1,-1
18,1492,1663.17,681.69,87.58,91.46,0.80,-1,-1,-1
18,1493,438.05,484.73,100.89,53.31,0.77,-1,-1,-1
18,1494,1002.48,416.42,49.01,92.89,0.74,-1,-1,-1
18,1495,1602.76,606.62,105.40,49.45,0.74,-1,-1,-1
18,1496,1411.99,409.00,92.61,45.25,0.80,-1,-1,-1
18,1497,1036.68,797.36,52.04,117.14,0.82,-1,-1,-1
18,1498,1227.38,336.55,44.92,25.42,0.48,-1,-1,-1
18,1499,1182.74,68.58,82.15,46.71,0.72,-1,-1,-1
18,1500,320.13,727.43,89.27,49.73,0.40,-1,-1,-1
18,1501,707.15,208.43,72.92,132.37,0.28,-1,-1,-1
18,1503,1161.77,301.42,29.89,24.37,0.44,-1,-1,-1
18,1504,1255.44,36.98,43.03,28.58,0.58,-1,-1,-1
18,1505,637.95,556.04,40.94,30.10,0.52,-1,-1,-1
18,1506,1402.30,180.47,37.36,34.79,0.33,-1,-1,-1
18,1507,1564.72,771.25,33.73,28.14,0.52,-1,-1,-1
19,1473,1258.38,398.49,129.18,53.01,0.80,-1,-1,-1
19,1474,1775.11,243.50,99.95,83.34,0.84,-1,-1,-1
19,1475,1580.77,667.25,98.41,94.41,0.87,-1,-1,-1
19,1476,152.69,488.12,116.89,52.76,0.82,-1,-1,-1
19,1477,1066.35,318.42,119.19,61.15,0.89,-1,-1,-1
19,1478,990.57,64.82,53.00,103.15,0.80,-1,-1,-1
19,1479,1878.77,190.89,25.23,53.58,0.57,-1,-1,-1
19,1480,1858.42,650.79,45.58,97.47,0.71,-1,-1,-1
19,1481,853.18,376.42,47.56,91.55,0.81,-1,-1,-1
19,1482,1329.82,335.53,98.28,45.84,0.82,-1,-1,-1
19,1483,1800.40,651.26,82.26,99.29,0.84,-1,-1,-1
19,1484,953.50,750.69,53.62,113.02,0.81,-1,-1,-1
19,1485,1014.36,563.41,50.15,100.27,0.84,-1,-1,-1
19,1486,1003.37,236.70,51.58,98.63,0.84,-1,-1,-1
19,1487,1722.19,656.60,92.48,102.40,0.81,-1,-1,-1
19,1488,931.27,158.43,48.34,104.91,0.73,-1,-1,-1
19,1489,796.71,546.85,54.73,99.66,0.84,-1,-1,-1
19,1490,937.15,334.43,49.25,102.53,0.80,-1,-1,-1
19,1491,304.89,483.65,113.55,55.21,0.79,-1,-1,-1
19,1492,1666.83,683.64,86.05,90.06,0.78,-1,-1,-1
19,1493,437.27,483.64,100.66,52.94,0.77,-1,-1,-1
19,1494,1002.44,412.56,49.28,93.65,0.76,-1,-1,-1
19,1495,1604.69,605.86,104.50,49.00,0.73,-1,-1,-1
19,1496,1413.81,408.59,90.84,44.23,0.80,-1,-1,-1
19,1497,1036.70,790.45,52.71,119.03,0.85,-1,-1,-1
19,1498,1225.67,335.67,45.97,26.08,0.49,-1,-1,-1
19,1499,1183.32,66.75,82.52,46.84,0.75,-1,-1,-1
19,1500,319.40,726.52,90.19,50.31,0.42,-1,-1,-1
19,1501,702.60,215.29,73.60,130.39,0.68,-1,-1,-1
19,1503,1161.05,300.60,29.94,24.29,0.40,-1,-1,-1
19,1504,1256.85,35.13,43.77,29.04,0.48,-1,-1,-1
19,1505,637.47,555.66,42.15,31.02,0.47,-1,-1,-1
19,1506,1403.84,179.19,38.39,36.14,0.18,-1,-1,-1
19,1507,1567.34,771.33,32.28,26.78,0.46,-1,-1,-1
20,1473,1258.21,397.32,129.48,53.29,0.78,-1,-1,-1
20,1474,1777.88,243.47,99.03,82.43,0.84,-1,-1,-1
20,1475,1582.55,666.73,99.07,95.23,0.89,-1,-1,-1
20,1476,150.96,486.28,118.89,53.96,0.84,-1,-1,-1
20,1477,1066.49,317.39,118.19,60.81,0.89,-1,-1,-1
20,1478,990.83,57.55,52.70,102.56,0.80,-1,-1,-1
20,1479,1881.42,188.12,22.58,50.34,0.57,-1,-1,-1
20,1480,1859.98,649.72,44.02,98.65,0.68,-1,-1,-1
20,1481,854.07,383.69,47.23,90.86,0.84,-1,-1,-1
20,1482,1328.38,334.27,98.14,45.76,0.82,-1,-1,-1
20,1483,1802.72,651.52,80.47,96.92,0.78,-1,-1,-1
20,1484,953.80,741.33,53.55,112.78,0.81,-1,-1,-1
20,1485,1014.18,559.11,50.66,101.60,0.84,-1,-1,-1
20,1486,1003.46,230.63,51.54,98.48,0.80,-1,-1,-1
20,1487,1723.10,655.32,93.82,104.08,0.82,-1,-1,-1
20,1488,931.50,150.88,47.86,103.87,0.75,-1,-1,-1
20,1489,797.21,554.43,54.89,100.22,0.83,-1,-1,-1
20,1490,937.08,325.90,49.37,102.69,0.83,-1,-1,-1
20,1491,304.19,483.04,113.16,54.93,0.79,-1,-1,-1
20,1492,1669.58,684.52,85.37,89.39,0.78,-1,-1,-1
20,1493,436.93,483.05,99.53,51.95,0.74,-1,-1,-1
20,1494,1003.03,408.80,48.70,92.41,0.80,-1,-1,-1
20,1495,1607.06,605.11,103.89,48.69,0.75,-1,-1,-1
20,1496,1415.15,407.65,90.62,44.01,0.78,-1,-1,-1
20,1497,1037.20,784.84,52.88,119.52,0.88,-1,-1,-1
20,1498,1223.90,334.71,46.81,26.57,0.48,-1,-1,-1
20,1499,1184.30,65.26,82.28,46.59,0.68,-1,-1,-1
20,1500,317.97,724.70,92.79,52.00,0.35,-1,-1,-1
20,1501,696.39,221.17,74.83,129.22,0.65,-1,-1,-1
20,1503,1160.70,299.86,29.95,24.18,0.45,-1,-1,-1
20,1504,1258.62,33.90,43.22,28.54,0.51,-1,-1,-1
20,1505,637.61,555.64,41.16,30.26,0.50,-1,-1,-1
20,1506,1405.48,178.33,37.48,35.39,0.28,-1,-1,-1
20,1507,1568.06,770.85,34.81,29.01,0.45,-1,-1,-1
20,1509,1360.32,146.61,35.63,34.81,0.65,-1,-1,-1
21,1473,1257.97,395.79,130.72,54.02,0.78,-1,-1,-1
21,1474,1779.69,242.80,98.88,82.21,0.84,-1,-1,-1
21,1475,1583.92,666.08,99.39,95.72,0.89,-1,-1,-1
21,1476,148.67,484.18,121.06,55.33,0.87,-1,-1,-1
21,1477,1066.51,316.74,116.86,60.25,0.89,-1,-1,-1
21,1478,990.70,47.89,53.22,103.56,0.73,-1,-1,-1
21,1479,1883.00,188.56,21.00,48.56,0.56,-1,-1,-1
21,1480,1861.53,649.07,42.47,98.31,0.69,-1,-1,-1
21,1481,853.88,391.60,47.46,91.34,0.82,-1,-1,-1
21,1482,1324.99,332.26,100.26,46.91,0.83,-1,-1,-1
21,1483,1803.44,651.27,80.51,96.86,0.79,-1,-1,-1
21,1484,953.47,733.43,53.21,111.76,0.81,-1,-1,-1
21,1485,1014.21,556.07,50.57,101.65,0.85,-1,-1,-1
21,1486,1002.36,224.28,51.52,98.67,0.80,-1,-1,-1
21,1487,1724.53,656.13,92.24,102.57,0.82,-1,-1,-1
21,1488,931.93,142.75,47.42,102.51,0.77,-1,-1,-1
21,1489,797.99,562.65,54.74,100.11,0.86,-1,-1,-1
21,1490,937.02,317.58,49.67,103.12,0.82,-1,-1,-1
21,1491,303.07,482.49,113.64,55.12,0.80,-1,-1,-1
21,1492,1671.12,684.50,84.84,88.93,0.77,-1,-1,-1
21,1493,435.65,482.59,100.41,52.10,0.76,-1,-1,-1
21,1494,1002.91,404.36,48.83,92.50,0.78,-1,-1,-1
21,1495,1609.89,605.33,102.13,47.75,0.76,-1,-1,-1
21,1496,1415.02,406.52,92.21,44.82,0.78,-1,-1,-1
21,1497,1038.34,778.96,52.50,118.42,0.85,-1,-1,-1
21,1498,1222.75,334.18,46.14,26.14,0.50,-1,-1,-1
21,1499,1185.16,63.76,81.98,46.26,0.54,-1,-1,-1
21,1500,317.94,724.03,93.36,52.45,0.56,-1,-1,-1
21,1501,689.74,226.59,76.86,129.79,0.25,-1,-1,-1
21,1503,1160.65,299.58,29.11,23.48,0.25,-1,-1,-1
21,1504,1259.16,31.49,44.41,29.26,0.59,-1,-1,-1
21,1505,637.75,555.37,39.25,28.85,0.42,-1,-1,-1
21,1506,1405.99,175.47,39.13,37.19,0.47,-1,-1,-1
21,1507,1569.09,771.63,35.45,29.73,0.31,-1,-1,-1
21,1509,1361.64,145.98,35.44,34.61,0.63,-1,-1,-1
21,1510,1379.77,191.41,22.21,35.00,0.59,-1,-1,-1
22,1473,1257.66,394.17,131.93,54.81,0.78,-1,-1,-1
22,1474,1781.50,243.07,97.72,80.99,0.87,-1,-1,-1
22,1475,1585.88,666.12,99.46,95.80,0.89,-1,-1,-1
22,1476,149.46,484.87,117.51,53.61,0.83,-1,-1,-1
22,1477,1065.75,315.60,117.45,60.77,0.89,-1,-1,-1
22,1478,992.79,50.78,48.48,92.84,0.74,-1,-1,-1
22,1479,1883.91,186.66,20.09,50.42,0.56,-1,-1,-1
22,1480,1862.84,649.50,41.16,98.04,0.67,-1,-1,-1
22,1481,854.25,399.36,47.64,91.74,0.81,-1,-1,-1
22,1482,1320.60,331.22,102.72,48.23,0.83,-1,-1,-1
22,1483,1804.71,651.70,80.28,96.51,0.81,-1,-1,-1
22,1484,953.12,724.91,53.26,111.67,0.84,-1,-1,-1
22,1485,1013.99,553.46,50.49,101.57,0.84,-1,-1,-1
22,1486,1002.53,217.77,51.46,98.36,0.81,-1,-1,-1
22,1487,1726.07,656.45,92.12,102.58,0.83,-1,-1,-1
22,1488,931.99,133.57,47.72,103.04,0.76,-1,-1,-1
22,1489,798.42,571.21,55.29,101.45,0.84,-1,-1,-1
22,1490,936.58,309.33,49.55,102.53,0.78,-1,-1,-1
22,1491,303.89,482.68,110.28,53.19,0.77,-1,-1,-1
22,1492,1671.14,681.68,87.31,91.84,0.74,-1,-1,-1
22,1493,434.62,482.20,101.24,52.24,0.77,-1,-1,-1
22,1494,1002.75,400.53,49.23,93.31,0.78,-1,-1,-1
22,1495,1611.39,605.23,102.31,47.82,0.77,-1,-1,-1
22,1496,1415.08,405.57,93.33,45.42,0.78,-1,-1,-1
22,1497,1039.69,774.20,52.52,118.17,0.84,-1,-1,-1
22,1498,1220.28,333.81,44.74,25.52,0.51,-1,-1,-1
22,1499,1185.46,62.70,82.23,46.27,0.70,-1,-1,-1
22,1500,317.69,723.98,92.96,52.26,0.62,-1,-1,-1
22,1501,683.12,232.59,78.44,128.71,0.55,-1,-1,-1
22,1503,1160.47,298.74,29.54,23.91,0.28,-1,-1,-1
22,1504,1259.62,30.18,44.72,29.42,0.59,-1,-1,-1
22,1505,637.41,555.30,38.44,28.29,0.36,-1,-1,-1
22,1506,1407.04,174.83,38.93,37.09,0.48,-1,-1,-1
22,1507,1570.24,771.07,34.94,29.39,0.45,-1,-1,-1
22,1509,1363.17,145.81,34.32,33.42,0.63,-1,-1,-1
22,1510,1380.56,190.73,22.08,34.75,0.57,-1,-1,-1
23,1473,1259.16,393.57,129.78,54.08,0.79,-1,-1,-1
23,1474,1785.61,244.83,93.80,77.01,0.84,-1,-1,-1
23,1475,1587.60,666.10,99.45,95.70,0.87,-1,-1,-1
23,1476,149.45,484.40,115.19,52.34,0.82,-1,-1,-1
23,1477,1064.79,313.71,118.28,61.45,0.88,-1,-1,-1
23,1478,990.45,34.90,52.45,100.65,0.75,-1,-1,-1
23,1479,1884.64,184.00,19.36,52.70,0.53,-1,-1,-1
23,1480,1865.32,649.17,38.68,94.04,0.67,-1,-1,-1
23,1481,854.50,406.28,48.33,93.02,0.84,-1,-1,-1
23,1482,1316.26,329.29,106.25,50.20,0.83,-1,-1,-1
23,1483,1806.07,651.78,79.65,95.64,0.79,-1,-1,-1
23,1484,953.26,715.05,53.65,112.64,0.81,-1,-1,-1
23,1485,1013.63,550.32,50.83,102.44,0.81,-1,-1,-1
23,1486,1002.69,212.01,51.59,98.70,0.84,-1,-1,-1
23,1487,1727.48,655.00,93.21,104.06,0.82,-1,-1,-1
23,1488,931.65,127.47,47.30,102.17,0.72,-1,-1,-1
23,1489,799.02,579.68,55.00,101.21,0.83,-1,-1,-1
23,1490,936.59,301.17,50.06,104.37,0.82,-1,-1,-1
23,1491,303.16,482.00,109.83,52.78,0.76,-1,-1,-1
23,1492,1673.43,682.59,86.41,91.02,0.76,-1,-1,-1
23,1493,433.88,481.70,101.60,52.11,0.77,-1,-1,-1
23,1494,1002.14,395.70,49.57,94.12,0.74,-1,-1,-1
23,1495,1612.57,605.13,101.80,47.49,0.77,-1,-1,-1
23,1496,1416.32,404.72,93.08,45.25,0.77,-1,-1,-1
23,1497,1039.62,768.38,53.03,119.00,0.84,-1,-1,-1
23,1498,1217.87,334.00,43.58,25.30,0.61,-1,-1,-1
23,1499,1185.53,60.80,83.89,47.25,0.65,-1,-1,-1
23,1500,317.63,724.29,92.40,51.93,0.63,-1,-1,-1
23,1501,676.76,238.35,79.73,127.77,0.60,-1,-1,-1
23,1503,1161.11,297.66,29.26,23.77,0.32,-1,-1,-1
23,1504,1260.53,30.43,43.38,28.44,0.54,-1,-1,-1
23,1505,637.10,554.86,37.74,27.75,0.39,-1,-1,-1
23,1506,1407.19,173.65,39.11,37.47,0.46,-1,-1,-1
23,1507,1572.06,772.11,33.47,28.15,0.38,-1,-1,-1
23,1509,1363.66,144.50,34.93,33.95,0.64,-1,-1,-1
23,1510,1381.25,189.98,22.31,35.00,0.55,-1,-1,-1
24,1473,1260.44,392.86,128.81,53.83,0.81,-1,-1,-1
24,1474,1788.34,245.82,92.41,75.07,0.83,-1,-1,-1
24,1475,1588.82,665.68,99.01,95.54,0.87,-1,-1,-1
24,1476,148.97,484.26,114.20,51.70,0.82,-1,-1,-1
24,1477,1064.15,312.15,118.83,61.99,0.87,-1,-1,-1
24,1478,989.68,22.53,54.28,104.28,0.65,-1,-1,-1
24,1480,1867.26,648.55,36.74,92.54,0.64,-1,-1,-1
24,1481,854.76,414.28,48.85,93.96,0.82,-1,-1,-1
24,1482,1313.78,329.19,105.96,50.36,0.81,-1,-1,-1
24,1483,1807.98,651.32,80.14,96.09,0.78,-1,-1,-1
24,1484,953.02,707.29,53.34,111.61,0.82,-1,-1,-1
24,1485,1014.15,548.47,51.29,103.32,0.80,-1,-1,-1
24,1486,1001.54,205.74,52.18,99.87,0.82,-1,-1,-1
24,1487,1729.77,654.69,92.98,104.01,0.82,-1,-1,-1
24,1488,932.07,119.13,47.67,102.82,0.77,-1,-1,-1
24,1489,800.21,588.35,54.96,101.26,0.84,-1,-1,-1
24,1490,937.07,292.63,49.87,103.73,0.81,-1,-1,-1
24,1491,302.08,481.28,110.62,53.05,0.74,-1,-1,-1
24,1492,1675.34,684.13,85.46,89.78,0.76,-1,-1,-1
24,1493,433.15,481.18,101.92,51.97,0.76,-1,-1,-1
24,1494,1001.99,391.93,50.00,95.19,0.74,-1,-1,-1
24,1495,1613.22,604.85,102.52,47.81,0.81,-1,-1,-1
24,1496,1417.10,404.06,94.50,46.02,0.78,-1,-1,-1
24,1497,1040.35,763.21,53.25,119.14,0.87,-1,-1,-1
24,1498,1216.74,333.85,43.00,25.10,0.69,-1,-1,-1
24,1499,1186.10,59.67,84.07,47.38,0.68,-1,-1,-1
24,1500,313.96,722.90,95.40,53.97,0.50,-1,-1,-1
24,1501,669.93,244.42,81.09,126.16,0.61,-1,-1,-1
24,1503,1160.67,296.38,29.37,23.89,0.36,-1,-1,-1
24,1504,1261.23,29.43,42.95,28.22,0.51,-1,-1,-1
24,1505,636.91,554.69,37.37,27.49,0.34,-1,-1,-1
24,1506,1408.26,172.91,38.98,37.73,0.42,-1,-1,-1
24,1507,1573.02,772.74,33.91,28.65,0.45,-1,-1,-1
24,1509,1364.93,143.60,34.53,33.44,0.63,-1,-1,-1
24,1510,1381.88,189.30,22.11,34.58,0.47,-1,-1,-1
25,1473,1261.46,392.14,128.52,53.83,0.80,-1,-1,-1
25,1474,1789.96,245.99,92.02,74.12,0.81,-1,-1,-1
25,1475,1590.24,665.56,98.81,95.63,0.87,-1,-1,-1
25,1476,147.29,483.43,114.64,51.73,0.82,-1,-1,-1
25,1477,1063.90,310.59,119.86,62.89,0.87,-1,-1,-1
25,1478,989.45,14.30,53.96,103.91,0.68,-1,-1,-1
25,1480,1868.93,648.08,35.07,91.37,0.62,-1,-1,-1
25,1481,855.09,421.71,49.00,94.29,0.82,-1,-1,-1
25,1482,1311.66,327.92,106.27,50.76,0.81,-1,-1,-1
25,1483,1810.36,650.99,80.84,96.67,0.77,-1,-1,-1
25,1484,952.80,698.16,53.36,111.48,0.84,-1,-1,-1
25,1485,1014.37,545.85,50.82,102.18,0.82,-1,-1,-1
25,1486,1001.82,198.14,51.82,99.11,0.80,-1,-1,-1
25,1487,1730.77,654.84,94.44,105.95,0.82,-1,-1,-1
25,1488,931.61,112.04,48.02,103.73,0.77,-1,-1,-1
25,1489,800.76,596.92,55.40,102.35,0.82,-1,-1,-1
25,1490,936.51,284.00,49.61,102.75,0.79,-1,-1,-1
25,1491,301.46,480.95,110.41,52.76,0.75,-1,-1,-1
25,1492,1675.08,680.56,87.19,91.69,0.82,-1,-1,-1
25,1493,429.76,479.74,105.40,53.92,0.74,-1,-1,-1
25,1494,1001.88,387.92,49.77,94.96,0.75,-1,-1,-1
25,1495,1613.82,604.50,103.20,48.08,0.81,-1,-1,-1
25,1496,1418.30,403.55,94.17,45.90,0.77,-1,-1,-1
25,1497,1040.96,758.05,53.65,119.66,0.88,-1,-1,-1
25,1498,1216.73,332.82,44.26,25.68,0.69,-1,-1,-1
25,1499,1186.33,58.58,85.09,48.01,0.65,-1,-1,-1
25,1500,313.54,721.03,99.08,56.22,0.46,-1,-1,-1
25,1501,663.03,250.31,82.55,125.13,0.31,-1,-1,-1
25,1503,1160.62,294.72,29.74,24.07,0.39,-1,-1,-1
25,1504,1261.29,28.52,42.76,28.15,0.52,-1,-1,-1
25,1505,636.65,554.69,37.44,27.54,0.36,-1,-1,-1
25,1506,1409.64,172.28,38.61,37.57,0.28,-1,-1,-1
25,1507,1572.11,771.34,37.17,31.68,0.36,-1,-1,-1
25,1509,1366.14,142.92,34.04,32.79,0.65,-1,-1,-1
25,1510,1382.95,189.09,21.68,33.77,0.36,-1,-1,-1
25,1512,1178.14,912.03,50.88,100.42,0.59,-1,-1,-1
26,1473,1263.46,391.86,127.46,53.32,0.82,-1,-1,-1
26,1474,1790.39,245.12,95.01,76.21,0.82,-1,-1,-1
26,1475,1592.18,665.75,98.38,95.41,0.86,-1,-1,-1
26,1476,145.23,482.92,115.54,52.08,0.82,-1,-1,-1
26,1477,1063.84,309.01,119.90,63.23,0.88,-1,-1,-1
26,1478,989.07,3.53,55.04,106.33,0.69,-1,-1,-1
26,1480,1870.01,646.68,33.99,92.50,0.59,-1,-1,-1
26,1481,855.60,429.08,49.00,94.16,0.83,-1,-1,-1
26,1482,1310.43,328.01,103.43,49.61,0.80,-1,-1,-1
26,1483,1811.96,650.64,82.81,98.49,0.76,-1,-1,-1
26,1484,952.26,689.42,53.74,112.06,0.87,-1,-1,-1
26,1485,1014.83,543.34,50.04,100.35,0.83,-1,-1,-1
26,1486,1001.72,191.59,52.14,99.91,0.83,-1,-1,-1
26,1487,1731.73,654.33,95.40,107.63,0.81,-1,-1,-1
26,1488,931.68,104.52,47.24,102.06,0.73,-1,-1,-1
26,1489,801.53,605.45,55.57,103.02,0.87,-1,-1,-1
26,1490,936.62,274.37,49.98,103.50,0.84,-1,-1,-1
26,1491,300.73,480.80,110.31,52.51,0.78,-1,-1,-1
26,1492,1675.71,680.19,87.42,91.94,0.85,-1,-1,-1
26,1493,427.67,478.98,106.83,54.69,0.76,-1,-1,-1
26,1494,1002.26,384.90,49.02,93.38,0.80,-1,-1,-1
26,1495,1615.67,603.61,104.56,48.79,0.76,-1,-1,-1
26,1496,1419.76,403.29,93.47,45.60,0.75,-1,-1,-1
26,1497,1041.45,752.26,53.55,119.07,0.83,-1,-1,-1
26,1498,1215.85,332.20,45.11,26.06,0.73,-1,-1,-1
26,1499,1187.13,57.94,85.09,48.07,0.63,-1,-1,-1
26,1500,313.03,721.12,98.52,56.06,0.38,-1,-1,-1
26,1501,655.87,256.35,84.17,123.91,0.50,-1,-1,-1
26,1503,1160.63,293.57,30.15,24.36,0.41,-1,-1,-1
26,1504,1262.95,28.85,39.95,26.02,0.61,-1,-1,-1
26,1505,636.27,553.67,37.22,27.32,0.40,-1,-1,-1
26,1506,1409.72,169.33,39.39,38.40,0.30,-1,-1,-1
26,1507,1570.61,769.22,40.56,35.00,0.35,-1,-1,-1
26,1509,1366.61,141.30,34.77,33.39,0.60,-1,-1,-1
26,1510,1384.15,188.83,21.49,33.27,0.28,-1,-1,-1
26,1512,1178.51,912.10,50.96,100.59,0.49,-1,-1,-1
26,1514,1354.88,739.17,101.72,60.32,0.73,-1,-1,-1
27,1473,1264.51,391.72,127.33,53.20,0.82,-1,-1,-1
27,1474,1790.63,242.48,98.15,78.56,0.83,-1,-1,-1
27,1475,1593.70,665.80,97.95,95.13,0.85,-1,-1,-1
27,1476,143.76,482.70,115.37,51.93,0.82,-1,-1,-1
27,1477,1063.52,307.54,119.90,63.55,0.87,-1,-1,-1
27,1478,990.36,0.00,53.61,101.33,0.73,-1,-1,-1
27,1480,1872.04,646.75,31.96,91.83,0.59,-1,-1,-1
27,1481,855.37,436.95,49.54,95.33,0.83,-1,-1,-1
27,1482,1308.95,327.81,102.34,49.28,0.81,-1,-1,-1
27,1483,1813.30,649.77,84.50,99.99,0.79,-1,-1,-1
27,1484,951.93,680.77,53.58,111.75,0.83,-1,-1,-1
27,1485,1014.95,539.84,50.22,100.65,0.83,-1,-1,-1
27,1486,1002.23,185.95,51.48,98.86,0.83,-1,-1,-1
27,1487,1734.49,654.40,93.10,104.90,0.81,-1,-1,-1
27,1488,931.37,95.66,47.43,102.55,0.76,-1,-1,-1
27,1489,802.76,613.88,55.90,103.92,0.86,-1,-1,-1
27,1490,936.55,265.08,50.70,104.97,0.81,-1,-1,-1
27,1491,300.34,480.62,109.65,51.88,0.78,-1,-1,-1
27,1492,1676.52,680.24,88.29,92.88,0.83,-1,-1,-1
27,1493,428.11,479.46,104.58,53.34,0.77,-1,-1,-1
27,1494,1002.06,380.84,49.13,93.58,0.77,-1,-1,-1
27,1495,1617.21,603.41,104.76,48.90,0.72,-1,-1,-1
27,1496,1420.17,402.49,93.48,45.66,0.76,-1,-1,-1
27,1497,1042.06,746.94,53.72,119.24,0.83,-1,-1,-1
27,1498,1215.41,331.98,45.38,26.15,0.71,-1,-1,-1
27,1499,1187.99,57.42,84.48,47.71,0.61,-1,-1,-1
27,1500,312.89,723.71,94.13,53.59,0.52,-1,-1,-1
27,1501,647.75,260.30,86.80,124.55,0.65,-1,-1,-1
27,1503,1161.04,293.11,29.80,23.81,0.47,-1,-1,-1
27,1504,1262.84,26.66,41.33,26.87,0.41,-1,-1,-1
27,1505,635.52,552.62,37.98,27.77,0.41,-1,-1,-1
27,1506,1412.16,169.17,36.77,35.90,0.44,-1,-1,-1
27,1507,1573.22,769.01,40.15,34.88,0.47,-1,-1,-1
27,1509,1367.22,140.28,34.96,33.46,0.65,-1,-1,-1
27,1510,1385.15,187.69,21.76,33.74,0.30,-1,-1,-1
27,1512,1179.13,913.01,51.40,101.49,0.46,-1,-1,-1
27,1514,1355.00,738.87,102.59,60.85,0.60,-1,-1,-1
28,1473,1264.58,390.85,128.98,53.86,0.82,-1,-1,-1
28,1474,1791.22,241.19,99.55,79.54,0.85,-1,-1,-1
28,1475,1594.93,665.84,97.74,95.11,0.85,-1,-1,-1
28,1476,142.46,482.82,114.90,51.65,0.81,-1,-1,-1
28,1477,1061.06,305.37,121.56,64.84,0.87,-1,-1,-1
28,1478,991.96,0.00,50.64,92.32,0.65,-1,-1,-1
28,1480,1874.40,647.09,29.60,89.42,0.60,-1,-1,-1
28,1481,855.91,444.92,49.66,95.49,0.85,-1,-1,-1
28,1482,1307.32,327.20,102.68,49.54,0.82,-1,-1,-1
28,1483,1814.97,649.61,85.53,100.94,0.81,-1,-1,-1
28,1484,951.83,672.11,53.57,111.68,0.85,-1,-1,-1
28,1485,1014.57,535.96,50.73,101.87,0.84,-1,-1,-1
28,1486,1001.86,178.83,51.77,99.78,0.80,-1,-1,-1
28,1487,1736.54,653.75,92.80,104.46,0.81,-1,-1,-1
28,1488,931.18,88.00,47.62,103.17,0.78,-1,-1,-1
28,1489,803.61,623.12,55.66,103.65,0.82,-1,-1,-1
28,1490,936.22,257.35,50.03,103.43,0.83,-1,-1,-1
28,1491,299.04,480.13,109.70,51.58,0.78,-1,-1,-1
28,1492,1677.56,680.05,88.87,93.48,0.83,-1,-1,-1
28,1493,428.03,479.56,103.44,52.55,0.76,-1,-1,-1
28,1494,1001.90,376.82,49.15,93.59,0.78,-1,-1,-1
28,1495,1618.48,603.28,104.44,48.69,0.76,-1,-1,-1
28,1496,1420.95,401.97,94.67,46.27,0.77,-1,-1,-1
28,1497,1042.96,741.60,54.23,120.28,0.83,-1,-1,-1
28,1498,1214.81,331.79,44.86,25.84,0.68,-1,-1,-1
28,1499,1188.83,56.04,84.91,48.07,0.64,-1,-1,-1
28,1500,312.28,725.54,90.32,51.21,0.74,-1,-1,-1
28,1501,640.70,266.53,87.55,121.98,0.62,-1,-1,-1
28,1503,1160.78,292.43,29.61,23.51,0.43,-1,-1,-1
28,1504,1264.14,25.47,40.41,26.04,0.31,-1,-1,-1
28,1505,634.51,551.47,38.94,28.49,0.44,-1,-1,-1
28,1506,1412.16,168.08,36.60,35.83,0.39,-1,-1,-1
28,1507,1573.35,766.20,41.18,36.01,0.48,-1,-1,-1
28,1509,1368.22,139.96,34.60,32.88,0.56,-1,-1,-1
28,1510,1386.37,186.93,21.50,33.37,0.26,-1,-1,-1
28,1512,1179.67,913.21,51.69,102.16,0.48,-1,-1,-1
28,1514,1354.63,738.55,103.53,61.49,0.56,-1,-1,-1
28,1515,1091.09,466.93,20.63,40.11,0.69,-1,-1,-1
28,1516,1045.30,914.34,19.90,39.29,0.63,-1,-1,-1
29,1473,1264.95,389.76,129.62,54.09,0.84,-1,-1,-1
29,1474,1792.72,240.87,99.60,79.46,0.88,-1,-1,-1
29,1475,1595.73,664.68,98.84,96.30,0.84,-1,-1,-1
29,1476,140.74,482.47,114.79,51.45,0.81,-1,-1,-1
29,1477,1060.16,303.96,121.06,64.90,0.87,-1,-1,-1
29,1478,993.80,0.00,46.48,81.85,0.55,-1,-1,-1
29,1480,1875.74,647.41,28.26,88.02,0.63,-1,-1,-1
29,1481,857.06,452.52,49.78,95.44,0.83,-1,-1,-1
29,1482,1305.96,326.78,101.93,49.30,0.81,-1,-1,-1
29,1483,1816.55,648.93,86.02,101.39,0.82,-1,-1,-1
29,1484,951.07,663.81,53.56,111.13,0.84,-1,-1,-1
29,1485,1014.31,532.46,50.91,102.43,0.84,-1,-1,-1
29,1486,1001.21,171.64,51.77,99.89,0.79,-1,-1,-1
29,1487,1738.90,653.56,92.34,103.54,0.80,-1,-1,-1
29,1488,931.40,80.14,47.29,102.29,0.76,-1,-1,-1
29,1489,804.83,632.05,55.91,104.42,0.86,-1,-1,-1
29,1490,936.30,248.29,50.26,103.90,0.84,-1,-1,-1
29,1491,297.87,479.73,109.82,51.31,0.80,-1,-1,-1
29,1492,1679.11,680.18,89.49,94.23,0.80,-1,-1,-1
29,1493,426.97,478.96,103.94,52.65,0.74,-1,-1,-1
29,1494,1001.69,372.93,49.00,93.23,0.79,-1,-1,-1
29,1495,1619.93,603.38,104.70,48.71,0.81,-1,-1,-1
29,1496,1421.42,400.99,95.93,46.97,0.79,-1,-1,-1
29,1497,1043.82,736.85,54.44,120.74,0.85,-1,-1,-1
29,1498,1213.55,331.93,44.10,25.40,0.63,-1,-1,-1
29,1499,1189.32,54.70,84.61,47.94,0.75,-1,-1,-1
29,1500,309.85,726.34,88.93,50.22,0.66,-1,-1,-1
29,1501,633.69,272.82,88.05,118.74,0.48,-1,-1,-1
29,1503,1160.78,291.56,29.91,23.54,0.36,-1,-1,-1
29,1504,1264.50,23.51,41.40,26.41,0.37,-1,-1,-1
29,1505,634.48,551.49,38.33,27.96,0.48,-1,-1,-1
29,1506,1414.40,168.22,34.18,33.42,0.45,-1,-1,-1
29,1507,1577.20,767.37,37.91,33.32,0.62,-1,-1,-1
29,1509,1369.05,137.78,35.86,33.96,0.35,-1,-1,-1
29,1510,1387.68,186.40,21.11,32.56,0.39,-1,-1,-1
29,1512,1180.64,913.57,51.78,102.51,0.40,-1,-1,-1
29,1514,1355.46,738.45,103.60,61.64,0.52,-1,-1,-1
29,1515,1091.53,463.68,20.44,39.75,0.53,-1,-1,-1
29,1516,1044.18,907.10,21.73,42.95,0.68,-1,-1,-1
30,1473,1266.18,390.55,128.35,53.43,0.84,-1,-1,-1
30,1474,1794.09,240.42,99.39,79.15,0.87,-1,-1,-1
30,1475,1597.32,665.48,98.24,95.76,0.87,-1,-1,-1
30,1476,139.72,482.20,114.71,51.28,0.82,-1,-1,-1
30,1477,1058.33,301.50,122.46,66.13,0.86,-1,-1,-1
30,1478,996.08,0.00,43.18,73.25,0.65,-1,-1,-1
30,1480,1877.78,646.89,26.22,85.16,0.59,-1,-1,-1
30,1481,857.05,460.30,50.00,95.67,0.84,-1,-1,-1
30,1482,1305.09,326.21,100.72,48.73,0.81,-1,-1,-1
30,1483,1817.48,648.62,86.46,101.91,0.84,-1,-1,-1
30,1484,950.23,654.24,53.66,111.21,0.86,-1,-1,-1
30,1485,1013.95,529.06,50.79,102.29,0.80,-1,-1,-1
30,1486,1001.39,165.12,51.63,99.99,0.86,-1,-1,-1
30,1487,1739.65,653.09,92.98,104.33,0.79,-1,-1,-1
30,1488,932.03,71.35,46.67,100.34,0.76,-1,-1,-1
30,1489,805.45,640.91,56.21,105.13,0.85,-1,-1,-1
30,1490,936.13,238.94,50.08,103.25,0.80,-1,-1,-1
30,1491,296.12,479.35,110.51,51.34,0.81,-1,-1,-1
30,1492,1680.75,680.76,89.31,94.17,0.76,-1,-1,-1
30,1493,425.19,478.49,105.44,53.46,0.70,-1,-1,-1
30,1494,1000.34,367.60,49.86,95.22,0.75,-1,-1,-1
30,1495,1621.70,603.41,104.50,48.51,0.80,-1,-1,-1
30,1496,1421.66,400.11,96.82,47.53,0.80,-1,-1,-1
30,1497,1044.42,731.82,54.28,120.14,0.82,-1,-1,-1
30,1498,1212.60,332.42,42.37,24.47,0.55,-1,-1,-1
30,1499,1190.57,54.10,83.45,47.31,0.70,-1,-1,-1
30,1500,307.28,725.48,90.88,51.40,0.73,-1,-1,-1
30,1501,625.03,278.85,88.67,115.72,0.22,-1,-1,-1
30,1503,1159.89,291.72,29.16,22.70,0.38,-1,-1,-1
30,1504,1263.79,19.61,45.38,29.00,0.27,-1,-1,-1
30,1505,634.00,551.15,38.17,27.72,0.53,-1,-1,-1
30,1506,1414.87,168.03,34.75,34.27,0.37,-1,-1,-1
30,1507,1577.09,766.34,40.37,36.03,0.60,-1,-1,-1
30,1509,1369.36,136.06,36.89,34.88,0.32,-1,-1,-1
30,1510,1388.43,185.60,21.02,32.25,0.25,-1,-1,-1
30,1512,1181.81,914.29,49.13,96.92,0.39,-1,-1,-1
30,1514,1356.43,738.44,103.67,61.72,0.49,-1,-1,-1
30,1515,1091.98,459.39,20.21,39.28,0.54,-1,-1,-1
30,1516,1042.54,898.72,23.06,45.61,0.66,-1,-1,-1
31,1473,1266.24,389.36,128.59,53.47,0.85,-1,-1,-1
31,1474,1794.79,238.57,100.28,79.84,0.86,-1,-1,-1
31,1475,1598.68,665.67,98.14,95.58,0.88,-1,-1,-1
31,1476,138.38,482.03,115.00,51.30,0.83,-1,-1,-1
31,1477,1057.52,299.02,122.47,66.56,0.86,-1,-1,-1
31,1478,996.98,0.00,41.48,67.34,0.50,-1,-1,-1
31,1481,857.44,468.26,50.26,95.96,0.83,-1,-1,-1
31,1482,1304.07,325.86,100.15,48.47,0.81,-1,-1,-1
31,1483,1818.77,648.96,85.23,101.69,0.85,-1,-1,-1
31,1484,949.30,644.61,54.28,112.18,0.85,-1,-1,-1
31,1485,1013.95,526.51,51.62,104.08,0.81,-1,-1,-1
31,1486,1001.60,158.58,51.22,99.30,0.81,-1,-1,-1
31,1487,1740.92,653.79,92.23,103.63,0.79,-1,-1,-1
31,1488,931.61,63.54,47.62,102.42,0.76,-1,-1,-1
31,1489,806.96,650.19,56.22,105.07,0.84,-1,-1,-1
31,1490,935.67,230.04,50.30,103.49,0.85,-1,-1,-1
31,1491,294.70,479.17,110.75,51.15,0.83,-1,-1,-1
31,1492,1682.43,680.78,88.96,93.79,0.81,-1,-1,-1
31,1493,423.79,477.69,106.08,53.80,0.71,-1,-1,-1
31,1494,999.78,364.02,49.94,95.50,0.76,-1,-1,-1
31,1495,1622.70,603.24,104.97,48.68,0.81,-1,-1,-1
31,1496,1422.09,399.27,97.25,47.87,0.82,-1,-1,-1
31,1497,1045.31,727.27,54.08,119.10,0.84,-1,-1,-1
31,1498,1210.61,332.38,41.80,24.16,0.52,-1,-1,-1
31,1499,1191.21,52.72,81.67,46.06,0.55,-1,-1,-1
31,1500,306.86,725.14,91.70,51.80,0.70,-1,-1,-1
31,1501,615.49,283.68,90.06,113.83,0.30,-1,-1,-1
31,1503,1159.00,290.97,29.65,22.98,0.27,-1,-1,-1
31,1504,1263.37,16.82,47.90,30.71,0.35,-1,-1,-1
31,1505,633.64,550.91,37.88,27.33,0.50,-1,-1,-1
31,1506,1415.29,166.32,35.78,35.52,0.27,-1,-1,-1
31,1507,1578.46,766.71,39.28,35.31,0.72,-1,-1,-1
31,1509,1369.55,134.78,37.38,35.20,0.38,-1,-1,-1
31,1510,1388.80,183.92,21.62,33.09,0.35,-1,-1,-1
31,1512,1181.44,914.44,52.20,103.34,0.34,-1,-1,-1
31,1514,1356.68,738.31,104.15,62.13,0.44,-1,-1,-1
31,1515,1091.78,455.97,20.61,40.07,0.51,-1,-1,-1
31,1516,1041.42,893.44,22.81,45.14,0.19,-1,-1,-1
31,1518,963.87,1009.16,56.24,59.01,0.68,-1,-1,-1
32,1473,1267.13,389.87,128.00,53.07,0.85,-1,-1,-1
32,1474,1795.22,236.07,102.32,81.58,0.85,-1,-1,-1
32,1475,1599.75,665.98,98.04,95.29,0.89,-1,-1,-1
32,1476,136.67,481.69,115.98,51.62,0.84,-1,-1,-1
32,1477,1056.82,297.53,122.14,66.72,0.87,-1,-1,-1
32,1478,996.57,0.00,36.98,57.49,0.57,-1,-1,-1
32,1481,858.04,476.11,50.17,95.56,0.80,-1,-1,-1
32,1482,1303.34,325.39,98.96,47.84,0.80,-1,-1,-1
32,1483,1820.04,648.56,83.96,101.98,0.82,-1,-1,-1
32,1484,948.92,636.10,53.77,111.09,0.80,-1,-1,-1
32,1485,1014.27,523.81,51.12,103.04,0.83,-1,-1,-1
32,1486,1001.27,150.25,50.99,98.91,0.78,-1,-1,-1
32,1487,1741.87,654.47,92.32,104.00,0.81,-1,-1,-1
32,1488,931.28,55.00,47.60,102.21,0.75,-1,-1,-1
32,1489,808.03,659.40,56.39,105.49,0.87,-1,-1,-1
32,1490,936.08,222.20,50.20,103.35,0.83,-1,-1,-1
32,1491,293.26,478.82,111.37,51.20,0.85,-1,-1,-1
32,1492,1684.08,680.81,88.51,93.24,0.83,-1,-1,-1
32,1493,423.58,477.29,106.34,53.75,0.72,-1,-1,-1
32,1494,1000.19,359.23,49.56,94.59,0.83,-1,-1,-1
32,1495,1623.77,603.11,105.21,48.74,0.74,-1,-1,-1
32,1496,1422.88,398.96,97.01,47.84,0.84,-1,-1,-1
32,1497,1045.70,722.46,54.27,119.15,0.83,-1,-1,-1
32,1498,1210.14,332.81,40.44,23.45,0.54,-1,-1,-1
32,1499,1190.99,51.47,82.78,46.65,0.61,-1,-1,-1
32,1500,306.36,725.06,92.21,51.97,0.60,-1,-1,-1
32,1501,607.25,288.57,90.79,110.88,0.60,-1,-1,-1
32,1503,1158.06,289.90,30.86,23.92,0.26,-1,-1,-1
32,1504,1263.32,14.73,49.18,31.75,0.38,-1,-1,-1
32,1505,633.29,550.55,37.63,26.99,0.45,-1,-1,-1
32,1506,1416.68,165.66,33.81,33.40,0.23,-1,-1,-1
32,1507,1581.27,767.10,36.45,32.78,0.75,-1,-1,-1
32,1509,1369.92,133.71,37.26,35.03,0.50,-1,-1,-1
32,1510,1389.17,182.67,22.03,33.84,0.36,-1,-1,-1
32,1512,1181.18,914.42,53.29,105.82,0.30,-1,-1,-1
32,1514,1357.53,738.46,103.47,61.77,0.37,-1,-1,-1
32,1515,1092.11,452.25,20.33,39.65,0.56,-1,-1,-1
32,1516,1039.95,886.00,22.67,44.86,0.22,-1,-1,-1
32,1518,960.16,1002.35,63.26,66.63,0.73,-1,-1,-1
32,1480,1880.76,647.53,23.24,77.95,0.53,-1,-1,-1
33,1473,1267.21,389.79,129.00,53.39,0.85,-1,-1,-1
33,1474,1797.27,235.49,101.73,81.12,0.84,-1,-1,-1
33,1475,1600.96,666.11,98.01,95.07,0.88,-1,-1,-1
33,1476,135.52,481.53,115.79,51.33,0.86,-1,-1,-1
33,1477,1055.79,296.15,121.67,66.68,0.90,-1,-1,-1
33,1478,998.28,0.00,31.39,46.00,0.75,-1,-1,-1
33,1481,857.67,484.10,50.34,95.94,0.82,-1,-1,-1
33,1482,1300.72,324.20,101.65,49.31,0.82,-1,-1,-1
33,1483,1820.52,648.90,83.48,102.63,0.82,-1,-1,-1
33,1484,947.96,626.55,54.12,111.65,0.83,-1,-1,-1
33,1485,1014.29,520.56,50.27,101.11,0.82,-1,-1,-1
33,1486,1000.96,143.02,51.49,100.30,0.85,-1,-1,-1
33,1487,1744.40,655.89,90.78,102.57,0.82,-1,-1,-1
33,1488,931.41,46.46,47.12,101.17,0.74,-1,-1,-1
33,1489,808.41,668.31,56.94,106.45,0.83,-1,-1,-1
33,1490,935.53,213.17,50.00,102.57,0.80,-1,-1,-1
33,1491,291.60,477.87,113.03,51.82,0.85,-1,-1,-1
33,1492,1685.05,680.96,88.53,93.14,0.84,-1,-1,-1
33,1493,422.98,477.18,106.05,53.41,0.74,-1,-1,-1
33,1494,999.59,355.13,49.23,93.75,0.77,-1,-1,-1
33,1495,1624.87,603.05,104.43,48.22,0.80,-1,-1,-1
33,1496,1423.33,398.39,97.39,48.12,0.85,-1,-1,-1
33,1497,1046.28,717.10,54.72,119.92,0.87,-1,-1,-1
33,1498,1208.26,332.17,40.87,23.84,0.61,-1,-1,-1
33,1499,1190.36,49.93,84.55,47.76,0.72,-1,-1,-1
33,1500,305.36,726.22,90.43,50.77,0.75,-1,-1,-1
33,1501,598.40,295.01,91.59,107.59,0.46,-1,-1,-1
33,1503,1157.43,288.70,31.93,24.88,0.33,-1,-1,-1
33,1504,1264.58,16.00,46.22,29.89,0.46,-1,-1,-1
33,1505,632.57,550.36,37.86,26.92,0.46,-1,-1,-1
33,1506,1418.11,164.96,32.81,32.14,0.44,-1,-1,-1
33,1507,1582.86,766.95,35.28,31.78,0.64,-1,-1,-1
33,1509,1370.62,133.16,36.75,34.49,0.58,-1,-1,-1
33,1510,1389.92,181.19,22.22,34.32,0.36,-1,-1,-1
33,1512,1183.29,915.08,49.66,97.95,0.38,-1,-1,-1
33,1514,1359.06,738.28,103.23,61.50,0.27,-1,-1,-1
33,1515,1092.67,449.40,19.93,38.91,0.51,-1,-1,-1
33,1516,1039.67,877.83,22.44,44.36,0.39,-1,-1,-1
33,1518,955.31,993.73,72.37,76.80,0.79,-1,-1,-1
33,1480,1880.89,646.87,23.11,80.29,0.53,-1,-1,-1
34,1473,1266.76,388.65,130.20,53.76,0.85,-1,-1,-1
34,1474,1798.42,233.57,102.88,82.16,0.85,-1,-1,-1
34,1475,1601.24,665.62,99.19,96.10,0.87,-1,-1,-1
34,1476,134.21,481.68,115.80,51.14,0.86,-1,-1,-1
34,1477,1054.93,295.31,121.17,66.55,0.91,-1,-1,-1
34,1478,1000.24,0.00,27.18,36.78,0.78,-1,-1,-1
34,1481,858.13,492.40,50.56,96.37,0.81,-1,-1,-1
34,1482,1298.90,323.44,102.36,49.81,0.82,-1,-1,-1
34,1483,1821.27,647.93,82.73,102.99,0.82,-1,-1,-1
34,1484,946.50,617.46,54.25,112.02,0.79,-1,-1,-1
34,1485,1014.13,516.17,50.47,101.55,0.82,-1,-1,-1
34,1486,1001.31,136.58,51.11,99.79,0.82,-1,-1,-1
34,1487,1744.96,654.44,92.91,105.09,0.82,-1,-1,-1
34,1488,931.05,37.88,47.88,102.91,0.70,-1,-1,-1
34,1489,809.30,677.75,57.18,107.11,0.86,-1,-1,-1
34,1490,935.14,202.97,50.93,104.57,0.81,-1,-1,-1
34,1491,290.49,477.59,113.94,52.10,0.84,-1,-1,-1
34,1492,1685.31,680.51,89.33,93.92,0.83,-1,-1,-1
34,1493,422.23,476.69,106.57,53.54,0.77,-1,-1,-1
34,1494,998.61,350.57,49.71,94.59,0.80,-1,-1,-1
34,1495,1625.53,603.29,104.41,48.05,0.81,-1,-1,-1
34,1496,1424.35,397.79,98.64,48.89,0.83,-1,-1,-1
34,1497,1047.07,712.43,55.07,120.36,0.89,-1,-1,-1
34,1498,1207.70,331.67,42.00,24.49,0.66,-1,-1,-1
34,1499,1190.48,48.84,85.22,48.12,0.74,-1,-1,-1
34,1500,303.49,725.65,92.27,51.67,0.62,-1,-1,-1
34,1501,588.92,301.54,92.52,105.21,0.74,-1,-1,-1
34,1503,1157.21,287.52,32.61,25.41,0.35,-1,-1,-1
34,1504,1264.63,13.90,47.91,31.28,0.51,-1,-1,-1
34,1505,631.81,550.76,38.43,27.19,0.49,-1,-1,-1
34,1506,1417.70,163.46,35.66,35.08,0.30,-1,-1,-1
34,1507,1584.67,768.12,33.46,29.99,0.65,-1,-1,-1
34,1509,1371.27,132.74,36.72,34.46,0.55,-1,-1,-1
34,1510,1390.89,180.34,22.15,34.29,0.29,-1,-1,-1
34,1512,1181.30,915.47,52.99,104.68,0.40,-1,-1,-1
34,1514,1359.12,738.65,103.27,61.60,0.20,-1,-1,-1
34,1515,1092.85,445.65,20.32,39.76,0.64,-1,-1,-1
34,1516,1038.35,871.27,22.51,44.48,0.51,-1,-1,-1
34,1518,952.34,986.94,78.35,84.06,0.76,-1,-1,-1
34,1480,1878.47,646.99,25.53,82.48,0.41,-1,-1,-1
35,1473,1266.90,388.02,130.70,53.78,0.85,-1,-1,-1
35,1474,1800.03,232.98,102.98,82.39,0.87,-1,-1,-1
35,1475,1602.35,665.71,99.43,96.32,0.89,-1,-1,-1
35,1476,133.42,482.27,113.59,49.90,0.84,-1,-1,-1
35,1477,1054.24,294.70,120.81,66.48,0.91,-1,-1,-1
35,1478,1003.17,0.00,22.42,27.04,0.72,-1,-1,-1
35,1481,858.57,500.76,50.46,95.87,0.80,-1,-1,-1
35,1482,1297.55,322.48,102.77,50.11,0.81,-1,-1,-1
35,1483,1823.23,648.64,80.77,101.44,0.79,-1,-1,-1
35,1484,945.93,608.92,54.09,111.95,0.82,-1,-1,-1
35,1485,1014.06,511.99,50.91,102.56,0.84,-1,-1,-1
35,1486,1001.01,129.08,51.25,100.38,0.78,-1,-1,-1
35,1487,1746.32,653.42,94.55,106.76,0.83,-1,-1,-1
35,1488,930.93,29.94,47.39,101.56,0.68,-1,-1,-1
35,1489,809.26,686.54,57.42,107.60,0.84,-1,-1,-1
35,1490,935.26,195.11,50.20,102.51,0.81,-1,-1,-1
35,1491,289.10,477.14,114.94,52.44,0.84,-1,-1,-1
35,1492,1688.40,682.44,88.33,92.88,0.75,-1,-1,-1
35,1493,421.66,476.38,106.62,53.45,0.77,-1,-1,-1
35,1494,997.75,344.21,50.63,96.10,0.75,-1,-1,-1
35,1495,1626.21,603.11,105.14,48.32,0.79,-1,-1,-1
35,1496,1425.09,397.13,99.64,49.48,0.82,-1,-1,-1
35,1497,1048.68,708.13,55.06,119.88,0.87,-1,-1,-1
35,1498,1205.66,331.37,42.45,24.77,0.63,-1,-1,-1
35,1499,1190.54,47.99,85.34,48.14,0.74,-1,-1,-1
35,1500,302.76,725.05,93.42,52.35,0.47,-1,-1,-1
35,1501,579.15,306.45,93.04,102.50,0.82,-1,-1,-1
35,1503,1157.53,287.26,32.26,25.00,0.37,-1,-1,-1
35,1504,1265.84,13.53,46.88,30.63,0.60,-1,-1,-1
35,1505,631.16,550.71,38.96,27.43,0.41,-1,-1,-1
35,1506,1418.68,163.14,35.32,34.75,0.42,-1,-1,-1
35,1507,1585.70,769.89,32.93,29.35,0.49,-1,-1,-1
35,1509,1371.81,131.97,37.08,34.95,0.56,-1,-1,-1
35,1510,1391.30,179.56,22.46,34.89,0.25,-1,-1,-1
35,1512,1181.42,916.04,54.23,107.52,0.46,-1,-1,-1
35,1514,1359.62,738.91,102.81,61.41,0.23,-1,-1,-1
35,1515,1093.01,442.51,20.44,40.11,0.52,-1,-1,-1
35,1516,1037.76,865.21,22.04,43.43,0.24,-1,-1,-1
35,1518,949.52,978.62,84.11,91.92,0.76,-1,-1,-1
35,1480,1873.47,647.01,30.53,88.75,0.23,-1,-1,-1
35,1519,795.21,852.16,28.93,63.76,0.54,-1,-1,-1
36,1473,1267.97,388.43,130.27,53.43,0.85,-1,-1,-1
36,1474,1801.43,231.97,102.57,83.19,0.87,-1,-1,-1
36,1475,1603.43,665.86,100.09,96.95,0.92,-1,-1,-1
36,1476,132.16,481.80,115.32,50.61,0.84,-1,-1,-1
36,1477,1053.92,293.83,120.86,66.65,0.91,-1,-1,-1
36,1481,858.76,508.95,50.57,96.12,0.79,-1,-1,-1
36,1482,1297.32,322.45,101.69,49.53,0.81,-1,-1,-1
36,1483,1824.72,648.61,79.28,101.30,0.80,-1,-1,-1
36,1484,944.98,599.58,54.39,112.71,0.86,-1,-1,-1
36,1485,1013.97,508.33,51.22,103.35,0.84,-1,-1,-1
36,1486,1000.45,121.39,51.38,101.04,0.81,-1,-1,-1
36,1487,1748.30,652.68,95.81,108.17,0.83,-1,-1,-1
36,1488,931.35,21.27,47.06,100.61,0.74,-1,-1,-1
36,1489,810.54,695.81,56.83,106.49,0.84,-1,-1,-1
36,1490,934.46,185.04,51.39,104.77,0.80,-1,-1,-1
36,1491,287.93,476.63,115.95,52.84,0.83,-1,-1,-1
36,1492,1690.64,683.22,88.27,92.91,0.76,-1,-1,-1
36,1493,421.36,476.35,105.96,52.99,0.77,-1,-1,-1
36,1494,996.76,340.78,50.85,96.54,0.77,-1,-1,-1
36,1495,1627.80,603.04,105.71,48.54,0.76,-1,-1,-1
36,1496,1425.53,396.00,101.14,50.51,0.80,-1,-1,-1
36,1497,1049.73,703.97,55.01,119.40,0.85,-1,-1,-1
36,1498,1204.29,330.96,43.51,25.44,0.52,-1,-1,-1
36,1499,1190.84,47.06,86.05,48.49,0.76,-1,-1,-1
36,1500,299.98,725.67,93.38,52.70,0.38,-1,-1,-1
36,1501,568.19,310.02,94.19,100.85,0.85,-1,-1,-1
36,1503,1157.38,286.98,32.86,25.34,0.35,-1,-1,-1
36,1504,1266.27,13.22,45.88,30.05,0.64,-1,-1,-1
36,1505,631.00,550.62,39.36,27.58,0.45,-1,-1,-1
36,1506,1418.69,162.04,37.72,37.23,0.44,-1,-1,-1
36,1507,1584.42,765.96,36.58,32.52,0.35,-1,-1,-1
36,1509,1372.72,131.10,37.51,35.40,0.57,-1,-1,-1
36,1510,1392.49,178.95,22.29,34.69,0.31,-1,-1,-1
36,1512,1181.99,916.23,54.59,108.63,0.47,-1,-1,-1
36,1514,1360.66,739.23,101.69,60.78,0.19,-1,-1,-1
36,1515,1093.42,439.01,20.43,40.17,0.48,-1,-1,-1
36,1516,1036.71,859.08,21.06,41.33,0.57,-1,-1,-1
36,1518,947.15,969.76,89.75,100.26,0.74,-1,-1,-1
36,1519,795.98,858.84,29.05,64.04,0.67,-1,-1,-1
37,1473,1269.13,388.59,129.57,52.99,0.86,-1,-1,-1
37,1474,1803.19,232.05,100.81,82.39,0.85,-1,-1,-1
37,1475,1604.74,666.19,100.30,97.06,0.92,-1,-1,-1
37,1476,131.39,481.43,114.03,49.82,0.84,-1,-1,-1
37,1477,1052.88,292.69,121.08,67.00,0.91,-1,-1,-1
37,1481,859.15,516.79,50.55,96.01,0.79,-1,-1,-1
37,1482,1295.88,321.66,102.16,49.66,0.82,-1,-1,-1
37,1483,1825.96,648.59,78.04,100.98,0.79,-1,-1,-1
37,1484,944.78,591.11,53.63,110.91,0.78,-1,-1,-1
37,1485,1014.51,504.87,50.78,102.53,0.78,-1,-1,-1
37,1486,1001.14,114.64,50.90,100.32,0.83,-1,-1,-1
37,1487,1749.51,652.35,95.82,108.11,0.83,-1,-1,-1
37,1488,931.12,11.40,47.71,102.06,0.73,-1,-1,-1
37,1489,810.78,703.64,57.21,107.45,0.87,-1,-1,-1
37,1490,934.21,176.01,51.75,105.39,0.84,-1,-1,-1
37,1491,286.55,476.17,117.31,53.54,0.83,-1,-1,-1
37,1492,1692.53,683.51,87.98,92.78,0.76,-1,-1,-1
37,1493,421.18,476.03,105.73,52.75,0.80,-1,-1,-1
37,1494,996.87,335.35,50.47,95.46,0.82,-1,-1,-1
37,1495,1629.40,603.15,105.53,48.39,0.77,-1,-1,-1
37,1496,1427.28,395.92,100.65,50.47,0.80,-1,-1,-1
37,1497,1049.79,697.64,55.50,120.42,0.81,-1,-1,-1
37,1498,1202.88,330.47,44.54,26.08,0.50,-1,-1,-1
37,1499,1190.15,45.40,87.39,49.26,0.75,-1,-1,-1
37,1500,301.41,726.72,92.03,51.79,0.52,-1,-1,-1
37,1501,559.58,315.15,94.10,97.21,0.88,-1,-1,-1
37,1503,1159.67,286.86,31.00,23.74,0.40,-1,-1,-1
37,1504,1267.66,13.34,44.51,29.00,0.60,-1,-1,-1
37,1505,630.62,550.29,39.89,27.81,0.51,-1,-1,-1
37,1506,1420.18,160.90,38.57,38.01,0.55,-1,-1,-1
37,1507,1583.84,764.97,39.05,34.73,0.42,-1,-1,-1
37,1509,1374.41,130.80,37.19,35.12,0.51,-1,-1,-1
37,1510,1393.51,178.04,22.14,34.45,0.31,-1,-1,-1
37,1512,1182.72,916.50,54.57,109.00,0.44,-1,-1,-1
37,1514,1362.68,739.88,101.86,60.62,0.43,-1,-1,-1
37,1515,1094.08,435.96,20.06,39.33,0.49,-1,-1,-1
37,1516,1035.90,852.00,21.17,41.43,0.26,-1,-1,-1
37,1518,945.43,962.09,92.91,106.51,0.78,-1,-1,-1
37,1519,797.03,867.75,27.27,59.91,0.78,-1,-1,-1
38,1473,1269.90,387.74,129.12,52.59,0.86,-1,-1,-1
38,1474,1803.91,229.92,100.09,83.86,0.84,-1,-1,-1
38,1475,1605.95,665.98,100.89,97.50,0.92,-1,-1,-1
38,1476,128.99,480.26,117.25,51.19,0.84,-1,-1,-1
38,1477,1049.95,289.13,124.90,69.70,0.91,-1,-1,-1
38,1481,860.08,524.81,50.18,94.97,0.77,-1,-1,-1
38,1482,1291.72,319.37,106.64,52.17,0.83,-1,-1,-1
38,1483,1827.30,649.09,76.70,100.50,0.78,-1,-1,-1
38,1484,943.54,581.55,53.92,111.38,0.82,-1,-1,-1
38,1485,1014.17,502.12,51.61,104.27,0.80,-1,-1,-1
38,1486,1001.44,107.39,50.60,99.94,0.79,-1,-1,-1
38,1487,1750.40,652.52,96.56,109.05,0.82,-1,-1,-1
38,1488,931.37,2.33,47.95,102.23,0.74,-1,-1,-1
38,1489,810.74,712.23,57.37,107.76,0.85,-1,-1,-1
38,1490,933.92,166.96,52.57,106.78,0.83,-1,-1,-1
38,1491,285.28,475.70,117.84,53.87,0.84,-1,-1,-1
38,1492,1693.95,683.36,87.76,92.75,0.75,-1,-1,-1
38,1493,420.70,475.58,105.94,52.74,0.82,-1,-1,-1
38,1494,996.08,330.50,50.32,94.85,0.83,-1,-1,-1
38,1495,1630.92,603.32,105.61,48.33,0.81,-1,-1,-1
38,1496,1428.81,395.56,99.79,50.10,0.81,-1,-1,-1
38,1497,1050.41,691.69,55.95,121.27,0.85,-1,-1,-1
38,1498,1201.95,330.40,44.88,26.30,0.55,-1,-1,-1
38,1499,1191.18,44.56,87.32,49.19,0.73,-1,-1,-1
38,1500,302.15,728.79,88.34,49.33,0.57,-1,-1,-1
38,1501,549.16,319.45,94.45,94.16,0.86,-1,-1,-1
38,1503,1159.57,286.26,30.98,23.82,0.39,-1,-1,-1
38,1504,1268.84,12.66,44.08,28.55,0.55,-1,-1,-1
38,1505,630.04,550.50,40.26,28.10,0.35,-1,-1,-1
38,1506,1422.13,159.77,37.11,36.24,0.49,-1,-1,-1
38,1507,1586.11,766.38,38.17,33.87,0.30,-1,-1,-1
38,1509,1375.18,129.97,37.44,35.34,0.47,-1,-1,-1
38,1510,1394.39,177.11,22.13,34.35,0.24,-1,-1,-1
38,1512,1182.76,916.61,55.16,110.63,0.51,-1,-1,-1
38,1514,1364.40,739.73,102.23,60.80,0.12,-1,-1,-1
38,1515,1094.07,432.95,20.06,39.11,0.40,-1,-1,-1
38,1516,1034.26,844.15,21.32,41.28,0.34,-1,-1,-1
38,1518,944.75,953.68,93.70,110.43,0.78,-1,-1,-1
38,1519,798.59,876.41,25.25,55.16,0.59,-1,-1,-1
39,1473,1269.72,386.99,130.38,52.95,0.86,-1,-1,-1
39,1474,1804.66,228.05,99.34,84.98,0.83,-1,-1,-1
39,1475,1606.90,665.82,101.70,98.15,0.92,-1,-1,-1
39,1476,128.06,480.02,116.12,50.48,0.85,-1,-1,-1
39,1477,1048.15,286.53,126.82,71.41,0.91,-1,-1,-1
39,1481,859.89,532.36,50.58,95.88,0.80,-1,-1,-1
39,1482,1292.33,319.03,103.73,50.66,0.80,-1,-1,-1
39,1483,1829.05,648.68,74.95,101.06,0.76,-1,-1,-1
39,1484,942.30,572.33,54.44,112.27,0.85,-1,-1,-1
39,1485,1014.51,498.25,50.93,102.64,0.82,-1,-1,-1
39,1486,1000.73,99.35,50.41,99.91,0.80,-1,-1,-1
39,1487,1751.77,652.75,96.99,109.50,0.82,-1,-1,-1
39,1488,932.11,0.00,46.01,94.93,0.77,-1,-1,-1
39,1489,811.47,720.14,57.32,107.67,0.86,-1,-1,-1
39,1490,933.54,158.95,51.93,105.18,0.83,-1,-1,-1
39,1491,284.27,475.38,117.83,53.93,0.84,-1,-1,-1
39,1492,1695.51,683.33,87.45,92.40,0.73,-1,-1,-1
39,1493,419.87,475.15,106.20,52.73,0.82,-1,-1,-1
39,1494,995.65,325.75,50.23,94.57,0.79,-1,-1,-1
39,1495,1631.90,603.16,105.57,48.18,0.82,-1,-1,-1
39,1496,1429.50,394.80,99.68,50.11,0.79,-1,-1,-1
39,1497,1051.72,688.21,55.31,119.53,0.88,-1,-1,-1
39,1498,1201.39,329.21,46.61,27.33,0.52,-1,-1,-1
39,1499,1191.78,43.42,87.53,49.29,0.67,-1,-1,-1
39,1500,301.55,726.09,94.43,52.47,0.48,-1,-1,-1
39,1501,539.06,323.23,94.18,90.98,0.87,-1,-1,-1
39,1503,1157.13,283.84,33.32,25.73,0.52,-1,-1,-1
39,1504,1270.47,12.71,42.83,27.57,0.53,-1,-1,-1
39,1505,629.60,550.75,40.16,28.03,0.38,-1,-1,-1
39,1506,1423.19,159.11,36.72,35.66,0.45,-1,-1,-1
39,1507,1589.41,769.54,34.95,30.50,0.39,-1,-1,-1
39,1509,1376.29,128.94,37.27,35.04,0.44,-1,-1,-1
39,1510,1395.07,176.99,21.88,34.01,0.36,-1,-1,-1
39,1512,1183.88,916.50,53.70,107.79,0.45,-1,-1,-1
39,1514,1364.69,739.55,103.28,61.48,0.11,-1,-1,-1
39,1515,1094.02,429.51,20.06,39.12,0.52,-1,-1,-1
39,1516,1031.94,835.63,22.32,43.11,0.28,-1,-1,-1
39,1518,946.06,946.97,90.58,109.79,0.79,-1,-1,-1
39,1519,799.45,884.08,23.18,50.10,0.50,-1,-1,-1
39,1520,838.34,0.00,52.19,46.61,0.78,-1,-1,-1
40,1473,1269.37,386.33,131.93,53.53,0.87,-1,-1,-1
40,1474,1803.61,225.19,100.39,87.28,0.82,-1,-1,-1
40,1475,1608.18,665.72,102.03,98.42,0.91,-1,-1,-1
40,1476,126.13,479.34,117.04,50.76,0.85,-1,-1,-1
40,1477,1047.03,284.70,127.61,72.49,0.91,-1,-1,-1
40,1481,860.24,540.39,50.75,96.14,0.80,-1,-1,-1
40,1482,1291.11,318.23,103.60,50.60,0.80,-1,-1,-1
40,1483,1830.17,647.65,73.83,101.57,0.77,-1,-1,-1
40,1484,942.77,563.33,54.18,111.62,0.78,-1,-1,-1
40,1485,1014.63,494.30,50.17,100.96,0.82,-1,-1,-1
40,1486,1000.97,91.97,50.31,99.93,0.85,-1,-1,-1
40,1487,1752.94,652.97,96.93,109.39,0.82,-1,-1,-1
40,1488,933.20,0.00,43.57,86.57,0.74,-1,-1,-1
40,1489,811.44,727.02,57.86,108.90,0.87,-1,-1,-1
40,1490,933.66,150.70,52.09,105.14,0.83,-1,-1,-1
40,1491,283.73,475.27,117.14,53.59,0.84,-1,-1,-1
40,1492,1697.47,683.36,87.19,92.06,0.77,-1,-1,-1
40,1493,418.14,474.84,106.80,52.93,0.83,-1,-1,-1
40,1494,994.37,320.10,50.92,95.64,0.72,-1,-1,-1
40,1495,1633.41,603.05,105.38,47.97,0.82,-1,-1,-1
40,1496,1430.55,394.47,98.81,49.63,0.78,-1,-1,-1
40,1497,1052.86,683.19,55.50,119.38,0.87,-1,-1,-1
40,1498,1200.31,329.22,46.68,27.43,0.47,-1,-1,-1
40,1499,1191.55,42.15,88.22,49.65,0.65,-1,-1,-1
40,1500,297.90,727.36,91.42,50.86,0.37,-1,-1,-1
40,1501,527.65,327.42,93.91,87.29,0.88,-1,-1,-1
40,1503,1156.80,282.25,34.17,26.46,0.56,-1,-1,-1
40,1504,1271.23,11.56,43.65,27.91,0.43,-1,-1,-1
40,1505,628.79,550.69,40.14,28.07,0.33,-1,-1,-1
40,1506,1423.82,158.15,35.79,34.47,0.52,-1,-1,-1
40,1507,1589.87,770.12,35.36,30.57,0.42,-1,-1,-1
40,1509,1377.08,128.28,36.77,34.38,0.51,-1,-1,-1
40,1510,1395.36,176.21,22.36,34.77,0.22,-1,-1,-1
40,1512,1185.81,918.74,51.83,104.19,0.52,-1,-1,-1
40,1514,1365.21,739.85,103.10,61.04,0.39,-1,-1,-1
40,1515,1094.25,425.72,20.19,39.37,0.57,-1,-1,-1
40,1516,1030.96,829.93,21.39,41.03,0.34,-1,-1,-1
40,1518,946.69,938.76,88.69,110.68,0.79,-1,-1,-1
40,1519,799.42,891.32,23.77,50.71,0.21,-1,-1,-1
40,1520,833.30,0.00,62.29,55.90,0.81,-1,-1,-1
41,1473,1269.38,385.62,134.01,54.40,0.87,-1,-1,-1
41,1474,1805.38,224.79,98.62,86.94,0.82,-1,-1,-1
41,1475,1609.53,665.68,102.21,98.59,0.90,-1,-1,-1
41,1476,124.47,478.66,117.28,50.72,0.85,-1,-1,-1
41,1477,1046.28,283.05,127.79,73.22,0.89,-1,-1,-1
41,1481,860.31,547.57,51.09,96.83,0.77,-1,-1,-1
41,1482,1289.77,317.90,103.63,50.58,0.80,-1,-1,-1
41,1483,1831.58,647.95,72.42,101.17,0.76,-1,-1,-1
41,1484,941.90,553.59,54.32,111.93,0.85,-1,-1,-1
41,1485,1014.31,488.83,50.82,102.36,0.83,-1,-1,-1
41,1486,1000.96,83.89,50.40,100.31,0.80,-1,-1,-1
41,1487,1753.23,652.96,97.18,110.08,0.81,-1,-1,-1
41,1488,935.35,0.00,39.80,76.66,0.78,-1,-1,-1
41,1489,812.36,735.59,58.03,109.09,0.84,-1,-1,-1
41,1490,933.40,141.39,52.09,104.82,0.81,-1,-1,-1
41,1491,282.83,474.92,116.95,53.45,0.85,-1,-1,-1
41,1492,1696.83,678.82,89.12,94.23,0.81,-1,-1,-1
41,1493,417.13,474.48,106.62,52.77,0.83,-1,-1,-1
41,1494,992.78,314.82,51.29,95.93,0.78,-1,-1,-1
41,1495,1635.36,602.20,103.53,47.02,0.75,-1,-1,-1
41,1496,1430.77,393.67,100.07,50.40,0.76,-1,-1,-1
41,1497,1053.02,677.15,56.21,120.49,0.84,-1,-1,-1
41,1498,1198.40,328.60,47.88,28.21,0.51,-1,-1,-1
41,1499,1191.60,40.74,88.91,50.00,0.68,-1,-1,-1
41,1500,295.07,726.31,93.66,52.22,0.34,-1,-1,-1
41,1501,516.87,330.75,93.13,83.55,0.89,-1,-1,-1
41,1503,1157.02,281.22,34.85,26.88,0.66,-1,-1,-1
41,1504,1271.13,9.30,45.93,29.23,0.30,-1,-1,-1
41,1505,627.33,549.51,41.15,28.85,0.41,-1,-1,-1
41,1506,1424.60,157.68,35.31,33.90,0.66,-1,-1,-1
41,1507,1591.07,770.72,36.13,31.03,0.38,-1,-1,-1
41,1509,1377.88,127.62,36.42,33.75,0.48,-1,-1,-1
41,1510,1395.97,175.80,22.27,34.59,0.23,-1,-1,-1
41,1512,1187.50,917.70,50.64,102.13,0.41,-1,-1,-1
41,1514,1365.67,739.78,103.55,61.05,0.24,-1,-1,-1
41,1515,1094.10,421.44,20.80,40.50,0.62,-1,-1,-1
41,1516,1029.55,823.86,21.43,41.13,0.18,-1,-1,-1
41,1518,946.72,929.48,87.29,112.29,0.84,-1,-1,-1
41,1520,828.69,0.00,72.69,65.91,0.80,-1,-1,-1
42,1473,1269.22,384.86,136.49,55.51,0.84,-1,-1,-1
42,1474,1805.47,222.65,98.53,88.50,0.80,-1,-1,-1
42,1475,1610.42,665.71,102.78,99.19,0.88,-1,-1,-1
42,1476,123.56,478.65,117.22,50.57,0.86,-1,-1,-1
42,1477,1045.02,281.04,128.40,74.28,0.86,-1,-1,-1
42,1481,860.36,556.33,51.01,96.67,0.78,-1,-1,-1
42,1482,1288.06,317.10,105.21,51.38,0.80,-1,-1,-1
42,1483,1831.88,647.07,72.12,102.62,0.78,-1,-1,-1
42,1484,942.28,544.97,53.58,110.08,0.78,-1,-1,-1
42,1485,1013.88,484.60,51.09,102.93,0.85,-1,-1,-1
42,1486,1000.22,75.58,50.30,100.47,0.79,-1,-1,-1
42,1487,1755.50,652.87,95.12,107.77,0.81,-1,-1,-1
42,1488,936.60,0.00,36.36,68.21,0.81,-1,-1,-1
42,1489,812.62,742.53,58.30,109.52,0.88,-1,-1,-1
42,1490,932.99,132.28,52.51,105.43,0.83,-1,-1,-1
42,1491,281.85,474.66,117.34,53.61,0.86,-1,-1,-1
42,1492,1697.75,678.93,89.20,94.24,0.81,-1,-1,-1
42,1493,416.27,474.25,106.91,52.83,0.84,-1,-1,-1
42,1494,991.87,309.07,51.53,95.93,0.79,-1,-1,-1
42,1495,1635.99,601.53,105.65,47.95,0.73,-1,-1,-1
42,1496,1430.81,393.28,99.44,50.15,0.77,-1,-1,-1
42,1497,1054.63,671.66,57.49,122.69,0.84,-1,-1,-1
42,1498,1195.93,329.73,45.49,27.18,0.52,-1,-1,-1
42,1499,1192.32,40.11,89.06,50.16,0.61,-1,-1,-1
42,1500,296.83,723.52,98.16,54.51,0.31,-1,-1,-1
42,1501,505.13,333.84,93.90,81.24,0.88,-1,-1,-1
42,1503,1157.27,281.25,34.12,26.16,0.60,-1,-1,-1
42,1504,1271.77,7.79,46.53,29.48,0.44,-1,-1,-1
42,1505,626.86,549.15,41.12,28.87,0.34,-1,-1,-1
42,1506,1425.29,157.12,33.67,32.01,0.65,-1,-1,-1
42,1507,1593.36,773.23,34.90,29.80,0.40,-1,-1,-1
42,1509,1378.40,126.70,36.59,33.75,0.47,-1,-1,-1
42,1510,1397.17,174.74,22.33,34.67,0.40,-1,-1,-1
42,1512,1188.88,917.92,49.87,100.96,0.38,-1,-1,-1
42,1514,1366.52,739.72,104.35,61.41,0.16,-1,-1,-1
42,1515,1094.06,418.49,21.01,40.88,0.58,-1,-1,-1
42,1516,1028.02,815.97,21.62,41.32,0.40,-1,-1,-1
42,1518,948.35,922.20,84.00,111.26,0.78,-1,-1,-1
42,1520,823.85,0.00,83.14,76.63,0.74,-1,-1,-1
42,1521,1090.05,518.36,20.98,36.79,0.60,-1,-1,-1
43,1473,1268.52,383.34,140.05,57.20,0.80,-1,-1,-1
43,1474,1807.29,223.70,96.71,87.19,0.78,-1,-1,-1
43,1475,1611.50,664.90,102.48,99.24,0.87,-1,-1,-1
43,1476,121.88,477.86,118.87,51.24,0.86,-1,-1,-1
43,1477,1042.72,276.42,131.71,77.35,0.84,-1,-1,-1
43,1481,860.69,563.96,51.04,96.63,0.79,-1,-1,-1
43,1482,1286.99,315.93,105.86,51.70,0.78,-1,-1,-1
43,1483,1832.99,646.94,71.01,103.44,0.78,-1,-1,-1
43,1484,941.26,535.17,54.11,111.30,0.81,-1,-1,-1
43,1485,1013.05,478.87,51.93,104.74,0.83,-1,-1,-1
43,1486,1000.95,68.81,49.76,99.59,0.84,-1,-1,-1
43,1487,1757.68,652.50,94.91,107.27,0.81,-1,-1,-1
43,1488,938.56,0.00,32.76,59.45,0.81,-1,-1,-1
43,1489,812.75,748.68,58.96,110.80,0.86,-1,-1,-1
43,1490,933.12,123.85,52.68,105.47,0.82,-1,-1,-1
43,1491,281.28,474.39,116.77,53.26,0.87,-1,-1,-1
43,1492,1698.36,679.14,89.67,94.71,0.80,-1,-1,-1
43,1493,416.53,474.28,105.78,52.12,0.85,-1,-1,-1
43,1494,990.99,303.77,51.82,96.11,0.73,-1,-1,-1
43,1495,1636.13,600.97,105.70,47.97,0.78,-1,-1,-1
43,1496,1431.32,392.24,98.96,49.90,0.76,-1,-1,-1
43,1497,1054.99,666.66,57.86,122.98,0.88,-1,-1,-1
43,1498,1194.97,328.61,47.57,28.70,0.47,-1,-1,-1
43,1499,1193.62,38.61,88.19,49.61,0.57,-1,-1,-1
43,1500,296.86,722.48,99.79,55.23,0.36,-1,-1,-1
43,1501,493.60,335.12,95.57,80.31,0.87,-1,-1,-1
43,1503,1156.64,280.77,34.38,26.15,0.62,-1,-1,-1
43,1504,1273.00,7.59,45.47,28.64,0.48,-1,-1,-1
43,1505,626.30,548.99,41.13,28.97,0.33,-1,-1,-1
43,1506,1425.25,154.66,34.39,32.51,0.65,-1,-1,-1
43,1507,1595.32,773.71,32.97,27.89,0.37,-1,-1,-1
43,1509,1378.19,124.69,38.27,35.28,0.38,-1,-1,-1
43,1510,1398.27,173.84,22.23,34.35,0.26,-1,-1,-1
43,1512,1189.81,919.21,50.44,102.88,0.43,-1,-1,-1
43,1514,1367.85,739.43,103.91,61.17,0.15,-1,-1,-1
43,1515,1094.35,415.61,20.89,40.58,0.37,-1,-1,-1
43,1516,1026.63,807.02,21.95,41.83,0.32,-1,-1,-1
43,1518,949.39,913.49,81.80,111.53,0.82,-1,-1,-1
43,1520,819.67,0.00,91.66,86.38,0.76,-1,-1,-1
43,1521,1089.76,514.62,21.22,37.23,0.61,-1,-1,-1
44,1473,1270.26,382.43,139.78,57.19,0.82,-1,-1,-1
44,1474,1807.42,221.56,96.58,88.96,0.79,-1,-1,-1
44,1475,1613.01,664.84,101.80,98.78,0.86,-1,-1,-1
44,1476,120.87,477.83,119.22,51.33,0.86,-1,-1,-1
44,1477,1040.10,271.72,135.22,80.77,0.87,-1,-1,-1
44,1481,860.77,572.16,51.25,97.09,0.81,-1,-1,-1
44,1482,1285.71,315.19,105.75,51.79,0.80,-1,-1,-1
44,1483,1834.42,647.34,69.58,103.72,0.78,-1,-1,-1
44,1484,940.61,525.80,54.38,111.85,0.87,-1,-1,-1
44,1485,1013.42,475.81,51.90,104.68,0.82,-1,-1,-1
44,1486,1001.70,61.20,49.49,99.25,0.79,-1,-1,-1
44,1487,1759.92,652.08,94.83,106.93,0.80,-1,-1,-1
44,1488,939.98,0.00,29.34,50.57,0.79,-1,-1,-1
44,1489,813.47,757.58,58.87,110.63,0.82,-1,-1,-1
44,1490,933.19,116.22,52.32,104.45,0.81,-1,-1,-1
44,1491,280.64,474.36,116.30,52.94,0.87,-1,-1,-1
44,1492,1699.36,679.22,90.41,95.39,0.82,-1,-1,-1
44,1493,416.53,474.51,104.90,51.52,0.86,-1,-1,-1
44,1494,990.73,298.27,52.04,96.16,0.76,-1,-1,-1
44,1495,1637.09,601.34,105.29,47.72,0.83,-1,-1,-1
44,1496,1432.71,391.63,99.76,50.40,0.76,-1,-1,-1
44,1497,1056.21,662.84,57.58,121.68,0.90,-1,-1,-1
44,1498,1194.27,328.77,47.12,28.67,0.58,-1,-1,-1
44,1499,1193.49,37.72,89.05,50.16,0.54,-1,-1,-1
44,1500,296.23,720.93,102.50,56.63,0.36,-1,-1,-1
44,1501,482.39,337.68,96.69,78.89,0.89,-1,-1,-1
44,1503,1156.26,280.59,34.43,25.91,0.64,-1,-1,-1
44,1504,1273.93,7.71,44.21,27.66,0.42,-1,-1,-1
44,1505,625.90,549.38,40.38,28.58,0.37,-1,-1,-1
44,1506,1426.45,154.98,34.34,32.21,0.59,-1,-1,-1
44,1507,1597.43,772.97,33.69,28.67,0.34,-1,-1,-1
44,1509,1378.41,123.66,38.88,35.84,0.30,-1,-1,-1
44,1510,1399.09,172.84,22.07,33.98,0.22,-1,-1,-1
44,1512,1189.96,919.53,50.62,103.67,0.29,-1,-1,-1
44,1514,1368.46,739.07,104.56,61.73,0.11,-1,-1,-1
44,1515,1094.77,412.97,20.56,39.59,0.50,-1,-1,-1
44,1516,1024.89,797.75,22.57,42.91,0.29,-1,-1,-1
44,1518,949.86,905.10,79.96,112.19,0.86,-1,-1,-1
44,1520,816.35,0.00,98.69,95.60,0.73,-1,-1,-1
44,1521,1089.83,510.89,20.88,36.60,0.63,-1,-1,-1
45,1473,1271.70,381.86,139.06,56.95,0.83,-1,-1,-1
45,1474,1809.30,221.85,94.70,88.02,0.76,-1,-1,-1
45,1475,1614.52,664.60,101.32,98.51,0.85,-1,-1,-1
45,1476,119.38,477.44,120.12,51.69,0.84,-1,-1,-1
45,1477,1040.78,270.64,133.19,80.71,0.86,-1,-1,-1
45,1481,860.99,581.07,51.47,97.83,0.76,-1,-1,-1
45,1482,1285.08,315.46,104.13,50.99,0.80,-1,-1,-1
45,1483,1835.35,647.56,68.65,104.05,0.77,-1,-1,-1
45,1484,940.89,517.14,53.91,110.91,0.80,-1,-1,-1
45,1485,1013.70,471.38,51.15,102.73,0.84,-1,-1,-1
45,1486,1000.30,49.37,50.92,102.72,0.81,-1,-1,-1
45,1487,1762.60,652.22,94.30,105.77,0.80,-1,-1,-1
45,1488,942.16,0.00,26.02,41.76,0.79,-1,-1,-1
45,1489,814.20,763.86,59.04,111.21,0.89,-1,-1,-1
45,1490,933.45,106.52,52.76,105.33,0.83,-1,-1,-1
45,1491,279.99,474.05,116.08,52.77,0.86,-1,-1,-1
45,1492,1700.12,678.82,91.60,96.67,0.81,-1,-1,-1
45,1493,415.95,474.17,105.34,51.63,0.85,-1,-1,-1
45,1494,989.57,292.51,52.69,97.16,0.73,-1,-1,-1
45,1495,1637.46,600.68,108.82,49.44,0.81,-1,-1,-1
45,1496,1434.50,391.49,99.40,50.26,0.79,-1,-1,-1
45,1497,1057.94,658.27,57.81,121.19,0.86,-1,-1,-1
45,1498,1194.35,329.81,45.63,27.90,0.57,-1,-1,-1
45,1499,1193.77,36.87,88.90,50.11,0.59,-1,-1,-1
45,1500,293.99,721.20,102.43,56.82,0.56,-1,-1,-1
45,1501,470.62,340.24,95.93,75.97,0.87,-1,-1,-1
45,1503,1154.76,279.66,35.73,26.71,0.61,-1,-1,-1
45,1504,1275.23,6.78,43.19,26.89,0.28,-1,-1,-1
45,1505,626.10,548.73,40.25,28.51,0.41,-1,-1,-1
45,1506,1427.71,154.76,34.44,32.37,0.50,-1,-1,-1
45,1507,1598.20,772.16,34.44,29.50,0.42,-1,-1,-1
45,1509,1379.15,122.63,39.07,35.92,0.35,-1,-1,-1
45,1510,1399.82,172.27,22.15,33.81,0.25,-1,-1,-1
45,1512,1190.86,922.25,49.62,101.59,0.31,-1,-1,-1
45,1514,1369.42,739.49,103.51,61.15,0.34,-1,-1,-1
45,1515,1094.57,409.48,20.88,40.00,0.55,-1,-1,-1
45,1516,1023.69,790.31,22.64,43.01,0.20,-1,-1,-1
45,1518,951.44,897.82,77.17,111.25,0.80,-1,-1,-1
45,1520,813.66,0.00,104.28,104.45,0.69,-1,-1,-1
45,1521,1089.87,506.03,20.68,36.20,0.54,-1,-1,-1
46,1473,1272.66,381.43,138.96,56.97,0.84,-1,-1,-1
46,1474,1809.58,218.34,94.42,90.59,0.76,-1,-1,-1
46,1475,1615.51,663.48,102.30,99.72,0.83,-1,-1,-1
46,1476,118.41,477.26,120.61,51.92,0.84,-1,-1,-1
46,1477,1040.53,268.52,132.59,81.56,0.87,-1,-1,-1
46,1481,861.22,588.83,51.63,98.53,0.78,-1,-1,-1
46,1482,1284.41,315.88,103.16,50.38,0.80,-1,-1,-1
46,1483,1836.39,647.24,67.61,105.04,0.79,-1,-1,-1
46,1484,940.96,507.87,53.79,110.76,0.86,-1,-1,-1
46,1485,1013.63,465.78,51.22,102.85,0.85,-1,-1,-1
46,1486,1000.35,39.83,51.62,104.62,0.81,-1,-1,-1
46,1487,1763.12,652.55,95.36,106.97,0.77,-1,-1,-1
46,1488,943.60,0.00,22.97,33.14,0.73,-1,-1,-1
46,1489,814.59,770.47,59.29,111.86,0.85,-1,-1,-1
46,1490,933.59,96.93,53.41,106.63,0.83,-1,-1,-1
46,1491,279.41,473.86,115.75,52.53,0.86,-1,-1,-1
46,1492,1702.28,681.21,90.40,95.16,0.78,-1,-1,-1
46,1493,415.35,473.76,106.08,51.93,0.85,-1,-1,-1
46,1494,989.03,286.62,52.25,95.77,0.79,-1,-1,-1
46,1495,1638.98,600.47,110.20,50.17,0.81,-1,-1,-1
46,1496,1435.77,390.97,100.39,50.77,0.77,-1,-1,-1
46,1497,1059.21,653.58,58.12,121.05,0.85,-1,-1,-1
46,1498,1194.27,329.76,45.64,27.97,0.48,-1,-1,-1
46,1499,1194.28,35.52,88.05,49.52,0.62,-1,-1,-1
46,1500,294.55,725.95,94.90,52.54,0.55,-1,-1,-1
46,1501,459.88,343.69,94.57,72.36,0.88,-1,-1,-1
46,1503,1155.26,279.68,35.19,26.06,0.63,-1,-1,-1
46,1504,1276.47,7.09,41.40,25.56,0.28,-1,-1,-1
46,1505,626.04,548.36,40.76,28.94,0.36,-1,-1,-1
46,1506,1427.74,153.90,36.78,34.56,0.61,-1,-1,-1
46,1507,1595.69,769.12,37.97,32.58,0.29,-1,-1,-1
46,1509,1380.47,121.97,38.70,35.46,0.45,-1,-1,-1
46,1510,1401.02,170.78,22.38,34.40,0.29,-1,-1,-1
46,1512,1189.38,922.87,51.65,105.75,0.24,-1,-1,-1
46,1514,1370.46,739.49,103.96,61.40,0.40,-1,-1,-1
46,1515,1094.58,406.79,21.03,40.07,0.58,-1,-1,-1
46,1516,1022.78,782.49,21.71,41.06,0.17,-1,-1,-1
46,1518,952.31,889.63,75.46,111.64,0.83,-1,-1,-1
46,1520,812.43,4.17,107.10,111.10,0.71,-1,-1,-1
46,1521,1089.70,501.49,21.05,36.84,0.51,-1,-1,-1
47,1473,1274.34,381.17,137.41,56.30,0.83,-1,-1,-1
47,1474,1809.95,214.80,94.05,93.35,0.76,-1,-1,-1
47,1475,1616.64,662.58,102.92,100.50,0.83,-1,-1,-1
47,1476,117.70,477.25,120.37,51.80,0.85,-1,-1,-1
47,1477,1040.21,266.11,131.71,82.21,0.89,-1,-1,-1
47,1481,861.03,595.68,52.27,100.02,0.78,-1,-1,-1
47,1482,1283.49,314.99,102.58,50.04,0.81,-1,-1,-1
47,1483,1837.95,646.91,66.05,105.20,0.79,-1,-1,-1
47,1484,940.82,499.13,53.74,110.60,0.89,-1,-1,-1
47,1485,1013.34,460.82,51.51,103.39,0.88,-1,-1,-1
47,1486,1000.47,32.66,51.23,104.11,0.78,-1,-1,-1
47,1487,1764.72,652.44,96.45,107.74,0.79,-1,-1,-1
47,1489,815.46,778.11,58.97,111.64,0.80,-1,-1,-1
47,1490,934.07,89.49,52.24,104.18,0.83,-1,-1,-1
47,1491,278.81,473.34,115.92,52.53,0.86,-1,-1,-1
47,1492,1704.17,680.53,91.78,96.58,0.80,-1,-1,-1
47,1493,414.21,472.98,107.16,52.47,0.84,-1,-1,-1
47,1494,988.36,281.29,52.25,95.16,0.79,-1,-1,-1
47,1495,1640.99,601.15,109.44,49.80,0.85,-1,-1,-1
47,1496,1436.89,390.02,99.37,50.17,0.76,-1,-1,-1
47,1497,1060.17,648.67,58.70,121.49,0.85,-1,-1,-1
47,1498,1193.97,328.47,47.30,29.09,0.51,-1,-1,-1
47,1499,1195.78,34.55,86.64,48.46,0.66,-1,-1,-1
47,1500,294.92,729.20,90.01,49.59,0.43,-1,-1,-1
47,1501,448.48,345.20,94.38,69.87,0.87,-1,-1,-1
47,1503,1155.03,278.80,35.60,26.05,0.56,-1,-1,-1
47,1504,1277.25,7.00,40.06,24.36,0.37,-1,-1,-1
47,1505,625.60,548.00,41.01,29.14,0.46,-1,-1,-1
47,1506,1428.40,152.10,39.02,36.86,0.62,-1,-1,-1
47,1507,1595.14,767.92,39.44,33.73,0.37,-1,-1,-1
47,1509,1381.63,121.22,38.68,35.47,0.30,-1,-1,-1
47,1510,1401.70,169.16,22.87,35.39,0.45,-1,-1,-1
47,1512,1190.79,923.66,51.07,104.82,0.19,-1,-1,-1
47,1514,1372.12,739.53,103.50,61.09,0.35,-1,-1,-1
47,1515,1094.82,403.74,21.32,40.34,0.44,-1,-1,-1
47,1516,1021.52,773.00,21.64,40.91,0.44,-1,-1,-1
47,1518,952.72,881.46,74.32,112.72,0.88,-1,-1,-1
47,1520,813.22,13.88,105.10,113.04,0.67,-1,-1,-1
47,1521,1089.72,497.12,20.97,36.64,0.50,-1,-1,-1
48,1473,1275.74,380.64,136.04,55.63,0.85,-1,-1,-1
48,1474,1812.77,215.90,91.23,91.66,0.76,-1,-1,-1
48,1475,1617.94,662.29,103.02,100.70,0.84,-1,-1,-1
48,1476,117.12,477.26,119.07,51.15,0.85,-1,-1,-1
48,1477,1040.04,264.22,131.18,83.07,0.88,-1,-1,-1
48,1481,861.75,603.87,52.18,99.56,0.77,-1,-1,-1
48,1482,1281.93,314.05,102.28,49.86,0.81,-1,-1,-1
48,1483,1839.63,647.02,64.37,104.72,0.79,-1,-1,-1
48,1484,940.81,489.81,53.76,110.92,0.81,-1,-1,-1
48,1485,1013.41,455.78,51.78,103.73,0.82,-1,-1,-1
48,1486,1001.06,27.93,50.05,101.28,0.74,-1,-1,-1
48,1487,1765.92,652.44,96.80,107.84,0.79,-1,-1,-1
48,1489,816.23,785.44,58.75,111.31,0.87,-1,-1,-1
48,1490,934.70,80.80,52.09,103.75,0.82,-1,-1,-1
48,1491,277.61,472.96,115.88,52.44,0.85,-1,-1,-1
48,1492,1705.55,680.26,92.17,96.97,0.82,-1,-1,-1
48,1493,412.67,472.53,107.64,52.80,0.82,-1,-1,-1
48,1494,987.49,273.83,52.84,95.96,0.79,-1,-1,-1
48,1495,1641.98,601.01,109.77,49.93,0.86,-1,-1,-1
48,1496,1437.11,389.30,100.99,51.14,0.78,-1,-1,-1
48,1497,1061.29,643.06,59.13,121.37,0.88,-1,-1,-1
48,1498,1193.20,327.70,48.51,29.98,0.59,-1,-1,-1
48,1499,1196.27,33.89,88.31,49.46,0.70,-1,-1,-1
48,1500,292.95,730.01,90.53,49.81,0.45,-1,-1,-1
48,1501,435.71,347.51,96.37,69.06,0.87,-1,-1,-1
48,1503,1154.27,277.59,36.41,26.46,0.39,-1,-1,-1
48,1504,1277.80,5.38,41.55,24.95,0.30,-1,-1,-1
48,1505,624.95,547.30,41.72,29.66,0.28,-1,-1,-1
48,1506,1430.40,151.64,36.52,34.44,0.59,-1,-1,-1
48,1507,1599.17,769.17,38.07,32.59,0.50,-1,-1,-1
48,1509,1382.97,120.69,37.51,34.36,0.51,-1,-1,-1
48,1510,1402.61,167.76,23.18,36.00,0.12,-1,-1,-1
48,1512,1191.47,923.39,50.93,104.62,0.14,-1,-1,-1
48,1514,1373.30,739.60,103.23,60.92,0.27,-1,-1,-1
48,1515,1094.57,400.91,21.30,40.06,0.29,-1,-1,-1
48,1516,1019.93,765.42,22.08,41.77,0.66,-1,-1,-1
48,1518,954.05,874.06,71.95,111.72,0.82,-1,-1,-1
48,1520,816.88,23.44,97.63,109.07,0.72,-1,-1,-1
48,1521,1089.63,492.94,20.86,36.41,0.54,-1,-1,-1
48,1522,766.22,0.00,67.85,33.21,0.79,-1,-1,-1
49,1473,1277.03,380.15,135.27,55.16,0.87,-1,-1,-1
49,1474,1816.24,220.52,87.76,86.17,0.77,-1,-1,-1
49,1475,1620.15,663.10,101.88,99.53,0.86,-1,-1,-1
49,1476,115.60,476.39,120.86,52.00,0.86,-1,-1,-1
49,1477,1040.07,262.04,130.17,83.58,0.89,-1,-1,-1
49,1481,862.19,612.48,51.94,99.18,0.77,-1,-1,-1
49,1482,1281.91,313.27,101.29,49.17,0.83,-1,-1,-1
49,1483,1841.67,646.22,62.33,104.37,0.79,-1,-1,-1
49,1484,940.64,479.94,53.83,111.26,0.88,-1,-1,-1
49,1485,1013.37,451.21,51.81,103.53,0.85,-1,-1,-1
49,1486,1003.47,26.31,46.78,93.51,0.78,-1,-1,-1
49,1487,1767.17,653.07,95.43,106.58,0.81,-1,-1,-1
49,1489,816.00,791.78,59.05,111.96,0.88,-1,-1,-1
49,1490,934.81,71.04,51.79,102.98,0.82,-1,-1,-1
49,1491,275.89,472.23,117.22,53.04,0.85,-1,-1,-1
49,1492,1707.15,680.07,91.74,96.54,0.83,-1,-1,-1
49,1493,411.28,472.09,107.39,52.78,0.80,-1,-1,-1
49,1494,986.21,268.07,53.80,97.33,0.74,-1,-1,-1
49,1495,1643.72,600.64,109.22,49.66,0.83,-1,-1,-1
49,1496,1438.74,389.17,100.08,50.67,0.79,-1,-1,-1
49,1497,1063.01,639.34,58.94,120.00,0.88,-1,-1,-1
49,1498,1192.06,326.97,48.94,30.42,0.56,-1,-1,-1
49,1499,1196.18,32.21,89.62,50.21,0.66,-1,-1,-1
49,1500,292.54,729.65,90.30,49.60,0.48,-1,-1,-1
49,1501,424.49,348.76,94.82,65.55,0.88,-1,-1,-1
49,1503,1154.47,276.19,36.33,26.51,0.34,-1,-1,-1
49,1504,1278.12,1.70,44.67,26.73,0.14,-1,-1,-1
49,1505,624.51,546.90,42.15,30.05,0.32,-1,-1,-1
49,1506,1431.48,150.49,39.17,37.12,0.64,-1,-1,-1
49,1507,1601.32,769.69,36.45,31.05,0.53,-1,-1,-1
49,1509,1384.17,119.72,37.51,34.31,0.50,-1,-1,-1
49,1510,1403.12,166.27,23.62,36.82,0.55,-1,-1,-1
49,1514,1374.66,739.32,103.66,61.11,0.37,-1,-1,-1
49,1515,1094.15,397.86,21.47,40.14,0.43,-1,-1,-1
49,1516,1018.72,757.27,22.13,41.74,0.15,-1,-1,-1
49,1518,954.81,865.85,70.29,111.72,0.84,-1,-1,-1
49,1520,817.61,31.82,97.39,113.14,0.72,-1,-1,-1
49,1521,1089.12,487.66,21.44,37.45,0.64,-1,-1,-1
49,1522,757.20,0.00,86.92,42.97,0.78,-1,-1,-1
50,1473,1278.25,379.72,134.65,54.78,0.87,-1,-1,-1
50,1474,1818.63,223.09,85.37,83.08,0.78,-1,-1,-1
50,1475,1622.14,663.74,101.48,98.96,0.86,-1,-1,-1
50,1476,114.99,476.57,120.62,51.90,0.86,-1,-1,-1
50,1477,1039.75,259.25,129.98,84.66,0.87,-1,-1,-1
50,1481,862.10,620.28,52.06,99.71,0.78,-1,-1,-1
50,1482,1280.29,311.74,101.91,49.37,0.80,-1,-1,-1
50,1483,1843.70,646.51,60.30,104.62,0.77,-1,-1,-1
50,1484,940.82,471.35,53.34,110.36,0.80,-1,-1,-1
50,1485,1013.67,446.47,51.20,101.88,0.86,-1,-1,-1
50,1486,1005.14,26.98,43.39,84.45,0.79,-1,-1,-1
50,1487,1768.93,651.51,96.62,107.93,0.80,-1,-1,-1
50,1489,816.76,798.01,59.40,112.89,0.81,-1,-1,-1
50,1490,934.75,61.32,52.31,104.02,0.82,-1,-1,-1
50,1491,274.80,472.06,117.85,53.31,0.83,-1,-1,-1
50,1492,1708.17,679.84,91.84,96.61,0.84,-1,-1,-1
50,1493,408.68,471.84,106.47,52.67,0.78,-1,-1,-1
50,1494,986.04,261.53,54.29,97.80,0.80,-1,-1,-1
50,1495,1645.79,600.37,108.76,49.43,0.80,-1,-1,-1
50,1496,1440.63,388.93,97.72,49.22,0.79,-1,-1,-1
50,1497,1064.41,635.29,59.44,119.61,0.88,-1,-1,-1
50,1498,1190.79,326.78,49.31,30.97,0.61,-1,-1,-1
50,1499,1196.61,30.88,90.33,50.62,0.68,-1,-1,-1
50,1500,290.29,724.42,99.48,54.93,0.44,-1,-1,-1
50,1501,411.78,349.83,96.66,64.64,0.86,-1,-1,-1
50,1503,1153.80,275.42,36.78,26.87,0.44,-1,-1,-1
50,1504,1278.11,0.18,46.22,27.57,0.61,-1,-1,-1
50,1505,623.65,546.04,42.95,30.73,0.35,-1,-1,-1
50,1506,1433.22,149.27,37.87,35.71,0.54,-1,-1,-1
50,1507,1603.37,769.52,36.82,31.46,0.70,-1,-1,-1
50,1509,1384.82,119.84,37.48,34.22,0.33,-1,-1,-1
50,1510,1404.22,166.47,22.92,35.55,0.51,-1,-1,-1
50,1514,1376.10,739.17,103.38,60.93,0.36,-1,-1,-1
50,1515,1094.46,394.20,22.07,41.31,0.59,-1,-1,-1
50,1516,1017.74,749.94,22.05,41.62,0.16,-1,-1,-1
50,1518,955.38,858.00,68.89,111.86,0.88,-1,-1,-1
50,1520,819.46,42.43,93.97,113.23,0.71,-1,-1,-1
50,1521,1089.16,483.25,20.84,36.31,0.58,-1,-1,-1
50,1522,746.90,0.00,109.29,54.97,0.82,-1,-1,-1
51,1473,1278.27,379.10,135.49,55.05,0.88,-1,-1,-1
51,1474,1820.51,221.75,83.49,83.14,0.78,-1,-1,-1
51,1475,1623.29,663.70,101.61,99.13,0.86,-1,-1,-1
51,1476,114.66,476.47,119.36,51.35,0.87,-1,-1,-1
51,1477,1039.59,257.05,129.28,85.38,0.86,-1,-1,-1
51,1481,862.91,628.44,52.28,100.04,0.78,-1,-1,-1
51,1482,1279.15,311.17,103.50,50.11,0.83,-1,-1,-1
51,1483,1845.72,646.99,58.28,104.36,0.74,-1,-1,-1
51,1484,940.64,461.67,53.31,110.34,0.85,-1,-1,-1
51,1485,1013.49,441.39,51.29,101.99,0.85,-1,-1,-1
51,1486,1006.16,23.82,41.55,79.12,0.73,-1,-1,-1
51,1487,1770.82,650.68,97.65,108.87,0.83,-1,-1,-1
51,1489,817.47,805.89,58.81,111.92,0.81,-1,-1,-1
51,1490,935.36,52.16,51.23,101.53,0.81,-1,-1,-1
51,1491,273.58,471.44,118.71,53.72,0.82,-1,-1,-1
51,1492,1708.95,679.66,92.10,96.68,0.82,-1,-1,-1
51,1493,407.23,471.42,106.16,52.79,0.77,-1,-1,-1
51,1494,985.32,257.25,53.63,95.94,0.78,-1,-1,-1
51,1495,1646.67,600.31,109.09,49.59,0.82,-1,-1,-1
51,1496,1442.16,388.78,96.32,48.23,0.81,-1,-1,-1
51,1497,1065.15,630.57,59.47,118.50,0.82,-1,-1,-1
51,1498,1189.93,326.33,49.68,31.43,0.60,-1,-1,-1
51,1499,1197.63,30.15,89.43,50.04,0.54,-1,-1,-1
51,1500,288.12,723.45,102.01,56.76,0.30,-1,-1,-1
51,1501,399.09,350.63,96.70,62.53,0.87,-1,-1,-1
51,1503,1153.41,273.87,37.65,27.81,0.46,-1,-1,-1
51,1504,1279.08,0.00,45.80,26.67,0.67,-1,-1,-1
51,1505,623.72,546.23,41.99,30.08,0.33,-1,-1,-1
51,1506,1434.18,148.28,38.02,35.79,0.44,-1,-1,-1
51,1507,1606.15,771.03,35.19,29.93,0.65,-1,-1,-1
51,1509,1385.73,118.34,38.02,34.67,0.43,-1,-1,-1
51,1510,1404.90,166.50,22.81,35.23,0.54,-1,-1,-1
51,1514,1375.69,739.27,103.42,60.92,0.22,-1,-1,-1
51,1515,1094.76,391.31,22.04,41.38,0.67,-1,-1,-1
51,1516,1015.98,741.01,22.45,42.33,0.25,-1,-1,-1
51,1518,956.41,851.13,67.08,111.10,0.81,-1,-1,-1
51,1520,821.07,52.05,91.09,113.81,0.72,-1,-1,-1
51,1521,1088.69,478.51,21.10,36.68,0.59,-1,-1,-1
51,1522,736.03,0.00,132.09,68.11,0.78,-1,-1,-1
51,1523,1377.02,283.15,31.48,31.19,0.55,-1,-1,-1
52,1473,1278.85,378.80,135.66,55.05,0.88,-1,-1,-1
52,1474,1822.40,220.85,81.60,83.27,0.73,-1,-1,-1
52,1475,1623.45,662.65,102.28,99.79,0.86,-1,-1,-1
52,1476,112.98,475.82,119.96,51.67,0.87,-1,-1,-1
52,1477,1039.71,254.99,128.56,86.11,0.85,-1,-1,-1
52,1481,862.69,636.87,52.38,100.22,0.81,-1,-1,-1
52,1482,1277.50,310.87,102.96,49.90,0.83,-1,-1,-1
52,1483,1847.22,646.66,56.78,104.34,0.74,-1,-1,-1
52,1484,940.07,452.66,53.51,110.91,0.88,-1,-1,-1
52,1485,1013.41,436.15,51.58,102.63,0.85,-1,-1,-1
52,1486,1007.93,25.04,37.57,68.58,0.76,-1,-1,-1
52,1487,1771.69,650.68,98.74,109.95,0.83,-1,-1,-1
52,1489,817.42,812.95,59.88,114.61,0.81,-1,-1,-1
52,1490,935.12,42.93,51.98,102.69,0.82,-1,-1,-1
52,1491,272.28,470.75,119.35,54.08,0.80,-1,-1,-1
52,1492,1709.26,679.31,93.12,97.54,0.81,-1,-1,-1
52,1493,406.36,470.74,106.66,53.29,0.76,-1,-1,-1
52,1494,984.15,249.53,54.41,97.08,0.81,-1,-1,-1
52,1495,1648.22,600.52,108.15,49.06,0.82,-1,-1,-1
52,1496,1443.68,388.68,95.03,47.29,0.81,-1,-1,-1
52,1497,1066.35,625.66,60.36,119.00,0.83,-1,-1,-1
52,1498,1189.16,326.33,49.80,31.79,0.52,-1,-1,-1
52,1499,1199.04,29.84,87.72,48.94,0.57,-1,-1,-1
52,1500,286.17,724.19,100.49,56.23,0.33,-1,-1,-1
52,1501,385.00,351.19,98.76,61.76,0.86,-1,-1,-1
52,1503,1153.33,273.22,37.44,28.05,0.45,-1,-1,-1
52,1504,1280.19,0.00,44.93,25.75,0.70,-1,-1,-1
52,1505,623.33,545.88,42.12,30.20,0.31,-1,-1,-1
52,1506,1434.47,147.58,39.26,37.12,0.47,-1,-1,-1
52,1507,1604.38,767.56,38.62,33.06,0.62,-1,-1,-1
52,1509,1386.66,117.45,37.88,34.51,0.50,-1,-1,-1
52,1510,1405.86,166.50,22.42,34.48,0.49,-1,-1,-1
52,1514,1375.76,739.14,104.11,61.33,0.14,-1,-1,-1
52,1515,1095.09,387.86,22.01,41.15,0.32,-1,-1,-1
52,1516,1013.72,731.43,24.41,46.34,0.52,-1,-1,-1
52,1518,956.75,843.48,65.99,111.36,0.85,-1,-1,-1
52,1520,822.24,62.69,88.02,113.95,0.70,-1,-1,-1
52,1521,1088.51,473.81,21.23,36.87,0.54,-1,-1,-1
52,1522,725.42,0.00,153.48,81.68,0.76,-1,-1,-1
52,1523,1377.11,284.10,30.57,30.23,0.51,-1,-1,-1
53,1473,1279.33,378.17,136.81,55.51,0.88,-1,-1,-1
53,1474,1824.52,221.95,79.48,81.95,0.74,-1,-1,-1
53,1475,1624.72,663.52,101.87,99.38,0.91,-1,-1,-1
53,1476,111.68,475.44,119.55,51.45,0.87,-1,-1,-1
53,1477,1038.54,251.37,129.61,88.26,0.85,-1,-1,-1
53,1481,861.71,644.86,52.78,101.01,0.77,-1,-1,-1
53,1482,1275.95,310.30,103.85,50.41,0.84,-1,-1,-1
53,1483,1848.56,646.40,55.44,104.92,0.73,-1,-1,-1
53,1484,940.09,443.87,53.61,111.33,0.81,-1,-1,-1
53,1485,1012.69,431.08,52.64,104.78,0.81,-1,-1,-1
53,1486,1009.47,25.52,34.69,59.93,0.75,-1,-1,-1
53,1487,1772.42,650.50,99.58,111.11,0.82,-1,-1,-1
53,1489,818.08,819.36,60.07,115.26,0.85,-1,-1,-1
53,1490,934.77,33.84,52.58,103.65,0.83,-1,-1,-1
53,1491,271.15,470.02,120.02,54.51,0.76,-1,-1,-1
53,1492,1711.56,680.59,89.63,93.65,0.76,-1,-1,-1
53,1493,402.80,470.18,105.71,53.57,0.73,-1,-1,-1
53,1494,983.13,242.81,55.04,98.19,0.78,-1,-1,-1
53,1495,1649.32,600.74,107.45,48.58,0.80,-1,-1,-1
53,1496,1444.50,388.13,95.26,47.27,0.81,-1,-1,-1
53,1497,1067.13,619.85,61.59,120.48,0.87,-1,-1,-1
53,1498,1188.15,325.43,51.27,32.95,0.21,-1,-1,-1
53,1499,1199.28,28.57,88.32,49.22,0.53,-1,-1,-1
53,1500,286.23,721.96,102.67,57.53,0.47,-1,-1,-1
53,1501,371.45,350.49,101.37,61.65,0.87,-1,-1,-1
53,1503,1153.47,272.59,37.49,28.32,0.54,-1,-1,-1
53,1504,1281.05,0.00,43.56,24.56,0.58,-1,-1,-1
53,1505,622.55,545.24,42.68,30.67,0.22,-1,-1,-1
53,1506,1434.80,146.75,38.85,36.87,0.63,-1,-1,-1
53,1507,1607.57,770.11,36.34,31.17,0.66,-1,-1,-1
53,1509,1387.57,115.79,38.28,34.78,0.47,-1,-1,-1
53,1510,1406.53,165.29,23.02,35.29,0.40,-1,-1,-1
53,1514,1377.64,738.62,105.32,62.00,0.24,-1,-1,-1
53,1515,1095.69,385.49,21.72,40.30,0.54,-1,-1,-1
53,1516,1011.42,722.47,26.42,50.86,0.35,-1,-1,-1
53,1518,957.07,835.54,64.92,111.27,0.88,-1,-1,-1
53,1520,823.94,73.23,84.89,113.68,0.71,-1,-1,-1
53,1521,1088.27,469.17,21.09,36.44,0.53,-1,-1,-1
53,1522,716.10,0.00,173.23,95.76,0.75,-1,-1,-1
53,1523,1376.83,284.54,30.71,30.31,0.44,-1,-1,-1
54,1473,1279.07,377.29,138.61,56.30,0.88,-1,-1,-1
54,1474,1824.88,221.49,79.12,82.65,0.77,-1,-1,-1
54,1475,1625.32,663.83,101.93,99.48,0.92,-1,-1,-1
54,1476,110.59,475.46,119.05,51.16,0.87,-1,-1,-1
54,1477,1038.32,249.06,128.57,88.88,0.86,-1,-1,-1
54,1481,862.32,652.44,52.79,100.85,0.80,-1,-1,-1
54,1482,1273.40,309.69,104.85,51.02,0.84,-1,-1,-1
54,1483,1849.94,645.80,54.06,104.16,0.74,-1,-1,-1
54,1484,939.57,434.85,53.50,111.15,0.88,-1,-1,-1
54,1485,1012.76,426.70,52.34,104.22,0.83,-1,-1,-1
54,1486,1010.45,23.04,33.59,54.31,0.65,-1,-1,-1
54,1487,1773.00,650.51,100.09,111.81,0.81,-1,-1,-1
54,1489,818.45,825.90,59.24,113.79,0.82,-1,-1,-1
54,1490,934.68,24.47,52.20,102.67,0.84,-1,-1,-1
54,1491,270.20,469.59,119.95,54.59,0.75,-1,-1,-1
54,1492,1712.80,680.97,88.70,92.49,0.77,-1,-1,-1
54,1493,403.73,469.48,106.14,54.18,0.72,-1,-1,-1
54,1494,981.81,236.73,54.71,96.99,0.77,-1,-1,-1
54,1495,1650.16,600.78,107.47,48.43,0.79,-1,-1,-1
54,1496,1445.09,387.76,95.16,47.08,0.81,-1,-1,-1
54,1497,1068.79,616.13,61.51,119.32,0.87,-1,-1,-1
54,1498,1185.67,326.34,49.91,32.43,0.54,-1,-1,-1
54,1499,1199.41,27.79,88.69,49.40,0.51,-1,-1,-1
54,1500,287.21,721.82,101.03,56.28,0.49,-1,-1,-1
54,1501,357.82,351.29,102.18,60.44,0.86,-1,-1,-1
54,1503,1153.32,271.96,37.82,28.81,0.58,-1,-1,-1
54,1504,1281.58,0.00,42.35,23.52,0.47,-1,-1,-1
54,1505,622.31,544.97,42.93,30.92,0.23,-1,-1,-1
54,1506,1435.15,146.09,38.79,37.05,0.58,-1,-1,-1
54,1507,1609.24,771.07,34.98,30.04,0.62,-1,-1,-1
54,1509,1387.98,114.82,38.39,34.79,0.49,-1,-1,-1
54,1510,1406.92,164.56,23.14,35.42,0.37,-1,-1,-1
54,1514,1377.97,738.32,105.94,62.44,0.16,-1,-1,-1
54,1515,1095.42,382.80,22.05,40.69,0.46,-1,-1,-1
54,1516,1010.46,716.60,24.85,47.95,0.11,-1,-1,-1
54,1518,957.58,829.87,63.39,110.00,0.84,-1,-1,-1
54,1520,824.65,82.95,82.69,114.57,0.72,-1,-1,-1
54,1521,1087.67,464.77,21.47,37.01,0.62,-1,-1,-1
54,1522,710.16,3.31,184.54,106.55,0.80,-1,-1,-1
54,1523,1376.01,283.90,32.08,31.64,0.54,-1,-1,-1
55,1473,1279.40,376.96,138.65,56.31,0.88,-1,-1,-1
55,1474,1825.16,220.17,78.84,84.05,0.77,-1,-1,-1
55,1475,1626.06,663.93,102.50,100.10,0.93,-1,-1,-1
55,1476,109.40,475.22,119.29,51.18,0.86,-1,-1,-1
55,1477,1038.42,247.41,127.26,89.22,0.85,-1,-1,-1
55,1481,862.06,659.62,52.97,101.28,0.82,-1,-1,-1
55,1482,1271.82,310.40,103.30,50.25,0.83,-1,-1,-1
55,1483,1851.48,646.18,52.52,103.85,0.74,-1,-1,-1
55,1484,939.38,427.04,53.03,110.20,0.87,-1,-1,-1
55,1485,1012.44,421.33,51.79,102.94,0.84,-1,-1,-1
55,1486,1011.55,22.15,31.16,46.52,0.66,-1,-1,-1
55,1487,1773.40,650.60,100.27,112.30,0.81,-1,-1,-1
55,1489,818.56,833.10,58.45,112.26,0.87,-1,-1,-1
55,1490,934.13,16.13,52.25,102.66,0.82,-1,-1,-1
55,1491,269.42,469.41,119.76,54.59,0.78,-1,-1,-1
55,1492,1714.11,681.19,88.40,91.94,0.76,-1,-1,-1
55,1493,405.26,468.91,106.86,54.78,0.71,-1,-1,-1
55,1494,980.78,230.23,55.27,98.32,0.77,-1,-1,-1
55,1495,1650.74,601.23,107.90,48.51,0.82,-1,-1,-1
55,1496,1444.54,387.30,97.91,48.52,0.82,-1,-1,-1
55,1497,1070.20,610.75,62.01,119.67,0.86,-1,-1,-1
55,1498,1184.05,328.70,45.70,30.22,0.52,-1,-1,-1
55,1499,1199.05,26.72,90.10,50.25,0.29,-1,-1,-1
55,1500,286.12,722.77,100.64,55.86,0.43,-1,-1,-1
55,1501,343.40,350.06,106.14,61.47,0.85,-1,-1,-1
55,1503,1153.89,272.35,37.23,28.44,0.57,-1,-1,-1
55,1504,1281.66,0.00,41.56,22.74,0.46,-1,-1,-1
55,1505,621.92,544.55,43.52,31.46,0.29,-1,-1,-1
55,1506,1435.94,145.42,37.93,36.36,0.64,-1,-1,-1
55,1507,1609.64,771.65,34.36,29.38,0.56,-1,-1,-1
55,1509,1388.50,114.25,38.36,34.59,0.49,-1,-1,-1
55,1510,1407.92,163.89,23.13,35.51,0.34,-1,-1,-1
55,1514,1378.63,738.44,106.21,62.66,0.19,-1,-1,-1
55,1515,1095.38,379.71,22.26,41.19,0.58,-1,-1,-1
55,1516,1010.16,705.36,22.95,44.06,0.50,-1,-1,-1
55,1518,957.71,821.39,63.11,111.11,0.82,-1,-1,-1
55,1520,825.42,91.85,81.63,116.85,0.76,-1,-1,-1
55,1521,1086.88,460.28,21.64,37.27,0.57,-1,-1,-1
55,1523,1375.74,283.90,32.85,32.50,0.52,-1,-1,-1
56,1473,1279.46,376.21,139.61,56.75,0.86,-1,-1,-1
56,1474,1826.05,218.23,77.95,85.24,0.76,-1,-1,-1
56,1475,1626.91,663.41,102.93,100.55,0.93,-1,-1,-1
56,1476,107.53,473.66,121.08,51.98,0.85,-1,-1,-1
56,1477,1038.21,245.73,126.48,89.92,0.85,-1,-1,-1
56,1481,861.43,667.39,53.01,101.66,0.79,-1,-1,-1
56,1482,1269.43,310.03,104.35,50.78,0.82,-1,-1,-1
56,1483,1852.78,645.99,51.22,102.75,0.73,-1,-1,-1
56,1484,938.87,417.88,53.22,110.74,0.84,-1,-1,-1
56,1485,1011.82,415.41,52.29,104.09,0.84,-1,-1,-1
56,1486,1012.36,17.71,30.80,42.24,0.69,-1,-1,-1
56,1487,1774.42,650.73,100.04,112.27,0.80,-1,-1,-1
56,1489,818.93,839.30,58.56,112.49,0.82,-1,-1,-1
56,1490,933.70,6.56,52.85,103.77,0.82,-1,-1,-1
56,1491,267.84,468.15,121.87,55.70,0.79,-1,-1,-1
56,1492,1716.41,682.17,89.13,92.68,0.73,-1,-1,-1
56,1493,406.32,468.39,107.56,55.24,0.73,-1,-1,-1
56,1494,979.61,223.19,55.54,98.36,0.74,-1,-1,-1
56,1495,1651.43,600.54,109.44,49.03,0.81,-1,-1,-1
56,1496,1444.71,386.67,98.29,48.72,0.83,-1,-1,-1
56,1497,1071.33,605.05,62.45,120.01,0.84,-1,-1,-1
56,1498,1183.44,328.37,45.89,30.42,0.63,-1,-1,-1
56,1499,1200.47,25.78,89.68,50.09,0.52,-1,-1,-1
56,1500,285.34,721.92,101.59,56.28,0.49,-1,-1,-1
56,1501,328.39,349.09,109.42,62.06,0.84,-1,-1,-1
56,1503,1154.39,272.41,36.15,27.65,0.55,-1,-1,-1
56,1504,1281.74,0.00,41.52,22.49,0.60,-1,-1,-1
56,1505,621.41,542.92,44.20,32.12,0.29,-1,-1,-1
56,1506,1436.91,144.87,36.70,35.19,0.62,-1,-1,-1
56,1507,1609.54,770.74,34.87,29.68,0.53,-1,-1,-1
56,1509,1388.23,112.94,39.15,35.32,0.41,-1,-1,-1
56,1510,1408.62,163.16,22.61,34.93,0.28,-1,-1,-1
56,1514,1379.41,738.25,106.71,62.83,0.25,-1,-1,-1
56,1515,1095.56,376.55,22.40,41.41,0.59,-1,-1,-1
56,1516,1009.80,699.95,20.65,39.33,0.29,-1,-1,-1
56,1518,957.50,812.63,62.64,111.80,0.86,-1,-1,-1
56,1520,826.85,101.92,79.23,116.83,0.76,-1,-1,-1
56,1521,1085.95,455.19,22.15,38.16,0.50,-1,-1,-1
56,1523,1375.15,284.31,33.02,32.67,0.56,-1,-1,-1
56,1524,774.98,29.96,52.66,109.25,0.79,-1,-1,-1
57,1473,1280.56,376.01,138.59,56.30,0.84,-1,-1,-1
57,1474,1827.52,218.78,76.48,84.16,0.78,-1,-1,-1
57,1475,1627.71,663.25,103.07,100.70,0.92,-1,-1,-1
57,1476,106.32,472.94,121.58,52.18,0.83,-1,-1,-1
57,1477,1035.91,241.87,128.37,92.61,0.85,-1,-1,-1
57,1481,862.09,674.77,53.07,101.85,0.77,-1,-1,-1
57,1482,1267.36,309.00,107.67,52.68,0.82,-1,-1,-1
57,1483,1853.83,645.76,50.17,102.52,0.74,-1,-1,-1
57,1484,938.25,408.74,53.46,111.33,0.89,-1,-1,-1
57,1485,1011.72,410.74,51.97,103.48,0.86,-1,-1,-1
57,1486,1010.29,3.53,36.12,47.12,0.65,-1,-1,-1
57,1487,1775.01,651.15,99.44,111.91,0.80,-1,-1,-1
57,1489,819.22,845.20,58.64,112.90,0.75,-1,-1,-1
57,1490,934.43,0.09,51.17,100.92,0.80,-1,-1,-1
57,1491,266.53,467.32,123.22,56.49,0.81,-1,-1,-1
57,1492,1717.29,681.92,90.18,93.94,0.74,-1,-1,-1
57,1493,401.53,469.05,103.74,54.21,0.72,-1,-1,-1
57,1494,978.87,215.91,55.72,98.82,0.78,-1,-1,-1
57,1495,1652.17,600.10,110.05,49.20,0.79,-1,-1,-1
57,1496,1446.21,386.60,95.34,46.98,0.82,-1,-1,-1
57,1497,1072.61,600.46,62.80,120.31,0.85,-1,-1,-1
57,1498,1182.44,326.75,47.37,31.32,0.61,-1,-1,-1
57,1499,1201.41,25.01,89.56,50.09,0.56,-1,-1,-1
57,1500,284.47,721.60,102.13,56.45,0.44,-1,-1,-1
57,1501,314.67,348.72,110.55,61.47,0.83,-1,-1,-1
57,1503,1154.69,272.46,34.83,26.71,0.58,-1,-1,-1
57,1504,1281.96,0.00,40.63,21.75,0.71,-1,-1,-1
57,1505,621.24,542.43,43.89,31.98,0.27,-1,-1,-1
57,1506,1437.57,144.00,37.51,36.28,0.33,-1,-1,-1
57,1507,1610.16,770.37,35.87,30.37,0.51,-1,-1,-1
57,1509,1388.53,111.87,39.62,35.79,0.43,-1,-1,-1
57,1510,1409.62,162.48,22.17,34.27,0.34,-1,-1,-1
57,1514,1379.37,737.62,108.17,63.66,0.31,-1,-1,-1
57,1515,1095.91,374.00,21.81,40.34,0.52,-1,-1,-1
57,1516,1008.01,691.58,21.30,40.53,0.27,-1,-1,-1
57,1518,957.68,806.40,61.24,110.56,0.86,-1,-1,-1
57,1520,828.28,112.35,75.97,115.35,0.75,-1,-1,-1
57,1521,1085.85,450.74,22.07,37.98,0.49,-1,-1,-1
57,1523,1374.47,285.46,32.51,32.09,0.42,-1,-1,-1
57,1524,775.07,42.77,52.68,109.32,0.79,-1,-1,-1
57,1525,645.83,991.55,115.27,73.86,0.68,-1,-1,-1
58,1473,1280.94,375.06,138.55,56.30,0.84,-1,-1,-1
58,1474,1826.84,215.88,77.16,87.29,0.80,-1,-1,-1
58,1475,1628.43,663.15,103.45,100.98,0.93,-1,-1,-1
58,1476,106.55,472.96,120.66,51.73,0.82,-1,-1,-1
58,1477,1035.48,239.52,127.63,93.38,0.85,-1,-1,-1
58,1481,861.92,681.48,53.32,102.63,0.79,-1,-1,-1
58,1482,1264.67,307.99,107.66,52.82,0.81,-1,-1,-1
58,1483,1854.73,645.45,49.27,101.50,0.73,-1,-1,-1
58,1484,938.00,401.69,53.06,110.02,0.86,-1,-1,-1
58,1485,1011.38,405.81,52.88,105.42,0.81,-1,-1,-1
58,1486,1010.82,0.00,35.38,42.65,0.58,-1,-1,-1
58,1487,1775.62,651.20,99.26,111.88,0.79,-1,-1,-1
58,1489,820.09,850.99,58.50,112.80,0.80,-1,-1,-1
58,1490,936.25,0.00,47.81,90.93,0.79,-1,-1,-1
58,1491,265.33,466.31,124.52,57.32,0.84,-1,-1,-1
58,1492,1719.30,682.48,89.54,93.21,0.73,-1,-1,-1
58,1493,400.01,468.74,101.79,54.06,0.74,-1,-1,-1
58,1494,978.68,210.56,54.72,96.82,0.77,-1,-1,-1
58,1495,1653.37,600.15,109.43,48.82,0.81,-1,-1,-1
58,1496,1446.85,386.28,95.07,46.60,0.82,-1,-1,-1
58,1497,1074.03,595.06,63.24,120.33,0.91,-1,-1,-1
58,1498,1180.52,325.35,48.96,32.28,0.61,-1,-1,-1
58,1499,1201.65,24.13,89.90,50.33,0.70,-1,-1,-1
58,1500,282.17,722.86,100.31,55.65,0.36,-1,-1,-1
58,1501,299.90,348.14,113.20,62.04,0.89,-1,-1,-1
58,1503,1155.03,271.45,33.97,26.29,0.47,-1,-1,-1
58,1504,1282.48,0.00,39.96,21.16,0.71,-1,-1,-1
58,1505,620.47,541.67,44.72,32.78,0.33,-1,-1,-1
58,1506,1437.30,143.11,37.82,36.79,0.44,-1,-1,-1
58,1507,1607.89,766.58,39.87,33.85,0.46,-1,-1,-1
58,1509,1388.68,110.99,39.97,36.26,0.39,-1,-1,-1
58,1510,1410.42,162.10,21.94,33.83,0.39,-1,-1,-1
58,1514,1380.27,737.30,108.43,63.69,0.30,-1,-1,-1
58,1515,1095.21,371.26,22.34,41.22,0.49,-1,-1,-1
58,1516,1006.65,683.28,21.65,40.91,0.21,-1,-1,-1
58,1518,957.68,797.31,60.88,111.28,0.86,-1,-1,-1
58,1520,829.74,121.75,74.29,116.04,0.77,-1,-1,-1
58,1521,1084.89,445.61,22.04,37.96,0.60,-1,-1,-1
58,1523,1373.40,285.09,33.11,32.71,0.43,-1,-1,-1
58,1524,774.86,58.32,52.93,109.85,0.76,-1,-1,-1
58,1525,643.20,988.36,120.22,77.03,0.70,-1,-1,-1
58,1526,851.75,1017.45,61.30,51.35,0.67,-1,-1,-1
59,1473,1281.69,374.71,138.01,56.08,0.84,-1,-1,-1
59,1474,1827.74,214.82,76.26,88.42,0.83,-1,-1,-1
59,1475,1629.35,663.13,103.78,101.13,0.92,-1,-1,-1
59,1476,106.27,472.87,120.56,51.62,0.83,-1,-1,-1
59,1477,1036.06,238.45,125.92,93.60,0.84,-1,-1,-1
59,1481,862.04,690.11,52.75,101.72,0.80,-1,-1,-1
59,1482,1263.10,307.74,106.34,52.16,0.83,-1,-1,-1
59,1483,1855.33,645.30,48.67,101.66,0.72,-1,-1,-1
59,1484,937.73,392.72,53.07,109.71,0.85,-1,-1,-1
59,1485,1011.57,401.30,52.48,104.56,0.82,-1,-1,-1
59,1487,1778.62,650.52,98.52,110.39,0.78,-1,-1,-1
59,1489,820.56,857.61,58.29,112.54,0.82,-1,-1,-1
59,1490,937.71,0.00,44.19,81.63,0.74,-1,-1,-1
59,1491,265.19,465.84,124.48,57.51,0.85,-1,-1,-1
59,1492,1717.56,675.51,93.34,97.44,0.75,-1,-1,-1
59,1493,400.03,468.68,99.83,53.78,0.76,-1,-1,-1
59,1494,977.21,201.64,55.89,98.82,0.75,-1,-1,-1
59,1495,1653.71,600.09,108.99,48.49,0.82,-1,-1,-1
59,1496,1447.21,386.11,95.49,46.57,0.82,-1,-1,-1
59,1497,1076.17,591.03,63.17,118.98,0.88,-1,-1,-1
59,1498,1179.12,324.66,49.66,32.68,0.60,-1,-1,-1
59,1499,1201.85,23.50,90.07,50.45,0.63,-1,-1,-1
59,1500,281.94,723.83,98.71,54.86,0.37,-1,-1,-1
59,1501,285.20,347.48,115.27,62.09,0.83,-1,-1,-1
59,1503,1156.44,271.21,33.42,25.79,0.42,-1,-1,-1
59,1504,1283.01,0.00,39.76,20.80,0.53,-1,-1,-1
59,1505,620.16,541.39,44.48,32.76,0.31,-1,-1,-1
59,1506,1437.42,142.03,35.72,34.56,0.39,-1,-1,-1
59,1507,1609.58,768.29,37.93,31.91,0.46,-1,-1,-1
59,1509,1388.84,110.36,40.18,36.57,0.40,-1,-1,-1
59,1510,1410.85,161.21,22.15,34.04,0.35,-1,-1,-1
59,1514,1381.15,737.42,108.34,63.48,0.30,-1,-1,-1
59,1515,1095.66,368.58,22.38,41.32,0.57,-1,-1,-1
59,1516,1006.20,675.04,21.42,40.12,0.20,-1,-1,-1
59,1518,957.69,789.15,60.33,111.46,0.88,-1,-1,-1
59,1520,831.11,133.23,71.85,115.49,0.74,-1,-1,-1
59,1521,1084.69,441.54,21.96,37.79,0.59,-1,-1,-1
59,1523,1372.87,285.87,33.16,32.75,0.39,-1,-1,-1
59,1524,774.81,74.96,52.92,109.72,0.79,-1,-1,-1
59,1525,642.84,987.86,121.49,77.83,0.72,-1,-1,-1
59,1526,855.37,1021.97,55.95,46.64,0.64,-1,-1,-1
60,1473,1282.26,374.15,137.79,56.01,0.83,-1,-1,-1
60,1474,1827.86,212.17,76.14,90.35,0.84,-1,-1,-1
60,1475,1630.03,662.46,104.09,101.30,0.91,-1,-1,-1
60,1476,104.95,471.74,122.39,52.49,0.84,-1,-1,-1
60,1477,1036.37,236.82,124.60,93.83,0.85,-1,-1,-1
60,1481,862.78,696.92,51.99,100.88,0.76,-1,-1,-1
60,1482,1262.24,307.68,104.24,51.07,0.77,-1,-1,-1
60,1483,1856.30,645.17,47.70,100.85,0.71,-1,-1,-1
60,1484,936.97,383.07,53.76,111.06,0.88,-1,-1,-1
60,1485,1011.52,395.43,52.45,104.46,0.84,-1,-1,-1
60,1487,1778.40,650.65,100.07,112.14,0.77,-1,-1,-1
60,1489,821.51,864.15,58.12,112.28,0.84,-1,-1,-1
60,1490,939.82,0.00,40.31,72.13,0.76,-1,-1,-1
60,1491,264.39,464.64,126.02,58.52,0.85,-1,-1,-1
60,1492,1718.42,675.20,92.72,96.88,0.81,-1,-1,-1
60,1493,400.42,468.06,98.62,53.84,0.76,-1,-1,-1
60,1494,976.15,194.59,56.63,100.23,0.78,-1,-1,-1
60,1495,1654.66,599.67,108.38,47.97,0.80,-1,-1,-1
60,1496,1446.74,385.43,99.51,48.64,0.82,-1,-1,-1
60,1497,1077.89,586.56,63.72,118.49,0.83,-1,-1,-1
60,1498,1178.90,325.67,47.31,30.87,0.64,-1,-1,-1
60,1499,1201.99,22.97,89.77,50.25,0.67,-1,-1,-1
60,1500,281.70,724.23,97.74,54.40,0.42,-1,-1,-1
60,1501,271.20,346.71,117.11,62.23,0.87,-1,-1,-1
60,1503,1156.54,270.27,33.01,25.44,0.46,-1,-1,-1
60,1504,1283.75,0.00,39.15,20.26,0.50,-1,-1,-1
60,1505,620.17,541.43,43.59,32.23,0.31,-1,-1,-1
60,1506,1439.62,141.73,32.86,31.56,0.23,-1,-1,-1
60,1507,1606.77,763.96,42.46,35.94,0.52,-1,-1,-1
60,1509,1389.63,109.68,40.22,36.62,0.46,-1,-1,-1
60,1510,1411.46,160.90,21.83,33.33,0.26,-1,-1,-1
60,1514,1381.24,737.42,107.77,63.02,0.23,-1,-1,-1
60,1515,1095.98,366.33,22.43,41.41,0.51,-1,-1,-1
60,1516,1005.19,667.48,21.55,40.40,0.21,-1,-1,-1
60,1518,958.16,783.14,59.14,110.12,0.87,-1,-1,-1
60,1520,832.49,142.96,70.03,115.64,0.78,-1,-1,-1
60,1521,1085.05,437.84,21.42,36.71,0.60,-1,-1,-1
60,1523,1372.48,285.63,33.02,32.58,0.49,-1,-1,-1
60,1524,774.48,89.72,53.33,110.67,0.82,-1,-1,-1
60,1525,641.64,985.89,124.39,79.74,0.73,-1,-1,-1
60,1526,858.96,1027.85,50.82,41.95,0.54,-1,-1,-1
61,1473,1282.30,373.32,138.18,56.21,0.81,-1,-1,-1
61,1474,1826.39,206.19,77.61,95.47,0.81,-1,-1,-1
61,1475,1630.72,662.37,103.90,100.88,0.91,-1,-1,-1
61,1476,104.27,470.91,123.72,53.19,0.84,-1,-1,-1
61,1477,1037.76,236.21,121.57,92.77,0.86,-1,-1,-1
61,1481,863.18,703.31,52.47,101.85,0.77,-1,-1,-1
61,1482,1259.96,306.66,105.31,51.64,0.77,-1,-1,-1
61,1483,1857.28,645.27,46.72,100.55,0.69,-1,-1,-1
61,1484,937.07,376.65,53.40,110.08,0.79,-1,-1,-1
61,1485,1011.58,391.31,52.11,103.83,0.86,-1,-1,-1
61,1487,1779.17,650.31,100.97,113.22,0.76,-1,-1,-1
61,1489,821.80,870.81,58.00,112.39,0.83,-1,-1,-1
61,1490,941.68,0.00,36.94,63.69,0.80,-1,-1,-1
61,1491,264.88,464.92,124.57,57.97,0.86,-1,-1,-1
61,1492,1719.14,675.85,92.04,96.18,0.82,-1,-1,-1
61,1493,401.34,466.66,99.79,55.01,0.74,-1,-1,-1
61,1494,976.14,188.32,55.66,98.36,0.82,-1,-1,-1
61,1495,1655.25,599.38,108.33,47.73,0.80,-1,-1,-1
61,1496,1447.23,385.12,100.25,49.03,0.82,-1,-1,-1
61,1497,1079.31,581.52,64.32,118.39,0.85,-1,-1,-1
61,1498,1177.80,326.90,46.55,29.87,0.63,-1,-1,-1
61,1499,1202.11,22.40,90.05,50.42,0.69,-1,-1,-1
61,1500,282.01,725.03,96.29,53.49,0.51,-1,-1,-1
61,1501,257.24,345.83,118.50,62.18,0.85,-1,-1,-1
61,1503,1156.93,269.73,32.50,25.09,0.39,-1,-1,-1
61,1504,1284.46,0.00,38.02,19.32,0.48,-1,-1,-1
61,1505,620.62,541.46,43.25,32.10,0.38,-1,-1,-1
61,1506,1440.71,141.82,31.03,29.42,0.13,-1,-1,-1
61,1507,1606.02,761.97,43.93,37.36,0.50,-1,-1,-1
61,1509,1390.37,109.23,39.96,36.35,0.45,-1,-1,-1
61,1510,1411.77,160.14,22.02,33.46,0.24,-1,-1,-1
61,1514,1381.11,737.48,108.56,63.35,0.39,-1,-1,-1
61,1515,1095.94,363.86,22.15,40.71,0.45,-1,-1,-1
61,1516,1003.36,656.50,23.27,43.82,0.34,-1,-1,-1
61,1518,958.57,774.57,58.76,110.40,0.84,-1,-1,-1
61,1520,833.35,152.80,69.16,117.25,0.74,-1,-1,-1
61,1521,1084.69,433.16,21.64,37.17,0.62,-1,-1,-1
61,1523,1371.64,285.25,33.76,33.39,0.45,-1,-1,-1
61,1524,774.25,105.46,53.44,110.92,0.85,-1,-1,-1
61,1525,643.36,988.17,121.17,77.55,0.72,-1,-1,-1
61,1526,863.01,1036.17,42.67,34.37,0.28,-1,-1,-1
62,1473,1282.23,372.89,138.56,56.42,0.83,-1,-1,-1
62,1474,1826.66,204.15,77.34,97.43,0.82,-1,-1,-1
62,1475,1630.97,662.29,103.81,100.63,0.91,-1,-1,-1
62,1476,103.52,470.56,123.93,53.44,0.83,-1,-1,-1
62,1477,1038.09,234.78,120.57,93.30,0.85,-1,-1,-1
62,1481,863.06,710.90,52.10,101.25,0.79,-1,-1,-1
62,1482,1259.30,306.19,105.07,51.51,0.76,-1,-1,-1
62,1483,1858.21,645.34,45.79,99.76,0.70,-1,-1,-1
62,1484,936.80,367.46,53.26,109.50,0.87,-1,-1,-1
62,1485,1011.49,386.86,52.06,103.88,0.86,-1,-1,-1
62,1487,1779.98,650.12,101.33,113.49,0.76,-1,-1,-1
62,1489,822.43,877.25,57.32,110.86,0.83,-1,-1,-1
62,1490,943.52,0.00,33.11,54.18,0.81,-1,-1,-1
62,1491,265.07,464.80,123.98,57.84,0.85,-1,-1,-1
62,1492,1719.59,675.69,92.05,96.26,0.81,-1,-1,-1
62,1493,406.98,465.75,102.58,56.19,0.74,-1,-1,-1
62,1494,975.04,181.61,55.39,97.85,0.80,-1,-1,-1
62,1495,1655.32,599.02,108.93,47.83,0.81,-1,-1,-1
62,1496,1447.35,384.82,100.91,49.39,0.81,-1,-1,-1
62,1497,1081.07,576.18,65.47,118.73,0.88,-1,-1,-1
62,1498,1176.75,327.80,45.44,28.72,0.65,-1,-1,-1
62,1499,1201.76,21.53,91.36,51.27,0.68,-1,-1,-1
62,1500,281.32,724.56,96.99,53.90,0.39,-1,-1,-1
62,1501,243.68,345.48,119.16,61.87,0.85,-1,-1,-1
62,1503,1157.11,268.78,33.18,25.66,0.35,-1,-1,-1
62,1504,1284.95,0.00,37.20,18.41,0.39,-1,-1,-1
62,1505,620.49,541.92,42.51,31.61,0.32,-1,-1,-1
62,1506,1441.27,141.66,30.49,28.49,0.13,-1,-1,-1
62,1507,1604.86,759.02,46.25,39.74,0.54,-1,-1,-1
62,1509,1390.74,108.97,39.77,36.13,0.49,-1,-1,-1
62,1510,1411.79,160.25,22.01,33.39,0.24,-1,-1,-1
62,1514,1380.97,737.71,108.10,62.92,0.39,-1,-1,-1
62,1515,1095.62,361.79,22.08,40.36,0.70,-1,-1,-1
62,1516,1002.51,648.97,22.37,42.09,0.11,-1,-1,-1
62,1518,958.15,766.22,58.70,111.11,0.87,-1,-1,-1
62,1520,834.23,163.13,67.29,116.55,0.78,-1,-1,-1
62,1521,1084.49,428.41,21.54,36.99,0.49,-1,-1,-1
62,1523,1370.86,285.30,34.37,34.10,0.46,-1,-1,-1
62,1524,773.89,121.05,53.54,110.93,0.85,-1,-1,-1
62,1525,643.77,988.85,120.62,77.10,0.73,-1,-1,-1
62,1526,865.44,1040.71,38.05,29.53,0.19,-1,-1,-1
63,1473,1282.14,372.60,139.06,56.70,0.83,-1,-1,-1
63,1474,1828.44,206.79,75.56,95.03,0.83,-1,-1,-1
63,1475,1630.83,662.13,104.00,100.66,0.92,-1,-1,-1
63,1476,103.28,470.35,123.93,53.57,0.83,-1,-1,-1
63,1477,1038.46,233.57,119.16,93.46,0.85,-1,-1,-1
63,1481,863.49,717.77,51.15,99.29,0.73,-1,-1,-1
63,1482,1258.41,305.97,104.38,51.07,0.76,-1,-1,-1
63,1483,1858.73,645.08,45.27,99.19,0.68,-1,-1,-1
63,1484,935.71,358.43,54.03,110.69,0.88,-1,-1,-1
63,1485,1010.91,382.15,52.47,104.87,0.82,-1,-1,-1
63,1487,1780.61,650.34,101.28,113.25,0.76,-1,-1,-1
63,1489,821.96,882.76,58.43,112.98,0.86,-1,-1,-1
63,1490,945.37,0.00,29.80,45.68,0.81,-1,-1,-1
63,1491,265.29,464.90,123.47,57.73,0.85,-1,-1,-1
63,1492,1719.69,675.88,92.08,96.37,0.81,-1,-1,-1
63,1493,408.76,465.22,104.42,56.87,0.74,-1,-1,-1
63,1494,973.39,174.66,55.75,98.62,0.72,-1,-1,-1
63,1495,1655.13,598.96,109.50,47.92,0.81,-1,-1,-1
63,1496,1447.29,384.82,101.31,49.64,0.81,-1,-1,-1
63,1497,1082.93,570.91,66.46,118.68,0.89,-1,-1,-1
63,1498,1174.90,328.16,45.22,28.29,0.58,-1,-1,-1
63,1499,1201.48,21.30,91.79,51.61,0.65,-1,-1,-1
63,1500,281.64,726.14,94.00,52.08,0.44,-1,-1,-1
63,1501,229.15,344.53,120.86,62.18,0.76,-1,-1,-1
63,1503,1157.13,268.45,33.42,25.77,0.45,-1,-1,-1
63,1504,1284.67,0.00,37.92,18.36,0.48,-1,-1,-1
63,1505,620.23,541.71,42.61,31.79,0.35,-1,-1,-1
63,1507,1604.28,757.70,47.48,41.24,0.51,-1,-1,-1
63,1509,1390.78,109.21,39.22,35.59,0.49,-1,-1,-1
63,1510,1411.98,160.36,21.96,33.22,0.21,-1,-1,-1
63,1514,1380.80,737.86,108.30,62.93,0.34,-1,-1,-1
63,1515,1095.19,359.86,22.44,40.83,0.57,-1,-1,-1
63,1516,1001.26,641.40,22.47,42.26,0.30,-1,-1,-1
63,1518,958.09,760.11,58.14,110.57,0.87,-1,-1,-1
63,1520,835.07,174.35,65.83,116.23,0.78,-1,-1,-1
63,1521,1083.81,425.29,21.17,36.24,0.65,-1,-1,-1
63,1523,1369.43,286.81,34.51,34.17,0.47,-1,-1,-1
63,1524,774.03,138.24,53.50,110.63,0.83,-1,-1,-1
63,1525,645.05,990.44,117.95,75.11,0.71,-1,-1,-1
64,1473,1282.29,372.73,139.03,56.75,0.83,-1,-1,-1
64,1474,1829.18,207.16,74.82,94.97,0.82,-1,-1,-1
64,1475,1630.77,662.18,104.15,100.67,0.92,-1,-1,-1
64,1476,103.40,470.42,123.18,53.32,0.83,-1,-1,-1
64,1477,1038.14,231.68,118.48,94.17,0.86,-1,-1,-1
64,1481,863.32,724.33,52.49,101.82,0.74,-1,-1,-1
64,1482,1257.06,305.57,104.19,50.89,0.76,-1,-1,-1
64,1483,1859.00,644.97,45.00,98.87,0.68,-1,-1,-1
64,1484,934.94,351.08,54.12,110.45,0.78,-1,-1,-1
64,1485,1010.49,378.69,52.43,104.72,0.83,-1,-1,-1
64,1487,1779.82,650.38,101.29,113.29,0.75,-1,-1,-1
64,1489,822.46,889.36,58.32,112.58,0.83,-1,-1,-1
64,1490,946.98,0.00,26.44,36.78,0.73,-1,-1,-1
64,1491,265.77,465.29,122.21,57.17,0.84,-1,-1,-1
64,1492,1719.92,676.43,91.41,95.62,0.81,-1,-1,-1
64,1493,409.23,465.22,104.95,56.83,0.75,-1,-1,-1
64,1494,973.19,166.87,55.25,97.74,0.82,-1,-1,-1
64,1495,1654.67,598.79,110.28,48.13,0.80,-1,-1,-1
64,1496,1447.90,385.27,97.90,47.68,0.80,-1,-1,-1
64,1497,1084.58,565.86,67.64,119.08,0.88,-1,-1,-1
64,1498,1173.56,328.44,44.53,27.56,0.63,-1,-1,-1
64,1499,1201.31,21.13,92.01,51.82,0.66,-1,-1,-1
64,1500,281.74,727.52,91.23,50.26,0.36,-1,-1,-1
64,1501,214.82,344.52,120.94,61.65,0.77,-1,-1,-1
64,1503,1156.97,268.39,33.39,25.74,0.44,-1,-1,-1
64,1504,1284.57,0.00,38.14,18.05,0.50,-1,-1,-1
64,1505,620.35,542.29,41.67,31.04,0.32,-1,-1,-1
64,1507,1604.36,757.30,47.70,41.88,0.46,-1,-1,-1
64,1509,1390.97,109.61,38.78,35.06,0.44,-1,-1,-1
64,1510,1412.18,160.59,22.11,33.23,0.24,-1,-1,-1
64,1514,1380.89,737.82,108.72,63.04,0.34,-1,-1,-1
64,1515,1094.81,357.90,22.39,40.73,0.55,-1,-1,-1
64,1516,999.90,633.18,22.60,42.86,0.46,-1,-1,-1
64,1518,958.03,751.99,57.71,110.28,0.79,-1,-1,-1
64,1520,835.82,184.59,64.49,116.20,0.77,-1,-1,-1
64,1521,1082.88,421.40,21.60,37.02,0.65,-1,-1,-1
64,1523,1368.58,288.32,34.16,33.66,0.52,-1,-1,-1
64,1524,774.61,153.71,53.67,110.90,0.83,-1,-1,-1
64,1525,643.27,988.55,120.93,76.94,0.72,-1,-1,-1
65,1473,1282.13,372.74,139.30,56.93,0.82,-1,-1,-1
65,1474,1829.20,206.20,74.80,96.00,0.82,-1,-1,-1
65,1475,1630.57,662.12,104.24,100.72,0.91,-1,-1,-1
65,1476,103.44,470.81,122.67,53.09,0.84,-1,-1,-1
65,1477,1037.86,229.97,117.85,94.92,0.86,-1,-1,-1
65,1481,863.11,731.18,52.56,102.22,0.75,-1,-1,-1
65,1482,1255.16,305.47,104.48,50.99,0.74,-1,-1,-1
65,1483,1858.96,644.68,45.04,99.66,0.68,-1,-1,-1
65,1484,934.47,342.57,54.12,110.02,0.86,-1,-1,-1
65,1485,1010.70,375.18,51.40,102.32,0.86,-1,-1,-1
65,1487,1780.36,650.72,101.52,113.38,0.75,-1,-1,-1
65,1489,822.93,895.83,58.13,112.26,0.77,-1,-1,-1
65,1490,948.31,0.00,23.18,28.55,0.68,-1,-1,-1
65,1491,265.60,465.20,122.29,57.28,0.85,-1,-1,-1
65,1492,1719.57,676.08,92.16,96.54,0.81,-1,-1,-1
65,1493,409.08,465.28,105.39,56.76,0.74,-1,-1,-1
65,1494,972.04,159.60,55.78,98.99,0.81,-1,-1,-1
65,1495,1654.81,598.79,109.96,47.83,0.80,-1,-1,-1
65,1496,1447.26,384.93,100.48,49.02,0.81,-1,-1,-1
65,1497,1086.83,561.58,67.91,117.82,0.86,-1,-1,-1
65,1498,1171.04,326.74,48.03,29.64,0.61,-1,-1,-1
65,1499,1201.06,21.05,92.13,51.96,0.73,-1,-1,-1
65,1500,281.84,727.59,91.87,50.43,0.38,-1,-1,-1
65,1501,199.99,344.33,121.86,61.55,0.85,-1,-1,-1
65,1503,1157.56,268.14,33.95,26.07,0.47,-1,-1,-1
65,1504,1283.93,0.00,38.95,18.15,0.45,-1,-1,-1
65,1505,619.45,541.80,42.38,31.76,0.35,-1,-1,-1
65,1507,1607.76,762.35,42.28,36.81,0.40,-1,-1,-1
65,1509,1391.10,109.25,39.36,35.54,0.52,-1,-1,-1
65,1510,1412.21,160.51,22.50,33.54,0.21,-1,-1,-1
65,1514,1380.70,737.42,109.98,63.73,0.37,-1,-1,-1
65,1515,1094.40,355.50,22.47,41.02,0.53,-1,-1,-1
65,1516,998.81,624.45,22.65,42.98,0.26,-1,-1,-1
65,1518,957.53,744.04,57.48,110.10,0.85,-1,-1,-1
65,1520,836.42,194.54,63.53,116.33,0.77,-1,-1,-1
65,1521,1082.10,418.16,21.81,37.51,0.67,-1,-1,-1
65,1523,1366.96,289.65,33.76,32.96,0.57,-1,-1,-1
65,1524,774.36,171.43,53.02,109.43,0.82,-1,-1,-1
65,1525,641.97,986.22,123.59,78.70,0.70,-1,-1,-1
66,1473,1282.04,372.50,139.88,57.29,0.81,-1,-1,-1
66,1474,1828.25,201.38,75.75,100.91,0.79,-1,-1,-1
66,1475,1630.53,661.84,104.61,100.96,0.91,-1,-1,-1
66,1476,102.81,470.25,123.75,53.62,0.83,-1,-1,-1
66,1477,1037.47,228.14,117.48,95.84,0.86,-1,-1,-1
66,1481,863.06,738.43,51.92,101.04,0.71,-1,-1,-1
66,1482,1252.41,305.15,106.16,51.97,0.70,-1,-1,-1
66,1483,1859.64,644.98,44.36,98.77,0.68,-1,-1,-1
66,1484,934.08,334.18,54.65,110.96,0.86,-1,-1,-1
66,1485,1010.21,370.13,51.97,103.28,0.86,-1,-1,-1
66,1487,1782.06,651.13,98.55,109.39,0.75,-1,-1,-1
66,1489,823.17,901.70,58.37,112.65,0.81,-1,-1,-1
66,1490,950.44,0.00,19.10,19.78,0.66,-1,-1,-1
66,1491,265.35,464.90,122.76,57.61,0.85,-1,-1,-1
66,1492,1719.48,675.74,92.43,97.00,0.81,-1,-1,-1
66,1493,408.81,465.30,105.82,56.68,0.74,-1,-1,-1
66,1494,971.70,152.09,55.21,98.18,0.77,-1,-1,-1
66,1495,1655.14,598.91,109.88,47.63,0.81,-1,-1,-1
66,1496,1447.39,384.72,101.09,49.37,0.79,-1,-1,-1
66,1497,1089.28,557.07,68.84,117.58,0.86,-1,-1,-1
66,1498,1168.87,325.85,50.15,31.01,0.63,-1,-1,-1
66,1499,1201.08,20.93,92.27,52.14,0.64,-1,-1,-1
66,1500,282.17,726.71,93.88,51.40,0.43,-1,-1,-1
66,1501,184.79,343.82,123.64,61.97,0.81,-1,-1,-1
66,1503,1158.63,267.90,34.57,26.51,0.44,-1,-1,-1
66,1504,1284.04,0.00,39.36,18.09,0.46,-1,-1,-1
66,1505,619.68,541.85,42.39,31.82,0.33,-1,-1,-1
66,1507,1610.71,767.40,38.09,32.64,0.40,-1,-1,-1
66,1509,1390.94,109.02,39.70,35.85,0.50,-1,-1,-1
66,1510,1411.87,160.63,22.50,33.45,0.20,-1,-1,-1
66,1514,1380.52,737.62,109.81,63.54,0.33,-1,-1,-1
66,1515,1094.50,353.25,22.48,40.91,0.25,-1,-1,-1
66,1516,998.40,617.55,22.20,42.08,0.47,-1,-1,-1
66,1518,957.15,737.14,57.57,110.49,0.87,-1,-1,-1
66,1520,837.22,204.63,62.64,116.73,0.76,-1,-1,-1
66,1521,1082.07,415.72,21.52,37.04,0.67,-1,-1,-1
66,1523,1365.51,290.24,33.55,32.51,0.58,-1,-1,-1
66,1524,774.52,187.87,53.55,110.63,0.83,-1,-1,-1
66,1525,643.30,985.66,121.74,77.39,0.67,-1,-1,-1
67,1473,1282.14,372.26,140.15,57.53,0.80,-1,-1,-1
67,1474,1830.06,203.50,73.94,98.83,0.81,-1,-1,-1
67,1475,1630.80,661.65,104.96,101.21,0.91,-1,-1,-1
67,1476,102.57,470.44,123.51,53.54,0.84,-1,-1,-1
67,1477,1037.73,226.43,115.83,95.55,0.85,-1,-1,-1
67,1481,863.00,744.41,53.12,103.23,0.78,-1,-1,-1
67,1482,1249.64,304.47,108.20,53.29,0.68,-1,-1,-1
67,1483,1860.39,644.67,43.61,99.70,0.69,-1,-1,-1
67,1484,933.38,327.02,54.77,111.01,0.80,-1,-1,-1
67,1485,1009.88,366.49,52.14,103.59,0.86,-1,-1,-1
67,1487,1782.85,649.56,99.01,109.29,0.77,-1,-1,-1
67,1489,823.09,907.13,58.99,113.73,0.85,-1,-1,-1
67,1491,265.48,465.00,122.38,57.51,0.86,-1,-1,-1
67,1492,1719.50,675.43,92.94,97.63,0.80,-1,-1,-1
67,1493,408.18,465.17,106.53,56.75,0.76,-1,-1,-1
67,1494,970.25,143.96,54.53,97.04,0.81,-1,-1,-1
67,1495,1655.26,598.72,110.42,47.74,0.79,-1,-1,-1
67,1496,1447.88,384.72,100.94,49.31,0.80,-1,-1,-1
67,1497,1091.06,552.68,69.68,116.76,0.86,-1,-1,-1
67,1498,1168.51,325.53,50.24,31.06,0.69,-1,-1,-1
67,1499,1201.63,20.77,91.91,51.98,0.62,-1,-1,-1
67,1500,280.94,726.69,94.13,51.48,0.45,-1,-1,-1
67,1501,168.63,342.80,126.31,62.93,0.89,-1,-1,-1
67,1503,1157.81,268.03,34.49,26.46,0.41,-1,-1,-1
67,1504,1284.50,0.00,39.15,17.71,0.40,-1,-1,-1
67,1505,619.03,540.86,43.53,32.86,0.37,-1,-1,-1
67,1507,1611.36,768.39,37.22,31.57,0.42,-1,-1,-1
67,1509,1390.94,108.71,39.92,36.07,0.55,-1,-1,-1
67,1510,1411.93,160.78,22.30,33.01,0.22,-1,-1,-1
67,1514,1380.72,737.80,109.48,63.24,0.38,-1,-1,-1
67,1515,1094.22,351.38,22.28,40.45,0.52,-1,-1,-1
67,1516,997.52,608.68,22.92,43.66,0.12,-1,-1,-1
67,1518,957.39,730.11,56.90,109.29,0.76,-1,-1,-1
67,1520,837.93,214.28,61.70,116.68,0.82,-1,-1,-1
67,1521,1081.88,413.93,21.03,36.18,0.68,-1,-1,-1
67,1523,1364.59,290.42,33.11,31.82,0.57,-1,-1,-1
67,1524,774.68,203.55,54.15,112.18,0.81,-1,-1,-1
67,1525,644.57,986.80,119.26,75.58,0.71,-1,-1,-1
68,1473,1282.13,372.17,140.21,57.65,0.80,-1,-1,-1
68,1474,1831.80,205.40,72.20,97.18,0.81,-1,-1,-1
68,1475,1631.04,661.80,105.26,101.43,0.91,-1,-1,-1
68,1476,101.52,470.15,124.21,53.94,0.84,-1,-1,-1
68,1477,1037.40,224.72,115.38,96.33,0.84,-1,-1,-1
68,1481,862.74,750.63,53.58,104.35,0.77,-1,-1,-1
68,1482,1247.76,304.41,109.43,54.21,0.71,-1,-1,-1
68,1483,1860.85,644.70,43.15,99.77,0.68,-1,-1,-1
68,1484,933.18,318.80,54.71,110.58,0.87,-1,-1,-1
68,1485,1009.66,362.82,52.09,103.37,0.87,-1,-1,-1
68,1487,1783.60,649.15,99.18,109.06,0.76,-1,-1,-1
68,1489,823.69,913.84,58.90,113.74,0.75,-1,-1,-1
68,1491,264.92,464.70,122.66,57.76,0.84,-1,-1,-1
68,1492,1719.63,675.65,93.38,98.18,0.82,-1,-1,-1
68,1493,407.59,465.23,106.76,56.58,0.76,-1,-1,-1
68,1494,969.04,137.10,54.65,97.93,0.82,-1,-1,-1
68,1495,1656.40,599.02,109.71,47.32,0.80,-1,-1,-1
68,1496,1447.94,384.60,101.41,49.61,0.80,-1,-1,-1
68,1497,1092.85,548.18,70.59,116.15,0.87,-1,-1,-1
68,1498,1167.86,325.47,50.02,30.92,0.72,-1,-1,-1
68,1499,1201.60,20.43,92.04,52.16,0.56,-1,-1,-1
68,1500,280.60,725.89,96.38,52.53,0.36,-1,-1,-1
68,1501,152.04,340.76,129.75,64.45,0.89,-1,-1,-1
68,1503,1158.63,268.10,34.63,26.49,0.44,-1,-1,-1
68,1504,1285.06,0.00,38.70,17.19,0.36,-1,-1,-1
68,1505,618.57,540.37,42.59,32.29,0.38,-1,-1,-1
68,1507,1611.74,769.03,37.37,31.46,0.45,-1,-1,-1
68,1509,1390.91,108.24,39.63,35.84,0.52,-1,-1,-1
68,1510,1411.97,160.83,22.47,33.17,0.23,-1,-1,-1
68,1514,1380.91,738.00,109.00,62.85,0.31,-1,-1,-1
68,1515,1093.49,349.85,22.32,40.46,0.50,-1,-1,-1
68,1516,997.09,601.44,22.08,41.90,0.41,-1,-1,-1
68,1518,956.89,722.33,56.75,109.01,0.83,-1,-1,-1
68,1520,839.11,224.36,60.99,117.10,0.78,-1,-1,-1
68,1521,1081.12,410.86,21.45,36.99,0.67,-1,-1,-1
68,1523,1364.39,290.85,32.68,31.15,0.62,-1,-1,-1
68,1524,774.54,220.96,53.82,111.55,0.84,-1,-1,-1
68,1525,645.12,988.15,117.93,74.40,0.70,-1,-1,-1
68,1512,1199.97,922.81,47.64,95.57,0.50,-1,-1,-1
69,1473,1282.75,372.26,140.04,57.66,0.81,-1,-1,-1
69,1474,1831.00,199.64,73.00,102.92,0.81,-1,-1,-1
69,1475,1631.74,661.76,106.09,102.38,0.89,-1,-1,-1
69,1476,99.98,469.52,125.72,54.74,0.84,-1,-1,-1
69,1477,1034.79,219.86,118.35,100.39,0.83,-1,-1,-1
69,1481,862.79,758.21,53.10,103.44,0.77,-1,-1,-1
69,1482,1247.12,303.46,107.98,53.71,0.79,-1,-1,-1
69,1483,1861.54,644.75,42.46,99.27,0.66,-1,-1,-1
69,1484,932.93,310.23,55.40,111.81,0.86,-1,-1,-1
69,1485,1009.19,358.43,52.98,105.62,0.81,-1,-1,-1
69,1487,1783.98,648.98,99.86,109.49,0.76,-1,-1,-1
69,1489,824.32,920.51,58.25,112.48,0.78,-1,-1,-1
69,1491,264.67,464.76,122.40,57.73,0.84,-1,-1,-1
69,1492,1720.38,676.22,93.57,98.36,0.81,-1,-1,-1
69,1493,403.21,465.16,105.11,56.00,0.74,-1,-1,-1
69,1494,967.81,128.05,54.34,97.91,0.76,-1,-1,-1
69,1495,1657.02,599.16,109.92,47.32,0.75,-1,-1,-1
69,1496,1448.65,384.90,99.33,48.40,0.81,-1,-1,-1
69,1497,1095.60,544.30,71.52,115.20,0.90,-1,-1,-1
69,1498,1165.65,323.67,52.76,32.77,0.63,-1,-1,-1
69,1499,1201.70,19.99,91.70,51.96,0.32,-1,-1,-1
69,1500,279.69,725.71,98.08,53.32,0.28,-1,-1,-1
69,1501,136.90,340.57,129.88,64.22,0.87,-1,-1,-1
69,1503,1157.18,267.85,34.92,26.85,0.41,-1,-1,-1
69,1504,1285.71,0.00,37.90,16.48,0.18,-1,-1,-1
69,1505,618.30,539.79,43.84,33.47,0.38,-1,-1,-1
69,1507,1611.73,768.72,38.85,32.47,0.46,-1,-1,-1
69,1509,1391.29,108.14,39.30,35.60,0.54,-1,-1,-1
69,1510,1411.80,158.70,23.43,34.75,0.25,-1,-1,-1
69,1514,1382.04,738.41,107.94,62.10,0.48,-1,-1,-1
69,1515,1092.94,347.41,22.40,40.75,0.27,-1,-1,-1
69,1516,996.29,594.28,21.99,41.81,0.42,-1,-1,-1
69,1518,956.70,715.02,57.01,109.56,0.86,-1,-1,-1
69,1520,839.97,235.65,59.80,116.01,0.83,-1,-1,-1
69,1521,1080.62,407.59,21.76,37.56,0.65,-1,-1,-1
69,1523,1363.63,290.76,33.30,31.49,0.60,-1,-1,-1
69,1524,774.80,237.27,54.10,112.20,0.80,-1,-1,-1
69,1525,646.45,993.85,113.81,71.13,0.63,-1,-1,-1
69,1527,965.57,995.90,60.70,75.10,0.76,-1,-1,-1
69,1512,1199.96,923.24,48.24,94.43,0.39,-1,-1,-1
70,1473,1283.46,372.26,140.12,57.74,0.82,-1,-1,-1
70,1474,1833.17,202.69,70.83,99.88,0.81,-1,-1,-1
70,1475,1632.75,661.90,105.51,102.17,0.88,-1,-1,-1
70,1476,99.56,469.37,125.99,55.07,0.84,-1,-1,-1
70,1477,1033.72,216.04,118.91,102.58,0.83,-1,-1,-1
70,1481,863.43,764.67,53.63,104.49,0.76,-1,-1,-1
70,1482,1246.58,303.37,108.01,53.90,0.77,-1,-1,-1
70,1483,1862.86,644.91,41.14,99.54,0.67,-1,-1,-1
70,1484,932.96,303.95,55.09,110.95,0.79,-1,-1,-1
70,1485,1009.75,355.36,52.83,105.48,0.81,-1,-1,-1
70,1487,1784.39,648.61,100.52,110.25,0.76,-1,-1,-1
70,1489,824.15,925.29,59.32,114.81,0.79,-1,-1,-1
70,1491,264.78,465.10,121.73,57.47,0.84,-1,-1,-1
70,1492,1720.83,676.15,94.50,99.41,0.83,-1,-1,-1
70,1493,402.52,464.90,105.20,56.17,0.76,-1,-1,-1
70,1494,967.18,120.18,53.75,97.05,0.81,-1,-1,-1
70,1495,1657.03,598.97,111.31,47.89,0.76,-1,-1,-1
70,1496,1449.13,384.73,99.41,48.33,0.81,-1,-1,-1
70,1497,1099.46,540.87,71.77,113.09,0.89,-1,-1,-1
70,1498,1165.52,323.77,52.84,32.84,0.65,-1,-1,-1
70,1499,1202.47,20.03,91.09,51.69,0.66,-1,-1,-1
70,1500,281.00,723.28,100.80,54.56,0.24,-1,-1,-1
70,1501,121.41,340.56,130.20,64.13,0.90,-1,-1,-1
70,1503,1157.37,267.41,35.29,27.50,0.40,-1,-1,-1
70,1504,1286.44,0.00,37.67,16.06,0.14,-1,-1,-1
70,1505,618.60,539.64,43.92,33.67,0.47,-1,-1,-1
70,1507,1613.50,770.52,39.15,32.74,0.49,-1,-1,-1
70,1509,1392.04,107.66,39.48,35.88,0.56,-1,-1,-1
70,1510,1412.31,157.78,24.02,35.85,0.23,-1,-1,-1
70,1514,1381.83,739.15,108.37,62.33,0.56,-1,-1,-1
70,1515,1093.14,346.52,21.83,39.56,0.26,-1,-1,-1
70,1516,996.08,586.44,22.17,42.08,0.50,-1,-1,-1
70,1518,956.93,709.89,56.67,108.88,0.82,-1,-1,-1
70,1520,840.72,246.68,59.19,115.81,0.80,-1,-1,-1
70,1521,1080.34,405.08,21.76,37.68,0.62,-1,-1,-1
70,1523,1363.60,291.06,33.21,31.17,0.58,-1,-1,-1
70,1524,774.99,254.53,54.14,112.17,0.81,-1,-1,-1
70,1525,646.09,992.26,115.52,71.83,0.64,-1,-1,-1
70,1527,963.07,988.07,66.76,82.93,0.74,-1,-1,-1
70,1512,1197.96,921.49,53.27,105.08,0.49,-1,-1,-1
71,1473,1283.89,371.91,140.74,58.08,0.82,-1,-1,-1
71,1474,1835.92,207.12,68.08,94.47,0.80,-1,-1,-1
71,1475,1634.10,661.81,105.06,102.04,0.87,-1,-1,-1
71,1476,99.61,469.78,125.08,54.80,0.86,-1,-1,-1
71,1477,1032.88,213.18,118.60,104.16,0.84,-1,-1,-1
71,1481,863.56,771.22,53.72,104.75,0.79,-1,-1,-1
71,1482,1246.56,303.37,106.99,53.47,0.77,-1,-1,-1
71,1483,1865.39,644.64,38.61,93.65,0.66,-1,-1,-1
71,1484,933.59,295.81,54.80,110.17,0.86,-1,-1,-1
71,1485,1009.92,352.27,51.57,102.44,0.85,-1,-1,-1
71,1487,1785.13,648.67,100.71,110.65,0.77,-1,-1,-1
71,1489,825.14,931.63,59.35,114.87,0.80,-1,-1,-1
71,1491,264.79,465.20,121.33,57.36,0.84,-1,-1,-1
71,1492,1721.67,675.97,94.93,99.89,0.82,-1,-1,-1
71,1493,403.14,465.35,104.31,55.62,0.76,-1,-1,-1
71,1494,966.68,112.52,53.37,96.65,0.79,-1,-1,-1
71,1495,1657.82,598.77,111.79,48.10,0.77,-1,-1,-1
71,1496,1449.69,384.33,102.37,49.92,0.81,-1,-1,-1
71,1497,1102.77,535.89,73.22,112.85,0.90,-1,-1,-1
71,1498,1165.55,323.19,53.24,33.20,0.65,-1,-1,-1
71,1499,1203.34,19.87,91.33,51.90,0.70,-1,-1,-1
71,1500,280.24,725.93,98.44,53.10,0.27,-1,-1,-1
71,1501,104.69,339.10,132.89,65.28,0.87,-1,-1,-1
71,1503,1156.98,267.62,34.61,27.43,0.38,-1,-1,-1
71,1504,1286.98,0.00,38.45,16.20,0.25,-1,-1,-1
71,1505,618.40,539.38,44.29,34.21,0.37,-1,-1,-1
71,1507,1615.81,772.25,37.42,31.25,0.44,-1,-1,-1
71,1509,1392.44,106.94,39.89,36.37,0.67,-1,-1,-1
71,1510,1412.69,156.77,24.53,36.95,0.41,-1,-1,-1
71,1514,1382.04,739.44,108.66,62.49,0.57,-1,-1,-1
71,1515,1093.06,345.66,22.44,40.59,0.63,-1,-1,-1
71,1516,995.62,579.46,21.93,41.43,0.44,-1,-1,-1
71,1518,956.99,701.63,56.26,108.13,0.82,-1,-1,-1
71,1520,841.75,256.48,58.20,115.18,0.78,-1,-1,-1
71,1521,1080.64,402.43,21.49,37.14,0.62,-1,-1,-1
71,1523,1363.30,291.03,33.49,31.27,0.60,-1,-1,-1
71,1524,775.45,271.22,54.31,112.55,0.83,-1,-1,-1
71,1525,646.19,995.59,114.48,70.63,0.63,-1,-1,-1
71,1527,959.91,978.26,73.25,91.73,0.69,-1,-1,-1
71,1512,1198.00,921.47,54.79,109.16,0.52,-1,-1,-1
72,1473,1284.20,371.37,141.78,58.61,0.81,-1,-1,-1
72,1474,1837.60,208.76,66.40,91.89,0.80,-1,-1,-1
72,1475,1634.97,661.53,104.99,102.26,0.86,-1,-1,-1
72,1476,99.03,469.46,124.94,54.85,0.85,-1,-1,-1
72,1477,1033.68,211.13,116.19,103.83,0.85,-1,-1,-1
72,1481,863.61,777.55,53.57,104.74,0.78,-1,-1,-1
72,1482,1246.53,303.21,106.23,53.15,0.71,-1,-1,-1
72,1483,1866.96,644.12,37.04,89.72,0.67,-1,-1,-1
72,1484,933.57,286.89,55.57,111.66,0.86,-1,-1,-1
72,1485,1009.52,347.49,52.09,103.09,0.87,-1,-1,-1
72,1487,1785.53,648.78,100.96,111.15,0.78,-1,-1,-1
72,1489,826.26,939.68,58.92,113.89,0.80,-1,-1,-1
72,1491,265.36,465.10,121.41,57.51,0.84,-1,-1,-1
72,1492,1723.71,678.87,93.31,97.93,0.80,-1,-1,-1
72,1493,405.62,465.46,105.98,56.24,0.76,-1,-1,-1
72,1494,965.83,104.18,53.77,98.16,0.72,-1,-1,-1
72,1495,1657.91,598.36,113.58,48.89,0.70,-1,-1,-1
72,1496,1450.67,384.18,102.65,50.12,0.81,-1,-1,-1
72,1497,1106.01,531.19,74.54,112.06,0.89,-1,-1,-1
72,1498,1165.86,322.94,53.04,33.14,0.69,-1,-1,-1
72,1499,1204.54,19.44,91.11,51.81,0.70,-1,-1,-1
72,1500,283.54,723.30,98.71,52.99,0.23,-1,-1,-1
72,1501,89.71,338.77,132.29,64.71,0.87,-1,-1,-1
72,1503,1157.89,267.87,33.95,27.12,0.39,-1,-1,-1
72,1504,1287.35,0.00,38.09,15.82,0.34,-1,-1,-1
72,1505,618.18,538.69,45.00,35.04,0.43,-1,-1,-1
72,1507,1611.78,764.64,44.78,38.04,0.54,-1,-1,-1
72,1509,1393.55,106.39,39.82,36.44,0.61,-1,-1,-1
72,1510,1413.35,155.75,24.96,37.84,0.56,-1,-1,-1
72,1514,1382.49,739.83,109.05,62.72,0.64,-1,-1,-1
72,1515,1093.28,343.97,22.75,41.20,0.63,-1,-1,-1
72,1516,995.22,570.91,22.43,42.23,0.50,-1,-1,-1
72,1518,957.38,693.43,56.47,108.63,0.88,-1,-1,-1
72,1520,842.06,265.88,57.97,115.73,0.82,-1,-1,-1
72,1521,1080.86,400.38,21.27,36.68,0.67,-1,-1,-1
72,1523,1362.04,290.20,34.42,32.02,0.61,-1,-1,-1
72,1524,776.35,288.07,54.41,112.58,0.80,-1,-1,-1
72,1525,647.99,999.89,111.39,67.94,0.60,-1,-1,-1
72,1527,956.85,968.95,79.82,101.23,0.76,-1,-1,-1
72,1512,1198.42,921.61,55.05,110.63,0.55,-1,-1,-1
73,1473,1284.96,371.17,140.88,58.30,0.80,-1,-1,-1
73,1474,1839.80,210.73,64.20,88.04,0.77,-1,-1,-1
73,1475,1636.15,661.11,104.97,102.55,0.85,-1,-1,-1
73,1476,98.96,469.12,124.52,54.81,0.84,-1,-1,-1
73,1477,1033.64,208.15,115.01,104.71,0.84,-1,-1,-1
73,1481,863.40,785.11,53.73,105.05,0.76,-1,-1,-1
73,1482,1246.01,302.09,106.86,53.61,0.69,-1,-1,-1
73,1483,1867.91,644.90,36.09,88.86,0.68,-1,-1,-1
73,1484,934.13,280.23,54.68,109.71,0.78,-1,-1,-1
73,1485,1009.26,343.34,52.51,103.79,0.88,-1,-1,-1
73,1487,1785.90,648.90,100.35,110.92,0.78,-1,-1,-1
73,1489,827.76,947.00,58.27,112.08,0.78,-1,-1,-1
73,1491,265.01,464.75,122.09,57.96,0.84,-1,-1,-1
73,1492,1725.00,679.98,92.74,96.92,0.78,-1,-1,-1
73,1493,405.96,465.18,107.24,56.68,0.75,-1,-1,-1
73,1494,965.69,95.93,52.48,95.90,0.81,-1,-1,-1
73,1495,1659.47,598.26,113.26,48.69,0.79,-1,-1,-1
73,1496,1451.60,383.65,102.56,50.11,0.80,-1,-1,-1
73,1497,1110.59,527.63,75.06,109.87,0.83,-1,-1,-1
73,1498,1164.92,322.22,53.74,33.77,0.60,-1,-1,-1
73,1499,1206.18,18.76,89.58,50.80,0.70,-1,-1,-1
73,1500,280.45,727.17,95.04,50.94,0.26,-1,-1,-1
73,1501,74.29,338.15,132.05,64.22,0.89,-1,-1,-1
73,1503,1157.90,268.59,32.70,26.46,0.36,-1,-1,-1
73,1505,618.40,538.95,43.25,33.81,0.42,-1,-1,-1
73,1507,1615.40,769.38,41.27,35.31,0.37,-1,-1,-1
73,1509,1394.26,106.14,39.72,36.45,0.65,-1,-1,-1
73,1510,1414.24,154.81,25.24,38.54,0.55,-1,-1,-1
73,1514,1383.89,740.04,108.39,62.28,0.66,-1,-1,-1
73,1515,1093.48,342.66,22.81,41.35,0.71,-1,-1,-1
73,1516,994.66,563.04,22.94,42.98,0.60,-1,-1,-1
73,1518,957.65,687.11,56.21,107.84,0.83,-1,-1,-1
73,1520,842.95,275.48,57.49,115.73,0.79,-1,-1,-1
73,1521,1080.56,397.03,21.65,37.28,0.65,-1,-1,-1
73,1523,1361.82,289.97,34.55,32.06,0.56,-1,-1,-1
73,1524,776.97,304.81,53.90,111.11,0.82,-1,-1,-1
73,1525,648.50,1002.39,110.10,66.31,0.54,-1,-1,-1
73,1527,954.12,959.69,85.75,110.64,0.74,-1,-1,-1
73,1512,1200.74,922.68,51.81,103.98,0.52,-1,-1,-1
74,1473,1285.70,371.02,140.21,58.11,0.81,-1,-1,-1
74,1474,1841.56,210.88,62.44,86.43,0.75,-1,-1,-1
74,1475,1637.39,660.77,104.73,102.53,0.84,-1,-1,-1
74,1476,98.65,468.97,123.78,54.52,0.83,-1,-1,-1
74,1477,1031.44,202.57,115.81,107.49,0.81,-1,-1,-1
74,1481,864.18,791.06,53.74,104.80,0.82,-1,-1,-1
74,1482,1244.79,300.83,108.48,54.68,0.67,-1,-1,-1
74,1483,1869.28,645.13,34.72,85.83,0.69,-1,-1,-1
74,1484,933.88,271.83,55.10,110.36,0.87,-1,-1,-1
74,1485,1009.22,339.04,52.70,103.99,0.89,-1,-1,-1
74,1487,1786.56,649.83,99.58,110.52,0.79,-1,-1,-1
74,1489,829.28,953.77,57.06,109.33,0.75,-1,-1,-1
74,1491,264.55,464.36,122.37,58.23,0.84,-1,-1,-1
74,1492,1726.19,680.20,92.70,96.53,0.76,-1,-1,-1
74,1493,404.74,464.53,108.42,57.09,0.76,-1,-1,-1
74,1494,965.37,87.22,52.40,96.08,0.75,-1,-1,-1
74,1495,1661.12,598.13,112.40,48.28,0.69,-1,-1,-1
74,1496,1452.37,383.38,101.78,49.72,0.80,-1,-1,-1
74,1497,1114.50,523.13,76.29,108.81,0.88,-1,-1,-1
74,1498,1165.46,322.26,52.73,33.20,0.66,-1,-1,-1
74,1499,1205.10,17.50,90.62,51.40,0.71,-1,-1,-1
74,1500,278.90,728.21,94.41,50.58,0.24,-1,-1,-1
74,1501,56.23,336.80,134.37,65.27,0.82,-1,-1,-1
74,1503,1158.26,268.78,32.64,26.48,0.34,-1,-1,-1
74,1505,618.34,538.58,43.03,33.77,0.40,-1,-1,-1
74,1507,1617.38,771.20,38.77,33.23,0.37,-1,-1,-1
74,1509,1395.24,105.71,39.46,36.21,0.67,-1,-1,-1
74,1510,1415.55,154.68,24.84,37.91,0.50,-1,-1,-1
74,1514,1384.40,740.00,109.04,62.62,0.49,-1,-1,-1
74,1515,1093.60,340.27,22.51,40.80,0.60,-1,-1,-1
74,1516,994.33,556.61,22.31,41.59,0.61,-1,-1,-1
74,1518,957.30,678.71,56.33,108.15,0.84,-1,-1,-1
74,1520,843.59,285.25,56.75,115.04,0.82,-1,-1,-1
74,1521,1080.65,395.13,21.35,36.81,0.68,-1,-1,-1
74,1523,1362.10,290.51,34.06,31.28,0.55,-1,-1,-1
74,1524,777.40,321.77,54.45,112.00,0.83,-1,-1,-1
74,1525,651.70,1008.03,103.57,60.96,0.46,-1,-1,-1
74,1527,952.95,949.82,87.58,115.29,0.78,-1,-1,-1
74,1512,1202.25,923.20,49.71,99.18,0.55,-1,-1,-1
74,1528,1562.71,373.09,72.52,35.31,0.68,-1,-1,-1
75,1473,1285.97,370.73,140.04,58.17,0.81,-1,-1,-1
75,1474,1842.86,210.31,61.14,85.52,0.75,-1,-1,-1
75,1475,1638.48,660.44,104.53,102.56,0.84,-1,-1,-1
75,1476,97.88,468.21,124.69,55.04,0.83,-1,-1,-1
75,1477,1030.95,198.68,114.17,107.99,0.82,-1,-1,-1
75,1481,864.16,795.88,54.46,106.10,0.82,-1,-1,-1
75,1482,1244.02,299.29,109.21,55.32,0.69,-1,-1,-1
75,1483,1870.75,644.81,33.25,83.33,0.68,-1,-1,-1
75,1484,933.79,262.86,55.74,111.70,0.87,-1,-1,-1
75,1485,1008.59,334.29,53.34,105.30,0.82,-1,-1,-1
75,1487,1787.81,649.25,99.62,110.72,0.80,-1,-1,-1
75,1489,829.88,959.75,56.70,108.13,0.72,-1,-1,-1
75,1491,263.97,463.44,122.88,58.66,0.83,-1,-1,-1
75,1492,1726.86,678.80,94.19,98.08,0.77,-1,-1,-1
75,1493,403.71,463.81,108.85,57.18,0.75,-1,-1,-1
75,1494,964.44,79.00,52.71,97.06,0.69,-1,-1,-1
75,1495,1662.60,597.98,111.70,48.00,0.65,-1,-1,-1
75,1496,1452.41,382.39,102.52,50.19,0.78,-1,-1,-1
75,1497,1118.49,518.70,78.27,108.70,0.90,-1,-1,-1
75,1498,1166.28,322.29,51.31,32.34,0.68,-1,-1,-1
75,1499,1204.82,16.31,91.13,51.66,0.57,-1,-1,-1
75,1500,277.66,727.98,94.56,50.90,0.20,-1,-1,-1
75,1501,40.49,335.85,133.63,64.58,0.84,-1,-1,-1
75,1503,1159.41,268.61,30.89,25.04,0.34,-1,-1,-1
75,1505,618.25,538.21,43.03,33.89,0.52,-1,-1,-1
75,1507,1617.03,771.10,40.56,35.06,0.38,-1,-1,-1
75,1509,1395.76,105.27,39.52,36.30,0.63,-1,-1,-1
75,1510,1416.40,154.66,24.29,37.00,0.40,-1,-1,-1
75,1514,1384.40,739.45,110.19,63.36,0.35,-1,-1,-1
75,1515,1093.27,337.28,22.79,41.36,0.44,-1,-1,-1
75,1516,993.57,548.30,22.55,42.01,0.49,-1,-1,-1
75,1518,957.71,671.09,56.18,107.72,0.87,-1,-1,-1
75,1520,844.50,295.46,56.33,114.77,0.81,-1,-1,-1
75,1521,1080.89,393.19,21.03,36.26,0.63,-1,-1,-1
75,1523,1361.24,290.69,34.52,31.30,0.57,-1,-1,-1
75,1524,777.62,339.00,54.77,112.29,0.82,-1,-1,-1
75,1525,651.92,1010.00,102.43,59.11,0.53,-1,-1,-1
75,1527,953.92,940.97,86.71,116.59,0.78,-1,-1,-1
75,1512,1202.64,923.51,49.43,98.16,0.57,-1,-1,-1
75,1528,1563.25,371.98,72.98,35.55,0.68,-1,-1,-1
75,1529,1546.58,44.95,28.49,41.23,0.51,-1,-1,-1
75,1506,1445.83,137.15,35.42,32.66,0.52,-1,-1,-1
76,1473,1285.54,369.46,141.21,58.87,0.83,-1,-1,-1
76,1474,1843.28,209.98,60.72,87.11,0.76,-1,-1,-1
76,1475,1639.46,660.80,104.88,103.12,0.84,-1,-1,-1
76,1476,97.33,467.64,125.35,55.47,0.83,-1,-1,-1
76,1477,1030.02,193.30,114.32,110.40,0.82,-1,-1,-1
76,1481,864.66,801.20,54.46,106.09,0.81,-1,-1,-1
76,1482,1243.76,300.30,106.99,54.30,0.68,-1,-1,-1
76,1483,1871.64,644.45,32.36,83.16,0.66,-1,-1,-1
76,1484,935.17,256.33,54.83,110.61,0.79,-1,-1,-1
76,1485,1008.65,330.94,52.87,104.16,0.81,-1,-1,-1
76,1487,1789.12,648.97,99.38,110.64,0.80,-1,-1,-1
76,1489,831.26,965.57,55.29,104.80,0.67,-1,-1,-1
76,1491,263.24,462.54,123.89,59.37,0.83,-1,-1,-1
76,1492,1727.75,678.31,94.82,98.82,0.77,-1,-1,-1
76,1493,403.36,462.78,109.79,57.53,0.76,-1,-1,-1
76,1494,964.02,70.13,52.04,95.95,0.59,-1,-1,-1
76,1495,1663.41,597.69,112.28,48.26,0.64,-1,-1,-1
76,1496,1453.07,381.44,101.95,49.84,0.78,-1,-1,-1
76,1497,1123.34,513.61,80.03,108.09,0.86,-1,-1,-1
76,1498,1167.38,321.96,50.28,31.71,0.68,-1,-1,-1
76,1499,1204.82,14.80,92.12,52.27,0.59,-1,-1,-1
76,1500,278.45,728.43,93.58,50.36,0.24,-1,-1,-1
76,1501,24.06,335.37,132.51,63.70,0.90,-1,-1,-1
76,1503,1159.21,268.62,30.00,24.53,0.31,-1,-1,-1
76,1505,618.18,537.89,42.95,34.00,0.42,-1,-1,-1
76,1507,1618.61,769.13,39.66,34.32,0.40,-1,-1,-1
76,1509,1396.47,104.79,39.55,36.32,0.61,-1,-1,-1
76,1510,1417.10,154.04,24.07,36.72,0.42,-1,-1,-1
76,1514,1385.42,739.30,109.75,63.08,0.46,-1,-1,-1
76,1515,1093.20,335.93,22.58,40.93,0.57,-1,-1,-1
76,1516,993.24,539.65,22.87,42.51,0.56,-1,-1,-1
76,1518,957.77,664.04,56.06,107.20,0.83,-1,-1,-1
76,1520,845.09,303.80,56.17,115.15,0.84,-1,-1,-1
76,1521,1080.95,389.84,20.99,36.19,0.67,-1,-1,-1
76,1523,1360.27,291.12,34.21,30.56,0.58,-1,-1,-1
76,1524,778.73,355.79,54.40,111.00,0.81,-1,-1,-1
76,1525,650.87,1009.58,104.09,59.12,0.53,-1,-1,-1
76,1527,953.47,929.88,86.90,119.66,0.82,-1,-1,-1
76,1512,1202.68,923.57,49.66,98.19,0.51,-1,-1,-1
76,1528,1563.35,370.28,75.13,36.65,0.63,-1,-1,-1
76,1529,1547.34,44.72,28.44,41.20,0.47,-1,-1,-1
76,1506,1446.39,136.92,36.39,33.65,0.40,-1,-1,-1
77,1473,1285.20,368.10,142.53,59.71,0.83,-1,-1,-1
77,1474,1844.14,210.10,59.86,86.56,0.76,-1,-1,-1
77,1475,1639.79,660.74,104.60,102.91,0.85,-1,-1,-1
77,1476,95.86,466.33,127.40,56.55,0.83,-1,-1,-1
77,1477,1029.67,188.69,112.93,111.15,0.85,-1,-1,-1
77,1481,864.64,808.22,54.16,105.43,0.79,-1,-1,-1
77,1482,1241.83,299.26,106.86,54.35,0.74,-1,-1,-1
77,1483,1871.10,643.18,32.90,83.83,0.66,-1,-1,-1
77,1484,934.64,247.23,54.91,110.66,0.87,-1,-1,-1
77,1485,1008.80,326.64,52.47,102.96,0.86,-1,-1,-1
77,1487,1789.60,648.99,98.99,110.21,0.81,-1,-1,-1
77,1489,833.26,971.46,53.48,99.54,0.70,-1,-1,-1
77,1491,262.84,461.98,123.77,59.47,0.84,-1,-1,-1
77,1492,1728.43,678.24,94.53,98.52,0.77,-1,-1,-1
77,1493,402.75,461.50,110.89,57.98,0.77,-1,-1,-1
77,1494,963.38,60.51,51.72,95.68,0.62,-1,-1,-1
77,1495,1663.50,596.95,113.23,48.73,0.72,-1,-1,-1
77,1496,1453.40,380.56,101.36,49.43,0.76,-1,-1,-1
77,1497,1127.92,508.99,79.85,104.30,0.85,-1,-1,-1
77,1498,1167.18,321.55,50.63,31.90,0.65,-1,-1,-1
77,1499,1204.96,13.22,92.72,52.73,0.40,-1,-1,-1
77,1500,277.93,729.65,90.53,48.77,0.21,-1,-1,-1
77,1501,7.30,333.88,135.20,64.71,0.82,-1,-1,-1
77,1503,1159.03,268.45,30.33,24.72,0.36,-1,-1,-1
77,1505,618.12,537.17,42.73,33.98,0.59,-1,-1,-1
77,1507,1613.77,761.07,47.71,42.10,0.46,-1,-1,-1
77,1509,1397.39,104.11,39.17,35.97,0.64,-1,-1,-1
77,1510,1417.35,152.50,24.40,37.12,0.38,-1,-1,-1
77,1514,1386.04,738.80,109.30,62.65,0.48,-1,-1,-1
77,1515,1092.50,333.85,22.35,40.50,0.62,-1,-1,-1
77,1516,992.58,532.15,22.73,41.98,0.64,-1,-1,-1
77,1518,957.36,654.35,56.12,107.25,0.83,-1,-1,-1
77,1520,845.27,312.65,56.20,115.67,0.83,-1,-1,-1
77,1521,1080.50,385.71,21.41,36.90,0.67,-1,-1,-1
77,1523,1358.80,291.13,34.38,30.28,0.57,-1,-1,-1
77,1524,779.20,372.73,54.27,110.50,0.82,-1,-1,-1
77,1525,650.36,1010.55,104.16,58.18,0.48,-1,-1,-1
77,1527,955.56,921.14,83.26,117.37,0.78,-1,-1,-1
77,1512,1202.27,922.62,50.80,100.24,0.47,-1,-1,-1
77,1528,1563.75,370.54,73.91,36.03,0.66,-1,-1,-1
77,1529,1548.41,44.70,27.34,39.68,0.51,-1,-1,-1
77,1506,1446.72,135.32,35.69,32.81,0.24,-1,-1,-1
78,1473,1284.94,367.16,143.41,60.37,0.83,-1,-1,-1
78,1474,1845.05,210.03,58.95,85.31,0.75,-1,-1,-1
78,1475,1640.33,660.54,104.30,102.65,0.85,-1,-1,-1
78,1476,94.70,465.28,128.95,57.46,0.83,-1,-1,-1
78,1477,1028.87,184.20,111.30,111.88,0.85,-1,-1,-1
78,1481,865.11,813.86,54.12,105.20,0.80,-1,-1,-1
78,1482,1239.56,298.45,108.37,55.31,0.63,-1,-1,-1
78,1483,1870.28,641.80,33.72,89.29,0.67,-1,-1,-1
78,1484,934.10,238.51,55.74,112.59,0.89,-1,-1,-1
78,1485,1008.18,321.53,53.22,104.25,0.87,-1,-1,-1
78,1487,1791.04,648.95,98.75,109.75,0.81,-1,-1,-1
78,1489,835.00,977.87,51.00,93.13,0.78,-1,-1,-1
78,1491,262.32,461.70,123.78,59.60,0.83,-1,-1,-1
78,1492,1729.11,678.10,94.28,98.28,0.79,-1,-1,-1
78,1493,402.12,460.81,111.47,58.16,0.75,-1,-1,-1
78,1494,962.93,52.24,51.55,95.63,0.74,-1,-1,-1
78,1495,1663.41,596.41,114.22,49.27,0.70,-1,-1,-1
78,1496,1453.49,380.21,102.32,49.98,0.76,-1,-1,-1
78,1497,1133.11,505.42,81.20,102.79,0.86,-1,-1,-1
78,1498,1167.14,321.10,50.44,31.70,0.65,-1,-1,-1
78,1499,1204.81,12.66,93.86,53.49,0.14,-1,-1,-1
78,1500,278.00,730.20,88.48,47.70,0.20,-1,-1,-1
78,1501,0.00,332.98,130.23,65.05,0.87,-1,-1,-1
78,1503,1157.30,266.56,32.24,26.94,0.13,-1,-1,-1
78,1505,617.91,536.84,42.73,34.20,0.58,-1,-1,-1
78,1507,1612.40,756.90,50.19,45.19,0.46,-1,-1,-1
78,1509,1398.00,103.55,39.02,35.78,0.59,-1,-1,-1
78,1510,1417.46,151.98,24.44,37.08,0.37,-1,-1,-1
78,1514,1385.93,738.68,109.52,62.58,0.41,-1,-1,-1
78,1515,1091.70,331.35,22.78,41.41,0.64,-1,-1,-1
78,1516,991.73,523.71,23.18,42.70,0.44,-1,-1,-1
78,1518,957.29,646.66,56.09,107.03,0.85,-1,-1,-1
78,1520,845.62,321.89,55.78,115.32,0.82,-1,-1,-1
78,1521,1079.71,382.40,21.83,37.75,0.63,-1,-1,-1
78,1523,1357.21,290.80,35.31,30.85,0.57,-1,-1,-1
78,1524,779.44,389.20,54.98,111.84,0.86,-1,-1,-1
78,1525,648.26,1008.62,108.75,60.13,0.59,-1,-1,-1
78,1527,956.25,912.33,81.14,117.20,0.80,-1,-1,-1
78,1512,1200.52,922.23,54.39,108.05,0.42,-1,-1,-1
78,1528,1562.89,369.18,75.51,36.83,0.68,-1,-1,-1
78,1529,1548.81,44.18,26.93,39.10,0.50,-1,-1,-1
78,1506,1445.77,134.37,38.29,35.39,0.31,-1,-1,-1
79,1473,1285.82,367.03,142.38,60.16,0.82,-1,-1,-1
79,1474,1846.59,210.60,57.41,84.31,0.74,-1,-1,-1
79,1475,1640.91,659.76,104.55,102.82,0.85,-1,-1,-1
79,1476,95.11,465.43,128.22,57.31,0.83,-1,-1,-1
79,1477,1027.76,179.61,110.40,113.50,0.84,-1,-1,-1
79,1481,865.17,818.84,54.68,106.31,0.82,-1,-1,-1
79,1482,1239.06,298.61,107.92,55.23,0.57,-1,-1,-1
79,1483,1871.18,640.77,32.82,91.38,0.64,-1,-1,-1
79,1484,935.29,232.71,54.62,111.08,0.79,-1,-1,-1
79,1485,1007.97,318.04,53.42,104.43,0.87,-1,-1,-1
79,1487,1792.22,648.83,98.99,109.77,0.82,-1,-1,-1
79,1489,836.12,983.79,49.00,87.21,0.73,-1,-1,-1
79,1491,262.40,461.77,123.05,59.34,0.84,-1,-1,-1
79,1492,1729.45,678.05,94.04,98.00,0.80,-1,-1,-1
79,1493,402.20,460.54,111.65,58.13,0.76,-1,-1,-1
79,1494,962.45,44.51,51.19,94.76,0.69,-1,-1,-1
79,1495,1663.11,595.75,115.42,49.94,0.70,-1,-1,-1
79,1496,1454.03,380.00,102.36,50.09,0.76,-1,-1,-1
79,1497,1137.98,502.15,83.08,102.21,0.89,-1,-1,-1
79,1498,1166.74,320.83,50.78,31.87,0.66,-1,-1,-1
79,1499,1206.82,12.25,91.82,52.41,0.45,-1,-1,-1
79,1500,278.01,729.81,88.93,47.95,0.22,-1,-1,-1
79,1501,0.00,331.51,120.19,66.68,0.74,-1,-1,-1
79,1503,1154.49,268.18,31.85,26.90,0.48,-1,-1,-1
79,1505,618.43,536.95,42.14,33.76,0.56,-1,-1,-1
79,1507,1612.14,754.81,50.59,46.36,0.43,-1,-1,-1
79,1509,1398.34,102.66,39.18,35.96,0.58,-1,-1,-1
79,1510,1417.59,151.00,24.77,37.61,0.38,-1,-1,-1
79,1514,1386.27,738.43,109.89,62.64,0.37,-1,-1,-1
79,1515,1091.73,329.40,22.35,40.52,0.63,-1,-1,-1
79,1516,990.67,515.75,23.50,42.87,0.58,-1,-1,-1
79,1518,956.85,638.90,55.86,106.56,0.78,-1,-1,-1
79,1520,846.41,331.84,55.27,114.57,0.84,-1,-1,-1
79,1521,1079.47,379.53,21.64,37.42,0.68,-1,-1,-1
79,1523,1356.41,291.31,36.16,31.64,0.56,-1,-1,-1
79,1524,779.58,404.59,55.91,113.62,0.87,-1,-1,-1
79,1525,647.25,1007.92,111.11,60.86,0.55,-1,-1,-1
79,1527,956.57,902.32,80.00,118.64,0.86,-1,-1,-1
79,1512,1202.51,922.03,51.70,102.33,0.37,-1,-1,-1
79,1528,1562.95,368.92,76.04,37.11,0.54,-1,-1,-1
79,1529,1548.39,43.51,26.95,39.00,0.47,-1,-1,-1
79,1506,1445.96,133.68,37.97,35.14,0.42,-1,-1,-1
79,1531,1285.99,342.07,29.78,25.32,0.67,-1,-1,-1
80,1473,1287.46,367.92,140.25,59.37,0.82,-1,-1,-1
80,1474,1846.91,210.45,57.09,84.65,0.73,-1,-1,-1
80,1475,1641.29,659.49,104.66,102.79,0.85,-1,-1,-1
80,1476,94.85,465.11,128.35,57.58,0.83,-1,-1,-1
80,1477,1028.17,175.54,107.74,113.12,0.84,-1,-1,-1
80,1481,865.10,824.47,54.60,106.14,0.80,-1,-1,-1
80,1482,1235.92,296.49,112.45,58.28,0.60,-1,-1,-1
80,1483,1871.64,640.48,32.36,92.55,0.65,-1,-1,-1
80,1484,934.71,223.72,54.70,111.37,0.86,-1,-1,-1
80,1485,1007.44,313.56,53.77,105.04,0.87,-1,-1,-1
80,1487,1792.10,648.66,97.94,108.43,0.82,-1,-1,-1
80,1489,837.72,990.31,46.40,80.69,0.75,-1,-1,-1
80,1491,262.52,461.77,122.03,58.89,0.83,-1,-1,-1
80,1492,1729.52,678.00,94.08,98.06,0.79,-1,-1,-1
80,1493,402.00,460.49,111.64,58.00,0.76,-1,-1,-1
80,1494,961.68,34.78,51.92,96.40,0.73,-1,-1,-1
80,1495,1663.26,595.54,115.67,50.21,0.72,-1,-1,-1
80,1496,1454.60,379.94,102.02,50.01,0.76,-1,-1,-1
80,1497,1143.06,499.51,84.43,100.89,0.87,-1,-1,-1
80,1498,1166.40,320.78,50.59,31.68,0.67,-1,-1,-1
80,1499,1207.82,12.05,90.79,51.85,0.50,-1,-1,-1
80,1500,277.79,728.87,90.46,48.77,0.20,-1,-1,-1
80,1501,0.00,331.18,109.53,67.21,0.75,-1,-1,-1
80,1503,1153.50,269.41,31.18,26.26,0.52,-1,-1,-1
80,1505,618.35,536.92,42.47,34.12,0.61,-1,-1,-1
80,1507,1608.51,748.30,53.42,50.08,0.41,-1,-1,-1
80,1509,1398.66,102.33,39.15,35.89,0.56,-1,-1,-1
80,1510,1417.70,150.59,24.94,37.83,0.38,-1,-1,-1
80,1514,1385.94,738.29,110.44,62.83,0.35,-1,-1,-1
80,1515,1091.12,327.16,22.37,40.25,0.70,-1,-1,-1
80,1516,990.79,509.18,23.34,42.50,0.58,-1,-1,-1
80,1518,956.57,630.16,56.13,107.05,0.83,-1,-1,-1
80,1520,846.75,342.20,54.94,114.25,0.82,-1,-1,-1
80,1521,1079.05,377.19,21.28,36.73,0.65,-1,-1,-1
80,1523,1355.80,292.77,36.55,32.00,0.47,-1,-1,-1
80,1524,780.67,421.33,55.65,113.37,0.85,-1,-1,-1
80,1525,647.04,1009.04,110.42,59.81,0.49,-1,-1,-1
80,1527,957.62,893.20,78.23,118.78,0.79,-1,-1,-1
80,1512,1203.05,922.29,50.45,99.21,0.42,-1,-1,-1
80,1528,1562.71,368.45,76.57,37.41,0.52,-1,-1,-1
80,1529,1549.11,44.36,26.32,38.01,0.44,-1,-1,-1
80,1506,1446.77,132.97,37.21,34.30,0.41,-1,-1,-1
80,1531,1288.76,342.43,29.75,25.19,0.66,-1,-1,-1
81,1473,1288.23,368.12,139.15,59.00,0.82,-1,-1,-1
81,1474,1847.97,210.46,56.03,82.76,0.75,-1,-1,-1
81,1475,1641.18,659.44,104.95,103.02,0.86,-1,-1,-1
81,1476,93.78,464.35,129.59,58.43,0.83,-1,-1,-1
81,1477,1028.14,170.41,106.39,114.04,0.85,-1,-1,-1
81,1481,864.84,831.60,54.34,105.51,0.76,-1,-1,-1
81,1482,1236.11,296.02,110.98,57.99,0.61,-1,-1,-1
81,1483,1871.87,640.87,32.13,92.80,0.67,-1,-1,-1
81,1484,934.37,215.32,55.01,112.35,0.87,-1,-1,-1
81,1485,1006.83,309.57,54.28,106.09,0.82,-1,-1,-1
81,1487,1791.54,648.65,99.17,109.91,0.81,-1,-1,-1
81,1489,839.66,996.44,43.06,72.59,0.74,-1,-1,-1
81,1491,262.46,461.85,121.37,58.61,0.83,-1,-1,-1
81,1492,1729.59,678.02,94.10,98.09,0.80,-1,-1,-1
81,1493,401.49,460.56,111.34,57.77,0.76,-1,-1,-1
81,1494,961.01,27.47,51.36,95.70,0.66,-1,-1,-1
81,1495,1663.67,595.62,115.16,50.08,0.69,-1,-1,-1
81,1496,1455.07,380.02,101.57,49.84,0.77,-1,-1,-1
81,1497,1148.01,497.25,84.33,97.63,0.88,-1,-1,-1
81,1498,1165.84,320.79,50.17,31.31,0.62,-1,-1,-1
81,1499,1207.96,11.83,90.26,51.57,0.64,-1,-1,-1
81,1500,276.59,727.36,92.83,50.17,0.36,-1,-1,-1
81,1501,0.00,330.47,97.98,66.90,0.71,-1,-1,-1
81,1503,1152.26,269.84,31.23,26.38,0.56,-1,-1,-1
81,1505,618.60,537.10,41.87,33.61,0.54,-1,-1,-1
81,1507,1605.71,744.28,52.57,50.94,0.21,-1,-1,-1
81,1509,1398.59,101.51,39.72,36.46,0.58,-1,-1,-1
81,1510,1417.60,150.14,24.94,37.89,0.38,-1,-1,-1
81,1514,1387.23,737.98,110.12,62.77,0.14,-1,-1,-1
81,1515,1090.26,324.94,22.60,40.36,0.72,-1,-1,-1
81,1516,989.72,502.50,23.27,42.34,0.46,-1,-1,-1
81,1518,956.38,622.60,56.28,107.36,0.84,-1,-1,-1
81,1520,846.92,351.60,54.68,113.98,0.83,-1,-1,-1
81,1521,1078.47,374.57,21.29,36.73,0.62,-1,-1,-1
81,1523,1354.77,293.58,36.09,31.52,0.49,-1,-1,-1
81,1524,781.37,438.29,55.62,113.41,0.86,-1,-1,-1
81,1525,645.72,1009.16,111.84,60.08,0.44,-1,-1,-1
81,1527,957.84,883.97,76.37,118.61,0.82,-1,-1,-1
81,1512,1203.16,922.45,50.41,98.69,0.30,-1,-1,-1
81,1528,1562.93,368.63,76.35,37.32,0.52,-1,-1,-1
81,1529,1549.95,43.60,26.78,38.77,0.39,-1,-1,-1
81,1506,1447.42,133.05,35.53,32.39,0.30,-1,-1,-1
81,1531,1292.00,341.93,31.14,26.17,0.65,-1,-1,-1
82,1473,1288.60,368.43,138.44,58.77,0.82,-1,-1,-1
82,1474,1847.80,210.54,56.20,84.11,0.73,-1,-1,-1
82,1475,1641.46,659.89,104.89,102.79,0.85,-1,-1,-1
82,1476,94.45,464.92,128.32,58.06,0.83,-1,-1,-1
82,1477,1027.65,165.41,105.36,115.39,0.87,-1,-1,-1
82,1481,865.24,837.65,54.37,105.33,0.81,-1,-1,-1
82,1482,1238.22,298.32,105.45,55.04,0.64,-1,-1,-1
82,1483,1873.14,642.56,30.86,87.54,0.66,-1,-1,-1
82,1484,934.84,209.96,54.20,110.89,0.78,-1,-1,-1
82,1485,1006.66,307.18,53.93,105.19,0.79,-1,-1,-1
82,1487,1791.88,648.85,97.47,107.89,0.81,-1,-1,-1
82,1489,840.85,1002.18,41.44,67.41,0.67,-1,-1,-1
82,1491,262.34,462.18,120.90,58.39,0.83,-1,-1,-1
82,1492,1729.51,678.28,94.10,98.13,0.80,-1,-1,-1
82,1493,401.12,460.92,111.62,57.86,0.77,-1,-1,-1
82,1494,960.26,19.97,50.77,94.26,0.55,-1,-1,-1
82,1495,1664.17,595.89,114.93,50.11,0.75,-1,-1,-1
82,1496,1455.51,380.11,100.89,49.53,0.75,-1,-1,-1
82,1497,1153.86,494.94,84.84,95.06,0.90,-1,-1,-1
82,1498,1166.04,321.10,49.18,30.45,0.65,-1,-1,-1
82,1499,1208.12,11.94,90.06,51.46,0.61,-1,-1,-1
82,1500,276.21,727.30,93.25,50.53,0.32,-1,-1,-1
82,1501,0.00,330.29,86.23,66.54,0.62,-1,-1,-1
82,1503,1150.56,270.55,31.55,26.67,0.41,-1,-1,-1
82,1505,618.19,537.34,42.27,34.01,0.57,-1,-1,-1
82,1507,1606.05,743.35,52.73,52.30,0.31,-1,-1,-1
82,1509,1398.40,101.38,39.85,36.69,0.58,-1,-1,-1
82,1510,1417.69,150.19,24.93,37.89,0.42,-1,-1,-1
82,1514,1387.78,737.96,109.28,62.40,0.21,-1,-1,-1
82,1515,1088.91,321.72,23.47,41.67,0.68,-1,-1,-1
82,1516,989.55,495.24,22.98,41.84,0.59,-1,-1,-1
82,1518,956.35,616.45,55.66,105.84,0.81,-1,-1,-1
82,1520,847.14,361.69,54.55,113.80,0.84,-1,-1,-1
82,1521,1078.39,372.87,20.86,35.90,0.60,-1,-1,-1
82,1523,1353.81,294.39,35.42,30.84,0.51,-1,-1,-1
82,1524,781.93,454.91,55.86,114.10,0.85,-1,-1,-1
82,1525,645.90,1010.24,111.45,59.27,0.48,-1,-1,-1
82,1527,958.41,876.45,74.22,117.81,0.84,-1,-1,-1
82,1512,1202.80,922.81,50.44,98.28,0.35,-1,-1,-1
82,1528,1563.68,369.74,74.59,36.40,0.47,-1,-1,-1
82,1529,1548.97,42.53,27.74,40.04,0.48,-1,-1,-1
82,1506,1447.44,133.34,35.28,31.89,0.35,-1,-1,-1
82,1531,1293.46,338.19,36.21,30.20,0.37,-1,-1,-1
83,1473,1290.21,370.38,134.00,56.51,0.82,-1,-1,-1
83,1474,1847.94,210.64,56.06,84.15,0.74,-1,-1,-1
83,1475,1641.50,660.20,105.17,103.03,0.85,-1,-1,-1
83,1476,94.47,464.86,128.20,58.22,0.83,-1,-1,-1
83,1477,1026.80,160.84,103.58,116.14,0.84,-1,-1,-1
83,1481,865.12,842.76,54.79,106.23,0.79,-1,-1,-1
83,1482,1237.80,299.31,104.48,54.56,0.66,-1,-1,-1
83,1483,1872.75,642.37,31.25,90.47,0.67,-1,-1,-1
83,1484,934.10,201.38,54.41,111.31,0.85,-1,-1,-1
83,1485,1007.83,305.33,52.80,103.30,0.84,-1,-1,-1
83,1487,1792.09,649.10,98.91,109.42,0.81,-1,-1,-1
83,1489,842.75,1009.11,39.35,61.07,0.54,-1,-1,-1
83,1491,262.07,462.23,121.35,58.66,0.83,-1,-1,-1
83,1492,1729.68,678.46,93.97,98.01,0.81,-1,-1,-1
83,1493,400.53,461.19,112.04,58.06,0.76,-1,-1,-1
83,1494,959.82,11.87,51.30,95.35,0.61,-1,-1,-1
83,1495,1664.03,595.93,115.24,50.37,0.73,-1,-1,-1
83,1496,1455.76,380.33,100.13,49.14,0.77,-1,-1,-1
83,1497,1159.33,492.28,86.91,94.22,0.90,-1,-1,-1
83,1498,1165.57,321.18,49.73,30.65,0.62,-1,-1,-1
83,1499,1208.19,12.07,90.05,51.46,0.53,-1,-1,-1
83,1500,276.03,727.23,93.75,50.89,0.31,-1,-1,-1
83,1503,1148.39,271.15,32.92,27.89,0.39,-1,-1,-1
83,1505,618.13,538.01,41.80,33.61,0.57,-1,-1,-1
83,1507,1607.99,743.48,49.79,49.96,0.35,-1,-1,-1
83,1509,1398.35,101.44,39.83,36.78,0.59,-1,-1,-1
83,1510,1417.69,150.25,25.01,38.07,0.41,-1,-1,-1
83,1514,1387.53,738.13,108.97,62.39,0.19,-1,-1,-1
83,1515,1088.24,319.47,23.49,41.54,0.67,-1,-1,-1
83,1516,988.36,488.48,23.09,42.05,0.61,-1,-1,-1
83,1518,955.80,607.21,56.22,107.06,0.83,-1,-1,-1
83,1520,847.75,371.59,54.38,113.74,0.80,-1,-1,-1
83,1521,1077.19,369.91,21.70,37.33,0.63,-1,-1,-1
83,1523,1352.24,294.65,35.95,31.15,0.53,-1,-1,-1
83,1524,782.31,472.03,55.48,113.55,0.86,-1,-1,-1
83,1525,646.59,1011.76,110.07,57.85,0.46,-1,-1,-1
83,1527,959.77,867.25,72.66,117.78,0.82,-1,-1,-1
83,1512,1200.53,922.72,54.73,107.36,0.34,-1,-1,-1
83,1528,1565.40,371.47,71.73,34.88,0.43,-1,-1,-1
83,1529,1546.47,42.54,28.74,41.12,0.50,-1,-1,-1
83,1506,1446.65,133.59,36.40,32.75,0.37,-1,-1,-1
83,1531,1295.67,338.56,35.43,29.71,0.57,-1,-1,-1
84,1473,1289.08,369.82,136.43,57.60,0.81,-1,-1,-1
84,1474,1847.53,210.68,56.47,85.25,0.74,-1,-1,-1
84,1475,1641.68,660.51,105.21,103.03,0.85,-1,-1,-1
84,1476,95.17,465.70,126.30,57.45,0.83,-1,-1,-1
84,1477,1026.59,157.16,100.90,115.79,0.84,-1,-1,-1
84,1481,865.11,848.75,54.83,106.55,0.79,-1,-1,-1
84,1482,1237.18,299.17,103.92,54.30,0.69,-1,-1,-1
84,1483,1872.74,642.40,31.26,91.65,0.65,-1,-1,-1
84,1484,933.95,193.31,54.65,112.07,0.86,-1,-1,-1
84,1485,1007.04,301.45,52.78,102.96,0.84,-1,-1,-1
84,1487,1791.41,649.35,99.63,110.23,0.81,-1,-1,-1
84,1489,843.74,1014.68,37.89,56.16,0.47,-1,-1,-1
84,1491,261.97,462.33,121.33,58.70,0.84,-1,-1,-1
84,1492,1729.41,678.65,94.31,98.44,0.82,-1,-1,-1
84,1493,400.26,461.12,112.58,58.34,0.78,-1,-1,-1
84,1494,958.91,5.35,50.68,94.35,0.74,-1,-1,-1
84,1495,1664.00,596.24,115.12,50.43,0.72,-1,-1,-1
84,1496,1455.62,380.61,100.33,49.29,0.76,-1,-1,-1
84,1497,1164.20,489.30,88.10,92.73,0.90,-1,-1,-1
84,1498,1164.48,320.72,50.99,31.42,0.66,-1,-1,-1
84,1499,1207.99,12.04,90.42,51.73,0.50,-1,-1,-1
84,1500,276.04,726.40,95.23,51.86,0.45,-1,-1,-1
84,1503,1144.31,272.92,34.40,29.23,0.44,-1,-1,-1
84,1505,618.44,538.87,40.87,32.69,0.53,-1,-1,-1
84,1507,1608.18,743.47,48.74,49.67,0.34,-1,-1,-1
84,1509,1398.65,101.98,39.58,36.53,0.60,-1,-1,-1
84,1510,1417.80,150.38,24.92,37.91,0.35,-1,-1,-1
84,1514,1387.74,738.44,108.42,62.21,0.12,-1,-1,-1
84,1515,1087.69,317.92,23.09,40.56,0.69,-1,-1,-1
84,1516,988.02,481.47,23.01,41.71,0.70,-1,-1,-1
84,1518,955.84,599.29,56.22,107.06,0.83,-1,-1,-1
84,1520,847.31,380.63,54.86,114.94,0.86,-1,-1,-1
84,1521,1076.20,366.91,22.08,37.94,0.63,-1,-1,-1
84,1523,1351.39,295.17,35.82,30.97,0.48,-1,-1,-1
84,1524,783.31,489.37,55.37,113.22,0.83,-1,-1,-1
84,1525,645.04,1010.41,113.00,58.97,0.48,-1,-1,-1
84,1527,959.64,858.11,71.10,117.67,0.84,-1,-1,-1
84,1512,1199.63,922.61,56.31,111.30,0.32,-1,-1,-1
84,1528,1565.74,372.76,69.29,33.58,0.31,-1,-1,-1
84,1529,1545.55,42.07,29.66,42.25,0.51,-1,-1,-1
84,1506,1446.69,134.28,36.41,32.67,0.33,-1,-1,-1
84,1531,1298.26,339.79,34.08,28.66,0.61,-1,-1,-1
85,1473,1290.39,371.40,133.04,55.78,0.82,-1,-1,-1
85,1474,1848.11,210.47,55.89,83.85,0.76,-1,-1,-1
85,1475,1641.72,660.59,105.11,102.94,0.85,-1,-1,-1
85,1476,94.94,465.60,126.47,57.63,0.84,-1,-1,-1
85,1477,1026.48,152.27,98.66,115.94,0.84,-1,-1,-1
85,1481,864.93,855.48,54.70,106.34,0.75,-1,-1,-1
85,1482,1237.71,299.97,102.38,53.37,0.74,-1,-1,-1
85,1483,1873.41,643.50,30.59,87.65,0.65,-1,-1,-1
85,1484,934.59,187.59,53.89,110.52,0.81,-1,-1,-1
85,1485,1006.72,297.49,53.11,103.54,0.86,-1,-1,-1
85,1487,1790.90,648.83,98.58,109.29,0.82,-1,-1,-1
85,1489,845.99,1020.80,35.81,49.98,0.30,-1,-1,-1
85,1491,261.98,462.42,121.56,58.86,0.83,-1,-1,-1
85,1492,1729.79,678.83,94.12,98.27,0.81,-1,-1,-1
85,1493,401.22,461.57,112.02,57.95,0.76,-1,-1,-1
85,1494,958.93,0.00,49.78,91.82,0.74,-1,-1,-1
85,1495,1662.02,595.94,116.32,50.94,0.66,-1,-1,-1
85,1496,1455.15,380.37,100.73,49.44,0.76,-1,-1,-1
85,1497,1170.68,487.34,88.82,90.49,0.87,-1,-1,-1
85,1498,1164.31,320.38,51.55,31.79,0.66,-1,-1,-1
85,1499,1207.86,12.09,90.93,52.09,0.48,-1,-1,-1
85,1500,274.98,726.34,94.77,51.84,0.32,-1,-1,-1
85,1503,1142.52,274.29,34.63,29.42,0.53,-1,-1,-1
85,1505,618.62,539.10,40.58,32.30,0.51,-1,-1,-1
85,1507,1608.13,743.55,48.28,49.95,0.38,-1,-1,-1
85,1509,1398.81,102.29,39.36,36.32,0.64,-1,-1,-1
85,1510,1417.84,150.67,24.90,37.88,0.46,-1,-1,-1
85,1514,1387.24,738.30,108.42,62.47,0.13,-1,-1,-1
85,1515,1087.61,316.14,22.94,40.07,0.67,-1,-1,-1
85,1516,987.31,474.11,22.99,41.68,0.62,-1,-1,-1
85,1518,955.89,592.94,55.79,105.81,0.82,-1,-1,-1
85,1520,848.33,390.62,54.43,114.28,0.82,-1,-1,-1
85,1521,1075.81,363.74,21.63,36.89,0.62,-1,-1,-1
85,1523,1351.00,295.67,35.24,30.36,0.51,-1,-1,-1
85,1524,784.08,505.87,55.77,114.13,0.87,-1,-1,-1
85,1525,646.29,1012.44,110.43,56.84,0.43,-1,-1,-1
85,1527,961.76,850.49,68.13,114.88,0.81,-1,-1,-1
85,1512,1199.76,923.02,56.57,112.69,0.28,-1,-1,-1
85,1528,1566.14,373.75,67.80,32.83,0.17,-1,-1,-1
85,1529,1543.96,40.94,30.84,43.48,0.60,-1,-1,-1
85,1506,1446.69,134.64,37.03,33.19,0.34,-1,-1,-1
85,1531,1299.45,341.11,33.05,27.79,0.55,-1,-1,-1
86,1473,1290.43,371.74,132.66,55.34,0.83,-1,-1,-1
86,1474,1848.26,208.82,55.74,84.01,0.76,-1,-1,-1
86,1475,1641.67,660.42,105.08,102.96,0.85,-1,-1,-1
86,1476,95.07,465.67,126.03,57.49,0.83,-1,-1,-1
86,1477,1026.10,146.19,97.21,117.16,0.86,-1,-1,-1
86,1481,865.43,861.62,54.38,105.52,0.82,-1,-1,-1
86,1482,1237.76,300.33,102.17,53.14,0.72,-1,-1,-1
86,1483,1874.25,644.45,29.75,84.74,0.68,-1,-1,-1
86,1484,934.21,178.95,54.33,111.91,0.80,-1,-1,-1
86,1485,1006.65,294.03,53.26,103.70,0.88,-1,-1,-1
86,1487,1791.07,648.82,97.44,108.21,0.83,-1,-1,-1
86,1489,847.60,1025.81,34.00,44.58,0.31,-1,-1,-1
86,1491,261.96,462.45,121.53,58.89,0.83,-1,-1,-1
86,1492,1730.20,679.00,94.11,98.32,0.81,-1,-1,-1
86,1493,400.66,461.56,112.40,58.12,0.76,-1,-1,-1
86,1494,959.97,0.00,47.32,84.21,0.69,-1,-1,-1
86,1495,1661.19,595.58,116.57,50.97,0.67,-1,-1,-1
86,1496,1455.80,380.77,100.05,49.10,0.78,-1,-1,-1
86,1497,1177.35,485.83,89.24,88.09,0.90,-1,-1,-1
86,1498,1163.68,319.97,51.81,31.98,0.69,-1,-1,-1
86,1499,1208.04,12.23,90.98,52.14,0.47,-1,-1,-1
86,1500,274.26,726.29,94.32,51.95,0.26,-1,-1,-1
86,1503,1141.40,274.59,35.34,30.04,0.65,-1,-1,-1
86,1505,619.20,539.16,40.45,31.99,0.48,-1,-1,-1
86,1507,1607.97,743.44,47.89,50.31,0.41,-1,-1,-1
86,1509,1398.95,102.17,39.40,36.35,0.65,-1,-1,-1
86,1510,1417.90,150.67,24.83,37.88,0.40,-1,-1,-1
86,1514,1387.88,738.42,107.78,62.32,0.13,-1,-1,-1
86,1515,1087.77,314.21,23.10,40.36,0.66,-1,-1,-1
86,1516,986.51,467.59,22.81,41.45,0.61,-1,-1,-1
86,1518,955.70,583.95,56.03,106.28,0.84,-1,-1,-1
86,1520,848.21,400.07,54.19,113.68,0.82,-1,-1,-1
86,1521,1075.25,360.17,22.19,37.81,0.57,-1,-1,-1
86,1523,1350.75,296.15,34.88,29.94,0.53,-1,-1,-1
86,1524,785.12,522.33,55.84,114.04,0.87,-1,-1,-1
86,1525,644.40,1010.53,114.41,58.53,0.41,-1,-1,-1
86,1527,961.81,842.38,67.21,115.40,0.79,-1,-1,-1
86,1512,1200.03,923.43,56.32,113.07,0.34,-1,-1,-1
86,1528,1565.70,374.00,65.57,31.76,0.24,-1,-1,-1
86,1529,1543.91,41.42,30.79,43.10,0.56,-1,-1,-1
86,1506,1446.66,134.74,37.47,33.67,0.28,-1,-1,-1
86,1531,1300.78,340.90,32.78,27.48,0.52,-1,-1,-1
87,1473,1290.11,371.95,132.83,55.17,0.86,-1,-1,-1
87,1474,1848.57,208.76,55.43,83.44,0.75,-1,-1,-1
87,1475,1641.49,660.30,105.17,103.17,0.85,-1,-1,-1
87,1476,94.88,465.21,126.88,58.02,0.83,-1,-1,-1
87,1477,1026.47,140.89,94.96,117.18,0.87,-1,-1,-1
87,1481,865.30,866.56,54.89,106.39,0.82,-1,-1,-1
87,1482,1237.32,300.53,102.60,53.30,0.70,-1,-1,-1
87,1483,1873.80,644.06,30.20,84.76,0.69,-1,-1,-1
87,1484,934.76,171.87,53.79,111.02,0.85,-1,-1,-1
87,1485,1006.15,289.56,53.66,104.45,0.86,-1,-1,-1
87,1487,1791.06,648.54,97.25,108.09,0.83,-1,-1,-1
87,1489,849.74,1032.81,31.03,37.30,0.23,-1,-1,-1
87,1491,261.97,462.39,121.50,58.95,0.83,-1,-1,-1
87,1492,1730.23,678.94,94.03,98.28,0.81,-1,-1,-1
87,1493,401.25,461.56,112.24,57.97,0.75,-1,-1,-1
87,1494,960.67,0.00,44.36,76.84,0.72,-1,-1,-1
87,1495,1661.99,595.37,116.69,51.12,0.72,-1,-1,-1
87,1496,1455.54,380.47,100.15,49.08,0.76,-1,-1,-1
87,1497,1185.45,484.91,87.99,83.79,0.87,-1,-1,-1
87,1498,1163.38,320.06,51.49,31.68,0.66,-1,-1,-1
87,1499,1208.13,12.43,90.44,51.81,0.52,-1,-1,-1
87,1500,274.16,726.26,94.14,52.10,0.27,-1,-1,-1
87,1503,1140.41,275.12,35.14,30.11,0.71,-1,-1,-1
87,1505,619.04,539.18,40.71,32.06,0.48,-1,-1,-1
87,1507,1609.12,744.03,47.07,50.00,0.45,-1,-1,-1
87,1509,1398.97,101.90,39.78,36.74,0.64,-1,-1,-1
87,1510,1418.13,150.81,24.73,37.78,0.40,-1,-1,-1
87,1514,1388.27,738.41,107.40,62.27,0.12,-1,-1,-1
87,1515,1087.61,311.94,23.00,40.38,0.63,-1,-1,-1
87,1516,986.36,461.53,21.90,39.69,0.71,-1,-1,-1
87,1518,955.93,576.00,56.11,106.31,0.84,-1,-1,-1
87,1520,848.21,409.26,54.42,114.15,0.83,-1,-1,-1
87,1521,1074.89,357.90,21.62,36.68,0.59,-1,-1,-1
87,1523,1350.68,296.79,34.21,29.15,0.56,-1,-1,-1
87,1524,785.97,538.38,55.96,114.00,0.84,-1,-1,-1
87,1525,644.93,1011.43,113.57,57.60,0.39,-1,-1,-1
87,1527,961.49,833.20,66.53,116.22,0.86,-1,-1,-1
87,1512,1200.29,923.72,55.56,112.05,0.32,-1,-1,-1
87,1528,1566.76,373.92,66.85,32.37,0.17,-1,-1,-1
87,1529,1545.15,43.79,29.56,41.00,0.57,-1,-1,-1
87,1506,1446.80,134.60,37.49,33.74,0.37,-1,-1,-1
87,1531,1302.40,340.37,33.79,28.20,0.52,-1,-1,-1
87,1533,1870.92,381.34,29.61,48.96,0.64,-1,-1,-1
88,1473,1290.18,372.36,132.55,54.80,0.85,-1,-1,-1
88,1474,1848.62,207.96,55.38,83.40,0.77,-1,-1,-1
88,1475,1641.44,660.35,104.97,102.98,0.85,-1,-1,-1
88,1476,94.82,465.05,126.89,58.15,0.83,-1,-1,-1
88,1477,1026.63,135.75,92.49,116.71,0.83,-1,-1,-1
88,1481,865.54,872.21,54.94,106.48,0.80,-1,-1,-1
88,1482,1236.26,300.53,104.48,54.30,0.68,-1,-1,-1
88,1483,1874.52,644.35,29.48,83.86,0.68,-1,-1,-1
88,1484,935.23,165.12,53.06,109.56,0.82,-1,-1,-1
88,1485,1005.77,285.78,53.91,105.14,0.79,-1,-1,-1
88,1487,1790.95,648.72,96.90,107.72,0.83,-1,-1,-1
88,1491,261.81,462.33,121.92,59.23,0.84,-1,-1,-1
88,1492,1730.36,678.87,93.87,98.16,0.82,-1,-1,-1
88,1493,401.43,461.68,112.12,57.81,0.76,-1,-1,-1
88,1494,962.05,0.00,40.96,68.90,0.83,-1,-1,-1
88,1495,1662.35,595.28,116.57,51.16,0.69,-1,-1,-1
88,1496,1455.45,380.41,100.07,48.96,0.76,-1,-1,-1
88,1497,1191.97,484.30,87.25,80.07,0.87,-1,-1,-1
88,1498,1163.44,320.43,51.04,31.34,0.66,-1,-1,-1
88,1499,1206.50,12.29,91.67,52.54,0.59,-1,-1,-1
88,1500,274.61,725.90,94.77,52.68,0.32,-1,-1,-1
88,1503,1139.54,275.76,35.38,30.65,0.74,-1,-1,-1
88,1505,618.82,539.16,40.37,31.67,0.46,-1,-1,-1
88,1507,1607.95,743.38,41.31,44.96,0.25,-1,-1,-1
88,1509,1399.20,101.97,39.89,36.79,0.61,-1,-1,-1
88,1510,1418.10,150.89,24.85,37.94,0.37,-1,-1,-1
88,1514,1388.11,738.40,106.95,62.22,0.24,-1,-1,-1
88,1515,1087.53,309.38,22.83,40.42,0.59,-1,-1,-1
88,1516,985.46,453.48,22.01,40.23,0.57,-1,-1,-1
88,1518,955.95,569.47,55.67,105.12,0.79,-1,-1,-1
88,1520,849.23,418.96,54.10,113.69,0.82,-1,-1,-1
88,1521,1074.81,355.49,21.39,36.25,0.59,-1,-1,-1
88,1523,1350.28,297.33,33.82,28.57,0.57,-1,-1,-1
88,1524,786.36,553.89,56.45,114.74,0.87,-1,-1,-1
88,1525,644.08,1010.82,115.07,57.96,0.44,-1,-1,-1
88,1527,962.65,825.14,64.63,114.77,0.81,-1,-1,-1
88,1512,1200.37,923.85,55.36,112.16,0.31,-1,-1,-1
88,1528,1566.11,373.51,68.14,33.03,0.21,-1,-1,-1
88,1529,1545.55,43.59,29.87,41.22,0.52,-1,-1,-1
88,1506,1446.92,133.73,37.01,33.27,0.45,-1,-1,-1
88,1531,1300.49,336.85,36.77,30.36,0.54,-1,-1,-1
88,1533,1866.83,382.19,29.90,48.89,0.79,-1,-1,-1
89,1473,1289.77,372.15,134.84,55.57,0.83,-1,-1,-1
89,1474,1849.55,208.19,54.45,81.24,0.76,-1,-1,-1
89,1475,1641.73,660.23,104.95,103.00,0.84,-1,-1,-1
89,1476,95.11,465.08,126.80,58.21,0.84,-1,-1,-1
89,1477,1030.42,136.18,85.84,110.66,0.82,-1,-1,-1
89,1481,865.90,878.89,54.74,105.95,0.75,-1,-1,-1
89,1482,1234.28,300.04,108.67,56.71,0.70,-1,-1,-1
89,1483,1873.97,643.49,30.03,87.62,0.68,-1,-1,-1
89,1484,934.39,156.46,53.67,111.06,0.78,-1,-1,-1
89,1485,1005.77,282.96,53.45,104.36,0.79,-1,-1,-1
89,1487,1791.32,648.63,97.38,108.35,0.83,-1,-1,-1
89,1491,262.13,462.37,121.37,58.99,0.83,-1,-1,-1
89,1492,1730.27,678.56,94.20,98.58,0.81,-1,-1,-1
89,1493,401.00,461.60,112.42,57.94,0.77,-1,-1,-1
89,1494,963.82,0.00,37.36,60.85,0.83,-1,-1,-1
89,1495,1660.75,594.86,117.80,51.73,0.62,-1,-1,-1
89,1496,1455.28,379.93,101.35,49.60,0.76,-1,-1,-1
89,1497,1198.16,482.12,88.54,78.54,0.87,-1,-1,-1
89,1498,1162.70,320.16,51.24,31.41,0.67,-1,-1,-1
89,1499,1207.42,12.27,91.05,52.14,0.62,-1,-1,-1
89,1500,275.08,726.89,92.72,51.72,0.35,-1,-1,-1
89,1503,1137.99,276.17,36.27,31.83,0.73,-1,-1,-1
89,1505,618.37,539.21,41.05,32.17,0.48,-1,-1,-1
89,1507,1608.02,742.95,39.24,43.85,0.26,-1,-1,-1
89,1509,1399.21,101.82,39.90,36.78,0.59,-1,-1,-1
89,1510,1418.07,150.36,25.29,38.66,0.36,-1,-1,-1
89,1514,1388.05,738.16,106.32,62.01,0.15,-1,-1,-1
89,1515,1087.54,306.82,22.48,40.04,0.61,-1,-1,-1
89,1516,984.70,445.82,22.16,40.45,0.66,-1,-1,-1
89,1518,955.53,560.16,55.90,105.59,0.82,-1,-1,-1
89,1520,849.58,427.98,54.07,113.66,0.83,-1,-1,-1
89,1521,1073.98,352.72,21.53,36.51,0.60,-1,-1,-1
89,1523,1349.16,297.26,34.76,29.24,0.58,-1,-1,-1
89,1524,787.28,570.41,56.57,114.71,0.89,-1,-1,-1
89,1525,644.68,1011.42,114.61,57.24,0.44,-1,-1,-1
89,1527,962.91,816.75,63.58,114.62,0.80,-1,-1,-1
89,1512,1200.50,923.73,55.26,112.49,0.40,-1,-1,-1
89,1528,1566.12,373.39,68.29,32.99,0.40,-1,-1,-1
89,1529,1545.79,45.15,29.12,39.64,0.55,-1,-1,-1
89,1506,1447.16,133.95,37.30,33.56,0.27,-1,-1,-1
89,1531,1304.03,339.23,34.66,28.76,0.20,-1,-1,-1
89,1533,1862.19,379.73,31.78,50.97,0.76,-1,-1,-1
89,1534,832.87,0.00,63.96,55.14,0.79,-1,-1,-1
89,1535,1874.26,297.53,27.79,25.11,0.59,-1,-1,-1
90,1473,1289.77,372.05,135.96,55.86,0.82,-1,-1,-1
90,1474,1850.19,208.94,53.66,79.77,0.77,-1,-1,-1
90,1475,1642.08,660.38,104.63,102.66,0.85,-1,-1,-1
90,1476,95.01,464.86,127.05,58.48,0.82,-1,-1,-1
90,1477,1027.71,126.13,87.13,114.91,0.84,-1,-1,-1
90,1481,865.97,884.24,54.85,106.03,0.82,-1,-1,-1
90,1482,1233.92,299.98,109.43,57.28,0.73,-1,-1,-1
90,1483,1873.41,642.41,30.59,90.54,0.67,-1,-1,-1
90,1484,934.81,148.71,53.29,110.41,0.85,-1,-1,-1
90,1485,1006.98,281.34,51.72,101.31,0.80,-1,-1,-1
90,1487,1791.22,648.73,98.89,110.18,0.82,-1,-1,-1
90,1491,262.30,462.34,121.20,58.94,0.83,-1,-1,-1
90,1492,1730.48,678.62,94.00,98.42,0.81,-1,-1,-1
90,1493,401.38,461.40,112.65,58.05,0.76,-1,-1,-1
90,1494,965.35,0.00,33.74,52.69,0.84,-1,-1,-1
90,1495,1662.58,595.40,116.10,51.07,0.57,-1,-1,-1
90,1496,1455.68,379.99,101.22,49.53,0.76,-1,-1,-1
90,1497,1205.88,480.14,89.42,76.59,0.87,-1,-1,-1
90,1498,1162.34,320.60,50.64,30.92,0.70,-1,-1,-1
90,1499,1206.59,12.29,91.39,52.30,0.56,-1,-1,-1
90,1500,275.33,726.66,92.94,52.07,0.32,-1,-1,-1
90,1503,1137.06,276.82,36.46,32.40,0.73,-1,-1,-1
90,1505,618.65,539.13,41.04,32.04,0.53,-1,-1,-1
90,1507,1608.26,742.88,39.92,45.43,0.24,-1,-1,-1
90,1509,1399.43,101.89,39.46,36.35,0.62,-1,-1,-1
90,1510,1417.38,149.67,25.75,39.45,0.39,-1,-1,-1
90,1514,1387.67,738.07,105.90,61.97,0.19,-1,-1,-1
90,1515,1087.68,304.10,22.24,39.90,0.67,-1,-1,-1
90,1516,984.00,439.53,21.60,39.30,0.71,-1,-1,-1
90,1518,955.69,552.49,55.71,104.89,0.80,-1,-1,-1
90,1520,850.12,436.73,54.37,114.39,0.83,-1,-1,-1
90,1521,1073.98,350.54,21.06,35.84,0.56,-1,-1,-1
90,1523,1348.38,297.61,35.27,29.60,0.58,-1,-1,-1
90,1524,787.32,583.97,57.64,116.81,0.85,-1,-1,-1
90,1525,644.73,1011.55,115.02,57.00,0.47,-1,-1,-1
90,1527,963.06,808.46,62.54,114.41,0.85,-1,-1,-1
90,1512,1200.53,923.36,55.09,112.47,0.41,-1,-1,-1
90,1528,1566.00,373.75,67.13,32.29,0.35,-1,-1,-1
90,1529,1544.89,34.68,31.35,41.96,0.53,-1,-1,-1
90,1506,1447.33,134.66,37.28,33.57,0.23,-1,-1,-1
90,1531,1307.63,335.78,35.70,30.17,0.21,-1,-1,-1
90,1533,1858.64,380.53,32.17,49.87,0.78,-1,-1,-1
90,1534,826.84,0.83,76.47,66.38,0.81,-1,-1,-1
90,1535,1871.78,298.83,26.21,23.66,0.38,-1,-1,-1
91,1473,1289.40,371.75,137.18,56.22,0.80,-1,-1,-1
91,1474,1849.22,208.44,54.78,82.23,0.74,-1,-1,-1
91,1475,1641.89,660.53,104.94,102.94,0.84,-1,-1,-1
91,1476,95.47,465.13,126.21,58.18,0.83,-1,-1,-1
91,1477,1027.66,119.63,85.23,114.62,0.84,-1,-1,-1
91,1481,865.96,889.49,55.20,106.65,0.83,-1,-1,-1
91,1482,1233.85,299.90,109.38,57.31,0.74,-1,-1,-1
91,1483,1873.63,642.56,30.37,90.83,0.67,-1,-1,-1
91,1484,934.83,141.88,52.69,108.94,0.83,-1,-1,-1
91,1485,1005.79,275.01,52.66,103.49,0.81,-1,-1,-1
91,1487,1791.09,648.93,99.40,110.99,0.82,-1,-1,-1
91,1491,262.36,462.46,121.02,58.86,0.83,-1,-1,-1
91,1492,1730.27,678.47,94.45,98.96,0.81,-1,-1,-1
91,1493,400.82,461.24,113.14,58.33,0.77,-1,-1,-1
91,1494,966.70,0.00,30.50,45.00,0.81,-1,-1,-1
91,1495,1662.40,595.45,116.56,51.37,0.63,-1,-1,-1
91,1496,1455.80,380.13,100.99,49.39,0.76,-1,-1,-1
91,1497,1211.54,478.32,91.31,75.83,0.88,-1,-1,-1
91,1498,1161.61,320.40,51.11,31.13,0.73,-1,-1,-1
91,1499,1206.12,12.33,91.43,52.28,0.58,-1,-1,-1
91,1500,275.93,727.50,91.13,51.11,0.38,-1,-1,-1
91,1503,1137.28,278.14,35.43,31.80,0.71,-1,-1,-1
91,1505,618.57,539.25,41.06,31.98,0.50,-1,-1,-1
91,1507,1608.83,743.32,37.44,43.57,0.28,-1,-1,-1
91,1509,1399.30,101.70,39.69,36.55,0.61,-1,-1,-1
91,1510,1417.80,149.67,25.72,39.44,0.40,-1,-1,-1
91,1514,1387.10,738.02,105.75,62.18,0.19,-1,-1,-1
91,1515,1087.48,301.40,22.26,40.18,0.67,-1,-1,-1
91,1516,982.91,431.53,21.67,39.36,0.51,-1,-1,-1
91,1518,955.28,545.07,55.30,104.00,0.79,-1,-1,-1
91,1520,851.13,446.55,53.62,112.54,0.82,-1,-1,-1
91,1521,1073.32,348.07,21.20,36.40,0.57,-1,-1,-1
91,1523,1348.52,297.93,35.34,29.72,0.56,-1,-1,-1
91,1524,787.92,599.03,58.00,117.40,0.87,-1,-1,-1
91,1525,643.42,1010.18,118.08,58.29,0.46,-1,-1,-1
91,1527,963.71,799.27,61.79,114.73,0.79,-1,-1,-1
91,1512,1200.30,923.40,55.20,113.14,0.27,-1,-1,-1
91,1528,1564.39,374.00,66.08,31.89,0.21,-1,-1,-1
91,1529,1545.62,31.29,30.18,39.25,0.45,-1,-1,-1
91,1506,1447.41,134.46,37.03,33.25,0.36,-1,-1,-1
91,1531,1308.96,334.93,35.71,30.43,0.16,-1,-1,-1
91,1533,1854.23,380.79,34.01,50.40,0.78,-1,-1,-1
91,1534,819.95,0.37,90.87,79.93,0.75,-1,-1,-1
91,1535,1867.40,298.86,26.01,23.41,0.43,-1,-1,-1
92,1473,1289.04,371.26,138.11,56.48,0.79,-1,-1,-1
92,1474,1850.05,209.71,53.68,79.89,0.78,-1,-1,-1
92,1475,1641.17,659.55,105.52,103.63,0.83,-1,-1,-1
92,1476,95.29,465.00,126.33,58.34,0.83,-1,-1,-1
92,1477,1027.05,113.59,83.36,114.56,0.83,-1,-1,-1
92,1481,866.20,894.48,55.33,107.02,0.82,-1,-1,-1
92,1482,1234.16,300.14,109.10,57.18,0.76,-1,-1,-1
92,1483,1874.64,643.53,29.36,87.20,0.65,-1,-1,-1
92,1484,934.17,134.38,52.99,109.75,0.78,-1,-1,-1
92,1485,1005.78,270.93,52.83,103.91,0.83,-1,-1,-1
92,1487,1791.43,649.11,99.46,111.29,0.82,-1,-1,-1
92,1491,262.27,462.45,121.31,59.06,0.83,-1,-1,-1
92,1492,1730.21,678.70,94.44,98.98,0.81,-1,-1,-1
92,1493,401.03,461.30,113.26,58.39,0.75,-1,-1,-1
92,1494,968.20,0.00,27.18,36.95,0.72,-1,-1,-1
92,1495,1661.40,595.37,117.21,51.67,0.69,-1,-1,-1
92,1496,1455.94,380.19,100.93,49.34,0.77,-1,-1,-1
92,1497,1219.08,478.23,91.94,73.85,0.86,-1,-1,-1
92,1498,1161.48,320.22,51.63,31.28,0.68,-1,-1,-1
92,1499,1205.89,12.32,91.78,52.50,0.58,-1,-1,-1
92,1500,275.96,726.02,94.48,53.08,0.39,-1,-1,-1
92,1503,1136.86,279.15,34.90,31.65,0.69,-1,-1,-1
92,1505,618.40,539.26,41.31,32.10,0.53,-1,-1,-1
92,1507,1609.60,743.93,37.48,44.11,0.21,-1,-1,-1
92,1509,1399.23,102.07,39.53,36.41,0.62,-1,-1,-1
92,1510,1417.77,149.95,25.51,39.22,0.45,-1,-1,-1
92,1514,1387.60,737.94,105.68,62.31,0.22,-1,-1,-1
92,1515,1087.08,297.74,22.85,41.66,0.63,-1,-1,-1
92,1516,981.91,424.10,21.64,39.00,0.57,-1,-1,-1
92,1518,955.18,536.62,55.37,104.16,0.81,-1,-1,-1
92,1520,850.90,454.59,54.77,115.01,0.83,-1,-1,-1
92,1521,1073.01,345.24,21.49,37.08,0.59,-1,-1,-1
92,1523,1347.97,298.08,35.63,30.04,0.58,-1,-1,-1
92,1524,789.02,614.97,57.84,116.63,0.87,-1,-1,-1
92,1525,641.88,1008.63,121.55,59.86,0.51,-1,-1,-1
92,1527,964.20,791.17,60.86,114.42,0.80,-1,-1,-1
92,1512,1200.24,923.59,55.66,114.89,0.16,-1,-1,-1
92,1528,1565.14,374.16,65.60,31.57,0.33,-1,-1,-1
92,1529,1545.33,29.30,30.45,38.68,0.38,-1,-1,-1
92,1506,1447.83,134.42,35.22,31.44,0.25,-1,-1,-1
92,1531,1313.40,334.60,34.26,29.89,0.20,-1,-1,-1
92,1533,1849.66,380.85,35.51,49.54,0.75,-1,-1,-1
92,1534,812.37,0.17,106.52,95.59,0.72,-1,-1,-1
92,1535,1863.20,298.80,25.19,22.50,0.34,-1,-1,-1
93,1473,1288.91,371.36,137.10,55.96,0.80,-1,-1,-1
93,1474,1849.31,209.57,54.69,82.64,0.74,-1,-1,-1
93,1475,1641.29,660.44,105.24,103.45,0.85,-1,-1,-1
93,1476,96.25,465.87,124.48,57.45,0.83,-1,-1,-1
93,1477,1026.15,106.80,82.96,116.42,0.80,-1,-1,-1
93,1481,866.48,901.01,55.18,106.65,0.77,-1,-1,-1
93,1482,1234.13,300.08,110.37,57.89,0.73,-1,-1,-1
93,1483,1874.55,643.87,29.45,88.24,0.64,-1,-1,-1
93,1484,934.08,126.42,53.31,110.35,0.85,-1,-1,-1
93,1485,1005.74,266.45,52.91,104.12,0.84,-1,-1,-1
93,1487,1792.07,649.22,99.69,111.42,0.82,-1,-1,-1
93,1491,262.28,462.51,120.90,58.87,0.84,-1,-1,-1
93,1492,1730.20,678.91,94.32,98.87,0.81,-1,-1,-1
93,1493,401.52,461.82,112.59,57.99,0.77,-1,-1,-1
93,1494,969.27,0.00,23.71,29.21,0.57,-1,-1,-1
93,1495,1658.79,594.14,120.24,53.07,0.70,-1,-1,-1
93,1496,1455.94,380.34,100.71,49.19,0.76,-1,-1,-1
93,1497,1226.61,478.46,92.20,71.61,0.86,-1,-1,-1
93,1498,1161.12,320.38,51.52,31.14,0.64,-1,-1,-1
93,1499,1207.23,12.40,91.25,52.22,0.51,-1,-1,-1
93,1500,276.51,726.07,95.69,53.68,0.42,-1,-1,-1
93,1503,1135.98,279.90,35.73,32.84,0.67,-1,-1,-1
93,1505,618.21,539.45,41.39,32.13,0.47,-1,-1,-1
93,1507,1609.83,743.87,36.77,43.85,0.23,-1,-1,-1
93,1509,1398.98,102.38,39.44,36.40,0.60,-1,-1,-1
93,1510,1418.13,151.15,24.70,38.03,0.40,-1,-1,-1
93,1514,1387.65,738.29,106.72,63.12,0.15,-1,-1,-1
93,1515,1087.16,295.43,22.31,40.85,0.67,-1,-1,-1
93,1516,980.74,416.28,22.00,39.50,0.55,-1,-1,-1
93,1518,955.11,529.21,55.55,104.47,0.82,-1,-1,-1
93,1520,851.69,464.12,54.69,114.90,0.82,-1,-1,-1
93,1521,1072.35,342.38,21.15,36.63,0.62,-1,-1,-1
93,1523,1347.60,298.36,35.50,29.99,0.60,-1,-1,-1
93,1524,789.40,628.44,58.77,118.39,0.83,-1,-1,-1
93,1525,641.40,1007.87,122.79,60.36,0.54,-1,-1,-1
93,1527,963.98,783.46,60.29,114.31,0.85,-1,-1,-1
93,1512,1200.23,923.73,55.14,114.26,0.19,-1,-1,-1
93,1528,1564.20,374.70,64.10,31.08,0.14,-1,-1,-1
93,1529,1546.52,27.78,30.30,37.24,0.14,-1,-1,-1
93,1506,1448.03,134.54,34.62,30.74,0.28,-1,-1,-1
93,1531,1315.33,335.01,32.96,29.03,0.22,-1,-1,-1
93,1533,1845.17,381.19,37.84,49.20,0.73,-1,-1,-1
93,1534,807.04,1.37,118.82,109.39,0.73,-1,-1,-1
93,1535,1856.38,298.76,27.02,23.80,0.21,-1,-1,-1
94,1473,1289.05,371.22,138.21,56.52,0.78,-1,-1,-1
94,1474,1849.44,210.54,54.56,82.26,0.75,-1,-1,-1
94,1475,1641.61,660.93,104.74,102.96,0.85,-1,-1,-1
94,1476,96.54,466.41,123.54,56.95,0.83,-1,-1,-1
94,1477,1026.13,100.00,81.52,116.68,0.83,-1,-1,-1
94,1481,866.63,906.34,55.36,107.25,0.80,-1,-1,-1
94,1482,1235.06,300.29,110.59,57.86,0.70,-1,-1,-1
94,1483,1875.82,644.80,28.18,84.50,0.63,-1,-1,-1
94,1484,934.05,118.93,53.22,109.86,0.86,-1,-1,-1
94,1485,1005.17,262.43,53.17,104.83,0.79,-1,-1,-1
94,1487,1792.52,649.45,99.54,111.23,0.82,-1,-1,-1
94,1491,262.37,462.60,120.81,58.84,0.84,-1,-1,-1
94,1492,1730.04,679.01,94.22,98.80,0.83,-1,-1,-1
94,1493,401.99,462.36,111.81,57.52,0.77,-1,-1,-1
94,1495,1659.55,593.82,120.80,53.53,0.70,-1,-1,-1
94,1496,1455.81,380.72,100.65,49.11,0.77,-1,-1,-1
94,1497,1234.52,478.51,91.41,68.55,0.88,-1,-1,-1
94,1498,1160.70,320.53,51.30,30.93,0.66,-1,-1,-1
94,1499,1206.49,12.64,91.71,52.51,0.48,-1,-1,-1
94,1500,276.75,726.29,96.05,53.78,0.46,-1,-1,-1
94,1503,1135.63,281.62,35.17,32.68,0.67,-1,-1,-1
94,1505,618.75,539.88,40.57,31.33,0.48,-1,-1,-1
94,1507,1610.19,744.52,36.32,43.85,0.25,-1,-1,-1
94,1509,1399.16,103.01,38.96,36.01,0.59,-1,-1,-1
94,1510,1418.38,151.83,24.36,37.58,0.36,-1,-1,-1
94,1514,1388.24,739.27,107.27,63.20,0.35,-1,-1,-1
94,1515,1086.56,292.19,22.23,40.89,0.67,-1,-1,-1
94,1516,979.33,408.47,22.10,39.60,0.51,-1,-1,-1
94,1518,954.47,521.98,55.31,104.01,0.81,-1,-1,-1
94,1520,852.45,473.92,54.39,114.36,0.83,-1,-1,-1
94,1521,1071.38,340.16,21.13,36.73,0.62,-1,-1,-1
94,1523,1347.27,298.71,35.32,29.85,0.61,-1,-1,-1
94,1524,790.28,643.22,58.92,118.55,0.86,-1,-1,-1
94,1525,641.30,1007.32,123.80,60.73,0.57,-1,-1,-1
94,1527,964.43,775.37,59.65,114.19,0.78,-1,-1,-1
94,1512,1199.67,924.83,54.44,112.69,0.19,-1,-1,-1
94,1528,1564.86,375.17,62.80,30.61,0.12,-1,-1,-1
94,1529,1547.35,27.78,30.15,35.97,0.13,-1,-1,-1
94,1506,1447.41,134.79,35.13,31.29,0.24,-1,-1,-1
94,1531,1317.26,335.68,32.02,28.04,0.24,-1,-1,-1
94,1533,1838.73,378.62,43.64,53.16,0.59,-1,-1,-1
94,1534,805.69,10.15,122.32,116.01,0.67,-1,-1,-1
94,1535,1851.94,297.39,28.04,24.38,0.59,-1,-1,-1
95,1473,1289.50,371.32,138.37,56.65,0.77,-1,-1,-1
95,1474,1848.43,208.79,55.57,84.98,0.75,-1,-1,-1
95,1475,1642.27,661.57,104.42,102.50,0.84,-1,-1,-1
95,1476,96.36,466.25,123.80,57.06,0.83,-1,-1,-1
95,1477,1027.07,94.04,79.69,116.08,0.82,-1,-1,-1
95,1481,867.45,912.25,55.19,107.05,0.82,-1,-1,-1
95,1482,1235.71,299.62,111.73,58.26,0.61,-1,-1,-1
95,1483,1875.27,643.65,28.73,88.28,0.62,-1,-1,-1
95,1484,935.06,113.55,52.05,107.99,0.77,-1,-1,-1
95,1485,1004.94,257.75,53.73,106.20,0.76,-1,-1,-1
95,1487,1792.94,649.42,100.08,111.55,0.82,-1,-1,-1
95,1491,262.55,462.63,121.14,59.04,0.84,-1,-1,-1
95,1492,1730.64,678.99,94.07,98.63,0.83,-1,-1,-1
95,1493,402.08,462.64,111.73,57.42,0.77,-1,-1,-1
95,1495,1659.97,593.08,121.74,54.25,0.69,-1,-1,-1
95,1496,1456.26,380.96,100.61,49.02,0.78,-1,-1,-1
95,1497,1244.01,478.90,89.93,64.86,0.84,-1,-1,-1
95,1498,1160.43,320.66,51.27,30.86,0.67,-1,-1,-1
95,1499,1207.49,12.60,91.43,52.41,0.46,-1,-1,-1
95,1500,277.59,728.19,92.27,51.56,0.33,-1,-1,-1
95,1503,1135.52,282.89,34.51,32.35,0.73,-1,-1,-1
95,1505,618.56,540.46,40.43,31.15,0.33,-1,-1,-1
95,1507,1611.68,744.48,37.38,45.12,0.38,-1,-1,-1
95,1509,1399.59,103.26,38.89,35.88,0.61,-1,-1,-1
95,1510,1418.50,152.32,24.01,37.08,0.41,-1,-1,-1
95,1514,1388.37,739.92,107.93,63.57,0.53,-1,-1,-1
95,1515,1085.83,288.29,22.73,42.08,0.65,-1,-1,-1
95,1516,978.28,400.61,22.52,40.30,0.63,-1,-1,-1
95,1518,954.60,514.11,55.22,103.79,0.84,-1,-1,-1
95,1520,853.28,483.12,54.69,114.76,0.80,-1,-1,-1
95,1521,1071.31,337.58,20.92,36.40,0.63,-1,-1,-1
95,1523,1346.48,298.34,36.35,30.82,0.57,-1,-1,-1
95,1524,791.63,657.47,58.85,118.57,0.79,-1,-1,-1
95,1525,640.77,1006.46,125.40,61.50,0.61,-1,-1,-1
95,1527,964.76,767.65,58.99,113.88,0.80,-1,-1,-1
95,1512,1200.74,924.22,54.13,112.04,0.27,-1,-1,-1
95,1528,1561.20,375.86,59.46,29.76,0.43,-1,-1,-1
95,1529,1547.07,27.64,31.28,36.42,0.14,-1,-1,-1
95,1506,1447.67,135.27,36.22,32.29,0.31,-1,-1,-1
95,1531,1322.86,336.49,30.31,26.78,0.37,-1,-1,-1
95,1533,1833.81,377.98,47.59,53.98,0.70,-1,-1,-1
95,1534,807.55,23.30,120.12,117.54,0.72,-1,-1,-1
95,1535,1851.35,297.67,27.31,23.63,0.32,-1,-1,-1
95,1536,1165.73,258.63,36.13,30.66,0.76,-1,-1,-1
95,1494,972.32,0.00,16.22,15.79,0.55,-1,-1,-1
96,1473,1289.15,371.41,138.41,56.69,0.79,-1,-1,-1
96,1474,1849.26,208.88,54.74,83.89,0.77,-1,-1,-1
96,1475,1642.57,661.70,104.61,102.57,0.85,-1,-1,-1
96,1476,96.50,466.34,123.68,56.99,0.83,-1,-1,-1
96,1477,1026.47,86.60,78.30,116.30,0.81,-1,-1,-1
96,1481,868.49,917.63,54.90,106.93,0.81,-1,-1,-1
96,1482,1234.58,299.26,114.31,59.70,0.56,-1,-1,-1
96,1483,1876.01,644.33,27.99,84.47,0.60,-1,-1,-1
96,1484,934.62,104.45,52.68,109.10,0.84,-1,-1,-1
96,1485,1005.38,253.72,52.76,104.34,0.78,-1,-1,-1
96,1487,1792.72,649.11,99.92,111.35,0.83,-1,-1,-1
96,1491,262.44,462.55,121.44,59.23,0.84,-1,-1,-1
96,1492,1731.28,679.04,93.96,98.42,0.79,-1,-1,-1
96,1493,401.60,462.50,112.04,57.56,0.78,-1,-1,-1
96,1495,1661.41,593.06,120.83,54.13,0.69,-1,-1,-1
96,1496,1456.37,380.91,101.06,49.20,0.77,-1,-1,-1
96,1497,1252.75,479.37,89.86,62.25,0.84,-1,-1,-1
96,1498,1160.33,320.70,51.39,30.85,0.69,-1,-1,-1
96,1499,1208.34,12.48,91.12,52.25,0.38,-1,-1,-1
96,1500,278.22,728.32,92.21,51.35,0.41,-1,-1,-1
96,1503,1135.45,284.08,33.99,32.17,0.73,-1,-1,-1
96,1505,618.68,540.79,40.07,30.77,0.40,-1,-1,-1
96,1507,1613.07,744.55,37.72,45.36,0.42,-1,-1,-1
96,1509,1399.66,102.63,39.40,36.35,0.61,-1,-1,-1
96,1510,1418.76,151.79,24.15,37.32,0.34,-1,-1,-1
96,1514,1388.59,740.26,108.90,64.13,0.46,-1,-1,-1
96,1515,1085.60,283.77,23.62,44.19,0.62,-1,-1,-1
96,1516,976.94,392.71,22.72,40.69,0.61,-1,-1,-1
96,1518,954.59,506.29,55.37,104.00,0.83,-1,-1,-1
96,1520,853.69,492.24,54.63,114.24,0.82,-1,-1,-1
96,1521,1071.22,333.81,21.04,36.52,0.61,-1,-1,-1
96,1523,1346.18,298.48,36.38,30.91,0.62,-1,-1,-1
96,1524,793.03,671.81,58.75,118.52,0.84,-1,-1,-1
96,1525,639.68,1004.93,128.45,63.14,0.65,-1,-1,-1
96,1527,964.86,760.15,58.35,113.31,0.83,-1,-1,-1
96,1512,1201.13,924.14,54.13,112.11,0.25,-1,-1,-1
96,1528,1559.65,375.30,59.58,30.50,0.41,-1,-1,-1
96,1529,1546.86,27.37,32.36,36.89,0.17,-1,-1,-1
96,1506,1448.34,135.70,36.32,32.35,0.36,-1,-1,-1
96,1531,1327.17,337.22,29.21,25.99,0.38,-1,-1,-1
96,1533,1828.68,376.59,52.03,54.89,0.70,-1,-1,-1
96,1534,810.12,37.47,115.60,116.92,0.69,-1,-1,-1
96,1535,1846.52,296.72,28.47,24.25,0.20,-1,-1,-1
96,1536,1163.66,258.11,35.70,30.26,0.76,-1,-1,-1
97,1473,1289.25,371.13,138.87,56.92,0.81,-1,-1,-1
97,1474,1850.86,209.19,52.67,79.24,0.80,-1,-1,-1
97,1475,1642.84,660.45,104.73,102.74,0.85,-1,-1,-1
97,1476,96.39,466.33,123.84,57.06,0.83,-1,-1,-1
97,1477,1026.89,79.77,76.17,115.08,0.81,-1,-1,-1
97,1481,869.31,923.47,54.76,107.03,0.77,-1,-1,-1
97,1482,1233.67,298.18,112.54,59.02,0.57,-1,-1,-1
97,1483,1877.36,645.45,26.64,81.02,0.63,-1,-1,-1
97,1484,934.87,95.67,52.87,109.16,0.87,-1,-1,-1
97,1485,1005.85,248.72,52.73,104.36,0.79,-1,-1,-1
97,1487,1793.35,649.27,98.94,110.26,0.83,-1,-1,-1
97,1491,262.44,462.57,120.94,58.94,0.84,-1,-1,-1
97,1492,1731.88,679.09,94.51,99.02,0.80,-1,-1,-1
97,1493,401.66,462.23,112.29,57.69,0.76,-1,-1,-1
97,1495,1663.32,592.46,119.90,54.08,0.66,-1,-1,-1
97,1496,1457.10,380.72,101.34,49.26,0.80,-1,-1,-1
97,1497,1260.48,479.01,91.29,61.09,0.87,-1,-1,-1
97,1498,1159.82,319.90,53.02,31.87,0.74,-1,-1,-1
97,1499,1209.54,12.37,90.66,51.96,0.48,-1,-1,-1
97,1500,276.81,726.79,95.68,53.37,0.41,-1,-1,-1
97,1503,1135.12,284.41,34.33,32.79,0.74,-1,-1,-1
97,1505,619.17,540.44,40.14,30.73,0.43,-1,-1,-1
97,1507,1613.86,744.65,37.09,44.74,0.32,-1,-1,-1
97,1509,1399.91,101.57,39.96,36.86,0.54,-1,-1,-1
97,1510,1419.31,150.78,24.91,38.46,0.30,-1,-1,-1
97,1514,1389.11,740.18,108.79,64.01,0.60,-1,-1,-1
97,1515,1086.00,280.65,23.32,43.89,0.63,-1,-1,-1
97,1516,976.37,383.45,22.80,40.73,0.48,-1,-1,-1
97,1518,953.79,498.33,55.87,104.92,0.81,-1,-1,-1
97,1520,854.11,500.05,55.43,115.81,0.81,-1,-1,-1
97,1521,1070.76,330.22,21.11,36.43,0.65,-1,-1,-1
97,1523,1346.49,298.82,35.98,30.63,0.58,-1,-1,-1
97,1524,794.15,685.95,58.61,118.08,0.87,-1,-1,-1
97,1525,638.97,1004.35,129.48,63.83,0.62,-1,-1,-1
97,1527,965.73,751.92,58.09,113.46,0.78,-1,-1,-1
97,1512,1201.84,924.31,53.95,111.81,0.30,-1,-1,-1
97,1528,1565.06,374.36,61.38,31.30,0.25,-1,-1,-1
97,1529,1546.97,26.91,32.54,36.30,0.24,-1,-1,-1
97,1506,1449.05,135.00,35.59,31.60,0.41,-1,-1,-1
97,1531,1331.46,337.76,28.03,25.14,0.46,-1,-1,-1
97,1533,1824.30,378.08,54.66,53.22,0.80,-1,-1,-1
97,1534,812.05,50.93,112.87,118.26,0.66,-1,-1,-1
97,1535,1843.63,296.30,29.22,24.54,0.45,-1,-1,-1
97,1536,1160.12,256.66,36.05,30.52,0.79,-1,-1,-1
98,1473,1288.45,369.63,141.38,58.15,0.82,-1,-1,-1
98,1474,1850.93,206.55,53.03,79.95,0.77,-1,-1,-1
98,1475,1643.76,659.67,105.00,103.06,0.86,-1,-1,-1
98,1476,95.58,465.62,125.10,57.72,0.83,-1,-1,-1
98,1477,1026.65,71.33,75.04,115.51,0.86,-1,-1,-1
98,1481,870.14,929.76,53.86,105.47,0.78,-1,-1,-1
98,1482,1234.43,296.61,112.35,59.03,0.55,-1,-1,-1
98,1483,1877.29,646.61,26.71,84.60,0.61,-1,-1,-1
98,1484,934.40,86.50,53.02,109.29,0.83,-1,-1,-1
98,1485,1006.49,244.06,52.62,104.25,0.78,-1,-1,-1
98,1487,1793.62,649.37,99.24,110.86,0.81,-1,-1,-1
98,1491,262.12,462.47,121.10,59.00,0.84,-1,-1,-1
98,1492,1732.80,679.08,94.89,99.29,0.80,-1,-1,-1
98,1493,400.59,461.51,113.41,58.31,0.77,-1,-1,-1
98,1495,1668.10,594.95,112.85,50.72,0.68,-1,-1,-1
98,1496,1458.22,380.39,101.28,49.16,0.77,-1,-1,-1
98,1497,1269.86,479.95,90.72,58.44,0.83,-1,-1,-1
98,1498,1159.23,319.35,53.04,32.04,0.80,-1,-1,-1
98,1499,1210.88,12.26,89.27,50.99,0.53,-1,-1,-1
98,1500,274.51,727.96,92.50,51.84,0.34,-1,-1,-1
98,1503,1135.14,284.55,34.14,32.96,0.72,-1,-1,-1
98,1505,618.08,539.72,41.55,31.94,0.44,-1,-1,-1
98,1507,1613.57,744.37,33.35,41.01,0.35,-1,-1,-1
98,1509,1400.14,99.87,41.10,38.02,0.62,-1,-1,-1
98,1510,1420.19,148.42,25.80,39.99,0.38,-1,-1,-1
98,1514,1390.40,740.37,107.99,63.50,0.67,-1,-1,-1
98,1515,1086.75,277.26,22.67,42.70,0.69,-1,-1,-1
98,1516,975.27,374.71,22.94,40.79,0.58,-1,-1,-1
98,1518,954.20,490.56,55.63,104.40,0.83,-1,-1,-1
98,1520,854.49,508.54,55.44,115.91,0.79,-1,-1,-1
98,1521,1069.80,326.08,21.58,37.20,0.60,-1,-1,-1
98,1523,1346.93,299.31,35.67,30.41,0.51,-1,-1,-1
98,1524,795.14,699.20,58.70,118.45,0.85,-1,-1,-1
98,1525,640.76,1006.33,125.84,61.92,0.54,-1,-1,-1
98,1527,965.86,743.57,57.63,113.35,0.82,-1,-1,-1
98,1512,1201.75,924.06,55.15,114.69,0.14,-1,-1,-1
98,1528,1566.29,373.89,60.74,31.17,0.29,-1,-1,-1
98,1529,1545.63,26.80,33.95,37.57,0.43,-1,-1,-1
98,1506,1448.84,133.22,36.87,32.81,0.47,-1,-1,-1
98,1531,1334.29,336.58,28.41,25.72,0.39,-1,-1,-1
98,1533,1820.24,379.77,57.34,51.33,0.81,-1,-1,-1
98,1534,814.40,65.07,108.67,118.06,0.79,-1,-1,-1
98,1535,1839.45,295.42,30.61,25.21,0.49,-1,-1,-1
98,1536,1156.83,255.12,36.29,30.68,0.75,-1,-1,-1
99,1473,1288.88,369.20,141.18,58.18,0.81,-1,-1,-1
99,1474,1851.71,205.75,52.29,80.95,0.78,-1,-1,-1
99,1475,1644.98,660.89,104.84,103.13,0.87,-1,-1,-1
99,1476,95.40,465.61,124.66,57.56,0.83,-1,-1,-1
99,1477,1027.16,63.30,73.51,115.31,0.77,-1,-1,-1
99,1481,869.94,935.05,54.50,107.00,0.80,-1,-1,-1
99,1482,1236.15,293.92,115.16,60.39,0.58,-1,-1,-1
99,1483,1877.99,644.74,26.01,83.84,0.60,-1,-1,-1
99,1484,934.68,77.70,53.35,109.81,0.86,-1,-1,-1
99,1485,1006.19,238.83,52.39,103.49,0.75,-1,-1,-1
99,1487,1794.59,649.53,100.29,112.24,0.80,-1,-1,-1
99,1491,261.23,462.16,121.61,59.25,0.84,-1,-1,-1
99,1492,1733.29,678.84,95.99,100.15,0.73,-1,-1,-1
99,1493,400.15,461.47,113.44,58.33,0.79,-1,-1,-1
99,1495,1669.84,594.98,112.44,50.51,0.80,-1,-1,-1
99,1496,1459.22,380.32,101.13,49.00,0.78,-1,-1,-1
99,1497,1280.02,480.87,90.26,55.92,0.82,-1,-1,-1
99,1498,1159.53,318.93,53.07,32.22,0.76,-1,-1,-1
99,1499,1211.54,11.83,89.73,51.11,0.44,-1,-1,-1
99,1500,273.85,727.94,91.54,51.46,0.39,-1,-1,-1
99,1503,1135.48,285.14,33.42,32.53,0.67,-1,-1,-1
99,1505,617.96,539.43,41.57,31.89,0.48,-1,-1,-1
99,1507,1613.63,744.68,31.19,39.33,0.34,-1,-1,-1
99,1509,1400.65,98.63,41.59,38.57,0.56,-1,-1,-1
99,1510,1420.95,147.41,26.18,40.83,0.32,-1,-1,-1
99,1514,1392.09,740.81,107.30,63.07,0.65,-1,-1,-1
99,1515,1087.05,273.54,22.85,43.11,0.63,-1,-1,-1
99,1516,974.44,367.04,22.63,40.22,0.57,-1,-1,-1
99,1518,954.28,483.10,55.81,104.69,0.82,-1,-1,-1
99,1520,854.99,517.93,55.31,115.40,0.80,-1,-1,-1
99,1521,1069.59,322.31,21.96,37.98,0.67,-1,-1,-1
99,1523,1347.13,299.55,35.96,30.73,0.47,-1,-1,-1
99,1524,795.83,712.26,58.96,118.99,0.88,-1,-1,-1
99,1525,643.03,1008.88,120.82,59.03,0.51,-1,-1,-1
99,1527,965.65,735.95,57.46,113.38,0.82,-1,-1,-1
99,1512,1202.22,924.82,54.82,114.03,0.15,-1,-1,-1
99,1528,1567.34,373.82,58.81,30.40,0.26,-1,-1,-1
99,1529,1545.66,26.37,33.30,36.76,0.33,-1,-1,-1
99,1506,1449.91,132.60,37.05,33.13,0.35,-1,-1,-1
99,1531,1337.37,336.14,28.17,25.79,0.43,-1,-1,-1
99,1533,1815.74,379.84,62.19,51.69,0.82,-1,-1,-1
99,1534,815.64,75.94,107.12,120.98,0.70,-1,-1,-1
99,1535,1837.30,293.50,31.08,25.13,0.52,-1,-1,-1
99,1536,1154.26,255.54,34.71,29.18,0.73,-1,-1,-1
99,1537,1627.64,770.86,37.76,31.14,0.66,-1,-1,-1
100,1473,1289.20,368.36,141.78,58.58,0.81,-1,-1,-1
100,1474,1851.44,202.73,52.56,84.31,0.75,-1,-1,-1
100,1475,1646.00,661.52,104.75,103.17,0.91,-1,-1,-1
100,1476,94.43,464.76,125.63,58.11,0.84,-1,-1,-1
100,1477,1026.76,54.86,72.36,115.43,0.80,-1,-1,-1
100,1481,870.27,941.05,54.22,106.72,0.79,-1,-1,-1
100,1482,1239.23,287.56,128.71,66.93,0.56,-1,-1,-1
100,1483,1878.62,644.56,25.38,84.22,0.58,-1,-1,-1
100,1484,934.81,70.17,53.26,109.28,0.85,-1,-1,-1
100,1485,1006.76,234.67,52.32,103.88,0.79,-1,-1,-1
100,1487,1795.31,650.08,100.97,113.73,0.80,-1,-1,-1
100,1491,260.23,461.96,121.60,59.16,0.84,-1,-1,-1
100,1492,1735.45,679.93,93.12,96.95,0.75,-1,-1,-1
100,1493,400.03,461.51,112.88,57.96,0.78,-1,-1,-1
100,1495,1670.51,594.85,113.76,51.13,0.80,-1,-1,-1
100,1496,1460.01,380.30,100.94,48.79,0.78,-1,-1,-1
100,1497,1288.60,479.92,90.98,54.20,0.84,-1,-1,-1
100,1498,1160.30,318.61,52.60,32.07,0.79,-1,-1,-1
100,1499,1211.75,11.52,90.04,51.15,0.48,-1,-1,-1
100,1500,274.64,727.15,95.04,53.29,0.28,-1,-1,-1
100,1503,1135.53,285.47,33.20,32.63,0.67,-1,-1,-1
100,1505,617.54,539.27,42.04,32.26,0.47,-1,-1,-1
100,1507,1615.79,744.98,28.46,36.30,0.18,-1,-1,-1
100,1509,1401.38,98.24,41.41,38.47,0.55,-1,-1,-1
100,1510,1421.77,147.41,25.61,39.93,0.28,-1,-1,-1
100,1514,1392.33,741.10,107.67,63.32,0.61,-1,-1,-1
100,1515,1087.39,270.10,22.41,42.10,0.67,-1,-1,-1
100,1516,973.21,359.10,22.50,40.08,0.35,-1,-1,-1
100,1518,953.44,475.49,56.30,105.32,0.85,-1,-1,-1
100,1520,855.22,525.97,55.94,116.90,0.79,-1,-1,-1
100,1521,1069.71,318.92,21.49,37.20,0.66,-1,-1,-1
100,1523,1347.75,299.70,36.12,31.05,0.28,-1,-1,-1
100,1524,796.32,724.30,59.68,120.87,0.84,-1,-1,-1
100,1525,643.39,1009.53,119.92,58.27,0.54,-1,-1,-1
100,1527,966.54,728.63,56.88,112.82,0.81,-1,-1,-1
100,1512,1203.09,925.83,54.30,112.69,0.30,-1,-1,-1
100,1528,1568.00,373.12,59.36,30.62,0.26,-1,-1,-1
100,1529,1547.50,25.70,34.04,37.03,0.41,-1,-1,-1
100,1506,1450.14,131.79,37.89,34.12,0.32,-1,-1,-1
100,1531,1339.20,333.58,30.02,27.89,0.26,-1,-1,-1
100,1533,1810.95,379.29,67.26,52.23,0.79,-1,-1,-1
100,1534,818.48,90.85,101.94,119.53,0.79,-1,-1,-1
100,1535,1833.92,291.68,33.16,26.37,0.41,-1,-1,-1
100,1536,1152.71,255.52,34.02,28.36,0.76,-1,-1,-1
100,1537,1628.30,770.57,37.65,31.07,0.62,-1,-1,-1
101,1473,1289.78,367.65,141.91,58.81,0.82,-1,-1,-1
101,1474,1852.59,202.45,51.41,82.91,0.74,-1,-1,-1
101,1475,1647.24,661.39,105.18,103.55,0.92,-1,-1,-1
101,1476,93.75,465.12,124.21,57.39,0.84,-1,-1,-1
101,1477,1026.82,46.76,71.18,115.26,0.81,-1,-1,-1
101,1481,870.62,946.88,53.99,106.44,0.75,-1,-1,-1
101,1482,1244.00,289.70,125.89,64.18,0.60,-1,-1,-1
101,1483,1880.62,644.15,23.38,79.78,0.58,-1,-1,-1
101,1484,934.50,60.41,53.46,109.36,0.81,-1,-1,-1
101,1485,1006.09,227.23,53.16,105.71,0.76,-1,-1,-1
101,1487,1796.54,650.05,100.71,114.05,0.80,-1,-1,-1
101,1491,260.02,461.70,120.38,58.46,0.83,-1,-1,-1
101,1492,1738.42,680.62,92.43,96.25,0.69,-1,-1,-1
101,1493,400.52,461.38,110.92,56.75,0.80,-1,-1,-1
101,1495,1670.63,593.82,115.85,52.11,0.80,-1,-1,-1
101,1496,1460.46,379.71,101.66,49.08,0.79,-1,-1,-1
101,1497,1297.30,479.92,93.65,54.08,0.81,-1,-1,-1
101,1498,1160.24,317.30,53.64,32.90,0.78,-1,-1,-1
101,1499,1211.41,10.50,90.18,51.08,0.73,-1,-1,-1
101,1500,276.02,724.05,99.60,55.49,0.46,-1,-1,-1
101,1503,1134.51,284.09,34.68,34.53,0.68,-1,-1,-1
101,1505,617.98,538.97,41.69,31.86,0.44,-1,-1,-1
101,1507,1615.37,744.57,30.21,39.34,0.22,-1,-1,-1
101,1509,1401.61,97.39,41.79,38.98,0.59,-1,-1,-1
101,1510,1422.36,146.83,25.24,39.36,0.32,-1,-1,-1
101,1514,1392.57,740.78,108.03,63.62,0.57,-1,-1,-1
101,1515,1087.38,264.50,23.05,43.43,0.61,-1,-1,-1
101,1516,971.95,350.52,22.68,40.17,0.48,-1,-1,-1
101,1518,953.59,467.48,56.18,105.26,0.85,-1,-1,-1
101,1520,855.36,534.85,55.63,116.40,0.77,-1,-1,-1
101,1521,1069.36,313.86,22.45,39.05,0.63,-1,-1,-1
101,1523,1348.37,299.53,36.96,32.11,0.31,-1,-1,-1
101,1524,796.88,736.09,59.58,120.83,0.89,-1,-1,-1
101,1525,643.30,1010.04,119.16,57.53,0.62,-1,-1,-1
101,1527,966.39,720.90,56.24,112.20,0.81,-1,-1,-1
101,1512,1204.18,925.87,53.76,111.41,0.18,-1,-1,-1
101,1528,1568.07,373.60,56.31,29.26,0.30,-1,-1,-1
101,1529,1548.22,25.09,34.95,37.61,0.44,-1,-1,-1
101,1506,1450.73,131.75,39.53,35.72,0.49,-1,-1,-1
101,1531,1341.33,330.09,32.21,30.03,0.49,-1,-1,-1
101,1533,1806.89,377.96,73.68,54.06,0.76,-1,-1,-1
101,1534,820.83,104.34,98.29,119.77,0.76,-1,-1,-1
101,1535,1831.09,290.00,34.20,26.63,0.49,-1,-1,-1
101,1536,1149.33,253.63,35.92,29.76,0.64,-1,-1,-1
101,1537,1629.51,770.24,37.58,31.06,0.62,-1,-1,-1
102,1473,1291.71,366.83,141.85,58.89,0.81,-1,-1,-1
102,1474,1855.20,201.45,48.80,77.98,0.72,-1,-1,-1
102,1475,1648.18,660.92,105.64,104.03,0.92,-1,-1,-1
102,1476,93.14,465.09,123.11,56.73,0.82,-1,-1,-1
102,1477,1028.46,42.23,67.37,110.75,0.81,-1,-1,-1
102,1481,871.09,952.67,53.10,104.68,0.75,-1,-1,-1
102,1482,1238.54,291.97,118.88,60.76,0.69,-1,-1,-1
102,1483,1882.64,643.47,21.36,73.05,0.57,-1,-1,-1
102,1484,934.44,49.78,54.17,110.93,0.85,-1,-1,-1
102,1485,1006.68,221.93,52.88,105.11,0.80,-1,-1,-1
102,1487,1797.66,649.81,100.92,114.97,0.78,-1,-1,-1
102,1491,259.13,461.24,119.66,57.96,0.83,-1,-1,-1
102,1492,1738.00,674.51,95.73,99.98,0.77,-1,-1,-1
102,1493,399.95,461.33,110.56,56.47,0.77,-1,-1,-1
102,1495,1670.08,591.88,118.84,53.66,0.79,-1,-1,-1
102,1496,1460.71,379.18,103.39,50.03,0.79,-1,-1,-1
102,1497,1307.81,478.86,94.93,52.79,0.84,-1,-1,-1
102,1498,1160.54,315.94,53.07,32.62,0.81,-1,-1,-1
102,1499,1211.69,9.09,90.58,51.17,0.70,-1,-1,-1
102,1500,273.40,725.80,96.34,53.72,0.30,-1,-1,-1
102,1503,1134.30,283.12,34.93,35.27,0.66,-1,-1,-1
102,1505,618.62,538.78,40.67,30.84,0.43,-1,-1,-1
102,1507,1617.77,744.18,28.35,36.80,0.26,-1,-1,-1
102,1509,1402.41,96.95,40.62,37.91,0.59,-1,-1,-1
102,1510,1423.07,145.57,25.13,39.19,0.36,-1,-1,-1
102,1514,1394.65,740.18,106.35,62.39,0.49,-1,-1,-1
102,1515,1088.12,260.99,22.43,42.29,0.61,-1,-1,-1
102,1516,970.77,342.17,22.62,39.92,0.59,-1,-1,-1
102,1518,953.45,459.93,55.81,104.65,0.85,-1,-1,-1
102,1520,855.74,543.13,55.29,115.59,0.80,-1,-1,-1
102,1521,1069.47,310.13,21.90,38.18,0.63,-1,-1,-1
102,1523,1346.72,299.47,40.80,36.28,0.25,-1,-1,-1
102,1524,797.28,747.07,60.38,122.90,0.86,-1,-1,-1
102,1525,642.32,1008.52,120.95,58.15,0.63,-1,-1,-1
102,1527,965.97,712.77,56.02,112.05,0.83,-1,-1,-1
102,1512,1205.16,926.02,52.76,108.85,0.20,-1,-1,-1
102,1528,1568.28,372.86,55.16,28.86,0.32,-1,-1,-1
102,1529,1547.77,24.89,33.25,36.25,0.11,-1,-1,-1
102,1506,1451.42,130.94,40.32,36.65,0.48,-1,-1,-1
102,1531,1344.78,322.50,36.74,34.81,0.62,-1,-1,-1
102,1533,1802.87,376.61,79.75,55.71,0.76,-1,-1,-1
102,1534,822.80,117.51,94.90,119.99,0.81,-1,-1,-1
102,1535,1827.78,288.42,35.67,27.26,0.57,-1,-1,-1
102,1536,1146.54,252.05,36.79,30.61,0.59,-1,-1,-1
102,1537,1630.34,770.40,37.99,31.52,0.67,-1,-1,-1
103,1473,1293.77,365.69,140.04,57.86,0.83,-1,-1,-1
103,1474,1856.41,201.45,47.59,74.78,0.71,-1,-1,-1
103,1475,1649.16,660.66,105.88,104.24,0.93,-1,-1,-1
103,1476,92.00,464.53,122.51,56.31,0.82,-1,-1,-1
103,1477,1026.89,28.91,68.25,113.82,0.82,-1,-1,-1
103,1481,871.35,958.08,52.88,104.27,0.78,-1,-1,-1
103,1482,1240.36,292.38,115.95,58.83,0.72,-1,-1,-1
103,1483,1883.55,644.12,20.45,72.34,0.57,-1,-1,-1
103,1484,934.23,41.60,53.42,109.46,0.76,-1,-1,-1
103,1485,1006.70,216.04,52.23,103.33,0.75,-1,-1,-1
103,1487,1798.92,649.12,101.00,115.62,0.79,-1,-1,-1
103,1491,257.75,460.15,120.26,58.11,0.85,-1,-1,-1
103,1492,1739.81,674.39,94.95,99.27,0.80,-1,-1,-1
103,1493,399.06,460.63,110.30,56.22,0.75,-1,-1,-1
103,1495,1672.34,592.13,117.53,53.19,0.77,-1,-1,-1
103,1496,1461.13,378.25,104.05,50.43,0.82,-1,-1,-1
103,1497,1315.98,477.82,98.15,53.11,0.84,-1,-1,-1
103,1498,1161.46,315.32,51.13,31.44,0.81,-1,-1,-1
103,1499,1211.98,8.10,91.03,51.35,0.67,-1,-1,-1
103,1500,271.73,726.02,95.81,53.56,0.28,-1,-1,-1
103,1503,1134.47,282.73,33.93,34.79,0.66,-1,-1,-1
103,1505,617.50,538.24,41.39,31.20,0.47,-1,-1,-1
103,1507,1618.00,743.85,28.92,37.91,0.22,-1,-1,-1
103,1509,1403.32,96.01,39.86,37.32,0.62,-1,-1,-1
103,1510,1424.44,145.32,24.32,37.86,0.27,-1,-1,-1
103,1514,1395.25,739.54,106.21,62.11,0.42,-1,-1,-1
103,1515,1088.33,254.98,22.54,42.44,0.65,-1,-1,-1
103,1516,969.48,333.51,22.89,40.47,0.54,-1,-1,-1
103,1518,952.71,451.84,56.15,105.24,0.86,-1,-1,-1
103,1520,855.72,550.34,55.79,116.81,0.84,-1,-1,-1
103,1521,1069.43,306.20,21.50,37.47,0.60,-1,-1,-1
103,1523,1347.39,299.34,39.74,35.91,0.33,-1,-1,-1
103,1524,797.56,758.72,60.32,123.06,0.89,-1,-1,-1
103,1525,640.82,1007.55,123.13,59.00,0.56,-1,-1,-1
103,1527,966.43,703.77,55.96,112.49,0.82,-1,-1,-1
103,1512,1206.16,926.43,51.27,104.90,0.28,-1,-1,-1
103,1528,1569.42,372.45,54.10,28.56,0.41,-1,-1,-1
103,1529,1548.19,25.37,41.19,46.33,0.58,-1,-1,-1
103,1506,1452.31,129.96,40.11,36.61,0.36,-1,-1,-1
103,1531,1348.13,321.25,34.58,33.32,0.56,-1,-1,-1
103,1533,1799.56,375.79,83.86,55.82,0.77,-1,-1,-1
103,1534,825.12,130.48,91.23,119.70,0.81,-1,-1,-1
103,1535,1826.22,288.56,35.02,26.36,0.44,-1,-1,-1
103,1536,1141.41,250.17,37.92,31.68,0.53,-1,-1,-1
103,1537,1632.41,771.44,35.54,29.49,0.58,-1,-1,-1
104,1473,1295.18,364.76,139.19,57.19,0.85,-1,-1,-1
104,1474,1857.09,200.63,46.91,73.84,0.68,-1,-1,-1
104,1475,1650.66,660.18,106.25,104.35,0.93,-1,-1,-1
104,1476,91.11,464.12,122.10,55.98,0.83,-1,-1,-1
104,1477,1027.47,20.85,66.47,112.60,0.75,-1,-1,-1
104,1481,871.69,964.32,52.06,102.58,0.74,-1,-1,-1
104,1482,1244.72,290.86,119.13,59.41,0.72,-1,-1,-1
104,1483,1882.05,644.80,21.95,74.34,0.56,-1,-1,-1
104,1484,934.36,32.03,53.46,109.58,0.84,-1,-1,-1
104,1485,1006.76,210.99,52.29,103.98,0.77,-1,-1,-1
104,1487,1801.10,649.66,100.68,115.56,0.78,-1,-1,-1
104,1491,256.74,459.29,120.13,57.94,0.84,-1,-1,-1
104,1492,1740.65,674.09,95.62,100.15,0.82,-1,-1,-1
104,1493,398.37,459.81,110.30,56.13,0.75,-1,-1,-1
104,1495,1673.73,591.86,117.16,53.17,0.74,-1,-1,-1
104,1496,1460.91,376.53,105.78,51.47,0.82,-1,-1,-1
104,1497,1324.86,476.72,99.57,52.55,0.84,-1,-1,-1
104,1498,1162.46,314.89,48.44,29.66,0.76,-1,-1,-1
104,1499,1212.53,6.26,90.37,50.91,0.59,-1,-1,-1
104,1500,270.07,725.07,96.81,54.40,0.10,-1,-1,-1
104,1503,1135.09,282.52,32.80,34.17,0.65,-1,-1,-1
104,1505,617.70,537.90,40.63,30.24,0.45,-1,-1,-1
104,1507,1619.65,744.06,29.89,39.50,0.16,-1,-1,-1
104,1509,1404.36,94.98,39.27,36.88,0.62,-1,-1,-1
104,1510,1425.29,144.67,24.18,37.64,0.18,-1,-1,-1
104,1514,1396.23,738.84,106.57,62.29,0.33,-1,-1,-1
104,1515,1089.02,250.64,22.31,42.02,0.62,-1,-1,-1
104,1516,968.37,324.75,22.74,40.16,0.45,-1,-1,-1
104,1518,952.88,443.92,55.97,105.10,0.85,-1,-1,-1
104,1520,855.84,559.03,55.56,116.63,0.82,-1,-1,-1
104,1521,1069.25,301.97,21.51,37.56,0.65,-1,-1,-1
104,1523,1348.25,299.22,39.93,36.81,0.27,-1,-1,-1
104,1524,798.19,769.66,60.46,123.74,0.86,-1,-1,-1
104,1525,640.21,1006.32,123.67,59.06,0.50,-1,-1,-1
104,1527,966.22,695.97,55.56,112.01,0.84,-1,-1,-1
104,1512,1206.47,926.37,51.38,104.46,0.31,-1,-1,-1
104,1528,1571.94,372.44,52.79,28.12,0.17,-1,-1,-1
104,1529,1551.40,29.98,38.95,45.01,0.59,-1,-1,-1
104,1506,1453.43,128.73,40.92,37.48,0.45,-1,-1,-1
104,1531,1351.21,320.67,32.32,31.51,0.46,-1,-1,-1
104,1533,1797.10,375.95,85.44,54.13,0.80,-1,-1,-1
104,1534,826.92,144.39,87.90,119.28,0.81,-1,-1,-1
104,1535,1823.42,286.97,37.18,27.82,0.56,-1,-1,-1
104,1536,1137.67,248.50,39.20,33.05,0.54,-1,-1,-1
104,1537,1632.26,770.97,37.36,31.07,0.48,-1,-1,-1
105,1473,1295.50,363.23,142.03,58.47,0.85,-1,-1,-1
105,1474,1857.75,200.59,46.25,74.27,0.70,-1,-1,-1
105,1475,1651.95,659.53,106.34,104.25,0.93,-1,-1,-1
105,1476,89.83,463.11,121.87,55.67,0.85,-1,-1,-1
105,1477,1030.75,20.25,60.84,103.81,0.78,-1,-1,-1
105,1481,872.77,969.75,50.57,99.33,0.74,-1,-1,-1
105,1482,1247.08,289.06,123.21,60.32,0.72,-1,-1,-1
105,1483,1875.75,644.60,24.60,75.91,0.49,-1,-1,-1
105,1484,934.54,23.08,53.48,109.33,0.82,-1,-1,-1
105,1485,1006.18,203.10,53.18,106.05,0.80,-1,-1,-1
105,1487,1803.96,649.45,97.91,112.10,0.77,-1,-1,-1
105,1491,257.06,459.00,118.75,57.05,0.83,-1,-1,-1
105,1492,1742.48,674.46,95.55,100.23,0.80,-1,-1,-1
105,1493,397.09,459.12,110.03,55.99,0.73,-1,-1,-1
105,1495,1670.89,587.09,125.30,57.59,0.74,-1,-1,-1
105,1496,1460.98,374.54,107.02,52.34,0.84,-1,-1,-1
105,1497,1333.73,475.40,102.30,52.95,0.83,-1,-1,-1
105,1498,1163.18,314.14,48.15,29.30,0.72,-1,-1,-1
105,1499,1212.80,4.49,91.35,51.51,0.65,-1,-1,-1
105,1500,270.45,724.75,96.57,54.34,0.13,-1,-1,-1
105,1503,1135.22,283.09,31.31,32.85,0.58,-1,-1,-1
105,1505,617.01,537.34,41.26,30.47,0.44,-1,-1,-1
105,1507,1621.98,744.08,30.16,40.23,0.15,-1,-1,-1
105,1509,1405.96,93.78,38.59,36.18,0.62,-1,-1,-1
105,1510,1426.08,143.14,24.41,38.10,0.46,-1,-1,-1
105,1514,1397.22,738.69,105.76,61.69,0.23,-1,-1,-1
105,1515,1089.62,245.56,22.19,41.72,0.65,-1,-1,-1
105,1516,967.11,315.76,22.93,40.51,0.47,-1,-1,-1
105,1518,952.81,436.03,55.72,104.87,0.83,-1,-1,-1
105,1520,856.72,567.91,55.56,116.61,0.82,-1,-1,-1
105,1521,1069.75,299.66,20.67,36.01,0.64,-1,-1,-1
105,1523,1346.56,299.03,43.46,41.22,0.21,-1,-1,-1
105,1524,798.94,781.26,60.05,123.43,0.83,-1,-1,-1
105,1525,637.76,1005.26,128.14,61.27,0.56,-1,-1,-1
105,1527,965.96,687.89,55.38,111.89,0.83,-1,-1,-1
105,1512,1207.20,925.87,51.21,103.39,0.30,-1,-1,-1
105,1528,1571.94,371.60,53.09,28.78,0.26,-1,-1,-1
105,1529,1552.87,26.20,41.29,49.41,0.39,-1,-1,-1
105,1506,1455.09,126.84,40.26,36.96,0.47,-1,-1,-1
105,1531,1352.99,319.94,31.83,31.06,0.46,-1,-1,-1
105,1533,1792.15,374.05,90.51,55.12,0.79,-1,-1,-1
105,1534,828.88,156.95,84.51,118.60,0.80,-1,-1,-1
105,1535,1821.62,286.17,36.72,27.42,0.52,-1,-1,-1
105,1536,1134.88,246.26,38.59,32.64,0.72,-1,-1,-1
105,1537,1629.38,766.21,42.44,35.45,0.48,-1,-1,-1
106,1473,1295.08,361.73,144.38,59.63,0.85,-1,-1,-1
106,1474,1859.07,199.46,44.93,73.36,0.70,-1,-1,-1
106,1475,1652.33,658.64,107.08,104.88,0.92,-1,-1,-1
106,1476,88.29,461.58,123.13,56.14,0.85,-1,-1,-1
106,1477,1028.52,6.30,62.70,108.02,0.84,-1,-1,-1
106,1481,873.47,975.27,49.01,94.97,0.73,-1,-1,-1
106,1482,1247.93,287.67,125.31,60.24,0.58,-1,-1,-1
106,1484,934.32,12.83,53.45,109.25,0.82,-1,-1,-1
106,1485,1006.85,197.53,52.83,105.50,0.81,-1,-1,-1
106,1487,1805.16,648.33,97.90,112.10,0.78,-1,-1,-1
106,1491,255.93,458.13,119.29,57.13,0.83,-1,-1,-1
106,1492,1743.07,673.47,96.36,101.35,0.81,-1,-1,-1
106,1493,395.84,458.19,111.03,56.52,0.73,-1,-1,-1
106,1495,1669.28,583.28,130.52,60.90,0.80,-1,-1,-1
106,1496,1461.33,373.27,107.53,52.88,0.84,-1,-1,-1
106,1497,1343.44,473.87,105.44,53.57,0.81,-1,-1,-1
106,1498,1163.95,313.59,47.11,28.37,0.63,-1,-1,-1
106,1499,1212.04,2.15,93.73,53.07,0.60,-1,-1,-1
106,1500,269.61,723.26,98.08,55.20,0.26,-1,-1,-1
106,1503,1135.99,282.89,30.61,32.62,0.54,-1,-1,-1
106,1505,616.13,536.98,41.35,30.29,0.37,-1,-1,-1
106,1507,1623.15,743.68,30.76,41.58,0.18,-1,-1,-1
106,1509,1406.75,92.97,38.51,36.11,0.63,-1,-1,-1
106,1510,1426.90,142.32,23.87,37.10,0.51,-1,-1,-1
106,1514,1398.00,738.20,106.46,62.02,0.27,-1,-1,-1
106,1515,1090.21,240.43,22.16,41.67,0.60,-1,-1,-1
106,1516,966.45,306.96,23.05,40.79,0.55,-1,-1,-1
106,1518,952.31,427.70,56.07,105.45,0.84,-1,-1,-1
106,1520,856.58,574.55,56.33,118.60,0.82,-1,-1,-1
106,1521,1069.48,294.21,20.63,35.96,0.66,-1,-1,-1
106,1523,1346.78,298.65,43.07,41.84,0.20,-1,-1,-1
106,1524,799.91,791.27,59.69,122.81,0.86,-1,-1,-1
106,1525,634.86,1002.40,133.11,63.95,0.58,-1,-1,-1
106,1527,966.70,679.56,55.68,112.68,0.82,-1,-1,-1
106,1512,1206.83,925.57,52.42,105.39,0.39,-1,-1,-1
106,1528,1572.94,370.81,54.71,29.81,0.30,-1,-1,-1
106,1529,1555.12,29.26,37.75,46.20,0.39,-1,-1,-1
106,1506,1457.18,126.22,38.44,35.05,0.48,-1,-1,-1
106,1531,1353.99,318.83,32.56,31.84,0.57,-1,-1,-1
106,1533,1786.99,372.63,94.67,55.80,0.82,-1,-1,-1
106,1534,830.23,169.86,81.87,118.53,0.82,-1,-1,-1
106,1535,1821.06,284.80,35.70,26.71,0.15,-1,-1,-1
106,1536,1133.08,246.08,36.75,31.03,0.65,-1,-1,-1
106,1537,1626.43,760.38,47.95,40.53,0.53,-1,-1,-1
107,1473,1296.01,361.49,142.99,59.11,0.88,-1,-1,-1
107,1474,1859.68,197.80,44.32,74.60,0.67,-1,-1,-1
107,1475,1653.32,658.07,107.13,104.87,0.91,-1,-1,-1
107,1476,86.86,460.76,123.75,56.37,0.86,-1,-1,-1
107,1477,1029.81,3.30,58.81,101.63,0.80,-1,-1,-1
107,1481,874.18,980.42,47.52,90.50,0.73,-1,-1,-1
107,1482,1240.72,289.08,119.64,57.70,0.69,-1,-1,-1
107,1484,933.90,2.15,54.20,110.91,0.83,-1,-1,-1
107,1485,1006.80,191.57,52.24,104.03,0.76,-1,-1,-1
107,1487,1805.65,647.85,97.94,112.09,0.80,-1,-1,-1
107,1491,255.47,457.70,118.81,56.65,0.82,-1,-1,-1
107,1492,1743.82,672.80,97.09,102.30,0.79,-1,-1,-1
107,1493,396.23,457.49,110.59,56.16,0.72,-1,-1,-1
107,1495,1669.55,581.86,131.04,61.94,0.77,-1,-1,-1
107,1496,1462.46,372.66,106.84,52.81,0.82,-1,-1,-1
107,1497,1352.33,473.06,107.96,54.05,0.84,-1,-1,-1
107,1498,1164.07,312.35,47.30,28.32,0.65,-1,-1,-1
107,1499,1212.28,0.78,93.75,53.22,0.64,-1,-1,-1
107,1500,269.96,723.67,97.28,54.71,0.28,-1,-1,-1
107,1503,1135.39,282.97,29.78,32.08,0.50,-1,-1,-1
107,1505,615.42,536.53,41.63,30.35,0.34,-1,-1,-1
107,1507,1623.45,743.39,32.33,44.13,0.27,-1,-1,-1
107,1509,1407.77,92.36,37.89,35.38,0.61,-1,-1,-1
107,1510,1427.55,141.86,23.50,36.39,0.48,-1,-1,-1
107,1514,1398.62,738.01,107.02,62.20,0.22,-1,-1,-1
107,1515,1090.46,235.66,21.61,40.52,0.65,-1,-1,-1
107,1516,965.14,298.65,23.09,40.94,0.59,-1,-1,-1
107,1518,952.30,419.92,55.89,105.30,0.86,-1,-1,-1
107,1520,856.45,582.77,56.17,118.39,0.81,-1,-1,-1
107,1521,1069.35,290.62,20.47,35.49,0.59,-1,-1,-1
107,1523,1348.31,298.58,39.81,39.05,0.32,-1,-1,-1
107,1524,800.43,801.50,59.82,123.65,0.81,-1,-1,-1
107,1525,634.66,1002.52,132.74,63.93,0.56,-1,-1,-1
107,1527,965.98,671.75,55.31,112.13,0.84,-1,-1,-1
107,1512,1209.58,927.12,49.43,98.35,0.24,-1,-1,-1
107,1528,1573.86,371.27,56.01,30.71,0.11,-1,-1,-1
107,1529,1554.88,28.10,37.36,46.50,0.47,-1,-1,-1
107,1506,1457.39,125.09,40.46,37.06,0.27,-1,-1,-1
107,1531,1354.64,317.18,32.49,31.42,0.34,-1,-1,-1
107,1533,1782.31,371.34,98.88,56.59,0.84,-1,-1,-1
107,1534,831.78,182.04,79.37,118.50,0.83,-1,-1,-1
107,1536,1130.71,245.30,35.53,29.91,0.58,-1,-1,-1
107,1537,1625.00,756.86,50.81,43.53,0.55,-1,-1,-1
108,1473,1296.88,361.36,141.52,58.48,0.88,-1,-1,-1
108,1474,1860.53,195.21,43.47,76.52,0.63,-1,-1,-1
108,1475,1654.09,658.09,107.33,104.99,0.90,-1,-1,-1
108,1476,84.82,459.76,125.15,56.92,0.86,-1,-1,-1
108,1477,1030.12,0.00,55.56,94.72,0.80,-1,-1,-1
108,1481,875.34,987.07,45.61,83.93,0.77,-1,-1,-1
108,1482,1238.16,289.84,116.59,56.40,0.70,-1,-1,-1
108,1484,934.73,0.00,51.88,103.95,0.77,-1,-1,-1
108,1485,1007.43,186.46,52.18,104.50,0.79,-1,-1,-1
108,1487,1806.27,647.57,97.73,112.46,0.81,-1,-1,-1
108,1491,254.71,457.40,118.69,56.34,0.82,-1,-1,-1
108,1492,1744.51,672.72,97.46,102.77,0.80,-1,-1,-1
108,1493,394.45,456.72,112.20,57.04,0.75,-1,-1,-1
108,1495,1673.76,584.50,124.60,59.20,0.75,-1,-1,-1
108,1496,1464.03,372.49,105.23,52.16,0.82,-1,-1,-1
108,1497,1361.75,472.81,109.98,54.47,0.83,-1,-1,-1
108,1498,1163.66,311.41,48.13,28.74,0.67,-1,-1,-1
108,1499,1214.22,0.42,91.90,52.20,0.48,-1,-1,-1
108,1500,269.42,723.98,96.86,54.58,0.19,-1,-1,-1
108,1503,1135.35,283.70,28.81,31.25,0.48,-1,-1,-1
108,1505,614.97,536.22,42.07,30.52,0.35,-1,-1,-1
108,1507,1624.88,743.19,32.64,44.80,0.37,-1,-1,-1
108,1509,1408.32,91.30,38.47,35.82,0.66,-1,-1,-1
108,1510,1428.47,141.64,23.62,36.21,0.30,-1,-1,-1
108,1514,1399.48,738.02,107.88,62.46,0.23,-1,-1,-1
108,1515,1090.47,230.44,21.87,41.13,0.57,-1,-1,-1
108,1516,964.25,290.09,23.35,41.54,0.47,-1,-1,-1
108,1518,951.89,412.47,55.57,104.75,0.84,-1,-1,-1
108,1520,857.20,591.99,55.82,117.44,0.83,-1,-1,-1
108,1521,1069.20,287.73,20.48,35.40,0.56,-1,-1,-1
108,1523,1349.30,298.92,37.88,37.34,0.36,-1,-1,-1
108,1524,801.11,812.01,60.07,124.20,0.86,-1,-1,-1
108,1525,635.66,1002.88,129.95,62.54,0.48,-1,-1,-1
108,1527,965.53,664.09,55.10,111.71,0.87,-1,-1,-1
108,1512,1211.17,927.54,48.02,95.16,0.29,-1,-1,-1
108,1528,1573.70,371.07,56.34,31.12,0.12,-1,-1,-1
108,1529,1553.94,24.79,38.34,48.62,0.29,-1,-1,-1
108,1506,1457.91,125.09,40.48,37.20,0.17,-1,-1,-1
108,1531,1358.86,311.54,34.80,34.93,0.24,-1,-1,-1
108,1533,1779.41,371.40,100.63,56.01,0.83,-1,-1,-1
108,1534,833.30,195.29,77.37,118.82,0.84,-1,-1,-1
108,1536,1130.16,244.77,34.87,29.38,0.53,-1,-1,-1
108,1537,1629.88,762.96,43.94,37.54,0.30,-1,-1,-1
109,1473,1298.20,361.98,138.98,57.30,0.89,-1,-1,-1
109,1474,1860.48,194.39,43.52,78.39,0.63,-1,-1,-1
109,1475,1654.89,658.16,107.60,105.21,0.87,-1,-1,-1
109,1476,84.07,460.22,124.30,56.45,0.85,-1,-1,-1
109,1477,1032.04,0.00,51.40,85.22,0.81,-1,-1,-1
109,1481,875.69,992.43,43.98,78.57,0.77,-1,-1,-1
109,1482,1237.49,289.89,114.62,55.57,0.68,-1,-1,-1
109,1484,936.67,0.00,48.08,94.12,0.78,-1,-1,-1
109,1485,1006.93,179.10,52.55,105.63,0.79,-1,-1,-1
109,1487,1808.12,648.03,95.88,112.00,0.83,-1,-1,-1
109,1491,253.38,457.12,118.77,56.10,0.82,-1,-1,-1
109,1492,1745.54,673.53,97.04,102.19,0.79,-1,-1,-1
109,1493,394.37,456.91,111.00,56.17,0.78,-1,-1,-1
109,1495,1675.81,584.80,122.46,58.57,0.77,-1,-1,-1
109,1496,1465.35,372.68,104.36,51.77,0.83,-1,-1,-1
109,1497,1370.86,472.37,112.32,55.10,0.84,-1,-1,-1
109,1498,1163.75,310.72,48.40,28.85,0.65,-1,-1,-1
109,1499,1213.76,0.00,92.05,52.13,0.58,-1,-1,-1
109,1500,267.60,724.96,95.24,53.51,0.49,-1,-1,-1
109,1503,1134.97,283.45,28.90,31.51,0.47,-1,-1,-1
109,1505,614.06,536.10,42.28,30.54,0.32,-1,-1,-1
109,1507,1626.14,743.10,31.79,43.76,0.35,-1,-1,-1
109,1509,1408.94,90.09,39.15,36.40,0.65,-1,-1,-1
109,1510,1428.92,141.31,23.74,36.01,0.32,-1,-1,-1
109,1514,1399.32,738.13,108.80,63.00,0.18,-1,-1,-1
109,1515,1090.47,225.05,22.21,42.23,0.51,-1,-1,-1
109,1516,963.55,281.82,23.08,41.07,0.61,-1,-1,-1
109,1518,950.70,404.33,56.34,106.23,0.86,-1,-1,-1
109,1520,858.91,600.38,50.68,106.08,0.79,-1,-1,-1
109,1521,1068.64,282.06,21.09,36.35,0.61,-1,-1,-1
109,1523,1350.65,299.43,35.96,35.25,0.47,-1,-1,-1
109,1524,802.22,821.32,59.87,123.54,0.83,-1,-1,-1
109,1525,636.73,1004.58,127.55,61.19,0.38,-1,-1,-1
109,1527,965.80,655.85,55.32,112.40,0.83,-1,-1,-1
109,1512,1211.98,927.75,48.13,95.23,0.38,-1,-1,-1
109,1528,1576.94,370.05,54.66,30.25,0.24,-1,-1,-1
109,1529,1555.95,24.56,37.05,47.99,0.18,-1,-1,-1
109,1506,1458.85,124.77,38.95,35.90,0.23,-1,-1,-1
109,1531,1358.53,306.94,37.58,38.55,0.11,-1,-1,-1
109,1533,1775.53,370.09,104.34,56.91,0.85,-1,-1,-1
109,1534,834.65,207.64,75.15,118.56,0.83,-1,-1,-1
109,1536,1127.74,243.85,34.21,28.61,0.57,-1,-1,-1
109,1537,1636.85,770.56,36.63,30.97,0.40,-1,-1,-1
110,1473,1298.25,361.83,139.18,57.30,0.89,-1,-1,-1
110,1474,1860.82,193.70,43.18,80.21,0.62,-1,-1,-1
110,1475,1655.78,658.41,106.82,104.52,0.86,-1,-1,-1
110,1476,82.64,460.43,124.05,56.24,0.85,-1,-1,-1
110,1477,1033.07,0.00,46.86,75.67,0.80,-1,-1,-1
110,1481,876.74,999.20,41.41,71.80,0.71,-1,-1,-1
110,1482,1236.38,290.06,112.45,54.74,0.71,-1,-1,-1
110,1484,938.28,0.00,44.19,84.32,0.70,-1,-1,-1
110,1485,1007.07,173.51,52.36,105.36,0.84,-1,-1,-1
110,1487,1809.27,648.39,94.73,111.64,0.82,-1,-1,-1
110,1491,252.25,457.26,118.52,55.64,0.84,-1,-1,-1
110,1492,1747.08,676.57,95.14,99.79,0.78,-1,-1,-1
110,1493,393.98,456.86,109.65,55.14,0.77,-1,-1,-1
110,1495,1678.27,585.87,119.62,57.46,0.74,-1,-1,-1
110,1496,1465.89,372.47,104.54,51.93,0.83,-1,-1,-1
110,1497,1381.77,471.98,113.06,54.91,0.83,-1,-1,-1
110,1498,1163.33,310.09,49.00,29.18,0.67,-1,-1,-1
110,1499,1213.74,0.00,91.85,51.77,0.67,-1,-1,-1
110,1500,265.56,724.85,95.83,53.73,0.46,-1,-1,-1
110,1503,1134.53,283.58,28.99,31.52,0.47,-1,-1,-1
110,1505,613.08,536.05,42.30,30.41,0.35,-1,-1,-1
110,1507,1626.79,743.46,32.55,44.87,0.30,-1,-1,-1
110,1509,1409.57,89.68,39.03,36.18,0.70,-1,-1,-1
110,1510,1429.01,140.90,23.81,35.79,0.35,-1,-1,-1
110,1514,1399.36,738.05,109.87,63.68,0.13,-1,-1,-1
110,1515,1089.98,219.89,22.04,42.08,0.58,-1,-1,-1
110,1516,962.59,274.70,22.50,40.09,0.62,-1,-1,-1
110,1518,950.53,397.31,56.05,105.99,0.86,-1,-1,-1
110,1520,857.26,607.88,54.66,114.66,0.81,-1,-1,-1
110,1521,1067.98,278.02,21.20,36.38,0.56,-1,-1,-1
110,1523,1352.48,300.27,35.53,34.46,0.49,-1,-1,-1
110,1524,803.80,831.50,58.72,120.31,0.86,-1,-1,-1
110,1525,635.86,1004.19,128.01,61.21,0.38,-1,-1,-1
110,1527,965.48,648.45,54.88,111.73,0.85,-1,-1,-1
110,1512,1212.06,928.21,48.53,95.69,0.30,-1,-1,-1
110,1528,1580.00,368.95,56.30,30.79,0.19,-1,-1,-1
110,1529,1556.68,24.05,36.15,47.67,0.25,-1,-1,-1
110,1506,1459.55,124.57,39.35,36.48,0.17,-1,-1,-1
110,1533,1770.61,367.73,109.61,58.90,0.84,-1,-1,-1
110,1534,835.29,220.52,73.62,119.07,0.84,-1,-1,-1
110,1536,1124.46,242.61,34.12,28.27,0.61,-1,-1,-1
110,1537,1637.56,771.33,36.01,30.15,0.41,-1,-1,-1
111,1473,1297.80,361.34,140.65,57.93,0.89,-1,-1,-1
111,1474,1862.16,193.34,41.84,79.58,0.64,-1,-1,-1
111,1475,1657.12,658.36,106.85,104.81,0.85,-1,-1,-1
111,1476,81.18,460.00,124.48,56.32,0.86,-1,-1,-1
111,1477,1034.71,0.00,42.57,66.89,0.78,-1,-1,-1
111,1481,877.74,1005.10,39.11,65.90,0.66,-1,-1,-1
111,1482,1236.03,290.23,111.38,54.45,0.70,-1,-1,-1
111,1484,940.52,0.00,40.51,75.55,0.64,-1,-1,-1
111,1485,1006.97,167.41,51.77,103.80,0.76,-1,-1,-1
111,1487,1809.40,647.88,94.60,112.52,0.83,-1,-1,-1
111,1491,250.69,457.21,119.20,55.65,0.83,-1,-1,-1
111,1492,1748.61,677.62,94.74,99.04,0.76,-1,-1,-1
111,1493,393.70,456.89,109.13,54.54,0.75,-1,-1,-1
111,1495,1678.59,585.03,121.20,58.60,0.73,-1,-1,-1
111,1496,1466.63,372.26,104.62,52.05,0.82,-1,-1,-1
111,1497,1391.71,471.90,113.53,54.47,0.87,-1,-1,-1
111,1498,1163.47,309.96,49.33,29.30,0.63,-1,-1,-1
111,1499,1214.37,0.00,90.71,50.95,0.67,-1,-1,-1
111,1500,263.40,724.16,97.54,54.59,0.47,-1,-1,-1
111,1503,1134.21,282.80,29.63,32.26,0.45,-1,-1,-1
111,1505,612.92,536.12,42.02,30.06,0.48,-1,-1,-1
111,1507,1626.69,743.39,29.59,41.15,0.17,-1,-1,-1
111,1509,1409.82,87.98,40.05,37.24,0.69,-1,-1,-1
111,1510,1429.43,140.94,23.82,35.53,0.29,-1,-1,-1
111,1514,1399.68,737.54,111.44,64.50,0.22,-1,-1,-1
111,1515,1089.60,215.26,22.06,42.38,0.50,-1,-1,-1
111,1516,961.94,266.70,22.46,40.21,0.33,-1,-1,-1
111,1518,950.07,390.31,55.75,105.54,0.87,-1,-1,-1
111,1520,857.55,617.12,56.01,117.70,0.83,-1,-1,-1
111,1521,1067.94,273.28,20.88,35.86,0.58,-1,-1,-1
111,1523,1353.45,302.90,37.15,35.23,0.39,-1,-1,-1
111,1524,804.32,840.46,58.66,119.65,0.84,-1,-1,-1
111,1525,635.22,1004.38,127.91,60.96,0.48,-1,-1,-1
111,1527,964.79,641.21,55.07,112.19,0.88,-1,-1,-1
111,1512,1209.50,928.70,52.01,102.20,0.34,-1,-1,-1
111,1528,1579.91,368.57,56.05,30.49,0.31,-1,-1,-1
111,1529,1557.18,21.06,37.46,50.46,0.27,-1,-1,-1
111,1506,1458.69,123.63,40.72,38.09,0.27,-1,-1,-1
111,1533,1767.58,366.16,114.03,60.66,0.85,-1,-1,-1
111,1534,836.63,233.30,71.45,118.19,0.82,-1,-1,-1
111,1536,1122.21,241.96,35.19,29.14,0.56,-1,-1,-1
111,1537,1636.74,770.71,38.93,32.58,0.51,-1,-1,-1
112,1473,1298.08,360.84,140.91,58.02,0.90,-1,-1,-1
112,1474,1863.86,192.84,40.14,78.01,0.63,-1,-1,-1
112,1475,1658.36,658.29,107.02,105.27,0.85,-1,-1,-1
112,1476,79.91,459.92,125.03,56.50,0.86,-1,-1,-1
112,1477,1037.80,0.00,37.56,56.99,0.83,-1,-1,-1
112,1481,878.61,1011.74,36.92,59.26,0.58,-1,-1,-1
112,1482,1236.16,289.84,110.85,54.36,0.65,-1,-1,-1
112,1484,942.15,0.00,37.13,66.88,0.65,-1,-1,-1
112,1485,1006.64,161.54,51.76,103.86,0.79,-1,-1,-1
112,1487,1809.46,646.92,94.54,114.17,0.82,-1,-1,-1
112,1491,249.32,457.49,119.96,55.70,0.83,-1,-1,-1
112,1492,1749.93,677.32,95.80,100.15,0.79,-1,-1,-1
112,1493,392.93,456.97,109.15,54.19,0.78,-1,-1,-1
112,1495,1680.68,586.39,118.94,57.65,0.76,-1,-1,-1
112,1496,1467.46,372.31,103.97,51.79,0.81,-1,-1,-1
112,1497,1403.35,471.61,113.97,54.14,0.85,-1,-1,-1
112,1498,1163.85,309.66,49.12,29.13,0.66,-1,-1,-1
112,1499,1214.98,0.00,89.78,50.22,0.70,-1,-1,-1
112,1500,261.52,725.72,95.07,53.12,0.55,-1,-1,-1
112,1503,1134.77,283.43,28.62,30.83,0.45,-1,-1,-1
112,1505,613.04,536.17,41.42,29.48,0.46,-1,-1,-1
112,1507,1627.91,743.74,30.95,43.36,0.19,-1,-1,-1
112,1509,1410.60,87.51,40.01,37.17,0.56,-1,-1,-1
112,1510,1429.89,140.21,24.13,35.72,0.28,-1,-1,-1
112,1514,1400.79,736.86,113.30,65.48,0.18,-1,-1,-1
112,1515,1090.18,211.57,20.69,39.61,0.54,-1,-1,-1
112,1516,961.24,258.44,22.16,39.77,0.44,-1,-1,-1
112,1518,949.08,381.46,56.65,107.41,0.86,-1,-1,-1
112,1520,857.09,625.14,56.58,119.31,0.80,-1,-1,-1
112,1521,1067.37,267.80,21.56,37.01,0.58,-1,-1,-1
112,1523,1354.57,303.84,38.55,35.70,0.37,-1,-1,-1
112,1524,804.53,850.48,60.02,122.52,0.81,-1,-1,-1
112,1525,637.53,1005.41,125.22,59.79,0.43,-1,-1,-1
112,1527,965.02,633.60,54.90,112.09,0.81,-1,-1,-1
112,1512,1211.46,929.81,49.85,97.53,0.37,-1,-1,-1
112,1528,1580.06,366.72,58.36,31.99,0.26,-1,-1,-1
112,1529,1558.57,16.25,39.36,54.34,0.25,-1,-1,-1
112,1506,1458.83,122.31,39.87,37.49,0.27,-1,-1,-1
112,1533,1767.26,367.86,112.89,59.15,0.84,-1,-1,-1
112,1534,837.66,246.32,69.89,118.13,0.83,-1,-1,-1
112,1536,1121.43,241.26,34.64,28.75,0.58,-1,-1,-1
112,1537,1636.87,770.40,39.76,33.20,0.43,-1,-1,-1
113,1473,1298.09,359.84,142.54,58.74,0.88,-1,-1,-1
113,1474,1865.38,193.56,38.62,76.41,0.64,-1,-1,-1
113,1475,1658.44,657.32,108.03,106.55,0.84,-1,-1,-1
113,1476,78.69,459.64,125.29,56.52,0.86,-1,-1,-1
113,1477,1039.54,0.00,32.66,46.83,0.80,-1,-1,-1
113,1481,880.01,1016.62,35.27,54.07,0.47,-1,-1,-1
113,1482,1235.75,289.09,111.82,55.04,0.54,-1,-1,-1
113,1484,943.51,0.00,33.98,58.32,0.67,-1,-1,-1
113,1485,1006.64,153.85,52.19,104.99,0.82,-1,-1,-1
113,1487,1810.59,647.49,93.41,113.70,0.82,-1,-1,-1
113,1491,247.46,456.72,121.52,56.16,0.85,-1,-1,-1
113,1492,1750.66,677.07,96.51,100.90,0.81,-1,-1,-1
113,1493,391.92,456.85,109.26,53.91,0.75,-1,-1,-1
113,1495,1682.74,587.34,116.91,56.68,0.75,-1,-1,-1
113,1496,1468.66,372.48,103.06,51.30,0.82,-1,-1,-1
113,1497,1414.49,472.00,113.34,53.16,0.85,-1,-1,-1
113,1498,1163.32,308.99,49.85,29.65,0.71,-1,-1,-1
113,1499,1215.99,0.00,88.74,49.30,0.70,-1,-1,-1
113,1500,260.50,725.88,96.98,54.08,0.39,-1,-1,-1
113,1503,1134.16,282.09,30.06,31.72,0.53,-1,-1,-1
113,1505,612.63,535.81,42.03,29.80,0.53,-1,-1,-1
113,1507,1628.17,744.34,30.77,43.57,0.29,-1,-1,-1
113,1509,1411.10,86.79,40.33,37.46,0.65,-1,-1,-1
113,1510,1430.89,140.32,24.07,35.60,0.20,-1,-1,-1
113,1514,1400.09,737.83,112.43,64.91,0.43,-1,-1,-1
113,1515,1090.11,207.41,20.82,39.86,0.51,-1,-1,-1
113,1516,960.10,249.55,22.51,40.48,0.25,-1,-1,-1
113,1518,949.12,374.42,55.84,106.05,0.87,-1,-1,-1
113,1520,856.89,632.66,56.86,120.28,0.81,-1,-1,-1
113,1521,1067.59,265.06,20.49,34.84,0.53,-1,-1,-1
113,1523,1355.56,303.43,38.88,35.13,0.38,-1,-1,-1
113,1524,805.02,859.53,60.57,123.97,0.77,-1,-1,-1
113,1525,637.89,1005.01,126.31,60.40,0.34,-1,-1,-1
113,1527,964.90,626.52,54.37,111.16,0.83,-1,-1,-1
113,1512,1212.77,929.91,48.53,94.42,0.43,-1,-1,-1
113,1528,1580.16,366.25,57.93,32.15,0.28,-1,-1,-1
113,1529,1559.47,14.60,39.44,55.56,0.32,-1,-1,-1
113,1506,1457.81,119.83,40.75,38.70,0.30,-1,-1,-1
113,1533,1767.74,369.94,110.62,56.93,0.84,-1,-1,-1
113,1534,838.30,259.59,68.14,117.36,0.85,-1,-1,-1
113,1536,1119.95,237.99,36.04,30.35,0.49,-1,-1,-1
113,1537,1638.83,771.45,38.47,32.07,0.38,-1,-1,-1
114,1473,1298.89,359.13,142.18,58.58,0.88,-1,-1,-1
114,1474,1868.52,192.61,35.48,69.96,0.65,-1,-1,-1
114,1475,1658.90,656.65,108.54,107.30,0.84,-1,-1,-1
114,1476,76.82,458.84,126.40,56.92,0.87,-1,-1,-1
114,1477,1041.58,0.00,27.89,37.18,0.82,-1,-1,-1
114,1481,881.36,1023.52,32.45,46.31,0.44,-1,-1,-1
114,1482,1234.75,287.97,112.57,55.75,0.59,-1,-1,-1
114,1484,945.28,0.00,30.12,48.42,0.80,-1,-1,-1
114,1485,1006.71,145.60,52.62,106.17,0.80,-1,-1,-1
114,1487,1812.23,648.25,91.77,113.14,0.81,-1,-1,-1
114,1491,245.90,455.93,123.05,56.66,0.85,-1,-1,-1
114,1492,1751.31,676.71,97.43,101.97,0.82,-1,-1,-1
114,1493,390.58,456.17,110.36,54.16,0.76,-1,-1,-1
114,1495,1684.26,588.34,115.86,56.11,0.78,-1,-1,-1
114,1496,1468.84,371.28,104.72,52.18,0.83,-1,-1,-1
114,1497,1423.64,470.97,116.20,53.88,0.82,-1,-1,-1
114,1498,1162.83,307.88,50.87,30.37,0.69,-1,-1,-1
114,1499,1216.87,0.00,88.16,48.66,0.71,-1,-1,-1
114,1500,261.52,727.18,95.10,52.58,0.48,-1,-1,-1
114,1503,1134.48,283.00,28.85,30.00,0.42,-1,-1,-1
114,1505,612.24,535.42,42.37,29.99,0.59,-1,-1,-1
114,1507,1628.39,743.45,30.61,43.89,0.25,-1,-1,-1
114,1509,1411.45,86.56,40.20,37.38,0.57,-1,-1,-1
114,1510,1431.65,140.42,23.97,35.44,0.19,-1,-1,-1
114,1514,1400.16,738.07,111.88,64.51,0.50,-1,-1,-1
114,1515,1089.96,201.07,20.91,39.93,0.51,-1,-1,-1
114,1516,959.17,241.07,22.24,40.10,0.42,-1,-1,-1
114,1518,948.69,366.50,55.43,105.26,0.87,-1,-1,-1
114,1520,857.73,641.56,56.56,119.87,0.86,-1,-1,-1
114,1521,1067.55,258.57,21.05,35.95,0.59,-1,-1,-1
114,1523,1356.00,303.51,39.41,34.77,0.47,-1,-1,-1
114,1524,805.03,867.91,61.27,125.27,0.83,-1,-1,-1
114,1525,640.16,1005.63,125.00,60.13,0.31,-1,-1,-1
114,1527,964.35,618.41,54.75,112.21,0.87,-1,-1,-1
114,1512,1212.86,929.81,48.63,94.18,0.36,-1,-1,-1
114,1528,1581.23,365.95,56.85,31.84,0.19,-1,-1,-1
114,1529,1560.48,14.72,37.83,54.17,0.30,-1,-1,-1
114,1506,1460.52,119.94,35.70,33.82,0.26,-1,-1,-1
114,1533,1766.09,368.62,112.50,57.14,0.85,-1,-1,-1
114,1534,839.21,271.25,67.53,118.74,0.83,-1,-1,-1
114,1536,1119.49,236.49,34.93,29.96,0.21,-1,-1,-1
114,1537,1639.98,770.88,38.27,32.00,0.30,-1,-1,-1
115,1473,1299.87,358.61,141.52,58.24,0.89,-1,-1,-1
115,1474,1871.04,191.51,32.96,65.44,0.66,-1,-1,-1
115,1475,1659.83,656.23,108.82,107.70,0.84,-1,-1,-1
115,1476,75.30,458.29,126.96,57.02,0.88,-1,-1,-1
115,1477,1043.83,0.00,22.32,26.43,0.69,-1,-1,-1
115,1481,882.31,1028.97,31.01,40.84,0.33,-1,-1,-1
115,1482,1234.72,286.32,113.04,56.25,0.57,-1,-1,-1
115,1484,947.45,0.00,25.85,37.70,0.60,-1,-1,-1
115,1485,1007.45,139.81,51.98,105.35,0.81,-1,-1,-1
115,1487,1812.78,647.10,91.22,113.37,0.79,-1,-1,-1
115,1491,244.23,454.78,124.72,57.29,0.85,-1,-1,-1
115,1492,1752.82,676.70,97.24,101.70,0.80,-1,-1,-1
115,1493,388.91,455.46,112.13,54.76,0.78,-1,-1,-1
115,1495,1685.29,587.82,116.76,56.62,0.77,-1,-1,-1
115,1496,1469.12,370.10,106.18,53.01,0.81,-1,-1,-1
115,1497,1433.86,470.72,116.95,53.53,0.84,-1,-1,-1
115,1498,1163.23,306.90,50.82,30.45,0.67,-1,-1,-1
115,1499,1217.55,0.00,87.90,48.18,0.70,-1,-1,-1
115,1500,260.14,726.81,96.68,53.19,0.50,-1,-1,-1
115,1503,1133.59,280.96,31.11,31.89,0.56,-1,-1,-1
115,1505,611.74,535.16,42.34,29.92,0.56,-1,-1,-1
115,1507,1630.91,742.84,29.66,42.34,0.16,-1,-1,-1
115,1509,1411.86,85.62,40.14,37.27,0.49,-1,-1,-1
115,1510,1432.07,139.20,24.36,36.04,0.22,-1,-1,-1
115,1514,1401.08,738.26,111.94,64.41,0.64,-1,-1,-1
115,1515,1089.55,194.26,21.60,41.35,0.33,-1,-1,-1
115,1516,958.58,232.72,21.86,39.29,0.54,-1,-1,-1
115,1518,947.98,357.42,55.73,106.15,0.84,-1,-1,-1
115,1520,857.23,649.23,56.85,121.02,0.83,-1,-1,-1
115,1521,1067.94,254.57,20.50,34.85,0.58,-1,-1,-1
115,1523,1355.08,301.81,41.42,36.00,0.44,-1,-1,-1
115,1524,805.17,876.97,61.64,125.48,0.80,-1,-1,-1
115,1525,638.05,1003.82,127.82,61.75,0.32,-1,-1,-1
115,1527,964.89,611.65,54.01,110.83,0.81,-1,-1,-1
115,1512,1212.24,929.06,50.54,97.90,0.35,-1,-1,-1
115,1528,1582.63,363.51,61.45,34.48,0.50,-1,-1,-1
115,1529,1560.78,13.72,37.18,53.56,0.44,-1,-1,-1
115,1506,1461.15,119.41,40.17,38.17,0.43,-1,-1,-1
115,1533,1765.32,368.78,111.87,56.00,0.83,-1,-1,-1
115,1534,840.19,283.12,66.31,118.65,0.83,-1,-1,-1
115,1537,1642.46,771.55,36.96,30.95,0.35,-1,-1,-1
116,1473,1300.60,358.06,140.76,57.82,0.88,-1,-1,-1
116,1474,1872.85,191.53,31.15,62.66,0.67,-1,-1,-1
116,1475,1660.86,656.15,108.41,107.27,0.82,-1,-1,-1
116,1476,74.13,457.37,125.85,56.23,0.89,-1,-1,-1
116,1481,883.29,1034.84,29.34,35.31,0.34,-1,-1,-1
116,1482,1238.25,284.88,115.03,56.80,0.53,-1,-1,-1
116,1484,949.20,0.00,22.21,28.64,0.64,-1,-1,-1
116,1485,1007.14,131.87,51.72,104.99,0.83,-1,-1,-1
116,1487,1812.98,646.77,91.02,114.89,0.80,-1,-1,-1
116,1491,243.18,453.89,125.28,57.46,0.86,-1,-1,-1
116,1492,1754.07,676.88,96.98,101.27,0.79,-1,-1,-1
116,1493,387.15,454.58,114.24,55.66,0.81,-1,-1,-1
116,1495,1683.36,583.99,122.19,59.84,0.74,-1,-1,-1
116,1496,1470.21,368.87,106.44,53.17,0.82,-1,-1,-1
116,1497,1447.72,470.01,117.81,53.65,0.83,-1,-1,-1
116,1498,1162.51,305.71,50.97,30.57,0.63,-1,-1,-1
116,1499,1219.09,0.00,86.57,47.04,0.74,-1,-1,-1
116,1500,258.88,726.73,95.91,52.63,0.50,-1,-1,-1
116,1503,1132.93,279.11,32.54,33.07,0.53,-1,-1,-1
116,1505,610.62,534.23,43.56,30.79,0.45,-1,-1,-1
116,1507,1630.11,742.03,30.67,44.21,0.20,-1,-1,-1
116,1509,1412.57,83.93,40.16,37.15,0.46,-1,-1,-1
116,1510,1432.99,137.34,24.34,36.24,0.26,-1,-1,-1
116,1514,1400.97,737.84,113.00,65.04,0.55,-1,-1,-1
116,1515,1089.61,188.44,21.34,40.92,0.46,-1,-1,-1
116,1516,958.07,223.32,21.97,39.32,0.51,-1,-1,-1
116,1518,948.01,349.48,55.72,106.44,0.86,-1,-1,-1
116,1520,857.03,656.51,57.03,121.79,0.83,-1,-1,-1
116,1521,1067.18,246.35,21.53,36.93,0.65,-1,-1,-1
116,1523,1354.28,300.57,43.42,37.16,0.34,-1,-1,-1
116,1524,805.72,883.52,61.99,126.13,0.81,-1,-1,-1
116,1525,637.17,1004.14,127.41,61.65,0.25,-1,-1,-1
116,1527,964.34,603.00,54.08,111.05,0.84,-1,-1,-1
116,1512,1212.32,929.17,50.91,98.47,0.33,-1,-1,-1
116,1528,1586.23,361.82,65.18,36.04,0.68,-1,-1,-1
116,1529,1563.07,15.53,34.44,49.92,0.42,-1,-1,-1
116,1506,1461.73,117.52,40.41,38.62,0.23,-1,-1,-1
116,1533,1764.63,368.60,111.88,55.25,0.83,-1,-1,-1
116,1534,840.74,294.31,65.27,118.63,0.83,-1,-1,-1
116,1537,1640.02,766.98,41.66,35.27,0.29,-1,-1,-1
117,1473,1301.40,357.59,140.04,57.41,0.89,-1,-1,-1
117,1474,1873.75,191.34,30.25,61.90,0.67,-1,-1,-1
117,1475,1662.33,656.22,107.98,106.76,0.82,-1,-1,-1
117,1476,72.76,456.81,126.50,56.38,0.88,-1,-1,-1
117,1482,1237.62,283.33,115.25,56.81,0.52,-1,-1,-1
117,1485,1006.91,123.33,52.19,105.98,0.84,-1,-1,-1
117,1487,1813.32,646.03,90.68,116.35,0.83,-1,-1,-1
117,1491,242.35,453.47,125.20,57.35,0.86,-1,-1,-1
117,1492,1755.05,677.17,96.96,101.02,0.78,-1,-1,-1
117,1493,385.90,453.75,116.25,56.63,0.79,-1,-1,-1
117,1495,1683.57,583.19,122.48,60.49,0.70,-1,-1,-1
117,1496,1471.33,367.90,106.01,52.97,0.83,-1,-1,-1
117,1497,1459.10,469.65,118.90,53.83,0.84,-1,-1,-1
117,1498,1161.53,304.42,50.98,30.79,0.72,-1,-1,-1
117,1499,1220.41,0.00,85.36,45.92,0.78,-1,-1,-1
117,1500,258.01,727.19,95.01,51.81,0.44,-1,-1,-1
117,1503,1133.31,277.13,32.53,32.96,0.56,-1,-1,-1
117,1505,609.35,533.03,45.42,32.30,0.49,-1,-1,-1
117,1507,1632.47,742.15,31.81,45.61,0.23,-1,-1,-1
117,1509,1413.75,83.23,40.20,37.00,0.49,-1,-1,-1
117,1510,1434.00,135.50,24.58,36.63,0.24,-1,-1,-1
117,1514,1401.50,737.72,113.02,65.05,0.60,-1,-1,-1
117,1515,1089.11,181.81,21.68,41.65,0.51,-1,-1,-1
117,1516,957.08,213.43,22.62,40.68,0.38,-1,-1,-1
117,1518,947.11,340.90,55.82,106.79,0.87,-1,-1,-1
117,1520,857.63,665.14,56.86,121.75,0.86,-1,-1,-1
117,1521,1067.16,241.88,20.87,35.75,0.60,-1,-1,-1
117,1523,1353.51,301.51,41.80,35.37,0.35,-1,-1,-1
117,1524,805.81,890.87,62.37,126.66,0.72,-1,-1,-1
117,1525,640.28,1005.06,124.02,60.39,0.40,-1,-1,-1
117,1527,963.69,594.93,54.52,112.07,0.88,-1,-1,-1
117,1512,1213.01,929.30,50.68,97.74,0.32,-1,-1,-1
117,1528,1587.31,361.22,66.22,36.27,0.58,-1,-1,-1
117,1529,1566.29,18.98,31.44,45.77,0.51,-1,-1,-1
117,1506,1462.33,117.15,40.02,38.34,0.29,-1,-1,-1
117,1533,1762.39,367.39,114.42,55.90,0.85,-1,-1,-1
117,1534,841.20,306.06,63.95,117.68,0.81,-1,-1,-1
117,1537,1642.53,769.44,42.02,35.82,0.30,-1,-1,-1
118,1473,1301.92,357.48,140.71,57.68,0.89,-1,-1,-1
118,1474,1875.20,191.49,28.80,58.49,0.67,-1,-1,-1
118,1475,1663.30,656.12,107.70,106.40,0.83,-1,-1,-1
118,1476,71.98,456.02,126.52,56.25,0.88,-1,-1,-1
118,1482,1239.31,283.81,111.62,54.64,0.57,-1,-1,-1
118,1485,1007.42,116.23,51.96,105.96,0.80,-1,-1,-1
118,1487,1814.09,645.77,89.91,116.54,0.83,-1,-1,-1
118,1491,241.98,453.28,124.22,56.76,0.86,-1,-1,-1
118,1492,1755.97,677.12,97.24,101.10,0.81,-1,-1,-1
118,1493,384.83,452.83,117.57,57.29,0.82,-1,-1,-1
118,1495,1685.28,582.94,122.36,60.77,0.75,-1,-1,-1
118,1496,1471.96,367.17,106.12,53.03,0.84,-1,-1,-1
118,1497,1471.04,468.41,121.33,54.78,0.81,-1,-1,-1
118,1498,1160.61,301.99,53.58,32.76,0.65,-1,-1,-1
118,1499,1221.31,0.00,84.38,44.88,0.77,-1,-1,-1
118,1500,256.94,727.18,94.60,51.45,0.60,-1,-1,-1
118,1503,1134.34,276.24,32.20,32.59,0.49,-1,-1,-1
118,1505,607.84,531.57,47.34,33.94,0.50,-1,-1,-1
118,1507,1633.97,742.66,31.22,44.74,0.17,-1,-1,-1
118,1509,1414.39,82.76,40.02,36.82,0.34,-1,-1,-1
118,1510,1434.64,134.75,24.51,36.56,0.24,-1,-1,-1
118,1514,1401.81,737.61,112.80,64.91,0.51,-1,-1,-1
118,1515,1088.97,176.12,21.36,41.10,0.48,-1,-1,-1
118,1516,956.41,203.88,22.35,40.38,0.30,-1,-1,-1
118,1518,946.47,331.92,55.68,106.90,0.84,-1,-1,-1
118,1520,857.26,672.97,57.01,122.43,0.81,-1,-1,-1
118,1521,1066.82,235.77,20.94,35.96,0.54,-1,-1,-1
118,1523,1351.67,304.78,37.17,31.49,0.33,-1,-1,-1
118,1524,806.20,899.44,62.26,125.77,0.84,-1,-1,-1
118,1525,638.48,1005.17,123.21,59.88,0.32,-1,-1,-1
118,1527,964.34,587.42,54.20,111.26,0.81,-1,-1,-1
118,1512,1213.57,928.98,50.54,97.06,0.14,-1,-1,-1
118,1528,1588.58,360.98,65.75,35.68,0.51,-1,-1,-1
118,1529,1568.71,18.15,30.91,45.32,0.47,-1,-1,-1
118,1506,1463.31,116.02,39.50,37.85,0.31,-1,-1,-1
118,1533,1760.75,366.19,115.73,55.89,0.86,-1,-1,-1
118,1534,841.53,317.05,63.70,118.69,0.82,-1,-1,-1
118,1537,1645.52,771.26,39.40,33.39,0.27,-1,-1,-1
119,1473,1302.78,357.34,140.00,57.34,0.89,-1,-1,-1
119,1474,1876.35,191.31,27.65,56.57,0.68,-1,-1,-1
119,1475,1664.08,655.81,107.86,106.48,0.82,-1,-1,-1
119,1476,71.59,456.23,125.05,55.34,0.87,-1,-1,-1
119,1482,1241.52,280.30,119.64,57.88,0.57,-1,-1,-1
119,1485,1006.82,108.11,51.83,105.66,0.82,-1,-1,-1
119,1487,1814.98,645.56,89.02,116.59,0.82,-1,-1,-1
119,1491,241.07,453.02,124.27,56.63,0.86,-1,-1,-1
119,1492,1756.55,676.73,98.05,101.72,0.80,-1,-1,-1
119,1493,383.40,451.81,119.09,58.09,0.81,-1,-1,-1
119,1495,1685.00,581.62,124.57,62.31,0.79,-1,-1,-1
119,1496,1472.57,366.61,105.91,52.93,0.84,-1,-1,-1
119,1497,1482.15,468.08,122.40,55.05,0.82,-1,-1,-1
119,1498,1160.36,301.17,53.64,33.21,0.70,-1,-1,-1
119,1499,1223.44,0.00,82.17,42.99,0.74,-1,-1,-1
119,1500,255.80,726.95,95.85,52.05,0.53,-1,-1,-1
119,1503,1135.58,274.99,32.06,32.52,0.60,-1,-1,-1
119,1505,607.44,530.99,46.95,33.76,0.49,-1,-1,-1
119,1507,1635.18,743.34,30.63,43.96,0.22,-1,-1,-1
119,1509,1414.18,81.92,39.63,36.45,0.43,-1,-1,-1
119,1510,1434.90,133.97,24.54,36.60,0.23,-1,-1,-1
119,1514,1402.22,737.35,112.59,64.86,0.48,-1,-1,-1
119,1515,1088.60,170.07,21.73,41.87,0.48,-1,-1,-1
119,1516,955.27,194.03,22.34,40.59,0.64,-1,-1,-1
119,1518,946.27,323.62,55.55,106.81,0.85,-1,-1,-1
119,1520,856.65,680.50,57.06,122.53,0.81,-1,-1,-1
119,1521,1065.88,228.59,22.08,38.07,0.54,-1,-1,-1
119,1523,1350.51,305.54,34.59,29.36,0.22,-1,-1,-1
119,1524,805.53,905.65,63.00,126.64,0.76,-1,-1,-1
119,1525,636.82,1005.30,121.95,58.91,0.37,-1,-1,-1
119,1527,963.98,579.95,53.99,110.85,0.84,-1,-1,-1
119,1512,1213.65,929.76,50.74,97.09,0.13,-1,-1,-1
119,1528,1589.32,360.57,66.39,35.68,0.61,-1,-1,-1
119,1529,1571.53,19.83,28.60,42.46,0.33,-1,-1,-1
119,1506,1463.04,114.49,40.80,39.17,0.43,-1,-1,-1
119,1533,1758.90,365.36,117.05,55.94,0.87,-1,-1,-1
119,1534,842.04,327.87,63.14,118.91,0.79,-1,-1,-1
119,1537,1646.88,770.77,37.90,31.84,0.30,-1,-1,-1
120,1473,1302.93,357.06,140.57,57.60,0.90,-1,-1,-1
120,1474,1876.80,191.60,27.20,55.57,0.68,-1,-1,-1
120,1475,1665.35,655.42,107.56,106.08,0.82,-1,-1,-1
120,1476,70.23,455.55,125.30,55.25,0.86,-1,-1,-1
120,1482,1243.90,278.07,126.23,60.13,0.59,-1,-1,-1
120,1485,1006.79,99.58,52.08,106.29,0.82,-1,-1,-1
120,1487,1816.58,646.02,87.42,115.77,0.82,-1,-1,-1
120,1491,239.92,452.47,125.20,56.91,0.87,-1,-1,-1
120,1492,1757.63,676.14,98.49,101.85,0.75,-1,-1,-1
120,1493,382.75,451.30,118.73,57.92,0.83,-1,-1,-1
120,1495,1686.39,580.85,124.53,62.59,0.80,-1,-1,-1
120,1496,1473.14,365.70,106.28,53.16,0.83,-1,-1,-1
120,1497,1495.13,467.50,123.40,55.44,0.79,-1,-1,-1
120,1498,1159.73,299.25,54.44,34.16,0.71,-1,-1,-1
120,1499,1224.68,0.00,80.77,41.48,0.72,-1,-1,-1
120,1500,255.04,726.36,96.39,52.23,0.47,-1,-1,-1
120,1503,1135.50,273.69,32.58,32.92,0.59,-1,-1,-1
120,1505,606.60,529.57,47.50,34.33,0.51,-1,-1,-1
120,1507,1636.32,743.16,30.04,43.34,0.24,-1,-1,-1
120,1509,1414.72,81.07,40.07,36.81,0.40,-1,-1,-1
120,1510,1435.16,133.17,24.91,37.12,0.28,-1,-1,-1
120,1514,1403.35,737.31,112.19,64.57,0.46,-1,-1,-1
120,1515,1088.56,164.48,21.53,41.55,0.47,-1,-1,-1
120,1516,953.92,185.45,21.82,39.70,0.69,-1,-1,-1
120,1518,945.54,315.20,55.32,106.67,0.87,-1,-1,-1
120,1520,857.45,688.95,56.86,122.07,0.85,-1,-1,-1
120,1521,1065.35,221.81,22.14,38.42,0.53,-1,-1,-1
120,1523,1348.43,304.93,35.49,30.33,0.31,-1,-1,-1
120,1524,805.12,912.68,63.86,127.27,0.72,-1,-1,-1
120,1525,651.27,1004.71,117.46,58.44,0.30,-1,-1,-1
120,1527,963.33,571.51,54.39,111.84,0.88,-1,-1,-1
120,1528,1589.55,359.96,64.90,34.66,0.44,-1,-1,-1
120,1529,1571.91,19.86,28.20,42.19,0.17,-1,-1,-1
120,1506,1463.21,113.72,41.77,40.25,0.42,-1,-1,-1
120,1533,1758.50,365.36,116.05,54.75,0.86,-1,-1,-1
120,1534,842.25,338.71,62.94,119.86,0.83,-1,-1,-1
120,1537,1640.95,762.48,45.71,38.85,0.40,-1,-1,-1
120,1538,1878.88,290.36,23.91,54.59,0.67,-1,-1,-1
121,1473,1303.69,356.41,140.97,57.75,0.91,-1,-1,-1
121,1474,1877.85,192.64,26.15,54.31,0.64,-1,-1,-1
121,1475,1666.48,655.24,108.85,107.43,0.87,-1,-1,-1
121,1476,68.46,454.34,126.80,55.76,0.85,-1,-1,-1
121,1482,1242.88,276.15,130.62,61.63,0.59,-1,-1,-1
121,1485,1007.35,92.20,51.61,105.63,0.80,-1,-1,-1
121,1487,1817.48,645.18,86.52,116.76,0.82,-1,-1,-1
121,1491,239.32,452.19,124.97,56.63,0.87,-1,-1,-1
121,1492,1760.64,677.39,96.28,99.53,0.69,-1,-1,-1
121,1493,382.12,451.00,117.70,57.36,0.84,-1,-1,-1
121,1495,1688.80,580.43,123.97,62.64,0.75,-1,-1,-1
121,1496,1473.74,365.10,106.07,53.06,0.82,-1,-1,-1
121,1497,1507.28,466.61,124.66,55.86,0.81,-1,-1,-1
121,1498,1160.44,299.00,53.55,33.87,0.68,-1,-1,-1
121,1499,1225.88,0.00,79.40,39.94,0.68,-1,-1,-1
121,1500,253.42,726.05,96.84,52.48,0.19,-1,-1,-1
121,1503,1135.62,273.70,32.39,32.57,0.57,-1,-1,-1
121,1505,605.80,528.02,48.30,35.16,0.50,-1,-1,-1
121,1507,1638.84,742.21,33.47,47.66,0.35,-1,-1,-1
121,1509,1415.26,79.77,40.02,36.88,0.45,-1,-1,-1
121,1510,1435.30,132.14,25.16,37.62,0.27,-1,-1,-1
121,1514,1404.19,737.21,112.30,64.51,0.26,-1,-1,-1
121,1515,1088.90,158.56,21.19,40.83,0.55,-1,-1,-1
121,1516,953.17,175.83,22.13,40.38,0.20,-1,-1,-1
121,1518,945.55,306.38,55.32,107.03,0.84,-1,-1,-1
121,1520,857.07,695.63,57.64,124.06,0.81,-1,-1,-1
121,1521,1065.11,215.19,22.35,38.93,0.43,-1,-1,-1
121,1523,1346.57,305.27,36.18,31.03,0.39,-1,-1,-1
121,1524,804.81,918.59,65.01,129.00,0.75,-1,-1,-1
121,1525,641.91,1005.39,117.73,57.94,0.30,-1,-1,-1
121,1527,964.12,563.94,53.98,110.96,0.81,-1,-1,-1
121,1528,1590.48,358.67,65.77,34.68,0.46,-1,-1,-1
121,1506,1464.90,112.09,41.20,39.70,0.61,-1,-1,-1
121,1533,1754.73,362.70,120.55,56.40,0.87,-1,-1,-1
121,1534,842.69,349.70,61.91,119.08,0.80,-1,-1,-1
121,1537,1645.03,766.18,41.36,34.76,0.44,-1,-1,-1
121,1538,1878.65,289.76,23.62,53.75,0.68,-1,-1,-1
122,1473,1304.50,355.96,140.51,57.51,0.90,-1,-1,-1
122,1474,1879.68,193.78,24.32,50.78,0.63,-1,-1,-1
122,1475,1667.58,655.51,109.50,108.10,0.90,-1,-1,-1
122,1476,66.88,453.81,127.73,55.97,0.83,-1,-1,-1
122,1482,1241.85,274.80,134.22,62.85,0.60,-1,-1,-1
122,1485,1007.19,83.88,51.47,105.38,0.82,-1,-1,-1
122,1487,1819.37,645.49,84.63,116.30,0.80,-1,-1,-1
122,1491,238.53,451.91,125.15,56.56,0.87,-1,-1,-1
122,1492,1762.81,677.96,95.45,98.55,0.71,-1,-1,-1
122,1493,380.71,450.46,118.42,57.64,0.83,-1,-1,-1
122,1495,1691.17,581.11,122.67,62.23,0.77,-1,-1,-1
122,1496,1476.02,364.55,103.44,51.55,0.83,-1,-1,-1
122,1497,1520.29,465.33,126.25,56.61,0.77,-1,-1,-1
122,1498,1161.84,298.60,52.04,33.07,0.70,-1,-1,-1
122,1499,1226.85,0.00,78.67,38.72,0.77,-1,-1,-1
122,1500,252.26,725.78,96.79,52.46,0.12,-1,-1,-1
122,1503,1135.90,273.66,31.93,32.01,0.59,-1,-1,-1
122,1505,605.78,528.34,47.36,34.57,0.48,-1,-1,-1
122,1507,1639.37,742.20,30.25,42.81,0.33,-1,-1,-1
122,1509,1415.63,78.04,40.78,37.75,0.39,-1,-1,-1
122,1510,1435.74,130.63,25.97,38.91,0.22,-1,-1,-1
122,1514,1404.83,737.01,112.92,64.67,0.26,-1,-1,-1
122,1515,1089.05,153.24,20.66,39.64,0.43,-1,-1,-1
122,1516,953.01,165.84,22.17,40.61,0.67,-1,-1,-1
122,1518,945.71,298.06,54.99,106.62,0.85,-1,-1,-1
122,1520,856.68,702.84,57.91,124.74,0.82,-1,-1,-1
122,1521,1064.70,208.43,22.17,38.82,0.49,-1,-1,-1
122,1523,1345.62,304.77,37.18,32.36,0.35,-1,-1,-1
122,1524,805.95,927.03,63.62,125.67,0.76,-1,-1,-1
122,1525,639.03,1006.05,118.39,57.90,0.33,-1,-1,-1
122,1527,964.07,555.83,53.92,110.72,0.83,-1,-1,-1
122,1528,1589.02,359.24,61.65,32.47,0.25,-1,-1,-1
122,1506,1466.76,111.32,39.14,37.44,0.58,-1,-1,-1
122,1533,1754.67,362.17,120.82,56.05,0.88,-1,-1,-1
122,1534,842.98,360.70,61.59,119.37,0.87,-1,-1,-1
122,1537,1647.36,768.02,40.07,33.46,0.63,-1,-1,-1
122,1538,1876.84,287.83,24.11,54.40,0.73,-1,-1,-1
122,1540,1142.98,181.46,18.06,35.44,0.53,-1,-1,-1
123,1473,1304.80,355.35,141.58,57.92,0.89,-1,-1,-1
123,1474,1881.33,193.93,22.67,48.67,0.61,-1,-1,-1
123,1475,1668.88,655.55,110.82,109.50,0.92,-1,-1,-1
123,1476,66.14,453.55,128.25,56.11,0.83,-1,-1,-1
123,1482,1239.60,274.63,135.71,63.37,0.58,-1,-1,-1
123,1485,1007.16,74.64,52.04,106.55,0.82,-1,-1,-1
123,1487,1820.48,644.42,83.52,117.14,0.77,-1,-1,-1
123,1491,237.53,451.84,125.23,56.42,0.87,-1,-1,-1
123,1492,1764.46,678.36,95.65,98.59,0.75,-1,-1,-1
123,1493,380.27,450.44,118.11,57.39,0.83,-1,-1,-1
123,1495,1692.16,580.80,123.28,62.85,0.77,-1,-1,-1
123,1496,1477.05,364.17,103.59,51.50,0.84,-1,-1,-1
123,1497,1532.81,464.79,126.38,56.51,0.80,-1,-1,-1
123,1498,1162.53,297.35,52.28,33.32,0.68,-1,-1,-1
123,1499,1227.22,0.00,79.24,38.21,0.73,-1,-1,-1
123,1503,1135.83,273.32,32.46,32.52,0.53,-1,-1,-1
123,1505,605.71,528.63,46.89,34.32,0.50,-1,-1,-1
123,1507,1641.05,742.96,36.45,50.83,0.26,-1,-1,-1
123,1509,1416.67,76.92,40.95,38.04,0.39,-1,-1,-1
123,1510,1436.99,128.79,26.21,39.33,0.25,-1,-1,-1
123,1514,1405.53,737.52,113.45,64.87,0.45,-1,-1,-1
123,1515,1088.68,146.91,21.09,40.38,0.38,-1,-1,-1
123,1516,951.96,157.11,21.96,40.37,0.34,-1,-1,-1
123,1518,945.05,289.43,55.35,107.52,0.88,-1,-1,-1
123,1520,857.47,711.57,57.83,124.74,0.84,-1,-1,-1
123,1521,1064.76,202.53,22.38,39.43,0.51,-1,-1,-1
123,1523,1344.56,306.34,37.45,33.30,0.22,-1,-1,-1
123,1524,805.96,932.26,64.67,127.48,0.69,-1,-1,-1
123,1525,632.67,1006.64,124.18,60.59,0.11,-1,-1,-1
123,1527,963.63,547.76,54.41,111.72,0.87,-1,-1,-1
123,1528,1588.12,359.75,58.79,31.01,0.16,-1,-1,-1
123,1506,1468.30,110.64,37.47,35.71,0.47,-1,-1,-1
123,1533,1753.32,361.74,121.91,56.11,0.87,-1,-1,-1
123,1534,843.59,371.83,60.83,118.99,0.82,-1,-1,-1
123,1537,1646.06,765.90,43.33,36.12,0.66,-1,-1,-1
123,1538,1875.45,287.16,24.37,54.22,0.73,-1,-1,-1
123,1540,1143.07,181.24,17.85,34.98,0.42,-1,-1,-1
124,1473,1305.51,354.95,141.29,57.69,0.88,-1,-1,-1
124,1474,1882.75,193.26,21.25,47.57,0.57,-1,-1,-1
124,1475,1670.68,656.39,110.65,109.21,0.93,-1,-1,-1
124,1476,64.31,453.48,129.59,56.70,0.84,-1,-1,-1
124,1482,1238.94,273.37,139.70,65.11,0.65,-1,-1,-1
124,1485,1007.58,67.63,52.04,106.19,0.78,-1,-1,-1
124,1487,1821.51,643.85,82.49,118.25,0.77,-1,-1,-1
124,1491,236.73,451.73,125.64,56.45,0.87,-1,-1,-1
124,1492,1766.24,678.93,95.67,98.46,0.77,-1,-1,-1
124,1493,379.32,450.23,119.59,58.22,0.82,-1,-1,-1
124,1495,1693.61,580.98,122.82,62.74,0.73,-1,-1,-1
124,1496,1478.12,364.21,104.12,51.60,0.84,-1,-1,-1
124,1497,1547.11,465.30,126.09,56.29,0.77,-1,-1,-1
124,1498,1163.56,296.69,52.00,33.21,0.67,-1,-1,-1
124,1499,1227.36,0.00,79.34,37.46,0.75,-1,-1,-1
124,1503,1137.06,272.77,32.94,33.06,0.48,-1,-1,-1
124,1505,605.63,528.74,46.65,34.22,0.49,-1,-1,-1
124,1507,1642.56,743.40,36.03,49.74,0.21,-1,-1,-1
124,1509,1417.98,75.84,41.04,38.15,0.35,-1,-1,-1
124,1510,1438.49,126.69,26.74,40.27,0.35,-1,-1,-1
124,1514,1405.97,738.38,114.13,65.30,0.48,-1,-1,-1
124,1515,1088.53,138.92,21.78,41.88,0.48,-1,-1,-1
124,1516,952.30,148.30,21.52,39.63,0.58,-1,-1,-1
124,1518,945.62,280.98,55.04,107.16,0.85,-1,-1,-1
124,1520,857.87,719.24,57.98,125.14,0.81,-1,-1,-1
124,1521,1064.00,195.35,22.70,40.42,0.48,-1,-1,-1
124,1523,1343.89,306.26,37.44,33.89,0.39,-1,-1,-1
124,1524,805.86,935.90,65.87,129.81,0.68,-1,-1,-1
124,1527,964.49,540.66,54.18,110.91,0.80,-1,-1,-1
124,1528,1587.70,360.60,57.09,30.46,0.43,-1,-1,-1
124,1506,1469.53,109.99,37.71,35.87,0.50,-1,-1,-1
124,1533,1752.57,361.74,122.67,56.04,0.86,-1,-1,-1
124,1534,843.68,382.04,60.83,119.66,0.88,-1,-1,-1
124,1537,1648.60,766.82,42.41,35.48,0.69,-1,-1,-1
124,1538,1873.50,287.23,24.90,54.17,0.75,-1,-1,-1
124,1540,1143.62,181.12,18.04,35.38,0.46,-1,-1,-1
124,1541,1643.85,285.33,54.49,26.95,0.56,-1,-1,-1
125,1473,1306.27,355.13,141.38,57.64,0.87,-1,-1,-1
125,1474,1883.70,192.10,20.30,49.72,0.52,-1,-1,-1
125,1475,1672.09,656.80,110.73,109.13,0.93,-1,-1,-1
125,1476,63.21,453.70,128.96,56.31,0.84,-1,-1,-1
125,1482,1239.70,274.75,138.90,64.60,0.73,-1,-1,-1
125,1485,1008.05,59.16,52.08,106.09,0.83,-1,-1,-1
125,1487,1823.09,644.36,80.91,118.29,0.78,-1,-1,-1
125,1491,235.95,451.68,125.50,56.23,0.85,-1,-1,-1
125,1492,1764.71,672.57,101.32,104.87,0.74,-1,-1,-1
125,1493,379.00,450.63,118.10,57.35,0.85,-1,-1,-1
125,1495,1694.55,580.55,123.74,63.52,0.69,-1,-1,-1
125,1496,1478.99,364.33,104.29,51.51,0.85,-1,-1,-1
125,1497,1560.75,464.44,126.87,56.46,0.79,-1,-1,-1
125,1498,1164.69,297.11,50.83,32.46,0.71,-1,-1,-1
125,1499,1227.92,0.00,79.81,37.02,0.76,-1,-1,-1
125,1503,1138.15,272.61,32.89,33.03,0.43,-1,-1,-1
125,1505,605.48,529.72,45.82,33.55,0.47,-1,-1,-1
125,1507,1643.58,744.38,35.43,48.24,0.26,-1,-1,-1
125,1509,1419.30,75.87,40.47,37.55,0.46,-1,-1,-1
125,1510,1439.49,126.06,26.44,39.80,0.37,-1,-1,-1
125,1514,1406.95,739.17,115.49,66.16,0.59,-1,-1,-1
125,1515,1089.08,134.28,21.07,40.55,0.53,-1,-1,-1
125,1516,951.81,139.59,21.70,39.98,0.30,-1,-1,-1
125,1518,945.88,273.18,54.61,106.59,0.85,-1,-1,-1
125,1520,857.19,726.88,58.33,125.88,0.83,-1,-1,-1
125,1521,1064.50,191.10,21.73,38.95,0.49,-1,-1,-1
125,1523,1343.17,307.37,36.87,33.82,0.31,-1,-1,-1
125,1524,806.55,937.87,66.64,132.11,0.69,-1,-1,-1
125,1527,964.35,533.43,54.04,110.58,0.80,-1,-1,-1
125,1528,1588.73,361.14,55.34,29.79,0.53,-1,-1,-1
125,1506,1471.11,109.19,36.37,34.30,0.63,-1,-1,-1
125,1533,1753.15,362.65,122.18,55.40,0.86,-1,-1,-1
125,1534,844.74,393.77,59.95,118.59,0.84,-1,-1,-1
125,1537,1649.02,766.37,43.59,36.58,0.63,-1,-1,-1
125,1538,1871.64,288.05,25.42,53.56,0.79,-1,-1,-1
125,1540,1144.25,180.81,17.22,33.70,0.44,-1,-1,-1
125,1541,1642.74,284.89,51.54,25.51,0.69,-1,-1,-1
126,1473,1307.35,354.83,140.87,57.29,0.85,-1,-1,-1
126,1474,1883.33,191.79,20.67,53.82,0.53,-1,-1,-1
126,1475,1673.86,657.45,110.32,108.46,0.92,-1,-1,-1
126,1476,62.15,454.56,127.57,55.55,0.85,-1,-1,-1
126,1482,1238.48,273.48,141.63,66.02,0.76,-1,-1,-1
126,1485,1007.98,49.82,52.66,107.28,0.84,-1,-1,-1
126,1487,1824.32,644.67,79.68,118.85,0.80,-1,-1,-1
126,1491,234.77,451.52,125.55,56.09,0.85,-1,-1,-1
126,1492,1765.47,671.18,102.84,106.75,0.75,-1,-1,-1
126,1493,378.77,450.76,117.35,56.89,0.84,-1,-1,-1
126,1495,1696.33,581.47,122.22,62.87,0.60,-1,-1,-1
126,1496,1479.47,364.16,105.75,52.16,0.84,-1,-1,-1
126,1497,1575.07,465.79,124.24,54.96,0.79,-1,-1,-1
126,1498,1164.64,296.37,51.51,33.00,0.72,-1,-1,-1
126,1499,1228.24,0.00,80.37,36.65,0.72,-1,-1,-1
126,1503,1139.09,271.39,33.55,34.18,0.50,-1,-1,-1
126,1505,605.24,530.32,45.34,33.18,0.44,-1,-1,-1
126,1507,1644.41,745.14,34.38,46.10,0.26,-1,-1,-1
126,1509,1420.20,75.31,40.72,37.77,0.50,-1,-1,-1
126,1510,1439.96,125.83,26.31,39.42,0.44,-1,-1,-1
126,1514,1407.49,739.66,116.64,66.93,0.62,-1,-1,-1
126,1515,1089.42,128.28,21.01,40.29,0.57,-1,-1,-1
126,1516,951.45,129.89,21.80,40.35,0.21,-1,-1,-1
126,1518,944.77,263.47,55.45,108.52,0.87,-1,-1,-1
126,1520,858.09,735.83,58.03,125.30,0.84,-1,-1,-1
126,1521,1064.23,184.33,21.74,39.31,0.45,-1,-1,-1
126,1523,1343.48,308.46,35.62,32.99,0.31,-1,-1,-1
126,1524,809.61,949.70,61.92,121.30,0.64,-1,-1,-1
126,1527,963.53,524.60,54.85,112.36,0.87,-1,-1,-1
126,1528,1589.16,360.96,55.56,30.16,0.42,-1,-1,-1
126,1506,1471.69,108.55,35.89,33.60,0.56,-1,-1,-1
126,1533,1752.62,363.09,122.42,55.11,0.86,-1,-1,-1
126,1534,844.55,404.30,59.98,119.17,0.87,-1,-1,-1
126,1537,1651.35,767.36,42.60,35.68,0.67,-1,-1,-1
126,1538,1869.37,287.81,26.66,54.10,0.76,-1,-1,-1
126,1540,1144.34,180.14,17.33,33.83,0.37,-1,-1,-1
126,1541,1638.69,283.77,51.85,25.71,0.72,-1,-1,-1
127,1473,1308.37,354.69,140.84,57.12,0.85,-1,-1,-1
127,1474,1884.75,191.95,19.25,53.34,0.51,-1,-1,-1
127,1475,1674.96,657.83,110.49,108.48,0.92,-1,-1,-1
127,1476,61.36,454.69,126.88,55.14,0.85,-1,-1,-1
127,1482,1237.05,272.28,144.23,67.57,0.77,-1,-1,-1
127,1485,1008.91,42.38,52.02,106.05,0.79,-1,-1,-1
127,1487,1825.51,644.63,78.49,119.96,0.78,-1,-1,-1
127,1491,233.68,451.20,126.30,56.31,0.85,-1,-1,-1
127,1492,1768.49,675.84,99.20,102.51,0.75,-1,-1,-1
127,1493,378.02,450.55,118.50,57.46,0.82,-1,-1,-1
127,1495,1698.62,582.88,120.02,61.73,0.55,-1,-1,-1
127,1496,1480.42,364.42,106.01,52.18,0.83,-1,-1,-1
127,1497,1588.87,465.42,126.50,55.89,0.77,-1,-1,-1
127,1498,1163.98,295.00,53.26,34.36,0.72,-1,-1,-1
127,1499,1228.19,0.00,81.16,36.41,0.68,-1,-1,-1
127,1503,1140.60,270.82,32.62,33.57,0.48,-1,-1,-1
127,1505,604.95,530.18,45.17,32.99,0.45,-1,-1,-1
127,1507,1648.29,747.80,34.53,44.96,0.30,-1,-1,-1
127,1509,1420.93,74.60,41.05,38.15,0.52,-1,-1,-1
127,1510,1440.56,126.27,25.60,38.33,0.42,-1,-1,-1
127,1514,1407.89,739.97,117.39,67.48,0.63,-1,-1,-1
127,1515,1089.65,124.59,20.18,38.55,0.47,-1,-1,-1
127,1516,951.09,121.44,21.51,40.03,0.30,-1,-1,-1
127,1518,945.40,255.81,54.89,107.66,0.86,-1,-1,-1
127,1520,858.27,742.65,58.50,126.47,0.83,-1,-1,-1
127,1521,1065.12,180.93,20.49,36.98,0.30,-1,-1,-1
127,1523,1343.44,309.69,34.68,32.32,0.27,-1,-1,-1
127,1524,812.62,959.87,56.26,109.52,0.63,-1,-1,-1
127,1527,964.14,516.84,54.59,111.63,0.81,-1,-1,-1
127,1528,1591.27,361.18,53.84,29.33,0.39,-1,-1,-1
127,1506,1473.62,108.25,33.68,31.09,0.51,-1,-1,-1
127,1533,1752.73,363.37,122.10,54.56,0.86,-1,-1,-1
127,1534,845.36,415.15,59.82,119.41,0.85,-1,-1,-1
127,1537,1654.28,768.89,40.97,34.14,0.64,-1,-1,-1
127,1538,1866.25,288.36,27.62,52.98,0.77,-1,-1,-1
127,1540,1144.65,178.64,16.76,32.55,0.36,-1,-1,-1
127,1541,1629.84,283.16,52.95,26.13,0.66,-1,-1,-1
128,1473,1309.00,354.40,141.48,57.21,0.85,-1,-1,-1
128,1474,1885.69,192.33,18.31,52.51,0.45,-1,-1,-1
128,1475,1676.63,658.14,110.65,108.43,0.88,-1,-1,-1
128,1476,59.40,455.15,126.98,55.09,0.86,-1,-1,-1
128,1482,1235.25,270.77,147.77,69.79,0.82,-1,-1,-1
128,1485,1008.89,33.85,51.95,105.49,0.86,-1,-1,-1
128,1487,1827.48,644.75,76.52,119.71,0.78,-1,-1,-1
128,1491,232.45,451.16,126.78,56.40,0.86,-1,-1,-1
128,1492,1769.96,677.98,98.08,100.91,0.77,-1,-1,-1
128,1493,376.78,450.35,119.75,58.11,0.83,-1,-1,-1
128,1495,1698.26,581.21,123.22,63.59,0.75,-1,-1,-1
128,1496,1481.07,364.15,106.53,52.33,0.81,-1,-1,-1
128,1497,1602.93,464.86,126.93,55.93,0.81,-1,-1,-1
128,1498,1164.83,295.01,52.87,34.28,0.67,-1,-1,-1
128,1499,1228.66,0.00,81.79,36.10,0.59,-1,-1,-1
128,1503,1141.42,270.28,31.90,33.13,0.48,-1,-1,-1
128,1505,604.84,530.77,44.75,32.53,0.46,-1,-1,-1
128,1507,1648.18,746.85,36.07,46.41,0.18,-1,-1,-1
128,1509,1422.22,74.22,40.68,37.82,0.44,-1,-1,-1
128,1510,1441.04,124.92,26.07,39.25,0.41,-1,-1,-1
128,1514,1408.80,740.48,116.64,67.10,0.59,-1,-1,-1
128,1515,1089.50,117.13,20.34,38.72,0.54,-1,-1,-1
128,1516,950.70,112.95,21.36,39.86,0.18,-1,-1,-1
128,1518,945.49,247.93,54.62,107.17,0.86,-1,-1,-1
128,1520,857.69,750.26,59.01,127.78,0.82,-1,-1,-1
128,1521,1064.17,172.10,21.56,39.26,0.43,-1,-1,-1
128,1523,1343.22,312.19,33.93,31.55,0.24,-1,-1,-1
128,1524,813.92,970.41,53.09,100.59,0.67,-1,-1,-1
128,1527,963.85,508.19,54.79,111.97,0.84,-1,-1,-1
128,1528,1593.15,361.11,53.78,29.52,0.40,-1,-1,-1
128,1506,1474.96,107.78,31.47,28.57,0.50,-1,-1,-1
128,1533,1752.43,363.03,123.14,54.72,0.85,-1,-1,-1
128,1534,845.69,426.25,59.94,119.84,0.85,-1,-1,-1
128,1537,1651.64,763.72,46.29,38.90,0.55,-1,-1,-1
128,1538,1865.16,287.87,28.84,52.59,0.74,-1,-1,-1
128,1540,1145.80,178.11,16.48,31.83,0.36,-1,-1,-1
128,1541,1624.89,282.79,54.92,27.05,0.59,-1,-1,-1
128,1542,822.26,0.00,69.31,40.91,0.79,-1,-1,-1
129,1473,1309.39,354.13,143.51,57.89,0.85,-1,-1,-1
129,1474,1885.98,190.20,18.02,55.29,0.45,-1,-1,-1
129,1475,1677.75,658.14,111.14,108.77,0.86,-1,-1,-1
129,1476,57.02,454.69,127.92,55.41,0.87,-1,-1,-1
129,1482,1234.73,270.59,146.59,69.83,0.74,-1,-1,-1
129,1485,1008.20,24.70,52.79,106.87,0.80,-1,-1,-1
129,1487,1828.88,644.99,75.12,119.68,0.77,-1,-1,-1
129,1491,230.66,451.04,127.27,56.54,0.86,-1,-1,-1
129,1492,1771.27,677.06,99.40,102.28,0.77,-1,-1,-1
129,1493,376.00,450.70,119.11,57.74,0.85,-1,-1,-1
129,1495,1700.04,580.68,123.52,63.96,0.70,-1,-1,-1
129,1496,1481.84,364.12,106.38,52.15,0.81,-1,-1,-1
129,1497,1618.48,465.68,125.40,54.98,0.77,-1,-1,-1
129,1498,1164.53,294.28,54.15,35.27,0.70,-1,-1,-1
129,1499,1229.69,0.00,81.07,35.15,0.70,-1,-1,-1
129,1503,1141.59,270.59,31.30,32.59,0.45,-1,-1,-1
129,1505,604.38,531.42,44.14,31.90,0.49,-1,-1,-1
129,1507,1647.76,746.06,37.52,48.63,0.23,-1,-1,-1
129,1509,1422.89,73.53,40.74,37.83,0.41,-1,-1,-1
129,1510,1441.73,123.73,26.55,40.17,0.58,-1,-1,-1
129,1514,1409.89,740.82,115.17,66.36,0.70,-1,-1,-1
129,1515,1089.09,112.27,20.04,37.46,0.47,-1,-1,-1
129,1516,950.62,104.32,21.46,40.02,0.31,-1,-1,-1
129,1518,945.05,238.18,55.04,108.19,0.85,-1,-1,-1
129,1520,858.54,757.63,59.16,128.34,0.82,-1,-1,-1
129,1521,1064.16,165.47,21.91,40.15,0.33,-1,-1,-1
129,1523,1343.64,313.48,33.30,30.90,0.37,-1,-1,-1
129,1524,815.84,975.85,51.33,95.15,0.63,-1,-1,-1
129,1527,963.32,499.82,55.23,112.86,0.89,-1,-1,-1
129,1528,1593.65,360.64,55.11,30.60,0.36,-1,-1,-1
129,1506,1475.51,107.24,31.79,28.55,0.42,-1,-1,-1
129,1533,1754.22,364.22,120.88,53.28,0.85,-1,-1,-1
129,1534,845.93,436.09,59.93,120.45,0.85,-1,-1,-1
129,1537,1647.52,756.26,54.81,47.14,0.72,-1,-1,-1
129,1538,1863.69,287.52,30.11,52.01,0.74,-1,-1,-1
129,1540,1146.97,177.83,16.62,32.13,0.53,-1,-1,-1
129,1541,1620.80,281.95,58.32,28.91,0.58,-1,-1,-1
129,1542,812.84,0.00,88.97,53.00,0.73,-1,-1,-1
130,1473,1309.86,354.04,144.14,58.02,0.86,-1,-1,-1
130,1474,1887.46,189.68,16.54,52.92,0.47,-1,-1,-1
130,1475,1678.40,657.87,111.12,108.55,0.84,-1,-1,-1
130,1476,55.49,455.37,127.46,55.06,0.86,-1,-1,-1
130,1482,1233.73,269.61,145.64,70.06,0.64,-1,-1,-1
130,1485,1009.45,17.15,51.96,105.05,0.79,-1,-1,-1
130,1487,1830.39,645.45,73.61,120.30,0.78,-1,-1,-1
130,1491,230.07,451.05,126.50,56.02,0.86,-1,-1,-1
130,1492,1772.73,676.70,100.69,103.62,0.79,-1,-1,-1
130,1493,375.12,451.08,118.65,57.43,0.85,-1,-1,-1
130,1495,1701.95,580.08,124.39,64.78,0.75,-1,-1,-1
130,1496,1482.80,364.18,105.96,51.81,0.81,-1,-1,-1
130,1497,1634.28,465.68,124.66,54.52,0.77,-1,-1,-1
130,1498,1164.49,293.81,54.44,35.67,0.68,-1,-1,-1
130,1499,1231.40,0.00,80.46,34.22,0.44,-1,-1,-1
130,1503,1141.32,270.49,31.60,32.87,0.44,-1,-1,-1
130,1505,604.37,532.05,43.68,31.38,0.54,-1,-1,-1
130,1507,1649.44,746.75,36.65,47.27,0.20,-1,-1,-1
130,1509,1423.04,72.18,41.35,38.50,0.52,-1,-1,-1
130,1510,1443.80,124.28,25.48,38.69,0.38,-1,-1,-1
130,1514,1411.38,741.07,114.39,66.13,0.78,-1,-1,-1
130,1515,1088.62,103.79,21.19,39.60,0.37,-1,-1,-1
130,1516,950.65,95.40,21.27,39.69,0.20,-1,-1,-1
130,1518,945.24,229.92,54.98,108.04,0.86,-1,-1,-1
130,1520,858.82,764.98,59.18,128.20,0.82,-1,-1,-1
130,1521,1063.53,158.20,21.75,39.87,0.41,-1,-1,-1
130,1523,1343.91,314.39,32.84,30.28,0.43,-1,-1,-1
130,1524,816.93,982.46,49.19,88.54,0.70,-1,-1,-1
130,1527,963.94,492.13,54.89,111.93,0.78,-1,-1,-1
130,1528,1594.49,360.56,54.56,30.57,0.50,-1,-1,-1
130,1506,1474.73,107.08,34.31,30.91,0.50,-1,-1,-1
130,1533,1754.07,364.28,121.66,53.28,0.85,-1,-1,-1
130,1534,846.30,446.91,59.56,120.09,0.85,-1,-1,-1
130,1537,1649.45,757.63,53.03,46.07,0.62,-1,-1,-1
130,1538,1862.22,287.23,31.76,52.09,0.77,-1,-1,-1
130,1540,1147.48,176.92,16.88,32.61,0.50,-1,-1,-1
130,1541,1618.88,281.55,58.12,29.09,0.57,-1,-1,-1
130,1542,802.87,0.00,108.21,65.47,0.73,-1,-1,-1
130,1529,1580.15,4.45,32.09,48.09,0.50,-1,-1,-1
131,1473,1310.51,353.78,143.82,57.72,0.86,-1,-1,-1
131,1475,1679.27,656.71,112.29,109.79,0.84,-1,-1,-1
131,1476,53.30,455.11,129.41,55.88,0.86,-1,-1,-1
131,1482,1233.80,269.77,141.59,68.86,0.64,-1,-1,-1
131,1485,1009.01,6.92,52.44,105.80,0.85,-1,-1,-1
131,1487,1831.85,645.95,72.15,120.44,0.77,-1,-1,-1
131,1491,227.08,450.79,128.20,56.74,0.87,-1,-1,-1
131,1492,1773.61,676.73,101.70,104.73,0.81,-1,-1,-1
131,1493,373.68,451.03,118.75,57.42,0.85,-1,-1,-1
131,1495,1705.99,583.08,119.41,62.10,0.74,-1,-1,-1
131,1496,1483.24,363.93,106.37,51.92,0.82,-1,-1,-1
131,1497,1649.25,466.40,123.98,53.98,0.81,-1,-1,-1
131,1498,1163.78,292.18,55.25,36.56,0.60,-1,-1,-1
131,1499,1232.97,0.00,79.74,33.17,0.37,-1,-1,-1
131,1503,1142.42,269.70,31.64,33.07,0.36,-1,-1,-1
131,1505,603.52,531.93,44.01,31.44,0.55,-1,-1,-1
131,1507,1649.64,746.82,35.28,45.74,0.25,-1,-1,-1
131,1509,1423.60,71.56,41.25,38.44,0.50,-1,-1,-1
131,1510,1445.09,124.34,24.80,37.78,0.35,-1,-1,-1
131,1514,1412.76,741.53,113.62,65.83,0.68,-1,-1,-1
131,1515,1088.21,97.39,21.14,39.40,0.42,-1,-1,-1
131,1516,949.81,86.25,21.40,40.07,0.54,-1,-1,-1
131,1518,944.68,221.45,54.90,108.01,0.87,-1,-1,-1
131,1520,857.83,771.77,59.52,128.77,0.83,-1,-1,-1
131,1521,1063.41,151.96,21.04,38.77,0.39,-1,-1,-1
131,1523,1343.26,315.76,32.69,29.91,0.45,-1,-1,-1
131,1524,817.24,987.77,47.48,83.23,0.64,-1,-1,-1
131,1527,963.36,483.39,55.19,112.44,0.84,-1,-1,-1
131,1528,1595.77,360.51,53.75,30.27,0.54,-1,-1,-1
131,1506,1474.65,106.78,36.21,32.80,0.29,-1,-1,-1
131,1533,1754.15,363.18,123.68,53.83,0.85,-1,-1,-1
131,1534,846.45,457.00,59.35,120.17,0.84,-1,-1,-1
131,1537,1650.26,758.35,53.10,46.78,0.63,-1,-1,-1
131,1538,1860.47,287.01,33.58,52.32,0.82,-1,-1,-1
131,1540,1147.31,176.08,17.44,33.68,0.53,-1,-1,-1
131,1541,1615.49,281.04,57.46,29.00,0.59,-1,-1,-1
131,1542,792.72,0.00,127.83,79.09,0.80,-1,-1,-1
131,1529,1581.13,3.03,32.27,48.56,0.40,-1,-1,-1
132,1473,1310.36,353.58,145.08,58.15,0.85,-1,-1,-1
132,1475,1680.68,656.47,112.60,110.30,0.83,-1,-1,-1
132,1476,50.80,454.36,132.03,57.11,0.86,-1,-1,-1
132,1482,1230.89,268.46,139.38,68.93,0.61,-1,-1,-1
132,1485,1009.58,0.00,51.43,103.04,0.84,-1,-1,-1
132,1487,1832.65,645.62,71.35,122.70,0.75,-1,-1,-1
132,1491,224.64,450.73,128.77,56.94,0.85,-1,-1,-1
132,1492,1775.26,677.10,101.90,104.95,0.82,-1,-1,-1
132,1493,372.72,451.07,118.91,57.48,0.85,-1,-1,-1
132,1495,1705.33,581.22,122.93,64.20,0.74,-1,-1,-1
132,1496,1483.77,363.18,109.08,53.39,0.84,-1,-1,-1
132,1497,1663.16,465.45,127.34,55.58,0.80,-1,-1,-1
132,1498,1163.08,291.58,55.10,36.65,0.60,-1,-1,-1
132,1499,1233.52,0.00,77.53,31.40,0.30,-1,-1,-1
132,1503,1142.49,270.27,31.59,32.84,0.34,-1,-1,-1
132,1505,602.54,531.62,44.60,31.76,0.52,-1,-1,-1
132,1507,1649.97,746.80,37.47,49.39,0.30,-1,-1,-1
132,1509,1425.49,71.98,39.80,36.90,0.49,-1,-1,-1
132,1510,1446.02,124.42,24.02,36.60,0.44,-1,-1,-1
132,1514,1413.72,741.63,113.93,66.17,0.69,-1,-1,-1
132,1515,1087.79,90.97,20.89,38.88,0.54,-1,-1,-1
132,1516,948.93,76.79,21.73,40.70,0.64,-1,-1,-1
132,1518,944.38,212.41,55.04,108.38,0.85,-1,-1,-1
132,1520,858.64,779.45,59.61,128.81,0.83,-1,-1,-1
132,1521,1063.66,148.01,19.91,36.69,0.46,-1,-1,-1
132,1523,1343.16,316.82,32.18,29.17,0.50,-1,-1,-1
132,1524,818.75,994.63,44.99,76.37,0.61,-1,-1,-1
132,1527,963.02,475.28,55.14,112.38,0.86,-1,-1,-1
132,1528,1597.42,360.39,52.91,30.03,0.54,-1,-1,-1
132,1506,1475.44,105.64,35.06,31.73,0.47,-1,-1,-1
132,1533,1753.00,361.92,126.11,54.67,0.83,-1,-1,-1
132,1534,846.56,467.10,59.09,120.12,0.84,-1,-1,-1
132,1537,1656.02,765.95,45.97,40.47,0.58,-1,-1,-1
132,1538,1858.78,286.75,35.28,52.25,0.83,-1,-1,-1
132,1540,1147.93,175.43,17.38,33.59,0.55,-1,-1,-1
132,1541,1608.68,278.42,61.26,31.39,0.55,-1,-1,-1
132,1542,783.93,0.00,145.10,92.41,0.80,-1,-1,-1
132,1529,1584.26,2.42,30.92,47.03,0.11,-1,-1,-1
133,1473,1309.70,352.45,147.49,59.11,0.84,-1,-1,-1
133,1475,1681.75,656.31,112.74,110.40,0.84,-1,-1,-1
133,1476,49.33,453.88,131.86,56.95,0.88,-1,-1,-1
133,1482,1231.03,266.79,143.21,71.78,0.66,-1,-1,-1
133,1485,1011.33,0.00,47.82,92.32,0.81,-1,-1,-1
133,1487,1833.42,644.96,70.58,124.47,0.73,-1,-1,-1
133,1491,223.25,449.95,130.63,57.89,0.83,-1,-1,-1
133,1492,1777.00,677.49,101.61,104.49,0.80,-1,-1,-1
133,1493,372.71,450.72,118.13,57.05,0.85,-1,-1,-1
133,1495,1704.53,579.46,125.93,66.13,0.69,-1,-1,-1
133,1496,1484.67,362.23,110.17,54.08,0.86,-1,-1,-1
133,1497,1677.35,464.15,127.79,55.63,0.78,-1,-1,-1
133,1498,1163.17,291.20,54.35,36.29,0.58,-1,-1,-1
133,1499,1235.04,0.00,76.94,30.33,0.13,-1,-1,-1
133,1503,1143.05,269.03,31.56,32.74,0.27,-1,-1,-1
133,1505,602.29,531.63,44.16,31.25,0.51,-1,-1,-1
133,1507,1650.83,746.44,37.35,49.79,0.35,-1,-1,-1
133,1509,1425.46,70.28,40.44,37.45,0.51,-1,-1,-1
133,1510,1446.96,124.14,23.61,35.81,0.42,-1,-1,-1
133,1514,1414.92,741.76,113.96,66.30,0.67,-1,-1,-1
133,1515,1088.11,87.32,19.86,36.71,0.49,-1,-1,-1
133,1516,948.32,67.39,22.00,41.37,0.55,-1,-1,-1
133,1518,944.20,203.97,54.82,107.90,0.84,-1,-1,-1
133,1520,858.43,785.84,60.04,129.61,0.83,-1,-1,-1
133,1521,1062.99,139.06,20.43,37.82,0.40,-1,-1,-1
133,1523,1342.41,317.71,31.94,28.64,0.51,-1,-1,-1
133,1524,819.36,999.10,43.45,71.90,0.59,-1,-1,-1
133,1527,963.12,466.17,55.45,113.01,0.77,-1,-1,-1
133,1528,1598.36,359.57,52.34,29.73,0.54,-1,-1,-1
133,1506,1476.36,104.16,39.10,35.60,0.40,-1,-1,-1
133,1533,1752.09,359.82,131.30,56.99,0.85,-1,-1,-1
133,1534,846.22,476.69,59.64,121.39,0.86,-1,-1,-1
133,1537,1654.20,760.00,50.72,45.45,0.51,-1,-1,-1
133,1538,1856.85,285.96,37.31,52.62,0.81,-1,-1,-1
133,1540,1147.91,173.55,18.14,35.22,0.62,-1,-1,-1
133,1541,1604.21,277.23,61.83,32.15,0.39,-1,-1,-1
133,1542,776.00,0.00,160.19,105.68,0.80,-1,-1,-1
133,1529,1581.07,1.04,32.45,48.72,0.39,-1,-1,-1
134,1473,1309.25,351.19,150.26,60.31,0.84,-1,-1,-1
134,1475,1683.16,656.33,112.49,110.15,0.83,-1,-1,-1
134,1476,48.35,453.45,131.25,56.57,0.89,-1,-1,-1
134,1482,1232.31,266.56,142.72,72.25,0.67,-1,-1,-1
134,1485,1013.06,0.00,44.59,83.43,0.84,-1,-1,-1
134,1487,1836.66,645.03,67.34,118.15,0.75,-1,-1,-1
134,1491,222.10,449.54,131.11,58.14,0.86,-1,-1,-1
134,1492,1778.61,677.51,101.86,104.58,0.80,-1,-1,-1
134,1493,372.95,450.69,116.47,56.06,0.86,-1,-1,-1
134,1495,1706.01,579.05,125.95,66.57,0.61,-1,-1,-1
134,1496,1485.75,361.76,110.08,54.12,0.86,-1,-1,-1
134,1497,1693.30,464.31,126.93,55.12,0.83,-1,-1,-1
134,1498,1163.22,290.52,54.53,36.57,0.58,-1,-1,-1
134,1499,1233.57,0.00,76.67,29.39,0.27,-1,-1,-1
134,1503,1142.28,270.25,31.51,32.06,0.27,-1,-1,-1
134,1505,601.37,531.51,44.55,31.44,0.54,-1,-1,-1
134,1507,1650.93,747.24,37.46,50.86,0.27,-1,-1,-1
134,1509,1425.81,69.05,40.72,37.72,0.56,-1,-1,-1
134,1510,1447.83,123.75,23.55,35.61,0.50,-1,-1,-1
134,1514,1416.19,741.44,114.15,66.45,0.67,-1,-1,-1
134,1515,1087.40,78.80,20.55,37.88,0.59,-1,-1,-1
134,1516,947.85,58.73,22.11,41.55,0.58,-1,-1,-1
134,1518,943.22,193.53,55.50,109.38,0.88,-1,-1,-1
134,1520,858.32,791.94,60.04,129.63,0.83,-1,-1,-1
134,1521,1063.21,133.72,19.71,36.57,0.37,-1,-1,-1
134,1523,1339.98,317.15,33.08,29.43,0.45,-1,-1,-1
134,1524,821.19,1005.19,41.33,65.81,0.54,-1,-1,-1
134,1527,962.71,457.00,55.48,113.02,0.87,-1,-1,-1
134,1528,1598.60,358.82,53.27,30.48,0.48,-1,-1,-1
134,1506,1477.97,102.68,41.63,38.13,0.47,-1,-1,-1
134,1533,1751.36,358.64,134.32,58.43,0.84,-1,-1,-1
134,1534,846.66,486.73,59.14,120.56,0.85,-1,-1,-1
134,1537,1651.54,753.42,55.67,51.20,0.54,-1,-1,-1
134,1538,1853.18,284.05,40.07,53.56,0.78,-1,-1,-1
134,1540,1148.27,172.60,17.91,34.74,0.59,-1,-1,-1
134,1541,1600.96,276.89,60.14,31.56,0.24,-1,-1,-1
134,1542,769.13,1.26,172.64,118.60,0.78,-1,-1,-1
134,1529,1579.76,0.00,33.53,49.43,0.41,-1,-1,-1
135,1473,1309.42,349.96,151.54,60.93,0.82,-1,-1,-1
135,1475,1684.34,656.24,112.16,109.89,0.82,-1,-1,-1
135,1476,47.78,453.07,130.18,56.01,0.89,-1,-1,-1
135,1482,1234.24,267.37,136.34,69.56,0.75,-1,-1,-1
135,1485,1015.13,0.00,40.18,72.72,0.79,-1,-1,-1
135,1487,1838.73,645.42,65.27,115.15,0.74,-1,-1,-1
135,1491,222.25,449.69,127.87,56.54,0.87,-1,-1,-1
135,1492,1779.89,677.59,101.80,104.29,0.80,-1,-1,-1
135,1493,372.46,450.17,115.65,55.41,0.86,-1,-1,-1
135,1495,1709.81,580.33,121.43,64.22,0.63,-1,-1,-1
135,1496,1487.37,361.50,108.86,53.45,0.85,-1,-1,-1
135,1497,1707.85,462.96,128.94,56.10,0.81,-1,-1,-1
135,1498,1165.48,290.42,53.13,35.66,0.45,-1,-1,-1
135,1499,1236.66,0.00,75.35,28.02,0.29,-1,-1,-1
135,1503,1141.40,269.94,32.36,32.63,0.33,-1,-1,-1
135,1505,600.57,530.80,44.62,31.37,0.51,-1,-1,-1
135,1507,1652.94,746.98,34.93,47.64,0.32,-1,-1,-1
135,1509,1426.21,66.97,41.62,38.74,0.56,-1,-1,-1
135,1510,1447.89,120.69,24.81,37.86,0.52,-1,-1,-1
135,1514,1417.38,741.26,113.72,66.20,0.68,-1,-1,-1
135,1515,1086.02,69.28,21.78,40.34,0.54,-1,-1,-1
135,1516,947.30,50.01,21.65,40.44,0.75,-1,-1,-1
135,1518,943.45,184.31,55.25,108.80,0.86,-1,-1,-1
135,1520,857.66,797.32,61.00,131.84,0.83,-1,-1,-1
135,1521,1063.10,126.87,19.11,35.36,0.43,-1,-1,-1
135,1523,1338.84,317.14,32.88,28.93,0.48,-1,-1,-1
135,1524,822.22,1009.50,40.38,61.50,0.56,-1,-1,-1
135,1527,962.03,449.27,55.25,112.28,0.86,-1,-1,-1
135,1528,1599.65,357.84,54.78,31.42,0.36,-1,-1,-1
135,1506,1478.58,101.98,42.18,38.80,0.53,-1,-1,-1
135,1533,1751.29,357.80,135.37,58.98,0.85,-1,-1,-1
135,1534,846.34,496.83,59.56,121.27,0.83,-1,-1,-1
135,1537,1655.26,756.41,51.59,48.03,0.47,-1,-1,-1
135,1538,1850.10,281.60,43.35,55.33,0.75,-1,-1,-1
135,1540,1147.99,171.55,18.42,35.78,0.58,-1,-1,-1
135,1541,1598.75,276.76,56.68,29.86,0.20,-1,-1,-1
135,1542,768.98,9.39,171.44,123.07,0.76,-1,-1,-1
135,1529,1581.48,0.17,33.08,48.57,0.29,-1,-1,-1
135,1544,553.30,250.35,45.47,28.47,0.59,-1,-1,-1
136,1473,1310.61,349.53,150.64,60.59,0.82,-1,-1,-1
136,1475,1685.82,656.20,111.86,109.61,0.82,-1,-1,-1
136,1476,46.70,453.19,129.51,55.58,0.91,-1,-1,-1
136,1482,1235.67,267.68,134.34,68.97,0.76,-1,-1,-1
136,1485,1017.63,0.00,35.56,61.86,0.81,-1,-1,-1
136,1487,1840.30,645.57,63.70,114.59,0.73,-1,-1,-1
136,1491,219.70,448.25,130.44,57.69,0.87,-1,-1,-1
136,1492,1780.37,677.23,102.18,104.41,0.80,-1,-1,-1
136,1493,371.20,449.41,116.14,55.44,0.84,-1,-1,-1
136,1495,1711.75,580.33,120.51,63.73,0.79,-1,-1,-1
136,1496,1490.64,361.17,104.39,50.82,0.86,-1,-1,-1
136,1497,1722.32,461.95,129.33,56.17,0.81,-1,-1,-1
136,1498,1164.31,288.40,54.17,36.52,0.57,-1,-1,-1
136,1499,1237.76,0.00,74.81,26.95,0.49,-1,-1,-1
136,1503,1141.68,269.61,32.41,32.48,0.31,-1,-1,-1
136,1505,599.36,530.28,45.33,31.90,0.55,-1,-1,-1
136,1507,1653.61,746.38,33.42,45.69,0.32,-1,-1,-1
136,1509,1427.66,65.35,42.06,39.18,0.53,-1,-1,-1
136,1510,1448.26,119.46,25.03,38.47,0.48,-1,-1,-1
136,1514,1417.74,741.52,114.71,66.70,0.74,-1,-1,-1
136,1515,1086.05,64.63,20.55,37.90,0.63,-1,-1,-1
136,1516,946.69,40.49,21.80,40.65,0.64,-1,-1,-1
136,1518,943.16,175.38,54.94,108.31,0.87,-1,-1,-1
136,1520,857.38,804.08,60.85,131.86,0.83,-1,-1,-1
136,1521,1061.46,115.56,20.88,38.96,0.42,-1,-1,-1
136,1523,1337.73,318.07,32.98,28.64,0.21,-1,-1,-1
136,1524,822.69,1013.20,39.86,57.80,0.48,-1,-1,-1
136,1527,961.52,439.35,55.62,112.94,0.82,-1,-1,-1
136,1528,1600.44,356.83,55.81,32.21,0.41,-1,-1,-1
136,1506,1479.01,100.89,43.15,39.91,0.48,-1,-1,-1
136,1533,1752.44,356.84,134.96,58.86,0.81,-1,-1,-1
136,1534,846.03,505.67,59.97,122.61,0.86,-1,-1,-1
136,1537,1656.89,755.94,51.19,48.52,0.40,-1,-1,-1
136,1538,1847.41,278.90,46.42,56.82,0.78,-1,-1,-1
136,1540,1148.27,170.40,18.12,35.11,0.45,-1,-1,-1
136,1541,1595.08,275.45,56.90,30.05,0.57,-1,-1,-1
136,1542,771.26,21.68,166.28,124.90,0.73,-1,-1,-1
136,1529,1581.48,0.00,33.57,48.11,0.24,-1,-1,-1
136,1544,544.88,250.68,46.36,29.03,0.56,-1,-1,-1
137,1473,1311.94,348.92,149.11,59.96,0.81,-1,-1,-1
137,1475,1686.70,655.50,111.80,109.57,0.83,-1,-1,-1
137,1476,45.31,452.55,129.01,55.12,0.89,-1,-1,-1
137,1482,1236.62,266.75,132.50,68.36,0.73,-1,-1,-1
137,1485,1019.76,0.00,31.57,51.64,0.77,-1,-1,-1
137,1487,1841.67,645.53,62.33,114.30,0.72,-1,-1,-1
137,1491,219.17,448.27,128.54,56.76,0.87,-1,-1,-1
137,1492,1781.17,676.96,102.56,104.48,0.76,-1,-1,-1
137,1493,369.32,447.97,118.25,56.50,0.84,-1,-1,-1
137,1495,1716.46,583.65,114.31,59.89,0.63,-1,-1,-1
137,1496,1493.43,361.03,101.89,49.22,0.85,-1,-1,-1
137,1497,1738.57,461.43,128.85,55.80,0.84,-1,-1,-1
137,1498,1164.55,287.85,52.57,35.45,0.73,-1,-1,-1
137,1499,1237.77,0.00,74.63,26.08,0.60,-1,-1,-1
137,1503,1141.39,268.47,33.24,33.27,0.26,-1,-1,-1
137,1505,598.64,530.08,45.42,31.89,0.48,-1,-1,-1
137,1507,1654.59,746.13,31.17,42.48,0.30,-1,-1,-1
137,1509,1428.74,64.13,41.48,38.67,0.60,-1,-1,-1
137,1510,1448.84,118.23,24.80,38.36,0.52,-1,-1,-1
137,1514,1418.28,741.70,114.85,66.75,0.69,-1,-1,-1
137,1515,1084.92,54.57,21.70,40.31,0.54,-1,-1,-1
137,1516,946.54,31.69,21.69,40.44,0.69,-1,-1,-1
137,1518,942.42,165.83,55.14,108.74,0.87,-1,-1,-1
137,1520,858.18,810.10,60.55,131.02,0.84,-1,-1,-1
137,1521,1061.24,108.17,20.41,38.20,0.31,-1,-1,-1
137,1523,1336.63,317.60,33.01,28.36,0.32,-1,-1,-1
137,1524,823.28,1019.80,37.27,51.06,0.38,-1,-1,-1
137,1527,960.99,429.34,56.11,114.01,0.89,-1,-1,-1
137,1528,1602.11,355.30,55.42,32.16,0.49,-1,-1,-1
137,1506,1480.89,100.35,40.91,37.90,0.38,-1,-1,-1
137,1533,1755.57,355.88,133.11,58.06,0.76,-1,-1,-1
137,1534,846.09,515.11,59.43,121.82,0.84,-1,-1,-1
137,1537,1653.79,750.27,55.34,54.11,0.15,-1,-1,-1
137,1538,1844.76,277.26,49.27,57.93,0.77,-1,-1,-1
137,1540,1148.51,169.48,18.20,35.39,0.50,-1,-1,-1
137,1541,1593.27,274.25,57.30,30.12,0.56,-1,-1,-1
137,1542,774.88,34.07,158.30,124.86,0.79,-1,-1,-1
137,1529,1583.24,0.00,33.07,46.80,0.12,-1,-1,-1
137,1544,535.43,251.04,45.49,28.42,0.56,-1,-1,-1
138,1473,1313.32,348.76,147.67,59.36,0.82,-1,-1,-1
138,1475,1687.62,656.08,112.29,110.49,0.85,-1,-1,-1
138,1476,44.58,452.21,128.82,54.80,0.89,-1,-1,-1
138,1482,1236.61,267.06,133.28,69.19,0.76,-1,-1,-1
138,1485,1022.14,0.00,27.41,40.77,0.82,-1,-1,-1
138,1487,1843.16,644.99,60.84,116.52,0.72,-1,-1,-1
138,1491,218.10,447.71,129.02,56.93,0.86,-1,-1,-1
138,1492,1782.99,677.29,101.17,102.85,0.65,-1,-1,-1
138,1493,367.87,447.23,118.74,56.74,0.84,-1,-1,-1
138,1495,1720.38,587.35,108.69,56.06,0.68,-1,-1,-1
138,1496,1493.54,360.40,102.91,49.44,0.84,-1,-1,-1
138,1497,1753.78,461.14,129.20,55.84,0.83,-1,-1,-1
138,1498,1163.98,286.56,52.52,35.45,0.69,-1,-1,-1
138,1499,1237.52,0.00,75.00,25.49,0.54,-1,-1,-1
138,1503,1142.53,266.79,33.60,33.41,0.21,-1,-1,-1
138,1505,597.49,528.59,46.43,32.65,0.46,-1,-1,-1
138,1507,1656.93,745.91,31.13,42.40,0.25,-1,-1,-1
138,1509,1429.45,63.11,41.16,38.40,0.66,-1,-1,-1
138,1510,1449.93,116.89,25.09,38.90,0.55,-1,-1,-1
138,1514,1419.65,741.51,115.95,67.20,0.69,-1,-1,-1
138,1515,1085.25,48.49,21.13,39.50,0.47,-1,-1,-1
138,1516,946.58,22.66,21.71,40.43,0.67,-1,-1,-1
138,1518,943.13,157.48,54.25,106.88,0.84,-1,-1,-1
138,1520,858.11,815.83,60.65,130.46,0.82,-1,-1,-1
138,1521,1061.36,101.14,20.39,38.21,0.46,-1,-1,-1
138,1523,1332.65,315.98,35.81,30.38,0.29,-1,-1,-1
138,1524,823.95,1025.24,35.65,45.63,0.31,-1,-1,-1
138,1527,961.33,420.72,55.63,112.86,0.79,-1,-1,-1
138,1528,1604.45,354.75,54.48,31.54,0.38,-1,-1,-1
138,1506,1480.38,97.42,42.13,39.20,0.15,-1,-1,-1
138,1533,1757.55,355.82,131.18,57.16,0.77,-1,-1,-1
138,1534,846.35,524.90,59.42,121.89,0.87,-1,-1,-1
138,1538,1842.27,277.05,51.16,57.56,0.78,-1,-1,-1
138,1540,1148.57,168.91,18.28,35.58,0.48,-1,-1,-1
138,1541,1590.05,272.89,62.65,32.78,0.47,-1,-1,-1
138,1542,778.93,47.26,150.90,125.08,0.84,-1,-1,-1
138,1529,1583.01,0.00,32.11,43.91,0.38,-1,-1,-1
138,1544,526.93,251.21,45.16,28.17,0.51,-1,-1,-1
139,1473,1313.77,347.67,147.68,59.44,0.80,-1,-1,-1
139,1475,1689.42,655.83,112.80,111.08,0.89,-1,-1,-1
139,1476,43.79,451.64,128.70,54.53,0.88,-1,-1,-1
139,1482,1239.66,267.16,123.54,64.25,0.79,-1,-1,-1
139,1485,1024.71,0.00,23.25,30.48,0.74,-1,-1,-1
139,1487,1845.17,644.62,58.83,116.09,0.71,-1,-1,-1
139,1491,216.47,446.21,131.30,57.96,0.86,-1,-1,-1
139,1492,1784.71,676.72,101.29,102.83,0.63,-1,-1,-1
139,1493,367.27,446.77,118.62,56.68,0.84,-1,-1,-1
139,1495,1722.07,587.41,109.51,55.99,0.64,-1,-1,-1
139,1496,1493.43,359.16,104.72,50.17,0.82,-1,-1,-1
139,1497,1768.92,460.17,130.41,56.23,0.85,-1,-1,-1
139,1498,1161.55,283.35,55.01,37.26,0.62,-1,-1,-1
139,1499,1239.41,0.00,72.48,23.71,0.39,-1,-1,-1
139,1503,1143.54,265.50,35.25,34.87,0.18,-1,-1,-1
139,1505,596.91,527.82,46.65,32.88,0.47,-1,-1,-1
139,1507,1658.44,745.43,30.99,42.69,0.35,-1,-1,-1
139,1509,1430.25,62.62,40.77,37.96,0.68,-1,-1,-1
139,1510,1451.29,115.67,25.00,38.83,0.49,-1,-1,-1
139,1514,1419.95,741.00,117.02,67.74,0.76,-1,-1,-1
139,1515,1085.76,42.46,20.07,37.49,0.60,-1,-1,-1
139,1516,947.13,13.88,21.17,39.25,0.77,-1,-1,-1
139,1518,942.64,146.58,54.99,108.51,0.88,-1,-1,-1
139,1520,857.74,820.24,61.68,132.50,0.82,-1,-1,-1
139,1521,1061.13,91.34,20.86,39.38,0.38,-1,-1,-1
139,1523,1331.58,317.55,38.16,32.60,0.40,-1,-1,-1
139,1524,824.09,1029.38,34.71,41.42,0.26,-1,-1,-1
139,1527,961.11,410.74,55.79,113.01,0.88,-1,-1,-1
139,1528,1609.37,352.31,58.44,33.10,0.40,-1,-1,-1
139,1506,1482.14,97.18,39.25,36.42,0.40,-1,-1,-1
139,1533,1758.52,354.17,131.88,57.46,0.76,-1,-1,-1
139,1534,846.64,533.71,59.28,121.80,0.87,-1,-1,-1
139,1538,1840.67,277.06,52.14,56.09,0.77,-1,-1,-1
139,1540,1149.08,168.27,17.64,34.27,0.47,-1,-1,-1
139,1541,1587.73,272.19,54.10,28.12,0.61,-1,-1,-1
139,1542,781.95,60.64,144.93,126.41,0.86,-1,-1,-1
139,1529,1586.17,0.00,30.95,42.08,0.40,-1,-1,-1
139,1544,517.93,251.25,44.82,27.88,0.55,-1,-1,-1
140,1473,1314.89,346.81,146.31,58.88,0.80,-1,-1,-1
140,1475,1690.58,655.81,112.68,111.04,0.92,-1,-1,-1
140,1476,41.48,451.51,129.37,54.58,0.86,-1,-1,-1
140,1482,1241.95,266.84,118.43,61.55,0.78,-1,-1,-1
140,1487,1846.33,644.13,57.67,116.95,0.72,-1,-1,-1
140,1491,215.37,445.42,131.82,58.18,0.86,-1,-1,-1
140,1492,1786.15,676.78,101.78,103.35,0.63,-1,-1,-1
140,1493,366.53,446.31,118.73,56.70,0.84,-1,-1,-1
140,1495,1722.31,586.08,112.14,57.10,0.67,-1,-1,-1
140,1496,1493.25,357.88,107.00,51.22,0.83,-1,-1,-1
140,1497,1780.54,458.75,123.46,56.50,0.82,-1,-1,-1
140,1498,1162.19,282.37,54.71,37.25,0.55,-1,-1,-1
140,1499,1240.38,0.00,70.32,22.08,0.37,-1,-1,-1
140,1503,1144.01,264.85,35.79,35.11,0.17,-1,-1,-1
140,1505,595.59,527.45,48.39,34.29,0.47,-1,-1,-1
140,1507,1660.13,744.82,30.69,42.45,0.26,-1,-1,-1
140,1509,1431.00,61.58,40.84,38.03,0.65,-1,-1,-1
140,1510,1452.04,114.65,24.79,38.53,0.47,-1,-1,-1
140,1514,1420.82,740.97,116.71,67.45,0.79,-1,-1,-1
140,1515,1084.98,32.46,21.04,39.42,0.56,-1,-1,-1
140,1516,947.63,3.35,20.65,37.93,0.57,-1,-1,-1
140,1518,943.27,137.28,54.98,108.34,0.86,-1,-1,-1
140,1520,857.82,826.08,61.46,132.14,0.82,-1,-1,-1
140,1521,1061.39,85.41,19.87,37.34,0.35,-1,-1,-1
140,1523,1331.29,317.58,38.75,33.36,0.51,-1,-1,-1
140,1524,824.65,1034.01,33.19,36.61,0.22,-1,-1,-1
140,1527,961.30,402.26,55.27,111.81,0.88,-1,-1,-1
140,1528,1608.40,352.40,56.49,32.16,0.40,-1,-1,-1
140,1506,1482.55,95.97,39.18,36.51,0.22,-1,-1,-1
140,1533,1760.99,353.68,130.90,56.88,0.81,-1,-1,-1
140,1534,846.57,543.11,59.83,122.80,0.85,-1,-1,-1
140,1538,1837.60,276.41,54.14,55.41,0.76,-1,-1,-1
140,1540,1149.85,167.25,16.79,32.42,0.44,-1,-1,-1
140,1541,1583.97,271.00,48.72,25.14,0.67,-1,-1,-1
140,1542,784.93,73.60,138.19,126.57,0.84,-1,-1,-1
140,1529,1587.70,0.00,24.69,30.63,0.56,-1,-1,-1
140,1544,508.99,251.37,44.69,27.70,0.42,-1,-1,-1
141,1473,1315.59,346.14,145.86,58.70,0.81,-1,-1,-1
141,1475,1692.03,655.80,112.86,111.10,0.93,-1,-1,-1
141,1476,38.87,449.96,132.31,55.74,0.86,-1,-1,-1
141,1482,1243.87,267.14,113.73,58.95,0.79,-1,-1,-1
141,1487,1847.61,643.18,56.39,117.19,0.73,-1,-1,-1
141,1491,214.40,444.55,132.58,58.56,0.85,-1,-1,-1
141,1492,1788.29,677.77,100.55,102.28,0.62,-1,-1,-1
141,1493,365.62,445.78,119.13,56.84,0.83,-1,-1,-1
141,1495,1722.85,585.52,112.96,57.24,0.66,-1,-1,-1
141,1496,1492.86,356.83,108.58,51.97,0.82,-1,-1,-1
141,1497,1788.27,457.80,115.73,58.10,0.80,-1,-1,-1
141,1498,1165.36,283.93,51.67,35.12,0.53,-1,-1,-1
141,1499,1242.35,0.00,67.61,20.19,0.25,-1,-1,-1
141,1503,1143.91,263.81,35.25,34.52,0.21,-1,-1,-1
141,1505,596.36,528.18,47.27,33.50,0.15,-1,-1,-1
141,1507,1660.61,744.80,30.32,42.32,0.26,-1,-1,-1
141,1509,1432.29,60.69,40.87,37.98,0.65,-1,-1,-1
141,1510,1452.52,113.11,24.95,38.81,0.58,-1,-1,-1
141,1514,1420.90,740.21,117.68,68.04,0.77,-1,-1,-1
141,1515,1084.98,25.05,21.00,39.58,0.37,-1,-1,-1
141,1516,949.11,2.68,17.30,31.04,0.18,-1,-1,-1
141,1518,943.02,128.65,54.57,107.45,0.85,-1,-1,-1
141,1520,858.81,831.88,61.15,131.27,0.84,-1,-1,-1
141,1521,1060.90,76.79,20.14,37.66,0.46,-1,-1,-1
141,1523,1330.45,317.81,37.73,32.58,0.48,-1,-1,-1
141,1527,961.10,392.27,55.68,112.70,0.82,-1,-1,-1
141,1528,1610.60,351.35,57.97,32.73,0.32,-1,-1,-1
141,1506,1483.40,94.44,40.48,37.88,0.12,-1,-1,-1
141,1533,1763.36,354.17,128.40,55.44,0.84,-1,-1,-1
141,1534,846.37,551.48,60.05,123.69,0.87,-1,-1,-1
141,1538,1835.10,275.27,57.20,56.17,0.77,-1,-1,-1
141,1540,1150.16,166.36,16.82,32.47,0.42,-1,-1,-1
141,1541,1579.54,269.62,47.86,24.62,0.48,-1,-1,-1
141,1542,788.16,87.07,132.13,127.35,0.84,-1,-1,-1
141,1529,1587.69,0.00,24.30,28.36,0.42,-1,-1,-1
141,1544,499.11,251.22,45.31,27.97,0.52,-1,-1,-1
142,1473,1315.90,345.42,146.83,59.19,0.81,-1,-1,-1
142,1475,1693.32,656.05,112.76,110.80,0.94,-1,-1,-1
142,1476,37.88,450.07,132.31,55.53,0.86,-1,-1,-1
142,1482,1244.09,266.75,113.05,58.53,0.79,-1,-1,-1
142,1487,1848.43,642.64,55.57,116.66,0.73,-1,-1,-1
142,1491,214.02,444.26,132.72,58.66,0.85,-1,-1,-1
142,1492,1790.19,678.23,99.53,101.30,0.66,-1,-1,-1
142,1493,364.29,445.70,119.07,56.85,0.83,-1,-1,-1
142,1495,1723.61,585.33,113.44,57.23,0.67,-1,-1,-1
142,1496,1492.63,356.36,109.54,52.38,0.82,-1,-1,-1
142,1497,1798.93,458.17,105.07,57.88,0.72,-1,-1,-1
142,1498,1164.80,282.43,53.08,36.32,0.56,-1,-1,-1
142,1499,1242.76,0.00,67.39,19.21,0.11,-1,-1,-1
142,1503,1144.41,263.28,35.86,34.96,0.15,-1,-1,-1
142,1505,596.26,527.19,46.40,32.85,0.43,-1,-1,-1
142,1507,1661.60,744.78,30.20,42.38,0.21,-1,-1,-1
142,1509,1433.23,59.96,41.23,38.21,0.62,-1,-1,-1
142,1510,1452.71,112.18,25.03,38.94,0.59,-1,-1,-1
142,1514,1421.27,740.18,117.00,67.63,0.81,-1,-1,-1
142,1515,1084.95,17.53,20.79,39.20,0.36,-1,-1,-1
142,1518,942.13,118.80,55.06,108.37,0.88,-1,-1,-1
142,1520,859.24,836.72,60.96,130.77,0.82,-1,-1,-1
142,1521,1060.47,67.40,20.61,38.65,0.49,-1,-1,-1
142,1523,1329.57,318.35,36.76,31.65,0.50,-1,-1,-1
142,1527,960.76,381.97,56.23,114.07,0.90,-1,-1,-1
142,1528,1612.91,349.26,61.27,34.20,0.29,-1,-1,-1
142,1506,1484.33,94.06,41.68,39.29,0.21,-1,-1,-1
142,1533,1762.04,352.16,132.59,57.22,0.79,-1,-1,-1
142,1534,846.71,560.70,59.63,123.36,0.85,-1,-1,-1
142,1538,1830.34,273.33,61.64,58.15,0.84,-1,-1,-1
142,1540,1150.61,165.80,16.52,31.81,0.35,-1,-1,-1
142,1541,1576.36,268.82,47.60,24.51,0.62,-1,-1,-1
142,1542,792.31,100.05,123.82,125.31,0.85,-1,-1,-1
142,1529,1586.69,0.00,24.16,27.22,0.30,-1,-1,-1
142,1544,491.07,251.41,45.16,27.73,0.52,-1,-1,-1
143,1473,1316.24,345.63,146.30,58.99,0.81,-1,-1,-1
143,1475,1694.02,655.98,112.70,110.59,0.93,-1,-1,-1
143,1476,37.05,449.89,132.78,55.55,0.85,-1,-1,-1
143,1482,1244.03,266.38,113.15,58.55,0.80,-1,-1,-1
143,1487,1849.92,642.17,54.08,114.33,0.72,-1,-1,-1
143,1491,213.24,443.59,133.51,59.13,0.84,-1,-1,-1
143,1492,1791.27,678.14,99.44,101.28,0.64,-1,-1,-1
143,1493,363.70,445.52,119.26,56.98,0.83,-1,-1,-1
143,1495,1724.57,585.79,112.16,56.21,0.65,-1,-1,-1
143,1496,1492.61,355.98,110.23,52.70,0.82,-1,-1,-1
143,1497,1810.14,458.10,93.86,57.57,0.72,-1,-1,-1
143,1498,1166.37,282.35,52.14,35.90,0.58,-1,-1,-1
143,1499,1242.67,0.00,67.35,18.36,0.14,-1,-1,-1
143,1503,1145.94,260.79,34.96,34.56,0.19,-1,-1,-1
143,1505,596.13,526.86,45.62,32.21,0.41,-1,-1,-1
143,1507,1661.26,744.56,32.71,46.36,0.24,-1,-1,-1
143,1509,1433.65,59.29,41.16,38.03,0.63,-1,-1,-1
143,1510,1453.07,111.45,25.29,39.39,0.56,-1,-1,-1
143,1514,1421.41,740.09,116.94,67.58,0.82,-1,-1,-1
143,1515,1084.68,9.04,21.23,40.13,0.41,-1,-1,-1
143,1518,942.71,110.24,54.53,107.19,0.84,-1,-1,-1
143,1520,859.17,840.78,61.26,131.64,0.80,-1,-1,-1
143,1521,1060.66,61.46,19.73,36.90,0.39,-1,-1,-1
143,1523,1328.31,319.26,36.08,30.90,0.51,-1,-1,-1
143,1527,960.96,374.65,55.42,112.30,0.81,-1,-1,-1
143,1528,1615.47,346.66,65.63,36.14,0.11,-1,-1,-1
143,1506,1484.52,93.79,38.77,36.60,0.24,-1,-1,-1
143,1533,1760.68,349.99,136.16,58.87,0.80,-1,-1,-1
143,1534,846.53,569.86,60.02,123.91,0.89,-1,-1,-1
143,1538,1826.70,271.78,65.39,59.40,0.85,-1,-1,-1
143,1540,1150.87,165.42,16.70,32.14,0.33,-1,-1,-1
143,1541,1569.87,267.34,48.93,25.15,0.44,-1,-1,-1
143,1542,794.84,113.56,118.85,126.28,0.86,-1,-1,-1
143,1544,483.34,251.73,44.49,27.15,0.47,-1,-1,-1
144,1473,1315.23,344.83,148.27,59.89,0.80,-1,-1,-1
144,1475,1693.87,654.76,113.50,111.24,0.93,-1,-1,-1
144,1476,34.76,448.17,136.36,57.18,0.85,-1,-1,-1
144,1482,1241.56,264.80,118.55,61.54,0.85,-1,-1,-1
144,1487,1851.29,641.74,52.71,112.91,0.72,-1,-1,-1
144,1491,209.44,441.51,136.98,61.01,0.84,-1,-1,-1
144,1492,1789.77,673.51,102.69,104.87,0.71,-1,-1,-1
144,1493,362.84,444.32,119.54,57.14,0.82,-1,-1,-1
144,1495,1723.69,584.51,113.53,56.65,0.61,-1,-1,-1
144,1496,1492.33,354.97,110.66,52.92,0.80,-1,-1,-1
144,1497,1823.04,459.59,80.96,54.73,0.75,-1,-1,-1
144,1498,1166.38,281.45,52.39,36.40,0.54,-1,-1,-1
144,1503,1144.34,261.58,35.63,35.55,0.19,-1,-1,-1
144,1505,594.96,525.90,45.86,32.49,0.36,-1,-1,-1
144,1507,1661.19,743.64,30.53,43.71,0.36,-1,-1,-1
144,1509,1433.74,58.99,40.75,37.50,0.68,-1,-1,-1
144,1510,1453.06,110.78,25.35,39.61,0.57,-1,-1,-1
144,1514,1421.29,739.22,117.27,67.83,0.81,-1,-1,-1
144,1515,1084.51,4.02,20.38,38.54,0.41,-1,-1,-1
144,1518,941.85,100.86,54.86,107.62,0.89,-1,-1,-1
144,1520,858.64,844.49,61.50,132.54,0.81,-1,-1,-1
144,1521,1060.06,53.82,19.92,37.16,0.55,-1,-1,-1
144,1523,1326.24,318.74,35.37,29.84,0.57,-1,-1,-1
144,1527,960.00,363.95,55.75,112.74,0.87,-1,-1,-1
144,1506,1485.22,92.92,35.21,33.17,0.34,-1,-1,-1
144,1533,1760.78,349.93,135.66,58.64,0.79,-1,-1,-1
144,1534,846.12,577.86,60.12,124.28,0.87,-1,-1,-1
144,1538,1824.26,271.76,66.70,57.96,0.83,-1,-1,-1
144,1540,1150.63,164.47,16.75,32.28,0.35,-1,-1,-1
144,1541,1564.77,265.90,48.69,24.99,0.51,-1,-1,-1
144,1542,797.45,127.70,112.47,125.25,0.84,-1,-1,-1
144,1544,473.64,251.47,45.14,27.43,0.34,-1,-1,-1
145,1473,1314.86,344.00,148.74,60.19,0.81,-1,-1,-1
145,1475,1693.78,653.87,113.92,111.57,0.93,-1,-1,-1
145,1476,34.43,447.19,136.55,57.39,0.85,-1,-1,-1
145,1482,1240.52,263.78,120.34,62.65,0.86,-1,-1,-1
145,1487,1851.94,640.95,52.06,112.53,0.71,-1,-1,-1
145,1491,210.61,441.54,134.21,59.97,0.84,-1,-1,-1
145,1492,1788.89,670.67,104.28,106.88,0.71,-1,-1,-1
145,1493,361.80,442.56,121.01,57.97,0.80,-1,-1,-1
145,1495,1722.60,583.23,115.30,57.35,0.59,-1,-1,-1
145,1496,1492.73,354.07,110.24,52.72,0.79,-1,-1,-1
145,1497,1834.09,460.47,69.91,52.67,0.62,-1,-1,-1
145,1498,1168.08,282.56,49.74,34.29,0.23,-1,-1,-1
145,1503,1142.82,261.02,38.30,38.37,0.17,-1,-1,-1
145,1505,594.23,525.21,45.39,32.12,0.33,-1,-1,-1
145,1507,1661.88,743.21,29.27,41.93,0.36,-1,-1,-1
145,1509,1433.40,57.46,40.84,37.61,0.66,-1,-1,-1
145,1510,1453.10,109.72,25.22,39.38,0.58,-1,-1,-1
145,1514,1422.34,738.52,116.54,67.31,0.75,-1,-1,-1
145,1515,1084.26,0.00,19.06,34.57,0.45,-1,-1,-1
145,1518,941.76,91.37,54.88,107.48,0.84,-1,-1,-1
145,1520,858.31,849.00,61.51,132.70,0.79,-1,-1,-1
145,1521,1059.15,43.39,20.50,38.34,0.61,-1,-1,-1
145,1523,1324.03,318.13,35.81,29.73,0.59,-1,-1,-1
145,1527,959.68,355.19,55.39,111.51,0.88,-1,-1,-1
145,1506,1484.56,91.75,35.89,34.01,0.34,-1,-1,-1
145,1533,1759.23,347.79,139.55,60.64,0.78,-1,-1,-1
145,1534,845.76,585.71,60.13,124.78,0.84,-1,-1,-1
145,1538,1821.20,270.94,69.02,57.43,0.81,-1,-1,-1
145,1540,1150.60,163.38,16.51,31.75,0.34,-1,-1,-1
145,1541,1559.43,265.08,49.14,25.06,0.50,-1,-1,-1
145,1542,800.06,140.82,107.10,124.61,0.85,-1,-1,-1
145,1544,464.01,250.54,47.23,28.66,0.44,-1,-1,-1
146,1473,1314.78,343.15,148.54,60.21,0.80,-1,-1,-1
146,1475,1693.13,653.64,114.43,112.11,0.93,-1,-1,-1
146,1476,32.36,444.01,141.07,59.68,0.85,-1,-1,-1
146,1482,1242.16,263.70,116.44,60.56,0.81,-1,-1,-1
146,1487,1851.49,640.65,52.51,115.11,0.72,-1,-1,-1
146,1491,209.35,439.79,135.69,60.89,0.84,-1,-1,-1
146,1492,1789.74,674.37,101.52,104.07,0.66,-1,-1,-1
146,1493,360.59,440.62,123.43,59.38,0.80,-1,-1,-1
146,1495,1721.80,582.65,116.46,57.79,0.64,-1,-1,-1
146,1496,1493.45,353.95,108.94,52.02,0.79,-1,-1,-1
146,1498,1165.24,279.26,52.77,36.78,0.53,-1,-1,-1
146,1503,1142.54,260.42,38.28,38.25,0.24,-1,-1,-1
146,1505,593.05,525.11,44.42,31.32,0.27,-1,-1,-1
146,1507,1661.54,743.27,28.76,41.27,0.32,-1,-1,-1
146,1509,1433.26,57.04,40.83,37.51,0.64,-1,-1,-1
146,1510,1452.49,108.48,25.45,39.82,0.60,-1,-1,-1
146,1514,1422.02,738.05,117.57,67.83,0.73,-1,-1,-1
146,1515,1084.91,0.00,16.30,26.75,0.53,-1,-1,-1
146,1518,941.27,82.27,54.52,106.54,0.86,-1,-1,-1
146,1520,858.47,853.02,61.04,131.76,0.83,-1,-1,-1
146,1521,1058.73,34.56,20.54,38.44,0.50,-1,-1,-1
146,1523,1321.93,317.41,36.64,30.08,0.60,-1,-1,-1
146,1527,958.81,344.62,56.08,112.56,0.82,-1,-1,-1
146,1506,1485.01,90.94,36.40,34.55,0.34,-1,-1,-1
146,1533,1759.05,347.37,140.09,61.15,0.78,-1,-1,-1
146,1534,846.05,593.98,60.31,125.06,0.89,-1,-1,-1
146,1538,1818.28,270.96,70.98,56.47,0.82,-1,-1,-1
146,1540,1150.74,162.29,16.43,31.54,0.32,-1,-1,-1
146,1541,1554.18,264.43,49.33,25.05,0.39,-1,-1,-1
146,1542,801.56,153.10,102.99,125.14,0.83,-1,-1,-1
146,1544,455.95,250.02,47.01,28.44,0.52,-1,-1,-1
147,1473,1320.14,349.25,147.63,59.76,0.88,-1,-1,-1
147,1475,1692.24,667.93,116.22,114.18,0.91,-1,-1,-1
147,1476,38.44,430.70,136.81,57.86,0.86,-1,-1,-1
147,1482,1247.04,266.85,115.99,60.48,0.78,-1,-1,-1
147,1487,1852.33,657.76,51.67,117.17,0.69,-1,-1,-1
147,1491,215.20,429.52,132.89,59.53,0.85,-1,-1,-1
147,1492,1790.62,691.71,102.78,105.82,0.66,-1,-1,-1
147,1493,364.89,431.90,124.39,59.91,0.82,-1,-1,-1
147,1495,1717.48,594.16,123.64,61.81,0.66,-1,-1,-1
147,1496,1497.51,361.71,111.52,53.48,0.83,-1,-1,-1
147,1498,1171.67,281.94,52.62,36.86,0.55,-1,-1,-1
147,1503,1146.44,263.95,36.84,36.94,0.24,-1,-1,-1
147,1509,1440.31,61.22,41.43,38.08,0.78,-1,-1,-1
147,1514,1420.15,747.71,119.69,69.17,0.64,-1,-1,-1
147,1518,948.19,72.42,55.19,107.85,0.82,-1,-1,-1
147,1520,854.27,856.28,60.75,131.15,0.83,-1,-1,-1
147,1527,963.21,334.51,56.63,113.81,0.88,-1,-1,-1
147,1533,1760.99,359.80,143.01,63.40,0.76,-1,-1,-1
147,1534,846.38,600.26,60.68,125.79,0.88,-1,-1,-1
147,1538,1817.17,282.55,74.81,57.92,0.76,-1,-1,-1
147,1542,809.58,165.03,98.92,125.37,0.85,-1,-1,-1
148,1473,1330.48,367.33,156.79,63.92,0.84,-1,-1,-1
148,1475,1690.80,706.34,118.44,117.33,0.91,-1,-1,-1
148,1482,1263.07,280.91,119.81,62.80,0.85,-1,-1,-1
148,1493,378.66,410.34,120.39,57.92,0.86,-1,-1,-1
148,1498,1169.37,280.69,48.45,34.69,0.20,-1,-1,-1
148,1520,842.80,857.29,60.86,131.08,0.84,-1,-1,-1
148,1527,977.26,329.48,55.84,112.23,0.89,-1,-1,-1
148,1533,1783.61,344.80,120.39,66.54,0.81,-1,-1,-1
148,1534,847.80,606.01,60.33,124.45,0.85,-1,-1,-1
148,1542,829.74,174.83,95.59,125.99,0.86,-1,-1,-1
148,1525,582.11,990.16,142.07,70.30,0.58,-1,-1,-1
148,1506,1480.46,93.23,38.25,35.85,0.56,-1,-1,-1
149,1475,1728.05,718.10,97.64,91.63,0.77,-1,-1,-1
149,1520,827.94,856.09,61.01,130.29,0.85,-1,-1,-1
149,1534,850.19,609.89,60.66,123.68,0.85,-1,-1,-1
149,1542,861.86,186.22,92.43,125.79,0.84,-1,-1,-1
150,1520,806.14,851.34,62.41,129.83,0.86,-1,-1,-1
150,1534,852.70,611.56,62.32,124.65,0.86,-1,-1,-1
150,1473,1308.94,360.91,188.67,80.59,0.81,-1,-1,-1
151,1520,780.63,842.12,64.37,128.35,0.87,-1,-1,-1
151,1534,855.29,613.44,63.97,123.77,0.86,-1,-1,-1
151,1586,839.16,865.30,130.43,205.70,0.69,-1,-1,-1
151,1492,1829.02,717.04,74.98,88.44,0.72,-1,-1,-1
152,1520,755.67,829.98,65.56,123.80,0.88,-1,-1,-1
152,1534,855.82,615.80,65.82,121.93,0.85,-1,-1,-1
152,1525,566.98,981.87,154.40,87.64,0.61,-1,-1,-1
153,1520,730.74,814.13,68.84,122.96,0.86,-1,-1,-1
153,1534,857.20,619.12,67.40,117.58,0.86,-1,-1,-1
153,1525,528.33,958.71,172.49,109.41,0.75,-1,-1,-1
154,1520,708.69,796.40,70.29,116.85,0.81,-1,-1,-1
154,1534,857.89,620.61,68.99,112.39,0.87,-1,-1,-1
154,1525,495.43,927.67,174.13,119.51,0.80,-1,-1,-1
155,1520,690.66,776.40,70.51,108.25,0.84,-1,-1,-1
155,1534,858.77,622.39,70.77,107.26,0.88,-1,-1,-1
156,1520,673.15,755.78,71.01,100.55,0.90,-1,-1,-1
156,1534,859.14,625.81,70.93,99.22,0.89,-1,-1,-1
156,1657,698.03,949.60,124.74,99.75,0.87,-1,-1,-1
156,1495,1687.03,594.95,188.77,101.62,0.56,-1,-1,-1
156,1496,1447.37,344.55,179.62,92.33,0.88,-1,-1,-1
156,1514,1414.30,770.53,181.52,114.35,0.70,-1,-1,-1
156,1538,1750.91,263.38,115.04,90.02,0.86,-1,-1,-1
157,1520,661.12,731.43,71.24,92.18,0.89,-1,-1,-1
157,1534,860.03,629.17,69.07,87.96,0.90,-1,-1,-1
157,1657,675.85,927.98,118.65,94.55,0.88,-1,-1,-1
158,1520,652.46,704.62,69.20,81.19,0.89,-1,-1,-1
158,1534,861.33,631.37,66.20,75.90,0.87,-1,-1,-1
158,1657,654.04,899.20,108.10,85.35,0.84,-1,-1,-1
158,1518,953.44,0.00,53.42,93.60,0.74,-1,-1,-1
159,1520,648.21,678.21,65.30,68.08,0.83,-1,-1,-1
159,1534,861.91,633.17,64.03,65.64,0.86,-1,-1,-1
159,1657,638.50,866.96,96.37,74.76,0.83,-1,-1,-1
160,1534,862.44,629.76,64.89,59.62,0.80,-1,-1,-1
160,1657,618.90,830.28,104.63,80.03,0.78,-1,-1,-1
160,1537,1637.84,726.08,76.45,60.39,0.63,-1,-1,-1
161,1534,860.41,623.71,72.32,61.67,0.88,-1,-1,-1
161,1657,611.74,799.73,95.09,70.79,0.79,-1,-1,-1
162,1534,856.53,614.56,84.84,69.49,0.85,-1,-1,-1
162,1657,601.39,760.14,104.62,76.74,0.86,-1,-1,-1
162,1723,0.00,427.20,71.12,63.24,0.69,-1,-1,-1
162,1491,179.61,397.28,157.64,73.84,0.82,-1,-1,-1
163,1534,853.26,604.28,97.96,78.37,0.85,-1,-1,-1
163,1657,592.14,720.57,118.95,86.94,0.86,-1,-1,-1
163,1729,639.04,544.38,137.82,78.13,0.84,-1,-1,-1
163,1482,1254.41,278.30,190.19,114.53,0.83,-1,-1,-1
164,1534,854.46,596.16,106.56,84.57,0.85,-1,-1,-1
164,1657,590.12,685.54,126.95,92.83,0.83,-1,-1,-1
164,1729,646.87,513.08,153.29,87.30,0.84,-1,-1,-1
164,1493,333.87,354.33,152.82,78.48,0.84,-1,-1,-1
164,1473,1279.43,337.96,237.13,116.62,0.86,-1,-1,-1
165,1534,854.38,585.40,117.48,93.95,0.83,-1,-1,-1
165,1657,588.31,647.83,140.21,103.76,0.85,-1,-1,-1
165,1729,660.67,480.09,164.34,94.36,0.81,-1,-1,-1
165,1755,1132.92,768.63,133.29,99.36,0.83,-1,-1,-1
165,1723,0.00,382.88,137.73,126.30,0.72,-1,-1,-1
166,1534,855.18,574.49,126.81,103.24,0.85,-1,-1,-1
166,1657,591.56,613.22,149.28,112.53,0.78,-1,-1,-1
166,1729,679.89,450.31,172.80,100.57,0.84,-1,-1,-1
166,1755,1102.18,787.81,147.99,110.87,0.82,-1,-1,-1
166,1496,1463.98,369.09,200.41,114.96,0.76,-1,-1,-1
167,1534,861.55,566.94,130.39,108.86,0.84,-1,-1,-1
167,1657,602.19,582.90,153.24,118.38,0.82,-1,-1,-1
167,1729,702.06,424.16,181.68,107.84,0.89,-1,-1,-1
167,1755,1068.80,808.17,158.62,120.01,0.84,-1,-1,-1
168,1534,867.65,560.44,132.83,114.38,0.85,-1,-1,-1
168,1657,614.52,553.77,156.60,124.83,0.84,-1,-1,-1
168,1729,727.19,400.03,186.80,113.80,0.85,-1,-1,-1
168,1755,1035.46,825.14,163.64,125.66,0.90,-1,-1,-1
169,1534,876.26,554.34,132.56,118.61,0.87,-1,-1,-1
169,1657,631.86,530.14,154.70,127.76,0.84,-1,-1,-1
169,1729,757.25,381.11,187.74,118.14,0.87,-1,-1,-1
169,1755,1004.04,838.26,164.37,128.88,0.85,-1,-1,-1
169,1495,1711.72,583.40,166.85,96.30,0.87,-1,-1,-1
170,1534,887.67,547.94,131.09,122.66,0.86,-1,-1,-1
170,1657,653.27,508.64,150.20,129.50,0.86,-1,-1,-1
170,1729,792.35,366.27,184.01,120.23,0.84,-1,-1,-1
170,1755,974.16,846.11,163.74,132.06,0.91,-1,-1,-1
170,1514,1440.82,805.58,116.84,72.31,0.87,-1,-1,-1
170,1520,518.73,489.03,91.38,101.83,0.64,-1,-1,-1
171,1534,902.17,545.53,125.62,123.39,0.89,-1,-1,-1
171,1657,676.68,489.72,145.63,131.88,0.85,-1,-1,-1
171,1729,830.50,355.98,179.96,123.07,0.80,-1,-1,-1
171,1755,947.15,851.18,159.40,133.08,0.89,-1,-1,-1
171,1475,1751.04,830.44,98.09,81.65,0.74,-1,-1,-1
172,1534,918.88,544.70,119.44,123.49,0.89,-1,-1,-1
172,1657,702.42,474.66,138.15,132.23,0.85,-1,-1,-1
172,1755,922.90,852.45,153.99,133.57,0.87,-1,-1,-1
173,1534,935.95,545.52,114.67,123.92,0.88,-1,-1,-1
173,1657,728.76,463.46,129.95,130.96,0.86,-1,-1,-1
173,1755,901.16,850.33,147.33,132.89,0.85,-1,-1,-1
173,1527,1009.82,159.52,60.11,117.29,0.88,-1,-1,-1
174,1534,952.25,548.61,110.85,124.14,0.88,-1,-1,-1
174,1657,756.09,455.60,123.45,129.71,0.86,-1,-1,-1
174,1755,879.93,845.32,140.91,131.71,0.82,-1,-1,-1
174,1852,46.10,545.01,80.68,83.81,0.79,-1,-1,-1
175,1534,968.06,554.62,108.13,123.68,0.86,-1,-1,-1
175,1657,781.72,450.87,118.33,128.42,0.87,-1,-1,-1
175,1755,860.95,837.76,134.59,129.40,0.88,-1,-1,-1
175,1723,105.95,345.91,143.98,115.80,0.83,-1,-1,-1
176,1534,982.48,564.10,105.96,122.54,0.90,-1,-1,-1
176,1657,807.47,449.38,113.69,125.67,0.88,-1,-1,-1
176,1755,843.93,828.83,128.19,125.77,0.87,-1,-1,-1
176,1723,103.37,334.22,118.17,94.61,0.81,-1,-1,-1
176,1729,907.86,254.03,171.06,123.12,0.88,-1,-1,-1
177,1534,997.73,575.55,102.59,118.32,0.90,-1,-1,-1
177,1657,831.82,451.09,109.34,121.40,0.87,-1,-1,-1
177,1755,828.83,817.13,124.19,123.64,0.91,-1,-1,-1
177,1894,1100.75,422.90,86.94,118.30,0.89,-1,-1,-1
177,1729,948.91,258.42,162.90,122.11,0.85,-1,-1,-1
177,1510,1445.73,76.19,40.59,54.99,0.68,-1,-1,-1
178,1534,1012.86,589.07,100.32,114.11,0.83,-1,-1,-1
178,1657,855.99,456.13,104.85,115.58,0.85,-1,-1,-1
178,1755,817.32,805.61,117.40,117.26,0.87,-1,-1,-1
178,1894,1133.62,450.17,82.17,111.10,0.85,-1,-1,-1
178,1729,996.14,275.55,152.50,117.24,0.86,-1,-1,-1
178,1916,5.56,343.25,71.54,114.24,0.79,-1,-1,-1
178,1482,1253.61,309.29,173.39,120.43,0.87,-1,-1,-1
179,1534,1026.00,608.11,96.52,106.84,0.90,-1,-1,-1
179,1657,878.41,463.96,101.08,109.60,0.87,-1,-1,-1
179,1755,810.21,792.96,111.82,110.84,0.84,-1,-1,-1
179,1894,1167.85,488.56,77.84,103.82,0.89,-1,-1,-1
179,1729,1045.43,303.99,139.96,109.09,0.91,-1,-1,-1
179,1933,19.54,236.72,120.18,113.18,0.90,-1,-1,-1
179,1491,198.35,364.19,175.99,96.49,0.85,-1,-1,-1
179,1473,1286.01,365.18,200.96,115.12,0.88,-1,-1,-1
179,1723,166.45,309.74,84.62,69.23,0.75,-1,-1,-1
180,1534,1038.37,629.33,91.99,97.92,0.90,-1,-1,-1
180,1657,898.43,472.12,98.77,104.40,0.84,-1,-1,-1
180,1755,804.49,782.97,104.04,101.11,0.85,-1,-1,-1
180,1894,1196.08,530.08,73.59,95.68,0.88,-1,-1,-1
180,1942,398.20,5.39,68.93,105.95,0.74,-1,-1,-1
180,1945,1807.91,0.00,94.91,53.19,0.67,-1,-1,-1
180,1946,87.69,135.94,115.65,116.52,0.83,-1,-1,-1
180,1947,1493.41,331.25,105.20,89.89,0.83,-1,-1,-1
180,1493,251.68,283.61,168.55,100.72,0.71,-1,-1,-1
180,1496,1537.79,397.70,147.55,88.83,0.80,-1,-1,-1
181,1534,1048.47,653.26,86.70,87.50,0.91,-1,-1,-1
181,1657,918.68,485.89,93.03,94.30,0.89,-1,-1,-1
181,1755,801.32,772.86,97.11,91.29,0.85,-1,-1,-1
181,1894,1221.29,576.03,67.10,83.86,0.90,-1,-1,-1
181,1957,1615.09,34.07,115.89,94.87,0.67,-1,-1,-1
181,1959,170.17,45.00,105.22,118.54,0.83,-1,-1,-1
181,1496,1529.67,419.06,131.77,82.49,0.87,-1,-1,-1
181,1520,380.77,334.84,121.99,141.93,0.52,-1,-1,-1
182,1534,1057.71,678.56,81.09,76.43,0.89,-1,-1,-1
182,1657,938.71,500.27,85.67,81.65,0.87,-1,-1,-1
182,1755,799.99,763.06,90.28,81.19,0.82,-1,-1,-1
182,1894,1240.34,624.52,61.89,72.94,0.90,-1,-1,-1
182,1974,1572.14,514.18,117.60,74.42,0.89,-1,-1,-1
182,1977,271.03,0.00,84.23,83.19,0.80,-1,-1,-1
182,1495,1802.17,592.68,101.83,82.67,0.76,-1,-1,-1
183,1534,1063.02,704.81,76.26,66.28,0.84,-1,-1,-1
183,1657,956.30,516.65,77.78,68.26,0.92,-1,-1,-1
183,1755,802.75,753.55,81.51,68.94,0.74,-1,-1,-1
183,1894,1251.04,675.18,58.26,63.83,0.86,-1,-1,-1
183,1993,1601.29,614.94,112.04,64.52,0.87,-1,-1,-1
183,1538,1666.65,228.94,157.29,126.87,0.68,-1,-1,-1
183,1537,1631.74,709.21,94.75,61.78,0.70,-1,-1,-1
184,1534,1062.59,730.30,76.96,61.93,0.84,-1,-1,-1
184,1657,971.29,531.73,73.05,58.31,0.79,-1,-1,-1
184,1755,806.31,742.81,76.88,60.45,0.75,-1,-1,-1
184,1894,1254.17,724.01,60.45,61.30,0.80,-1,-1,-1
184,1537,1620.92,715.79,100.80,62.16,0.79,-1,-1,-1
