1,123,693.23,613.83,145.50,125.48,0.88,-1,-1,-1
1,381,445.65,641.44,33.39,70.24,0.40,-1,-1,-1
2,123,684.78,608.76,152.94,129.05,0.87,-1,-1,-1
2,381,441.64,643.64,29.76,61.76,0.39,-1,-1,-1
2,399,408.26,985.33,368.79,229.75,0.94,-1,-1,-1
2,400,836.77,761.02,270.53,163.75,0.91,-1,-1,-1
2,401,1032.30,787.63,271.39,167.46,0.89,-1,-1,-1
2,402,1335.92,608.33,235.28,107.10,0.90,-1,-1,-1
2,403,994.81,592.13,261.23,113.76,0.89,-1,-1,-1
2,404,1118.07,686.33,284.20,118.36,0.90,-1,-1,-1
2,405,360.19,1242.18,312.09,267.84,0.88,-1,-1,-1
2,406,1907.45,519.31,206.33,88.86,0.89,-1,-1,-1
2,407,2267.55,433.05,145.58,77.54,0.89,-1,-1,-1
2,408,0.00,1004.40,243.06,193.84,0.86,-1,-1,-1
2,409,416.85,419.98,175.64,99.55,0.86,-1,-1,-1
2,410,1088.66,462.93,206.60,78.41,0.87,-1,-1,-1
2,411,2168.41,401.55,109.93,76.06,0.87,-1,-1,-1
2,412,175.42,402.50,197.85,75.92,0.86,-1,-1,-1
2,413,711.92,386.97,98.76,79.26,0.83,-1,-1,-1
2,414,509.93,582.01,135.35,124.87,0.84,-1,-1,-1
2,415,2251.88,360.71,107.66,75.14,0.79,-1,-1,-1
2,416,2089.25,384.05,118.43,75.00,0.79,-1,-1,-1
2,417,799.22,1306.50,168.51,138.04,0.87,-1,-1,-1
2,418,2493.26,251.02,80.25,57.31,0.82,-1,-1,-1
2,419,1228.76,1311.42,90.58,121.11,0.71,-1,-1,-1
2,420,2599.10,180.94,85.90,76.97,0.76,-1,-1,-1
2,421,2528.66,199.22,64.32,49.92,0.71,-1,-1,-1
2,422,2430.68,247.32,80.31,50.02,0.76,-1,-1,-1
2,423,671.80,330.76,71.77,66.40,0.73,-1,-1,-1
2,424,2441.05,291.29,63.15,55.79,0.70,-1,-1,-1
2,425,872.84,1103.17,93.12,116.30,0.80,-1,-1,-1
2,426,496.20,212.98,61.79,58.00,0.70,-1,-1,-1
2,427,1671.08,1330.65,90.47,150.86,0.66,-1,-1,-1
2,428,1339.40,1094.10,104.09,130.13,0.76,-1,-1,-1
2,429,1656.93,1369.73,111.51,129.91,0.59,-1,-1,-1
2,430,519.62,520.02,35.43,52.03,0.65,-1,-1,-1
2,431,698.53,1166.42,68.25,148.23,0.67,-1,-1,-1
2,432,807.11,906.43,49.29,105.62,0.71,-1,-1,-1
2,433,959.95,966.35,73.12,110.46,0.64,-1,-1,-1
2,434,1449.55,679.78,41.03,82.41,0.67,-1,-1,-1
2,435,2263.17,320.73,89.18,46.72,0.54,-1,-1,-1
2,436,444.31,535.20,55.97,55.23,0.66,-1,-1,-1
2,438,1275.90,994.05,106.89,116.16,0.63,-1,-1,-1
2,439,1393.87,703.65,45.13,95.20,0.61,-1,-1,-1
2,440,2107.34,1047.38,75.85,107.40,0.73,-1,-1,-1
2,441,1404.71,545.05,30.69,62.00,0.62,-1,-1,-1
2,442,517.55,294.31,28.19,56.09,0.63,-1,-1,-1
2,443,2010.71,1233.79,78.70,134.46,0.54,-1,-1,-1
2,444,2403.06,318.55,54.87,55.47,0.64,-1,-1,-1
2,445,1885.23,395.81,31.27,65.67,0.57,-1,-1,-1
3,123,679.73,606.29,158.41,131.22,0.87,-1,-1,-1
3,381,438.07,643.56,29.80,61.35,0.43,-1,-1,-1
3,399,401.54,988.80,365.67,227.62,0.94,-1,-1,-1
3,400,833.35,758.90,272.69,165.07,0.90,-1,-1,-1
3,401,1030.36,786.98,270.33,166.71,0.89,-1,-1,-1
3,402,1341.51,607.10,235.55,107.26,0.89,-1,-1,-1
3,403,1001.79,592.86,257.98,112.40,0.88,-1,-1,-1
3,404,1115.25,685.67,282.13,117.51,0.92,-1,-1,-1
3,405,346.44,1232.92,323.41,277.61,0.86,-1,-1,-1
3,406,1914.88,516.65,206.80,89.05,0.88,-1,-1,-1
3,407,2271.87,428.93,145.98,77.79,0.85,-1,-1,-1
3,408,0.00,1005.29,237.26,192.60,0.86,-1,-1,-1
3,409,420.82,420.60,174.40,98.84,0.86,-1,-1,-1
3,410,1101.34,461.34,212.16,80.55,0.88,-1,-1,-1
3,411,2166.31,401.53,109.65,75.83,0.85,-1,-1,-1
3,412,178.71,402.77,197.47,75.76,0.85,-1,-1,-1
3,413,709.83,387.16,98.21,78.62,0.83,-1,-1,-1
3,414,509.56,583.11,136.97,126.37,0.85,-1,-1,-1
3,415,2249.97,359.58,108.69,75.99,0.79,-1,-1,-1
3,416,2086.21,384.81,114.60,72.59,0.77,-1,-1,-1
3,417,793.72,1300.33,170.55,139.78,0.86,-1,-1,-1
3,418,2489.68,249.70,82.32,58.84,0.77,-1,-1,-1
3,419,1221.73,1304.27,91.66,121.95,0.63,-1,-1,-1
3,420,2596.81,180.75,86.13,77.08,0.77,-1,-1,-1
3,421,2526.19,199.38,63.38,49.21,0.61,-1,-1,-1
3,422,2425.94,247.84,80.34,50.04,0.70,-1,-1,-1
3,423,668.47,329.54,73.35,67.90,0.80,-1,-1,-1
3,424,2437.91,290.70,63.08,55.73,0.75,-1,-1,-1
3,425,869.23,1085.55,103.41,129.38,0.78,-1,-1,-1
3,426,492.97,211.67,62.57,58.83,0.74,-1,-1,-1
3,427,1674.19,1331.77,95.66,159.53,0.63,-1,-1,-1
3,428,1344.99,1096.45,105.03,131.37,0.82,-1,-1,-1
3,429,1670.87,1380.26,100.72,117.00,0.63,-1,-1,-1
3,430,519.25,522.13,34.99,51.33,0.63,-1,-1,-1
3,431,703.23,1166.01,67.59,146.70,0.66,-1,-1,-1
3,432,805.82,909.90,48.59,104.05,0.71,-1,-1,-1
3,433,956.64,963.06,74.50,112.44,0.69,-1,-1,-1
3,434,1445.66,677.98,40.77,81.84,0.65,-1,-1,-1
3,435,2258.88,319.34,88.03,46.11,0.56,-1,-1,-1
3,436,445.00,535.97,55.31,54.59,0.62,-1,-1,-1
3,438,1290.97,1004.87,99.32,107.86,0.62,-1,-1,-1
3,439,1392.36,703.88,45.05,95.07,0.65,-1,-1,-1
3,440,2109.62,1032.37,78.31,110.87,0.61,-1,-1,-1
3,441,1404.05,545.19,29.98,60.54,0.56,-1,-1,-1
3,442,515.87,296.14,27.16,54.03,0.58,-1,-1,-1
3,443,2018.05,1207.99,79.23,135.67,0.59,-1,-1,-1
3,444,2404.28,327.88,45.26,45.50,0.69,-1,-1,-1
3,445,1883.84,394.91,30.51,64.00,0.54,-1,-1,-1
3,446,1600.22,568.54,73.91,87.41,0.76,-1,-1,-1
3,447,1044.19,976.26,56.11,110.44,0.60,-1,-1,-1
3,448,2.20,1247.59,181.86,101.15,0.50,-1,-1,-1
3,449,866.73,916.89,54.13,110.41,0.57,-1,-1,-1
3,450,378.57,675.38,48.62,111.92,0.53,-1,-1,-1
3,451,1650.97,315.90,121.62,65.04,0.65,-1,-1,-1
4,123,677.03,606.83,161.35,131.31,0.87,-1,-1,-1
4,381,434.39,643.03,30.65,63.01,0.42,-1,-1,-1
4,399,385.67,994.98,364.65,226.74,0.93,-1,-1,-1
4,400,830.14,757.48,272.47,164.93,0.90,-1,-1,-1
4,401,1026.20,785.55,273.14,168.34,0.89,-1,-1,-1
4,402,1348.34,605.60,236.85,107.92,0.88,-1,-1,-1
4,403,1009.48,592.73,255.83,111.51,0.88,-1,-1,-1
4,404,1113.87,685.71,278.29,115.84,0.92,-1,-1,-1
4,405,334.74,1227.12,330.75,283.92,0.89,-1,-1,-1
4,406,1927.85,515.40,198.58,85.43,0.88,-1,-1,-1
4,407,2276.34,425.81,145.14,77.42,0.82,-1,-1,-1
4,408,0.00,1007.21,231.51,192.24,0.87,-1,-1,-1
4,409,425.36,421.85,175.02,99.19,0.86,-1,-1,-1
4,410,1118.23,461.98,211.11,80.20,0.90,-1,-1,-1
4,411,2163.14,400.73,110.66,76.49,0.84,-1,-1,-1
4,412,182.34,403.15,197.55,75.79,0.86,-1,-1,-1
4,413,706.67,385.40,100.23,80.01,0.83,-1,-1,-1
4,414,508.88,586.12,137.10,126.49,0.86,-1,-1,-1
4,415,2247.89,358.67,109.18,76.52,0.78,-1,-1,-1
4,416,2081.07,384.54,112.71,71.52,0.77,-1,-1,-1
4,417,788.63,1301.12,166.28,136.21,0.78,-1,-1,-1
4,418,2485.86,248.93,82.42,59.02,0.79,-1,-1,-1
4,419,1216.18,1301.33,92.79,122.45,0.53,-1,-1,-1
4,420,2593.14,181.03,85.89,76.64,0.76,-1,-1,-1
4,421,2524.30,198.61,62.93,48.88,0.63,-1,-1,-1
4,422,2420.16,247.02,79.95,49.84,0.73,-1,-1,-1
4,423,666.32,330.33,72.33,66.96,0.75,-1,-1,-1
4,424,2434.28,290.56,63.18,55.78,0.76,-1,-1,-1
4,425,868.47,1079.97,105.20,131.89,0.80,-1,-1,-1
4,426,490.28,212.11,62.19,58.56,0.76,-1,-1,-1
4,427,1681.23,1344.00,90.19,149.59,0.67,-1,-1,-1
4,428,1350.55,1095.69,109.08,136.76,0.79,-1,-1,-1
4,429,1676.12,1377.70,102.43,118.56,0.53,-1,-1,-1
4,430,518.91,522.73,35.25,51.64,0.66,-1,-1,-1
4,431,706.56,1167.96,67.32,145.74,0.49,-1,-1,-1
4,432,800.43,912.40,50.81,108.93,0.65,-1,-1,-1
4,433,955.15,966.57,70.68,106.20,0.69,-1,-1,-1
4,434,1437.90,674.43,41.97,84.02,0.65,-1,-1,-1
4,435,2256.79,319.79,85.79,44.89,0.59,-1,-1,-1
4,436,445.09,534.85,56.11,55.46,0.58,-1,-1,-1
4,438,1302.79,1014.96,91.93,99.52,0.63,-1,-1,-1
4,439,1391.46,702.40,43.89,92.75,0.66,-1,-1,-1
4,440,2113.59,1016.89,78.30,110.85,0.75,-1,-1,-1
4,441,1401.45,544.75,29.73,59.87,0.48,-1,-1,-1
4,442,513.52,297.80,26.83,53.42,0.56,-1,-1,-1
4,443,2022.90,1185.38,79.51,136.66,0.65,-1,-1,-1
4,444,2404.18,330.75,41.98,41.85,0.50,-1,-1,-1
4,445,1881.18,394.07,29.71,62.15,0.56,-1,-1,-1
4,446,1596.37,577.92,65.33,77.16,0.54,-1,-1,-1
4,447,1040.83,972.89,61.16,120.62,0.60,-1,-1,-1
4,448,0.00,1233.37,188.61,115.50,0.32,-1,-1,-1
4,449,862.56,915.91,55.58,113.58,0.63,-1,-1,-1
4,450,380.00,681.84,46.29,106.43,0.54,-1,-1,-1
4,451,1649.36,314.96,121.03,64.73,0.65,-1,-1,-1
4,452,1358.63,1079.46,74.45,119.47,0.65,-1,-1,-1
4,453,2547.01,893.19,61.34,138.30,0.66,-1,-1,-1
4,454,597.31,253.65,21.34,44.54,0.60,-1,-1,-1
4,455,1041.16,400.18,25.70,57.67,0.53,-1,-1,-1
5,123,675.50,608.01,163.11,130.57,0.87,-1,-1,-1
5,381,431.30,642.24,32.55,67.00,0.43,-1,-1,-1
5,399,363.52,994.73,373.22,232.15,0.94,-1,-1,-1
5,400,826.86,754.84,275.17,166.63,0.89,-1,-1,-1
5,401,1024.05,784.85,271.17,166.81,0.89,-1,-1,-1
5,402,1353.83,604.95,237.39,108.20,0.87,-1,-1,-1
5,403,1013.97,591.34,260.84,113.84,0.87,-1,-1,-1
5,404,1112.78,685.62,275.05,114.36,0.93,-1,-1,-1
5,405,326.73,1223.45,335.42,287.88,0.87,-1,-1,-1
5,406,1938.57,513.27,193.98,83.35,0.87,-1,-1,-1
5,407,2282.35,421.02,144.78,77.37,0.82,-1,-1,-1
5,408,0.00,1008.76,222.96,191.85,0.88,-1,-1,-1
5,409,433.99,423.31,170.07,96.29,0.87,-1,-1,-1
5,410,1130.46,461.73,213.21,80.88,0.89,-1,-1,-1
5,411,2160.74,399.67,110.75,76.52,0.82,-1,-1,-1
5,412,187.97,403.43,193.23,74.07,0.89,-1,-1,-1
5,413,703.28,385.14,101.35,80.62,0.82,-1,-1,-1
5,414,509.20,589.67,136.51,125.87,0.85,-1,-1,-1
5,415,2246.11,358.13,108.64,76.38,0.80,-1,-1,-1
5,416,2077.90,383.75,112.86,71.80,0.79,-1,-1,-1
5,417,781.32,1298.39,165.66,135.62,0.76,-1,-1,-1
5,418,2482.53,249.43,81.17,58.20,0.81,-1,-1,-1
5,419,1206.01,1298.23,96.42,125.96,0.61,-1,-1,-1
5,420,2589.76,181.22,85.93,76.29,0.81,-1,-1,-1
5,421,2522.03,197.97,62.13,48.39,0.74,-1,-1,-1
5,422,2416.33,247.21,77.76,48.47,0.71,-1,-1,-1
5,423,663.45,328.06,73.49,68.15,0.77,-1,-1,-1
5,424,2432.18,289.60,62.54,55.31,0.78,-1,-1,-1
5,425,869.61,1076.78,103.92,130.94,0.81,-1,-1,-1
5,426,487.14,210.32,63.58,60.04,0.73,-1,-1,-1
5,427,1692.40,1353.54,89.10,147.83,0.69,-1,-1,-1
5,428,1358.87,1100.39,111.43,139.91,0.70,-1,-1,-1
5,429,1686.20,1390.65,97.17,111.61,0.67,-1,-1,-1
5,430,518.44,523.72,35.39,51.69,0.66,-1,-1,-1
5,431,709.49,1169.51,64.55,139.69,0.60,-1,-1,-1
5,432,795.58,915.54,51.22,109.79,0.67,-1,-1,-1
5,433,951.95,969.22,67.24,100.16,0.64,-1,-1,-1
5,434,1434.06,671.45,41.05,81.99,0.67,-1,-1,-1
5,435,2255.33,319.78,82.54,43.10,0.65,-1,-1,-1
5,436,445.05,532.93,58.99,58.53,0.54,-1,-1,-1
5,438,1301.30,1007.34,103.33,112.23,0.50,-1,-1,-1
5,439,1390.22,701.31,43.97,92.85,0.57,-1,-1,-1
5,440,2115.03,1001.42,80.09,113.72,0.66,-1,-1,-1
5,441,1399.28,543.88,29.59,59.33,0.46,-1,-1,-1
5,442,511.16,297.41,27.18,54.22,0.59,-1,-1,-1
5,443,2027.83,1163.65,77.00,132.92,0.62,-1,-1,-1
5,445,1879.30,392.30,29.47,61.47,0.53,-1,-1,-1
5,446,1591.18,567.15,71.63,84.74,0.57,-1,-1,-1
5,447,1039.42,969.63,62.52,123.55,0.56,-1,-1,-1
5,448,0.00,1238.13,173.06,108.75,0.36,-1,-1,-1
5,449,858.41,911.61,57.95,118.79,0.63,-1,-1,-1
5,450,375.87,680.60,46.78,107.33,0.59,-1,-1,-1
5,451,1647.01,313.17,124.16,66.43,0.62,-1,-1,-1
5,452,1364.63,1082.33,71.99,115.67,0.57,-1,-1,-1
5,453,2544.39,891.24,63.41,142.87,0.64,-1,-1,-1
5,454,596.74,251.55,21.20,44.24,0.60,-1,-1,-1
5,455,1034.82,398.79,27.73,62.25,0.61,-1,-1,-1
5,456,2297.59,1189.13,91.20,155.48,0.64,-1,-1,-1
6,123,673.45,608.96,165.03,130.09,0.88,-1,-1,-1
6,381,428.97,642.38,32.24,65.68,0.46,-1,-1,-1
6,399,357.72,999.29,367.85,228.31,0.93,-1,-1,-1
6,400,824.09,754.03,275.49,166.81,0.89,-1,-1,-1
6,401,1018.36,782.54,277.87,170.90,0.89,-1,-1,-1
6,402,1362.83,604.04,234.83,106.98,0.88,-1,-1,-1
6,403,1025.59,592.93,252.13,109.87,0.86,-1,-1,-1
6,404,1108.60,685.09,275.67,114.53,0.93,-1,-1,-1
6,405,328.06,1227.71,329.65,282.78,0.85,-1,-1,-1
6,406,1946.81,509.36,196.89,84.67,0.88,-1,-1,-1
6,407,2285.74,416.68,144.38,77.34,0.82,-1,-1,-1
6,408,0.00,1011.11,214.03,188.42,0.89,-1,-1,-1
6,409,436.86,422.92,174.68,98.90,0.88,-1,-1,-1
6,410,1141.79,461.38,219.87,83.38,0.87,-1,-1,-1
6,411,2157.61,398.11,112.59,77.76,0.83,-1,-1,-1
6,412,192.91,403.80,191.63,73.44,0.90,-1,-1,-1
6,413,699.17,382.18,104.90,83.29,0.76,-1,-1,-1
6,414,509.75,591.37,139.21,128.30,0.85,-1,-1,-1
6,415,2241.23,356.86,109.49,77.21,0.82,-1,-1,-1
6,416,2076.34,383.52,111.85,71.23,0.81,-1,-1,-1
6,417,772.58,1296.81,163.79,133.83,0.88,-1,-1,-1
6,418,2479.48,249.22,80.92,58.10,0.83,-1,-1,-1
6,419,1196.39,1292.17,97.95,126.85,0.67,-1,-1,-1
6,420,2585.08,178.59,88.64,78.43,0.80,-1,-1,-1
6,421,2520.86,196.47,62.58,49.14,0.72,-1,-1,-1
6,422,2412.08,248.07,78.24,48.68,0.76,-1,-1,-1
6,423,661.73,328.85,73.18,67.95,0.73,-1,-1,-1
6,424,2431.31,289.79,60.84,53.93,0.81,-1,-1,-1
6,425,872.56,1077.35,96.12,121.44,0.74,-1,-1,-1
6,426,485.25,210.27,63.26,59.93,0.62,-1,-1,-1
6,427,1701.81,1363.72,86.81,142.32,0.78,-1,-1,-1
6,428,1365.17,1107.12,111.63,140.43,0.67,-1,-1,-1
6,429,1691.60,1383.65,107.14,122.90,0.64,-1,-1,-1
6,430,518.22,523.53,36.51,53.26,0.65,-1,-1,-1
6,431,713.27,1170.37,64.01,138.37,0.46,-1,-1,-1
6,432,792.60,917.45,51.62,110.62,0.71,-1,-1,-1
6,433,947.13,965.15,68.38,101.02,0.66,-1,-1,-1
6,434,1429.91,670.41,40.90,81.43,0.64,-1,-1,-1
6,435,2253.85,318.64,81.36,42.35,0.69,-1,-1,-1
6,436,446.53,533.92,58.23,57.89,0.50,-1,-1,-1
6,438,1310.60,1013.02,102.33,111.26,0.69,-1,-1,-1
6,439,1386.67,699.37,45.32,95.71,0.47,-1,-1,-1
6,440,2117.49,994.63,76.04,107.99,0.60,-1,-1,-1
6,441,1397.02,543.74,30.82,61.66,0.43,-1,-1,-1
6,442,507.17,297.91,28.28,56.36,0.56,-1,-1,-1
6,443,2028.43,1149.92,79.81,138.74,0.66,-1,-1,-1
6,445,1876.80,392.36,28.96,60.09,0.47,-1,-1,-1
6,446,1585.34,563.45,72.67,86.03,0.64,-1,-1,-1
6,447,1039.90,966.08,62.09,122.84,0.51,-1,-1,-1
6,448,0.00,1261.73,143.89,86.07,0.54,-1,-1,-1
6,449,855.11,908.49,57.24,117.67,0.64,-1,-1,-1
6,450,372.51,680.46,46.56,106.67,0.65,-1,-1,-1
6,451,1646.56,314.85,120.46,64.41,0.63,-1,-1,-1
6,452,1368.27,1089.02,69.35,111.55,0.56,-1,-1,-1
6,453,2544.14,892.56,60.36,135.71,0.68,-1,-1,-1
6,454,595.69,249.92,21.87,45.65,0.56,-1,-1,-1
6,455,1029.29,398.73,25.28,56.51,0.62,-1,-1,-1
6,456,2295.88,1186.09,91.53,156.11,0.66,-1,-1,-1
6,457,2398.60,510.60,40.40,56.93,0.59,-1,-1,-1
7,123,671.57,609.72,166.94,129.76,0.88,-1,-1,-1
7,381,426.99,643.02,32.14,64.60,0.44,-1,-1,-1
7,399,336.73,1001.22,371.49,230.57,0.94,-1,-1,-1
7,400,821.25,752.95,276.28,167.27,0.90,-1,-1,-1
7,401,1014.91,780.90,280.42,172.37,0.90,-1,-1,-1
7,402,1369.49,604.07,234.71,106.85,0.89,-1,-1,-1
7,403,1037.43,593.93,243.29,105.68,0.85,-1,-1,-1
7,404,1105.67,684.07,275.69,114.42,0.92,-1,-1,-1
7,405,321.76,1224.47,333.78,286.17,0.87,-1,-1,-1
7,406,1954.23,506.18,197.29,84.89,0.90,-1,-1,-1
7,407,2288.56,412.79,144.35,77.54,0.84,-1,-1,-1
7,408,0.00,1012.19,208.59,189.84,0.86,-1,-1,-1
7,409,439.48,422.86,176.80,100.09,0.87,-1,-1,-1
7,410,1164.87,461.50,222.34,84.59,0.86,-1,-1,-1
7,411,2154.83,397.44,113.14,78.10,0.83,-1,-1,-1
7,412,196.40,403.86,192.26,73.67,0.91,-1,-1,-1
7,413,697.87,381.84,105.25,83.37,0.79,-1,-1,-1
7,414,510.41,593.80,140.27,129.12,0.85,-1,-1,-1
7,415,2238.30,355.77,110.88,78.54,0.80,-1,-1,-1
7,416,2074.44,382.83,111.86,71.36,0.81,-1,-1,-1
7,417,764.01,1292.72,165.14,134.85,0.93,-1,-1,-1
7,418,2476.04,248.90,81.14,58.36,0.81,-1,-1,-1
7,419,1187.63,1287.32,99.36,127.58,0.61,-1,-1,-1
7,420,2580.61,177.74,89.74,79.15,0.79,-1,-1,-1
7,421,2519.90,196.86,60.99,48.08,0.74,-1,-1,-1
7,422,2407.95,247.80,78.73,48.95,0.75,-1,-1,-1
7,423,659.69,328.83,73.30,68.16,0.76,-1,-1,-1
7,424,2431.22,288.36,61.54,54.93,0.77,-1,-1,-1
7,425,873.72,1073.09,94.37,119.93,0.63,-1,-1,-1
7,426,484.16,210.88,62.32,59.22,0.66,-1,-1,-1
7,427,1710.96,1371.40,85.72,138.63,0.68,-1,-1,-1
7,428,1370.98,1109.18,113.79,143.64,0.76,-1,-1,-1
7,429,1698.64,1382.45,110.94,127.15,0.60,-1,-1,-1
7,430,519.23,526.59,35.01,50.76,0.60,-1,-1,-1
7,431,718.16,1170.02,63.81,138.28,0.44,-1,-1,-1
7,432,790.60,918.60,51.61,110.76,0.70,-1,-1,-1
7,433,941.35,962.91,68.42,100.15,0.66,-1,-1,-1
7,434,1426.48,670.19,40.82,81.29,0.54,-1,-1,-1
7,435,2250.80,318.04,83.87,43.60,0.59,-1,-1,-1
7,436,447.56,535.09,57.83,57.55,0.52,-1,-1,-1
7,438,1323.52,1021.28,96.62,104.77,0.73,-1,-1,-1
7,439,1385.39,697.31,46.17,97.59,0.47,-1,-1,-1
7,440,2119.92,980.87,75.86,108.00,0.69,-1,-1,-1
7,441,1393.66,543.24,31.49,62.88,0.48,-1,-1,-1
7,442,504.41,299.54,28.35,56.51,0.57,-1,-1,-1
7,443,2034.64,1146.04,72.90,126.93,0.52,-1,-1,-1
7,445,1874.73,392.60,28.63,59.14,0.54,-1,-1,-1
7,446,1579.24,560.21,73.28,87.05,0.66,-1,-1,-1
7,447,1044.85,959.26,57.51,113.52,0.51,-1,-1,-1
7,448,0.00,1256.56,137.38,90.39,0.32,-1,-1,-1
7,449,851.62,910.36,55.01,113.45,0.32,-1,-1,-1
7,450,371.01,680.63,46.08,105.60,0.67,-1,-1,-1
7,451,1645.88,315.44,116.77,62.27,0.52,-1,-1,-1
7,452,1379.80,1095.34,76.97,123.02,0.59,-1,-1,-1
7,453,2541.51,893.53,59.18,132.50,0.65,-1,-1,-1
7,454,594.12,246.67,21.90,45.53,0.46,-1,-1,-1
7,455,1024.33,399.33,25.54,56.91,0.62,-1,-1,-1
7,456,2290.85,1178.50,94.30,161.35,0.19,-1,-1,-1
7,457,2395.95,492.52,48.20,68.24,0.62,-1,-1,-1
7,458,2306.12,292.89,71.83,40.97,0.68,-1,-1,-1
7,444,2386.47,310.88,58.80,58.89,0.64,-1,-1,-1
8,123,669.29,609.50,168.58,129.35,0.88,-1,-1,-1
8,381,423.52,641.51,32.52,64.97,0.41,-1,-1,-1
8,399,323.45,1001.74,372.86,231.43,0.94,-1,-1,-1
8,400,820.02,750.87,276.22,167.32,0.90,-1,-1,-1
8,401,1011.09,779.36,283.66,174.29,0.90,-1,-1,-1
8,402,1378.62,603.16,232.78,105.85,0.90,-1,-1,-1
8,403,1046.37,596.10,237.64,102.77,0.85,-1,-1,-1
8,404,1102.67,683.35,273.75,113.35,0.91,-1,-1,-1
8,405,312.92,1222.21,336.85,288.35,0.87,-1,-1,-1
8,406,1962.29,504.07,196.41,84.45,0.89,-1,-1,-1
8,407,2293.07,409.25,141.15,75.95,0.83,-1,-1,-1
8,408,0.00,1013.18,202.01,190.11,0.89,-1,-1,-1
8,409,440.50,421.43,182.21,103.46,0.86,-1,-1,-1
8,410,1182.88,462.50,222.90,85.14,0.85,-1,-1,-1
8,411,2153.19,397.24,112.14,77.38,0.81,-1,-1,-1
8,412,198.64,403.65,194.35,74.53,0.91,-1,-1,-1
8,413,697.61,381.36,106.03,83.98,0.79,-1,-1,-1
8,414,510.85,596.47,141.09,129.53,0.85,-1,-1,-1
8,415,2235.78,354.06,111.77,79.64,0.83,-1,-1,-1
8,416,2071.75,381.65,113.20,72.32,0.82,-1,-1,-1
8,417,756.14,1290.46,165.70,135.29,0.92,-1,-1,-1
8,418,2471.84,248.62,81.02,58.31,0.75,-1,-1,-1
8,419,1175.54,1280.18,106.47,135.81,0.67,-1,-1,-1
8,420,2576.60,178.13,90.22,79.14,0.77,-1,-1,-1
8,421,2513.86,196.83,60.70,47.84,0.66,-1,-1,-1
8,422,2401.95,246.81,77.75,48.29,0.72,-1,-1,-1
8,423,657.15,327.55,74.40,69.35,0.78,-1,-1,-1
8,424,2426.53,287.11,62.61,56.11,0.69,-1,-1,-1
8,425,873.17,1068.44,92.92,118.90,0.61,-1,-1,-1
8,426,482.30,211.45,62.06,59.05,0.56,-1,-1,-1
8,427,1724.40,1394.08,75.46,117.06,0.36,-1,-1,-1
8,428,1377.09,1115.13,114.01,144.09,0.69,-1,-1,-1
8,429,1708.76,1382.60,111.97,129.36,0.69,-1,-1,-1
8,430,519.26,526.76,35.52,51.30,0.53,-1,-1,-1
8,431,721.91,1169.84,65.84,143.17,0.60,-1,-1,-1
8,432,788.49,919.73,50.53,108.78,0.71,-1,-1,-1
8,433,935.85,953.62,73.58,107.25,0.68,-1,-1,-1
8,434,1424.40,671.45,40.43,80.40,0.46,-1,-1,-1
8,435,2246.12,316.55,87.00,45.19,0.62,-1,-1,-1
8,436,447.95,535.88,57.70,57.27,0.62,-1,-1,-1
8,438,1329.70,1023.59,96.30,104.28,0.66,-1,-1,-1
8,439,1383.76,696.66,45.40,96.18,0.15,-1,-1,-1
8,440,2121.91,966.82,76.39,109.23,0.61,-1,-1,-1
8,441,1391.88,542.59,31.57,63.00,0.52,-1,-1,-1
8,442,502.49,301.21,27.53,54.78,0.55,-1,-1,-1
8,443,2038.66,1129.57,71.67,125.40,0.54,-1,-1,-1
8,445,1872.28,392.14,29.00,59.90,0.55,-1,-1,-1
8,446,1573.66,555.74,73.59,87.86,0.70,-1,-1,-1
8,447,1049.26,954.66,52.47,102.83,0.43,-1,-1,-1
8,449,850.04,919.92,51.72,105.78,0.56,-1,-1,-1
8,450,368.80,680.87,46.00,105.34,0.62,-1,-1,-1
8,451,1645.39,316.41,112.82,59.88,0.58,-1,-1,-1
8,452,1386.42,1101.02,69.82,111.97,0.53,-1,-1,-1
8,453,2539.61,894.04,58.67,130.84,0.62,-1,-1,-1
8,454,592.86,245.68,21.99,45.42,0.37,-1,-1,-1
8,455,1018.78,398.49,26.48,58.88,0.57,-1,-1,-1
8,456,2288.72,1173.36,92.26,158.55,0.13,-1,-1,-1
8,457,2394.76,485.11,50.27,71.64,0.56,-1,-1,-1
8,458,2304.57,293.17,73.11,41.67,0.51,-1,-1,-1
8,459,1143.17,1005.44,90.27,101.05,0.78,-1,-1,-1
8,460,2167.07,345.81,92.45,59.26,0.77,-1,-1,-1
8,461,665.15,854.21,53.76,97.24,0.56,-1,-1,-1
8,444,2382.91,310.15,59.83,59.90,0.58,-1,-1,-1
9,123,666.33,609.25,171.12,129.67,0.88,-1,-1,-1
9,381,420.29,641.28,29.18,56.93,0.44,-1,-1,-1
9,399,312.92,1004.02,372.24,230.37,0.91,-1,-1,-1
9,400,817.67,748.41,277.08,167.98,0.90,-1,-1,-1
9,401,1007.22,778.48,284.86,175.03,0.90,-1,-1,-1
9,402,1384.44,601.07,237.36,108.02,0.88,-1,-1,-1
9,403,1053.27,595.86,236.18,101.60,0.84,-1,-1,-1
9,404,1097.46,682.35,274.73,113.48,0.90,-1,-1,-1
9,405,305.26,1220.50,339.55,289.94,0.87,-1,-1,-1
9,406,1968.11,501.55,199.90,86.12,0.87,-1,-1,-1
9,407,2296.45,404.89,141.56,76.43,0.83,-1,-1,-1
9,408,0.00,1014.40,194.63,192.26,0.85,-1,-1,-1
9,409,445.80,423.75,180.40,102.49,0.86,-1,-1,-1
9,410,1201.29,462.50,224.84,86.21,0.84,-1,-1,-1
9,411,2151.53,396.96,111.29,76.71,0.80,-1,-1,-1
9,412,201.82,403.96,194.92,74.83,0.91,-1,-1,-1
9,413,694.78,380.15,106.78,84.34,0.78,-1,-1,-1
9,414,511.27,599.61,140.74,128.79,0.89,-1,-1,-1
9,415,2234.03,353.66,109.82,78.80,0.86,-1,-1,-1
9,416,2069.59,381.23,112.50,72.02,0.82,-1,-1,-1
9,417,746.73,1288.21,166.33,135.53,0.88,-1,-1,-1
9,418,2468.38,248.39,80.72,58.19,0.77,-1,-1,-1
9,419,1160.37,1276.74,114.47,145.90,0.66,-1,-1,-1
9,420,2572.56,178.34,90.60,79.09,0.65,-1,-1,-1
9,421,2510.30,197.03,60.18,47.52,0.71,-1,-1,-1
9,422,2397.72,247.05,79.59,49.62,0.72,-1,-1,-1
9,423,654.62,327.42,74.25,69.25,0.79,-1,-1,-1
9,424,2423.12,287.32,61.19,54.83,0.63,-1,-1,-1
9,425,874.80,1066.87,91.14,117.56,0.67,-1,-1,-1
9,426,480.70,212.71,60.62,57.64,0.55,-1,-1,-1
9,427,1743.50,1423.84,61.16,87.96,0.40,-1,-1,-1
9,428,1385.07,1121.20,113.18,143.26,0.76,-1,-1,-1
9,429,1723.41,1387.58,106.80,124.01,0.59,-1,-1,-1
9,430,519.20,526.43,36.29,52.33,0.48,-1,-1,-1
9,431,726.35,1171.11,63.93,139.42,0.62,-1,-1,-1
9,432,786.96,920.82,49.61,107.18,0.72,-1,-1,-1
9,433,929.28,942.79,79.03,115.42,0.59,-1,-1,-1
9,434,1420.32,669.49,42.76,85.28,0.29,-1,-1,-1
9,435,2243.75,315.97,87.15,45.24,0.57,-1,-1,-1
9,436,448.53,536.92,57.11,56.45,0.70,-1,-1,-1
9,438,1339.35,1031.11,94.27,101.11,0.56,-1,-1,-1
9,439,1380.60,686.58,47.48,100.74,0.39,-1,-1,-1
9,440,2124.24,955.71,73.71,106.08,0.63,-1,-1,-1
9,441,1388.90,541.98,32.29,64.34,0.58,-1,-1,-1
9,442,500.57,303.92,27.01,53.69,0.58,-1,-1,-1
9,443,2048.63,1100.42,67.45,117.95,0.63,-1,-1,-1
9,445,1869.62,390.94,29.72,61.17,0.46,-1,-1,-1
9,446,1569.16,554.75,71.93,86.10,0.48,-1,-1,-1
9,447,1051.93,953.03,51.90,101.72,0.53,-1,-1,-1
9,449,842.50,914.80,54.82,111.13,0.21,-1,-1,-1
9,450,366.86,684.46,45.16,102.57,0.55,-1,-1,-1
9,451,1641.22,312.57,115.59,61.09,0.44,-1,-1,-1
9,452,1395.13,1105.58,72.61,115.98,0.56,-1,-1,-1
9,453,2537.10,894.23,59.19,131.46,0.68,-1,-1,-1
9,454,591.16,242.89,22.30,46.01,0.37,-1,-1,-1
9,455,1013.57,398.26,27.02,59.90,0.61,-1,-1,-1
9,456,2285.07,1165.90,94.97,164.72,0.31,-1,-1,-1
9,457,2393.82,482.01,51.10,73.51,0.51,-1,-1,-1
9,458,2303.08,292.96,71.76,41.01,0.31,-1,-1,-1
9,459,1150.12,1008.30,91.81,102.97,0.63,-1,-1,-1
9,460,2168.47,344.55,96.27,61.55,0.61,-1,-1,-1
9,461,658.86,867.90,61.25,111.20,0.52,-1,-1,-1
9,444,2384.33,318.37,52.09,51.37,0.56,-1,-1,-1
10,123,663.83,608.77,173.51,130.15,0.88,-1,-1,-1
10,381,417.02,640.72,29.41,56.16,0.50,-1,-1,-1
10,399,297.86,1005.02,373.52,230.82,0.93,-1,-1,-1
10,400,816.53,747.88,275.30,166.92,0.90,-1,-1,-1
10,401,1004.20,777.84,284.74,174.93,0.89,-1,-1,-1
10,402,1391.90,600.88,235.70,107.12,0.90,-1,-1,-1
10,403,1060.95,594.82,235.71,100.80,0.86,-1,-1,-1
10,404,1094.77,682.78,273.40,112.45,0.90,-1,-1,-1
10,405,297.64,1219.33,341.34,290.75,0.87,-1,-1,-1
10,406,1973.26,497.35,204.07,88.39,0.89,-1,-1,-1
10,407,2301.37,401.45,138.35,75.03,0.82,-1,-1,-1
10,408,0.00,1015.31,182.90,187.41,0.82,-1,-1,-1
10,409,451.70,426.15,178.26,101.30,0.86,-1,-1,-1
10,410,1222.32,464.58,220.53,84.83,0.88,-1,-1,-1
10,411,2149.74,396.93,109.77,75.58,0.80,-1,-1,-1
10,412,203.03,403.60,197.78,76.13,0.91,-1,-1,-1
10,413,689.64,378.64,108.69,85.74,0.80,-1,-1,-1
10,414,512.47,602.30,141.20,128.62,0.87,-1,-1,-1
10,415,2233.13,353.91,107.61,77.72,0.84,-1,-1,-1
10,416,2068.45,380.35,112.77,72.20,0.82,-1,-1,-1
10,417,738.37,1284.60,166.56,135.52,0.84,-1,-1,-1
10,418,2464.76,247.95,80.68,58.21,0.78,-1,-1,-1
10,419,1147.51,1271.63,114.26,145.97,0.46,-1,-1,-1
10,420,2569.05,179.02,90.45,78.15,0.57,-1,-1,-1
10,421,2508.16,196.46,58.94,46.88,0.70,-1,-1,-1
10,422,2393.68,247.80,77.87,48.37,0.73,-1,-1,-1
10,423,651.95,327.43,73.87,68.96,0.78,-1,-1,-1
10,424,2420.32,287.23,60.28,54.19,0.63,-1,-1,-1
10,425,874.87,1064.11,89.74,116.52,0.70,-1,-1,-1
10,426,477.89,211.97,61.21,58.14,0.55,-1,-1,-1
10,428,1394.34,1129.48,109.64,138.78,0.83,-1,-1,-1
10,429,1733.75,1397.40,99.12,112.99,0.62,-1,-1,-1
10,430,518.30,524.58,37.99,55.00,0.47,-1,-1,-1
10,431,729.27,1170.40,63.13,137.88,0.60,-1,-1,-1
10,432,782.67,922.25,51.15,111.01,0.68,-1,-1,-1
10,433,924.50,934.39,81.21,119.20,0.63,-1,-1,-1
10,434,1411.28,666.35,43.18,86.72,0.16,-1,-1,-1
10,435,2242.21,314.31,85.19,44.19,0.60,-1,-1,-1
10,436,448.66,537.06,56.83,55.93,0.72,-1,-1,-1
10,438,1344.87,1031.72,98.34,104.86,0.75,-1,-1,-1
10,439,1376.36,682.31,46.89,99.72,0.42,-1,-1,-1
10,440,2126.70,947.11,72.09,104.43,0.75,-1,-1,-1
10,441,1386.19,540.41,33.44,66.94,0.49,-1,-1,-1
10,442,498.13,304.88,26.63,52.87,0.59,-1,-1,-1
10,443,2055.05,1079.16,66.73,117.07,0.60,-1,-1,-1
10,445,1866.86,389.67,30.73,63.06,0.51,-1,-1,-1
10,446,1563.03,552.59,70.98,85.10,0.25,-1,-1,-1
10,447,1049.40,950.56,54.47,105.38,0.52,-1,-1,-1
10,449,840.72,926.63,48.93,95.71,0.57,-1,-1,-1
10,450,363.76,688.51,45.14,101.82,0.51,-1,-1,-1
10,451,1638.51,311.70,115.69,60.95,0.50,-1,-1,-1
10,452,1400.98,1112.57,75.49,120.02,0.65,-1,-1,-1
10,453,2534.95,890.70,59.12,131.17,0.58,-1,-1,-1
10,454,589.88,241.38,23.73,48.86,0.43,-1,-1,-1
10,455,1008.67,398.21,26.53,58.54,0.66,-1,-1,-1
10,456,2281.88,1155.78,92.04,161.58,0.31,-1,-1,-1
10,457,2393.43,480.10,50.57,73.58,0.56,-1,-1,-1
10,458,2299.52,291.71,71.09,40.74,0.32,-1,-1,-1
10,459,1154.80,1009.69,93.44,105.17,0.75,-1,-1,-1
10,460,2168.28,342.90,96.23,61.27,0.62,-1,-1,-1
10,461,659.79,867.42,59.48,108.14,0.56,-1,-1,-1
10,444,2383.38,320.50,49.73,48.44,0.33,-1,-1,-1
10,463,455.25,507.26,35.73,60.06,0.66,-1,-1,-1
10,464,2.75,405.64,28.91,69.22,0.63,-1,-1,-1
11,123,661.56,608.11,175.82,130.71,0.89,-1,-1,-1
11,381,413.07,639.43,31.22,58.42,0.42,-1,-1,-1
11,399,288.67,1006.81,372.59,229.34,0.94,-1,-1,-1
11,400,814.65,747.41,273.85,166.12,0.90,-1,-1,-1
11,401,1005.55,778.55,279.76,171.98,0.91,-1,-1,-1
11,402,1404.99,601.75,230.04,104.57,0.89,-1,-1,-1
11,403,1066.58,592.89,237.28,101.00,0.86,-1,-1,-1
11,404,1090.46,682.72,274.38,112.35,0.89,-1,-1,-1
11,405,291.63,1218.87,341.34,290.34,0.87,-1,-1,-1
11,406,1980.02,494.36,205.24,89.22,0.90,-1,-1,-1
11,407,2305.01,398.03,137.04,74.76,0.79,-1,-1,-1
11,408,0.00,1016.96,168.14,175.41,0.82,-1,-1,-1
11,409,461.08,428.82,175.37,99.72,0.85,-1,-1,-1
11,410,1238.43,463.43,226.09,87.46,0.87,-1,-1,-1
11,411,2147.00,396.01,110.62,76.11,0.80,-1,-1,-1
11,412,205.64,403.32,199.94,77.13,0.89,-1,-1,-1
11,413,686.47,377.24,110.36,87.00,0.82,-1,-1,-1
11,414,514.09,605.28,141.79,128.24,0.87,-1,-1,-1
11,415,2231.57,353.34,106.92,77.70,0.84,-1,-1,-1
11,416,2063.81,379.65,112.34,72.46,0.80,-1,-1,-1
11,417,732.25,1283.83,164.70,133.71,0.92,-1,-1,-1
11,418,2460.42,247.91,80.63,58.01,0.75,-1,-1,-1
11,419,1134.30,1266.20,115.18,146.84,0.59,-1,-1,-1
11,420,2565.12,178.70,91.63,78.35,0.61,-1,-1,-1
11,421,2504.81,194.53,60.30,48.29,0.74,-1,-1,-1
11,422,2389.21,251.04,75.32,46.94,0.60,-1,-1,-1
11,423,649.08,326.02,75.91,71.23,0.73,-1,-1,-1
11,424,2417.22,285.45,60.84,54.84,0.67,-1,-1,-1
11,425,871.89,1057.51,92.04,121.30,0.55,-1,-1,-1
11,426,474.95,210.81,61.90,58.68,0.53,-1,-1,-1
11,428,1399.40,1130.80,113.30,143.84,0.70,-1,-1,-1
11,429,1744.66,1405.23,93.79,104.53,0.59,-1,-1,-1
11,430,514.08,516.64,42.10,61.20,0.41,-1,-1,-1
11,431,731.33,1168.71,63.28,138.87,0.47,-1,-1,-1
11,432,780.09,923.92,52.23,114.27,0.64,-1,-1,-1
11,433,921.03,930.75,81.07,119.49,0.69,-1,-1,-1
11,434,1408.96,667.14,40.60,81.28,0.19,-1,-1,-1
11,435,2239.06,312.85,85.80,44.55,0.67,-1,-1,-1
11,436,448.90,536.19,57.36,56.21,0.74,-1,-1,-1
11,438,1350.49,1032.56,102.74,109.23,0.73,-1,-1,-1
11,439,1373.51,677.16,48.51,102.69,0.49,-1,-1,-1
11,440,2129.67,937.07,71.01,103.66,0.65,-1,-1,-1
11,441,1381.89,539.80,33.73,67.15,0.45,-1,-1,-1
11,442,495.39,305.98,27.56,54.76,0.61,-1,-1,-1
11,443,2060.42,1060.92,66.65,117.60,0.54,-1,-1,-1
11,445,1863.98,389.24,31.29,63.86,0.49,-1,-1,-1
11,446,1558.31,550.98,67.48,80.17,0.47,-1,-1,-1
11,447,1052.50,951.34,53.39,101.00,0.49,-1,-1,-1
11,449,835.64,928.14,47.30,88.47,0.61,-1,-1,-1
11,450,361.24,688.81,47.07,105.59,0.48,-1,-1,-1
11,451,1632.91,309.34,121.73,64.16,0.59,-1,-1,-1
11,452,1406.27,1116.72,76.76,121.10,0.68,-1,-1,-1
11,453,2533.85,888.66,57.91,128.42,0.52,-1,-1,-1
11,454,588.85,240.43,25.09,51.55,0.43,-1,-1,-1
11,455,1002.96,397.12,27.34,60.01,0.64,-1,-1,-1
11,456,2278.07,1147.02,94.33,167.80,0.58,-1,-1,-1
11,457,2394.54,478.01,46.78,68.74,0.58,-1,-1,-1
11,458,2296.99,289.94,68.99,39.61,0.26,-1,-1,-1
11,459,1157.75,1007.98,96.52,109.20,0.64,-1,-1,-1
11,460,2165.77,342.48,94.81,60.06,0.61,-1,-1,-1
11,461,655.68,869.70,63.77,116.86,0.66,-1,-1,-1
11,444,2378.72,315.92,53.34,51.71,0.43,-1,-1,-1
11,463,454.97,506.65,36.88,62.01,0.63,-1,-1,-1
11,464,5.58,414.69,26.33,62.44,0.66,-1,-1,-1
11,465,1362.03,1010.06,73.09,122.60,0.63,-1,-1,-1
11,466,1180.97,1216.15,68.26,153.82,0.53,-1,-1,-1
11,467,874.85,596.84,54.16,72.04,0.63,-1,-1,-1
11,468,881.55,1034.27,57.28,113.77,0.57,-1,-1,-1
12,123,659.51,607.56,177.60,131.02,0.90,-1,-1,-1
12,381,409.58,638.37,33.92,62.43,0.38,-1,-1,-1
12,399,273.95,1009.13,375.25,229.88,0.90,-1,-1,-1
12,400,814.15,747.55,270.78,164.26,0.91,-1,-1,-1
12,401,1004.52,777.68,278.64,171.42,0.91,-1,-1,-1
12,402,1415.77,602.19,226.00,102.37,0.88,-1,-1,-1
12,403,1072.41,591.51,239.45,101.47,0.86,-1,-1,-1
12,404,1089.06,681.87,275.62,112.68,0.83,-1,-1,-1
12,405,289.44,1218.81,339.96,288.56,0.86,-1,-1,-1
12,406,1988.38,492.04,202.89,88.50,0.91,-1,-1,-1
12,407,2309.79,394.25,135.00,74.04,0.83,-1,-1,-1
12,408,0.00,1018.37,156.78,171.16,0.82,-1,-1,-1
12,409,469.66,431.65,171.86,97.53,0.88,-1,-1,-1
12,410,1256.17,462.98,227.90,88.67,0.82,-1,-1,-1
12,411,2144.76,394.94,110.57,75.97,0.79,-1,-1,-1
12,412,208.59,403.18,202.11,78.18,0.88,-1,-1,-1
12,413,683.54,376.20,111.24,87.67,0.81,-1,-1,-1
12,414,514.50,607.55,143.72,129.13,0.88,-1,-1,-1
12,415,2230.99,353.67,104.99,76.65,0.82,-1,-1,-1
12,416,2060.78,378.09,112.28,72.91,0.81,-1,-1,-1
12,417,723.02,1277.72,170.19,138.59,0.84,-1,-1,-1
12,418,2457.39,249.18,79.40,56.87,0.75,-1,-1,-1
12,419,1139.89,1266.56,105.25,135.49,0.32,-1,-1,-1
12,420,2562.83,184.99,81.20,68.59,0.45,-1,-1,-1
12,421,2502.46,193.39,60.24,48.74,0.56,-1,-1,-1
12,422,2384.05,251.32,73.34,46.01,0.61,-1,-1,-1
12,423,647.15,324.84,75.76,71.31,0.76,-1,-1,-1
12,424,2414.47,283.91,60.64,54.88,0.74,-1,-1,-1
12,425,870.16,1052.63,92.84,124.06,0.55,-1,-1,-1
12,426,473.49,211.18,61.12,57.64,0.49,-1,-1,-1
12,428,1407.21,1136.72,114.17,145.02,0.67,-1,-1,-1
12,429,1763.94,1415.51,85.98,94.39,0.57,-1,-1,-1
12,430,512.40,513.58,44.02,64.28,0.43,-1,-1,-1
12,431,737.59,1170.00,55.43,121.66,0.47,-1,-1,-1
12,432,778.85,929.42,50.80,111.58,0.71,-1,-1,-1
12,433,916.61,925.09,81.47,120.39,0.79,-1,-1,-1
12,434,1400.06,666.34,39.45,78.68,0.33,-1,-1,-1
12,435,2236.80,312.57,86.01,44.73,0.67,-1,-1,-1
12,436,449.42,536.79,56.99,55.45,0.75,-1,-1,-1
12,438,1359.69,1037.48,102.06,108.49,0.73,-1,-1,-1
12,439,1369.71,673.89,48.24,102.36,0.57,-1,-1,-1
12,440,2133.41,931.80,66.29,96.65,0.60,-1,-1,-1
12,441,1379.73,539.18,36.20,72.10,0.51,-1,-1,-1
12,442,492.89,306.47,27.68,55.03,0.58,-1,-1,-1
12,443,2065.76,1045.12,65.98,117.03,0.58,-1,-1,-1
12,445,1862.17,388.46,31.68,64.48,0.52,-1,-1,-1
12,446,1554.10,546.99,62.98,73.73,0.28,-1,-1,-1
12,447,1055.59,943.94,52.65,99.36,0.43,-1,-1,-1
12,449,832.11,920.62,49.03,89.12,0.62,-1,-1,-1
12,450,358.57,692.25,46.52,102.69,0.49,-1,-1,-1
12,451,1631.90,309.84,122.19,64.01,0.40,-1,-1,-1
12,452,1416.22,1124.51,72.41,114.74,0.54,-1,-1,-1
12,453,2533.55,889.11,56.28,124.91,0.51,-1,-1,-1
12,454,588.16,240.14,25.28,51.70,0.50,-1,-1,-1
12,455,997.62,396.98,27.90,61.18,0.61,-1,-1,-1
12,456,2276.50,1139.28,92.97,167.18,0.47,-1,-1,-1
12,457,2394.91,474.67,45.29,67.25,0.55,-1,-1,-1
12,458,2294.35,289.12,70.20,40.30,0.55,-1,-1,-1
12,459,1160.56,1007.67,102.38,116.96,0.62,-1,-1,-1
12,460,2164.60,341.80,95.11,59.92,0.57,-1,-1,-1
12,461,654.18,873.36,66.93,123.59,0.69,-1,-1,-1
12,444,2376.00,316.39,52.36,50.26,0.57,-1,-1,-1
12,463,455.88,506.68,36.11,60.65,0.61,-1,-1,-1
12,464,7.93,417.53,25.78,60.06,0.70,-1,-1,-1
12,465,1370.31,1013.00,72.62,121.60,0.58,-1,-1,-1
12,466,1177.26,1212.55,64.98,146.42,0.52,-1,-1,-1
12,467,874.14,595.92,55.91,74.36,0.63,-1,-1,-1
12,468,882.90,1032.18,58.77,116.34,0.64,-1,-1,-1
13,123,657.49,606.92,179.48,131.60,0.90,-1,-1,-1
13,381,407.37,637.92,33.71,60.47,0.33,-1,-1,-1
13,399,261.65,1010.51,376.37,229.13,0.92,-1,-1,-1
13,400,812.45,746.97,270.75,164.39,0.90,-1,-1,-1
13,401,1003.57,776.99,276.70,170.14,0.90,-1,-1,-1
13,402,1424.23,601.33,224.96,101.57,0.89,-1,-1,-1
13,403,1078.04,590.67,240.56,101.51,0.85,-1,-1,-1
13,404,1087.96,680.94,275.30,112.49,0.82,-1,-1,-1
13,405,294.32,1219.66,335.84,283.21,0.86,-1,-1,-1
13,406,1997.63,489.45,201.10,88.13,0.90,-1,-1,-1
13,407,2313.19,390.71,134.13,74.08,0.85,-1,-1,-1
13,408,0.00,1020.51,147.36,169.86,0.80,-1,-1,-1
13,409,474.86,433.41,171.17,96.97,0.89,-1,-1,-1
13,410,1275.98,464.13,223.85,87.36,0.85,-1,-1,-1
13,411,2141.18,393.17,111.29,76.45,0.81,-1,-1,-1
13,412,213.69,402.79,200.77,77.86,0.86,-1,-1,-1
13,413,680.56,375.81,110.95,87.39,0.81,-1,-1,-1
13,414,514.65,609.88,145.70,130.11,0.87,-1,-1,-1
13,415,2228.34,353.33,103.45,75.75,0.82,-1,-1,-1
13,416,2057.70,375.64,113.62,74.01,0.82,-1,-1,-1
13,417,714.64,1273.52,172.70,141.10,0.75,-1,-1,-1
13,418,2456.15,248.67,78.03,55.68,0.70,-1,-1,-1
13,419,1125.55,1257.98,109.70,141.06,0.51,-1,-1,-1
13,420,2558.12,184.60,83.27,69.40,0.44,-1,-1,-1
13,421,2498.23,194.01,60.07,48.49,0.55,-1,-1,-1
13,422,2379.35,248.33,78.13,49.34,0.67,-1,-1,-1
13,423,645.71,325.32,73.75,69.43,0.77,-1,-1,-1
13,424,2412.16,283.91,59.51,53.67,0.68,-1,-1,-1
13,425,865.11,1038.46,98.20,134.03,0.52,-1,-1,-1
13,426,471.05,210.15,61.41,57.92,0.61,-1,-1,-1
13,428,1413.76,1139.43,116.67,149.01,0.62,-1,-1,-1
13,429,1774.68,1424.02,81.67,87.16,0.42,-1,-1,-1
13,430,513.77,519.91,42.28,61.91,0.40,-1,-1,-1
13,431,740.48,1172.18,60.54,132.99,0.50,-1,-1,-1
13,432,776.82,931.12,50.77,111.77,0.78,-1,-1,-1
13,433,911.73,922.08,80.90,119.66,0.67,-1,-1,-1
13,434,1397.29,661.33,40.49,80.77,0.60,-1,-1,-1
13,435,2234.44,311.82,85.66,44.46,0.69,-1,-1,-1
13,436,449.91,537.21,56.84,54.85,0.74,-1,-1,-1
13,438,1370.19,1046.03,96.08,101.08,0.78,-1,-1,-1
13,439,1369.08,672.98,42.04,88.50,0.55,-1,-1,-1
13,440,2135.45,921.91,65.64,95.73,0.77,-1,-1,-1
13,441,1378.52,537.90,35.41,70.19,0.51,-1,-1,-1
13,442,489.78,306.89,28.39,56.46,0.51,-1,-1,-1
13,443,2069.86,1032.59,62.69,111.12,0.62,-1,-1,-1
13,445,1858.69,387.32,32.58,66.09,0.53,-1,-1,-1
13,446,1549.22,544.47,59.88,68.64,0.45,-1,-1,-1
13,447,1058.46,939.61,50.43,95.34,0.46,-1,-1,-1
13,449,823.21,912.88,52.40,92.44,0.61,-1,-1,-1
13,450,353.79,688.89,48.63,107.70,0.53,-1,-1,-1
13,451,1628.66,308.38,126.30,66.10,0.61,-1,-1,-1
13,452,1421.78,1128.51,67.99,108.44,0.51,-1,-1,-1
13,453,2532.29,886.56,55.23,122.98,0.46,-1,-1,-1
13,454,587.82,240.76,24.51,49.99,0.36,-1,-1,-1
13,455,991.51,394.47,28.43,62.20,0.66,-1,-1,-1
13,456,2277.03,1131.61,85.35,154.44,0.27,-1,-1,-1
13,457,2394.99,470.98,43.83,66.01,0.54,-1,-1,-1
13,458,2292.20,288.78,71.14,40.84,0.53,-1,-1,-1
13,459,1166.13,1014.19,100.02,115.15,0.66,-1,-1,-1
13,460,2160.42,340.74,97.08,61.11,0.76,-1,-1,-1
13,461,653.44,879.23,64.52,120.19,0.63,-1,-1,-1
13,444,2374.37,316.29,51.77,49.26,0.53,-1,-1,-1
13,463,456.13,506.57,35.61,59.78,0.57,-1,-1,-1
13,464,9.87,418.01,25.94,58.75,0.69,-1,-1,-1
13,465,1377.96,1017.05,71.99,120.08,0.49,-1,-1,-1
13,466,1172.79,1209.65,57.93,130.57,0.61,-1,-1,-1
13,467,876.25,602.00,54.05,71.79,0.66,-1,-1,-1
13,468,882.79,1030.04,57.84,113.93,0.61,-1,-1,-1
13,470,2653.55,192.50,34.40,40.01,0.66,-1,-1,-1
13,471,781.82,1139.52,61.34,128.24,0.54,-1,-1,-1
13,472,2604.92,604.42,47.80,86.03,0.55,-1,-1,-1
13,366,2355.98,649.37,44.78,86.24,0.52,-1,-1,-1
14,123,655.77,606.98,180.55,131.60,0.91,-1,-1,-1
14,381,404.95,637.89,33.23,57.59,0.31,-1,-1,-1
14,399,251.42,1012.45,374.82,226.35,0.91,-1,-1,-1
14,400,811.89,746.78,268.77,163.19,0.90,-1,-1,-1
14,401,1001.20,776.52,275.67,169.17,0.91,-1,-1,-1
14,402,1430.75,600.37,225.13,101.25,0.87,-1,-1,-1
14,403,1085.41,590.84,239.22,100.31,0.86,-1,-1,-1
14,404,1082.79,680.39,274.73,112.25,0.83,-1,-1,-1
14,405,292.20,1219.22,335.32,280.65,0.86,-1,-1,-1
14,406,2006.11,488.26,197.59,86.98,0.88,-1,-1,-1
14,407,2317.05,387.18,132.23,73.57,0.83,-1,-1,-1
14,408,0.00,1022.93,137.27,167.14,0.72,-1,-1,-1
14,409,478.48,434.78,172.31,97.40,0.91,-1,-1,-1
14,410,1300.27,465.83,218.98,85.71,0.84,-1,-1,-1
14,411,2138.74,392.29,111.04,76.35,0.83,-1,-1,-1
14,412,219.21,403.10,198.88,77.32,0.90,-1,-1,-1
14,413,678.67,376.17,110.34,86.79,0.81,-1,-1,-1
14,414,513.69,612.14,147.45,130.65,0.88,-1,-1,-1
14,415,2225.84,351.83,103.63,76.11,0.79,-1,-1,-1
14,416,2055.92,375.10,113.06,73.94,0.84,-1,-1,-1
14,417,706.82,1268.44,175.71,144.08,0.64,-1,-1,-1
14,418,2452.18,247.47,79.67,56.81,0.75,-1,-1,-1
14,419,1117.85,1256.03,107.43,137.36,0.65,-1,-1,-1
14,420,2554.26,182.00,87.68,72.46,0.41,-1,-1,-1
14,421,2496.31,192.85,60.99,49.18,0.66,-1,-1,-1
14,422,2376.34,247.28,77.92,49.12,0.57,-1,-1,-1
14,423,643.48,324.85,74.67,70.49,0.70,-1,-1,-1
14,424,2409.52,282.93,60.35,54.79,0.76,-1,-1,-1
14,425,863.14,1029.59,99.49,138.50,0.54,-1,-1,-1
14,426,468.96,209.31,61.59,58.08,0.68,-1,-1,-1
14,428,1422.86,1147.50,115.44,147.82,0.75,-1,-1,-1
14,429,1786.91,1435.62,73.00,75.97,0.43,-1,-1,-1
14,430,515.25,524.57,41.22,60.76,0.44,-1,-1,-1
14,431,745.53,1173.30,60.36,131.01,0.57,-1,-1,-1
14,432,774.54,931.66,51.45,113.20,0.80,-1,-1,-1
14,433,906.63,919.48,80.80,119.39,0.59,-1,-1,-1
14,434,1393.80,656.81,42.22,84.63,0.61,-1,-1,-1
14,435,2232.79,311.45,86.16,44.69,0.70,-1,-1,-1
14,436,450.07,537.71,57.08,54.61,0.74,-1,-1,-1
14,438,1374.57,1045.91,99.70,104.63,0.79,-1,-1,-1
14,439,1365.05,670.78,42.44,89.02,0.53,-1,-1,-1
14,440,2137.28,907.50,66.57,97.40,0.62,-1,-1,-1
14,441,1378.56,535.83,33.74,66.17,0.47,-1,-1,-1
14,442,486.75,306.81,28.89,57.44,0.56,-1,-1,-1
14,443,2071.92,1019.14,64.66,115.87,0.65,-1,-1,-1
14,445,1856.61,387.10,32.33,65.45,0.59,-1,-1,-1
14,446,1543.22,541.74,58.88,65.71,0.60,-1,-1,-1
14,447,1060.03,937.83,55.13,101.71,0.61,-1,-1,-1
14,449,815.41,913.69,51.90,87.02,0.56,-1,-1,-1
14,450,351.46,687.44,48.99,109.20,0.49,-1,-1,-1
14,451,1626.62,308.55,126.33,66.02,0.50,-1,-1,-1
14,452,1427.70,1134.85,68.83,110.45,0.54,-1,-1,-1
14,453,2529.33,883.61,55.96,124.55,0.49,-1,-1,-1
14,454,586.45,241.08,24.89,50.69,0.33,-1,-1,-1
14,455,986.75,392.92,28.54,62.10,0.65,-1,-1,-1
14,456,2277.06,1128.21,79.76,144.73,0.35,-1,-1,-1
14,457,2393.14,468.99,44.43,68.03,0.59,-1,-1,-1
14,458,2286.26,287.12,74.39,42.61,0.64,-1,-1,-1
14,459,1175.38,1020.72,100.35,117.10,0.72,-1,-1,-1
14,460,2159.59,340.48,99.08,61.87,0.55,-1,-1,-1
14,461,653.81,882.76,64.58,121.39,0.55,-1,-1,-1
14,444,2366.71,307.10,60.11,57.71,0.75,-1,-1,-1
14,463,456.67,505.88,35.05,58.78,0.56,-1,-1,-1
14,464,10.93,416.47,27.72,60.57,0.68,-1,-1,-1
14,465,1382.64,1022.01,77.02,127.22,0.59,-1,-1,-1
14,466,1166.76,1206.08,56.59,127.12,0.59,-1,-1,-1
14,467,875.85,603.17,56.21,74.61,0.66,-1,-1,-1
14,468,882.38,1022.74,59.61,116.58,0.37,-1,-1,-1
14,470,2650.79,190.77,35.70,41.43,0.71,-1,-1,-1
14,471,785.22,1140.50,67.66,141.72,0.60,-1,-1,-1
14,472,2604.76,603.54,47.78,86.04,0.56,-1,-1,-1
14,366,2353.85,647.33,46.86,90.94,0.48,-1,-1,-1
15,123,654.02,607.26,181.10,131.21,0.91,-1,-1,-1
15,381,401.15,637.84,34.07,57.49,0.34,-1,-1,-1
15,399,236.38,1016.47,378.18,227.01,0.89,-1,-1,-1
15,400,810.78,746.72,267.13,162.02,0.91,-1,-1,-1
15,401,998.50,775.89,275.41,168.53,0.92,-1,-1,-1
15,402,1438.58,600.78,225.32,100.88,0.86,-1,-1,-1
15,403,1093.72,591.70,237.08,98.68,0.86,-1,-1,-1
15,404,1077.80,679.41,276.26,113.28,0.83,-1,-1,-1
15,405,286.75,1218.45,337.60,280.56,0.87,-1,-1,-1
15,406,2011.74,484.15,200.75,89.05,0.89,-1,-1,-1
15,407,2320.72,383.07,131.12,73.49,0.79,-1,-1,-1
15,408,0.00,1025.83,133.62,180.31,0.67,-1,-1,-1
15,409,481.82,436.26,174.54,98.29,0.93,-1,-1,-1
15,410,1317.35,465.69,217.88,85.37,0.85,-1,-1,-1
15,411,2136.94,391.44,111.08,76.52,0.83,-1,-1,-1
15,412,222.64,403.24,199.45,77.94,0.91,-1,-1,-1
15,413,678.00,376.91,108.49,85.04,0.81,-1,-1,-1
15,414,513.55,614.17,148.17,130.64,0.87,-1,-1,-1
15,415,2223.20,351.10,102.86,75.95,0.76,-1,-1,-1
15,416,2055.80,374.12,114.52,74.78,0.83,-1,-1,-1
15,417,700.34,1262.40,175.44,144.16,0.70,-1,-1,-1
15,418,2450.35,248.54,77.54,55.16,0.76,-1,-1,-1
15,419,1111.61,1253.17,104.57,132.49,0.69,-1,-1,-1
15,420,2549.03,181.27,90.41,74.25,0.51,-1,-1,-1
15,421,2492.83,192.40,61.47,49.18,0.65,-1,-1,-1
15,422,2372.97,247.01,76.64,48.11,0.60,-1,-1,-1
15,423,642.17,325.32,73.03,68.95,0.68,-1,-1,-1
15,424,2406.92,281.73,61.79,56.49,0.73,-1,-1,-1
15,425,864.43,1031.89,94.56,133.49,0.52,-1,-1,-1
15,426,466.00,208.64,62.29,58.82,0.70,-1,-1,-1
15,428,1430.89,1157.89,110.84,141.70,0.77,-1,-1,-1
15,429,1798.37,1446.75,63.54,63.91,0.37,-1,-1,-1
15,430,515.23,525.36,41.92,62.51,0.53,-1,-1,-1
15,431,745.83,1178.46,62.27,135.17,0.57,-1,-1,-1
15,432,773.24,932.71,50.99,111.63,0.81,-1,-1,-1
15,433,904.59,922.51,75.33,109.51,0.58,-1,-1,-1
15,434,1388.72,653.60,42.87,86.11,0.65,-1,-1,-1
15,435,2227.92,310.60,88.41,46.04,0.58,-1,-1,-1
15,436,450.49,538.26,56.60,53.60,0.73,-1,-1,-1
15,438,1382.49,1049.79,100.48,104.89,0.80,-1,-1,-1
15,439,1362.49,668.79,40.79,85.22,0.48,-1,-1,-1
15,440,2139.37,898.95,65.61,95.69,0.63,-1,-1,-1
15,441,1376.93,535.26,34.31,66.89,0.50,-1,-1,-1
15,442,483.86,308.48,28.84,57.49,0.56,-1,-1,-1
15,443,2073.22,1002.80,67.32,121.98,0.57,-1,-1,-1
15,445,1854.17,386.71,32.43,65.27,0.59,-1,-1,-1
15,446,1537.80,539.47,59.17,64.62,0.41,-1,-1,-1
15,447,1063.68,935.89,55.36,99.40,0.53,-1,-1,-1
15,449,809.56,905.03,55.26,90.24,0.48,-1,-1,-1
15,450,346.56,686.95,45.69,102.01,0.50,-1,-1,-1
15,451,1627.38,312.24,120.85,62.82,0.44,-1,-1,-1
15,452,1440.31,1137.59,79.31,124.93,0.65,-1,-1,-1
15,453,2521.96,878.11,58.03,129.21,0.64,-1,-1,-1
15,454,584.61,240.86,24.79,50.08,0.17,-1,-1,-1
15,455,983.55,392.51,28.77,62.21,0.63,-1,-1,-1
15,456,2274.63,1123.28,77.97,142.07,0.26,-1,-1,-1
15,457,2392.09,468.06,43.50,67.51,0.61,-1,-1,-1
15,458,2278.28,287.42,76.16,43.71,0.14,-1,-1,-1
15,459,1184.02,1032.09,95.42,112.75,0.74,-1,-1,-1
15,460,2164.09,341.03,97.23,60.42,0.39,-1,-1,-1
15,461,653.17,887.13,64.41,122.29,0.55,-1,-1,-1
15,444,2363.94,305.05,61.56,59.36,0.62,-1,-1,-1
15,463,456.65,505.86,34.98,58.63,0.56,-1,-1,-1
15,464,11.83,415.54,29.01,60.58,0.69,-1,-1,-1
15,465,1395.90,1025.55,73.78,121.25,0.54,-1,-1,-1
15,466,1151.10,1202.90,64.11,143.38,0.58,-1,-1,-1
15,467,875.67,603.98,57.10,75.63,0.70,-1,-1,-1
15,468,879.26,1020.84,58.78,114.87,0.42,-1,-1,-1
15,470,2648.36,190.66,35.63,41.12,0.74,-1,-1,-1
15,471,782.71,1143.45,68.11,142.76,0.59,-1,-1,-1
15,472,2604.63,602.03,47.84,86.24,0.60,-1,-1,-1
15,366,2351.39,643.11,48.15,93.54,0.35,-1,-1,-1
16,123,652.47,607.15,182.37,131.40,0.92,-1,-1,-1
16,381,398.29,637.62,35.57,58.80,0.37,-1,-1,-1
16,399,221.59,1019.19,381.37,227.70,0.90,-1,-1,-1
16,400,809.34,746.62,266.29,161.38,0.91,-1,-1,-1
16,401,995.28,775.29,275.34,168.10,0.93,-1,-1,-1
16,402,1451.38,600.61,222.91,99.62,0.86,-1,-1,-1
16,403,1099.58,591.80,238.54,98.71,0.86,-1,-1,-1
16,404,1076.85,679.00,275.25,113.18,0.83,-1,-1,-1
16,405,281.30,1218.07,338.26,279.30,0.85,-1,-1,-1
16,406,2018.11,481.30,200.67,89.67,0.89,-1,-1,-1
16,407,2324.34,379.65,128.89,72.77,0.81,-1,-1,-1
16,408,0.00,1026.71,124.09,181.80,0.64,-1,-1,-1
16,409,485.27,436.68,177.53,99.77,0.90,-1,-1,-1
16,410,1338.89,466.28,215.62,84.59,0.85,-1,-1,-1
16,411,2134.12,390.54,111.77,77.09,0.83,-1,-1,-1
16,412,226.26,403.80,199.70,78.45,0.90,-1,-1,-1
16,413,676.50,377.61,107.33,83.80,0.83,-1,-1,-1
16,414,513.74,616.47,149.15,130.94,0.88,-1,-1,-1
16,415,2219.89,350.02,103.33,76.70,0.78,-1,-1,-1
16,416,2054.09,373.71,115.04,75.12,0.83,-1,-1,-1
16,417,695.42,1260.72,173.45,142.65,0.58,-1,-1,-1
16,418,2444.89,246.65,80.58,57.37,0.70,-1,-1,-1
16,419,1098.31,1244.96,112.79,143.15,0.61,-1,-1,-1
16,420,2548.78,186.58,75.61,60.54,0.27,-1,-1,-1
16,421,2489.79,192.78,59.98,47.74,0.60,-1,-1,-1
16,422,2366.66,248.83,76.50,48.40,0.57,-1,-1,-1
16,423,640.13,324.61,73.45,69.32,0.70,-1,-1,-1
16,424,2406.04,281.71,59.81,55.07,0.64,-1,-1,-1
16,425,860.07,1015.26,101.02,145.69,0.54,-1,-1,-1
16,426,462.41,206.91,64.03,60.73,0.63,-1,-1,-1
16,428,1435.60,1163.26,113.89,146.18,0.75,-1,-1,-1
16,429,1816.38,1456.89,54.38,53.34,0.30,-1,-1,-1
16,430,515.57,527.20,41.94,63.03,0.52,-1,-1,-1
16,431,751.73,1181.78,55.54,118.01,0.43,-1,-1,-1
16,432,772.01,933.47,50.84,110.67,0.82,-1,-1,-1
16,433,899.42,916.86,75.01,107.57,0.64,-1,-1,-1
16,434,1384.25,651.51,42.14,84.58,0.66,-1,-1,-1
16,435,2225.84,309.60,88.23,46.00,0.62,-1,-1,-1
16,436,450.39,538.32,56.64,53.08,0.73,-1,-1,-1
16,438,1390.85,1056.32,100.75,105.09,0.72,-1,-1,-1
16,439,1355.73,667.42,40.82,85.75,0.67,-1,-1,-1
16,440,2141.36,890.74,64.13,92.71,0.69,-1,-1,-1
16,441,1375.67,535.69,34.87,67.99,0.47,-1,-1,-1
16,442,481.36,309.84,29.49,58.92,0.55,-1,-1,-1
16,443,2074.31,995.37,66.80,121.85,0.59,-1,-1,-1
16,445,1853.69,386.90,31.10,62.34,0.50,-1,-1,-1
16,446,1542.14,536.68,55.05,61.60,0.22,-1,-1,-1
16,447,1064.81,929.48,52.68,94.43,0.35,-1,-1,-1
16,449,800.11,900.46,57.44,91.13,0.29,-1,-1,-1
16,450,343.06,686.44,48.36,107.54,0.58,-1,-1,-1
16,451,1626.68,315.52,116.42,60.10,0.48,-1,-1,-1
16,452,1448.71,1141.94,82.36,127.61,0.75,-1,-1,-1
16,453,2516.65,876.22,60.31,134.53,0.62,-1,-1,-1
16,454,582.25,238.33,25.54,51.64,0.42,-1,-1,-1
16,455,979.95,389.59,28.93,62.90,0.60,-1,-1,-1
16,456,2270.80,1121.96,74.98,137.33,0.23,-1,-1,-1
16,457,2391.85,466.09,41.14,64.48,0.59,-1,-1,-1
16,458,2281.43,287.30,73.17,41.91,0.29,-1,-1,-1
16,459,1189.88,1039.06,93.59,111.72,0.72,-1,-1,-1
16,460,2156.66,339.39,100.18,61.60,0.69,-1,-1,-1
16,461,652.58,903.99,63.16,121.03,0.44,-1,-1,-1
16,444,2363.32,307.74,57.94,55.85,0.65,-1,-1,-1
16,463,456.04,505.79,34.67,58.25,0.61,-1,-1,-1
16,464,12.47,413.42,31.33,62.32,0.63,-1,-1,-1
16,465,1403.10,1030.49,74.68,123.43,0.52,-1,-1,-1
16,466,1143.71,1205.55,61.98,138.27,0.53,-1,-1,-1
16,467,874.60,604.49,59.51,78.82,0.67,-1,-1,-1
16,468,880.17,1013.79,59.38,114.30,0.32,-1,-1,-1
16,470,2644.89,189.97,36.88,42.32,0.64,-1,-1,-1
16,471,785.91,1146.09,66.51,139.29,0.57,-1,-1,-1
16,472,2604.70,600.66,48.03,86.78,0.61,-1,-1,-1
16,366,2348.78,637.43,48.85,94.18,0.27,-1,-1,-1
17,123,650.95,606.85,184.24,132.24,0.91,-1,-1,-1
17,381,393.86,637.02,39.39,64.30,0.35,-1,-1,-1
17,399,203.42,1025.07,386.13,229.47,0.91,-1,-1,-1
17,400,807.60,745.78,266.34,161.29,0.92,-1,-1,-1
17,401,991.81,774.34,275.87,168.16,0.94,-1,-1,-1
17,402,1454.13,597.16,231.47,103.41,0.87,-1,-1,-1
17,403,1105.09,591.89,239.88,98.75,0.85,-1,-1,-1
17,404,1077.90,678.46,276.94,113.93,0.83,-1,-1,-1
17,405,275.19,1217.92,337.73,276.93,0.84,-1,-1,-1
17,406,2029.12,480.20,193.25,86.63,0.84,-1,-1,-1
17,407,2327.29,375.71,127.99,72.88,0.84,-1,-1,-1
17,409,492.04,437.51,178.66,100.37,0.90,-1,-1,-1
17,410,1358.57,466.96,211.57,82.95,0.84,-1,-1,-1
17,411,2131.30,389.65,111.84,77.22,0.81,-1,-1,-1
17,412,230.82,404.80,199.64,78.82,0.90,-1,-1,-1
17,413,673.33,376.18,109.07,84.97,0.78,-1,-1,-1
17,414,513.62,618.43,150.98,132.10,0.89,-1,-1,-1
17,415,2218.01,349.50,102.87,76.70,0.79,-1,-1,-1
17,416,2051.64,373.21,113.93,74.61,0.80,-1,-1,-1
17,417,684.66,1246.25,185.15,154.25,0.77,-1,-1,-1
17,418,2441.31,245.95,81.70,58.17,0.73,-1,-1,-1
17,419,1093.21,1242.00,111.39,140.91,0.66,-1,-1,-1
17,420,2546.32,187.60,74.89,58.53,0.30,-1,-1,-1
17,421,2486.48,191.91,60.12,47.68,0.69,-1,-1,-1
17,422,2363.28,246.81,79.56,50.69,0.64,-1,-1,-1
17,423,636.95,323.58,74.46,70.49,0.69,-1,-1,-1
17,424,2405.26,282.03,58.70,54.31,0.69,-1,-1,-1
17,425,858.14,1007.78,101.78,149.35,0.65,-1,-1,-1
17,426,460.41,208.28,62.52,59.12,0.68,-1,-1,-1
17,428,1440.21,1166.20,116.86,150.60,0.69,-1,-1,-1
17,429,1826.75,1467.30,46.74,43.80,0.14,-1,-1,-1
17,430,516.75,529.98,40.77,61.37,0.51,-1,-1,-1
17,431,752.95,1183.97,53.87,111.86,0.47,-1,-1,-1
17,432,769.62,935.39,52.05,112.51,0.84,-1,-1,-1
17,433,896.53,920.91,70.26,98.13,0.73,-1,-1,-1
17,434,1380.79,649.63,41.27,81.82,0.55,-1,-1,-1
17,435,2223.13,309.42,89.75,46.97,0.69,-1,-1,-1
17,436,449.98,538.31,57.07,52.89,0.72,-1,-1,-1
17,438,1400.87,1063.64,100.12,103.81,0.60,-1,-1,-1
17,439,1351.21,665.37,40.80,85.20,0.59,-1,-1,-1
17,440,2141.96,876.91,66.11,95.46,0.65,-1,-1,-1
17,441,1376.40,538.01,33.02,64.28,0.45,-1,-1,-1
17,442,479.49,311.73,28.52,57.14,0.50,-1,-1,-1
17,443,2077.53,991.81,62.82,114.54,0.58,-1,-1,-1
17,445,1851.94,387.38,29.99,59.74,0.51,-1,-1,-1
17,446,1542.55,533.75,54.02,62.20,0.15,-1,-1,-1
17,447,1067.70,922.05,55.11,97.90,0.49,-1,-1,-1
17,449,788.84,896.64,60.30,92.15,0.28,-1,-1,-1
17,450,340.26,686.28,49.57,109.56,0.57,-1,-1,-1
17,451,1620.65,310.69,124.19,64.29,0.54,-1,-1,-1
17,452,1455.27,1149.90,79.93,123.60,0.63,-1,-1,-1
17,453,2513.12,874.43,60.75,135.91,0.64,-1,-1,-1
17,454,580.91,235.81,25.46,51.48,0.18,-1,-1,-1
17,455,976.29,390.08,27.76,60.38,0.64,-1,-1,-1
17,456,2268.31,1117.33,75.82,139.74,0.44,-1,-1,-1
17,457,2391.26,463.87,40.05,63.34,0.54,-1,-1,-1
17,458,2277.17,286.39,73.34,41.57,0.60,-1,-1,-1
17,459,1193.46,1042.15,96.24,116.28,0.54,-1,-1,-1
17,460,2154.68,338.59,98.74,60.04,0.38,-1,-1,-1
17,461,650.69,908.12,65.00,126.20,0.33,-1,-1,-1
17,444,2360.09,306.87,57.60,55.71,0.44,-1,-1,-1
17,463,455.13,505.93,35.11,59.06,0.59,-1,-1,-1
17,464,13.28,413.47,33.95,63.97,0.55,-1,-1,-1
17,465,1408.68,1034.87,78.84,128.71,0.58,-1,-1,-1
17,466,1131.64,1189.87,68.79,153.49,0.46,-1,-1,-1
17,467,875.38,607.50,59.41,78.51,0.65,-1,-1,-1
17,468,877.92,1008.62,62.42,118.24,0.15,-1,-1,-1
17,470,2641.74,193.23,35.02,39.75,0.68,-1,-1,-1
17,471,795.34,1148.07,69.84,145.89,0.56,-1,-1,-1
17,472,2606.26,599.19,47.97,86.92,0.61,-1,-1,-1
17,366,2348.11,630.39,49.02,94.34,0.26,-1,-1,-1
18,123,650.02,606.94,185.11,132.45,0.91,-1,-1,-1
18,381,391.36,636.04,39.95,64.15,0.32,-1,-1,-1
18,399,187.86,1028.01,388.85,230.25,0.91,-1,-1,-1
18,400,805.16,745.16,267.13,161.45,0.93,-1,-1,-1
18,401,988.90,773.89,276.53,168.39,0.93,-1,-1,-1
18,402,1460.72,594.59,232.82,103.95,0.86,-1,-1,-1
18,403,1111.33,591.69,240.49,98.54,0.85,-1,-1,-1
18,404,1080.46,678.76,276.06,113.17,0.77,-1,-1,-1
18,405,271.26,1218.34,337.82,274.87,0.83,-1,-1,-1
18,406,2040.19,479.33,185.18,83.13,0.86,-1,-1,-1
18,407,2330.58,371.76,125.75,72.23,0.86,-1,-1,-1
18,409,498.21,439.02,178.95,100.31,0.90,-1,-1,-1
18,410,1377.37,467.35,213.68,83.84,0.84,-1,-1,-1
18,411,2129.12,389.24,110.88,76.62,0.82,-1,-1,-1
18,412,234.66,405.63,199.73,79.31,0.89,-1,-1,-1
18,413,670.82,375.31,109.77,85.56,0.78,-1,-1,-1
18,414,513.65,621.18,153.09,133.62,0.89,-1,-1,-1
18,415,2215.64,348.60,102.56,76.60,0.75,-1,-1,-1
18,416,2049.21,372.78,112.58,74.02,0.82,-1,-1,-1
18,417,676.34,1239.60,188.66,159.66,0.79,-1,-1,-1
18,418,2438.34,244.85,82.74,59.11,0.70,-1,-1,-1
18,419,1088.81,1242.57,102.59,126.78,0.69,-1,-1,-1
18,420,2536.97,184.52,86.41,67.16,0.25,-1,-1,-1
18,421,2483.26,191.00,62.05,49.29,0.56,-1,-1,-1
18,422,2359.46,246.64,78.98,50.23,0.69,-1,-1,-1
18,423,633.04,321.60,76.05,72.25,0.71,-1,-1,-1
18,424,2403.68,283.74,55.85,51.70,0.69,-1,-1,-1
18,425,856.57,1004.41,100.36,149.94,0.69,-1,-1,-1
18,426,457.55,207.57,63.07,59.86,0.72,-1,-1,-1
18,428,1445.95,1167.61,118.06,153.93,0.66,-1,-1,-1
18,430,517.07,532.03,40.55,60.93,0.61,-1,-1,-1
18,431,753.98,1184.08,61.22,127.40,0.50,-1,-1,-1
18,432,767.08,942.83,52.19,111.81,0.76,-1,-1,-1
18,433,889.19,919.28,70.43,96.18,0.69,-1,-1,-1
18,434,1376.12,646.72,38.59,76.20,0.41,-1,-1,-1
18,435,2220.04,308.90,90.81,47.72,0.69,-1,-1,-1
18,436,448.83,538.10,58.52,53.69,0.67,-1,-1,-1
18,438,1408.04,1068.00,102.01,105.33,0.75,-1,-1,-1
18,439,1347.59,662.78,40.47,84.50,0.49,-1,-1,-1
18,440,2144.12,868.18,65.35,93.89,0.63,-1,-1,-1
18,441,1374.47,536.83,34.32,67.28,0.49,-1,-1,-1
18,442,476.45,312.33,28.56,57.36,0.54,-1,-1,-1
18,443,2085.50,968.55,58.52,106.22,0.62,-1,-1,-1
18,445,1850.67,388.03,28.81,56.74,0.51,-1,-1,-1
18,446,1526.11,531.17,57.52,64.68,0.11,-1,-1,-1
18,447,1067.96,916.17,58.69,102.72,0.60,-1,-1,-1
18,449,781.22,894.75,59.90,87.77,0.45,-1,-1,-1
18,450,335.83,686.39,51.22,113.53,0.65,-1,-1,-1
18,451,1618.04,307.69,127.18,65.96,0.48,-1,-1,-1
18,452,1458.29,1156.01,80.62,124.60,0.59,-1,-1,-1
18,453,2511.61,874.04,60.54,135.94,0.61,-1,-1,-1
18,454,580.54,238.35,23.87,47.35,0.37,-1,-1,-1
18,455,972.19,388.93,27.68,60.27,0.65,-1,-1,-1
18,456,2266.00,1111.57,75.91,140.60,0.28,-1,-1,-1
18,457,2391.68,460.62,36.52,58.04,0.50,-1,-1,-1
18,458,2273.92,285.96,72.36,40.81,0.51,-1,-1,-1
18,459,1197.16,1045.74,96.95,118.37,0.61,-1,-1,-1
18,460,2150.15,337.80,101.04,60.82,0.44,-1,-1,-1
18,461,648.82,907.38,64.76,127.42,0.58,-1,-1,-1
18,444,2358.16,305.81,58.03,56.12,0.51,-1,-1,-1
18,463,454.29,505.57,37.00,62.30,0.59,-1,-1,-1
18,464,14.38,416.05,35.26,62.31,0.63,-1,-1,-1
18,465,1418.36,1038.41,81.01,131.82,0.67,-1,-1,-1
18,466,1120.37,1182.28,71.69,159.63,0.51,-1,-1,-1
18,467,875.76,611.01,58.72,77.28,0.65,-1,-1,-1
18,468,873.59,1002.30,67.84,127.57,0.10,-1,-1,-1
18,470,2637.53,190.37,37.88,42.63,0.65,-1,-1,-1
18,471,802.82,1149.20,65.85,137.97,0.53,-1,-1,-1
18,472,2605.66,597.22,48.88,89.15,0.54,-1,-1,-1
18,366,2350.16,623.73,47.23,91.17,0.54,-1,-1,-1
18,474,2653.17,308.23,32.91,60.93,0.61,-1,-1,-1
19,123,649.07,607.07,186.05,132.74,0.91,-1,-1,-1
19,381,391.15,634.78,41.06,66.31,0.33,-1,-1,-1
19,399,173.54,1030.28,390.56,229.78,0.90,-1,-1,-1
19,400,801.45,744.88,266.86,160.49,0.92,-1,-1,-1
19,401,987.70,773.32,275.38,167.47,0.93,-1,-1,-1
19,402,1466.69,591.41,236.73,105.76,0.86,-1,-1,-1
19,403,1118.94,591.31,242.28,98.54,0.84,-1,-1,-1
19,404,1076.27,677.07,280.18,114.91,0.79,-1,-1,-1
19,405,268.72,1217.65,337.45,272.45,0.83,-1,-1,-1
19,406,2047.24,476.63,184.03,82.98,0.86,-1,-1,-1
19,407,2334.16,368.15,124.17,71.97,0.83,-1,-1,-1
19,409,503.91,439.41,180.78,101.31,0.90,-1,-1,-1
19,410,1395.81,466.58,216.28,84.96,0.88,-1,-1,-1
19,411,2126.58,388.92,110.78,76.50,0.83,-1,-1,-1
19,412,238.43,406.32,199.25,79.56,0.88,-1,-1,-1
19,413,667.68,373.71,111.43,87.03,0.83,-1,-1,-1
19,414,513.94,623.80,154.43,134.51,0.89,-1,-1,-1
19,415,2212.23,347.98,102.42,76.43,0.72,-1,-1,-1
19,416,2047.73,372.29,111.67,73.59,0.81,-1,-1,-1
19,417,672.82,1240.98,183.40,156.86,0.86,-1,-1,-1
19,418,2434.75,244.11,83.15,59.74,0.73,-1,-1,-1
19,419,1081.43,1239.16,102.42,123.87,0.55,-1,-1,-1
19,420,2529.54,182.65,93.92,72.39,0.17,-1,-1,-1
19,421,2480.74,190.98,62.47,49.35,0.48,-1,-1,-1
19,422,2353.24,251.06,73.47,47.29,0.55,-1,-1,-1
19,423,630.61,320.85,76.09,72.35,0.79,-1,-1,-1
19,424,2403.32,285.95,52.86,49.07,0.55,-1,-1,-1
19,425,856.01,1004.97,96.78,146.86,0.71,-1,-1,-1
19,426,455.19,207.13,63.51,60.29,0.68,-1,-1,-1
19,428,1458.18,1181.49,114.60,150.30,0.80,-1,-1,-1
19,430,517.28,534.51,39.94,59.67,0.62,-1,-1,-1
19,431,757.78,1184.18,59.89,124.70,0.54,-1,-1,-1
19,432,764.64,947.32,52.11,110.86,0.68,-1,-1,-1
19,433,880.63,914.01,75.17,100.76,0.70,-1,-1,-1
19,434,1367.63,644.70,41.09,81.57,0.61,-1,-1,-1
19,435,2218.61,308.60,89.60,47.15,0.63,-1,-1,-1
19,436,448.35,538.05,59.22,53.76,0.65,-1,-1,-1
19,438,1415.16,1068.91,106.49,110.07,0.74,-1,-1,-1
19,439,1344.17,669.71,37.10,76.33,0.19,-1,-1,-1
19,440,2146.46,863.30,62.64,89.69,0.62,-1,-1,-1
19,441,1369.45,535.76,36.28,71.13,0.40,-1,-1,-1
19,442,472.87,313.18,28.68,57.43,0.58,-1,-1,-1
19,443,2088.97,954.07,58.06,104.89,0.53,-1,-1,-1
19,445,1848.64,387.29,29.24,57.42,0.55,-1,-1,-1
19,447,1069.73,914.30,59.24,101.34,0.37,-1,-1,-1
19,449,771.55,888.44,64.55,92.08,0.68,-1,-1,-1
19,450,333.98,691.11,51.78,114.06,0.69,-1,-1,-1
19,451,1618.28,307.11,124.23,64.45,0.43,-1,-1,-1
19,452,1466.94,1159.45,81.57,128.17,0.55,-1,-1,-1
19,453,2509.29,875.84,60.31,135.64,0.62,-1,-1,-1
19,454,579.36,236.39,24.25,47.73,0.34,-1,-1,-1
19,455,968.77,385.65,27.69,60.55,0.66,-1,-1,-1
19,456,2260.41,1106.74,76.85,143.68,0.24,-1,-1,-1
19,457,2389.82,457.89,37.53,60.24,0.52,-1,-1,-1
19,458,2276.65,285.34,71.79,40.80,0.54,-1,-1,-1
19,459,1203.95,1051.04,96.69,119.38,0.60,-1,-1,-1
19,460,2140.86,336.15,108.77,65.50,0.22,-1,-1,-1
19,461,649.47,909.58,62.96,125.18,0.67,-1,-1,-1
19,444,2356.08,306.89,56.62,54.53,0.36,-1,-1,-1
19,463,455.56,505.61,37.97,64.09,0.59,-1,-1,-1
19,464,14.91,414.44,39.23,65.29,0.67,-1,-1,-1
19,465,1427.15,1043.11,79.46,128.84,0.63,-1,-1,-1
19,466,1108.05,1192.39,68.09,152.18,0.43,-1,-1,-1
19,467,878.75,618.48,55.98,73.26,0.71,-1,-1,-1
19,468,872.75,1002.67,67.56,125.71,0.14,-1,-1,-1
19,470,2632.98,189.68,38.28,42.62,0.67,-1,-1,-1
19,471,809.47,1151.99,63.35,133.34,0.69,-1,-1,-1
19,472,2606.44,597.41,48.09,88.19,0.53,-1,-1,-1
19,366,2347.05,620.53,47.17,89.16,0.32,-1,-1,-1
19,474,2652.20,309.27,32.97,60.82,0.57,-1,-1,-1
20,123,647.75,607.23,186.97,132.98,0.92,-1,-1,-1
20,381,389.46,634.30,41.30,66.71,0.34,-1,-1,-1
20,399,157.05,1034.71,393.64,230.96,0.92,-1,-1,-1
20,400,793.82,743.66,271.51,162.70,0.92,-1,-1,-1
20,401,985.85,772.98,275.07,167.18,0.92,-1,-1,-1
20,402,1475.05,589.95,239.95,107.43,0.90,-1,-1,-1
20,403,1126.17,590.13,248.62,100.41,0.83,-1,-1,-1
20,404,1081.78,677.39,282.94,115.00,0.75,-1,-1,-1
20,405,270.36,1216.29,338.54,271.51,0.83,-1,-1,-1
20,406,2053.77,474.49,182.19,82.52,0.86,-1,-1,-1
20,407,2337.98,365.29,119.48,69.71,0.79,-1,-1,-1
20,409,509.37,441.27,180.62,101.10,0.92,-1,-1,-1
20,410,1414.42,466.45,216.27,84.99,0.86,-1,-1,-1
20,411,2124.23,388.81,109.74,75.68,0.84,-1,-1,-1
20,412,242.82,407.75,197.95,79.51,0.87,-1,-1,-1
20,413,664.37,373.36,112.08,87.64,0.81,-1,-1,-1
20,414,514.14,626.10,156.07,135.75,0.90,-1,-1,-1
20,415,2209.65,347.13,101.80,75.84,0.79,-1,-1,-1
20,416,2044.86,371.79,110.63,73.26,0.83,-1,-1,-1
20,417,669.75,1241.31,178.29,153.47,0.75,-1,-1,-1
20,418,2432.22,244.69,81.43,58.65,0.70,-1,-1,-1
20,419,1074.23,1234.26,102.49,121.36,0.66,-1,-1,-1
20,420,2523.23,185.32,88.68,68.56,0.20,-1,-1,-1
20,421,2477.91,192.11,60.10,47.38,0.34,-1,-1,-1
20,422,2350.15,248.55,76.00,49.20,0.62,-1,-1,-1
20,423,628.59,320.96,75.42,71.78,0.77,-1,-1,-1
20,424,2397.76,283.04,55.64,51.64,0.66,-1,-1,-1
20,425,854.14,1002.78,95.37,147.25,0.74,-1,-1,-1
20,426,453.13,207.67,63.03,59.88,0.58,-1,-1,-1
20,428,1469.00,1195.97,107.82,140.92,0.86,-1,-1,-1
20,430,517.44,536.32,39.96,59.35,0.65,-1,-1,-1
20,431,758.08,1186.50,65.98,138.47,0.52,-1,-1,-1
20,432,763.87,950.14,52.79,111.52,0.68,-1,-1,-1
20,433,871.93,906.71,81.31,106.89,0.65,-1,-1,-1
20,434,1361.95,643.87,41.49,82.55,0.56,-1,-1,-1
20,435,2217.15,307.88,88.95,46.97,0.69,-1,-1,-1
20,436,448.10,538.12,59.55,53.52,0.67,-1,-1,-1
20,438,1426.23,1076.13,103.26,106.23,0.87,-1,-1,-1
20,439,1343.44,661.85,39.66,79.44,0.16,-1,-1,-1
20,440,2148.20,856.21,60.16,85.28,0.60,-1,-1,-1
20,441,1365.77,535.01,38.12,74.72,0.47,-1,-1,-1
20,442,469.65,314.77,28.92,57.77,0.58,-1,-1,-1
20,443,2091.15,938.95,61.44,112.19,0.61,-1,-1,-1
20,445,1846.34,386.07,28.78,56.29,0.59,-1,-1,-1
20,447,1071.23,908.96,60.71,102.18,0.51,-1,-1,-1
20,449,765.26,884.91,66.36,92.76,0.72,-1,-1,-1
20,450,331.36,692.71,52.32,115.17,0.69,-1,-1,-1
20,451,1614.74,305.12,124.22,64.65,0.36,-1,-1,-1
20,452,1476.85,1167.03,83.05,130.12,0.56,-1,-1,-1
20,453,2505.32,874.14,61.37,137.60,0.58,-1,-1,-1
20,454,578.27,234.62,24.54,47.96,0.28,-1,-1,-1
20,455,964.14,381.93,29.60,65.54,0.60,-1,-1,-1
20,456,2261.36,1098.32,73.82,138.13,0.53,-1,-1,-1
20,457,2389.77,454.73,36.71,59.56,0.54,-1,-1,-1
20,458,2271.63,285.15,72.15,40.71,0.66,-1,-1,-1
20,459,1214.79,1062.02,92.12,115.01,0.65,-1,-1,-1
20,460,2137.04,336.56,103.36,62.42,0.43,-1,-1,-1
20,461,652.80,915.17,56.27,111.34,0.61,-1,-1,-1
20,444,2351.20,302.71,59.98,58.26,0.60,-1,-1,-1
20,463,456.05,505.96,36.67,61.70,0.56,-1,-1,-1
20,464,14.86,412.42,42.81,67.29,0.67,-1,-1,-1
20,465,1434.80,1046.52,79.21,128.25,0.54,-1,-1,-1
20,466,1099.41,1186.11,68.89,154.55,0.49,-1,-1,-1
20,467,882.12,622.65,55.04,72.34,0.66,-1,-1,-1
20,470,2631.24,190.54,37.68,41.51,0.62,-1,-1,-1
20,471,815.34,1155.42,64.59,136.20,0.61,-1,-1,-1
20,472,2605.50,596.71,48.38,89.17,0.55,-1,-1,-1
20,366,2347.20,614.53,46.28,87.04,0.36,-1,-1,-1
20,474,2651.10,307.95,33.02,60.47,0.65,-1,-1,-1
21,123,646.94,607.78,187.95,133.28,0.92,-1,-1,-1
21,381,386.91,633.62,41.24,66.38,0.31,-1,-1,-1
21,399,145.00,1036.86,395.26,230.77,0.91,-1,-1,-1
21,400,791.44,742.35,273.43,163.65,0.91,-1,-1,-1
21,401,983.60,773.09,275.63,167.51,0.91,-1,-1,-1
21,402,1486.25,589.29,235.23,105.19,0.87,-1,-1,-1
21,403,1134.44,588.79,252.20,100.82,0.85,-1,-1,-1
21,404,1096.03,677.85,286.74,113.72,0.75,-1,-1,-1
21,405,268.53,1215.25,341.05,271.74,0.83,-1,-1,-1
21,406,2059.95,472.22,179.75,81.89,0.84,-1,-1,-1
21,407,2339.96,361.99,118.05,69.42,0.83,-1,-1,-1
21,409,514.25,442.90,180.82,101.04,0.93,-1,-1,-1
21,410,1435.58,465.74,215.53,84.78,0.86,-1,-1,-1
21,411,2122.29,388.23,110.29,76.09,0.83,-1,-1,-1
21,412,249.00,409.22,196.24,79.21,0.84,-1,-1,-1
21,413,661.72,373.25,111.95,87.55,0.80,-1,-1,-1
21,414,514.70,628.38,157.43,136.72,0.89,-1,-1,-1
21,415,2208.35,347.21,100.83,75.27,0.81,-1,-1,-1
21,416,2045.06,371.40,110.19,72.90,0.84,-1,-1,-1
21,417,666.74,1245.17,170.37,146.30,0.84,-1,-1,-1
21,418,2428.02,243.00,82.65,59.60,0.78,-1,-1,-1
21,419,1068.48,1231.28,102.18,119.17,0.56,-1,-1,-1
21,420,2520.34,188.18,87.92,67.50,0.15,-1,-1,-1
21,421,2476.20,190.73,60.03,47.58,0.38,-1,-1,-1
21,422,2347.63,247.06,77.48,50.33,0.60,-1,-1,-1
21,423,627.56,322.96,72.26,68.49,0.77,-1,-1,-1
21,424,2396.00,285.93,52.85,49.09,0.47,-1,-1,-1
21,425,854.28,1001.01,92.56,144.67,0.78,-1,-1,-1
21,426,451.63,210.52,60.23,56.89,0.43,-1,-1,-1
21,428,1478.44,1202.24,105.63,137.45,0.78,-1,-1,-1
21,430,517.50,537.68,40.54,60.17,0.55,-1,-1,-1
21,431,760.68,1188.96,67.12,141.33,0.50,-1,-1,-1
21,432,760.59,951.85,53.60,112.76,0.71,-1,-1,-1
21,433,864.60,903.26,84.64,109.35,0.76,-1,-1,-1
21,434,1354.10,644.14,44.32,88.67,0.15,-1,-1,-1
21,435,2214.68,306.59,89.82,47.70,0.66,-1,-1,-1
21,436,447.98,539.58,59.08,52.38,0.58,-1,-1,-1
21,438,1432.75,1080.12,105.03,108.03,0.84,-1,-1,-1
21,439,1337.65,659.44,41.15,82.29,0.15,-1,-1,-1
21,440,2145.02,830.09,72.43,104.54,0.60,-1,-1,-1
21,441,1365.55,534.22,37.48,73.66,0.49,-1,-1,-1
21,442,467.57,317.82,27.18,54.12,0.57,-1,-1,-1
21,443,2096.74,925.33,57.65,105.41,0.54,-1,-1,-1
21,445,1844.81,386.72,27.74,53.80,0.58,-1,-1,-1
21,447,1072.33,903.63,60.62,102.27,0.51,-1,-1,-1
21,449,759.02,887.71,65.67,88.56,0.53,-1,-1,-1
21,450,329.14,694.34,52.29,115.41,0.72,-1,-1,-1
21,451,1611.94,304.51,122.17,63.90,0.26,-1,-1,-1
21,452,1489.33,1174.26,81.53,128.50,0.67,-1,-1,-1
21,453,2504.71,873.95,59.68,132.86,0.60,-1,-1,-1
21,454,578.36,240.51,22.27,42.49,0.23,-1,-1,-1
21,455,960.68,381.46,29.22,65.24,0.57,-1,-1,-1
21,456,2259.22,1093.32,72.85,135.74,0.34,-1,-1,-1
21,457,2388.93,452.35,35.92,58.62,0.55,-1,-1,-1
21,458,2270.02,284.29,73.14,41.30,0.58,-1,-1,-1
21,459,1222.02,1068.66,89.58,113.23,0.77,-1,-1,-1
21,460,2136.46,336.82,97.78,58.97,0.13,-1,-1,-1
21,461,653.68,920.06,55.52,109.54,0.56,-1,-1,-1
21,444,2346.20,298.72,63.68,62.46,0.72,-1,-1,-1
21,463,456.30,506.35,35.86,60.01,0.56,-1,-1,-1
21,464,14.62,412.22,45.22,67.16,0.77,-1,-1,-1
21,465,1438.22,1052.46,77.29,123.06,0.54,-1,-1,-1
21,466,1091.05,1182.42,69.60,155.53,0.54,-1,-1,-1
21,467,878.72,622.76,58.31,76.63,0.60,-1,-1,-1
21,470,2627.96,188.16,40.82,44.47,0.65,-1,-1,-1
21,471,818.66,1156.51,65.57,138.67,0.53,-1,-1,-1
21,472,2605.27,594.76,46.77,86.55,0.56,-1,-1,-1
21,366,2345.65,608.48,47.84,90.35,0.31,-1,-1,-1
21,474,2649.23,309.48,33.19,59.93,0.71,-1,-1,-1
21,476,1229.88,1024.47,63.03,109.81,0.55,-1,-1,-1
21,446,1499.29,531.42,62.89,67.49,0.64,-1,-1,-1
22,123,646.04,607.74,189.32,134.00,0.92,-1,-1,-1
22,381,381.40,634.73,41.18,65.00,0.31,-1,-1,-1
22,399,123.96,1039.15,399.71,233.46,0.88,-1,-1,-1
22,400,791.05,741.60,273.90,163.85,0.91,-1,-1,-1
22,401,979.70,772.84,274.07,166.01,0.88,-1,-1,-1
22,402,1493.60,586.61,238.16,106.49,0.87,-1,-1,-1
22,403,1139.75,588.27,251.84,100.22,0.85,-1,-1,-1
22,404,1091.37,676.65,292.77,114.45,0.78,-1,-1,-1
22,405,265.20,1214.47,343.51,271.76,0.83,-1,-1,-1
22,406,2066.63,470.04,177.36,81.21,0.88,-1,-1,-1
22,407,2343.36,358.89,115.29,68.28,0.82,-1,-1,-1
22,409,518.53,444.03,183.04,102.18,0.92,-1,-1,-1
22,410,1455.71,465.71,214.60,84.37,0.89,-1,-1,-1
22,411,2120.85,387.45,109.81,75.78,0.83,-1,-1,-1
22,412,255.30,410.63,194.28,78.88,0.84,-1,-1,-1
22,413,660.42,373.54,110.85,86.76,0.81,-1,-1,-1
22,414,515.03,631.23,159.23,138.07,0.89,-1,-1,-1
22,415,2207.30,347.41,98.81,74.08,0.76,-1,-1,-1
22,416,2043.36,371.01,110.61,72.83,0.83,-1,-1,-1
22,417,663.27,1251.57,160.66,137.53,0.89,-1,-1,-1
22,418,2425.70,242.74,82.14,59.39,0.76,-1,-1,-1
22,419,1057.24,1228.84,105.33,121.47,0.72,-1,-1,-1
22,420,2523.35,181.02,78.65,58.31,0.15,-1,-1,-1
22,421,2474.15,189.16,60.38,48.01,0.46,-1,-1,-1
22,422,2344.74,250.07,73.75,47.58,0.56,-1,-1,-1
22,423,626.85,323.87,70.38,66.44,0.77,-1,-1,-1
22,424,2390.45,281.32,56.35,51.81,0.71,-1,-1,-1
22,425,855.04,1002.87,87.56,137.91,0.76,-1,-1,-1
22,426,449.24,210.13,60.50,56.98,0.40,-1,-1,-1
22,428,1483.52,1200.89,109.45,142.97,0.71,-1,-1,-1
22,430,517.49,538.57,40.99,60.93,0.55,-1,-1,-1
22,431,765.77,1185.90,72.62,154.16,0.55,-1,-1,-1
22,432,759.00,953.73,53.34,111.42,0.67,-1,-1,-1
22,433,856.10,906.75,81.38,102.71,0.54,-1,-1,-1
22,435,2213.89,305.31,86.88,46.15,0.62,-1,-1,-1
22,436,448.42,540.31,59.25,51.92,0.57,-1,-1,-1
22,438,1439.46,1085.08,106.72,109.57,0.73,-1,-1,-1
22,439,1335.15,660.66,40.55,80.91,0.14,-1,-1,-1
22,440,2147.17,816.44,73.88,107.97,0.58,-1,-1,-1
22,441,1364.73,533.69,38.06,75.18,0.44,-1,-1,-1
22,442,465.40,320.49,26.99,53.61,0.56,-1,-1,-1
22,443,2099.85,915.18,56.42,103.12,0.60,-1,-1,-1
22,445,1842.50,385.29,28.25,54.61,0.63,-1,-1,-1
22,447,1072.99,899.13,59.71,101.94,0.48,-1,-1,-1
22,449,752.36,888.35,64.05,83.67,0.46,-1,-1,-1
22,450,327.11,695.88,51.87,114.33,0.69,-1,-1,-1
22,451,1608.16,302.42,124.31,65.40,0.44,-1,-1,-1
22,452,1493.01,1180.16,80.27,126.62,0.64,-1,-1,-1
22,453,2502.51,870.20,60.06,132.95,0.55,-1,-1,-1
22,454,576.95,239.27,22.27,41.83,0.31,-1,-1,-1
22,455,956.79,377.81,28.90,64.51,0.61,-1,-1,-1
22,456,2258.29,1087.69,72.59,134.77,0.20,-1,-1,-1
22,457,2388.10,451.42,34.91,56.90,0.48,-1,-1,-1
22,458,2268.56,284.48,71.08,40.23,0.48,-1,-1,-1
22,459,1226.15,1072.52,90.52,115.53,0.76,-1,-1,-1
22,460,2135.93,336.85,96.24,57.58,0.36,-1,-1,-1
22,461,653.17,940.76,58.15,113.91,0.50,-1,-1,-1
22,444,2348.66,306.55,56.19,54.51,0.70,-1,-1,-1
22,463,456.80,506.75,35.29,58.57,0.56,-1,-1,-1
22,464,13.78,412.20,47.98,67.79,0.69,-1,-1,-1
22,465,1455.34,1057.08,75.77,121.16,0.47,-1,-1,-1
22,466,1075.45,1176.23,73.27,161.66,0.52,-1,-1,-1
22,467,876.33,623.95,59.72,78.74,0.60,-1,-1,-1
22,470,2623.77,189.09,40.25,43.33,0.53,-1,-1,-1
22,471,822.38,1157.58,69.67,148.15,0.55,-1,-1,-1
22,472,2605.81,594.44,44.68,82.80,0.52,-1,-1,-1
22,366,2343.39,607.14,49.47,93.89,0.38,-1,-1,-1
22,474,2647.60,309.90,33.54,59.40,0.71,-1,-1,-1
22,476,1233.82,1032.41,66.44,115.55,0.59,-1,-1,-1
22,478,2384.93,474.52,36.68,52.59,0.52,-1,-1,-1
22,446,1489.52,527.81,70.89,74.60,0.53,-1,-1,-1
23,123,644.19,607.60,190.74,134.71,0.92,-1,-1,-1
23,381,376.90,633.62,42.92,66.96,0.42,-1,-1,-1
23,399,111.68,1040.89,398.41,231.86,0.88,-1,-1,-1
23,400,789.84,741.22,274.10,163.91,0.92,-1,-1,-1
23,401,980.14,773.61,269.55,162.75,0.86,-1,-1,-1
23,402,1502.99,588.11,236.49,105.67,0.90,-1,-1,-1
23,403,1138.97,588.18,259.54,103.57,0.83,-1,-1,-1
23,404,1079.49,675.74,295.15,114.88,0.79,-1,-1,-1
23,405,260.29,1213.91,346.26,271.81,0.85,-1,-1,-1
23,406,2073.43,466.87,176.12,80.95,0.89,-1,-1,-1
23,407,2346.90,355.53,113.54,67.51,0.78,-1,-1,-1
23,409,523.71,444.64,185.53,103.74,0.89,-1,-1,-1
23,410,1477.67,466.67,213.09,83.58,0.87,-1,-1,-1
23,411,2118.55,386.87,109.94,75.95,0.84,-1,-1,-1
23,412,261.56,412.42,192.62,78.63,0.88,-1,-1,-1
23,413,660.18,373.99,109.91,86.06,0.81,-1,-1,-1
23,414,515.60,634.49,160.53,138.80,0.87,-1,-1,-1
23,415,2204.21,346.95,99.71,75.00,0.78,-1,-1,-1
23,416,2040.30,370.48,110.45,72.60,0.82,-1,-1,-1
23,417,655.38,1246.47,162.52,140.05,0.71,-1,-1,-1
23,418,2423.94,242.97,81.47,59.05,0.74,-1,-1,-1
23,419,1044.89,1214.76,114.96,133.07,0.65,-1,-1,-1
23,420,2508.32,181.65,93.30,69.73,0.15,-1,-1,-1
23,421,2471.38,188.62,60.48,48.46,0.43,-1,-1,-1
23,422,2338.21,251.29,71.66,46.66,0.56,-1,-1,-1
23,423,625.61,323.94,69.64,65.54,0.76,-1,-1,-1
23,424,2387.66,280.82,56.19,51.07,0.67,-1,-1,-1
23,425,853.88,1003.21,84.76,134.52,0.84,-1,-1,-1
23,426,445.88,208.19,62.24,58.60,0.42,-1,-1,-1
23,428,1491.67,1210.15,114.88,151.29,0.75,-1,-1,-1
23,430,517.01,539.37,41.36,61.57,0.56,-1,-1,-1
23,431,770.27,1188.10,73.72,157.62,0.60,-1,-1,-1
23,432,757.29,953.91,52.95,110.00,0.68,-1,-1,-1
23,433,848.41,907.00,82.23,101.28,0.54,-1,-1,-1
23,435,2209.47,304.27,87.91,46.87,0.60,-1,-1,-1
23,436,449.14,541.08,58.74,50.85,0.57,-1,-1,-1
23,438,1447.28,1089.53,108.93,111.60,0.76,-1,-1,-1
23,439,1341.55,671.58,37.14,67.31,0.12,-1,-1,-1
23,440,2151.74,814.65,69.84,101.84,0.67,-1,-1,-1
23,441,1364.09,533.34,36.37,71.86,0.35,-1,-1,-1
23,442,462.95,322.10,26.43,52.40,0.50,-1,-1,-1
23,443,2101.27,904.16,57.06,104.32,0.58,-1,-1,-1
23,445,1839.92,384.15,29.41,56.79,0.63,-1,-1,-1
23,447,1075.03,897.59,60.85,102.51,0.50,-1,-1,-1
23,449,745.90,887.99,63.04,79.66,0.60,-1,-1,-1
23,450,323.90,697.47,51.71,112.77,0.72,-1,-1,-1
23,451,1605.78,302.61,123.08,65.02,0.27,-1,-1,-1
23,452,1505.44,1188.15,82.14,128.88,0.60,-1,-1,-1
23,453,2499.61,867.74,61.30,135.97,0.72,-1,-1,-1
23,454,575.09,239.60,21.90,40.38,0.24,-1,-1,-1
23,455,953.31,374.49,28.64,63.87,0.62,-1,-1,-1
23,456,2255.54,1081.44,74.01,137.69,0.24,-1,-1,-1
23,457,2387.69,450.42,33.62,54.39,0.43,-1,-1,-1
23,458,2266.95,284.00,69.48,39.57,0.36,-1,-1,-1
23,459,1229.77,1075.19,93.58,120.08,0.69,-1,-1,-1
23,460,2133.98,335.50,98.32,58.50,0.66,-1,-1,-1
23,461,651.55,936.73,62.98,123.65,0.56,-1,-1,-1
23,444,2349.31,311.32,51.37,49.37,0.48,-1,-1,-1
23,463,456.49,507.31,35.74,59.00,0.57,-1,-1,-1
23,464,12.07,408.06,52.94,72.02,0.58,-1,-1,-1
23,465,1463.07,1062.02,79.23,126.61,0.51,-1,-1,-1
23,466,1064.42,1177.53,73.46,158.86,0.60,-1,-1,-1
23,467,877.06,629.33,57.82,76.19,0.59,-1,-1,-1
23,470,2619.46,187.83,41.82,44.63,0.58,-1,-1,-1
23,471,823.63,1160.81,67.43,144.10,0.45,-1,-1,-1
23,472,2605.68,593.89,44.09,81.76,0.52,-1,-1,-1
23,366,2340.03,602.11,51.25,97.37,0.30,-1,-1,-1
23,474,2646.28,309.33,33.84,58.39,0.72,-1,-1,-1
23,476,1234.21,1036.37,69.09,120.74,0.55,-1,-1,-1
23,478,2384.08,472.10,37.42,53.65,0.44,-1,-1,-1
23,446,1481.89,528.05,73.47,75.50,0.78,-1,-1,-1
24,123,643.23,608.16,190.97,134.54,0.92,-1,-1,-1
24,381,373.11,632.11,44.75,69.16,0.45,-1,-1,-1
24,399,87.71,1044.14,411.70,239.48,0.88,-1,-1,-1
24,400,788.07,741.14,274.82,164.35,0.93,-1,-1,-1
24,401,978.49,773.71,269.08,161.98,0.85,-1,-1,-1
24,402,1510.40,585.99,237.58,106.05,0.86,-1,-1,-1
24,403,1140.69,588.14,266.54,106.89,0.84,-1,-1,-1
24,404,1072.75,676.03,291.07,113.06,0.80,-1,-1,-1
24,405,255.69,1213.57,348.86,271.46,0.85,-1,-1,-1
24,406,2081.02,464.00,173.28,79.98,0.90,-1,-1,-1
24,407,2349.14,351.43,113.85,67.99,0.80,-1,-1,-1
24,409,528.65,444.77,189.35,106.18,0.87,-1,-1,-1
24,410,1498.88,468.00,209.77,82.02,0.86,-1,-1,-1
24,411,2117.14,386.44,108.68,75.18,0.85,-1,-1,-1
24,412,265.85,413.62,191.89,78.76,0.89,-1,-1,-1
24,413,658.74,375.35,107.97,84.02,0.82,-1,-1,-1
24,414,515.82,637.17,161.44,139.26,0.88,-1,-1,-1
24,415,2201.62,345.65,101.08,76.40,0.72,-1,-1,-1
24,416,2038.04,369.52,110.67,72.68,0.83,-1,-1,-1
24,417,652.67,1245.63,160.04,138.72,0.74,-1,-1,-1
24,418,2421.04,242.35,82.05,59.68,0.73,-1,-1,-1
24,419,1033.00,1217.90,117.31,135.37,0.60,-1,-1,-1
24,420,2502.33,180.52,95.66,72.34,0.21,-1,-1,-1
24,421,2470.89,188.37,59.09,47.73,0.66,-1,-1,-1
24,422,2333.68,249.57,73.62,48.27,0.60,-1,-1,-1
24,423,622.17,322.32,71.70,67.48,0.71,-1,-1,-1
24,424,2385.62,280.51,55.53,50.64,0.55,-1,-1,-1
24,425,852.39,1001.94,83.64,134.02,0.84,-1,-1,-1
24,426,443.69,208.28,62.27,58.51,0.29,-1,-1,-1
24,428,1501.89,1224.40,111.13,145.15,0.79,-1,-1,-1
24,430,517.11,541.05,41.66,62.34,0.59,-1,-1,-1
24,431,774.94,1191.59,74.00,158.78,0.58,-1,-1,-1
24,432,755.25,955.80,55.37,115.46,0.64,-1,-1,-1
24,433,841.43,900.28,86.51,103.61,0.55,-1,-1,-1
24,435,2206.71,303.76,87.21,46.54,0.64,-1,-1,-1
24,436,448.55,539.83,60.52,52.06,0.64,-1,-1,-1
24,438,1458.90,1097.82,106.79,109.21,0.81,-1,-1,-1
24,440,2154.49,809.85,66.40,96.13,0.58,-1,-1,-1
24,441,1361.99,532.60,36.79,72.81,0.37,-1,-1,-1
24,442,460.34,323.04,26.35,52.09,0.52,-1,-1,-1
24,443,2100.72,892.31,60.43,111.11,0.50,-1,-1,-1
24,445,1837.65,383.56,29.91,58.01,0.60,-1,-1,-1
24,447,1077.45,893.01,59.69,100.03,0.49,-1,-1,-1
24,449,738.69,884.81,64.32,79.06,0.63,-1,-1,-1
24,450,320.72,698.48,52.07,111.96,0.69,-1,-1,-1
24,451,1603.21,301.80,123.42,65.40,0.45,-1,-1,-1
24,452,1510.60,1190.02,88.05,137.37,0.64,-1,-1,-1
24,453,2497.47,865.50,62.26,138.67,0.58,-1,-1,-1
24,454,573.23,235.66,22.92,41.97,0.19,-1,-1,-1
24,455,950.87,372.20,28.93,64.67,0.64,-1,-1,-1
24,456,2253.39,1077.82,74.14,138.62,0.18,-1,-1,-1
24,457,2385.39,449.66,35.69,57.67,0.44,-1,-1,-1
24,458,2264.64,282.93,68.02,38.76,0.33,-1,-1,-1
24,459,1235.80,1075.91,95.66,123.94,0.63,-1,-1,-1
24,460,2132.74,335.09,99.84,59.00,0.58,-1,-1,-1
24,461,650.25,936.95,67.18,132.84,0.69,-1,-1,-1
24,444,2342.57,301.98,59.33,57.92,0.29,-1,-1,-1
24,463,455.93,507.69,36.75,60.55,0.56,-1,-1,-1
24,464,15.83,411.04,54.29,69.00,0.57,-1,-1,-1
24,465,1471.89,1067.33,82.19,131.87,0.54,-1,-1,-1
24,466,1064.69,1182.14,69.38,145.79,0.57,-1,-1,-1
24,467,874.91,633.40,57.18,75.97,0.70,-1,-1,-1
24,470,2614.83,186.09,43.51,46.09,0.56,-1,-1,-1
24,471,832.09,1163.54,71.69,152.39,0.41,-1,-1,-1
24,472,2604.97,593.19,43.88,81.17,0.48,-1,-1,-1
24,366,2342.75,595.75,47.38,89.60,0.16,-1,-1,-1
24,474,2644.12,307.93,35.32,59.12,0.74,-1,-1,-1
24,476,1242.57,1041.58,70.04,122.09,0.61,-1,-1,-1
24,478,2381.03,457.72,43.81,63.06,0.29,-1,-1,-1
24,446,1472.81,526.80,76.88,77.89,0.50,-1,-1,-1
25,123,642.44,608.92,190.70,134.09,0.92,-1,-1,-1
25,381,373.75,631.95,43.23,66.73,0.38,-1,-1,-1
25,399,65.26,1049.48,417.26,242.41,0.85,-1,-1,-1
25,400,786.09,740.12,275.45,164.70,0.93,-1,-1,-1
25,401,975.09,773.47,271.97,163.58,0.85,-1,-1,-1
25,402,1520.93,585.64,235.54,104.93,0.88,-1,-1,-1
25,403,1152.33,588.36,258.74,103.55,0.83,-1,-1,-1
25,404,1057.77,674.76,296.70,116.35,0.81,-1,-1,-1
25,405,251.44,1213.28,351.57,271.25,0.83,-1,-1,-1
25,406,2086.01,461.32,172.36,80.05,0.90,-1,-1,-1
25,407,2351.57,348.31,112.79,67.69,0.81,-1,-1,-1
25,409,536.25,447.56,186.96,105.05,0.88,-1,-1,-1
25,410,1516.26,467.18,213.44,83.48,0.86,-1,-1,-1
25,411,2114.59,385.52,107.14,74.05,0.85,-1,-1,-1
25,412,270.24,414.61,191.58,79.07,0.88,-1,-1,-1
25,413,656.14,374.55,108.79,84.52,0.79,-1,-1,-1
25,414,515.98,639.39,162.40,139.93,0.87,-1,-1,-1
25,415,2200.80,345.38,99.82,75.67,0.74,-1,-1,-1
25,416,2037.11,369.22,110.47,72.11,0.82,-1,-1,-1
25,417,646.51,1243.23,161.18,139.82,0.70,-1,-1,-1
25,418,2419.66,242.02,80.77,58.99,0.76,-1,-1,-1
25,419,1018.05,1210.78,121.19,140.03,0.67,-1,-1,-1
25,420,2500.18,180.64,100.31,75.38,0.21,-1,-1,-1
25,421,2468.25,188.72,57.82,46.90,0.44,-1,-1,-1
25,422,2332.55,249.17,72.76,47.61,0.61,-1,-1,-1
25,423,619.28,321.19,73.36,69.22,0.70,-1,-1,-1
25,424,2382.47,279.94,56.15,51.11,0.63,-1,-1,-1
25,425,852.51,999.91,82.35,132.98,0.76,-1,-1,-1
25,426,442.21,208.73,61.68,57.77,0.49,-1,-1,-1
25,428,1508.89,1229.94,114.72,149.67,0.83,-1,-1,-1
25,430,516.99,541.60,42.12,63.58,0.59,-1,-1,-1
25,431,778.41,1194.00,73.36,157.20,0.58,-1,-1,-1
25,432,753.48,958.55,55.93,117.23,0.64,-1,-1,-1
25,433,835.97,898.94,87.59,101.62,0.63,-1,-1,-1
25,435,2206.35,303.99,83.13,44.16,0.68,-1,-1,-1
25,436,448.51,537.55,62.39,53.81,0.57,-1,-1,-1
25,438,1466.46,1102.61,108.48,111.38,0.78,-1,-1,-1
25,440,2154.13,794.21,69.37,101.70,0.45,-1,-1,-1
25,441,1360.10,532.35,32.87,63.94,0.43,-1,-1,-1
25,442,457.10,324.21,28.32,56.19,0.48,-1,-1,-1
25,443,2104.21,882.67,57.83,105.73,0.56,-1,-1,-1
25,445,1835.64,383.40,29.91,58.35,0.57,-1,-1,-1
25,447,1079.77,889.28,59.66,99.61,0.53,-1,-1,-1
25,449,731.12,879.02,66.86,80.69,0.65,-1,-1,-1
25,450,318.38,699.55,52.03,112.20,0.66,-1,-1,-1
25,451,1602.59,303.36,122.76,64.87,0.24,-1,-1,-1
25,452,1520.37,1201.78,86.50,135.25,0.75,-1,-1,-1
25,453,2494.71,864.45,60.23,133.46,0.58,-1,-1,-1
25,454,572.36,232.55,23.20,42.40,0.30,-1,-1,-1
25,455,948.30,370.67,28.47,63.78,0.64,-1,-1,-1
25,456,2250.16,1072.43,75.11,142.30,0.45,-1,-1,-1
25,457,2384.33,447.34,35.82,57.76,0.45,-1,-1,-1
25,458,2262.68,283.60,68.47,39.05,0.42,-1,-1,-1
25,459,1241.15,1080.85,96.53,126.56,0.68,-1,-1,-1
25,460,2131.64,335.00,97.54,56.63,0.48,-1,-1,-1
25,461,650.98,941.22,66.92,132.99,0.70,-1,-1,-1
25,444,2340.45,298.81,61.39,60.15,0.51,-1,-1,-1
25,463,456.04,508.18,37.20,61.22,0.56,-1,-1,-1
25,464,18.47,415.98,53.92,63.40,0.61,-1,-1,-1
25,465,1478.03,1072.83,82.38,131.95,0.62,-1,-1,-1
25,466,1063.64,1171.64,68.42,144.55,0.53,-1,-1,-1
25,467,868.15,630.63,61.13,83.00,0.52,-1,-1,-1
25,470,2613.16,187.37,42.35,44.59,0.52,-1,-1,-1
25,471,839.45,1166.31,67.82,143.66,0.39,-1,-1,-1
25,472,2605.66,592.51,42.19,77.77,0.44,-1,-1,-1
25,366,2342.02,589.34,48.01,91.05,0.19,-1,-1,-1
25,474,2642.19,308.42,36.39,58.73,0.75,-1,-1,-1
25,476,1250.77,1050.68,69.25,120.72,0.48,-1,-1,-1
25,478,2379.74,453.76,44.35,64.04,0.40,-1,-1,-1
25,446,1465.91,528.82,76.45,75.88,0.64,-1,-1,-1
25,480,3.26,587.30,50.23,81.37,0.67,-1,-1,-1
25,481,1035.53,979.21,59.27,115.57,0.60,-1,-1,-1
26,123,641.55,608.97,191.14,134.24,0.91,-1,-1,-1
26,381,370.75,631.15,44.68,68.99,0.39,-1,-1,-1
26,399,48.23,1052.86,419.74,243.99,0.88,-1,-1,-1
26,400,784.32,739.09,277.87,166.42,0.92,-1,-1,-1
26,401,969.97,772.83,274.75,164.88,0.86,-1,-1,-1
26,402,1530.55,585.48,235.40,104.78,0.90,-1,-1,-1
26,403,1159.59,587.93,257.27,103.21,0.83,-1,-1,-1
26,404,1055.79,674.46,298.33,117.20,0.79,-1,-1,-1
26,405,247.71,1212.81,354.50,271.43,0.84,-1,-1,-1
26,406,2093.32,459.95,167.87,78.36,0.86,-1,-1,-1
26,407,2353.45,344.62,112.34,67.91,0.81,-1,-1,-1
26,409,542.41,450.34,185.39,104.20,0.89,-1,-1,-1
26,410,1534.29,467.55,213.15,83.11,0.87,-1,-1,-1
26,411,2112.79,385.30,105.55,72.78,0.83,-1,-1,-1
26,412,273.65,415.70,191.55,79.33,0.86,-1,-1,-1
26,413,653.18,373.96,109.21,84.79,0.81,-1,-1,-1
26,414,516.21,642.11,163.42,140.93,0.87,-1,-1,-1
26,415,2199.39,345.50,98.26,74.63,0.71,-1,-1,-1
26,416,2033.88,368.56,110.81,72.21,0.81,-1,-1,-1
26,417,635.20,1237.23,164.82,143.58,0.63,-1,-1,-1
26,418,2416.75,241.04,81.08,59.50,0.76,-1,-1,-1
26,419,1007.47,1206.88,120.20,138.24,0.67,-1,-1,-1
26,421,2465.13,188.51,56.77,46.57,0.32,-1,-1,-1
26,422,2330.46,248.40,73.36,47.77,0.74,-1,-1,-1
26,423,617.23,320.21,73.12,68.95,0.72,-1,-1,-1
26,424,2380.52,280.07,56.49,51.65,0.70,-1,-1,-1
26,425,851.90,998.02,81.46,132.38,0.77,-1,-1,-1
26,426,439.35,207.94,62.06,57.92,0.50,-1,-1,-1
26,428,1517.14,1233.03,118.35,154.82,0.76,-1,-1,-1
26,430,515.45,541.78,43.30,66.07,0.52,-1,-1,-1
26,431,782.62,1197.34,69.94,150.42,0.68,-1,-1,-1
26,432,752.09,963.30,55.34,116.91,0.68,-1,-1,-1
26,433,827.97,899.58,87.72,98.00,0.71,-1,-1,-1
26,435,2205.46,303.52,80.67,42.67,0.77,-1,-1,-1
26,436,448.57,536.50,63.22,54.71,0.58,-1,-1,-1
26,438,1473.71,1105.83,110.76,114.30,0.78,-1,-1,-1
26,440,2155.79,786.21,68.48,100.65,0.57,-1,-1,-1
26,441,1358.22,531.24,31.78,61.11,0.48,-1,-1,-1
26,442,453.49,324.72,29.46,58.57,0.53,-1,-1,-1
26,443,2104.94,870.79,60.28,110.42,0.50,-1,-1,-1
26,445,1832.48,381.57,30.88,60.47,0.55,-1,-1,-1
26,447,1082.55,885.34,58.56,97.61,0.47,-1,-1,-1
26,449,721.20,869.15,74.40,89.72,0.71,-1,-1,-1
26,450,316.24,699.80,52.89,113.57,0.64,-1,-1,-1
26,451,1598.57,300.47,126.69,67.06,0.49,-1,-1,-1
26,452,1527.17,1209.78,84.20,131.94,0.65,-1,-1,-1
26,453,2490.69,861.84,60.11,132.50,0.56,-1,-1,-1
26,454,571.11,230.39,23.50,42.76,0.35,-1,-1,-1
26,455,946.35,370.02,28.28,63.54,0.61,-1,-1,-1
26,456,2248.49,1068.84,73.90,141.18,0.37,-1,-1,-1
26,457,2383.33,444.61,35.45,56.83,0.41,-1,-1,-1
26,458,2259.72,282.88,68.72,39.25,0.54,-1,-1,-1
26,459,1249.84,1090.69,93.37,123.65,0.75,-1,-1,-1
26,460,2126.46,333.75,98.61,57.11,0.43,-1,-1,-1
26,461,650.75,945.69,67.90,136.43,0.68,-1,-1,-1
26,444,2337.52,298.69,60.75,59.85,0.62,-1,-1,-1
26,463,456.47,508.53,37.18,61.00,0.56,-1,-1,-1
26,464,17.67,414.20,58.82,65.28,0.61,-1,-1,-1
26,465,1491.07,1078.47,80.61,130.74,0.56,-1,-1,-1
26,466,1057.09,1163.85,69.62,147.93,0.58,-1,-1,-1
26,467,868.04,637.96,58.23,79.47,0.60,-1,-1,-1
26,470,2610.22,187.13,43.11,45.11,0.53,-1,-1,-1
26,471,842.40,1168.07,64.71,136.22,0.47,-1,-1,-1
26,472,2610.02,592.35,34.05,60.39,0.35,-1,-1,-1
26,366,2342.74,584.06,47.56,89.96,0.34,-1,-1,-1
26,474,2640.38,308.28,37.85,58.79,0.78,-1,-1,-1
26,476,1260.50,1056.69,66.05,114.99,0.49,-1,-1,-1
26,478,2378.39,452.31,44.03,63.71,0.49,-1,-1,-1
26,446,1457.82,525.98,79.77,78.34,0.70,-1,-1,-1
26,480,1.38,586.20,54.28,88.11,0.61,-1,-1,-1
26,481,1031.04,976.06,68.86,134.75,0.50,-1,-1,-1
27,123,640.82,609.17,191.27,134.30,0.91,-1,-1,-1
27,381,368.44,630.73,45.17,69.90,0.38,-1,-1,-1
27,399,32.51,1054.28,423.81,246.51,0.87,-1,-1,-1
27,400,783.13,738.56,277.58,166.37,0.92,-1,-1,-1
27,401,964.70,772.18,275.75,164.89,0.89,-1,-1,-1
27,402,1540.39,584.29,233.41,103.86,0.88,-1,-1,-1
27,403,1171.02,588.60,253.67,101.64,0.84,-1,-1,-1
27,404,1052.35,673.14,292.00,115.17,0.80,-1,-1,-1
27,405,241.45,1212.64,355.95,271.12,0.83,-1,-1,-1
27,406,2096.97,455.06,169.26,79.72,0.84,-1,-1,-1
27,407,2355.67,341.70,110.30,67.15,0.79,-1,-1,-1
27,409,546.64,451.69,185.85,104.52,0.88,-1,-1,-1
27,410,1553.79,466.83,214.24,83.32,0.87,-1,-1,-1
27,411,2110.81,384.43,104.73,72.06,0.81,-1,-1,-1
27,412,278.54,416.40,190.34,79.14,0.86,-1,-1,-1
27,413,651.01,373.79,110.26,85.44,0.77,-1,-1,-1
27,414,516.27,645.60,164.05,141.87,0.87,-1,-1,-1
27,415,2197.33,345.52,97.39,73.98,0.68,-1,-1,-1
27,416,2030.87,368.03,111.13,72.35,0.79,-1,-1,-1
27,417,627.38,1236.23,165.11,144.58,0.63,-1,-1,-1
27,418,2414.17,240.24,81.32,60.06,0.71,-1,-1,-1
27,419,1002.66,1202.19,120.17,138.48,0.53,-1,-1,-1
27,421,2463.12,188.09,55.20,45.98,0.36,-1,-1,-1
27,422,2326.89,248.12,74.62,48.35,0.65,-1,-1,-1
27,423,614.90,319.57,73.43,69.26,0.73,-1,-1,-1
27,424,2377.73,279.15,56.44,51.73,0.71,-1,-1,-1
27,425,849.48,992.74,82.94,135.58,0.72,-1,-1,-1
27,426,437.04,207.37,62.83,58.68,0.59,-1,-1,-1
27,428,1526.94,1237.12,119.84,156.89,0.72,-1,-1,-1
27,430,513.83,541.61,44.12,67.84,0.55,-1,-1,-1
27,431,786.41,1199.33,69.35,150.59,0.75,-1,-1,-1
27,432,750.49,964.63,56.09,119.64,0.69,-1,-1,-1
27,433,815.84,888.34,94.48,104.76,0.23,-1,-1,-1
27,435,2204.44,303.38,79.40,41.60,0.65,-1,-1,-1
27,436,447.93,533.73,64.99,56.80,0.63,-1,-1,-1
27,438,1480.85,1108.77,114.10,118.67,0.75,-1,-1,-1
27,440,2159.66,784.06,64.45,94.00,0.54,-1,-1,-1
27,441,1357.14,530.48,31.58,60.20,0.51,-1,-1,-1
27,442,450.77,325.98,29.86,59.43,0.57,-1,-1,-1
27,443,2107.52,859.55,60.30,111.44,0.49,-1,-1,-1
27,445,1829.85,378.30,31.99,62.84,0.55,-1,-1,-1
27,447,1086.82,881.53,55.59,92.79,0.56,-1,-1,-1
27,449,716.05,872.39,71.44,84.81,0.63,-1,-1,-1
27,450,313.29,700.70,54.60,118.03,0.71,-1,-1,-1
27,451,1599.15,300.89,123.79,65.32,0.59,-1,-1,-1
27,452,1539.83,1217.15,84.63,131.45,0.66,-1,-1,-1
27,453,2485.27,858.47,63.47,139.72,0.59,-1,-1,-1
27,454,569.37,227.02,24.39,44.14,0.31,-1,-1,-1
27,455,944.00,370.43,27.50,62.08,0.56,-1,-1,-1
27,456,2243.57,1063.38,74.44,143.43,0.48,-1,-1,-1
27,457,2380.87,441.72,38.07,61.20,0.47,-1,-1,-1
27,458,2256.84,281.87,67.47,38.38,0.47,-1,-1,-1
27,459,1255.59,1096.28,94.86,127.33,0.76,-1,-1,-1
27,460,2123.08,333.50,97.03,56.29,0.60,-1,-1,-1
27,461,650.67,949.40,68.15,138.21,0.68,-1,-1,-1
27,444,2335.02,298.44,59.13,58.42,0.55,-1,-1,-1
27,463,456.07,508.80,38.38,63.14,0.57,-1,-1,-1
27,464,16.63,410.00,65.94,69.79,0.67,-1,-1,-1
27,465,1500.82,1084.95,79.62,129.23,0.60,-1,-1,-1
27,466,1048.66,1160.99,70.95,151.56,0.52,-1,-1,-1
27,467,868.79,645.98,54.37,74.36,0.60,-1,-1,-1
27,470,2606.99,190.66,40.16,41.49,0.47,-1,-1,-1
27,471,845.47,1169.61,63.41,132.61,0.56,-1,-1,-1
27,472,2613.12,591.10,29.70,51.25,0.37,-1,-1,-1
27,366,2341.91,581.66,47.73,90.18,0.33,-1,-1,-1
27,474,2638.59,307.69,39.64,59.25,0.76,-1,-1,-1
27,476,1267.77,1062.74,62.62,108.42,0.55,-1,-1,-1
27,478,2377.56,452.84,42.60,61.59,0.38,-1,-1,-1
27,446,1452.72,528.71,77.25,74.32,0.61,-1,-1,-1
27,480,0.00,585.63,53.04,91.13,0.36,-1,-1,-1
27,481,1036.34,971.73,61.92,121.29,0.44,-1,-1,-1
28,123,639.58,609.05,191.37,134.42,0.91,-1,-1,-1
28,381,365.27,641.62,51.83,75.30,0.67,-1,-1,-1
28,399,6.11,1057.19,428.71,250.84,0.89,-1,-1,-1
28,400,781.07,737.97,280.02,167.92,0.93,-1,-1,-1
28,401,958.73,771.22,280.09,167.09,0.91,-1,-1,-1
28,402,1549.87,583.40,232.99,103.56,0.89,-1,-1,-1
28,403,1179.18,588.29,254.53,101.89,0.83,-1,-1,-1
28,404,1058.18,671.53,293.42,114.96,0.81,-1,-1,-1
28,405,236.91,1212.25,358.26,271.56,0.83,-1,-1,-1
28,406,2101.27,451.94,168.45,80.00,0.79,-1,-1,-1
28,407,2358.23,338.64,108.66,66.45,0.82,-1,-1,-1
28,409,552.56,452.82,186.96,105.34,0.88,-1,-1,-1
28,410,1573.96,466.79,214.46,83.26,0.88,-1,-1,-1
28,411,2107.60,383.57,105.84,72.68,0.82,-1,-1,-1
28,412,282.80,417.21,190.94,79.77,0.86,-1,-1,-1
28,413,649.18,374.27,108.72,84.12,0.81,-1,-1,-1
28,414,515.67,648.22,166.13,144.29,0.88,-1,-1,-1
28,415,2193.54,344.57,97.91,74.21,0.71,-1,-1,-1
28,416,2028.01,368.13,109.49,71.25,0.79,-1,-1,-1
28,417,622.65,1232.86,163.96,144.48,0.72,-1,-1,-1
28,418,2411.71,239.95,80.86,59.99,0.73,-1,-1,-1
28,419,992.17,1193.54,127.43,147.48,0.45,-1,-1,-1
28,421,2459.92,186.95,54.94,46.45,0.50,-1,-1,-1
28,422,2323.21,247.34,75.34,48.66,0.72,-1,-1,-1
28,423,613.61,320.51,71.35,67.01,0.74,-1,-1,-1
28,424,2374.84,278.55,56.48,51.46,0.67,-1,-1,-1
28,425,846.64,988.41,84.49,139.12,0.72,-1,-1,-1
28,426,434.72,207.01,62.98,58.85,0.66,-1,-1,-1
28,428,1538.74,1248.29,119.02,153.48,0.86,-1,-1,-1
28,430,513.09,543.12,44.15,68.41,0.53,-1,-1,-1
28,431,788.15,1201.19,70.24,154.07,0.69,-1,-1,-1
28,432,748.27,966.41,56.12,120.18,0.66,-1,-1,-1
28,433,812.28,890.92,88.38,93.50,0.65,-1,-1,-1
28,435,2201.71,302.91,80.37,41.97,0.66,-1,-1,-1
28,436,449.75,537.49,61.97,53.76,0.63,-1,-1,-1
28,438,1493.55,1122.41,109.58,114.12,0.75,-1,-1,-1
28,440,2159.97,768.33,69.43,102.04,0.53,-1,-1,-1
28,441,1353.77,529.24,33.67,64.20,0.51,-1,-1,-1
28,442,448.61,327.70,29.95,59.73,0.59,-1,-1,-1
28,443,2112.24,851.05,56.45,104.66,0.45,-1,-1,-1
28,445,1828.05,378.11,30.97,60.62,0.53,-1,-1,-1
28,447,1090.70,875.78,53.24,89.27,0.49,-1,-1,-1
28,449,708.61,868.03,73.57,86.86,0.64,-1,-1,-1
28,450,311.65,701.04,55.31,119.65,0.66,-1,-1,-1
28,451,1597.07,300.16,123.47,65.22,0.52,-1,-1,-1
28,452,1547.36,1222.29,90.85,140.99,0.72,-1,-1,-1
28,453,2482.65,857.42,63.54,139.82,0.58,-1,-1,-1
28,454,568.59,227.61,23.11,41.39,0.16,-1,-1,-1
28,455,940.76,367.72,28.43,64.35,0.63,-1,-1,-1
28,456,2240.18,1059.02,72.42,140.67,0.33,-1,-1,-1
28,457,2379.59,439.10,39.41,63.74,0.49,-1,-1,-1
28,458,2257.71,281.14,64.88,37.15,0.35,-1,-1,-1
28,459,1260.90,1101.86,94.72,128.30,0.64,-1,-1,-1
28,460,2121.06,333.25,96.74,56.12,0.62,-1,-1,-1
28,461,651.67,956.59,66.73,135.91,0.63,-1,-1,-1
28,444,2334.49,304.11,53.71,51.93,0.49,-1,-1,-1
28,463,456.89,508.74,37.16,61.03,0.58,-1,-1,-1
28,464,14.47,405.51,74.56,76.27,0.67,-1,-1,-1
28,465,1504.56,1090.88,85.12,137.62,0.56,-1,-1,-1
28,466,1034.24,1160.43,66.08,143.69,0.54,-1,-1,-1
28,467,864.35,644.24,57.91,79.79,0.62,-1,-1,-1
28,470,2601.90,189.65,41.38,42.64,0.53,-1,-1,-1
28,471,850.84,1172.64,62.56,131.23,0.61,-1,-1,-1
28,472,2612.59,590.47,29.80,50.32,0.41,-1,-1,-1
28,366,2340.62,581.29,48.31,91.56,0.28,-1,-1,-1
28,474,2636.40,308.02,40.99,58.59,0.74,-1,-1,-1
28,476,1269.34,1069.14,70.62,122.49,0.60,-1,-1,-1
28,478,2376.55,453.45,41.19,59.50,0.36,-1,-1,-1
28,446,1444.47,524.24,81.16,77.58,0.32,-1,-1,-1
28,480,0.00,584.62,51.13,90.94,0.62,-1,-1,-1
28,481,1040.42,966.34,51.98,101.98,0.51,-1,-1,-1
29,123,638.81,609.34,191.02,134.14,0.91,-1,-1,-1
29,381,362.45,645.41,55.75,76.77,0.71,-1,-1,-1
29,399,0.00,1059.00,420.85,253.36,0.91,-1,-1,-1
29,400,777.69,737.27,280.70,168.74,0.92,-1,-1,-1
29,401,956.10,771.62,280.19,166.98,0.88,-1,-1,-1
29,402,1558.98,580.83,233.83,104.06,0.89,-1,-1,-1
29,403,1187.26,587.46,254.08,101.79,0.80,-1,-1,-1
29,404,1059.73,671.44,291.41,113.28,0.83,-1,-1,-1
29,405,236.09,1211.10,358.63,271.16,0.81,-1,-1,-1
29,406,2107.41,448.94,166.19,79.76,0.83,-1,-1,-1
29,407,2361.57,335.85,105.68,64.77,0.80,-1,-1,-1
29,409,559.25,454.40,187.36,105.62,0.87,-1,-1,-1
29,410,1591.93,466.46,213.92,82.99,0.89,-1,-1,-1
29,411,2105.32,382.70,106.75,73.20,0.82,-1,-1,-1
29,412,286.99,417.75,192.86,81.24,0.86,-1,-1,-1
29,413,647.59,374.79,107.48,83.01,0.81,-1,-1,-1
29,414,515.38,649.52,168.44,147.10,0.88,-1,-1,-1
29,415,2189.59,344.20,97.78,74.01,0.75,-1,-1,-1
29,416,2024.49,367.48,109.36,71.32,0.80,-1,-1,-1
29,417,615.65,1223.83,164.73,146.69,0.71,-1,-1,-1
29,418,2410.62,240.15,78.82,58.77,0.81,-1,-1,-1
29,419,987.49,1190.85,125.40,145.86,0.55,-1,-1,-1
29,421,2457.10,186.23,54.61,46.59,0.54,-1,-1,-1
29,422,2318.86,246.39,76.92,49.69,0.67,-1,-1,-1
29,423,612.43,321.47,70.22,65.57,0.74,-1,-1,-1
29,424,2372.98,278.01,56.37,51.21,0.66,-1,-1,-1
29,425,844.79,982.87,84.82,140.50,0.66,-1,-1,-1
29,426,432.80,206.63,62.50,58.41,0.75,-1,-1,-1
29,428,1549.19,1257.90,117.34,148.59,0.87,-1,-1,-1
29,430,507.55,543.64,45.32,68.69,0.36,-1,-1,-1
29,431,791.82,1205.93,67.53,148.73,0.68,-1,-1,-1
29,432,744.99,967.35,55.79,120.61,0.67,-1,-1,-1
29,433,804.56,891.93,89.06,90.34,0.67,-1,-1,-1
29,435,2198.67,302.68,79.57,41.39,0.60,-1,-1,-1
29,436,451.58,538.60,62.32,53.64,0.58,-1,-1,-1
29,438,1499.42,1127.53,111.92,116.85,0.90,-1,-1,-1
29,440,2162.85,760.82,67.99,99.74,0.53,-1,-1,-1
29,441,1352.79,528.92,33.42,63.78,0.54,-1,-1,-1
29,442,446.58,329.22,29.87,59.65,0.50,-1,-1,-1
29,443,2114.96,842.01,55.76,103.80,0.60,-1,-1,-1
29,445,1825.66,378.55,30.72,59.76,0.60,-1,-1,-1
29,447,1090.96,872.64,51.76,88.67,0.46,-1,-1,-1
29,449,697.76,856.16,79.78,94.98,0.61,-1,-1,-1
29,450,309.68,703.17,55.44,120.11,0.68,-1,-1,-1
29,451,1597.43,300.41,122.38,64.30,0.66,-1,-1,-1
29,452,1562.73,1234.07,87.14,135.23,0.72,-1,-1,-1
29,453,2480.00,856.57,62.40,137.54,0.63,-1,-1,-1
29,454,566.60,225.55,23.28,41.53,0.15,-1,-1,-1
29,455,937.85,368.88,28.90,65.59,0.71,-1,-1,-1
29,456,2237.68,1054.21,69.68,135.64,0.55,-1,-1,-1
29,457,2380.81,437.23,36.99,60.05,0.52,-1,-1,-1
29,458,2256.36,280.05,63.09,36.17,0.30,-1,-1,-1
29,459,1266.23,1102.97,98.08,134.88,0.56,-1,-1,-1
29,460,2121.82,332.00,97.95,56.36,0.57,-1,-1,-1
29,461,651.47,963.09,68.27,139.69,0.67,-1,-1,-1
29,444,2334.09,310.00,47.76,45.51,0.68,-1,-1,-1
29,463,457.17,508.63,37.32,61.61,0.55,-1,-1,-1
29,464,13.80,403.64,79.73,78.82,0.65,-1,-1,-1
29,465,1508.66,1097.05,87.15,139.01,0.60,-1,-1,-1
29,466,1028.38,1158.93,66.27,143.75,0.48,-1,-1,-1
29,467,860.04,644.85,59.39,82.70,0.61,-1,-1,-1
29,470,2597.72,188.98,42.17,42.81,0.59,-1,-1,-1
29,471,847.11,1173.97,68.60,144.36,0.67,-1,-1,-1
29,472,2612.47,590.30,28.45,47.06,0.46,-1,-1,-1
29,366,2340.84,582.29,46.11,87.08,0.40,-1,-1,-1
29,474,2634.53,307.49,42.32,57.76,0.78,-1,-1,-1
29,476,1275.11,1074.09,74.23,128.70,0.68,-1,-1,-1
29,478,2375.32,447.89,42.24,61.21,0.32,-1,-1,-1
29,446,1441.80,534.43,70.41,65.17,0.57,-1,-1,-1
29,480,0.00,583.80,49.40,89.13,0.71,-1,-1,-1
29,481,1034.87,963.77,63.42,125.22,0.57,-1,-1,-1
30,123,636.85,608.91,192.04,134.85,0.91,-1,-1,-1
30,381,360.90,649.97,56.78,73.80,0.66,-1,-1,-1
30,399,0.00,1063.21,415.71,257.62,0.90,-1,-1,-1
30,400,777.29,737.14,276.01,165.87,0.91,-1,-1,-1
30,401,953.82,771.78,279.75,166.59,0.91,-1,-1,-1
30,402,1566.57,577.41,237.06,105.97,0.89,-1,-1,-1
30,403,1198.09,588.17,250.49,100.24,0.80,-1,-1,-1
30,404,1055.45,670.55,292.12,113.14,0.85,-1,-1,-1
30,405,234.14,1210.25,359.43,271.31,0.81,-1,-1,-1
30,406,2114.29,447.01,161.46,78.19,0.84,-1,-1,-1
30,407,2363.45,332.54,104.98,64.57,0.82,-1,-1,-1
30,409,564.62,455.07,189.29,106.82,0.86,-1,-1,-1
30,410,1610.11,465.19,214.78,83.13,0.90,-1,-1,-1
30,411,2103.09,382.07,108.20,74.18,0.83,-1,-1,-1
30,412,290.92,418.16,194.44,82.70,0.87,-1,-1,-1
30,413,645.83,374.06,107.93,83.17,0.79,-1,-1,-1
30,414,515.20,652.04,168.62,148.04,0.89,-1,-1,-1
30,415,2186.34,343.28,98.71,74.58,0.77,-1,-1,-1
30,416,2022.36,366.54,110.71,72.19,0.78,-1,-1,-1
30,417,610.79,1220.85,163.04,146.19,0.74,-1,-1,-1
30,418,2413.76,251.80,65.23,46.94,0.61,-1,-1,-1
30,419,980.97,1182.41,125.95,147.97,0.48,-1,-1,-1
30,421,2453.05,185.50,58.46,50.33,0.15,-1,-1,-1
30,422,2316.82,246.06,75.85,48.93,0.70,-1,-1,-1
30,423,610.11,320.39,70.96,66.29,0.74,-1,-1,-1
30,424,2369.36,279.38,54.96,49.63,0.47,-1,-1,-1
30,425,841.92,980.84,84.84,141.55,0.69,-1,-1,-1
30,426,429.58,206.21,63.31,59.18,0.70,-1,-1,-1
30,428,1560.39,1264.75,119.84,150.20,0.89,-1,-1,-1
30,430,504.07,542.74,47.24,70.92,0.35,-1,-1,-1
30,431,791.91,1207.58,70.60,157.59,0.63,-1,-1,-1
30,432,744.27,969.15,54.78,118.69,0.68,-1,-1,-1
30,433,796.69,894.36,89.77,87.59,0.71,-1,-1,-1
30,435,2196.42,302.39,78.81,40.83,0.55,-1,-1,-1
30,436,449.16,530.26,68.66,61.39,0.17,-1,-1,-1
30,438,1506.97,1132.53,111.47,116.74,0.78,-1,-1,-1
30,440,2164.40,755.51,66.81,98.20,0.66,-1,-1,-1
30,441,1351.90,528.25,32.29,61.70,0.58,-1,-1,-1
30,442,444.77,329.87,29.90,59.88,0.49,-1,-1,-1
30,443,2117.99,834.30,55.21,103.02,0.57,-1,-1,-1
30,445,1823.00,378.52,31.23,60.54,0.58,-1,-1,-1
30,447,1093.79,869.48,53.50,91.70,0.42,-1,-1,-1
30,449,690.78,851.00,80.89,96.77,0.76,-1,-1,-1
30,450,308.62,704.59,55.45,120.11,0.68,-1,-1,-1
30,451,1596.12,300.20,123.95,64.90,0.62,-1,-1,-1
30,452,1577.47,1241.75,84.04,130.83,0.74,-1,-1,-1
30,453,2477.59,854.39,63.23,139.85,0.61,-1,-1,-1
30,454,565.41,225.40,22.71,40.16,0.14,-1,-1,-1
30,455,934.80,368.49,29.81,68.13,0.73,-1,-1,-1
30,456,2235.83,1049.23,68.50,133.41,0.40,-1,-1,-1
30,457,2381.24,436.18,35.20,57.12,0.54,-1,-1,-1
30,458,2253.69,279.92,64.51,36.95,0.20,-1,-1,-1
30,459,1273.53,1110.38,97.40,135.72,0.54,-1,-1,-1
30,460,2120.31,331.34,99.15,56.26,0.70,-1,-1,-1
30,461,651.91,968.37,68.98,141.62,0.76,-1,-1,-1
30,444,2332.41,312.21,44.98,42.44,0.50,-1,-1,-1
30,463,458.27,508.84,37.04,61.69,0.55,-1,-1,-1
30,464,14.20,403.80,83.28,79.38,0.67,-1,-1,-1
30,465,1520.24,1103.86,85.16,135.87,0.66,-1,-1,-1
30,466,1021.58,1157.03,59.57,129.84,0.49,-1,-1,-1
30,467,853.18,645.28,62.10,88.47,0.46,-1,-1,-1
30,470,2596.41,189.30,41.88,42.08,0.58,-1,-1,-1
30,471,850.64,1176.78,71.60,150.63,0.54,-1,-1,-1
30,472,2610.77,589.53,29.18,47.38,0.40,-1,-1,-1
30,366,2341.32,582.52,43.76,81.76,0.21,-1,-1,-1
30,474,2632.72,306.79,43.97,57.24,0.78,-1,-1,-1
30,476,1282.51,1081.34,76.79,134.24,0.59,-1,-1,-1
30,478,2374.12,444.16,43.14,62.78,0.30,-1,-1,-1
30,446,1435.96,536.60,67.33,60.61,0.56,-1,-1,-1
30,480,0.00,582.39,49.43,92.44,0.70,-1,-1,-1
30,481,1035.21,964.77,65.46,129.39,0.63,-1,-1,-1
30,483,465.10,731.36,47.06,85.96,0.53,-1,-1,-1
31,123,635.03,608.23,193.24,135.68,0.92,-1,-1,-1
31,381,359.24,652.30,57.70,71.47,0.64,-1,-1,-1
31,399,0.00,1068.21,406.63,243.75,0.88,-1,-1,-1
31,400,776.46,736.66,272.65,163.64,0.91,-1,-1,-1
31,401,950.15,771.19,282.68,168.54,0.89,-1,-1,-1
31,402,1574.46,574.81,237.89,106.74,0.89,-1,-1,-1
31,403,1211.91,589.29,241.35,95.95,0.84,-1,-1,-1
31,404,1053.26,671.67,288.29,111.07,0.86,-1,-1,-1
31,405,226.95,1204.90,363.94,274.50,0.80,-1,-1,-1
31,406,2119.72,443.66,158.43,77.31,0.87,-1,-1,-1
31,407,2365.98,329.93,102.59,63.23,0.82,-1,-1,-1
31,409,568.91,454.15,192.52,109.19,0.87,-1,-1,-1
31,410,1629.91,465.96,212.78,82.11,0.90,-1,-1,-1
31,411,2099.83,381.55,110.17,75.70,0.79,-1,-1,-1
31,412,294.75,418.93,194.61,83.53,0.86,-1,-1,-1
31,413,644.64,374.08,107.54,82.69,0.78,-1,-1,-1
31,414,514.95,654.96,169.18,149.46,0.89,-1,-1,-1
31,415,2185.18,342.70,98.63,74.50,0.78,-1,-1,-1
31,416,2020.06,365.74,111.42,72.86,0.80,-1,-1,-1
31,417,603.39,1219.93,161.55,145.78,0.70,-1,-1,-1
31,418,2409.62,243.46,71.24,51.28,0.61,-1,-1,-1
31,419,979.33,1185.18,116.34,136.39,0.74,-1,-1,-1
31,421,2450.02,187.50,53.28,45.91,0.16,-1,-1,-1
31,422,2312.90,246.58,75.22,48.17,0.63,-1,-1,-1
31,423,608.03,319.96,71.32,66.77,0.76,-1,-1,-1
31,424,2365.40,278.10,56.40,50.66,0.67,-1,-1,-1
31,425,839.71,979.06,84.48,142.39,0.72,-1,-1,-1
31,426,427.28,205.77,62.90,59.01,0.71,-1,-1,-1
31,428,1569.40,1267.54,121.61,150.28,0.87,-1,-1,-1
31,430,489.55,540.05,53.48,76.31,0.43,-1,-1,-1
31,431,794.39,1213.26,68.60,154.55,0.63,-1,-1,-1
31,432,744.08,971.34,55.38,119.94,0.64,-1,-1,-1
31,433,788.16,895.15,91.39,85.91,0.73,-1,-1,-1
31,435,2193.16,302.65,79.85,41.18,0.62,-1,-1,-1
31,436,454.24,535.51,64.40,56.50,0.34,-1,-1,-1
31,438,1513.45,1135.12,116.64,123.39,0.73,-1,-1,-1
31,440,2167.40,753.29,63.05,92.95,0.61,-1,-1,-1
31,441,1350.99,528.18,31.99,61.38,0.58,-1,-1,-1
31,442,442.78,332.19,29.44,58.90,0.47,-1,-1,-1
31,443,2122.04,823.20,52.92,98.08,0.58,-1,-1,-1
31,445,1820.88,378.06,31.75,61.97,0.54,-1,-1,-1
31,447,1095.52,864.57,52.30,89.71,0.45,-1,-1,-1
31,449,688.64,862.22,71.07,83.80,0.65,-1,-1,-1
31,450,306.01,705.28,53.86,117.07,0.63,-1,-1,-1
31,451,1593.46,300.99,121.52,63.48,0.60,-1,-1,-1
31,452,1588.60,1250.98,81.39,128.05,0.61,-1,-1,-1
31,453,2477.15,855.89,61.45,136.02,0.67,-1,-1,-1
31,454,564.89,226.44,21.88,38.38,0.12,-1,-1,-1
31,455,932.48,367.25,29.16,67.05,0.72,-1,-1,-1
31,456,2233.39,1044.67,69.05,134.33,0.17,-1,-1,-1
31,457,2381.38,435.16,33.88,54.67,0.54,-1,-1,-1
31,458,2251.18,280.12,65.01,37.20,0.14,-1,-1,-1
31,459,1283.61,1126.78,90.73,127.29,0.77,-1,-1,-1
31,460,2114.31,331.41,100.79,56.45,0.47,-1,-1,-1
31,461,653.11,973.83,67.89,139.40,0.69,-1,-1,-1
31,444,2331.83,310.66,46.61,43.72,0.34,-1,-1,-1
31,463,459.69,509.23,37.04,62.19,0.53,-1,-1,-1
31,464,14.94,402.95,84.21,77.15,0.74,-1,-1,-1
31,465,1526.60,1110.57,83.06,131.14,0.61,-1,-1,-1
31,466,1008.53,1153.29,58.16,128.45,0.51,-1,-1,-1
31,467,850.47,651.23,60.08,86.31,0.58,-1,-1,-1
31,470,2592.62,186.76,44.65,44.86,0.51,-1,-1,-1
31,471,854.66,1178.42,72.90,153.39,0.60,-1,-1,-1
31,472,2607.94,588.20,30.44,48.74,0.39,-1,-1,-1
31,366,2339.17,568.52,43.69,81.63,0.15,-1,-1,-1
31,474,2629.32,306.29,46.52,57.81,0.80,-1,-1,-1
31,476,1289.94,1088.47,75.50,132.44,0.55,-1,-1,-1
31,478,2373.40,440.75,43.93,64.24,0.28,-1,-1,-1
31,446,1424.09,521.80,82.09,73.63,0.66,-1,-1,-1
31,480,0.00,581.00,47.72,91.53,0.66,-1,-1,-1
31,481,1040.19,965.99,62.03,121.48,0.61,-1,-1,-1
31,483,461.38,731.60,46.73,85.27,0.54,-1,-1,-1
32,123,632.95,608.05,194.16,136.33,0.91,-1,-1,-1
32,381,358.04,653.86,58.60,69.35,0.63,-1,-1,-1
32,399,0.00,1070.22,396.76,248.55,0.89,-1,-1,-1
32,400,775.00,736.38,269.40,161.40,0.92,-1,-1,-1
32,401,946.56,771.57,285.30,170.44,0.87,-1,-1,-1
32,402,1584.03,573.71,234.61,105.47,0.91,-1,-1,-1
32,403,1222.82,589.19,239.26,94.83,0.86,-1,-1,-1
32,404,1049.24,671.92,287.80,110.59,0.84,-1,-1,-1
32,405,223.37,1202.82,365.63,275.61,0.81,-1,-1,-1
32,406,2124.17,440.70,156.93,77.30,0.87,-1,-1,-1
32,407,2367.12,327.04,102.73,63.54,0.75,-1,-1,-1
32,409,574.38,455.23,191.81,109.10,0.88,-1,-1,-1
32,410,1648.88,465.69,213.23,81.88,0.91,-1,-1,-1
32,411,2097.20,381.24,109.80,75.75,0.77,-1,-1,-1
32,412,297.32,419.11,196.79,85.63,0.87,-1,-1,-1
32,413,643.89,374.94,104.67,79.92,0.83,-1,-1,-1
32,414,515.11,658.15,169.43,150.69,0.88,-1,-1,-1
32,415,2183.56,342.34,98.56,74.43,0.81,-1,-1,-1
32,416,2018.07,365.83,110.47,72.55,0.76,-1,-1,-1
32,417,598.13,1220.06,158.80,143.82,0.63,-1,-1,-1
32,418,2406.35,239.79,74.24,53.62,0.64,-1,-1,-1
32,419,975.32,1184.62,111.92,130.72,0.68,-1,-1,-1
32,421,2446.33,186.43,53.07,45.96,0.26,-1,-1,-1
32,422,2309.56,248.01,74.60,47.69,0.61,-1,-1,-1
32,423,605.76,320.27,70.94,66.47,0.71,-1,-1,-1
32,424,2366.00,277.89,56.16,50.68,0.71,-1,-1,-1
32,425,836.44,975.02,85.33,145.06,0.70,-1,-1,-1
32,426,425.21,205.25,62.39,58.75,0.71,-1,-1,-1
32,428,1580.05,1275.99,126.03,153.61,0.92,-1,-1,-1
32,430,491.71,541.18,53.71,76.70,0.36,-1,-1,-1
32,431,795.67,1217.26,68.59,156.16,0.61,-1,-1,-1
32,432,742.98,975.48,54.31,117.67,0.64,-1,-1,-1
32,433,775.35,891.35,99.13,91.39,0.59,-1,-1,-1
32,435,2190.46,302.63,79.86,41.07,0.70,-1,-1,-1
32,436,462.11,537.30,68.18,58.32,0.47,-1,-1,-1
32,438,1521.36,1142.26,119.43,128.11,0.79,-1,-1,-1
32,440,2169.98,744.83,63.60,93.60,0.62,-1,-1,-1
32,441,1349.48,528.77,31.22,60.24,0.52,-1,-1,-1
32,442,439.65,334.56,28.78,57.16,0.48,-1,-1,-1
32,443,2125.96,815.76,51.79,96.25,0.49,-1,-1,-1
32,445,1818.85,377.56,31.34,61.57,0.52,-1,-1,-1
32,447,1099.93,860.33,50.90,85.83,0.23,-1,-1,-1
32,449,681.87,861.37,70.08,81.48,0.70,-1,-1,-1
32,450,304.03,706.23,53.24,115.51,0.68,-1,-1,-1
32,451,1589.81,300.69,121.50,63.61,0.67,-1,-1,-1
32,452,1598.27,1259.03,83.45,129.12,0.62,-1,-1,-1
32,453,2474.18,858.30,60.47,133.04,0.54,-1,-1,-1
32,454,563.75,225.21,22.03,38.56,0.11,-1,-1,-1
32,455,930.94,365.51,27.95,64.60,0.63,-1,-1,-1
32,456,2230.15,1040.98,69.82,136.19,0.13,-1,-1,-1
32,457,2381.59,433.61,32.32,51.54,0.45,-1,-1,-1
32,458,2248.56,278.92,63.15,36.32,0.28,-1,-1,-1
32,459,1290.98,1133.11,90.48,127.93,0.74,-1,-1,-1
32,460,2109.53,331.26,104.27,57.73,0.38,-1,-1,-1
32,461,655.11,979.80,66.24,136.48,0.63,-1,-1,-1
32,444,2327.03,305.69,51.19,48.05,0.51,-1,-1,-1
32,463,462.35,510.09,36.50,61.36,0.50,-1,-1,-1
32,464,16.12,404.26,85.87,75.41,0.73,-1,-1,-1
32,465,1535.85,1116.68,82.28,129.44,0.55,-1,-1,-1
32,466,1000.98,1150.30,58.96,132.07,0.46,-1,-1,-1
32,467,848.18,655.98,58.52,84.86,0.65,-1,-1,-1
32,470,2590.33,191.24,40.52,40.08,0.44,-1,-1,-1
32,471,857.42,1181.96,76.01,160.83,0.57,-1,-1,-1
32,472,2606.15,587.13,30.46,48.05,0.30,-1,-1,-1
32,366,2341.24,567.54,40.19,74.12,0.31,-1,-1,-1
32,474,2625.94,305.41,49.35,58.71,0.81,-1,-1,-1
32,476,1296.80,1095.91,72.45,127.06,0.57,-1,-1,-1
32,478,2373.60,440.23,43.03,63.00,0.38,-1,-1,-1
32,446,1415.97,515.95,87.12,77.92,0.51,-1,-1,-1
32,480,0.00,579.06,45.92,91.20,0.67,-1,-1,-1
32,481,1041.25,963.84,62.62,121.23,0.67,-1,-1,-1
32,483,456.15,744.92,51.45,93.70,0.52,-1,-1,-1
33,123,631.13,607.48,195.08,137.03,0.91,-1,-1,-1
33,381,355.03,653.59,61.45,69.94,0.56,-1,-1,-1
33,399,0.00,1075.20,380.66,240.55,0.87,-1,-1,-1
33,400,773.02,735.46,269.64,161.42,0.92,-1,-1,-1
33,401,941.63,771.65,288.86,173.23,0.85,-1,-1,-1
33,402,1594.35,569.89,232.92,104.82,0.88,-1,-1,-1
33,403,1228.12,588.31,247.23,97.97,0.84,-1,-1,-1
33,404,1044.49,671.27,288.33,110.88,0.85,-1,-1,-1
33,405,220.59,1201.76,366.45,276.24,0.81,-1,-1,-1
33,406,2129.18,437.51,154.58,76.92,0.88,-1,-1,-1
33,407,2368.07,323.07,103.51,64.37,0.82,-1,-1,-1
33,409,579.68,457.06,191.95,109.37,0.89,-1,-1,-1
33,410,1667.74,466.92,211.26,80.71,0.89,-1,-1,-1
33,411,2094.10,380.50,111.00,76.98,0.76,-1,-1,-1
33,412,303.24,420.70,192.94,84.57,0.87,-1,-1,-1
33,413,641.30,374.72,104.39,79.22,0.85,-1,-1,-1
33,414,514.58,660.69,169.25,151.60,0.87,-1,-1,-1
33,415,2181.24,340.91,99.53,75.39,0.78,-1,-1,-1
33,416,2015.91,365.64,109.83,72.33,0.76,-1,-1,-1
33,417,594.03,1219.88,155.82,141.97,0.71,-1,-1,-1
33,418,2404.29,238.82,73.45,53.11,0.61,-1,-1,-1
33,419,969.61,1181.33,112.88,131.05,0.57,-1,-1,-1
33,421,2443.93,185.90,56.13,48.13,0.14,-1,-1,-1
33,422,2305.55,247.62,74.47,47.53,0.71,-1,-1,-1
33,423,603.76,320.54,70.48,66.15,0.69,-1,-1,-1
33,424,2364.38,278.90,56.21,50.99,0.66,-1,-1,-1
33,425,835.78,973.85,84.52,144.12,0.76,-1,-1,-1
33,426,423.15,205.76,61.83,58.37,0.75,-1,-1,-1
33,428,1594.23,1288.20,122.76,147.04,0.90,-1,-1,-1
33,430,491.51,539.11,55.30,79.85,0.41,-1,-1,-1
33,431,796.36,1213.32,71.31,164.50,0.64,-1,-1,-1
33,432,741.74,978.70,54.40,118.01,0.65,-1,-1,-1
33,433,766.45,888.47,103.20,93.56,0.65,-1,-1,-1
33,435,2188.02,302.19,79.95,40.83,0.65,-1,-1,-1
33,436,465.05,537.86,69.54,58.29,0.58,-1,-1,-1
33,438,1531.53,1155.81,114.42,123.32,0.85,-1,-1,-1
33,440,2169.61,732.36,66.14,97.77,0.59,-1,-1,-1
33,441,1347.21,528.32,31.69,61.55,0.47,-1,-1,-1
33,442,437.56,335.80,29.37,58.35,0.54,-1,-1,-1
33,443,2127.00,805.73,54.51,101.01,0.53,-1,-1,-1
33,445,1817.32,377.33,30.66,60.34,0.52,-1,-1,-1
33,447,1097.85,854.77,56.34,95.37,0.14,-1,-1,-1
33,449,672.43,856.68,73.51,84.88,0.75,-1,-1,-1
33,450,301.92,707.78,53.36,115.47,0.70,-1,-1,-1
33,451,1588.64,299.25,122.75,64.11,0.65,-1,-1,-1
33,452,1613.46,1265.75,86.95,134.16,0.73,-1,-1,-1
33,453,2473.01,857.72,60.29,131.57,0.61,-1,-1,-1
33,454,563.39,225.84,21.25,36.86,0.11,-1,-1,-1
33,455,928.80,367.80,26.04,60.26,0.63,-1,-1,-1
33,456,2228.60,1035.90,69.57,135.49,0.38,-1,-1,-1
33,457,2380.29,431.06,33.37,53.16,0.49,-1,-1,-1
33,458,2248.94,279.58,63.00,36.40,0.32,-1,-1,-1
33,459,1298.31,1139.69,88.45,124.56,0.73,-1,-1,-1
33,460,2106.32,330.54,106.55,58.58,0.29,-1,-1,-1
33,461,655.64,986.31,65.25,134.68,0.66,-1,-1,-1
33,444,2321.61,306.01,49.84,47.03,0.44,-1,-1,-1
33,463,464.35,510.53,36.49,61.48,0.53,-1,-1,-1
33,464,21.12,412.32,81.49,66.83,0.76,-1,-1,-1
33,465,1542.94,1121.67,90.65,142.22,0.62,-1,-1,-1
33,466,1000.49,1148.04,54.64,119.10,0.47,-1,-1,-1
33,467,843.53,658.10,59.02,86.27,0.61,-1,-1,-1
33,470,2585.83,189.66,42.31,41.77,0.51,-1,-1,-1
33,471,860.68,1183.83,76.92,164.29,0.68,-1,-1,-1
33,366,2339.74,552.96,41.23,76.33,0.53,-1,-1,-1
33,474,2622.79,304.36,52.26,59.52,0.82,-1,-1,-1
33,476,1300.44,1101.93,73.62,130.25,0.59,-1,-1,-1
33,478,2374.83,442.61,39.86,58.07,0.36,-1,-1,-1
33,446,1411.66,523.34,79.75,69.47,0.50,-1,-1,-1
33,480,0.00,578.29,43.85,91.05,0.59,-1,-1,-1
33,481,1047.56,953.80,57.94,109.25,0.57,-1,-1,-1
33,483,452.31,750.44,53.46,97.03,0.45,-1,-1,-1
33,484,2607.65,148.39,53.36,40.30,0.51,-1,-1,-1
34,123,629.99,608.03,194.42,136.45,0.90,-1,-1,-1
34,381,352.49,652.81,63.87,69.99,0.64,-1,-1,-1
34,399,0.00,1081.88,368.86,243.73,0.91,-1,-1,-1
34,400,770.27,735.65,274.00,163.62,0.91,-1,-1,-1
34,401,937.57,771.68,291.46,175.75,0.85,-1,-1,-1
34,402,1603.46,568.71,232.51,104.99,0.87,-1,-1,-1
34,403,1234.50,588.07,251.79,99.78,0.85,-1,-1,-1
34,404,1040.43,671.28,287.70,110.85,0.85,-1,-1,-1
34,405,221.38,1205.97,361.92,271.59,0.82,-1,-1,-1
34,406,2135.14,435.11,149.93,75.18,0.89,-1,-1,-1
34,407,2370.78,319.77,102.38,63.89,0.79,-1,-1,-1
34,409,585.66,458.87,192.14,109.60,0.88,-1,-1,-1
34,410,1683.04,465.67,215.95,82.47,0.90,-1,-1,-1
34,411,2091.54,379.84,111.83,77.85,0.82,-1,-1,-1
34,412,309.42,422.82,189.36,83.41,0.87,-1,-1,-1
34,413,638.61,374.17,105.36,79.60,0.84,-1,-1,-1
34,414,514.64,663.00,168.40,151.84,0.86,-1,-1,-1
34,415,2178.45,339.56,100.46,76.26,0.79,-1,-1,-1
34,416,2013.70,365.84,107.80,71.11,0.78,-1,-1,-1
34,417,591.33,1223.68,148.98,135.77,0.70,-1,-1,-1
34,418,2403.50,247.81,66.77,47.28,0.59,-1,-1,-1
34,419,966.33,1181.50,110.74,127.08,0.68,-1,-1,-1
34,421,2444.03,185.82,57.10,47.93,0.18,-1,-1,-1
34,422,2302.58,246.83,74.40,47.49,0.61,-1,-1,-1
34,423,600.88,320.32,71.73,67.62,0.72,-1,-1,-1
34,424,2362.98,278.67,55.18,50.31,0.61,-1,-1,-1
34,425,835.03,972.70,84.13,143.66,0.78,-1,-1,-1
34,426,421.20,206.25,61.53,58.33,0.67,-1,-1,-1
34,428,1603.66,1294.93,125.17,148.13,0.87,-1,-1,-1
34,430,492.18,542.72,55.34,81.12,0.43,-1,-1,-1
34,431,797.85,1213.55,70.87,164.53,0.68,-1,-1,-1
34,432,741.24,982.71,53.95,117.57,0.68,-1,-1,-1
34,433,757.17,882.49,109.06,97.56,0.56,-1,-1,-1
34,435,2184.61,302.04,82.30,41.85,0.64,-1,-1,-1
34,436,466.01,538.58,71.37,58.82,0.63,-1,-1,-1
34,438,1540.45,1163.80,113.69,123.29,0.81,-1,-1,-1
34,440,2171.65,727.69,63.88,94.80,0.65,-1,-1,-1
34,441,1345.14,528.05,31.73,61.85,0.51,-1,-1,-1
34,442,436.76,337.33,30.21,60.52,0.54,-1,-1,-1
34,443,2130.99,794.93,53.95,100.51,0.51,-1,-1,-1
34,445,1816.23,376.66,30.14,59.53,0.56,-1,-1,-1
34,447,1098.43,851.52,57.99,98.45,0.20,-1,-1,-1
34,449,664.01,853.52,74.70,85.29,0.78,-1,-1,-1
34,450,299.90,709.44,54.46,118.06,0.69,-1,-1,-1
34,451,1585.96,298.65,124.33,64.80,0.61,-1,-1,-1
34,452,1623.25,1274.98,86.53,131.39,0.73,-1,-1,-1
34,453,2470.78,858.83,59.28,128.26,0.62,-1,-1,-1
34,454,559.19,215.15,24.50,43.17,0.19,-1,-1,-1
34,455,927.05,369.00,24.71,57.03,0.67,-1,-1,-1
34,456,2225.78,1035.48,69.25,134.85,0.28,-1,-1,-1
34,457,2378.72,428.22,34.01,54.37,0.49,-1,-1,-1
34,458,2248.39,279.32,64.98,37.44,0.31,-1,-1,-1
34,459,1302.98,1143.14,94.61,134.50,0.59,-1,-1,-1
34,460,2100.67,330.06,104.35,57.75,0.51,-1,-1,-1
34,461,655.87,993.71,67.85,141.34,0.60,-1,-1,-1
34,444,2317.30,307.23,48.80,45.29,0.45,-1,-1,-1
34,463,465.24,510.38,37.15,63.04,0.54,-1,-1,-1
34,464,22.70,417.18,81.76,62.92,0.76,-1,-1,-1
34,465,1554.00,1129.92,89.59,142.00,0.59,-1,-1,-1
34,466,984.64,1144.48,61.07,133.87,0.51,-1,-1,-1
34,467,838.16,662.44,59.73,87.95,0.59,-1,-1,-1
34,470,2581.67,189.79,42.92,41.97,0.53,-1,-1,-1
34,471,862.89,1186.49,75.50,162.64,0.59,-1,-1,-1
34,366,2337.99,545.48,40.98,76.21,0.57,-1,-1,-1
34,474,2619.82,303.96,54.58,59.49,0.78,-1,-1,-1
34,476,1308.66,1108.51,74.25,130.46,0.64,-1,-1,-1
34,478,2375.21,445.37,37.25,53.73,0.44,-1,-1,-1
34,446,1404.84,523.65,79.47,68.16,0.41,-1,-1,-1
34,480,0.00,576.05,42.34,91.57,0.56,-1,-1,-1
34,481,1051.65,943.40,55.23,101.31,0.51,-1,-1,-1
34,483,449.93,744.95,47.59,85.98,0.52,-1,-1,-1
34,484,2603.16,149.25,53.11,40.07,0.57,-1,-1,-1
34,468,842.29,971.16,69.63,128.05,0.59,-1,-1,-1
34,420,2459.11,180.16,105.63,78.35,0.77,-1,-1,-1
35,123,627.90,607.56,195.14,136.93,0.90,-1,-1,-1
35,381,349.78,651.32,66.88,70.59,0.66,-1,-1,-1
35,399,0.00,1086.05,359.76,245.14,0.88,-1,-1,-1
35,400,766.79,735.11,273.07,162.50,0.90,-1,-1,-1
35,401,935.43,771.86,291.66,176.73,0.87,-1,-1,-1
35,402,1611.63,566.87,232.72,105.56,0.88,-1,-1,-1
35,403,1246.21,587.77,248.67,98.59,0.86,-1,-1,-1
35,404,1036.40,670.15,289.57,112.08,0.86,-1,-1,-1
35,405,218.32,1207.18,362.55,270.80,0.82,-1,-1,-1
35,406,2138.37,432.35,149.33,75.43,0.86,-1,-1,-1
35,407,2372.42,316.14,103.03,64.77,0.83,-1,-1,-1
35,409,591.04,459.95,194.00,110.96,0.87,-1,-1,-1
35,410,1702.31,465.24,214.83,81.81,0.89,-1,-1,-1
35,411,2089.25,379.53,111.35,77.73,0.82,-1,-1,-1
35,412,314.48,424.63,186.38,82.34,0.87,-1,-1,-1
35,413,636.50,373.93,106.62,80.10,0.84,-1,-1,-1
35,414,514.43,665.90,167.72,152.41,0.87,-1,-1,-1
35,415,2175.57,337.91,101.66,77.43,0.83,-1,-1,-1
35,416,2011.67,365.32,107.18,70.74,0.80,-1,-1,-1
35,417,581.37,1216.71,152.31,139.09,0.60,-1,-1,-1
35,418,2397.91,243.03,73.86,52.38,0.66,-1,-1,-1
35,419,966.15,1185.80,105.14,118.22,0.70,-1,-1,-1
35,421,2436.92,189.80,51.24,42.98,0.30,-1,-1,-1
35,422,2300.69,247.07,73.04,46.52,0.63,-1,-1,-1
35,423,597.71,319.57,72.82,68.83,0.72,-1,-1,-1
35,424,2361.96,279.63,52.19,47.42,0.42,-1,-1,-1
35,425,834.79,972.21,83.82,143.36,0.75,-1,-1,-1
35,426,419.12,206.35,61.58,58.45,0.61,-1,-1,-1
35,428,1617.26,1302.34,129.55,152.36,0.77,-1,-1,-1
35,430,494.44,544.19,54.72,82.91,0.44,-1,-1,-1
35,431,802.73,1217.39,69.63,162.48,0.59,-1,-1,-1
35,432,741.34,984.99,53.73,117.47,0.67,-1,-1,-1
35,433,748.23,878.83,112.65,99.69,0.66,-1,-1,-1
35,435,2183.09,301.73,81.03,40.90,0.66,-1,-1,-1
35,436,464.84,537.62,71.50,58.45,0.60,-1,-1,-1
35,438,1548.41,1166.64,117.00,128.46,0.71,-1,-1,-1
35,440,2171.74,726.83,61.59,90.99,0.59,-1,-1,-1
35,441,1342.47,527.30,31.42,61.47,0.54,-1,-1,-1
35,442,436.00,339.05,29.35,58.71,0.54,-1,-1,-1
35,443,2131.85,791.00,56.21,104.54,0.56,-1,-1,-1
35,445,1812.93,375.19,30.20,59.56,0.53,-1,-1,-1
35,449,660.08,861.17,67.81,74.01,0.68,-1,-1,-1
35,450,298.56,708.95,55.98,122.80,0.73,-1,-1,-1
35,451,1583.77,299.10,123.04,64.25,0.71,-1,-1,-1
35,452,1642.22,1280.21,89.68,134.88,0.60,-1,-1,-1
35,453,2468.29,858.17,59.12,127.28,0.64,-1,-1,-1
35,454,558.04,214.10,24.06,42.71,0.16,-1,-1,-1
35,455,922.95,366.85,25.44,58.47,0.68,-1,-1,-1
35,456,2224.53,1033.82,68.36,132.96,0.27,-1,-1,-1
35,457,2375.52,425.68,36.76,58.97,0.45,-1,-1,-1
35,458,2243.03,277.75,67.45,38.71,0.58,-1,-1,-1
35,459,1309.56,1150.93,95.28,135.44,0.74,-1,-1,-1
35,460,2100.24,328.47,104.34,58.26,0.67,-1,-1,-1
35,461,657.33,999.34,66.32,138.94,0.69,-1,-1,-1
35,444,2312.39,303.28,53.84,49.29,0.61,-1,-1,-1
35,463,466.63,510.02,36.25,61.59,0.51,-1,-1,-1
35,464,20.97,414.77,89.43,65.72,0.68,-1,-1,-1
35,465,1563.21,1137.98,87.23,137.87,0.60,-1,-1,-1
35,466,970.34,1142.04,61.79,135.64,0.44,-1,-1,-1
35,467,833.64,657.24,58.30,87.01,0.51,-1,-1,-1
35,470,2579.55,188.29,44.37,43.27,0.52,-1,-1,-1
35,471,870.56,1190.08,70.46,152.04,0.62,-1,-1,-1
35,366,2336.56,539.73,40.83,76.16,0.52,-1,-1,-1
35,474,2617.54,303.34,57.15,59.83,0.75,-1,-1,-1
35,476,1318.90,1116.87,73.54,129.75,0.49,-1,-1,-1
35,478,2373.76,444.00,37.70,53.88,0.46,-1,-1,-1
35,446,1394.13,527.12,73.82,63.20,0.16,-1,-1,-1
35,480,0.00,574.54,40.80,91.89,0.54,-1,-1,-1
35,481,1051.50,937.11,50.58,93.82,0.40,-1,-1,-1
35,483,445.22,744.61,45.47,81.93,0.42,-1,-1,-1
35,484,2598.31,149.28,53.76,40.46,0.59,-1,-1,-1
35,468,841.10,969.23,69.14,126.19,0.60,-1,-1,-1
35,420,2455.37,178.53,107.67,79.87,0.69,-1,-1,-1
36,123,625.28,606.92,197.52,138.90,0.89,-1,-1,-1
36,381,346.22,647.52,71.28,73.01,0.72,-1,-1,-1
36,399,0.00,1092.78,349.99,252.04,0.83,-1,-1,-1
36,400,762.99,735.16,279.04,165.49,0.89,-1,-1,-1
36,401,934.17,771.98,288.90,175.59,0.89,-1,-1,-1
36,402,1625.78,568.36,222.11,100.47,0.88,-1,-1,-1
36,403,1255.44,586.95,247.70,98.14,0.86,-1,-1,-1
36,404,1035.08,669.62,289.32,112.52,0.86,-1,-1,-1
36,405,214.71,1207.87,363.05,269.73,0.82,-1,-1,-1
36,406,2140.57,427.30,152.04,77.75,0.83,-1,-1,-1
36,407,2375.07,313.87,100.55,63.44,0.82,-1,-1,-1
36,409,594.97,461.32,195.89,112.49,0.88,-1,-1,-1
36,410,1719.62,464.43,214.36,81.45,0.89,-1,-1,-1
36,411,2086.94,379.38,111.11,77.60,0.79,-1,-1,-1
36,412,317.56,424.69,188.45,84.00,0.87,-1,-1,-1
36,413,633.94,374.16,107.35,80.13,0.84,-1,-1,-1
36,414,513.77,669.42,167.69,153.60,0.85,-1,-1,-1
36,415,2173.65,337.82,100.75,77.12,0.84,-1,-1,-1
36,416,2009.80,364.93,106.84,70.63,0.82,-1,-1,-1
36,417,572.32,1210.42,155.53,143.07,0.66,-1,-1,-1
36,418,2393.18,239.37,78.56,56.07,0.77,-1,-1,-1
36,419,952.46,1175.35,119.83,134.49,0.68,-1,-1,-1
36,421,2435.33,185.39,53.50,45.26,0.44,-1,-1,-1
36,422,2297.73,248.67,71.34,45.19,0.51,-1,-1,-1
36,423,595.51,318.69,72.82,68.93,0.76,-1,-1,-1
36,424,2357.55,278.81,52.44,47.51,0.44,-1,-1,-1
36,425,835.26,972.90,83.26,142.65,0.75,-1,-1,-1
36,426,417.50,206.51,61.16,58.11,0.54,-1,-1,-1
36,428,1630.50,1310.74,131.67,154.01,0.80,-1,-1,-1
36,430,494.52,545.82,53.70,83.93,0.40,-1,-1,-1
36,431,806.04,1224.40,68.66,158.83,0.67,-1,-1,-1
36,432,740.79,986.13,55.09,121.15,0.67,-1,-1,-1
36,433,740.34,876.37,114.84,100.80,0.51,-1,-1,-1
36,435,2180.09,301.96,81.32,40.94,0.62,-1,-1,-1
36,436,464.32,537.62,70.08,56.95,0.60,-1,-1,-1
36,438,1557.35,1174.96,119.93,134.05,0.77,-1,-1,-1
36,440,2174.96,721.70,59.03,87.01,0.42,-1,-1,-1
36,441,1340.34,526.44,31.47,61.76,0.48,-1,-1,-1
36,442,434.55,340.67,29.88,59.74,0.51,-1,-1,-1
36,443,2136.77,783.31,52.87,98.32,0.58,-1,-1,-1
36,445,1810.94,375.14,30.08,59.17,0.52,-1,-1,-1
36,449,649.80,859.48,71.05,75.22,0.67,-1,-1,-1
36,450,297.00,712.25,55.81,123.44,0.74,-1,-1,-1
36,451,1580.25,297.62,125.15,65.69,0.47,-1,-1,-1
36,452,1651.94,1288.56,91.74,138.17,0.67,-1,-1,-1
36,453,2466.30,854.09,59.86,129.12,0.64,-1,-1,-1
36,454,557.76,216.88,22.32,39.47,0.18,-1,-1,-1
36,455,919.67,363.91,27.30,63.04,0.67,-1,-1,-1
36,456,2222.95,1025.37,70.98,138.77,0.44,-1,-1,-1
36,457,2373.65,423.78,38.68,62.63,0.44,-1,-1,-1
36,458,2239.03,277.17,69.00,39.51,0.57,-1,-1,-1
36,459,1318.84,1162.05,94.45,133.91,0.80,-1,-1,-1
36,460,2099.00,328.83,101.32,56.84,0.75,-1,-1,-1
36,461,659.25,1004.72,64.72,135.96,0.71,-1,-1,-1
36,444,2311.71,304.93,52.07,47.84,0.31,-1,-1,-1
36,463,467.01,509.82,37.65,64.47,0.51,-1,-1,-1
36,464,19.20,412.17,98.03,69.35,0.64,-1,-1,-1
36,465,1570.03,1145.27,86.40,135.83,0.57,-1,-1,-1
36,466,964.16,1139.45,58.01,126.22,0.50,-1,-1,-1
36,467,829.83,665.38,59.36,89.34,0.45,-1,-1,-1
36,470,2577.03,191.43,41.77,40.56,0.48,-1,-1,-1
36,471,874.84,1194.23,68.53,148.17,0.67,-1,-1,-1
36,366,2335.12,540.22,40.44,74.73,0.65,-1,-1,-1
36,474,2615.53,302.97,58.89,59.20,0.75,-1,-1,-1
36,476,1328.39,1124.14,71.82,125.53,0.57,-1,-1,-1
36,478,2372.26,437.13,40.95,58.81,0.37,-1,-1,-1
36,446,1389.54,525.96,75.38,63.62,0.15,-1,-1,-1
36,480,0.00,570.38,39.96,97.39,0.43,-1,-1,-1
36,481,1051.80,931.01,52.40,98.06,0.33,-1,-1,-1
36,483,440.20,746.34,47.63,85.78,0.47,-1,-1,-1
36,484,2594.24,148.89,52.96,39.73,0.55,-1,-1,-1
36,468,841.99,969.35,68.20,123.00,0.53,-1,-1,-1
36,420,2451.39,179.89,106.14,78.65,0.35,-1,-1,-1
37,123,623.39,606.69,198.11,139.48,0.89,-1,-1,-1
37,381,344.06,647.44,73.60,73.35,0.74,-1,-1,-1
37,399,0.00,1100.29,333.92,244.97,0.86,-1,-1,-1
37,400,757.30,735.34,290.80,172.68,0.89,-1,-1,-1
37,401,930.13,772.43,286.99,174.54,0.90,-1,-1,-1
37,402,1635.19,565.57,222.32,100.62,0.90,-1,-1,-1
37,403,1263.54,586.75,247.97,97.72,0.85,-1,-1,-1
37,404,1033.32,669.11,290.09,113.37,0.87,-1,-1,-1
37,405,211.42,1208.36,365.43,270.05,0.81,-1,-1,-1
37,406,2144.33,424.31,148.90,76.78,0.85,-1,-1,-1
37,407,2379.01,311.64,97.04,61.13,0.82,-1,-1,-1
37,409,603.20,465.33,192.41,110.68,0.90,-1,-1,-1
37,410,1739.04,463.91,212.73,80.50,0.88,-1,-1,-1
37,411,2086.42,379.48,109.11,76.17,0.81,-1,-1,-1
37,412,323.80,426.36,184.95,82.86,0.86,-1,-1,-1
37,413,631.09,373.87,109.09,80.98,0.83,-1,-1,-1
37,414,512.12,672.95,166.20,153.79,0.86,-1,-1,-1
37,415,2173.18,338.85,98.19,75.38,0.86,-1,-1,-1
37,416,2007.32,364.06,107.06,70.98,0.82,-1,-1,-1
37,417,565.43,1207.26,154.32,142.48,0.65,-1,-1,-1
37,418,2389.14,236.94,81.36,58.60,0.74,-1,-1,-1
37,419,945.71,1168.60,122.65,137.33,0.56,-1,-1,-1
37,421,2437.27,182.62,56.96,47.62,0.22,-1,-1,-1
37,422,2293.92,249.60,70.28,44.48,0.27,-1,-1,-1
37,423,594.02,319.09,72.56,68.64,0.75,-1,-1,-1
37,424,2352.92,278.48,52.70,47.38,0.46,-1,-1,-1
37,425,835.22,971.03,83.60,143.37,0.74,-1,-1,-1
37,426,414.04,206.25,62.36,59.10,0.39,-1,-1,-1
37,428,1643.09,1322.65,128.80,148.41,0.86,-1,-1,-1
37,430,493.88,548.88,51.92,83.46,0.40,-1,-1,-1
37,431,808.14,1231.02,66.24,151.63,0.71,-1,-1,-1
37,432,741.42,987.26,56.64,124.57,0.62,-1,-1,-1
37,433,732.06,880.91,110.75,96.33,0.55,-1,-1,-1
37,435,2177.48,301.59,82.27,41.54,0.56,-1,-1,-1
37,436,465.32,539.06,69.08,55.89,0.59,-1,-1,-1
37,438,1564.52,1180.58,120.57,136.24,0.81,-1,-1,-1
37,440,2174.24,713.58,60.82,89.09,0.57,-1,-1,-1
37,441,1337.09,525.12,31.74,62.15,0.45,-1,-1,-1
37,442,433.28,341.25,29.64,59.32,0.50,-1,-1,-1
37,443,2139.68,774.18,55.08,102.37,0.60,-1,-1,-1
37,445,1809.05,375.91,29.64,58.11,0.47,-1,-1,-1
37,449,640.95,858.21,71.52,72.85,0.65,-1,-1,-1
37,450,295.18,714.70,55.26,123.19,0.75,-1,-1,-1
37,451,1578.09,296.95,126.98,66.73,0.63,-1,-1,-1
37,452,1661.42,1296.83,91.41,140.04,0.64,-1,-1,-1
37,453,2465.00,853.59,59.05,127.64,0.58,-1,-1,-1
37,454,555.15,211.04,24.58,43.73,0.17,-1,-1,-1
37,455,916.64,361.65,28.30,65.62,0.62,-1,-1,-1
37,456,2221.97,1020.65,69.96,136.36,0.14,-1,-1,-1
37,457,2375.05,421.77,36.16,59.22,0.50,-1,-1,-1
37,458,2236.52,277.07,69.33,39.52,0.34,-1,-1,-1
37,459,1328.75,1169.56,92.10,129.57,0.79,-1,-1,-1
37,460,2098.11,329.39,99.04,55.55,0.72,-1,-1,-1
37,461,661.56,1011.79,63.52,133.22,0.64,-1,-1,-1
37,444,2312.37,307.31,49.00,45.20,0.23,-1,-1,-1
37,463,469.96,510.14,36.54,62.35,0.53,-1,-1,-1
37,464,17.15,407.42,108.37,74.40,0.74,-1,-1,-1
37,465,1576.34,1152.60,90.21,140.28,0.62,-1,-1,-1
37,466,956.43,1138.27,61.36,131.86,0.55,-1,-1,-1
37,467,825.24,667.87,60.34,91.62,0.39,-1,-1,-1
37,470,2573.09,193.31,40.15,38.44,0.44,-1,-1,-1
37,471,877.40,1198.43,68.28,148.36,0.54,-1,-1,-1
37,366,2333.98,535.14,41.87,77.30,0.59,-1,-1,-1
37,474,2612.02,303.08,61.61,59.66,0.76,-1,-1,-1
37,476,1333.43,1132.19,73.93,128.90,0.56,-1,-1,-1
37,478,2373.29,440.19,37.84,53.82,0.37,-1,-1,-1
37,446,1384.57,526.81,74.64,61.99,0.17,-1,-1,-1
37,480,0.00,571.25,37.64,97.56,0.56,-1,-1,-1
37,481,1053.32,923.85,51.24,94.68,0.39,-1,-1,-1
37,483,435.15,748.53,51.56,93.22,0.48,-1,-1,-1
37,484,2592.09,148.86,53.37,39.98,0.68,-1,-1,-1
37,468,841.05,966.53,70.53,126.29,0.39,-1,-1,-1
37,420,2447.43,178.40,107.67,79.44,0.13,-1,-1,-1
37,485,951.52,497.15,37.24,79.26,0.61,-1,-1,-1
38,123,622.26,607.51,196.44,138.21,0.88,-1,-1,-1
38,381,341.84,647.28,75.90,73.78,0.70,-1,-1,-1
38,399,0.00,1104.14,318.72,242.56,0.85,-1,-1,-1
38,400,756.54,736.41,283.48,168.50,0.88,-1,-1,-1
38,401,924.62,772.52,286.84,174.39,0.91,-1,-1,-1
38,402,1642.81,561.65,224.00,101.75,0.89,-1,-1,-1
38,403,1267.91,585.84,248.64,97.10,0.86,-1,-1,-1
38,404,1029.80,667.26,293.50,115.49,0.86,-1,-1,-1
38,405,207.90,1202.85,370.62,273.33,0.83,-1,-1,-1
38,406,2147.76,420.67,147.14,76.54,0.84,-1,-1,-1
38,407,2380.72,308.41,96.02,60.47,0.79,-1,-1,-1
38,409,610.20,468.46,189.83,109.29,0.91,-1,-1,-1
38,410,1754.61,463.15,213.82,80.73,0.88,-1,-1,-1
38,411,2085.31,379.08,107.36,75.11,0.81,-1,-1,-1
38,412,329.27,427.80,183.85,82.69,0.86,-1,-1,-1
38,413,626.72,371.95,112.24,83.36,0.79,-1,-1,-1
38,414,510.89,674.47,166.63,155.74,0.90,-1,-1,-1
38,415,2172.00,339.26,96.91,74.44,0.86,-1,-1,-1
38,416,2004.85,363.69,106.85,71.02,0.82,-1,-1,-1
38,417,557.79,1204.60,151.96,141.00,0.69,-1,-1,-1
38,418,2385.64,235.99,81.60,59.24,0.77,-1,-1,-1
38,419,942.16,1161.78,122.38,138.18,0.40,-1,-1,-1
38,422,2288.72,250.83,69.67,44.11,0.16,-1,-1,-1
38,423,591.97,319.20,72.22,68.41,0.72,-1,-1,-1
38,424,2352.54,277.99,52.36,46.85,0.50,-1,-1,-1
38,425,834.35,968.36,84.89,145.62,0.78,-1,-1,-1
38,426,411.26,205.91,62.25,58.97,0.41,-1,-1,-1
38,428,1654.28,1331.59,128.84,146.82,0.87,-1,-1,-1
38,430,492.60,552.14,50.17,82.89,0.43,-1,-1,-1
38,431,809.97,1236.76,65.52,149.38,0.69,-1,-1,-1
38,432,739.73,987.98,57.38,127.17,0.69,-1,-1,-1
38,433,720.97,873.64,118.23,102.91,0.57,-1,-1,-1
38,435,2175.23,300.75,83.27,42.13,0.66,-1,-1,-1
38,436,466.41,540.94,67.01,54.06,0.59,-1,-1,-1
38,438,1572.11,1190.73,118.29,134.59,0.84,-1,-1,-1
38,440,2168.48,700.47,68.28,99.64,0.46,-1,-1,-1
38,441,1334.97,526.23,31.31,61.48,0.57,-1,-1,-1
38,442,431.70,341.79,30.07,60.16,0.47,-1,-1,-1
38,443,2141.81,760.04,58.08,108.73,0.41,-1,-1,-1
38,445,1806.73,376.03,29.58,58.10,0.51,-1,-1,-1
38,449,633.23,856.88,73.01,72.11,0.60,-1,-1,-1
38,450,292.78,716.57,54.56,121.90,0.74,-1,-1,-1
38,451,1576.80,298.19,123.53,64.83,0.60,-1,-1,-1
38,452,1673.18,1305.58,89.64,135.87,0.70,-1,-1,-1
38,453,2463.38,855.83,57.81,124.59,0.54,-1,-1,-1
38,454,552.54,207.29,24.99,45.01,0.29,-1,-1,-1
38,455,914.25,362.06,27.93,65.00,0.64,-1,-1,-1
38,456,2221.68,1014.58,68.48,132.71,0.17,-1,-1,-1
38,457,2375.25,419.80,34.30,56.60,0.50,-1,-1,-1
38,458,2233.46,277.25,70.90,39.87,0.61,-1,-1,-1
38,459,1335.67,1176.42,94.94,132.54,0.77,-1,-1,-1
38,460,2096.17,329.59,100.78,56.73,0.71,-1,-1,-1
38,461,663.91,1018.75,61.98,130.05,0.59,-1,-1,-1
38,444,2308.95,301.50,54.27,49.95,0.30,-1,-1,-1
38,463,472.60,511.37,36.99,62.89,0.51,-1,-1,-1
38,464,18.39,409.95,109.27,72.17,0.74,-1,-1,-1
38,465,1583.61,1159.31,92.89,144.08,0.61,-1,-1,-1
38,466,953.44,1135.98,50.25,105.56,0.45,-1,-1,-1
38,467,821.83,664.57,55.39,84.67,0.54,-1,-1,-1
38,470,2568.87,193.14,40.71,38.87,0.49,-1,-1,-1
38,471,879.78,1203.96,66.19,144.08,0.55,-1,-1,-1
38,366,2332.17,527.85,42.45,79.57,0.56,-1,-1,-1
38,474,2608.69,302.83,64.19,60.16,0.78,-1,-1,-1
38,476,1340.81,1138.90,75.17,130.50,0.54,-1,-1,-1
38,478,2372.19,440.72,36.61,51.82,0.17,-1,-1,-1
38,446,1377.83,524.13,77.14,62.86,0.27,-1,-1,-1
38,480,0.00,572.16,35.38,97.92,0.57,-1,-1,-1
38,481,1052.47,928.90,61.78,113.64,0.59,-1,-1,-1
38,483,431.96,750.74,49.69,89.17,0.53,-1,-1,-1
38,484,2591.73,149.21,51.99,39.08,0.52,-1,-1,-1
38,468,838.33,962.56,72.86,131.04,0.47,-1,-1,-1
38,420,2443.06,176.54,109.75,80.52,0.38,-1,-1,-1
38,485,949.00,497.10,38.39,81.71,0.54,-1,-1,-1
39,123,622.25,608.90,192.20,134.57,0.87,-1,-1,-1
39,381,339.03,646.25,78.22,74.50,0.67,-1,-1,-1
39,399,0.00,1110.05,300.89,243.30,0.84,-1,-1,-1
39,400,755.74,736.36,276.94,163.96,0.88,-1,-1,-1
39,401,920.18,772.55,285.23,173.12,0.91,-1,-1,-1
39,402,1653.05,560.09,219.74,100.05,0.88,-1,-1,-1
39,403,1264.97,584.65,254.60,97.88,0.84,-1,-1,-1
39,404,1028.43,666.97,292.11,115.76,0.87,-1,-1,-1
39,405,203.27,1200.14,373.59,274.73,0.84,-1,-1,-1
39,406,2152.13,416.48,146.90,77.26,0.82,-1,-1,-1
39,407,2382.15,305.45,95.86,60.42,0.82,-1,-1,-1
39,409,615.48,470.80,189.71,109.22,0.92,-1,-1,-1
39,410,1774.06,464.16,210.83,79.24,0.90,-1,-1,-1
39,411,2083.63,378.57,107.27,75.12,0.81,-1,-1,-1
39,412,332.86,429.31,184.50,83.31,0.87,-1,-1,-1
39,413,624.36,371.04,113.93,84.81,0.79,-1,-1,-1
39,414,510.68,677.40,165.69,156.20,0.90,-1,-1,-1
39,415,2170.46,339.50,96.44,73.99,0.84,-1,-1,-1
39,416,2003.81,363.89,105.92,70.48,0.81,-1,-1,-1
39,417,550.92,1201.37,150.20,140.37,0.72,-1,-1,-1
39,418,2383.37,235.57,81.19,59.34,0.74,-1,-1,-1
39,419,940.55,1156.15,120.29,138.77,0.32,-1,-1,-1
39,422,2284.74,249.75,71.46,45.36,0.21,-1,-1,-1
39,423,590.48,319.24,72.44,68.76,0.77,-1,-1,-1
39,424,2351.29,278.63,52.12,46.46,0.47,-1,-1,-1
39,425,834.00,966.41,85.63,146.76,0.78,-1,-1,-1
39,426,409.20,206.60,62.16,59.02,0.21,-1,-1,-1
39,428,1667.79,1335.72,126.47,142.62,0.82,-1,-1,-1
39,430,493.07,559.91,45.70,77.11,0.39,-1,-1,-1
39,431,811.96,1239.91,68.49,155.20,0.69,-1,-1,-1
39,432,738.85,990.88,57.52,128.05,0.72,-1,-1,-1
39,433,716.88,879.90,112.84,96.78,0.77,-1,-1,-1
39,435,2172.81,300.12,83.37,42.15,0.69,-1,-1,-1
39,436,467.39,543.25,64.42,51.77,0.60,-1,-1,-1
39,438,1582.96,1197.00,118.28,136.10,0.76,-1,-1,-1
39,440,2174.05,690.64,67.70,99.01,0.47,-1,-1,-1
39,441,1333.05,526.53,31.99,63.27,0.43,-1,-1,-1
39,442,431.11,342.70,28.42,56.41,0.48,-1,-1,-1
39,443,2145.85,756.75,55.39,103.66,0.39,-1,-1,-1
39,445,1804.34,375.82,29.54,58.23,0.51,-1,-1,-1
39,449,615.96,838.07,91.81,90.37,0.55,-1,-1,-1
39,450,292.09,717.37,54.32,122.06,0.71,-1,-1,-1
39,451,1577.03,300.49,118.11,61.66,0.55,-1,-1,-1
39,452,1682.84,1312.81,88.61,133.80,0.68,-1,-1,-1
39,453,2460.06,854.72,58.35,125.15,0.58,-1,-1,-1
39,454,550.31,210.06,23.23,41.22,0.16,-1,-1,-1
39,455,911.65,361.58,26.54,61.97,0.65,-1,-1,-1
39,456,2221.46,1011.17,67.87,130.80,0.17,-1,-1,-1
39,457,2374.41,418.11,34.23,56.54,0.45,-1,-1,-1
39,458,2229.74,276.41,71.99,40.23,0.53,-1,-1,-1
39,459,1344.48,1184.28,98.27,136.66,0.70,-1,-1,-1
39,460,2105.74,328.96,99.19,56.11,0.50,-1,-1,-1
39,461,667.73,1027.34,56.50,117.62,0.49,-1,-1,-1
39,444,2307.35,302.90,52.96,48.25,0.49,-1,-1,-1
39,463,474.94,512.02,36.21,61.28,0.51,-1,-1,-1
39,464,16.91,407.61,117.22,75.24,0.75,-1,-1,-1
39,465,1594.00,1167.14,91.98,141.82,0.73,-1,-1,-1
39,466,944.54,1134.63,52.64,111.36,0.51,-1,-1,-1
39,467,813.90,666.52,53.51,82.67,0.55,-1,-1,-1
39,470,2565.90,192.97,41.31,39.50,0.51,-1,-1,-1
39,471,888.06,1207.07,60.87,129.57,0.55,-1,-1,-1
39,366,2331.02,522.74,42.26,79.77,0.52,-1,-1,-1
39,474,2605.72,301.88,65.70,59.83,0.76,-1,-1,-1
39,476,1353.93,1145.78,73.79,128.31,0.68,-1,-1,-1
39,478,2372.26,440.05,36.10,50.73,0.26,-1,-1,-1
39,446,1371.49,525.93,74.74,59.79,0.16,-1,-1,-1
39,480,0.00,580.06,31.89,90.21,0.58,-1,-1,-1
39,481,1051.70,923.68,67.79,124.99,0.54,-1,-1,-1
39,483,426.63,753.75,49.09,87.30,0.56,-1,-1,-1
39,484,2588.12,149.70,52.01,39.01,0.45,-1,-1,-1
39,468,838.40,959.25,71.51,129.65,0.42,-1,-1,-1
39,420,2440.03,179.97,100.15,72.17,0.14,-1,-1,-1
39,485,943.46,494.84,39.68,84.36,0.56,-1,-1,-1
40,123,620.10,608.52,192.22,134.36,0.87,-1,-1,-1
40,381,336.50,644.65,80.88,75.83,0.70,-1,-1,-1
40,399,0.00,1116.42,282.90,239.05,0.84,-1,-1,-1
40,400,751.85,736.40,278.55,164.46,0.89,-1,-1,-1
40,401,917.60,772.13,283.34,171.59,0.92,-1,-1,-1
40,402,1661.65,558.49,216.82,98.83,0.88,-1,-1,-1
40,403,1287.87,585.24,248.31,94.99,0.89,-1,-1,-1
40,404,1023.13,667.01,292.57,116.62,0.87,-1,-1,-1
40,405,199.90,1199.01,375.26,275.02,0.83,-1,-1,-1
40,406,2156.71,414.29,144.57,76.84,0.79,-1,-1,-1
40,407,2383.06,302.49,96.18,60.80,0.80,-1,-1,-1
40,409,619.75,472.44,192.09,110.68,0.90,-1,-1,-1
40,410,1788.82,463.26,212.16,79.58,0.90,-1,-1,-1
40,411,2080.80,378.60,107.06,74.93,0.83,-1,-1,-1
40,412,336.88,430.45,184.39,83.63,0.89,-1,-1,-1
40,413,622.23,370.86,114.01,85.06,0.81,-1,-1,-1
40,414,510.03,679.21,165.90,157.73,0.90,-1,-1,-1
40,415,2167.23,339.57,95.89,73.36,0.82,-1,-1,-1
40,416,2001.12,363.80,105.59,70.42,0.81,-1,-1,-1
40,417,542.86,1192.80,152.03,143.66,0.67,-1,-1,-1
40,418,2381.01,235.31,80.94,59.57,0.77,-1,-1,-1
40,419,930.17,1158.25,117.43,137.67,0.14,-1,-1,-1
40,422,2282.59,248.82,71.19,45.15,0.19,-1,-1,-1
40,423,588.48,319.49,72.11,68.43,0.74,-1,-1,-1
40,424,2351.81,279.50,50.83,45.32,0.36,-1,-1,-1
40,425,835.24,969.18,81.66,138.28,0.68,-1,-1,-1
40,426,407.21,206.56,61.60,58.66,0.45,-1,-1,-1
40,428,1678.22,1346.04,134.11,151.18,0.75,-1,-1,-1
40,430,489.64,558.85,47.34,81.54,0.44,-1,-1,-1
40,431,813.98,1242.77,70.04,157.82,0.67,-1,-1,-1
40,432,738.44,995.54,56.97,127.45,0.64,-1,-1,-1
40,433,707.86,876.10,117.13,99.94,0.67,-1,-1,-1
40,435,2170.57,299.49,83.81,42.42,0.72,-1,-1,-1
40,436,466.74,542.66,66.53,54.04,0.50,-1,-1,-1
40,438,1590.70,1205.15,121.08,141.37,0.75,-1,-1,-1
40,440,2176.48,684.98,67.08,98.35,0.48,-1,-1,-1
40,441,1332.25,523.55,31.28,62.03,0.23,-1,-1,-1
40,442,429.90,345.75,28.57,56.43,0.48,-1,-1,-1
40,443,2149.64,751.32,53.62,100.85,0.41,-1,-1,-1
40,445,1801.97,375.35,30.12,59.31,0.51,-1,-1,-1
40,449,607.02,836.10,94.08,91.37,0.43,-1,-1,-1
40,450,291.34,719.67,52.64,117.50,0.65,-1,-1,-1
40,451,1574.73,298.76,119.03,62.03,0.56,-1,-1,-1
40,452,1695.34,1322.51,87.93,134.61,0.56,-1,-1,-1
40,453,2452.32,847.89,63.27,135.57,0.58,-1,-1,-1
40,454,548.86,210.10,22.68,39.98,0.27,-1,-1,-1
40,455,908.13,358.23,27.10,63.24,0.68,-1,-1,-1
40,456,2221.06,1008.13,67.33,129.03,0.18,-1,-1,-1
40,457,2372.38,417.81,36.12,59.83,0.40,-1,-1,-1
40,458,2230.37,276.82,71.77,40.22,0.46,-1,-1,-1
40,459,1356.18,1193.99,91.50,124.87,0.70,-1,-1,-1
40,460,2111.35,328.62,98.17,55.70,0.54,-1,-1,-1
40,461,671.50,1034.34,58.53,120.69,0.59,-1,-1,-1
40,444,2307.02,305.17,50.17,45.36,0.55,-1,-1,-1
40,463,477.05,511.97,35.68,60.18,0.53,-1,-1,-1
40,464,16.00,405.38,125.07,78.26,0.77,-1,-1,-1
40,465,1606.18,1174.87,90.75,140.73,0.63,-1,-1,-1
40,466,931.17,1132.80,58.32,124.43,0.56,-1,-1,-1
40,467,809.92,667.98,51.06,79.58,0.58,-1,-1,-1
40,470,2560.96,190.86,43.61,41.50,0.54,-1,-1,-1
40,471,895.55,1211.07,53.46,110.32,0.53,-1,-1,-1
40,366,2330.19,517.79,41.46,78.62,0.48,-1,-1,-1
40,474,2602.42,301.38,66.75,59.11,0.75,-1,-1,-1
40,476,1364.48,1155.16,67.25,116.36,0.57,-1,-1,-1
40,478,2371.22,437.14,37.39,52.42,0.23,-1,-1,-1
40,446,1362.88,511.48,88.08,72.26,0.12,-1,-1,-1
40,480,0.00,581.92,29.97,88.02,0.57,-1,-1,-1
40,481,1053.37,922.66,68.11,125.93,0.44,-1,-1,-1
40,483,423.02,756.38,49.93,88.51,0.49,-1,-1,-1
40,484,2584.20,149.30,52.27,39.07,0.49,-1,-1,-1
40,468,838.14,956.57,70.26,128.22,0.46,-1,-1,-1
40,420,2434.04,176.94,109.73,79.19,0.10,-1,-1,-1
40,485,939.25,494.86,39.71,84.40,0.62,-1,-1,-1
40,486,2642.60,728.10,43.33,94.18,0.65,-1,-1,-1
41,123,617.81,608.38,191.75,134.01,0.86,-1,-1,-1
41,381,334.63,644.38,82.41,76.46,0.66,-1,-1,-1
41,399,0.00,1122.87,269.32,238.99,0.84,-1,-1,-1
41,400,753.41,736.14,275.10,161.96,0.90,-1,-1,-1
41,401,915.75,772.00,282.98,170.93,0.89,-1,-1,-1
41,402,1669.14,555.72,218.45,100.20,0.88,-1,-1,-1
41,403,1302.40,584.59,247.28,94.28,0.89,-1,-1,-1
41,404,1021.53,667.72,289.07,115.68,0.88,-1,-1,-1
41,405,198.66,1199.36,374.38,273.26,0.83,-1,-1,-1
41,406,2162.07,412.61,139.76,74.76,0.83,-1,-1,-1
41,407,2383.73,298.34,97.48,61.86,0.81,-1,-1,-1
41,409,626.50,473.83,192.69,111.18,0.88,-1,-1,-1
41,410,1805.13,461.70,214.46,80.39,0.89,-1,-1,-1
41,411,2077.15,378.66,107.22,74.97,0.83,-1,-1,-1
41,412,340.78,431.64,184.50,84.08,0.87,-1,-1,-1
41,413,619.60,371.19,113.32,84.46,0.82,-1,-1,-1
41,414,508.51,680.79,166.80,159.90,0.90,-1,-1,-1
41,415,2162.06,337.71,99.28,75.94,0.81,-1,-1,-1
41,416,1998.44,363.31,105.86,70.91,0.80,-1,-1,-1
41,417,538.80,1191.73,148.20,140.54,0.72,-1,-1,-1
41,418,2378.61,235.52,80.00,59.02,0.79,-1,-1,-1
41,419,921.34,1149.41,121.39,145.52,0.17,-1,-1,-1
41,422,2278.34,249.63,70.06,44.46,0.11,-1,-1,-1
41,423,586.03,319.75,71.78,68.27,0.69,-1,-1,-1
41,424,2351.24,278.86,50.99,45.83,0.27,-1,-1,-1
41,425,835.77,969.53,81.03,135.05,0.75,-1,-1,-1
41,426,405.99,208.01,59.63,56.43,0.37,-1,-1,-1
41,428,1693.60,1359.04,128.94,143.70,0.82,-1,-1,-1
41,430,480.21,553.79,52.90,89.90,0.52,-1,-1,-1
41,431,815.84,1247.42,70.17,156.54,0.63,-1,-1,-1
41,432,737.40,999.65,56.39,127.14,0.67,-1,-1,-1
41,433,698.67,873.34,119.94,102.10,0.73,-1,-1,-1
41,435,2166.33,299.68,85.31,43.28,0.66,-1,-1,-1
41,436,465.72,536.68,69.17,57.51,0.25,-1,-1,-1
41,438,1602.54,1218.07,116.88,136.48,0.78,-1,-1,-1
41,440,2175.71,676.16,68.97,101.63,0.38,-1,-1,-1
41,441,1331.47,523.99,29.51,58.00,0.14,-1,-1,-1
41,442,429.71,348.33,27.14,52.90,0.48,-1,-1,-1
41,443,2151.86,740.29,54.97,103.90,0.36,-1,-1,-1
41,445,1800.02,374.39,30.40,59.82,0.52,-1,-1,-1
41,449,602.36,846.56,86.21,80.87,0.65,-1,-1,-1
41,450,290.93,721.05,51.95,114.95,0.70,-1,-1,-1
41,451,1572.67,298.60,120.23,62.31,0.57,-1,-1,-1
41,452,1711.11,1330.20,90.54,138.23,0.55,-1,-1,-1
41,453,2450.05,847.33,62.07,132.99,0.69,-1,-1,-1
41,454,547.73,212.15,21.37,37.18,0.18,-1,-1,-1
41,455,905.29,356.20,27.59,64.50,0.74,-1,-1,-1
41,456,2218.81,1003.19,70.02,134.80,0.65,-1,-1,-1
41,457,2371.37,416.79,36.64,60.74,0.39,-1,-1,-1
41,458,2223.02,275.23,74.57,41.62,0.46,-1,-1,-1
41,459,1366.00,1203.24,95.40,128.67,0.77,-1,-1,-1
41,460,2095.85,328.98,97.25,55.39,0.64,-1,-1,-1
41,461,675.07,1038.93,58.35,118.68,0.69,-1,-1,-1
41,444,2302.57,302.61,53.49,48.42,0.43,-1,-1,-1
41,463,477.93,511.12,35.91,60.63,0.55,-1,-1,-1
41,464,16.63,405.07,129.42,78.91,0.78,-1,-1,-1
41,465,1612.23,1177.52,98.29,153.65,0.59,-1,-1,-1
41,466,925.30,1129.66,55.58,118.31,0.54,-1,-1,-1
41,467,800.58,671.56,55.05,88.33,0.42,-1,-1,-1
41,470,2558.82,192.71,41.53,39.67,0.51,-1,-1,-1
41,471,893.68,1215.21,58.61,116.97,0.55,-1,-1,-1
41,366,2328.63,513.53,41.07,78.13,0.54,-1,-1,-1
41,474,2598.89,301.26,68.57,59.19,0.75,-1,-1,-1
41,476,1369.89,1163.64,76.56,131.23,0.59,-1,-1,-1
41,478,2368.44,429.81,41.29,58.47,0.20,-1,-1,-1
41,481,1055.64,919.16,68.79,127.21,0.54,-1,-1,-1
41,483,417.38,759.89,50.58,89.49,0.51,-1,-1,-1
41,484,2579.53,147.99,52.73,39.16,0.41,-1,-1,-1
41,468,838.04,955.78,67.91,125.36,0.45,-1,-1,-1
41,420,2427.94,176.70,111.69,81.03,0.11,-1,-1,-1
41,485,933.74,495.26,36.97,78.79,0.53,-1,-1,-1
41,486,2640.77,728.35,44.94,97.47,0.63,-1,-1,-1
41,487,2576.87,579.21,43.78,89.93,0.58,-1,-1,-1
41,434,1245.19,613.90,34.89,66.05,0.51,-1,-1,-1
42,123,616.26,609.39,189.97,132.73,0.86,-1,-1,-1
42,381,333.33,644.13,83.08,76.48,0.61,-1,-1,-1
42,399,0.00,1131.22,248.98,233.54,0.87,-1,-1,-1
42,400,753.23,735.99,274.90,161.59,0.91,-1,-1,-1
42,401,913.55,774.25,280.07,169.27,0.90,-1,-1,-1
42,402,1677.68,553.45,218.53,100.67,0.90,-1,-1,-1
42,403,1312.65,583.86,249.12,94.86,0.88,-1,-1,-1
42,404,1020.46,667.77,287.48,115.50,0.89,-1,-1,-1
42,405,197.43,1199.89,374.82,272.55,0.83,-1,-1,-1
42,406,2167.44,410.58,135.54,72.92,0.85,-1,-1,-1
42,407,2386.21,295.98,96.56,61.38,0.80,-1,-1,-1
42,409,631.61,474.37,193.80,112.23,0.91,-1,-1,-1
42,410,1818.30,459.51,217.89,81.81,0.89,-1,-1,-1
42,411,2074.64,378.44,107.00,74.71,0.84,-1,-1,-1
42,412,344.59,432.69,186.06,85.43,0.88,-1,-1,-1
42,413,618.89,372.64,110.64,82.23,0.83,-1,-1,-1
42,414,507.68,682.91,166.68,161.10,0.89,-1,-1,-1
42,415,2157.93,336.88,100.51,76.88,0.76,-1,-1,-1
42,416,1996.14,363.20,105.17,70.67,0.81,-1,-1,-1
42,417,529.88,1187.17,148.54,141.72,0.72,-1,-1,-1
42,418,2375.69,235.55,80.06,59.05,0.76,-1,-1,-1
42,419,914.16,1148.20,118.36,143.69,0.34,-1,-1,-1
42,422,2278.53,250.68,65.59,41.08,0.36,-1,-1,-1
42,423,583.71,319.56,71.85,68.55,0.70,-1,-1,-1
42,424,2349.40,277.20,51.45,46.62,0.28,-1,-1,-1
42,425,836.14,964.48,82.88,136.18,0.75,-1,-1,-1
42,426,404.53,208.94,58.83,55.39,0.29,-1,-1,-1
42,428,1710.42,1367.63,122.25,134.19,0.76,-1,-1,-1
42,430,476.73,550.78,55.93,94.70,0.58,-1,-1,-1
42,431,821.34,1251.79,68.66,152.25,0.73,-1,-1,-1
42,432,736.51,1002.93,55.91,125.86,0.65,-1,-1,-1
42,433,693.31,873.56,118.77,100.73,0.64,-1,-1,-1
42,435,2164.20,299.76,84.80,42.96,0.65,-1,-1,-1
42,438,1613.12,1224.22,116.64,137.33,0.63,-1,-1,-1
42,440,2177.23,674.50,67.14,98.66,0.38,-1,-1,-1
42,442,428.36,351.89,28.15,54.68,0.48,-1,-1,-1
42,443,2156.51,732.47,55.69,105.22,0.41,-1,-1,-1
42,445,1797.03,373.32,31.02,60.84,0.52,-1,-1,-1
42,449,596.45,849.65,84.97,76.96,0.58,-1,-1,-1
42,450,289.64,720.34,53.07,117.44,0.62,-1,-1,-1
42,451,1570.69,298.97,119.77,61.71,0.67,-1,-1,-1
42,452,1722.70,1340.43,88.72,135.80,0.70,-1,-1,-1
42,453,2447.41,848.43,61.30,131.46,0.70,-1,-1,-1
42,454,546.40,212.02,21.04,36.52,0.18,-1,-1,-1
42,455,903.10,355.38,27.20,63.90,0.70,-1,-1,-1
42,456,2216.87,998.92,71.61,138.95,0.75,-1,-1,-1
42,457,2373.34,414.76,33.11,54.15,0.36,-1,-1,-1
42,458,2233.85,277.56,70.48,39.94,0.49,-1,-1,-1
42,459,1372.17,1208.41,102.06,136.69,0.66,-1,-1,-1
42,460,2092.42,328.46,100.04,56.55,0.63,-1,-1,-1
42,461,677.14,1045.79,59.33,119.79,0.51,-1,-1,-1
42,444,2302.91,306.17,49.89,44.87,0.55,-1,-1,-1
42,463,481.16,514.96,37.37,62.81,0.54,-1,-1,-1
42,464,16.42,404.36,135.35,80.43,0.80,-1,-1,-1
42,465,1625.75,1191.10,94.18,147.79,0.59,-1,-1,-1
42,466,917.03,1128.79,59.09,126.83,0.49,-1,-1,-1
42,467,798.03,673.98,53.01,86.38,0.53,-1,-1,-1
42,470,2557.15,194.59,40.16,38.40,0.59,-1,-1,-1
42,471,889.57,1216.85,68.90,138.12,0.61,-1,-1,-1
42,366,2328.40,509.08,39.99,76.26,0.54,-1,-1,-1
42,474,2595.88,301.11,69.95,58.87,0.72,-1,-1,-1
42,476,1380.99,1171.62,77.91,132.26,0.57,-1,-1,-1
42,478,2368.27,427.81,40.97,57.81,0.32,-1,-1,-1
42,481,1065.15,913.08,53.90,99.66,0.53,-1,-1,-1
42,483,415.03,763.48,49.77,87.67,0.52,-1,-1,-1
42,484,2576.80,147.28,52.64,38.82,0.45,-1,-1,-1
42,420,2425.63,177.43,111.89,81.31,0.23,-1,-1,-1
42,485,929.08,495.44,38.04,81.33,0.65,-1,-1,-1
42,486,2640.16,727.94,42.93,92.59,0.60,-1,-1,-1
42,487,2575.84,578.98,44.05,90.51,0.67,-1,-1,-1
42,434,1238.18,611.89,35.87,64.54,0.44,-1,-1,-1
43,123,614.85,610.21,189.12,132.11,0.87,-1,-1,-1
43,381,333.69,644.54,82.36,74.93,0.61,-1,-1,-1
43,399,0.00,1138.01,233.14,232.49,0.86,-1,-1,-1
43,400,752.47,736.06,273.56,160.54,0.91,-1,-1,-1
43,401,911.40,774.99,280.03,169.40,0.90,-1,-1,-1
43,402,1685.23,551.42,217.42,100.70,0.89,-1,-1,-1
43,403,1323.48,583.14,249.85,94.95,0.91,-1,-1,-1
43,404,1016.36,665.74,291.16,117.65,0.89,-1,-1,-1
43,405,196.27,1205.65,368.54,266.62,0.83,-1,-1,-1
43,406,2169.84,407.71,134.74,72.99,0.87,-1,-1,-1
43,407,2388.50,294.37,94.55,60.07,0.81,-1,-1,-1
43,409,638.78,477.36,191.78,111.13,0.91,-1,-1,-1
43,410,1834.40,458.31,218.36,82.13,0.89,-1,-1,-1
43,411,2072.84,378.52,106.13,74.03,0.85,-1,-1,-1
43,412,348.62,434.65,186.85,86.32,0.87,-1,-1,-1
43,413,615.46,372.54,112.68,83.61,0.82,-1,-1,-1
43,414,507.28,685.34,165.38,160.97,0.90,-1,-1,-1
43,415,2156.02,336.87,100.08,76.50,0.79,-1,-1,-1
43,416,1993.95,362.35,105.87,71.31,0.82,-1,-1,-1
43,417,525.53,1189.97,141.60,134.79,0.76,-1,-1,-1
43,418,2373.45,235.68,79.30,58.60,0.75,-1,-1,-1
43,419,908.07,1152.60,113.61,137.91,0.65,-1,-1,-1
43,422,2272.83,254.27,66.49,41.59,0.11,-1,-1,-1
43,423,580.79,318.51,73.00,69.74,0.71,-1,-1,-1
43,424,2345.87,276.53,51.37,47.22,0.17,-1,-1,-1
43,425,842.29,965.33,78.16,126.21,0.73,-1,-1,-1
43,426,400.96,205.97,61.94,58.53,0.39,-1,-1,-1
43,428,1723.73,1373.98,117.58,126.74,0.73,-1,-1,-1
43,430,475.88,554.69,54.53,92.85,0.46,-1,-1,-1
43,431,820.66,1256.08,70.94,156.40,0.60,-1,-1,-1
43,432,735.76,1005.66,55.39,123.95,0.69,-1,-1,-1
43,433,687.19,875.54,116.87,98.34,0.62,-1,-1,-1
43,435,2160.40,299.25,86.67,44.12,0.70,-1,-1,-1
43,438,1624.81,1234.11,114.73,135.49,0.79,-1,-1,-1
43,440,2175.20,672.64,68.55,101.48,0.37,-1,-1,-1
43,442,426.52,353.90,29.26,57.06,0.54,-1,-1,-1
43,443,2158.89,734.35,53.08,99.80,0.44,-1,-1,-1
43,445,1794.95,373.25,31.55,61.91,0.56,-1,-1,-1
43,449,587.78,850.57,85.99,75.52,0.36,-1,-1,-1
43,450,290.77,722.06,51.68,113.68,0.56,-1,-1,-1
43,451,1568.36,299.45,119.60,61.43,0.68,-1,-1,-1
43,452,1732.59,1349.02,91.47,137.99,0.55,-1,-1,-1
43,453,2445.24,848.58,61.09,130.91,0.74,-1,-1,-1
43,454,543.94,209.63,21.69,37.51,0.23,-1,-1,-1
43,455,900.55,356.43,26.42,62.07,0.62,-1,-1,-1
43,456,2214.69,995.44,71.80,140.56,0.78,-1,-1,-1
43,457,2372.91,412.37,32.89,53.39,0.40,-1,-1,-1
43,458,2232.02,277.68,69.17,39.22,0.40,-1,-1,-1
43,459,1383.99,1219.19,103.38,136.14,0.73,-1,-1,-1
43,460,2089.28,328.46,97.94,55.07,0.69,-1,-1,-1
43,461,681.93,1053.60,57.74,114.96,0.54,-1,-1,-1
43,444,2301.23,306.07,50.02,44.72,0.47,-1,-1,-1
43,463,481.87,516.07,40.50,68.27,0.48,-1,-1,-1
43,464,16.95,405.31,139.52,80.73,0.79,-1,-1,-1
43,465,1637.68,1201.07,90.56,142.75,0.56,-1,-1,-1
43,466,907.12,1127.48,63.35,136.50,0.59,-1,-1,-1
43,467,790.87,678.40,51.73,86.24,0.50,-1,-1,-1
43,470,2554.05,194.29,40.47,38.94,0.46,-1,-1,-1
43,471,890.82,1222.40,71.08,143.96,0.61,-1,-1,-1
43,366,2327.27,505.77,39.46,75.27,0.51,-1,-1,-1
43,474,2592.40,300.82,71.65,59.06,0.75,-1,-1,-1
43,476,1395.69,1181.46,74.04,125.23,0.46,-1,-1,-1
43,478,2367.08,424.95,41.42,58.64,0.42,-1,-1,-1
43,481,1069.66,908.78,48.76,90.47,0.38,-1,-1,-1
43,483,404.65,782.73,53.25,92.14,0.69,-1,-1,-1
43,484,2576.39,147.95,52.25,38.88,0.46,-1,-1,-1
43,420,2421.05,177.01,112.93,82.55,0.20,-1,-1,-1
43,485,924.18,494.05,36.00,76.76,0.57,-1,-1,-1
43,486,2637.87,726.79,42.58,91.12,0.53,-1,-1,-1
43,487,2574.20,580.55,43.34,88.92,0.63,-1,-1,-1
43,434,1232.50,609.79,35.59,63.70,0.53,-1,-1,-1
43,489,1324.32,480.92,33.15,69.09,0.59,-1,-1,-1
43,468,850.67,951.82,59.57,110.64,0.54,-1,-1,-1
44,123,611.21,608.70,192.59,134.79,0.89,-1,-1,-1
44,381,332.84,642.81,83.95,75.62,0.66,-1,-1,-1
44,399,0.00,1141.24,215.84,233.17,0.82,-1,-1,-1
44,400,750.21,736.18,274.64,161.01,0.91,-1,-1,-1
44,401,909.03,776.19,279.91,169.35,0.89,-1,-1,-1
44,402,1691.76,547.75,221.05,103.28,0.89,-1,-1,-1
44,403,1333.52,582.15,252.68,96.01,0.90,-1,-1,-1
44,404,1012.72,663.98,295.15,120.10,0.89,-1,-1,-1
44,405,191.16,1202.79,372.43,268.70,0.84,-1,-1,-1
44,406,2171.98,404.46,134.09,73.12,0.87,-1,-1,-1
44,407,2390.44,292.30,93.60,59.38,0.82,-1,-1,-1
44,409,644.66,479.07,192.93,111.97,0.92,-1,-1,-1
44,410,1848.33,456.78,219.61,82.85,0.89,-1,-1,-1
44,411,2070.99,378.31,106.54,74.24,0.84,-1,-1,-1
44,412,353.41,436.37,186.84,86.83,0.87,-1,-1,-1
44,413,613.51,373.23,112.97,83.64,0.80,-1,-1,-1
44,414,507.95,687.92,163.89,160.60,0.89,-1,-1,-1
44,415,2154.93,337.37,98.66,75.60,0.82,-1,-1,-1
44,416,1991.80,362.16,106.04,71.48,0.81,-1,-1,-1
44,417,522.48,1191.81,134.27,127.24,0.76,-1,-1,-1
44,418,2371.29,234.99,79.14,58.65,0.71,-1,-1,-1
44,419,905.10,1159.56,105.68,127.37,0.59,-1,-1,-1
44,423,578.83,318.42,73.53,70.20,0.71,-1,-1,-1
44,424,2343.83,276.24,50.59,46.97,0.15,-1,-1,-1
44,425,848.19,964.82,76.01,120.92,0.85,-1,-1,-1
44,426,400.05,207.64,60.64,57.09,0.36,-1,-1,-1
44,428,1739.05,1384.96,114.98,120.96,0.75,-1,-1,-1
44,430,476.04,563.37,50.02,85.83,0.40,-1,-1,-1
44,431,823.07,1259.89,72.34,160.46,0.57,-1,-1,-1
44,432,736.10,1009.52,53.86,119.55,0.65,-1,-1,-1
44,433,683.66,879.86,113.14,94.09,0.62,-1,-1,-1
44,435,2157.50,298.57,88.21,45.18,0.68,-1,-1,-1
44,438,1632.94,1240.22,119.15,141.23,0.78,-1,-1,-1
44,440,2180.11,665.45,65.73,97.22,0.28,-1,-1,-1
44,442,424.00,354.78,31.97,62.94,0.55,-1,-1,-1
44,443,2163.89,727.91,53.12,99.22,0.51,-1,-1,-1
44,445,1794.04,373.68,31.08,60.75,0.51,-1,-1,-1
44,449,576.87,848.20,90.38,77.27,0.50,-1,-1,-1
44,450,291.54,723.28,51.69,112.46,0.63,-1,-1,-1
44,451,1565.52,298.58,123.48,63.37,0.52,-1,-1,-1
44,452,1751.61,1358.26,84.70,124.51,0.55,-1,-1,-1
44,453,2444.40,848.61,60.33,129.47,0.64,-1,-1,-1
44,454,541.33,207.19,22.59,39.27,0.25,-1,-1,-1
44,455,897.67,354.81,27.64,65.40,0.63,-1,-1,-1
44,456,2213.93,992.51,70.83,139.67,0.74,-1,-1,-1
44,457,2370.21,411.88,37.00,60.35,0.36,-1,-1,-1
44,458,2237.84,278.95,65.27,37.65,0.32,-1,-1,-1
44,459,1397.17,1230.47,103.69,134.74,0.77,-1,-1,-1
44,460,2087.23,328.21,98.82,54.94,0.67,-1,-1,-1
44,461,683.43,1063.25,63.95,127.22,0.38,-1,-1,-1
44,444,2297.99,302.90,53.26,47.62,0.50,-1,-1,-1
44,463,483.43,517.54,42.52,71.79,0.56,-1,-1,-1
44,464,18.10,406.19,143.76,81.03,0.78,-1,-1,-1
44,465,1650.58,1208.43,89.18,141.44,0.61,-1,-1,-1
44,466,899.49,1123.89,62.06,133.56,0.59,-1,-1,-1
44,467,785.99,680.86,50.10,85.00,0.44,-1,-1,-1
44,470,2552.15,194.86,40.05,38.82,0.50,-1,-1,-1
44,471,891.65,1231.66,73.21,147.83,0.52,-1,-1,-1
44,366,2327.07,501.65,38.73,74.34,0.59,-1,-1,-1
44,474,2591.69,301.08,70.09,56.76,0.65,-1,-1,-1
44,476,1403.75,1186.81,82.41,140.23,0.61,-1,-1,-1
44,478,2366.25,422.41,42.05,59.92,0.37,-1,-1,-1
44,481,1072.63,905.15,45.58,84.93,0.43,-1,-1,-1
44,483,400.50,795.11,53.95,91.69,0.66,-1,-1,-1
44,484,2575.65,148.64,48.44,35.91,0.34,-1,-1,-1
44,420,2417.48,185.61,99.73,72.91,0.12,-1,-1,-1
44,485,918.88,494.97,35.66,75.74,0.60,-1,-1,-1
44,486,2634.22,728.67,43.63,92.29,0.47,-1,-1,-1
44,487,2570.56,579.66,43.90,90.09,0.57,-1,-1,-1
44,434,1226.42,610.58,36.00,63.11,0.44,-1,-1,-1
44,489,1330.46,480.17,32.48,67.62,0.60,-1,-1,-1
44,468,857.79,952.14,55.61,101.74,0.41,-1,-1,-1
45,123,609.53,606.74,196.28,137.50,0.90,-1,-1,-1
45,381,334.16,645.41,81.55,72.16,0.59,-1,-1,-1
45,399,0.00,1151.98,194.85,226.72,0.84,-1,-1,-1
45,400,748.40,736.02,275.80,161.38,0.90,-1,-1,-1
45,401,906.64,778.05,278.63,168.50,0.86,-1,-1,-1
45,402,1699.53,543.87,222.10,104.82,0.91,-1,-1,-1
45,403,1342.94,580.25,257.66,98.50,0.90,-1,-1,-1
45,404,1010.28,663.57,296.82,121.60,0.88,-1,-1,-1
45,405,186.50,1202.31,371.05,266.08,0.86,-1,-1,-1
45,406,2175.76,402.06,132.19,72.53,0.87,-1,-1,-1
45,407,2392.45,288.88,94.06,59.91,0.81,-1,-1,-1
45,409,650.20,480.68,194.13,112.83,0.90,-1,-1,-1
45,410,1866.33,456.32,215.98,81.61,0.86,-1,-1,-1
45,411,2068.94,377.52,107.26,74.79,0.83,-1,-1,-1
45,412,357.76,437.27,188.21,87.84,0.85,-1,-1,-1
45,413,610.85,372.96,114.24,84.54,0.82,-1,-1,-1
45,414,506.73,690.83,162.84,160.14,0.84,-1,-1,-1
45,415,2154.63,337.45,97.84,75.40,0.82,-1,-1,-1
45,416,1989.75,361.41,106.71,72.01,0.81,-1,-1,-1
45,417,514.65,1187.84,134.85,128.00,0.80,-1,-1,-1
45,418,2369.28,234.13,79.12,58.81,0.69,-1,-1,-1
45,419,898.55,1165.58,99.43,117.55,0.65,-1,-1,-1
45,423,577.75,318.99,72.26,68.87,0.74,-1,-1,-1
45,424,2338.63,276.56,50.86,47.32,0.42,-1,-1,-1
45,425,853.30,962.05,76.15,119.22,0.80,-1,-1,-1
45,426,395.98,206.66,61.55,57.99,0.49,-1,-1,-1
45,428,1752.45,1394.01,113.32,115.53,0.73,-1,-1,-1
45,430,475.38,568.58,48.59,84.67,0.12,-1,-1,-1
45,431,826.41,1264.32,71.09,158.05,0.52,-1,-1,-1
45,432,735.59,1009.83,54.86,121.10,0.68,-1,-1,-1
45,433,677.09,877.05,115.88,95.61,0.53,-1,-1,-1
45,435,2156.42,298.70,85.78,43.93,0.68,-1,-1,-1
45,438,1643.51,1247.23,120.93,143.70,0.77,-1,-1,-1
45,440,2174.23,659.50,73.79,110.41,0.28,-1,-1,-1
45,442,422.37,356.05,32.06,63.49,0.53,-1,-1,-1
45,443,2166.43,722.75,53.58,99.29,0.40,-1,-1,-1
45,445,1792.04,374.57,30.79,59.95,0.46,-1,-1,-1
45,449,569.87,850.83,90.15,74.68,0.54,-1,-1,-1
45,450,293.58,724.51,52.30,112.59,0.62,-1,-1,-1
45,451,1563.89,298.24,123.98,63.48,0.57,-1,-1,-1
45,452,1766.45,1368.22,91.69,132.74,0.54,-1,-1,-1
45,453,2440.95,847.01,61.13,131.57,0.60,-1,-1,-1
45,454,541.31,207.89,21.37,37.09,0.33,-1,-1,-1
45,455,895.40,354.71,28.11,66.89,0.65,-1,-1,-1
45,456,2213.37,989.55,68.74,136.39,0.74,-1,-1,-1
45,457,2368.59,410.49,38.87,63.58,0.36,-1,-1,-1
45,458,2228.93,278.67,67.07,37.98,0.39,-1,-1,-1
45,459,1408.79,1238.26,102.69,130.39,0.77,-1,-1,-1
45,460,2084.55,327.40,101.04,55.81,0.69,-1,-1,-1
45,461,687.63,1069.11,59.95,118.70,0.54,-1,-1,-1
45,444,2294.86,302.41,53.43,47.45,0.57,-1,-1,-1
45,463,484.98,517.90,43.57,74.09,0.56,-1,-1,-1
45,464,18.14,406.16,149.76,82.47,0.82,-1,-1,-1
45,465,1662.33,1219.35,89.26,141.29,0.59,-1,-1,-1
45,466,890.51,1123.54,61.78,134.12,0.49,-1,-1,-1
45,467,783.20,684.93,49.00,83.87,0.43,-1,-1,-1
45,470,2548.99,194.75,40.35,39.26,0.49,-1,-1,-1
45,471,893.19,1236.25,78.25,158.67,0.22,-1,-1,-1
45,366,2324.82,498.06,39.92,76.60,0.60,-1,-1,-1
45,474,2585.75,300.72,74.75,59.99,0.68,-1,-1,-1
45,476,1415.74,1197.42,80.94,138.74,0.61,-1,-1,-1
45,478,2365.78,420.54,41.94,60.01,0.41,-1,-1,-1
45,481,1075.53,899.93,42.20,78.27,0.28,-1,-1,-1
45,483,393.10,792.95,60.41,103.11,0.61,-1,-1,-1
45,484,2570.50,149.43,50.87,37.50,0.40,-1,-1,-1
45,420,2413.33,185.46,100.13,73.64,0.17,-1,-1,-1
45,485,913.44,495.94,36.60,77.51,0.59,-1,-1,-1
45,486,2629.28,730.15,45.44,95.37,0.52,-1,-1,-1
45,487,2569.22,578.87,44.06,90.39,0.58,-1,-1,-1
45,434,1219.15,609.24,37.57,64.60,0.53,-1,-1,-1
45,489,1336.83,481.08,31.25,64.86,0.50,-1,-1,-1
45,468,865.69,945.63,46.68,85.15,0.38,-1,-1,-1
46,123,608.21,606.12,195.98,137.32,0.89,-1,-1,-1
46,381,333.48,646.53,80.60,69.84,0.53,-1,-1,-1
46,399,0.00,1163.03,173.93,220.14,0.77,-1,-1,-1
46,400,743.01,734.52,278.36,163.78,0.89,-1,-1,-1
46,401,899.45,778.43,278.31,168.74,0.88,-1,-1,-1
46,402,1707.33,541.51,219.21,104.25,0.89,-1,-1,-1
46,403,1353.45,579.01,256.47,98.14,0.92,-1,-1,-1
46,404,1007.22,662.54,299.64,123.70,0.88,-1,-1,-1
46,405,180.91,1202.27,370.66,264.32,0.87,-1,-1,-1
46,406,2179.37,399.82,130.64,72.17,0.82,-1,-1,-1
46,407,2393.76,286.06,94.73,60.61,0.82,-1,-1,-1
46,409,656.00,482.53,195.44,113.68,0.89,-1,-1,-1
46,410,1882.43,456.45,213.59,80.76,0.87,-1,-1,-1
46,411,2066.72,376.92,108.20,75.51,0.84,-1,-1,-1
46,412,362.85,438.52,188.26,88.46,0.88,-1,-1,-1
46,413,608.98,372.93,115.09,85.20,0.81,-1,-1,-1
46,414,505.32,692.80,162.27,160.22,0.85,-1,-1,-1
46,415,2153.66,337.65,97.20,74.93,0.80,-1,-1,-1
46,416,1988.13,361.53,106.46,71.83,0.80,-1,-1,-1
46,417,503.83,1178.53,141.42,135.40,0.77,-1,-1,-1
46,418,2366.95,234.02,78.61,58.59,0.71,-1,-1,-1
46,419,888.05,1158.00,101.52,118.98,0.76,-1,-1,-1
46,423,576.37,319.34,71.89,68.36,0.75,-1,-1,-1
46,424,2335.68,277.50,50.32,46.59,0.44,-1,-1,-1
46,425,855.24,954.03,80.82,124.94,0.76,-1,-1,-1
46,426,392.55,205.97,62.43,59.02,0.49,-1,-1,-1
46,428,1765.65,1397.38,115.09,114.23,0.65,-1,-1,-1
46,430,473.43,572.42,47.65,84.35,0.28,-1,-1,-1
46,431,827.99,1271.08,68.28,150.44,0.48,-1,-1,-1
46,432,735.44,1011.39,56.30,123.04,0.72,-1,-1,-1
46,433,670.45,876.33,117.01,95.76,0.58,-1,-1,-1
46,435,2154.27,298.71,85.01,43.45,0.65,-1,-1,-1
46,438,1655.37,1259.59,118.71,141.11,0.87,-1,-1,-1
46,440,2184.38,652.69,68.35,102.23,0.38,-1,-1,-1
46,442,421.11,357.41,31.46,62.40,0.43,-1,-1,-1
46,443,2166.90,710.32,56.60,105.52,0.44,-1,-1,-1
46,445,1790.25,374.33,30.70,59.82,0.48,-1,-1,-1
46,449,560.81,851.22,92.27,74.20,0.65,-1,-1,-1
46,450,293.59,725.53,52.77,112.71,0.60,-1,-1,-1
46,451,1561.92,299.28,121.59,62.23,0.58,-1,-1,-1
46,452,1780.85,1376.28,93.66,134.25,0.63,-1,-1,-1
46,453,2439.40,846.20,60.14,129.01,0.63,-1,-1,-1
46,454,538.94,204.49,22.89,39.76,0.36,-1,-1,-1
46,455,893.11,353.72,27.41,65.26,0.64,-1,-1,-1
46,456,2213.73,988.18,65.23,129.51,0.70,-1,-1,-1
46,457,2368.33,407.57,37.96,62.27,0.35,-1,-1,-1
46,458,2235.54,280.01,65.87,37.86,0.33,-1,-1,-1
46,459,1417.66,1243.62,108.20,136.16,0.74,-1,-1,-1
46,460,2079.48,325.01,107.15,58.80,0.62,-1,-1,-1
46,461,690.24,1074.56,62.44,123.30,0.67,-1,-1,-1
46,444,2292.95,305.81,49.87,43.89,0.51,-1,-1,-1
46,463,487.49,518.41,44.02,75.38,0.59,-1,-1,-1
46,464,18.79,407.31,154.02,82.83,0.85,-1,-1,-1
46,465,1672.00,1224.42,92.65,147.45,0.63,-1,-1,-1
46,466,891.29,1116.77,52.09,112.59,0.54,-1,-1,-1
46,467,777.74,701.16,52.37,87.44,0.64,-1,-1,-1
46,470,2544.92,194.11,40.67,39.69,0.46,-1,-1,-1
46,471,896.15,1242.24,72.30,147.95,0.12,-1,-1,-1
46,366,2323.83,493.87,39.15,75.17,0.63,-1,-1,-1
46,474,2583.00,300.87,75.43,59.58,0.64,-1,-1,-1
46,476,1427.41,1205.96,79.07,135.54,0.62,-1,-1,-1
46,478,2365.17,419.50,41.43,59.29,0.31,-1,-1,-1
46,481,1078.66,896.02,40.20,73.66,0.33,-1,-1,-1
46,483,387.09,790.68,63.06,108.19,0.52,-1,-1,-1
46,484,2565.68,148.80,51.65,37.88,0.39,-1,-1,-1
46,420,2408.33,185.13,97.28,71.64,0.24,-1,-1,-1
46,485,908.14,495.43,37.56,79.25,0.48,-1,-1,-1
46,486,2626.05,732.30,46.02,96.31,0.54,-1,-1,-1
46,487,2566.46,578.44,44.42,91.02,0.64,-1,-1,-1
46,434,1211.59,608.74,37.60,63.89,0.49,-1,-1,-1
46,489,1342.85,482.23,30.59,63.37,0.45,-1,-1,-1
46,468,871.71,943.44,45.24,81.43,0.37,-1,-1,-1
46,446,1331.37,494.49,94.51,81.91,0.51,-1,-1,-1
47,123,606.60,605.99,196.27,137.65,0.89,-1,-1,-1
47,381,332.42,647.16,81.07,68.78,0.52,-1,-1,-1
47,399,0.00,1169.64,152.82,213.21,0.66,-1,-1,-1
47,400,743.61,736.29,273.39,160.49,0.91,-1,-1,-1
47,401,894.97,778.97,278.71,169.04,0.88,-1,-1,-1
47,402,1716.66,540.02,215.88,103.41,0.89,-1,-1,-1
47,403,1365.14,578.31,255.21,97.66,0.90,-1,-1,-1
47,404,1005.79,662.61,300.19,124.82,0.88,-1,-1,-1
47,405,174.98,1202.40,371.67,263.25,0.87,-1,-1,-1
47,406,2183.39,396.23,129.44,72.12,0.81,-1,-1,-1
47,407,2396.46,283.78,93.38,59.87,0.81,-1,-1,-1
47,409,661.79,484.04,196.99,114.89,0.89,-1,-1,-1
47,410,1895.23,454.71,214.93,81.58,0.85,-1,-1,-1
47,411,2065.62,376.26,107.71,75.51,0.83,-1,-1,-1
47,412,366.44,440.59,189.61,89.73,0.89,-1,-1,-1
47,413,606.90,372.07,116.07,86.24,0.79,-1,-1,-1
47,414,504.52,695.28,161.71,160.45,0.82,-1,-1,-1
47,415,2153.18,338.48,94.89,72.95,0.82,-1,-1,-1
47,416,1987.07,361.47,106.64,71.98,0.81,-1,-1,-1
47,417,494.32,1172.15,145.96,141.41,0.78,-1,-1,-1
47,418,2363.71,233.90,79.25,59.35,0.71,-1,-1,-1
47,419,879.25,1153.24,104.74,121.96,0.76,-1,-1,-1
47,423,574.00,318.89,73.17,69.53,0.73,-1,-1,-1
47,424,2331.29,278.24,50.12,46.20,0.57,-1,-1,-1
47,425,858.38,946.36,83.99,127.69,0.81,-1,-1,-1
47,426,390.45,205.85,61.99,58.64,0.45,-1,-1,-1
47,428,1782.50,1409.83,108.37,102.17,0.67,-1,-1,-1
47,430,470.31,574.34,47.29,84.83,0.31,-1,-1,-1
47,431,830.76,1277.89,66.76,145.70,0.56,-1,-1,-1
47,432,736.36,1014.25,57.18,124.86,0.68,-1,-1,-1
47,433,664.92,877.05,114.83,92.86,0.70,-1,-1,-1
47,435,2152.46,297.93,85.15,43.46,0.62,-1,-1,-1
47,438,1668.61,1271.04,118.09,139.62,0.72,-1,-1,-1
47,440,2188.84,645.92,67.45,101.16,0.22,-1,-1,-1
47,442,420.28,358.85,31.23,61.91,0.47,-1,-1,-1
47,443,2171.31,704.41,55.31,103.53,0.50,-1,-1,-1
47,445,1787.41,373.85,32.69,63.89,0.49,-1,-1,-1
47,449,551.47,850.92,94.74,73.94,0.62,-1,-1,-1
47,450,293.29,726.44,52.59,111.68,0.66,-1,-1,-1
47,451,1559.53,299.50,120.82,61.90,0.69,-1,-1,-1
47,452,1792.74,1388.20,90.21,123.80,0.50,-1,-1,-1
47,453,2438.90,845.72,60.43,129.79,0.56,-1,-1,-1
47,454,537.33,204.39,22.28,38.30,0.41,-1,-1,-1
47,455,890.00,352.26,26.80,63.39,0.68,-1,-1,-1
47,456,2213.76,985.28,64.02,126.78,0.61,-1,-1,-1
47,457,2368.29,405.97,37.12,60.92,0.35,-1,-1,-1
47,458,2236.02,277.95,66.50,39.16,0.43,-1,-1,-1
47,459,1431.27,1254.04,110.19,136.51,0.82,-1,-1,-1
47,460,2078.68,326.55,101.64,56.01,0.14,-1,-1,-1
47,461,693.77,1082.71,60.63,119.25,0.66,-1,-1,-1
47,444,2289.68,306.91,49.45,43.09,0.53,-1,-1,-1
47,463,490.91,519.23,42.54,73.36,0.59,-1,-1,-1
47,464,21.73,409.49,155.88,81.86,0.85,-1,-1,-1
47,465,1688.21,1235.53,88.54,142.51,0.52,-1,-1,-1
47,466,882.78,1117.77,53.84,116.28,0.48,-1,-1,-1
47,467,771.90,707.72,54.37,88.73,0.46,-1,-1,-1
47,470,2543.15,196.17,38.60,37.94,0.50,-1,-1,-1
47,471,896.14,1249.88,75.25,154.74,0.37,-1,-1,-1
47,366,2322.93,490.50,39.29,75.61,0.56,-1,-1,-1
47,474,2579.16,300.03,77.87,60.75,0.70,-1,-1,-1
47,476,1440.09,1214.93,79.77,135.69,0.61,-1,-1,-1
47,478,2365.24,419.68,40.48,57.68,0.28,-1,-1,-1
47,481,1081.60,892.55,41.47,75.75,0.21,-1,-1,-1
47,483,383.05,800.72,61.13,104.06,0.55,-1,-1,-1
47,484,2560.81,148.47,52.26,37.83,0.38,-1,-1,-1
47,420,2404.48,187.75,88.53,64.85,0.23,-1,-1,-1
47,485,903.83,495.62,37.34,79.03,0.54,-1,-1,-1
47,486,2622.75,731.77,47.76,99.67,0.58,-1,-1,-1
47,487,2564.18,578.24,44.21,90.43,0.63,-1,-1,-1
47,434,1204.87,611.04,38.83,63.42,0.46,-1,-1,-1
47,489,1351.24,479.58,31.30,64.17,0.37,-1,-1,-1
47,468,874.39,936.57,47.80,87.18,0.21,-1,-1,-1
47,490,693.68,1097.74,70.66,140.78,0.63,-1,-1,-1
47,446,1326.73,495.17,91.63,80.83,0.29,-1,-1,-1
48,123,604.67,606.22,196.22,137.85,0.90,-1,-1,-1
48,381,331.55,647.78,81.60,67.72,0.54,-1,-1,-1
48,400,741.94,735.98,274.77,161.84,0.89,-1,-1,-1
48,401,892.65,778.44,280.89,169.94,0.90,-1,-1,-1
48,402,1726.23,537.84,211.28,101.89,0.87,-1,-1,-1
48,403,1378.39,577.50,252.79,97.03,0.89,-1,-1,-1
48,404,1005.74,663.58,297.33,124.30,0.88,-1,-1,-1
48,405,169.79,1202.00,373.42,262.72,0.88,-1,-1,-1
48,406,2185.88,393.04,128.85,72.49,0.83,-1,-1,-1
48,407,2400.02,282.33,90.12,57.59,0.81,-1,-1,-1
48,409,668.59,485.70,196.88,115.26,0.88,-1,-1,-1
48,410,1908.97,452.14,215.52,82.31,0.86,-1,-1,-1
48,411,2063.40,376.39,106.90,74.98,0.82,-1,-1,-1
48,412,369.74,442.19,190.14,90.63,0.91,-1,-1,-1
48,413,605.63,372.31,115.93,86.40,0.77,-1,-1,-1
48,414,503.70,696.54,161.56,161.06,0.83,-1,-1,-1
48,415,2149.93,338.03,94.62,72.61,0.84,-1,-1,-1
48,416,1983.01,362.17,103.67,70.46,0.83,-1,-1,-1
48,417,486.51,1170.24,143.73,140.50,0.73,-1,-1,-1
48,418,2362.18,234.20,78.55,59.02,0.78,-1,-1,-1
48,419,872.80,1147.22,109.61,127.54,0.56,-1,-1,-1
48,423,572.53,319.10,73.11,69.35,0.70,-1,-1,-1
48,424,2331.06,278.62,49.09,45.03,0.41,-1,-1,-1
48,425,863.57,944.22,84.18,124.77,0.83,-1,-1,-1
48,426,389.56,206.21,61.83,58.71,0.43,-1,-1,-1
48,428,1799.09,1405.77,112.57,105.53,0.57,-1,-1,-1
48,430,467.46,570.21,46.12,83.82,0.52,-1,-1,-1
48,431,832.18,1283.21,64.11,138.47,0.47,-1,-1,-1
48,432,737.02,1017.34,58.14,126.96,0.70,-1,-1,-1
48,433,657.79,877.65,114.93,91.66,0.37,-1,-1,-1
48,435,2150.08,297.92,84.30,42.97,0.62,-1,-1,-1
48,438,1681.35,1282.57,118.40,139.48,0.77,-1,-1,-1
48,440,2188.95,644.04,65.50,98.05,0.22,-1,-1,-1
48,442,419.31,360.52,31.51,62.32,0.51,-1,-1,-1
48,443,2174.32,697.80,55.38,104.30,0.44,-1,-1,-1
48,445,1786.51,374.32,30.92,60.56,0.48,-1,-1,-1
48,449,540.39,850.13,97.96,74.42,0.58,-1,-1,-1
48,450,293.07,727.44,52.30,110.84,0.68,-1,-1,-1
48,451,1558.30,298.57,119.83,61.21,0.52,-1,-1,-1
48,453,2435.09,844.81,60.65,130.51,0.63,-1,-1,-1
48,454,535.67,205.72,21.25,35.71,0.29,-1,-1,-1
48,455,887.38,352.58,26.82,63.52,0.68,-1,-1,-1
48,456,2212.47,984.60,62.87,124.05,0.64,-1,-1,-1
48,457,2367.71,404.74,37.30,61.45,0.39,-1,-1,-1
48,458,2224.81,277.00,68.57,40.30,0.48,-1,-1,-1
48,459,1443.62,1262.32,111.79,135.99,0.80,-1,-1,-1
48,460,2070.61,328.77,98.53,55.19,0.19,-1,-1,-1
48,461,697.35,1090.64,57.17,111.86,0.47,-1,-1,-1
48,444,2288.55,307.26,49.12,42.34,0.52,-1,-1,-1
48,463,493.63,519.47,39.83,69.22,0.52,-1,-1,-1
48,464,24.09,410.51,158.42,81.23,0.85,-1,-1,-1
48,465,1697.95,1244.91,91.39,147.44,0.69,-1,-1,-1
48,466,872.18,1113.08,58.36,126.80,0.46,-1,-1,-1
48,467,767.94,707.55,55.20,87.81,0.38,-1,-1,-1
48,470,2537.94,195.21,40.07,39.56,0.47,-1,-1,-1
48,471,903.78,1254.43,69.45,144.33,0.30,-1,-1,-1
48,366,2323.18,487.43,37.91,73.24,0.58,-1,-1,-1
48,474,2576.37,299.95,77.77,59.90,0.71,-1,-1,-1
48,476,1450.32,1219.80,86.36,145.29,0.67,-1,-1,-1
48,478,2364.97,420.04,39.54,55.86,0.27,-1,-1,-1
48,481,1085.18,889.36,46.64,85.32,0.32,-1,-1,-1
48,483,376.94,799.77,65.03,111.46,0.55,-1,-1,-1
48,484,2559.00,148.80,51.91,37.23,0.43,-1,-1,-1
48,420,2400.84,188.36,86.93,63.36,0.32,-1,-1,-1
48,485,899.67,496.29,35.33,74.76,0.54,-1,-1,-1
48,486,2619.68,731.19,49.18,102.54,0.62,-1,-1,-1
48,487,2561.95,578.52,43.62,88.89,0.57,-1,-1,-1
48,434,1197.32,609.44,39.37,63.93,0.45,-1,-1,-1
48,489,1359.31,479.64,30.45,62.10,0.34,-1,-1,-1
48,468,878.95,929.01,54.44,100.83,0.47,-1,-1,-1
48,490,694.72,1103.46,75.77,151.22,0.61,-1,-1,-1
48,446,1319.16,491.78,92.68,83.94,0.50,-1,-1,-1
49,123,603.20,606.46,196.19,138.20,0.91,-1,-1,-1
49,381,330.95,648.14,82.39,67.04,0.49,-1,-1,-1
49,400,741.22,737.03,274.89,162.46,0.88,-1,-1,-1
49,401,885.37,778.54,284.68,172.18,0.90,-1,-1,-1
49,402,1738.40,536.31,203.63,98.85,0.90,-1,-1,-1
49,403,1389.48,576.93,251.62,96.59,0.90,-1,-1,-1
49,404,1002.64,663.44,301.14,127.07,0.90,-1,-1,-1
49,405,166.04,1202.72,373.47,260.62,0.87,-1,-1,-1
49,406,2188.50,389.55,128.73,73.10,0.84,-1,-1,-1
49,407,2401.46,280.55,89.33,57.23,0.80,-1,-1,-1
49,409,676.46,487.20,197.88,115.88,0.90,-1,-1,-1
49,410,1923.20,450.18,213.26,81.74,0.87,-1,-1,-1
49,411,2061.43,375.77,106.95,75.10,0.85,-1,-1,-1
49,412,372.74,443.16,192.23,92.18,0.89,-1,-1,-1
49,413,604.10,372.15,115.16,86.03,0.76,-1,-1,-1
49,414,503.71,697.22,160.56,160.64,0.85,-1,-1,-1
49,415,2147.32,336.85,95.24,73.01,0.85,-1,-1,-1
49,416,1981.43,361.35,103.65,70.80,0.83,-1,-1,-1
49,417,481.85,1169.54,140.00,137.15,0.67,-1,-1,-1
49,418,2361.03,234.11,77.99,58.69,0.75,-1,-1,-1
49,419,852.16,1135.53,131.73,157.40,0.27,-1,-1,-1
49,423,570.27,319.37,73.39,69.64,0.73,-1,-1,-1
49,424,2330.87,276.59,49.88,45.89,0.42,-1,-1,-1
49,425,870.40,943.54,83.50,119.43,0.84,-1,-1,-1
49,426,387.67,206.94,61.87,58.76,0.38,-1,-1,-1
49,428,1808.07,1410.25,108.38,99.29,0.58,-1,-1,-1
49,430,465.71,569.39,45.45,83.72,0.58,-1,-1,-1
49,431,831.65,1289.36,66.05,141.52,0.51,-1,-1,-1
49,432,739.04,1020.31,56.55,124.06,0.67,-1,-1,-1
49,433,650.46,875.47,117.40,92.84,0.50,-1,-1,-1
49,435,2146.85,297.83,83.90,42.47,0.59,-1,-1,-1
49,438,1691.51,1287.65,122.94,144.51,0.82,-1,-1,-1
49,440,2191.21,639.76,65.50,98.02,0.21,-1,-1,-1
49,442,419.44,362.63,30.29,59.46,0.51,-1,-1,-1
49,443,2177.40,692.21,54.04,102.71,0.38,-1,-1,-1
49,445,1785.25,373.97,30.30,59.46,0.48,-1,-1,-1
49,449,532.09,847.79,100.70,76.05,0.49,-1,-1,-1
49,450,293.35,727.80,52.20,110.49,0.69,-1,-1,-1
49,451,1557.71,298.50,119.25,60.71,0.55,-1,-1,-1
49,453,2432.75,844.92,60.05,129.43,0.69,-1,-1,-1
49,454,534.18,203.32,21.34,35.57,0.15,-1,-1,-1
49,455,885.13,351.91,26.93,63.29,0.67,-1,-1,-1
49,456,2211.45,981.33,63.43,124.98,0.24,-1,-1,-1
49,457,2367.67,401.25,36.42,61.17,0.30,-1,-1,-1
49,458,2216.76,275.77,69.89,41.02,0.49,-1,-1,-1
49,459,1455.56,1268.16,114.19,137.16,0.81,-1,-1,-1
49,460,2070.41,327.75,96.68,54.36,0.58,-1,-1,-1
49,461,703.66,1099.36,57.38,110.93,0.51,-1,-1,-1
49,444,2283.40,299.43,56.87,49.79,0.59,-1,-1,-1
49,463,496.43,521.26,43.23,75.43,0.51,-1,-1,-1
49,464,26.37,412.24,160.43,80.08,0.84,-1,-1,-1
49,465,1706.31,1251.46,95.88,153.38,0.60,-1,-1,-1
49,466,864.04,1108.53,60.25,131.52,0.60,-1,-1,-1
49,467,762.72,707.74,56.80,88.62,0.54,-1,-1,-1
49,470,2533.89,194.56,40.78,40.41,0.51,-1,-1,-1
49,471,907.70,1258.68,66.81,138.63,0.48,-1,-1,-1
49,366,2321.69,483.95,38.99,75.65,0.59,-1,-1,-1
49,474,2573.25,299.96,78.31,59.79,0.74,-1,-1,-1
49,476,1463.97,1230.23,85.85,142.42,0.63,-1,-1,-1
49,478,2364.70,418.29,40.03,56.13,0.23,-1,-1,-1
49,481,1087.68,886.02,48.45,89.17,0.28,-1,-1,-1
49,483,372.52,807.99,62.83,107.12,0.64,-1,-1,-1
49,484,2559.28,148.58,49.59,35.62,0.37,-1,-1,-1
49,420,2398.47,186.40,85.62,62.01,0.21,-1,-1,-1
49,485,897.54,496.28,32.28,67.65,0.45,-1,-1,-1
49,486,2615.59,732.04,50.52,105.10,0.61,-1,-1,-1
49,487,2559.97,578.25,43.62,88.83,0.56,-1,-1,-1
49,434,1190.64,607.69,39.91,64.39,0.44,-1,-1,-1
49,489,1365.75,479.08,31.34,63.68,0.46,-1,-1,-1
49,468,882.94,934.30,53.23,100.74,0.41,-1,-1,-1
49,490,698.44,1107.66,78.20,156.34,0.68,-1,-1,-1
49,446,1320.78,497.76,87.30,75.07,0.14,-1,-1,-1
49,447,1149.33,797.35,51.67,88.79,0.52,-1,-1,-1
50,123,601.63,606.96,195.51,138.31,0.91,-1,-1,-1
50,381,332.70,647.82,79.60,63.10,0.50,-1,-1,-1
50,400,739.38,736.13,275.39,163.35,0.88,-1,-1,-1
50,401,876.30,778.96,287.94,174.74,0.91,-1,-1,-1
50,402,1746.78,534.00,201.55,98.51,0.90,-1,-1,-1
50,403,1400.83,575.94,250.40,96.23,0.89,-1,-1,-1
50,404,1000.15,662.53,303.87,129.58,0.89,-1,-1,-1
50,405,160.71,1202.20,374.16,258.74,0.87,-1,-1,-1
50,406,2192.65,387.07,126.46,72.38,0.83,-1,-1,-1
50,407,2403.93,278.89,87.43,55.87,0.81,-1,-1,-1
50,409,682.33,488.85,199.05,116.39,0.88,-1,-1,-1
50,410,1942.13,450.86,203.72,78.17,0.86,-1,-1,-1
50,411,2058.55,375.58,107.67,75.51,0.85,-1,-1,-1
50,412,378.95,445.45,191.56,92.23,0.87,-1,-1,-1
50,413,603.28,373.03,112.99,84.29,0.82,-1,-1,-1
50,414,503.20,698.22,160.38,161.07,0.85,-1,-1,-1
50,415,2144.63,336.33,95.75,73.48,0.85,-1,-1,-1
50,416,1979.98,360.98,103.35,70.83,0.84,-1,-1,-1
50,417,474.36,1165.64,139.14,136.91,0.63,-1,-1,-1
50,418,2359.77,233.64,77.47,58.26,0.72,-1,-1,-1
50,419,852.58,1141.92,130.18,157.22,0.33,-1,-1,-1
50,423,568.21,319.21,73.47,69.76,0.65,-1,-1,-1
50,424,2325.48,278.35,49.50,44.54,0.39,-1,-1,-1
50,425,877.28,942.03,83.19,113.61,0.74,-1,-1,-1
50,426,385.98,206.70,61.58,58.56,0.37,-1,-1,-1
50,428,1827.45,1417.10,102.15,92.03,0.50,-1,-1,-1
50,430,464.78,571.16,42.15,78.34,0.65,-1,-1,-1
50,431,839.60,1291.77,67.83,147.88,0.52,-1,-1,-1
50,432,741.43,1023.36,55.55,123.03,0.67,-1,-1,-1
50,433,643.13,874.48,118.83,93.10,0.38,-1,-1,-1
50,435,2144.03,297.67,85.88,43.57,0.58,-1,-1,-1
50,438,1703.78,1299.07,119.65,139.63,0.74,-1,-1,-1
50,440,2193.23,632.76,66.02,98.79,0.15,-1,-1,-1
50,442,419.28,365.60,29.42,57.26,0.51,-1,-1,-1
50,443,2182.06,685.08,53.28,101.86,0.32,-1,-1,-1
50,445,1782.06,373.68,32.08,63.06,0.54,-1,-1,-1
50,449,521.95,850.96,100.05,73.61,0.62,-1,-1,-1
50,450,293.68,727.72,51.91,110.07,0.66,-1,-1,-1
50,451,1555.78,298.27,119.51,60.70,0.59,-1,-1,-1
50,453,2432.43,843.32,60.66,131.09,0.70,-1,-1,-1
50,454,532.36,201.89,21.72,36.17,0.20,-1,-1,-1
50,455,882.08,350.08,26.93,63.54,0.60,-1,-1,-1
50,456,2209.98,978.30,64.83,127.90,0.60,-1,-1,-1
50,457,2365.26,401.79,38.76,65.35,0.32,-1,-1,-1
50,458,2212.27,275.00,70.37,41.18,0.40,-1,-1,-1
50,459,1469.76,1276.62,116.80,138.72,0.78,-1,-1,-1
50,460,2069.36,327.74,96.38,54.70,0.58,-1,-1,-1
50,461,705.53,1106.72,60.51,117.22,0.58,-1,-1,-1
50,444,2282.92,302.77,53.88,46.93,0.53,-1,-1,-1
50,463,499.52,522.94,42.99,75.68,0.59,-1,-1,-1
50,464,29.22,414.18,161.52,78.47,0.83,-1,-1,-1
50,465,1723.00,1261.97,91.75,149.03,0.51,-1,-1,-1
50,466,856.34,1107.68,59.09,129.12,0.57,-1,-1,-1
50,467,755.47,717.93,57.27,87.28,0.61,-1,-1,-1
50,470,2529.83,195.93,39.91,38.90,0.54,-1,-1,-1
50,471,910.60,1263.43,68.06,140.84,0.64,-1,-1,-1
50,366,2321.27,480.44,38.18,74.22,0.55,-1,-1,-1
50,474,2571.03,300.66,78.15,59.12,0.72,-1,-1,-1
50,476,1480.25,1239.18,82.78,137.30,0.67,-1,-1,-1
50,478,2363.21,413.64,42.38,59.55,0.14,-1,-1,-1
50,481,1090.88,889.89,47.98,86.02,0.25,-1,-1,-1
50,483,370.52,820.70,58.20,98.43,0.58,-1,-1,-1
50,484,2555.22,148.83,50.57,36.12,0.47,-1,-1,-1
50,420,2396.78,186.51,84.57,60.38,0.23,-1,-1,-1
50,485,891.48,494.52,37.33,78.67,0.64,-1,-1,-1
50,486,2611.62,733.07,51.49,106.67,0.67,-1,-1,-1
50,487,2558.58,578.73,42.99,87.56,0.55,-1,-1,-1
50,434,1181.40,606.53,40.08,64.42,0.43,-1,-1,-1
50,489,1371.50,481.67,30.71,62.19,0.51,-1,-1,-1
50,468,894.91,936.36,54.28,99.30,0.18,-1,-1,-1
50,490,703.79,1118.63,76.93,153.64,0.67,-1,-1,-1
50,446,1327.77,496.76,87.95,73.22,0.49,-1,-1,-1
50,491,367.43,794.85,58.77,94.85,0.53,-1,-1,-1
50,447,1150.31,794.72,51.26,89.11,0.56,-1,-1,-1
51,123,599.87,607.09,195.27,138.49,0.91,-1,-1,-1
51,381,330.12,646.56,83.71,65.18,0.56,-1,-1,-1
51,400,737.01,734.11,278.11,165.57,0.91,-1,-1,-1
51,401,873.14,779.45,292.77,177.57,0.91,-1,-1,-1
51,402,1753.50,529.90,203.67,100.48,0.88,-1,-1,-1
51,403,1412.72,574.51,250.01,96.45,0.89,-1,-1,-1
51,404,998.57,661.36,303.55,130.71,0.89,-1,-1,-1
51,405,155.96,1202.54,372.39,254.54,0.86,-1,-1,-1
51,406,2196.05,384.04,124.76,72.05,0.80,-1,-1,-1
51,407,2405.99,276.88,86.17,54.85,0.81,-1,-1,-1
51,409,687.30,490.14,201.27,117.69,0.87,-1,-1,-1
51,410,1955.28,449.75,202.17,77.67,0.83,-1,-1,-1
51,411,2056.89,375.49,107.28,75.12,0.85,-1,-1,-1
51,412,385.22,448.20,191.01,92.54,0.85,-1,-1,-1
51,413,601.56,373.12,112.24,83.74,0.80,-1,-1,-1
51,414,502.87,698.43,159.51,160.99,0.86,-1,-1,-1
51,415,2142.73,336.40,95.54,73.44,0.86,-1,-1,-1
51,416,1978.56,360.98,102.79,70.52,0.84,-1,-1,-1
51,417,467.43,1163.28,137.47,136.06,0.65,-1,-1,-1
51,418,2356.99,232.35,78.61,59.31,0.75,-1,-1,-1
51,419,858.93,1148.16,119.76,145.08,0.44,-1,-1,-1
51,423,564.94,318.27,74.88,71.33,0.67,-1,-1,-1
51,424,2322.14,277.45,50.89,45.20,0.49,-1,-1,-1
51,425,884.95,938.80,84.41,109.83,0.76,-1,-1,-1
51,426,383.28,205.80,62.41,59.68,0.38,-1,-1,-1
51,428,1858.50,1428.46,90.54,81.12,0.45,-1,-1,-1
51,430,462.64,573.38,41.44,77.11,0.64,-1,-1,-1
51,431,840.18,1290.52,72.16,159.87,0.54,-1,-1,-1
51,432,742.40,1024.40,55.57,124.64,0.57,-1,-1,-1
51,433,634.92,873.38,119.55,92.99,0.57,-1,-1,-1
51,435,2143.24,297.90,87.76,44.91,0.61,-1,-1,-1
51,438,1717.46,1304.78,123.34,143.75,0.80,-1,-1,-1
51,440,2199.52,624.11,61.46,92.42,0.35,-1,-1,-1
51,442,418.91,368.56,30.02,57.89,0.53,-1,-1,-1
51,443,2184.83,678.44,51.15,97.99,0.26,-1,-1,-1
51,445,1779.62,373.10,31.57,61.94,0.51,-1,-1,-1
51,449,514.11,853.62,98.92,70.68,0.53,-1,-1,-1
51,450,292.91,726.35,53.23,114.22,0.69,-1,-1,-1
51,451,1552.59,297.08,124.39,63.26,0.56,-1,-1,-1
51,453,2432.22,842.44,60.25,131.13,0.70,-1,-1,-1
51,454,530.90,200.88,22.02,36.70,0.17,-1,-1,-1
51,455,878.31,351.63,26.22,61.88,0.61,-1,-1,-1
51,456,2207.77,971.85,67.44,133.70,0.71,-1,-1,-1
51,457,2364.23,401.52,39.14,66.30,0.38,-1,-1,-1
51,458,2208.95,274.57,69.40,40.70,0.38,-1,-1,-1
51,459,1481.31,1283.35,120.06,141.40,0.88,-1,-1,-1
51,460,2071.61,328.15,95.75,54.22,0.43,-1,-1,-1
51,461,711.26,1112.81,62.80,120.05,0.65,-1,-1,-1
51,444,2279.41,298.88,56.85,49.94,0.57,-1,-1,-1
51,463,501.31,522.77,44.27,78.96,0.66,-1,-1,-1
51,464,30.42,415.19,165.30,78.23,0.83,-1,-1,-1
51,465,1736.96,1271.16,90.39,146.77,0.68,-1,-1,-1
51,466,852.25,1105.91,56.45,123.53,0.53,-1,-1,-1
51,467,747.51,719.17,60.43,90.70,0.46,-1,-1,-1
51,470,2524.62,194.92,41.63,39.84,0.40,-1,-1,-1
51,471,909.87,1265.34,71.79,149.26,0.61,-1,-1,-1
51,366,2320.76,477.00,37.17,72.55,0.49,-1,-1,-1
51,474,2568.10,301.22,77.13,57.79,0.67,-1,-1,-1
51,476,1491.98,1248.64,79.97,134.65,0.55,-1,-1,-1
51,478,2362.86,412.19,42.20,59.46,0.18,-1,-1,-1
51,481,1091.99,893.09,51.80,91.38,0.35,-1,-1,-1
51,483,368.15,830.90,55.54,93.20,0.61,-1,-1,-1
51,484,2551.28,149.17,52.26,37.11,0.54,-1,-1,-1
51,420,2391.22,188.07,78.59,55.41,0.24,-1,-1,-1
51,485,886.91,494.33,36.61,77.44,0.62,-1,-1,-1
51,486,2609.90,733.77,52.15,107.35,0.68,-1,-1,-1
51,487,2556.41,579.40,42.41,86.31,0.55,-1,-1,-1
51,434,1175.65,605.47,38.44,60.75,0.47,-1,-1,-1
51,489,1375.92,482.60,31.51,63.36,0.64,-1,-1,-1
51,468,894.07,933.75,51.07,94.98,0.18,-1,-1,-1
51,490,706.43,1123.17,79.46,158.95,0.60,-1,-1,-1
51,446,1349.86,504.83,74.05,60.12,0.64,-1,-1,-1
51,491,363.51,798.76,61.50,99.59,0.51,-1,-1,-1
51,447,1154.34,791.73,51.27,88.63,0.58,-1,-1,-1
52,123,598.86,607.90,194.13,137.72,0.91,-1,-1,-1
52,381,328.96,646.92,84.38,64.54,0.55,-1,-1,-1
52,400,735.44,732.87,278.57,166.51,0.91,-1,-1,-1
52,401,867.74,781.76,288.05,175.08,0.90,-1,-1,-1
52,402,1763.06,527.93,199.34,98.93,0.87,-1,-1,-1
52,403,1420.98,573.17,251.40,97.37,0.88,-1,-1,-1
52,404,999.90,663.50,299.47,129.96,0.89,-1,-1,-1
52,405,148.01,1202.57,373.29,252.02,0.88,-1,-1,-1
52,406,2199.03,381.18,123.13,71.66,0.79,-1,-1,-1
52,407,2407.74,274.09,86.72,55.16,0.81,-1,-1,-1
52,409,697.29,493.21,198.17,115.41,0.86,-1,-1,-1
52,410,1971.96,450.97,191.42,73.05,0.85,-1,-1,-1
52,411,2055.23,375.31,107.44,75.11,0.84,-1,-1,-1
52,412,392.23,450.98,189.05,91.81,0.85,-1,-1,-1
52,413,599.93,373.02,112.56,83.93,0.81,-1,-1,-1
52,414,501.75,698.73,158.64,160.89,0.84,-1,-1,-1
52,415,2140.78,336.71,95.60,73.59,0.87,-1,-1,-1
52,416,1977.35,360.89,102.50,70.28,0.82,-1,-1,-1
52,417,460.69,1163.45,134.43,133.25,0.65,-1,-1,-1
52,418,2353.47,230.18,80.52,61.25,0.78,-1,-1,-1
52,419,873.94,1156.16,105.10,129.56,0.42,-1,-1,-1
52,423,563.05,318.13,74.91,71.49,0.69,-1,-1,-1
52,424,2317.77,274.59,54.44,48.03,0.60,-1,-1,-1
52,425,891.17,932.12,89.48,111.75,0.60,-1,-1,-1
52,426,380.75,205.36,62.49,59.94,0.25,-1,-1,-1
52,428,1875.83,1440.03,79.24,70.43,0.45,-1,-1,-1
52,430,460.77,577.33,39.71,73.81,0.63,-1,-1,-1
52,431,840.99,1297.14,71.03,156.89,0.69,-1,-1,-1
52,432,746.73,1029.28,52.15,116.60,0.59,-1,-1,-1
52,433,625.49,871.57,122.01,95.03,0.48,-1,-1,-1
52,435,2141.28,296.86,87.61,44.93,0.63,-1,-1,-1
52,438,1726.35,1308.84,129.32,150.21,0.86,-1,-1,-1
52,440,2202.78,618.59,58.63,88.41,0.28,-1,-1,-1
52,442,418.60,370.64,30.07,57.49,0.52,-1,-1,-1
52,443,2186.76,668.38,51.56,99.62,0.37,-1,-1,-1
52,445,1778.56,373.16,30.67,59.87,0.53,-1,-1,-1
52,449,503.57,853.25,101.76,71.11,0.46,-1,-1,-1
52,450,293.06,726.74,53.24,114.77,0.72,-1,-1,-1
52,451,1548.94,296.92,125.83,64.32,0.69,-1,-1,-1
52,453,2431.69,842.65,59.45,131.06,0.63,-1,-1,-1
52,454,529.58,200.65,21.46,35.91,0.18,-1,-1,-1
52,455,875.78,352.12,25.86,60.87,0.65,-1,-1,-1
52,456,2207.08,969.08,67.98,135.34,0.71,-1,-1,-1
52,457,2364.16,401.10,38.48,65.23,0.39,-1,-1,-1
52,458,2214.07,275.89,67.06,39.49,0.44,-1,-1,-1
52,459,1497.08,1294.91,119.42,139.33,0.75,-1,-1,-1
52,460,2071.35,327.73,95.96,53.80,0.46,-1,-1,-1
52,461,716.69,1122.60,59.25,113.44,0.55,-1,-1,-1
52,444,2275.97,296.82,58.63,52.20,0.41,-1,-1,-1
52,463,504.82,524.06,39.54,70.82,0.58,-1,-1,-1
52,464,28.96,414.26,172.76,79.81,0.86,-1,-1,-1
52,465,1744.64,1279.50,93.10,148.98,0.68,-1,-1,-1
52,466,842.31,1105.58,55.68,120.58,0.49,-1,-1,-1
52,467,738.03,721.59,60.67,91.57,0.42,-1,-1,-1
52,470,2524.30,197.21,39.66,37.78,0.41,-1,-1,-1
52,471,913.97,1269.88,74.09,154.08,0.66,-1,-1,-1
52,366,2320.11,473.41,36.42,70.89,0.44,-1,-1,-1
52,474,2566.46,301.06,77.67,57.61,0.76,-1,-1,-1
52,476,1507.71,1254.75,85.47,143.64,0.59,-1,-1,-1
52,478,2362.56,409.84,42.26,59.81,0.20,-1,-1,-1
52,481,1095.06,880.56,52.25,92.21,0.43,-1,-1,-1
52,483,364.01,833.58,56.79,94.95,0.58,-1,-1,-1
52,484,2548.61,149.12,52.74,37.52,0.48,-1,-1,-1
52,420,2386.57,187.69,79.05,55.19,0.12,-1,-1,-1
52,485,884.43,494.99,31.91,66.27,0.59,-1,-1,-1
52,486,2608.09,734.45,51.03,104.15,0.61,-1,-1,-1
52,487,2554.65,580.52,41.61,84.32,0.53,-1,-1,-1
52,434,1166.34,604.68,40.27,63.23,0.51,-1,-1,-1
52,489,1383.47,483.18,30.26,60.44,0.49,-1,-1,-1
52,490,718.25,1139.76,68.58,135.18,0.50,-1,-1,-1
52,446,1364.34,507.70,69.52,55.22,0.67,-1,-1,-1
52,491,359.35,803.40,62.55,101.68,0.50,-1,-1,-1
52,447,1156.44,789.12,52.12,90.11,0.53,-1,-1,-1
53,123,597.75,609.55,192.79,136.40,0.89,-1,-1,-1
53,381,324.77,645.98,86.03,64.77,0.60,-1,-1,-1
53,400,736.00,734.56,273.82,163.98,0.91,-1,-1,-1
53,401,865.21,783.05,282.85,171.42,0.92,-1,-1,-1
53,402,1770.65,525.01,198.59,99.43,0.88,-1,-1,-1
53,403,1433.79,572.31,247.16,95.75,0.89,-1,-1,-1
53,404,1000.66,664.65,295.26,128.96,0.89,-1,-1,-1
53,405,139.50,1202.41,374.75,250.00,0.88,-1,-1,-1
53,406,2202.69,378.62,121.31,71.20,0.80,-1,-1,-1
53,407,2409.94,271.21,87.23,55.53,0.79,-1,-1,-1
53,409,707.08,496.09,197.34,114.28,0.90,-1,-1,-1
53,410,1982.95,449.07,195.17,74.80,0.86,-1,-1,-1
53,411,2054.77,375.30,106.20,74.29,0.85,-1,-1,-1
53,412,400.43,453.16,183.93,89.58,0.84,-1,-1,-1
53,413,598.95,373.57,112.31,83.45,0.81,-1,-1,-1
53,414,500.02,699.98,159.16,162.07,0.87,-1,-1,-1
53,415,2139.89,336.63,95.57,73.72,0.85,-1,-1,-1
53,416,1977.56,360.06,103.48,70.71,0.82,-1,-1,-1
53,417,454.01,1161.71,130.91,129.25,0.75,-1,-1,-1
53,418,2350.97,229.33,81.14,62.13,0.76,-1,-1,-1
53,419,866.66,1159.50,94.55,112.76,0.58,-1,-1,-1
53,423,562.16,319.26,73.58,70.04,0.70,-1,-1,-1
53,424,2316.25,274.30,54.88,48.26,0.53,-1,-1,-1
53,425,899.89,929.49,90.72,108.32,0.70,-1,-1,-1
53,426,380.04,208.02,60.04,57.42,0.14,-1,-1,-1
53,428,1890.59,1451.83,67.35,58.71,0.43,-1,-1,-1
53,430,457.99,581.01,39.34,73.09,0.62,-1,-1,-1
53,431,842.21,1303.91,69.42,153.13,0.70,-1,-1,-1
53,432,750.83,1029.96,53.83,121.47,0.61,-1,-1,-1
53,433,618.00,872.21,121.79,93.88,0.45,-1,-1,-1
53,435,2138.96,296.56,87.43,45.10,0.69,-1,-1,-1
53,438,1742.65,1319.89,128.22,148.68,0.74,-1,-1,-1
53,440,2199.20,618.17,63.43,96.47,0.23,-1,-1,-1
53,442,418.14,372.62,30.54,58.11,0.55,-1,-1,-1
53,443,2189.12,664.65,50.38,97.73,0.47,-1,-1,-1
53,445,1777.31,372.91,30.65,59.65,0.54,-1,-1,-1
53,449,494.72,852.18,103.65,71.28,0.43,-1,-1,-1
53,450,292.74,727.34,53.48,115.75,0.71,-1,-1,-1
53,451,1547.88,297.18,124.43,63.70,0.59,-1,-1,-1
53,453,2428.47,842.65,59.52,131.66,0.66,-1,-1,-1
53,454,529.13,204.25,19.46,32.12,0.13,-1,-1,-1
53,455,872.65,351.97,25.54,59.62,0.66,-1,-1,-1
53,456,2206.44,964.17,67.70,134.85,0.71,-1,-1,-1
53,457,2364.90,403.24,37.05,62.23,0.23,-1,-1,-1
53,458,2219.72,277.34,64.34,38.31,0.30,-1,-1,-1
53,459,1509.47,1304.90,117.68,135.40,0.81,-1,-1,-1
53,460,2066.48,325.62,95.52,53.64,0.58,-1,-1,-1
53,461,723.46,1128.47,64.15,122.63,0.61,-1,-1,-1
53,444,2275.46,297.67,58.06,51.92,0.46,-1,-1,-1
53,463,508.29,525.08,37.01,66.62,0.58,-1,-1,-1
53,464,31.50,415.13,178.04,80.75,0.85,-1,-1,-1
53,465,1758.87,1289.96,92.96,150.88,0.52,-1,-1,-1
53,466,835.95,1104.63,56.59,122.27,0.66,-1,-1,-1
53,467,737.63,740.18,52.87,76.42,0.50,-1,-1,-1
53,470,2523.54,198.89,37.85,36.17,0.51,-1,-1,-1
53,471,912.63,1273.93,80.47,168.71,0.69,-1,-1,-1
53,366,2319.24,470.39,36.67,71.65,0.45,-1,-1,-1
53,474,2563.25,300.80,79.59,58.46,0.81,-1,-1,-1
53,476,1523.59,1265.41,83.71,141.00,0.68,-1,-1,-1
53,478,2362.38,405.37,42.77,60.97,0.26,-1,-1,-1
53,481,1102.28,885.48,49.80,86.83,0.46,-1,-1,-1
53,483,357.82,833.93,60.19,100.96,0.46,-1,-1,-1
53,484,2546.46,149.01,51.39,36.28,0.40,-1,-1,-1
53,485,882.37,495.97,29.02,59.17,0.47,-1,-1,-1
53,486,2604.99,734.91,51.99,105.35,0.61,-1,-1,-1
53,487,2553.64,585.85,38.99,78.49,0.35,-1,-1,-1
53,434,1157.23,604.21,40.35,62.48,0.41,-1,-1,-1
53,489,1389.21,482.89,30.07,59.62,0.61,-1,-1,-1
53,490,723.71,1147.83,74.49,146.85,0.64,-1,-1,-1
53,446,1371.31,510.94,67.88,52.81,0.67,-1,-1,-1
53,491,354.71,808.96,64.88,105.96,0.67,-1,-1,-1
53,447,1159.47,786.33,54.68,95.19,0.56,-1,-1,-1
53,492,505.40,560.95,61.76,53.71,0.65,-1,-1,-1
54,123,596.92,610.91,192.33,135.61,0.89,-1,-1,-1
54,381,321.43,646.31,89.06,66.37,0.60,-1,-1,-1
54,400,735.64,735.29,271.54,162.82,0.92,-1,-1,-1
54,401,858.83,784.43,281.00,168.93,0.90,-1,-1,-1
54,402,1776.40,522.16,197.68,99.91,0.88,-1,-1,-1
54,403,1447.28,571.25,244.42,94.83,0.89,-1,-1,-1
54,404,998.86,663.62,295.54,130.02,0.90,-1,-1,-1
54,405,128.48,1202.55,376.62,248.06,0.89,-1,-1,-1
54,406,2206.73,376.87,118.44,69.87,0.82,-1,-1,-1
54,407,2412.91,268.99,85.99,54.64,0.77,-1,-1,-1
54,409,714.69,499.20,198.75,114.69,0.90,-1,-1,-1
54,410,1993.16,446.29,195.60,75.12,0.85,-1,-1,-1
54,411,2053.23,375.21,105.07,73.38,0.84,-1,-1,-1
54,412,402.77,453.66,188.49,92.40,0.84,-1,-1,-1
54,413,596.92,373.37,113.10,83.74,0.81,-1,-1,-1
54,414,499.03,701.78,158.13,161.59,0.88,-1,-1,-1
54,415,2139.56,336.95,94.49,72.96,0.84,-1,-1,-1
54,416,1974.01,359.63,104.58,71.45,0.84,-1,-1,-1
54,417,449.56,1159.13,127.04,124.35,0.70,-1,-1,-1
54,418,2349.93,230.02,79.44,61.12,0.74,-1,-1,-1
54,419,878.07,1168.66,77.02,91.17,0.52,-1,-1,-1
54,423,561.16,319.90,72.60,68.90,0.73,-1,-1,-1
54,424,2314.63,273.86,54.89,48.50,0.38,-1,-1,-1
54,425,906.54,926.85,92.32,105.96,0.53,-1,-1,-1
54,426,379.08,208.72,59.45,56.69,0.32,-1,-1,-1
54,428,1912.43,1462.57,55.26,46.42,0.28,-1,-1,-1
54,430,454.92,583.50,39.79,73.98,0.63,-1,-1,-1
54,431,841.49,1308.85,72.22,158.04,0.72,-1,-1,-1
54,432,751.59,1032.72,55.29,123.38,0.67,-1,-1,-1
54,433,609.63,869.32,123.98,94.86,0.84,-1,-1,-1
54,435,2137.47,296.25,87.01,45.16,0.70,-1,-1,-1
54,438,1755.71,1332.50,126.48,144.96,0.75,-1,-1,-1
54,440,2197.27,614.03,65.76,100.57,0.18,-1,-1,-1
54,442,418.66,373.81,30.06,56.75,0.53,-1,-1,-1
54,443,2190.56,659.36,48.56,94.67,0.45,-1,-1,-1
54,445,1776.08,372.87,29.73,57.57,0.44,-1,-1,-1
54,449,484.14,849.95,107.69,73.58,0.69,-1,-1,-1
54,450,291.46,727.82,54.85,119.34,0.70,-1,-1,-1
54,451,1546.09,296.94,124.63,63.98,0.68,-1,-1,-1
54,453,2424.77,842.59,60.82,134.37,0.68,-1,-1,-1
54,454,528.24,205.35,18.70,30.54,0.11,-1,-1,-1
54,455,869.07,350.58,26.74,61.97,0.66,-1,-1,-1
54,456,2207.26,959.94,66.57,132.66,0.76,-1,-1,-1
54,457,2365.04,405.32,34.80,58.13,0.21,-1,-1,-1
54,458,2223.09,278.31,61.96,37.48,0.45,-1,-1,-1
54,459,1521.55,1313.11,121.46,139.25,0.82,-1,-1,-1
54,460,2062.11,325.56,100.09,56.47,0.46,-1,-1,-1
54,461,729.63,1136.76,66.64,126.77,0.62,-1,-1,-1
54,444,2276.48,302.91,52.46,46.23,0.44,-1,-1,-1
54,463,510.22,526.12,36.42,66.15,0.56,-1,-1,-1
54,464,38.60,415.37,181.90,81.54,0.86,-1,-1,-1
54,465,1769.66,1298.46,91.86,148.16,0.57,-1,-1,-1
54,466,829.81,1103.17,58.29,126.72,0.59,-1,-1,-1
54,467,733.14,740.16,55.59,78.64,0.40,-1,-1,-1
54,470,2522.46,199.86,36.98,35.58,0.36,-1,-1,-1
54,471,914.65,1280.57,81.77,173.22,0.65,-1,-1,-1
54,366,2319.89,467.07,35.14,68.37,0.39,-1,-1,-1
54,474,2561.03,299.95,81.05,58.93,0.81,-1,-1,-1
54,476,1538.86,1274.46,83.57,139.89,0.65,-1,-1,-1
54,478,2363.25,406.39,40.58,58.08,0.18,-1,-1,-1
54,481,1100.90,883.45,54.26,93.31,0.45,-1,-1,-1
54,483,353.67,841.14,59.39,99.94,0.48,-1,-1,-1
54,484,2541.95,148.65,52.81,36.93,0.46,-1,-1,-1
54,485,878.27,494.20,27.69,55.26,0.50,-1,-1,-1
54,486,2601.49,735.07,51.93,104.63,0.64,-1,-1,-1
54,487,2551.40,587.57,38.47,76.64,0.44,-1,-1,-1
54,434,1150.26,603.77,41.31,62.97,0.51,-1,-1,-1
54,489,1394.58,483.34,32.05,63.21,0.62,-1,-1,-1
54,490,729.57,1155.24,75.99,148.90,0.69,-1,-1,-1
54,446,1377.93,516.33,62.04,47.54,0.58,-1,-1,-1
54,491,351.52,814.58,61.06,100.03,0.57,-1,-1,-1
54,447,1161.62,784.46,55.43,97.32,0.58,-1,-1,-1
54,492,507.74,558.56,65.20,56.76,0.65,-1,-1,-1
54,493,2642.89,350.37,43.13,65.96,0.69,-1,-1,-1
55,123,595.38,610.98,193.02,135.74,0.87,-1,-1,-1
55,381,324.69,646.77,84.97,62.58,0.58,-1,-1,-1
55,400,734.34,735.69,271.15,162.65,0.93,-1,-1,-1
55,401,848.93,786.08,285.78,170.65,0.90,-1,-1,-1
55,402,1784.77,520.63,194.19,99.06,0.89,-1,-1,-1
55,403,1457.31,570.03,242.93,94.38,0.89,-1,-1,-1
55,404,997.14,663.40,295.84,131.16,0.91,-1,-1,-1
55,405,118.15,1202.41,379.63,246.96,0.89,-1,-1,-1
55,406,2210.59,375.33,115.85,68.62,0.82,-1,-1,-1
55,407,2414.05,266.42,86.17,54.75,0.81,-1,-1,-1
55,409,720.69,500.91,200.21,115.21,0.88,-1,-1,-1
55,410,2002.78,442.81,199.20,77.16,0.92,-1,-1,-1
55,411,2052.85,374.82,102.23,71.15,0.84,-1,-1,-1
55,412,408.79,455.96,186.65,91.79,0.89,-1,-1,-1
55,413,594.97,373.66,112.84,83.55,0.78,-1,-1,-1
55,414,497.57,702.59,158.22,162.17,0.88,-1,-1,-1
55,415,2138.11,337.11,93.51,72.12,0.83,-1,-1,-1
55,416,1971.62,359.75,104.67,71.56,0.84,-1,-1,-1
55,417,443.61,1161.78,122.10,117.64,0.73,-1,-1,-1
55,418,2347.76,230.26,79.14,61.06,0.67,-1,-1,-1
55,419,845.65,1150.37,98.42,114.50,0.55,-1,-1,-1
55,423,560.05,319.79,72.08,68.36,0.69,-1,-1,-1
55,424,2315.30,273.96,53.73,47.82,0.21,-1,-1,-1
55,425,914.54,922.56,95.86,105.63,0.60,-1,-1,-1
55,426,377.47,208.99,59.77,56.79,0.21,-1,-1,-1
55,428,1930.70,1473.76,47.14,37.70,0.12,-1,-1,-1
55,430,450.77,585.43,41.52,77.57,0.70,-1,-1,-1
55,431,842.35,1312.34,74.99,164.25,0.75,-1,-1,-1
55,432,754.49,1037.29,54.48,121.36,0.73,-1,-1,-1
55,433,599.38,865.02,129.79,98.88,0.82,-1,-1,-1
55,435,2137.39,296.23,87.28,45.73,0.71,-1,-1,-1
55,438,1776.00,1343.22,126.47,145.49,0.73,-1,-1,-1
55,440,2195.68,613.58,68.75,106.25,0.13,-1,-1,-1
55,442,418.70,374.71,30.23,56.56,0.55,-1,-1,-1
55,443,2193.43,653.68,48.05,93.77,0.46,-1,-1,-1
55,445,1773.58,373.14,30.67,59.56,0.46,-1,-1,-1
55,449,470.82,843.47,116.05,79.74,0.53,-1,-1,-1
55,450,289.76,728.41,56.50,123.49,0.73,-1,-1,-1
55,451,1544.20,296.92,124.75,64.21,0.46,-1,-1,-1
55,453,2416.89,838.82,65.01,143.75,0.68,-1,-1,-1
55,454,526.17,203.54,18.82,30.67,0.19,-1,-1,-1
55,455,865.82,348.35,27.60,63.73,0.63,-1,-1,-1
55,456,2207.44,957.86,65.30,129.71,0.60,-1,-1,-1
55,457,2366.39,398.93,32.28,54.44,0.32,-1,-1,-1
55,458,2212.38,276.60,65.45,39.05,0.39,-1,-1,-1
55,459,1535.50,1324.46,123.07,140.00,0.69,-1,-1,-1
55,460,2060.61,327.86,97.34,55.33,0.17,-1,-1,-1
55,461,735.81,1144.38,67.58,128.19,0.63,-1,-1,-1
55,444,2273.92,301.65,53.74,47.23,0.52,-1,-1,-1
55,463,514.02,530.49,36.26,66.77,0.45,-1,-1,-1
55,464,42.59,415.82,186.66,82.88,0.87,-1,-1,-1
55,465,1785.67,1307.20,90.43,146.07,0.60,-1,-1,-1
55,466,827.28,1101.71,53.91,116.48,0.61,-1,-1,-1
55,467,728.66,730.07,58.72,81.76,0.51,-1,-1,-1
55,470,2517.89,199.82,37.49,35.65,0.48,-1,-1,-1
55,471,915.95,1288.36,82.38,176.53,0.62,-1,-1,-1
55,366,2320.85,464.26,33.49,65.37,0.35,-1,-1,-1
55,474,2559.33,299.73,81.43,58.57,0.79,-1,-1,-1
55,476,1552.24,1282.94,84.40,141.14,0.59,-1,-1,-1
55,478,2363.92,410.45,36.59,51.91,0.32,-1,-1,-1
55,481,1107.27,878.82,52.02,88.64,0.38,-1,-1,-1
55,483,347.60,839.82,62.73,106.18,0.55,-1,-1,-1
55,484,2538.91,149.06,53.24,37.17,0.49,-1,-1,-1
55,485,874.77,494.34,25.63,49.67,0.57,-1,-1,-1
55,486,2596.49,737.56,51.03,102.47,0.64,-1,-1,-1
55,487,2548.03,582.11,41.96,83.54,0.58,-1,-1,-1
55,434,1143.71,603.66,40.77,61.68,0.44,-1,-1,-1
55,489,1401.07,483.85,30.99,60.72,0.53,-1,-1,-1
55,490,736.95,1172.16,73.90,143.13,0.67,-1,-1,-1
55,446,1385.98,514.47,66.39,49.95,0.55,-1,-1,-1
55,491,348.23,819.72,60.09,98.90,0.52,-1,-1,-1
55,447,1163.00,780.37,56.62,99.99,0.63,-1,-1,-1
55,492,509.95,559.80,65.25,56.81,0.83,-1,-1,-1
55,493,2642.08,350.94,43.19,65.88,0.67,-1,-1,-1
56,123,592.07,611.19,195.53,137.26,0.88,-1,-1,-1
56,381,329.19,649.55,80.61,58.68,0.60,-1,-1,-1
56,400,733.30,735.92,270.94,162.65,0.91,-1,-1,-1
56,401,844.00,789.46,285.37,169.90,0.86,-1,-1,-1
56,402,1794.77,519.07,189.43,97.29,0.89,-1,-1,-1
56,403,1464.14,566.18,250.12,97.83,0.88,-1,-1,-1
56,404,992.30,661.42,300.83,134.70,0.92,-1,-1,-1
56,405,108.81,1202.77,381.41,245.04,0.88,-1,-1,-1
56,406,2214.57,373.14,113.54,67.44,0.81,-1,-1,-1
56,407,2415.45,264.35,85.21,54.02,0.77,-1,-1,-1
56,409,728.80,501.78,200.04,114.92,0.91,-1,-1,-1
56,410,2014.49,442.57,192.82,74.89,0.87,-1,-1,-1
56,411,2051.40,375.35,99.87,69.01,0.86,-1,-1,-1
56,412,417.06,459.17,181.03,88.97,0.87,-1,-1,-1
56,413,592.53,373.36,113.92,84.49,0.77,-1,-1,-1
56,414,496.50,702.87,158.56,163.02,0.88,-1,-1,-1
56,415,2136.17,336.97,92.75,71.53,0.82,-1,-1,-1
56,416,1969.02,359.94,104.68,71.79,0.82,-1,-1,-1
56,417,434.11,1158.26,124.50,118.97,0.76,-1,-1,-1
56,418,2346.59,232.22,77.35,59.52,0.66,-1,-1,-1
56,419,840.40,1143.76,99.53,117.88,0.49,-1,-1,-1
56,423,558.79,320.07,71.70,67.90,0.76,-1,-1,-1
56,424,2312.39,273.51,54.04,48.08,0.41,-1,-1,-1
56,425,920.31,917.60,99.35,105.30,0.43,-1,-1,-1
56,430,446.92,587.52,42.19,79.27,0.62,-1,-1,-1
56,431,844.25,1318.31,76.48,167.68,0.70,-1,-1,-1
56,432,757.72,1039.53,53.74,119.57,0.71,-1,-1,-1
56,433,588.01,860.18,134.37,102.74,0.65,-1,-1,-1
56,435,2134.69,295.98,85.50,44.80,0.69,-1,-1,-1
56,438,1785.88,1347.55,132.29,152.49,0.57,-1,-1,-1
56,440,2200.44,612.49,63.34,96.72,0.20,-1,-1,-1
56,442,419.14,376.01,29.50,54.50,0.53,-1,-1,-1
56,443,2196.77,647.86,48.22,93.34,0.31,-1,-1,-1
56,445,1771.34,373.12,31.49,61.50,0.50,-1,-1,-1
56,449,463.76,844.39,114.82,78.89,0.45,-1,-1,-1
56,450,289.33,729.26,56.05,122.71,0.71,-1,-1,-1
56,451,1543.05,297.18,123.28,63.68,0.53,-1,-1,-1
56,453,2412.95,839.51,65.27,144.33,0.73,-1,-1,-1
56,454,525.51,203.24,18.05,29.04,0.18,-1,-1,-1
56,455,863.33,350.05,26.90,62.20,0.59,-1,-1,-1
56,456,2208.40,956.51,63.70,125.80,0.58,-1,-1,-1
56,457,2365.69,395.38,32.22,55.03,0.29,-1,-1,-1
56,458,2216.32,279.00,62.62,37.60,0.56,-1,-1,-1
56,459,1549.93,1334.48,123.85,139.94,0.73,-1,-1,-1
56,460,2059.14,327.80,97.77,56.16,0.26,-1,-1,-1
56,461,744.65,1152.21,69.24,132.74,0.70,-1,-1,-1
56,444,2272.55,304.19,51.33,44.75,0.41,-1,-1,-1
56,463,518.03,532.86,34.76,64.00,0.59,-1,-1,-1
56,464,45.82,416.79,188.95,83.04,0.86,-1,-1,-1
56,465,1800.21,1316.91,95.43,153.12,0.56,-1,-1,-1
56,466,822.72,1098.22,55.08,119.16,0.67,-1,-1,-1
56,467,720.63,734.69,61.91,85.42,0.62,-1,-1,-1
56,470,2516.20,199.33,38.14,36.36,0.52,-1,-1,-1
56,471,917.26,1294.91,82.35,178.71,0.70,-1,-1,-1
56,366,2320.41,461.20,33.25,65.03,0.30,-1,-1,-1
56,474,2556.58,299.38,82.20,58.65,0.82,-1,-1,-1
56,476,1564.91,1293.31,86.89,142.86,0.67,-1,-1,-1
56,478,2362.58,405.04,39.10,56.21,0.14,-1,-1,-1
56,481,1105.99,873.81,56.22,94.71,0.25,-1,-1,-1
56,483,344.78,844.77,63.20,107.52,0.54,-1,-1,-1
56,484,2536.31,149.11,52.77,36.60,0.39,-1,-1,-1
56,485,870.75,495.06,25.14,47.37,0.58,-1,-1,-1
56,486,2592.47,738.66,52.06,103.73,0.61,-1,-1,-1
56,487,2549.74,578.15,37.15,73.18,0.50,-1,-1,-1
56,434,1133.16,603.89,43.07,64.44,0.53,-1,-1,-1
56,489,1406.83,483.97,32.07,62.44,0.61,-1,-1,-1
56,490,743.22,1178.84,76.55,146.68,0.66,-1,-1,-1
56,446,1390.53,514.23,69.39,51.39,0.52,-1,-1,-1
56,491,345.51,824.27,61.86,102.64,0.66,-1,-1,-1
56,447,1164.64,784.40,58.12,102.96,0.55,-1,-1,-1
56,492,512.30,559.42,65.82,57.37,0.74,-1,-1,-1
56,493,2640.28,350.39,43.93,66.65,0.69,-1,-1,-1
57,123,592.11,611.62,192.14,134.18,0.89,-1,-1,-1
57,381,322.99,651.34,85.25,61.26,0.63,-1,-1,-1
57,400,730.56,736.05,271.36,162.86,0.90,-1,-1,-1
57,401,835.40,791.99,289.64,172.47,0.81,-1,-1,-1
57,402,1803.72,516.70,185.56,95.99,0.89,-1,-1,-1
57,403,1480.81,567.02,240.74,94.10,0.89,-1,-1,-1
57,404,991.20,663.34,298.42,134.64,0.91,-1,-1,-1
57,405,99.48,1202.11,385.51,243.83,0.87,-1,-1,-1
57,406,2216.69,370.74,113.05,67.41,0.80,-1,-1,-1
57,407,2416.76,261.62,86.36,54.81,0.77,-1,-1,-1
57,409,738.60,503.32,201.75,115.83,0.92,-1,-1,-1
57,410,2025.49,441.62,188.42,73.33,0.87,-1,-1,-1
57,411,2048.98,375.35,99.61,68.33,0.84,-1,-1,-1
57,412,424.58,461.84,179.80,88.07,0.88,-1,-1,-1
57,413,591.26,373.66,113.51,84.34,0.75,-1,-1,-1
57,414,495.29,703.40,158.00,163.17,0.87,-1,-1,-1
57,415,2133.24,336.25,93.70,72.10,0.82,-1,-1,-1
57,416,1966.64,359.35,104.82,72.23,0.81,-1,-1,-1
57,417,423.05,1155.42,125.77,119.24,0.76,-1,-1,-1
57,418,2345.01,233.57,75.74,58.22,0.74,-1,-1,-1
57,419,834.98,1131.23,104.20,126.96,0.36,-1,-1,-1
57,423,557.79,320.03,71.27,67.50,0.75,-1,-1,-1
57,424,2312.45,273.56,53.28,47.90,0.20,-1,-1,-1
57,425,926.95,912.63,102.28,105.17,0.11,-1,-1,-1
57,430,444.48,591.35,41.00,77.06,0.60,-1,-1,-1
57,431,846.87,1322.77,75.33,164.34,0.61,-1,-1,-1
57,432,761.82,1042.43,52.31,115.75,0.72,-1,-1,-1
57,433,581.98,860.49,130.39,99.11,0.56,-1,-1,-1
57,435,2131.16,297.35,86.19,45.56,0.69,-1,-1,-1
57,438,1801.27,1361.99,125.75,143.45,0.62,-1,-1,-1
57,440,2203.33,609.88,61.17,91.68,0.19,-1,-1,-1
57,442,420.10,391.62,28.82,52.19,0.60,-1,-1,-1
57,443,2196.52,643.09,49.51,96.29,0.32,-1,-1,-1
57,445,1769.91,373.52,31.71,62.22,0.46,-1,-1,-1
57,449,458.27,848.41,109.85,75.43,0.60,-1,-1,-1
57,450,288.84,730.96,55.21,121.01,0.69,-1,-1,-1
57,451,1542.71,297.03,120.25,62.03,0.72,-1,-1,-1
57,453,2410.22,838.53,64.54,142.69,0.70,-1,-1,-1
57,454,523.39,202.25,18.07,28.95,0.15,-1,-1,-1
57,455,861.35,351.88,25.73,59.59,0.56,-1,-1,-1
57,456,2208.66,955.41,62.83,123.14,0.43,-1,-1,-1
57,457,2365.60,393.11,32.13,55.44,0.27,-1,-1,-1
57,458,2209.65,276.55,65.30,39.76,0.46,-1,-1,-1
57,459,1564.29,1344.31,125.66,140.52,0.77,-1,-1,-1
57,460,2058.66,327.06,93.07,53.64,0.62,-1,-1,-1
57,461,752.82,1159.18,72.34,136.72,0.79,-1,-1,-1
57,444,2264.20,289.30,59.21,51.91,0.53,-1,-1,-1
57,463,521.65,534.48,35.33,65.36,0.61,-1,-1,-1
57,464,50.81,417.24,190.44,83.04,0.87,-1,-1,-1
57,465,1822.40,1325.34,88.83,143.83,0.50,-1,-1,-1
57,466,817.96,1100.08,51.46,110.61,0.52,-1,-1,-1
57,467,713.88,732.31,66.75,91.85,0.72,-1,-1,-1
57,470,2502.30,196.37,43.32,39.54,0.52,-1,-1,-1
57,471,919.80,1300.03,80.17,176.00,0.66,-1,-1,-1
57,366,2318.98,456.58,34.12,67.01,0.30,-1,-1,-1
57,474,2554.27,299.06,82.37,58.27,0.82,-1,-1,-1
57,476,1580.43,1303.10,84.68,137.99,0.67,-1,-1,-1
57,478,2362.00,404.70,38.44,55.37,0.19,-1,-1,-1
57,481,1111.29,873.93,54.83,91.26,0.41,-1,-1,-1
57,483,341.13,856.61,60.71,103.16,0.47,-1,-1,-1
57,484,2532.53,149.55,54.06,37.09,0.48,-1,-1,-1
57,485,866.60,493.38,25.72,47.27,0.40,-1,-1,-1
57,486,2588.99,738.42,52.77,105.21,0.70,-1,-1,-1
57,487,2544.70,578.79,40.20,79.00,0.42,-1,-1,-1
57,434,1125.39,603.25,43.34,64.89,0.42,-1,-1,-1
57,489,1415.39,484.28,31.42,60.74,0.51,-1,-1,-1
57,490,749.90,1186.50,78.65,148.03,0.73,-1,-1,-1
57,446,1397.26,514.59,69.28,50.72,0.58,-1,-1,-1
57,491,344.81,830.30,60.26,100.60,0.61,-1,-1,-1
57,447,1166.14,784.53,59.27,104.97,0.51,-1,-1,-1
57,492,516.57,560.56,65.05,56.71,0.68,-1,-1,-1
57,493,2638.41,349.68,44.73,67.28,0.71,-1,-1,-1
58,123,590.27,613.11,192.87,134.14,0.89,-1,-1,-1
58,381,318.80,651.22,88.12,62.62,0.61,-1,-1,-1
58,400,727.69,736.40,271.28,162.69,0.89,-1,-1,-1
58,401,822.26,796.68,295.19,176.05,0.79,-1,-1,-1
58,402,1809.86,513.68,184.42,96.22,0.88,-1,-1,-1
58,403,1488.38,563.36,245.15,96.26,0.90,-1,-1,-1
58,404,990.74,664.38,294.70,133.71,0.91,-1,-1,-1
58,405,84.64,1201.04,390.56,244.10,0.88,-1,-1,-1
58,406,2219.42,367.58,112.40,67.27,0.79,-1,-1,-1
58,407,2417.10,259.11,87.03,55.61,0.78,-1,-1,-1
58,409,743.88,503.40,207.67,119.35,0.89,-1,-1,-1
58,410,2038.91,438.77,185.47,72.56,0.89,-1,-1,-1
58,411,2046.57,375.94,100.09,68.37,0.84,-1,-1,-1
58,412,430.85,463.57,181.23,88.78,0.88,-1,-1,-1
58,413,590.05,373.45,113.96,84.94,0.77,-1,-1,-1
58,414,493.56,704.19,157.27,162.88,0.86,-1,-1,-1
58,415,2130.17,335.39,94.80,72.90,0.80,-1,-1,-1
58,416,1965.95,359.81,103.29,71.28,0.83,-1,-1,-1
58,417,410.25,1147.81,130.24,123.33,0.62,-1,-1,-1
58,418,2343.07,234.88,74.03,56.81,0.72,-1,-1,-1
58,419,824.30,1131.10,103.44,126.52,0.58,-1,-1,-1
58,423,556.39,320.62,70.36,66.58,0.72,-1,-1,-1
58,424,2310.74,273.93,52.91,47.85,0.48,-1,-1,-1
58,425,935.50,912.80,102.26,101.06,0.19,-1,-1,-1
58,430,442.67,595.35,37.75,70.58,0.47,-1,-1,-1
58,431,853.16,1322.53,73.81,161.62,0.68,-1,-1,-1
58,432,769.76,1046.70,51.36,112.15,0.68,-1,-1,-1
58,433,572.08,860.54,131.13,99.27,0.59,-1,-1,-1
58,435,2129.12,297.43,86.83,46.31,0.72,-1,-1,-1
58,438,1810.02,1357.77,133.24,151.30,0.51,-1,-1,-1
58,440,2203.40,602.17,63.48,94.93,0.14,-1,-1,-1
58,442,419.99,397.15,29.30,52.22,0.59,-1,-1,-1
58,443,2198.04,634.90,50.08,96.27,0.24,-1,-1,-1
58,445,1767.33,373.50,32.20,63.37,0.50,-1,-1,-1
58,449,451.51,844.02,112.40,78.08,0.60,-1,-1,-1
58,450,288.19,732.47,55.40,121.49,0.70,-1,-1,-1
58,451,1541.60,297.01,119.98,61.72,0.65,-1,-1,-1
58,453,2409.22,838.83,63.27,139.66,0.69,-1,-1,-1
58,455,857.34,348.26,26.50,61.01,0.54,-1,-1,-1
58,456,2209.14,954.34,63.20,124.07,0.72,-1,-1,-1
58,457,2364.92,392.49,34.20,59.25,0.23,-1,-1,-1
58,458,2211.98,277.50,65.07,40.16,0.20,-1,-1,-1
58,459,1577.52,1353.60,129.68,144.20,0.72,-1,-1,-1
58,460,2056.57,326.21,92.45,53.83,0.72,-1,-1,-1
58,461,757.66,1167.89,71.25,133.66,0.66,-1,-1,-1
58,444,2265.13,283.94,53.26,46.03,0.29,-1,-1,-1
58,463,523.82,533.89,36.74,69.02,0.56,-1,-1,-1
58,464,55.62,418.21,192.49,83.35,0.90,-1,-1,-1
58,465,1835.30,1336.13,91.49,146.81,0.68,-1,-1,-1
58,466,812.00,1099.01,46.79,99.67,0.53,-1,-1,-1
58,467,708.43,736.15,67.33,91.29,0.57,-1,-1,-1
58,470,2496.41,198.09,43.19,37.92,0.33,-1,-1,-1
58,471,923.20,1307.01,76.56,169.12,0.73,-1,-1,-1
58,366,2318.07,453.29,34.88,68.73,0.41,-1,-1,-1
58,474,2551.45,298.75,83.37,58.39,0.81,-1,-1,-1
58,476,1593.31,1312.21,83.48,138.24,0.55,-1,-1,-1
58,478,2360.78,401.96,39.36,57.24,0.12,-1,-1,-1
58,481,1106.82,862.06,62.30,104.03,0.24,-1,-1,-1
58,483,338.01,863.60,59.38,101.05,0.59,-1,-1,-1
58,484,2527.27,148.49,55.28,37.51,0.48,-1,-1,-1
58,485,861.12,492.28,24.32,44.34,0.29,-1,-1,-1
58,486,2586.38,740.47,51.77,103.63,0.71,-1,-1,-1
58,487,2540.74,582.26,41.68,82.27,0.51,-1,-1,-1
58,434,1116.37,602.89,43.26,64.48,0.54,-1,-1,-1
58,489,1420.53,485.48,31.15,59.52,0.57,-1,-1,-1
58,490,755.82,1194.38,79.07,146.13,0.66,-1,-1,-1
58,446,1403.98,515.54,69.44,50.09,0.54,-1,-1,-1
58,491,336.97,835.31,58.93,98.97,0.55,-1,-1,-1
58,447,1168.14,783.37,58.00,101.81,0.55,-1,-1,-1
58,492,519.41,561.22,65.44,56.90,0.71,-1,-1,-1
58,493,2636.83,349.82,45.55,67.70,0.74,-1,-1,-1
59,123,588.66,613.02,191.60,132.85,0.89,-1,-1,-1
59,381,316.45,648.82,89.59,63.27,0.61,-1,-1,-1
59,400,724.28,737.23,272.05,162.78,0.88,-1,-1,-1
59,401,814.58,800.27,297.02,177.36,0.74,-1,-1,-1
59,402,1818.43,511.60,180.12,94.62,0.86,-1,-1,-1
59,403,1495.11,560.02,252.50,99.99,0.90,-1,-1,-1
59,404,990.11,665.19,292.12,133.27,0.90,-1,-1,-1
59,405,73.47,1201.48,392.68,242.74,0.88,-1,-1,-1
59,406,2222.36,365.48,110.95,66.60,0.78,-1,-1,-1
59,407,2417.69,256.80,86.32,55.61,0.74,-1,-1,-1
59,409,751.36,504.48,208.85,119.94,0.90,-1,-1,-1
59,410,2048.68,436.81,184.27,72.63,0.90,-1,-1,-1
59,411,2044.77,375.65,100.12,68.06,0.80,-1,-1,-1
59,412,435.68,464.99,183.47,90.03,0.89,-1,-1,-1
59,413,588.93,373.62,113.55,84.79,0.75,-1,-1,-1
59,414,492.36,704.79,156.55,162.56,0.85,-1,-1,-1
59,415,2127.17,335.26,95.13,73.23,0.81,-1,-1,-1
59,416,1964.33,359.58,102.90,71.06,0.82,-1,-1,-1
59,417,399.79,1143.30,131.83,124.52,0.68,-1,-1,-1
59,418,2340.65,235.51,73.19,56.02,0.61,-1,-1,-1
59,419,832.62,1136.41,94.43,119.51,0.50,-1,-1,-1
59,423,554.36,321.45,70.12,66.18,0.70,-1,-1,-1
59,424,2308.13,273.98,53.11,48.11,0.32,-1,-1,-1
59,425,940.23,907.58,107.84,103.72,0.12,-1,-1,-1
59,430,438.11,598.22,39.67,74.14,0.45,-1,-1,-1
59,431,856.55,1328.15,72.55,159.20,0.66,-1,-1,-1
59,432,773.64,1046.49,51.71,113.45,0.63,-1,-1,-1
59,433,563.33,858.68,130.62,98.42,0.48,-1,-1,-1
59,435,2128.40,297.13,85.59,45.95,0.68,-1,-1,-1
59,438,1826.86,1366.71,129.49,145.29,0.49,-1,-1,-1
59,440,2202.65,595.34,66.15,98.15,0.24,-1,-1,-1
59,442,420.95,405.00,28.41,49.19,0.53,-1,-1,-1
59,443,2195.86,636.65,47.34,91.65,0.50,-1,-1,-1
59,445,1764.87,373.82,32.62,64.28,0.52,-1,-1,-1
59,449,433.97,827.92,131.13,93.99,0.54,-1,-1,-1
59,450,287.77,734.69,54.43,120.29,0.70,-1,-1,-1
59,451,1539.44,297.32,120.89,61.93,0.69,-1,-1,-1
59,453,2410.38,840.40,61.03,135.01,0.66,-1,-1,-1
59,455,855.35,351.11,25.12,57.40,0.49,-1,-1,-1
59,456,2208.59,952.34,63.98,126.38,0.45,-1,-1,-1
59,457,2366.21,390.42,33.15,57.58,0.22,-1,-1,-1
59,458,2211.00,285.74,62.22,38.12,0.25,-1,-1,-1
59,459,1596.92,1364.53,117.32,127.54,0.81,-1,-1,-1
59,460,2054.26,326.86,92.09,53.80,0.68,-1,-1,-1
59,461,766.47,1173.75,70.40,131.74,0.63,-1,-1,-1
59,444,2263.01,293.26,55.69,48.21,0.53,-1,-1,-1
59,463,526.98,533.51,37.98,72.53,0.60,-1,-1,-1
59,464,61.24,419.91,193.15,83.15,0.90,-1,-1,-1
59,465,1855.82,1346.77,93.14,148.31,0.68,-1,-1,-1
59,466,807.04,1103.35,45.81,97.44,0.52,-1,-1,-1
59,467,702.81,739.27,68.71,92.63,0.64,-1,-1,-1
59,470,2500.00,199.11,42.70,37.91,0.21,-1,-1,-1
59,471,926.93,1315.81,72.02,159.55,0.74,-1,-1,-1
59,366,2318.51,451.03,33.59,66.03,0.40,-1,-1,-1
59,474,2548.87,298.75,83.33,57.87,0.77,-1,-1,-1
59,476,1608.80,1321.37,86.83,141.63,0.67,-1,-1,-1
59,478,2362.94,410.02,34.32,48.80,0.18,-1,-1,-1
59,481,1109.94,856.18,63.29,105.55,0.44,-1,-1,-1
59,483,333.92,866.38,60.79,104.03,0.49,-1,-1,-1
59,484,2525.22,148.86,54.37,36.46,0.34,-1,-1,-1
59,485,856.76,492.06,23.23,41.88,0.35,-1,-1,-1
59,486,2584.76,742.09,50.83,102.04,0.65,-1,-1,-1
59,487,2537.67,582.00,42.47,84.14,0.56,-1,-1,-1
59,434,1109.12,602.48,43.21,64.44,0.48,-1,-1,-1
59,489,1425.64,486.22,33.41,63.54,0.59,-1,-1,-1
59,490,763.74,1200.84,80.65,146.96,0.65,-1,-1,-1
59,446,1410.07,517.45,68.31,48.62,0.44,-1,-1,-1
59,491,330.59,839.40,63.91,108.78,0.59,-1,-1,-1
59,447,1169.10,773.72,57.24,100.40,0.53,-1,-1,-1
59,492,523.63,561.84,65.75,57.14,0.69,-1,-1,-1
59,493,2635.36,350.04,45.85,66.99,0.74,-1,-1,-1
59,497,1271.23,547.73,35.51,66.31,0.58,-1,-1,-1
59,441,1297.76,524.90,33.52,66.36,0.56,-1,-1,-1
60,123,586.02,612.89,192.59,133.31,0.88,-1,-1,-1
60,381,313.52,647.76,92.16,64.86,0.55,-1,-1,-1
60,400,722.42,737.49,273.61,163.34,0.88,-1,-1,-1
60,401,803.94,803.40,292.33,175.64,0.78,-1,-1,-1
60,402,1826.71,508.50,176.97,93.64,0.87,-1,-1,-1
60,403,1508.33,558.24,249.28,99.13,0.90,-1,-1,-1
60,404,985.15,661.92,296.84,136.53,0.89,-1,-1,-1
60,405,65.12,1204.12,391.99,238.34,0.87,-1,-1,-1
60,406,2224.60,363.03,110.41,66.55,0.81,-1,-1,-1
60,407,2419.71,255.71,83.47,54.17,0.75,-1,-1,-1
60,409,759.28,504.53,212.26,121.88,0.91,-1,-1,-1
60,410,2055.92,434.56,185.00,73.66,0.89,-1,-1,-1
60,411,2041.17,375.66,104.97,71.45,0.82,-1,-1,-1
60,412,440.00,466.91,184.69,90.79,0.91,-1,-1,-1
60,413,586.83,374.33,113.23,84.57,0.76,-1,-1,-1
60,414,490.97,705.75,155.99,162.22,0.84,-1,-1,-1
60,415,2124.96,335.96,95.05,73.24,0.84,-1,-1,-1
60,416,1962.83,359.41,102.94,71.12,0.84,-1,-1,-1
60,417,388.85,1138.48,135.14,127.43,0.64,-1,-1,-1
60,418,2337.17,233.05,75.46,57.94,0.62,-1,-1,-1
60,419,837.25,1142.87,86.09,112.26,0.65,-1,-1,-1
60,423,552.36,321.13,70.66,66.74,0.69,-1,-1,-1
60,424,2304.93,273.74,53.84,49.00,0.56,-1,-1,-1
60,425,940.74,895.47,119.72,114.10,0.13,-1,-1,-1
60,430,433.03,601.07,43.23,81.50,0.65,-1,-1,-1
60,431,855.40,1334.79,72.01,157.09,0.56,-1,-1,-1
60,432,777.63,1047.39,52.64,116.26,0.64,-1,-1,-1
60,433,554.65,858.75,129.41,97.06,0.35,-1,-1,-1
60,435,2126.96,296.64,85.17,45.75,0.69,-1,-1,-1
60,438,1844.41,1384.32,118.99,127.68,0.57,-1,-1,-1
60,440,2205.90,592.62,62.04,89.85,0.32,-1,-1,-1
60,442,421.91,410.34,28.42,48.09,0.54,-1,-1,-1
60,443,2194.61,630.18,46.95,91.48,0.49,-1,-1,-1
60,445,1762.94,373.41,33.08,65.35,0.52,-1,-1,-1
60,449,421.05,816.49,141.45,104.99,0.62,-1,-1,-1
60,450,287.30,736.29,53.59,119.29,0.73,-1,-1,-1
60,451,1537.08,298.12,120.40,61.44,0.71,-1,-1,-1
60,453,2408.49,840.69,60.60,133.40,0.64,-1,-1,-1
60,455,853.48,349.74,24.49,55.91,0.49,-1,-1,-1
60,456,2206.87,949.49,64.93,129.43,0.42,-1,-1,-1
60,457,2367.94,389.42,30.21,52.22,0.27,-1,-1,-1
60,458,2208.56,280.86,61.33,37.98,0.34,-1,-1,-1
60,459,1610.82,1372.22,123.28,132.45,0.66,-1,-1,-1
60,460,2054.76,327.16,92.96,53.89,0.66,-1,-1,-1
60,461,774.60,1172.03,76.50,143.97,0.69,-1,-1,-1
60,444,2260.72,293.07,59.15,51.94,0.49,-1,-1,-1
60,463,530.57,533.91,37.76,72.64,0.62,-1,-1,-1
60,464,66.89,421.70,193.91,83.15,0.91,-1,-1,-1
60,465,1863.68,1355.52,96.78,151.21,0.53,-1,-1,-1
60,466,799.72,1102.22,48.81,102.63,0.45,-1,-1,-1
60,467,700.32,740.41,66.63,88.24,0.56,-1,-1,-1
60,470,2496.26,198.66,43.41,38.49,0.16,-1,-1,-1
60,471,929.71,1321.05,71.76,159.36,0.64,-1,-1,-1
60,366,2318.13,449.06,33.42,65.58,0.46,-1,-1,-1
60,474,2546.55,298.36,84.44,58.08,0.78,-1,-1,-1
60,476,1626.33,1332.57,85.15,139.66,0.61,-1,-1,-1
60,478,2363.97,413.97,32.25,44.65,0.21,-1,-1,-1
60,481,1114.11,852.25,62.41,104.17,0.42,-1,-1,-1
60,483,331.53,874.41,59.57,102.02,0.67,-1,-1,-1
60,484,2523.14,149.65,54.67,36.43,0.52,-1,-1,-1
60,485,851.77,491.58,23.68,42.14,0.10,-1,-1,-1
60,486,2581.23,744.07,50.66,101.37,0.66,-1,-1,-1
60,487,2536.05,585.41,40.44,79.90,0.57,-1,-1,-1
60,434,1101.52,602.62,42.26,62.99,0.57,-1,-1,-1
60,489,1432.66,485.87,32.61,62.03,0.47,-1,-1,-1
60,490,771.41,1208.27,83.65,149.73,0.82,-1,-1,-1
60,446,1413.91,517.55,72.18,51.06,0.22,-1,-1,-1
60,491,329.43,845.93,59.07,100.77,0.61,-1,-1,-1
60,447,1170.79,773.73,58.84,103.51,0.51,-1,-1,-1
60,492,528.70,564.97,62.86,54.36,0.79,-1,-1,-1
60,493,2634.13,350.02,46.63,66.81,0.76,-1,-1,-1
60,497,1269.17,548.04,38.20,71.36,0.43,-1,-1,-1
60,441,1296.56,525.30,31.94,62.70,0.39,-1,-1,-1
61,123,583.06,613.16,193.84,134.02,0.88,-1,-1,-1
61,381,309.67,647.04,94.91,66.79,0.50,-1,-1,-1
61,400,723.00,737.93,275.86,164.35,0.87,-1,-1,-1
61,401,792.89,804.17,305.99,185.68,0.88,-1,-1,-1
61,402,1832.14,504.39,177.79,95.09,0.89,-1,-1,-1
61,403,1519.96,555.55,247.77,99.16,0.89,-1,-1,-1
61,404,983.69,663.86,292.23,135.22,0.87,-1,-1,-1
61,405,55.56,1203.24,397.30,237.21,0.85,-1,-1,-1
61,406,2226.13,359.42,111.52,67.72,0.83,-1,-1,-1
61,407,2422.22,256.12,79.32,51.82,0.70,-1,-1,-1
61,409,771.37,506.95,210.93,120.97,0.89,-1,-1,-1
61,410,2064.43,433.73,181.89,73.22,0.88,-1,-1,-1
61,411,2037.55,375.31,107.60,73.62,0.80,-1,-1,-1
61,412,445.24,469.16,185.29,91.11,0.90,-1,-1,-1
61,413,584.51,373.98,114.37,85.73,0.74,-1,-1,-1
61,414,488.28,705.11,157.71,164.98,0.86,-1,-1,-1
61,415,2123.49,336.06,94.88,73.32,0.83,-1,-1,-1
61,416,1961.18,359.75,102.80,70.98,0.82,-1,-1,-1
61,417,378.10,1137.49,135.20,126.66,0.81,-1,-1,-1
61,418,2334.18,231.76,77.14,59.62,0.57,-1,-1,-1
61,419,834.04,1133.17,87.07,117.95,0.49,-1,-1,-1
61,423,549.90,321.28,71.58,67.43,0.72,-1,-1,-1
61,424,2301.67,273.17,54.75,50.06,0.55,-1,-1,-1
61,430,429.36,604.70,41.64,78.74,0.57,-1,-1,-1
61,431,857.15,1341.97,71.04,154.04,0.70,-1,-1,-1
61,432,781.53,1050.29,51.20,113.94,0.55,-1,-1,-1
61,433,545.35,859.94,128.51,95.68,0.86,-1,-1,-1
61,435,2124.46,296.20,86.04,46.39,0.67,-1,-1,-1
61,438,1857.63,1386.17,120.71,125.83,0.28,-1,-1,-1
61,440,2214.44,588.29,57.97,83.17,0.32,-1,-1,-1
61,442,422.99,414.40,28.21,46.75,0.59,-1,-1,-1
61,443,2196.43,623.05,45.41,88.30,0.31,-1,-1,-1
61,445,1761.12,373.29,32.81,64.76,0.56,-1,-1,-1
61,449,418.63,819.86,132.59,101.25,0.69,-1,-1,-1
61,450,286.77,736.80,53.19,118.30,0.74,-1,-1,-1
61,451,1535.55,298.62,120.48,61.29,0.73,-1,-1,-1
61,453,2404.67,839.89,62.52,137.98,0.63,-1,-1,-1
61,455,849.83,348.54,26.22,60.15,0.47,-1,-1,-1
61,456,2205.14,946.42,64.79,129.58,0.32,-1,-1,-1
61,457,2368.43,388.89,28.94,49.59,0.27,-1,-1,-1
61,458,2200.46,278.47,61.91,37.87,0.34,-1,-1,-1
61,459,1625.46,1378.78,124.90,132.15,0.42,-1,-1,-1
61,460,2066.14,326.87,90.29,53.38,0.32,-1,-1,-1
61,461,781.08,1180.27,80.54,150.30,0.65,-1,-1,-1
61,444,2259.36,295.60,57.89,51.02,0.50,-1,-1,-1
61,463,535.84,535.22,34.14,65.22,0.48,-1,-1,-1
61,464,73.29,423.36,194.18,82.90,0.91,-1,-1,-1
61,465,1881.41,1366.76,94.58,145.24,0.63,-1,-1,-1
61,466,795.83,1100.62,51.81,109.16,0.32,-1,-1,-1
61,467,696.41,739.47,67.67,88.93,0.55,-1,-1,-1
61,470,2488.12,198.29,46.02,39.73,0.28,-1,-1,-1
61,471,933.30,1327.18,72.82,160.52,0.67,-1,-1,-1
61,366,2317.51,446.12,33.01,64.25,0.43,-1,-1,-1
61,474,2545.73,298.20,85.10,57.66,0.78,-1,-1,-1
61,476,1646.25,1343.03,89.46,144.91,0.65,-1,-1,-1
61,478,2364.40,408.48,35.27,48.35,0.19,-1,-1,-1
61,481,1113.11,840.36,67.64,114.82,0.33,-1,-1,-1
61,483,329.87,882.67,58.77,100.58,0.63,-1,-1,-1
61,484,2520.33,149.70,55.11,36.53,0.33,-1,-1,-1
61,486,2578.63,744.15,51.37,102.51,0.68,-1,-1,-1
61,487,2533.10,582.97,41.43,81.87,0.59,-1,-1,-1
61,434,1092.63,602.96,44.53,66.70,0.52,-1,-1,-1
61,489,1438.18,486.75,32.54,61.54,0.57,-1,-1,-1
61,490,778.52,1212.89,86.80,152.96,0.73,-1,-1,-1
61,446,1421.84,518.01,72.88,50.99,0.44,-1,-1,-1
61,491,327.84,852.19,57.48,98.47,0.54,-1,-1,-1
61,447,1173.06,766.71,55.58,98.20,0.54,-1,-1,-1
61,492,531.22,565.43,63.33,54.62,0.78,-1,-1,-1
61,493,2632.68,349.24,47.83,67.09,0.78,-1,-1,-1
61,497,1266.73,545.10,40.18,75.14,0.53,-1,-1,-1
61,441,1293.56,524.19,33.50,66.34,0.36,-1,-1,-1
61,426,368.09,212.41,57.83,54.43,0.61,-1,-1,-1
62,123,581.10,613.55,196.25,135.56,0.87,-1,-1,-1
62,381,306.71,646.26,97.33,68.62,0.52,-1,-1,-1
62,400,722.04,738.12,276.55,164.55,0.86,-1,-1,-1
62,401,785.68,803.67,308.92,188.45,0.92,-1,-1,-1
62,402,1841.34,502.49,173.17,93.32,0.88,-1,-1,-1
62,403,1530.03,554.12,249.24,100.60,0.91,-1,-1,-1
62,404,981.07,664.18,293.61,136.79,0.86,-1,-1,-1
62,405,49.91,1205.87,395.61,230.96,0.84,-1,-1,-1
62,406,2229.74,356.68,110.21,67.38,0.83,-1,-1,-1
62,407,2426.73,255.13,77.94,50.74,0.66,-1,-1,-1
62,409,783.46,513.58,204.90,116.61,0.90,-1,-1,-1
62,410,2070.94,429.80,183.59,74.92,0.85,-1,-1,-1
62,411,2036.31,375.08,108.69,74.47,0.83,-1,-1,-1
62,412,452.14,471.01,184.83,90.66,0.89,-1,-1,-1
62,413,582.79,374.05,114.07,85.69,0.79,-1,-1,-1
62,414,486.98,706.80,156.98,164.77,0.85,-1,-1,-1
62,415,2122.75,336.63,94.05,72.88,0.81,-1,-1,-1
62,416,1961.46,359.51,103.20,70.92,0.81,-1,-1,-1
62,417,366.18,1135.34,135.45,126.11,0.76,-1,-1,-1
62,418,2332.65,231.20,77.14,59.94,0.59,-1,-1,-1
62,419,801.70,1120.54,95.70,127.44,0.64,-1,-1,-1
62,423,547.43,321.16,72.25,67.98,0.74,-1,-1,-1
62,424,2302.38,273.14,53.36,49.15,0.51,-1,-1,-1
62,430,427.13,608.46,39.36,74.07,0.53,-1,-1,-1
62,431,860.35,1348.25,68.86,147.54,0.63,-1,-1,-1
62,432,786.74,1054.09,49.55,110.92,0.42,-1,-1,-1
62,433,533.89,858.78,130.84,97.27,0.80,-1,-1,-1
62,435,2123.39,296.36,84.65,45.85,0.62,-1,-1,-1
62,438,1875.34,1400.04,112.48,111.96,0.31,-1,-1,-1
62,440,2216.78,584.25,56.44,80.07,0.29,-1,-1,-1
62,442,423.98,416.57,28.81,46.91,0.55,-1,-1,-1
62,443,2196.68,618.26,44.35,85.96,0.41,-1,-1,-1
62,445,1760.48,373.19,32.23,63.55,0.52,-1,-1,-1
62,449,411.92,814.77,132.67,104.68,0.58,-1,-1,-1
62,450,285.96,737.88,53.01,117.92,0.73,-1,-1,-1
62,451,1533.05,298.28,122.96,62.58,0.75,-1,-1,-1
62,453,2402.81,839.11,62.51,138.07,0.64,-1,-1,-1
62,455,846.28,349.49,27.63,63.38,0.50,-1,-1,-1
62,456,2203.36,940.07,65.56,131.82,0.37,-1,-1,-1
62,457,2368.76,387.74,28.31,47.97,0.30,-1,-1,-1
62,458,2205.63,279.34,58.45,36.32,0.45,-1,-1,-1
62,459,1645.80,1395.85,114.06,116.15,0.62,-1,-1,-1
62,460,2069.75,326.16,90.16,54.02,0.44,-1,-1,-1
62,461,787.23,1191.51,77.31,144.73,0.54,-1,-1,-1
62,444,2259.63,302.61,50.52,44.27,0.49,-1,-1,-1
62,463,537.95,533.85,36.64,70.92,0.62,-1,-1,-1
62,464,78.81,424.68,193.94,82.39,0.91,-1,-1,-1
62,465,1899.64,1378.23,91.37,133.77,0.53,-1,-1,-1
62,466,783.74,1084.75,65.62,140.55,0.47,-1,-1,-1
62,467,693.69,737.78,65.75,86.12,0.27,-1,-1,-1
62,470,2477.78,198.57,43.41,37.65,0.27,-1,-1,-1
62,471,936.90,1334.83,73.21,159.51,0.61,-1,-1,-1
62,366,2316.61,443.42,33.01,63.76,0.45,-1,-1,-1
62,474,2543.32,298.38,86.61,57.96,0.76,-1,-1,-1
62,476,1660.11,1353.22,89.64,145.88,0.54,-1,-1,-1
62,478,2364.32,405.84,36.04,49.05,0.14,-1,-1,-1
62,481,1117.61,839.86,66.00,111.59,0.59,-1,-1,-1
62,483,326.14,885.47,60.21,103.29,0.61,-1,-1,-1
62,484,2517.20,150.03,56.15,37.15,0.34,-1,-1,-1
62,486,2575.05,745.56,51.97,103.64,0.64,-1,-1,-1
62,487,2529.21,577.76,43.95,87.19,0.58,-1,-1,-1
62,434,1083.27,602.88,45.02,67.46,0.53,-1,-1,-1
62,489,1441.92,486.82,35.94,68.46,0.59,-1,-1,-1
62,490,786.75,1218.86,87.20,150.61,0.68,-1,-1,-1
62,446,1423.97,517.90,71.43,50.62,0.50,-1,-1,-1
62,491,326.03,860.08,58.09,99.71,0.57,-1,-1,-1
62,447,1174.04,762.51,55.80,98.71,0.53,-1,-1,-1
62,492,535.25,564.48,64.85,55.98,0.62,-1,-1,-1
62,493,2630.83,348.92,49.41,67.71,0.79,-1,-1,-1
62,497,1264.04,545.97,41.33,77.59,0.52,-1,-1,-1
62,441,1291.90,523.92,33.53,66.59,0.49,-1,-1,-1
62,426,366.54,213.72,58.12,53.81,0.63,-1,-1,-1
63,123,579.73,614.63,196.42,135.46,0.87,-1,-1,-1
63,381,305.64,646.77,96.82,68.26,0.59,-1,-1,-1
63,400,720.54,738.20,276.98,164.65,0.86,-1,-1,-1
63,401,779.57,803.60,307.95,187.84,0.93,-1,-1,-1
63,402,1849.12,499.74,171.38,92.94,0.88,-1,-1,-1
63,403,1542.40,553.71,246.52,100.18,0.91,-1,-1,-1
63,404,983.36,667.62,284.29,132.63,0.89,-1,-1,-1
63,405,35.87,1204.06,407.45,233.81,0.86,-1,-1,-1
63,406,2232.15,353.66,109.75,67.60,0.82,-1,-1,-1
63,407,2426.66,250.22,79.02,52.18,0.71,-1,-1,-1
63,409,792.27,516.61,204.23,115.30,0.90,-1,-1,-1
63,410,2077.62,426.87,182.90,75.51,0.84,-1,-1,-1
63,411,2034.22,374.80,109.35,75.14,0.84,-1,-1,-1
63,412,458.78,471.65,187.87,92.38,0.89,-1,-1,-1
63,413,581.77,374.22,112.79,84.74,0.83,-1,-1,-1
63,414,485.30,707.66,157.80,166.34,0.86,-1,-1,-1
63,415,2120.24,336.42,93.41,72.23,0.77,-1,-1,-1
63,416,1958.99,359.83,102.92,70.67,0.83,-1,-1,-1
63,417,357.05,1136.28,135.09,125.23,0.71,-1,-1,-1
63,418,2331.42,230.92,76.81,59.93,0.64,-1,-1,-1
63,419,782.41,1111.19,105.99,141.12,0.63,-1,-1,-1
63,423,546.34,322.24,71.25,66.80,0.74,-1,-1,-1
63,424,2297.10,274.83,52.49,47.95,0.32,-1,-1,-1
63,430,423.28,612.83,38.99,73.15,0.49,-1,-1,-1
63,431,861.92,1355.65,68.48,145.20,0.45,-1,-1,-1
63,432,788.82,1056.80,53.06,119.04,0.52,-1,-1,-1
63,433,526.07,857.20,130.18,96.65,0.64,-1,-1,-1
63,435,2122.39,296.10,84.50,46.06,0.67,-1,-1,-1
63,440,2220.55,583.28,54.10,76.36,0.32,-1,-1,-1
63,442,424.62,417.56,30.86,49.48,0.64,-1,-1,-1
63,443,2196.95,611.59,45.89,87.98,0.38,-1,-1,-1
63,445,1759.11,373.41,32.19,63.63,0.51,-1,-1,-1
63,449,409.62,816.89,123.50,100.68,0.57,-1,-1,-1
63,450,285.57,738.74,53.15,117.76,0.73,-1,-1,-1
63,451,1532.00,299.01,121.26,61.65,0.71,-1,-1,-1
63,453,2402.75,839.47,61.12,134.24,0.59,-1,-1,-1
63,455,844.09,347.04,27.69,63.71,0.39,-1,-1,-1
63,456,2202.23,936.73,64.73,130.25,0.74,-1,-1,-1
63,457,2367.77,386.68,30.21,51.05,0.31,-1,-1,-1
63,458,2204.91,278.66,58.37,36.77,0.32,-1,-1,-1
63,459,1665.90,1411.42,103.22,100.58,0.63,-1,-1,-1
63,460,2065.71,326.05,90.54,54.82,0.39,-1,-1,-1
63,461,792.63,1193.09,80.43,148.60,0.38,-1,-1,-1
63,444,2258.23,303.56,50.09,43.98,0.31,-1,-1,-1
63,463,542.30,533.85,36.52,71.36,0.57,-1,-1,-1
63,464,83.64,425.75,194.14,82.05,0.89,-1,-1,-1
63,465,1919.88,1389.39,83.91,122.29,0.58,-1,-1,-1
63,466,777.48,1085.27,60.97,131.72,0.19,-1,-1,-1
63,467,686.23,742.82,72.53,95.08,0.60,-1,-1,-1
63,470,2475.62,199.50,45.45,38.01,0.36,-1,-1,-1
63,471,938.30,1340.06,71.80,154.40,0.55,-1,-1,-1
63,366,2317.61,439.98,31.98,61.92,0.53,-1,-1,-1
63,474,2539.29,298.41,86.51,57.74,0.78,-1,-1,-1
63,476,1679.98,1364.91,86.99,141.46,0.59,-1,-1,-1
63,478,2362.63,402.15,37.46,50.98,0.11,-1,-1,-1
63,481,1121.99,844.57,62.38,104.42,0.54,-1,-1,-1
63,483,323.37,890.20,60.95,105.18,0.54,-1,-1,-1
63,484,2514.44,149.96,57.07,37.50,0.41,-1,-1,-1
63,486,2571.70,746.49,53.01,105.98,0.62,-1,-1,-1
63,487,2526.78,576.61,44.38,88.12,0.52,-1,-1,-1
63,434,1078.08,603.16,44.89,67.71,0.56,-1,-1,-1
63,489,1448.16,487.54,35.68,68.12,0.58,-1,-1,-1
63,490,798.52,1230.49,83.46,139.37,0.49,-1,-1,-1
63,446,1431.75,518.38,72.68,51.29,0.59,-1,-1,-1
63,491,323.47,866.21,59.22,101.98,0.64,-1,-1,-1
63,447,1178.85,759.40,51.02,90.07,0.52,-1,-1,-1
63,492,540.15,566.26,63.80,54.61,0.68,-1,-1,-1
63,493,2628.79,347.59,51.65,69.22,0.78,-1,-1,-1
63,497,1262.37,544.13,41.24,77.89,0.58,-1,-1,-1
63,441,1291.05,524.74,33.24,66.35,0.43,-1,-1,-1
63,426,363.20,209.67,62.22,57.67,0.67,-1,-1,-1
64,123,577.36,614.77,197.79,136.52,0.87,-1,-1,-1
64,381,305.46,649.72,94.41,66.24,0.55,-1,-1,-1
64,400,718.76,738.39,277.09,164.68,0.88,-1,-1,-1
64,401,774.23,805.33,306.45,186.16,0.90,-1,-1,-1
64,402,1856.36,497.10,169.51,92.61,0.89,-1,-1,-1
64,403,1554.42,552.43,243.27,99.41,0.92,-1,-1,-1
64,404,979.61,666.62,289.39,136.22,0.88,-1,-1,-1
64,405,25.26,1204.05,413.44,234.34,0.80,-1,-1,-1
64,406,2235.28,351.73,107.44,66.49,0.79,-1,-1,-1
64,407,2430.84,248.58,79.26,52.22,0.71,-1,-1,-1
64,409,803.68,518.29,206.86,116.19,0.89,-1,-1,-1
64,410,2085.20,424.68,180.12,75.30,0.79,-1,-1,-1
64,411,2033.02,374.77,108.49,74.93,0.84,-1,-1,-1
64,412,466.12,473.64,186.66,91.73,0.90,-1,-1,-1
64,413,579.84,374.78,111.62,83.86,0.83,-1,-1,-1
64,414,484.10,708.08,158.52,167.94,0.86,-1,-1,-1
64,415,2118.41,336.67,93.33,71.95,0.78,-1,-1,-1
64,416,1955.53,359.27,104.70,72.01,0.83,-1,-1,-1
64,417,344.87,1135.56,135.82,125.49,0.88,-1,-1,-1
64,418,2328.93,231.58,76.86,60.01,0.58,-1,-1,-1
64,419,770.75,1106.07,110.81,147.18,0.61,-1,-1,-1
64,423,545.48,322.94,70.67,66.02,0.77,-1,-1,-1
64,424,2296.07,275.54,52.09,47.57,0.37,-1,-1,-1
64,430,417.67,616.40,41.83,78.71,0.60,-1,-1,-1
64,431,865.30,1359.67,66.07,136.46,0.30,-1,-1,-1
64,432,789.46,1059.40,57.39,129.23,0.58,-1,-1,-1
64,433,514.78,855.18,131.84,97.72,0.60,-1,-1,-1
64,435,2121.35,295.87,82.93,45.35,0.70,-1,-1,-1
64,440,2226.42,583.44,51.64,73.34,0.45,-1,-1,-1
64,442,425.21,418.41,32.14,50.54,0.65,-1,-1,-1
64,443,2196.12,605.90,45.15,86.51,0.47,-1,-1,-1
64,445,1756.77,374.06,31.92,63.20,0.51,-1,-1,-1
64,449,405.62,815.09,118.81,100.54,0.59,-1,-1,-1
64,450,285.04,742.21,52.90,115.50,0.70,-1,-1,-1
64,451,1531.40,299.30,122.47,62.18,0.62,-1,-1,-1
64,453,2402.29,840.88,60.64,132.40,0.66,-1,-1,-1
64,455,841.90,345.26,28.02,64.40,0.28,-1,-1,-1
64,456,2201.15,932.04,64.42,129.53,0.72,-1,-1,-1
64,457,2367.31,385.66,31.19,52.58,0.23,-1,-1,-1
64,458,2205.13,279.71,57.99,36.94,0.47,-1,-1,-1
64,459,1685.35,1422.48,97.66,89.52,0.63,-1,-1,-1
64,460,2060.12,326.25,90.94,54.71,0.43,-1,-1,-1
64,461,807.96,1211.13,78.97,142.05,0.46,-1,-1,-1
64,444,2251.81,300.92,51.73,45.52,0.26,-1,-1,-1
64,463,546.56,533.60,36.66,71.69,0.67,-1,-1,-1
64,464,87.97,426.68,194.32,81.80,0.88,-1,-1,-1
64,465,1934.35,1400.63,80.30,110.92,0.52,-1,-1,-1
64,466,771.81,1087.32,58.67,127.73,0.42,-1,-1,-1
64,467,680.92,747.49,73.83,96.77,0.64,-1,-1,-1
64,470,2471.63,199.83,46.79,38.20,0.44,-1,-1,-1
64,471,942.74,1344.91,65.56,138.64,0.59,-1,-1,-1
64,366,2317.81,437.14,31.80,61.52,0.58,-1,-1,-1
64,474,2535.70,298.35,85.88,57.34,0.79,-1,-1,-1
64,476,1698.86,1370.71,87.74,141.10,0.53,-1,-1,-1
64,478,2361.57,397.81,39.04,53.61,0.10,-1,-1,-1
64,481,1126.40,847.02,58.78,97.60,0.61,-1,-1,-1
64,483,319.68,893.32,63.45,110.41,0.54,-1,-1,-1
64,484,2511.59,149.68,57.51,37.58,0.44,-1,-1,-1
64,486,2567.78,746.99,54.35,109.51,0.65,-1,-1,-1
64,487,2525.20,576.09,43.69,87.08,0.59,-1,-1,-1
64,434,1069.19,602.04,43.36,65.62,0.58,-1,-1,-1
64,489,1452.26,488.67,37.19,70.95,0.63,-1,-1,-1
64,490,808.86,1237.16,84.06,136.83,0.38,-1,-1,-1
64,446,1434.51,516.34,74.81,53.52,0.58,-1,-1,-1
64,491,320.63,871.55,60.82,104.95,0.64,-1,-1,-1
64,447,1180.65,758.72,49.74,87.76,0.43,-1,-1,-1
64,492,544.29,569.64,62.38,52.90,0.64,-1,-1,-1
64,493,2627.31,346.39,53.33,69.88,0.75,-1,-1,-1
64,497,1259.59,541.42,42.74,81.47,0.52,-1,-1,-1
64,441,1289.98,524.15,33.17,66.42,0.46,-1,-1,-1
64,426,360.76,209.78,63.15,58.49,0.50,-1,-1,-1
65,123,576.02,614.87,197.62,136.53,0.88,-1,-1,-1
65,381,303.67,649.60,93.82,65.47,0.55,-1,-1,-1
65,400,717.50,738.60,276.00,164.01,0.90,-1,-1,-1
65,401,773.24,809.56,302.80,183.04,0.88,-1,-1,-1
65,402,1863.12,493.66,168.37,92.67,0.88,-1,-1,-1
65,403,1566.98,551.78,239.99,98.73,0.92,-1,-1,-1
65,404,978.70,666.50,289.42,137.22,0.90,-1,-1,-1
65,405,21.25,1205.99,406.92,227.78,0.83,-1,-1,-1
65,406,2238.50,349.36,105.91,65.90,0.82,-1,-1,-1
65,407,2430.91,244.28,81.79,54.39,0.75,-1,-1,-1
65,409,811.88,519.64,210.15,117.53,0.90,-1,-1,-1
65,410,2092.54,421.76,176.87,74.90,0.78,-1,-1,-1
65,411,2031.52,375.13,107.46,74.43,0.83,-1,-1,-1
65,412,473.05,475.31,186.16,91.31,0.91,-1,-1,-1
65,413,577.94,374.83,111.28,83.54,0.80,-1,-1,-1
65,414,483.60,708.84,157.51,167.58,0.83,-1,-1,-1
65,415,2116.04,336.11,93.74,72.03,0.79,-1,-1,-1
65,416,1952.85,359.88,103.06,71.24,0.85,-1,-1,-1
65,417,335.32,1135.89,130.99,119.12,0.87,-1,-1,-1
65,418,2327.06,231.68,77.03,60.29,0.64,-1,-1,-1
65,419,763.38,1104.47,116.49,153.39,0.58,-1,-1,-1
65,423,543.74,323.15,71.33,66.52,0.71,-1,-1,-1
65,424,2297.21,276.06,50.23,46.08,0.47,-1,-1,-1
65,430,412.53,619.61,41.76,78.63,0.50,-1,-1,-1
65,431,863.45,1363.29,69.18,141.44,0.41,-1,-1,-1
65,432,800.29,1060.37,52.94,118.51,0.51,-1,-1,-1
65,433,505.31,855.58,130.39,96.25,0.42,-1,-1,-1
65,435,2118.93,294.97,83.81,46.08,0.71,-1,-1,-1
65,440,2226.14,578.47,52.40,74.59,0.41,-1,-1,-1
65,442,425.76,420.40,32.77,50.67,0.65,-1,-1,-1
65,443,2194.06,603.96,45.02,86.15,0.54,-1,-1,-1
65,445,1755.34,373.67,32.35,64.35,0.51,-1,-1,-1
65,449,407.02,823.53,105.36,92.06,0.54,-1,-1,-1
65,450,283.49,744.06,53.96,116.78,0.66,-1,-1,-1
65,451,1530.73,301.25,120.21,60.75,0.27,-1,-1,-1
65,453,2400.27,840.39,60.67,132.39,0.74,-1,-1,-1
65,455,840.32,346.35,25.59,58.26,0.24,-1,-1,-1
65,456,2199.94,928.81,63.90,128.41,0.64,-1,-1,-1
65,457,2366.67,384.81,31.74,53.39,0.29,-1,-1,-1
65,458,2194.93,277.10,60.32,38.87,0.42,-1,-1,-1
65,459,1706.54,1432.32,92.80,79.68,0.72,-1,-1,-1
65,460,2069.32,325.95,88.69,55.25,0.30,-1,-1,-1
65,461,821.79,1226.98,70.34,125.55,0.51,-1,-1,-1
65,444,2245.41,289.98,62.62,56.10,0.64,-1,-1,-1
65,463,551.62,536.00,34.91,67.91,0.61,-1,-1,-1
65,464,91.76,427.20,195.91,82.24,0.90,-1,-1,-1
65,465,1954.27,1413.15,75.30,98.85,0.56,-1,-1,-1
65,466,762.25,1086.86,63.30,139.46,0.48,-1,-1,-1
65,467,676.79,749.50,74.16,97.50,0.54,-1,-1,-1
65,470,2463.01,201.53,43.15,35.88,0.41,-1,-1,-1
65,471,945.55,1351.10,65.88,137.86,0.62,-1,-1,-1
65,366,2317.48,434.60,32.41,62.59,0.59,-1,-1,-1
65,474,2533.92,298.37,84.66,56.36,0.80,-1,-1,-1
65,476,1713.17,1386.81,84.60,125.19,0.55,-1,-1,-1
65,478,2360.52,394.58,39.93,55.37,0.18,-1,-1,-1
65,481,1129.39,850.20,55.88,92.23,0.59,-1,-1,-1
65,483,317.87,903.09,61.75,107.87,0.63,-1,-1,-1
65,484,2508.77,149.90,57.55,37.49,0.48,-1,-1,-1
65,486,2564.74,749.52,54.21,109.58,0.65,-1,-1,-1
65,487,2522.83,575.92,43.32,86.28,0.61,-1,-1,-1
65,434,1064.03,601.86,41.26,62.26,0.54,-1,-1,-1
65,489,1459.21,489.10,37.48,71.81,0.48,-1,-1,-1
65,490,822.47,1248.33,78.44,122.08,0.71,-1,-1,-1
65,446,1436.15,515.99,72.48,53.41,0.45,-1,-1,-1
65,491,318.60,877.58,61.71,106.71,0.65,-1,-1,-1
65,447,1181.90,758.58,50.27,88.66,0.28,-1,-1,-1
65,492,547.46,569.61,64.19,54.03,0.61,-1,-1,-1
65,493,2625.36,346.53,54.74,69.87,0.70,-1,-1,-1
65,497,1257.62,540.68,42.81,82.39,0.60,-1,-1,-1
65,441,1285.80,523.40,36.17,71.91,0.47,-1,-1,-1
65,426,358.78,210.16,62.68,57.97,0.47,-1,-1,-1
66,123,574.06,614.45,198.90,137.63,0.89,-1,-1,-1
66,381,301.92,650.21,94.85,65.91,0.60,-1,-1,-1
66,400,716.73,738.83,275.11,163.35,0.90,-1,-1,-1
66,401,767.62,812.40,305.83,184.03,0.89,-1,-1,-1
66,402,1870.68,490.58,166.19,92.13,0.88,-1,-1,-1
66,403,1576.86,550.39,238.57,98.67,0.91,-1,-1,-1
66,404,979.31,667.45,286.79,136.69,0.90,-1,-1,-1
66,405,16.20,1207.62,404.60,224.42,0.82,-1,-1,-1
66,406,2240.54,346.37,106.01,66.46,0.82,-1,-1,-1
66,407,2435.11,243.61,79.01,52.34,0.71,-1,-1,-1
66,409,819.62,520.13,215.17,120.02,0.91,-1,-1,-1
66,410,2102.66,420.70,170.79,73.34,0.81,-1,-1,-1
66,411,2028.73,375.39,107.25,74.25,0.83,-1,-1,-1
66,412,478.88,477.39,186.91,91.40,0.88,-1,-1,-1
66,413,576.90,374.90,111.84,83.89,0.79,-1,-1,-1
66,414,483.69,709.42,154.33,164.42,0.83,-1,-1,-1
66,415,2113.48,335.40,95.00,72.70,0.79,-1,-1,-1
66,416,1950.86,359.71,102.73,71.29,0.84,-1,-1,-1
66,417,323.54,1136.77,128.23,114.11,0.76,-1,-1,-1
66,418,2325.45,231.79,76.68,60.14,0.61,-1,-1,-1
66,419,760.71,1116.39,111.84,142.32,0.86,-1,-1,-1
66,423,542.27,323.67,70.98,66.11,0.70,-1,-1,-1
66,424,2295.24,277.84,48.49,44.25,0.54,-1,-1,-1
66,430,408.07,623.87,41.60,78.22,0.54,-1,-1,-1
66,431,867.79,1368.82,68.10,136.22,0.35,-1,-1,-1
66,432,805.10,1061.65,50.37,112.86,0.45,-1,-1,-1
66,433,495.20,854.29,131.31,96.67,0.37,-1,-1,-1
66,435,2117.12,294.93,84.39,46.57,0.61,-1,-1,-1
66,440,2226.63,570.05,55.61,80.35,0.49,-1,-1,-1
66,442,426.49,421.49,33.89,51.60,0.65,-1,-1,-1
66,443,2192.21,599.81,44.87,85.91,0.55,-1,-1,-1
66,445,1754.33,373.26,31.20,62.39,0.52,-1,-1,-1
66,449,396.66,804.58,109.57,100.68,0.50,-1,-1,-1
66,450,279.80,745.88,55.58,120.44,0.67,-1,-1,-1
66,451,1527.30,299.20,123.15,62.29,0.65,-1,-1,-1
66,453,2398.71,839.83,60.11,131.32,0.77,-1,-1,-1
66,455,838.70,348.24,25.01,56.75,0.20,-1,-1,-1
66,456,2199.44,927.44,62.40,125.21,0.45,-1,-1,-1
66,457,2367.29,383.67,30.37,50.45,0.37,-1,-1,-1
66,458,2197.12,277.25,58.69,38.49,0.44,-1,-1,-1
66,459,1726.55,1446.31,83.38,65.69,0.40,-1,-1,-1
66,460,2074.35,326.49,82.72,53.19,0.27,-1,-1,-1
66,461,830.57,1238.89,72.27,127.79,0.54,-1,-1,-1
66,444,2246.25,293.39,58.99,52.75,0.30,-1,-1,-1
66,463,556.03,537.33,32.42,62.45,0.65,-1,-1,-1
66,464,97.42,429.41,195.34,81.77,0.90,-1,-1,-1
66,465,1971.54,1424.96,69.67,87.04,0.30,-1,-1,-1
66,466,759.12,1086.39,61.57,135.39,0.51,-1,-1,-1
66,467,665.71,756.47,73.97,99.42,0.51,-1,-1,-1
66,470,2457.85,204.19,40.85,34.28,0.41,-1,-1,-1
66,471,948.57,1356.13,68.32,140.79,0.62,-1,-1,-1
66,366,2316.89,432.25,33.12,63.73,0.54,-1,-1,-1
66,474,2531.05,298.50,83.89,55.75,0.78,-1,-1,-1
66,476,1736.78,1399.24,77.72,112.76,0.58,-1,-1,-1
66,478,2360.58,394.00,39.25,54.73,0.29,-1,-1,-1
66,481,1130.66,840.00,58.22,96.50,0.38,-1,-1,-1
66,483,314.38,904.10,64.53,113.76,0.61,-1,-1,-1
66,484,2506.27,150.10,57.27,36.98,0.40,-1,-1,-1
66,486,2560.97,752.03,53.54,108.30,0.65,-1,-1,-1
66,487,2520.08,575.19,44.36,88.60,0.64,-1,-1,-1
66,434,1055.37,601.66,40.98,62.07,0.56,-1,-1,-1
66,489,1467.12,490.21,35.64,67.90,0.51,-1,-1,-1
66,490,833.35,1261.33,78.06,117.09,0.68,-1,-1,-1
66,446,1450.85,517.75,72.69,53.23,0.33,-1,-1,-1
66,491,317.60,882.17,61.13,105.90,0.55,-1,-1,-1
66,447,1182.92,756.82,52.55,92.89,0.12,-1,-1,-1
66,492,550.78,569.81,64.87,54.18,0.70,-1,-1,-1
66,493,2623.47,347.07,55.73,69.00,0.69,-1,-1,-1
66,497,1253.96,540.21,43.89,85.08,0.64,-1,-1,-1
66,441,1283.74,523.44,36.09,71.46,0.52,-1,-1,-1
66,426,358.73,214.52,59.11,53.73,0.54,-1,-1,-1
67,123,572.65,614.67,198.49,137.49,0.91,-1,-1,-1
67,381,300.44,650.21,94.07,64.94,0.68,-1,-1,-1
67,400,715.08,739.05,273.98,162.73,0.90,-1,-1,-1
67,401,757.87,813.81,309.53,185.57,0.88,-1,-1,-1
67,402,1878.27,488.09,162.80,90.96,0.89,-1,-1,-1
67,403,1588.89,548.20,235.97,98.21,0.91,-1,-1,-1
67,404,979.66,667.62,285.14,136.54,0.91,-1,-1,-1
67,405,11.22,1208.97,402.99,222.12,0.82,-1,-1,-1
67,406,2243.25,344.93,103.46,65.09,0.79,-1,-1,-1
67,407,2436.91,241.00,79.90,52.87,0.74,-1,-1,-1
67,409,827.96,522.21,216.49,120.16,0.89,-1,-1,-1
67,410,2107.24,416.17,171.20,74.78,0.82,-1,-1,-1
67,411,2026.14,375.53,107.40,74.29,0.84,-1,-1,-1
67,412,487.90,480.98,182.86,88.70,0.86,-1,-1,-1
67,413,575.84,375.26,111.46,83.68,0.83,-1,-1,-1
67,414,483.73,708.42,151.95,161.83,0.84,-1,-1,-1
67,415,2111.40,334.62,96.00,73.48,0.82,-1,-1,-1
67,416,1949.78,359.92,101.97,70.86,0.84,-1,-1,-1
67,417,311.22,1134.34,127.26,111.39,0.57,-1,-1,-1
67,418,2322.52,230.77,77.89,61.14,0.44,-1,-1,-1
67,419,759.03,1122.20,108.15,132.11,0.83,-1,-1,-1
67,423,538.95,323.34,73.30,68.32,0.75,-1,-1,-1
67,424,2292.17,277.38,49.71,45.25,0.45,-1,-1,-1
67,430,402.42,627.33,43.40,81.82,0.54,-1,-1,-1
67,431,868.13,1373.20,68.51,134.23,0.51,-1,-1,-1
67,432,805.66,1066.21,54.72,124.40,0.48,-1,-1,-1
67,433,485.49,853.09,131.75,96.89,0.48,-1,-1,-1
67,435,2114.32,295.94,84.06,46.70,0.62,-1,-1,-1
67,440,2228.71,563.04,56.54,83.18,0.46,-1,-1,-1
67,442,427.49,423.71,34.41,51.53,0.64,-1,-1,-1
67,443,2192.65,591.35,44.16,84.36,0.50,-1,-1,-1
67,445,1753.85,374.07,29.59,59.43,0.49,-1,-1,-1
67,449,398.06,811.27,101.22,96.81,0.63,-1,-1,-1
67,450,275.26,747.49,55.48,120.91,0.64,-1,-1,-1
67,451,1525.56,299.34,121.44,61.55,0.69,-1,-1,-1
67,453,2397.17,839.59,60.02,131.09,0.67,-1,-1,-1
67,455,834.48,344.17,26.21,59.57,0.29,-1,-1,-1
67,456,2197.53,926.72,62.30,124.98,0.31,-1,-1,-1
67,457,2366.83,382.34,30.35,50.06,0.32,-1,-1,-1
67,460,2052.55,326.71,86.40,55.90,0.60,-1,-1,-1
67,461,839.38,1246.06,72.79,128.61,0.62,-1,-1,-1
67,444,2242.58,290.55,61.56,55.87,0.54,-1,-1,-1
67,463,557.73,538.88,34.00,65.70,0.60,-1,-1,-1
67,464,101.68,430.30,198.65,83.21,0.89,-1,-1,-1
67,465,1978.11,1435.27,63.06,76.14,0.18,-1,-1,-1
67,466,752.98,1082.93,65.26,144.54,0.63,-1,-1,-1
67,467,663.47,756.78,75.55,102.62,0.49,-1,-1,-1
67,470,2454.10,202.80,42.29,35.99,0.45,-1,-1,-1
67,471,951.33,1360.40,69.07,140.52,0.68,-1,-1,-1
67,366,2314.15,433.83,33.61,63.52,0.54,-1,-1,-1
67,474,2528.42,298.70,83.85,55.68,0.78,-1,-1,-1
67,476,1750.53,1410.17,75.41,101.83,0.59,-1,-1,-1
67,478,2359.89,391.72,39.66,55.94,0.20,-1,-1,-1
67,481,1134.59,839.86,55.36,91.40,0.40,-1,-1,-1
67,483,312.18,907.07,65.59,116.38,0.59,-1,-1,-1
67,484,2506.49,149.69,54.90,35.15,0.33,-1,-1,-1
67,486,2557.61,754.64,53.04,107.80,0.58,-1,-1,-1
67,487,2518.37,576.81,43.31,86.66,0.61,-1,-1,-1
67,434,1046.87,602.01,43.05,65.62,0.54,-1,-1,-1
67,489,1474.37,491.70,35.94,68.45,0.43,-1,-1,-1
67,490,843.30,1272.80,79.19,114.41,0.85,-1,-1,-1
67,446,1460.63,519.48,70.42,50.94,0.37,-1,-1,-1
67,491,314.65,889.46,61.40,107.34,0.57,-1,-1,-1
67,447,1186.33,752.65,50.52,87.85,0.19,-1,-1,-1
67,492,555.05,570.77,64.27,53.23,0.52,-1,-1,-1
67,493,2621.74,348.06,56.44,67.47,0.69,-1,-1,-1
67,497,1250.77,540.64,43.95,85.73,0.62,-1,-1,-1
67,441,1282.04,523.56,39.39,78.08,0.56,-1,-1,-1
67,426,356.31,213.67,60.33,54.42,0.47,-1,-1,-1
68,123,571.69,614.83,197.91,137.21,0.91,-1,-1,-1
68,381,299.17,649.47,95.61,65.41,0.59,-1,-1,-1
68,400,712.88,739.15,273.12,162.25,0.90,-1,-1,-1
68,401,747.69,814.97,314.18,187.55,0.90,-1,-1,-1
68,402,1885.34,486.25,160.04,89.90,0.88,-1,-1,-1
68,403,1600.12,545.58,235.18,98.59,0.91,-1,-1,-1
68,404,982.64,668.67,280.65,134.41,0.91,-1,-1,-1
68,405,7.35,1209.99,401.19,220.15,0.82,-1,-1,-1
68,406,2245.47,342.89,101.32,63.84,0.81,-1,-1,-1
68,407,2438.23,238.23,79.88,52.75,0.76,-1,-1,-1
68,409,838.69,523.49,223.00,123.58,0.88,-1,-1,-1
68,410,2111.74,412.25,171.28,76.20,0.80,-1,-1,-1
68,411,2023.79,375.24,108.07,74.67,0.83,-1,-1,-1
68,412,493.87,482.29,188.39,91.35,0.86,-1,-1,-1
68,413,574.76,374.66,112.72,84.89,0.83,-1,-1,-1
68,414,483.45,708.56,149.59,158.96,0.82,-1,-1,-1
68,415,2109.46,334.47,95.88,73.54,0.84,-1,-1,-1
68,416,1948.26,359.61,102.33,71.20,0.83,-1,-1,-1
68,417,299.04,1132.83,129.66,111.25,0.62,-1,-1,-1
68,418,2320.59,230.31,77.57,60.75,0.43,-1,-1,-1
68,419,753.45,1119.52,109.87,129.96,0.82,-1,-1,-1
68,423,536.20,323.17,74.77,69.68,0.71,-1,-1,-1
68,424,2292.21,275.71,50.69,46.50,0.37,-1,-1,-1
68,430,396.48,631.07,43.30,81.27,0.52,-1,-1,-1
68,431,868.71,1379.97,68.27,131.00,0.16,-1,-1,-1
68,432,806.37,1069.48,54.10,122.64,0.48,-1,-1,-1
68,433,475.74,855.24,129.81,95.19,0.67,-1,-1,-1
68,435,2112.37,295.98,83.01,46.25,0.64,-1,-1,-1
68,440,2231.79,561.06,53.86,80.28,0.52,-1,-1,-1
68,442,429.32,425.87,35.01,51.76,0.64,-1,-1,-1
68,443,2191.94,586.30,43.60,82.76,0.55,-1,-1,-1
68,445,1752.54,373.83,29.15,58.78,0.49,-1,-1,-1
68,449,393.65,807.97,101.19,101.10,0.49,-1,-1,-1
68,450,272.22,749.76,55.78,122.41,0.61,-1,-1,-1
68,451,1523.89,298.83,122.32,62.11,0.61,-1,-1,-1
68,453,2395.14,840.54,59.56,129.91,0.63,-1,-1,-1
68,455,832.40,343.98,23.86,53.93,0.38,-1,-1,-1
68,456,2196.61,926.20,62.44,125.16,0.22,-1,-1,-1
68,457,2365.24,380.96,32.89,54.17,0.39,-1,-1,-1
68,460,2043.28,326.64,88.32,57.30,0.54,-1,-1,-1
68,461,850.84,1254.82,73.76,129.87,0.61,-1,-1,-1
68,444,2238.73,286.54,64.53,59.86,0.63,-1,-1,-1
68,463,562.03,539.43,35.50,68.69,0.60,-1,-1,-1
68,464,105.80,431.40,201.40,84.47,0.88,-1,-1,-1
68,465,2004.32,1448.23,53.81,61.34,0.18,-1,-1,-1
68,466,747.57,1083.60,61.67,136.57,0.55,-1,-1,-1
68,467,661.15,758.14,74.31,101.54,0.46,-1,-1,-1
68,470,2448.63,199.64,46.36,39.66,0.43,-1,-1,-1
68,471,954.72,1365.43,70.35,142.24,0.50,-1,-1,-1
68,366,2313.14,434.37,33.43,61.98,0.57,-1,-1,-1
68,474,2525.74,298.79,83.95,55.64,0.72,-1,-1,-1
68,476,1777.55,1423.95,68.41,88.05,0.55,-1,-1,-1
68,478,2359.03,387.27,41.48,59.36,0.21,-1,-1,-1
68,481,1139.11,846.75,50.24,81.65,0.27,-1,-1,-1
68,483,314.09,920.15,61.61,109.56,0.52,-1,-1,-1
68,484,2504.72,150.07,56.42,36.46,0.30,-1,-1,-1
68,486,2555.92,754.41,53.34,108.70,0.62,-1,-1,-1
68,487,2516.61,575.75,43.41,86.90,0.58,-1,-1,-1
68,434,1037.79,597.36,43.15,67.14,0.16,-1,-1,-1
68,489,1480.58,491.43,35.42,67.31,0.50,-1,-1,-1
68,490,851.05,1282.59,85.41,120.57,0.76,-1,-1,-1
68,446,1466.39,519.99,71.71,51.68,0.33,-1,-1,-1
68,491,313.52,895.59,60.97,107.60,0.64,-1,-1,-1
68,447,1189.87,750.92,50.18,86.18,0.30,-1,-1,-1
68,492,557.77,570.51,66.99,55.04,0.57,-1,-1,-1
68,493,2619.22,348.26,58.58,67.69,0.63,-1,-1,-1
68,497,1248.96,539.03,43.68,85.79,0.59,-1,-1,-1
68,441,1280.93,523.51,40.97,81.50,0.59,-1,-1,-1
68,426,352.67,209.22,64.56,58.53,0.45,-1,-1,-1
69,123,569.63,615.74,197.32,136.91,0.91,-1,-1,-1
69,381,293.78,647.63,99.83,68.10,0.52,-1,-1,-1
69,400,710.61,739.61,272.54,161.87,0.90,-1,-1,-1
69,401,739.51,818.34,317.92,189.65,0.92,-1,-1,-1
69,402,1892.14,482.07,159.50,90.21,0.86,-1,-1,-1
69,403,1609.47,542.22,235.62,99.50,0.91,-1,-1,-1
69,404,983.34,669.57,278.58,133.42,0.91,-1,-1,-1
69,405,0.00,1212.30,399.81,220.73,0.86,-1,-1,-1
69,406,2248.19,340.93,99.93,62.99,0.79,-1,-1,-1
69,407,2441.28,237.63,76.82,50.26,0.75,-1,-1,-1
69,409,847.66,526.42,227.94,126.25,0.84,-1,-1,-1
69,410,2118.81,410.20,164.90,74.56,0.81,-1,-1,-1
69,411,2022.37,374.92,108.19,74.77,0.85,-1,-1,-1
69,412,500.91,484.49,190.88,92.58,0.89,-1,-1,-1
69,413,573.28,374.95,112.67,84.95,0.81,-1,-1,-1
69,414,478.87,708.74,155.28,165.55,0.84,-1,-1,-1
69,415,2108.08,334.47,95.94,73.84,0.85,-1,-1,-1
69,416,1947.26,359.40,101.44,70.72,0.85,-1,-1,-1
69,417,285.03,1131.02,129.95,109.18,0.71,-1,-1,-1
69,418,2319.26,230.53,76.78,60.01,0.51,-1,-1,-1
69,419,748.15,1116.26,112.00,129.16,0.80,-1,-1,-1
69,423,534.02,322.70,75.06,70.17,0.73,-1,-1,-1
69,424,2288.83,276.28,50.05,46.32,0.49,-1,-1,-1
69,430,391.31,634.49,44.48,83.36,0.56,-1,-1,-1
69,431,871.04,1387.93,66.41,124.07,0.17,-1,-1,-1
69,432,810.32,1073.30,56.23,128.22,0.50,-1,-1,-1
69,433,465.67,854.55,131.73,96.48,0.44,-1,-1,-1
69,435,2110.17,295.20,82.85,45.88,0.47,-1,-1,-1
69,440,2234.83,561.53,50.50,75.54,0.39,-1,-1,-1
69,442,432.20,430.22,34.12,49.67,0.54,-1,-1,-1
69,443,2191.82,582.38,43.23,81.30,0.62,-1,-1,-1
69,445,1750.56,373.79,29.39,59.37,0.48,-1,-1,-1
69,449,390.13,802.64,100.68,105.03,0.48,-1,-1,-1
69,450,270.36,752.40,55.70,122.72,0.63,-1,-1,-1
69,451,1524.31,298.85,119.52,60.57,0.57,-1,-1,-1
69,453,2392.51,839.47,60.13,131.31,0.49,-1,-1,-1
69,455,823.65,341.44,26.64,60.02,0.35,-1,-1,-1
69,456,2196.11,925.03,62.29,125.06,0.13,-1,-1,-1
69,457,2365.15,380.13,32.79,53.86,0.41,-1,-1,-1
69,460,2042.29,325.81,88.74,56.86,0.53,-1,-1,-1
69,461,860.56,1264.81,77.41,134.90,0.57,-1,-1,-1
69,444,2239.03,286.88,63.21,59.67,0.45,-1,-1,-1
69,463,566.18,540.20,36.76,71.45,0.52,-1,-1,-1
69,464,110.83,432.78,201.26,84.57,0.88,-1,-1,-1
69,466,742.38,1086.55,61.70,136.27,0.45,-1,-1,-1
69,467,656.01,755.83,76.57,106.30,0.23,-1,-1,-1
69,470,2448.53,200.74,45.85,39.28,0.44,-1,-1,-1
69,471,957.25,1372.81,68.74,136.81,0.54,-1,-1,-1
69,366,2312.58,431.34,33.67,61.18,0.55,-1,-1,-1
69,474,2524.74,298.40,84.06,55.44,0.75,-1,-1,-1
69,476,1794.30,1436.57,61.36,75.43,0.39,-1,-1,-1
69,478,2359.12,386.35,40.48,58.61,0.13,-1,-1,-1
69,481,1141.57,843.22,51.00,82.25,0.44,-1,-1,-1
69,483,312.97,927.76,61.52,109.43,0.51,-1,-1,-1
69,484,2503.00,151.31,54.97,35.50,0.36,-1,-1,-1
69,486,2555.05,755.70,51.94,105.82,0.61,-1,-1,-1
69,487,2513.42,574.56,43.27,87.32,0.60,-1,-1,-1
69,434,1022.89,590.77,49.02,77.87,0.11,-1,-1,-1
69,489,1487.82,492.52,35.08,66.31,0.49,-1,-1,-1
69,490,862.90,1295.30,86.12,118.78,0.74,-1,-1,-1
69,446,1471.80,520.32,75.29,53.95,0.50,-1,-1,-1
69,491,311.52,901.41,63.91,113.66,0.64,-1,-1,-1
69,447,1192.32,746.66,49.69,84.79,0.28,-1,-1,-1
69,492,562.61,573.41,66.58,54.24,0.50,-1,-1,-1
69,493,2617.50,348.48,60.00,66.95,0.64,-1,-1,-1
69,497,1248.97,539.02,41.29,81.33,0.57,-1,-1,-1
69,441,1280.86,523.54,40.59,81.44,0.54,-1,-1,-1
69,426,351.17,209.07,64.62,58.71,0.55,-1,-1,-1
69,500,1007.28,639.75,85.73,65.49,0.69,-1,-1,-1
70,123,568.54,615.86,196.72,136.63,0.89,-1,-1,-1
70,381,290.40,646.23,105.23,71.21,0.33,-1,-1,-1
70,400,709.54,739.81,271.91,161.38,0.91,-1,-1,-1
70,401,728.19,821.53,318.61,189.94,0.91,-1,-1,-1
70,402,1897.80,477.66,159.31,90.86,0.85,-1,-1,-1
70,403,1623.32,540.12,230.01,97.66,0.90,-1,-1,-1
70,404,982.41,669.94,277.43,132.87,0.91,-1,-1,-1
70,405,0.00,1215.17,389.43,218.27,0.82,-1,-1,-1
70,406,2250.04,338.19,98.82,62.47,0.77,-1,-1,-1
70,407,2443.70,237.41,75.21,48.76,0.58,-1,-1,-1
70,409,859.94,529.61,223.70,123.32,0.83,-1,-1,-1
70,410,2123.01,406.28,164.22,75.77,0.84,-1,-1,-1
70,411,2021.03,374.85,108.32,74.85,0.86,-1,-1,-1
70,412,506.38,486.88,193.65,93.95,0.86,-1,-1,-1
70,413,571.90,375.78,112.51,84.81,0.80,-1,-1,-1
70,414,476.06,708.40,155.08,165.31,0.83,-1,-1,-1
70,415,2107.61,335.04,95.25,73.46,0.85,-1,-1,-1
70,416,1946.24,359.58,100.62,70.31,0.85,-1,-1,-1
70,417,270.40,1133.46,128.02,105.56,0.66,-1,-1,-1
70,418,2318.64,231.32,75.34,58.93,0.60,-1,-1,-1
70,419,743.87,1113.64,114.48,129.74,0.66,-1,-1,-1
70,423,532.86,323.10,74.47,69.84,0.77,-1,-1,-1
70,424,2285.77,274.32,51.18,47.71,0.49,-1,-1,-1
70,430,386.30,637.78,42.68,79.34,0.50,-1,-1,-1
70,431,872.74,1393.15,64.15,117.88,0.43,-1,-1,-1
70,432,816.50,1077.03,54.49,124.52,0.47,-1,-1,-1
70,433,453.24,851.94,134.58,99.45,0.65,-1,-1,-1
70,435,2107.19,294.88,84.71,46.84,0.63,-1,-1,-1
70,440,2237.24,559.95,48.89,73.49,0.44,-1,-1,-1
70,442,433.68,432.81,34.46,49.62,0.58,-1,-1,-1
70,443,2191.26,575.81,43.09,80.96,0.58,-1,-1,-1
70,445,1749.37,373.91,29.41,59.56,0.50,-1,-1,-1
70,449,386.89,793.59,93.39,101.78,0.51,-1,-1,-1
70,450,268.02,754.20,55.32,121.88,0.63,-1,-1,-1
70,451,1522.75,298.54,119.05,60.17,0.54,-1,-1,-1
70,453,2387.48,838.59,60.08,130.08,0.65,-1,-1,-1
70,455,820.05,342.23,25.55,57.14,0.18,-1,-1,-1
70,456,2195.55,923.80,61.36,122.94,0.49,-1,-1,-1
70,457,2363.93,379.02,34.23,56.47,0.43,-1,-1,-1
70,460,2032.90,325.05,83.90,54.78,0.11,-1,-1,-1
70,461,869.07,1272.80,78.31,135.31,0.57,-1,-1,-1
70,444,2238.50,285.87,63.69,61.08,0.34,-1,-1,-1
70,463,571.14,543.43,34.04,65.36,0.47,-1,-1,-1
70,464,115.73,434.81,199.72,83.91,0.89,-1,-1,-1
70,466,735.84,1085.86,58.76,131.25,0.40,-1,-1,-1
70,467,652.99,764.23,74.03,103.74,0.41,-1,-1,-1
70,470,2446.12,202.25,43.59,37.66,0.37,-1,-1,-1
70,471,961.31,1380.15,65.32,128.49,0.57,-1,-1,-1
70,366,2312.46,428.56,34.13,60.90,0.56,-1,-1,-1
70,474,2521.42,298.34,83.95,55.47,0.76,-1,-1,-1
70,476,1807.71,1447.37,53.01,63.94,0.46,-1,-1,-1
70,478,2358.96,384.98,39.78,58.30,0.20,-1,-1,-1
70,481,1143.20,834.81,53.84,86.60,0.49,-1,-1,-1
70,483,310.00,931.28,63.50,113.19,0.57,-1,-1,-1
70,484,2499.31,151.12,56.04,35.99,0.33,-1,-1,-1
70,486,2553.05,756.10,51.96,105.65,0.65,-1,-1,-1
70,487,2510.07,574.19,43.80,88.56,0.70,-1,-1,-1
70,489,1495.46,493.51,35.03,66.12,0.53,-1,-1,-1
70,490,868.41,1304.52,99.19,135.98,0.70,-1,-1,-1
70,446,1478.45,522.06,74.38,53.11,0.31,-1,-1,-1
70,491,310.91,908.57,63.34,112.71,0.70,-1,-1,-1
70,447,1191.30,744.98,54.22,92.92,0.24,-1,-1,-1
70,492,565.41,575.82,65.39,52.83,0.61,-1,-1,-1
70,493,2615.21,348.73,62.25,67.16,0.62,-1,-1,-1
70,497,1249.65,539.63,38.84,76.75,0.54,-1,-1,-1
70,441,1280.11,523.90,38.29,78.00,0.48,-1,-1,-1
70,426,347.76,208.26,65.66,59.88,0.41,-1,-1,-1
70,500,1000.12,639.41,86.17,65.73,0.74,-1,-1,-1
71,123,569.91,616.83,193.19,133.95,0.88,-1,-1,-1
71,381,288.60,640.07,122.22,82.06,0.34,-1,-1,-1
71,400,709.19,739.85,271.08,160.87,0.91,-1,-1,-1
71,401,717.34,824.54,317.89,189.53,0.91,-1,-1,-1
71,402,1904.31,473.36,160.49,92.30,0.83,-1,-1,-1
71,403,1637.16,537.91,226.50,96.71,0.91,-1,-1,-1
71,404,981.14,670.39,277.12,132.77,0.92,-1,-1,-1
71,405,0.00,1217.82,377.15,214.70,0.83,-1,-1,-1
71,406,2251.36,335.50,98.66,62.55,0.80,-1,-1,-1
71,407,2440.02,238.68,68.58,45.21,0.57,-1,-1,-1
71,409,874.16,532.08,219.18,120.42,0.89,-1,-1,-1
71,410,2128.84,402.93,160.96,75.73,0.86,-1,-1,-1
71,411,2019.75,374.88,108.71,75.23,0.84,-1,-1,-1
71,412,513.98,488.95,195.61,94.83,0.87,-1,-1,-1
71,413,569.91,375.93,111.65,84.13,0.82,-1,-1,-1
71,414,472.68,709.48,159.10,170.43,0.84,-1,-1,-1
71,415,2106.47,335.54,94.90,73.27,0.83,-1,-1,-1
71,416,1945.38,359.87,100.87,70.38,0.85,-1,-1,-1
71,417,254.03,1130.44,132.73,107.63,0.71,-1,-1,-1
71,418,2317.42,231.44,75.23,58.83,0.46,-1,-1,-1
71,419,733.89,1115.28,119.22,132.48,0.75,-1,-1,-1
71,423,531.61,323.21,74.09,69.55,0.77,-1,-1,-1
71,424,2283.88,274.26,50.61,47.43,0.48,-1,-1,-1
71,430,379.39,640.71,44.16,82.50,0.52,-1,-1,-1
71,431,877.14,1402.56,58.58,104.83,0.54,-1,-1,-1
71,432,818.93,1080.64,55.58,125.54,0.53,-1,-1,-1
71,433,443.10,851.52,133.43,99.38,0.67,-1,-1,-1
71,435,2104.42,294.71,85.99,47.67,0.44,-1,-1,-1
71,440,2238.95,555.35,49.63,75.06,0.45,-1,-1,-1
71,442,434.42,432.76,36.07,51.86,0.64,-1,-1,-1
71,443,2191.24,571.27,42.27,78.69,0.52,-1,-1,-1
71,445,1746.67,373.52,29.94,60.42,0.53,-1,-1,-1
71,449,384.43,786.71,105.83,119.39,0.36,-1,-1,-1
71,450,265.11,757.08,54.57,119.48,0.67,-1,-1,-1
71,451,1519.54,297.61,123.93,62.80,0.57,-1,-1,-1
71,453,2383.27,838.18,60.67,130.55,0.65,-1,-1,-1
71,455,816.48,339.93,27.67,61.75,0.29,-1,-1,-1
71,456,2195.38,921.15,61.81,123.08,0.39,-1,-1,-1
71,457,2363.80,377.63,34.29,56.74,0.38,-1,-1,-1
71,460,2046.70,325.68,84.25,54.96,0.39,-1,-1,-1
71,461,881.58,1281.85,77.88,134.48,0.56,-1,-1,-1
71,444,2240.64,295.23,54.84,51.86,0.42,-1,-1,-1
71,463,578.44,547.01,33.51,64.18,0.56,-1,-1,-1
71,464,119.81,436.11,200.67,84.51,0.90,-1,-1,-1
71,466,731.50,1084.22,57.14,126.93,0.40,-1,-1,-1
71,467,647.58,766.55,75.07,106.53,0.36,-1,-1,-1
71,470,2444.22,203.90,41.29,35.94,0.33,-1,-1,-1
71,471,966.46,1388.27,57.83,109.59,0.54,-1,-1,-1
71,366,2312.57,425.06,34.91,61.66,0.52,-1,-1,-1
71,474,2519.60,298.45,83.51,55.39,0.76,-1,-1,-1
71,476,1829.12,1460.02,46.63,51.97,0.29,-1,-1,-1
71,478,2359.80,385.53,38.10,56.25,0.19,-1,-1,-1
71,481,1144.14,826.33,57.04,92.16,0.48,-1,-1,-1
71,483,308.33,934.10,65.59,116.99,0.59,-1,-1,-1
71,484,2496.89,150.83,55.52,35.41,0.41,-1,-1,-1
71,486,2549.96,757.50,52.53,106.62,0.70,-1,-1,-1
71,487,2508.63,573.93,43.81,88.59,0.65,-1,-1,-1
71,489,1502.34,493.77,35.22,66.23,0.48,-1,-1,-1
71,490,875.16,1305.29,105.80,145.01,0.49,-1,-1,-1
71,446,1486.33,523.25,74.36,52.81,0.35,-1,-1,-1
71,491,309.52,914.26,63.75,113.99,0.61,-1,-1,-1
71,447,1194.51,748.83,53.66,91.92,0.30,-1,-1,-1
71,492,569.59,579.69,63.60,50.56,0.45,-1,-1,-1
71,493,2612.17,347.37,65.62,68.82,0.64,-1,-1,-1
71,497,1248.95,540.15,39.34,77.96,0.50,-1,-1,-1
71,441,1278.91,523.95,37.50,77.58,0.47,-1,-1,-1
71,426,346.26,208.96,64.67,58.88,0.48,-1,-1,-1
71,500,992.08,641.08,85.54,65.05,0.85,-1,-1,-1
71,501,2084.32,1328.16,151.80,145.00,0.62,-1,-1,-1
71,502,798.75,495.57,35.56,65.56,0.58,-1,-1,-1
71,503,3.11,430.73,32.50,63.48,0.62,-1,-1,-1
72,123,569.66,617.31,192.23,133.00,0.89,-1,-1,-1
72,381,278.33,635.11,127.46,86.22,0.48,-1,-1,-1
72,400,708.47,739.94,271.39,161.03,0.92,-1,-1,-1
72,401,709.83,828.75,314.63,186.98,0.92,-1,-1,-1
72,402,1912.48,470.50,157.39,91.13,0.83,-1,-1,-1
72,403,1648.67,535.91,223.53,95.88,0.91,-1,-1,-1
72,404,981.06,671.17,276.30,132.35,0.92,-1,-1,-1
72,405,0.00,1218.74,364.30,212.09,0.82,-1,-1,-1
72,406,2252.31,332.45,100.57,64.26,0.80,-1,-1,-1
72,407,2441.88,238.72,65.85,43.66,0.60,-1,-1,-1
72,409,886.27,532.81,217.25,118.70,0.87,-1,-1,-1
72,410,2136.16,401.53,153.90,73.56,0.83,-1,-1,-1
72,411,2018.07,374.90,108.39,75.21,0.83,-1,-1,-1
72,412,523.74,492.54,192.35,92.84,0.85,-1,-1,-1
72,413,568.40,375.84,111.37,83.85,0.86,-1,-1,-1
72,414,471.06,710.04,157.75,169.02,0.88,-1,-1,-1
72,415,2105.64,335.59,94.51,73.09,0.81,-1,-1,-1
72,416,1943.39,359.64,101.51,70.88,0.85,-1,-1,-1
72,417,238.14,1131.05,133.22,106.11,0.54,-1,-1,-1
72,418,2316.30,231.76,74.87,58.69,0.50,-1,-1,-1
72,419,717.08,1113.49,120.78,135.00,0.65,-1,-1,-1
72,423,530.74,323.74,72.77,68.27,0.79,-1,-1,-1
72,424,2281.35,272.31,51.42,48.64,0.51,-1,-1,-1
72,430,372.44,645.21,45.93,86.26,0.51,-1,-1,-1
72,431,884.29,1410.06,54.00,92.58,0.42,-1,-1,-1
72,432,823.62,1085.77,54.74,121.93,0.57,-1,-1,-1
72,433,428.83,841.74,142.60,107.49,0.43,-1,-1,-1
72,435,2103.08,294.54,85.85,47.72,0.67,-1,-1,-1
72,440,2240.02,551.66,49.06,74.19,0.50,-1,-1,-1
72,442,436.87,435.21,36.86,52.74,0.60,-1,-1,-1
72,443,2192.51,568.62,41.21,76.13,0.55,-1,-1,-1
72,445,1744.84,373.24,30.63,61.65,0.53,-1,-1,-1
72,449,385.76,786.52,107.08,123.63,0.18,-1,-1,-1
72,450,262.31,758.92,54.15,117.75,0.72,-1,-1,-1
72,451,1516.69,298.40,123.77,62.96,0.72,-1,-1,-1
72,453,2380.94,838.03,61.32,131.66,0.67,-1,-1,-1
72,455,813.79,339.72,27.38,61.21,0.40,-1,-1,-1
72,456,2195.35,918.42,61.79,122.31,0.45,-1,-1,-1
72,457,2365.80,375.35,32.37,53.88,0.44,-1,-1,-1
72,460,2037.77,324.69,87.38,56.52,0.56,-1,-1,-1
72,461,892.50,1291.72,76.98,132.21,0.57,-1,-1,-1
72,444,2237.36,293.88,56.40,53.24,0.60,-1,-1,-1
72,463,581.56,548.81,33.11,63.33,0.51,-1,-1,-1
72,464,124.36,436.69,203.17,86.07,0.91,-1,-1,-1
72,466,727.88,1084.76,57.32,125.78,0.44,-1,-1,-1
72,467,643.37,773.03,73.36,104.55,0.51,-1,-1,-1
72,470,2441.52,205.18,40.24,35.10,0.38,-1,-1,-1
72,471,968.84,1392.99,57.77,106.90,0.43,-1,-1,-1
72,366,2315.64,419.27,34.03,60.34,0.55,-1,-1,-1
72,474,2517.92,298.54,83.49,55.48,0.73,-1,-1,-1
72,478,2361.14,387.13,36.70,54.02,0.27,-1,-1,-1
72,481,1147.07,824.42,55.69,90.52,0.48,-1,-1,-1
72,483,307.17,939.19,65.84,117.58,0.66,-1,-1,-1
72,484,2495.01,150.33,54.30,34.46,0.28,-1,-1,-1
72,486,2546.67,759.68,53.12,107.13,0.75,-1,-1,-1
72,487,2507.26,573.67,44.14,89.60,0.65,-1,-1,-1
72,489,1509.48,495.50,34.94,65.49,0.52,-1,-1,-1
72,490,888.21,1321.32,107.25,146.09,0.69,-1,-1,-1
72,446,1490.80,520.14,79.31,56.81,0.29,-1,-1,-1
72,491,309.46,920.09,62.57,112.49,0.62,-1,-1,-1
72,447,1195.50,741.48,51.42,88.54,0.13,-1,-1,-1
72,492,574.59,581.28,62.06,48.69,0.20,-1,-1,-1
72,493,2610.77,348.69,67.12,68.32,0.66,-1,-1,-1
72,497,1247.12,540.79,41.17,81.99,0.53,-1,-1,-1
72,441,1277.61,524.22,37.02,77.67,0.42,-1,-1,-1
72,426,344.70,208.93,64.25,58.58,0.60,-1,-1,-1
72,500,986.61,644.38,84.25,63.77,0.73,-1,-1,-1
72,501,2072.82,1315.33,154.23,147.81,0.31,-1,-1,-1
72,502,796.46,495.74,34.20,63.06,0.51,-1,-1,-1
72,503,6.22,429.81,32.38,62.72,0.66,-1,-1,-1
72,504,1541.28,1379.11,80.54,126.75,0.66,-1,-1,-1
72,425,1016.77,856.00,101.95,99.04,0.70,-1,-1,-1
73,123,567.84,618.05,192.18,132.57,0.90,-1,-1,-1
73,381,278.16,639.76,127.92,86.15,0.11,-1,-1,-1
73,400,708.84,740.91,269.97,160.00,0.91,-1,-1,-1
73,401,705.35,834.89,311.63,184.68,0.91,-1,-1,-1
73,402,1921.10,469.26,152.36,88.54,0.84,-1,-1,-1
73,403,1661.11,534.34,219.17,94.24,0.90,-1,-1,-1
73,404,980.95,672.14,275.21,131.74,0.93,-1,-1,-1
73,405,0.00,1217.21,359.30,212.59,0.76,-1,-1,-1
73,406,2255.45,331.03,97.91,62.94,0.79,-1,-1,-1
73,407,2446.89,235.96,68.30,44.86,0.56,-1,-1,-1
73,409,898.39,533.81,220.94,120.64,0.86,-1,-1,-1
73,410,2142.83,400.54,147.36,71.38,0.82,-1,-1,-1
73,411,2016.44,374.93,107.80,75.00,0.82,-1,-1,-1
73,412,531.76,495.01,193.67,93.26,0.87,-1,-1,-1
73,413,566.65,374.95,112.43,84.60,0.87,-1,-1,-1
73,414,469.71,711.58,158.03,169.69,0.82,-1,-1,-1
73,415,2104.88,336.14,93.56,72.29,0.79,-1,-1,-1
73,416,1941.72,359.34,102.94,71.89,0.83,-1,-1,-1
73,417,226.48,1136.49,128.22,98.89,0.72,-1,-1,-1
73,418,2314.68,232.24,74.68,58.52,0.59,-1,-1,-1
73,419,706.31,1109.53,122.03,137.57,0.58,-1,-1,-1
73,423,530.02,324.39,71.45,66.88,0.80,-1,-1,-1
73,424,2282.57,275.52,47.71,45.24,0.37,-1,-1,-1
73,430,365.26,648.92,47.78,89.65,0.39,-1,-1,-1
73,431,887.38,1413.55,55.15,91.19,0.53,-1,-1,-1
73,432,828.27,1089.06,54.60,121.02,0.64,-1,-1,-1
73,433,423.05,846.49,134.88,102.33,0.21,-1,-1,-1
73,435,2102.87,294.28,83.81,46.52,0.60,-1,-1,-1
73,440,2242.55,550.29,46.93,70.77,0.51,-1,-1,-1
73,442,439.07,437.41,37.12,53.03,0.55,-1,-1,-1
73,443,2191.19,562.54,43.23,79.68,0.61,-1,-1,-1
73,445,1744.33,373.38,29.65,59.45,0.49,-1,-1,-1
73,450,259.21,760.21,54.25,117.38,0.72,-1,-1,-1
73,451,1514.41,298.19,124.55,63.71,0.56,-1,-1,-1
73,453,2377.64,834.94,64.11,138.71,0.63,-1,-1,-1
73,455,812.32,338.57,25.48,56.42,0.25,-1,-1,-1
73,456,2195.13,915.55,62.08,122.20,0.35,-1,-1,-1
73,457,2366.83,374.40,31.87,53.23,0.42,-1,-1,-1
73,460,2033.13,325.86,89.11,57.23,0.28,-1,-1,-1
73,461,900.22,1300.08,77.61,135.14,0.34,-1,-1,-1
73,444,2233.79,292.99,56.94,53.89,0.46,-1,-1,-1
73,463,587.52,548.90,32.06,61.09,0.33,-1,-1,-1
73,464,129.30,438.11,203.76,86.93,0.90,-1,-1,-1
73,466,725.54,1086.01,57.97,123.12,0.45,-1,-1,-1
73,467,638.89,772.75,73.75,105.43,0.30,-1,-1,-1
73,470,2439.12,206.26,39.33,34.22,0.41,-1,-1,-1
73,471,962.86,1364.50,73.90,139.63,0.29,-1,-1,-1
73,366,2314.77,420.10,34.13,60.03,0.53,-1,-1,-1
73,474,2516.77,298.35,83.37,55.46,0.74,-1,-1,-1
73,478,2363.15,390.95,33.65,48.79,0.16,-1,-1,-1
73,481,1150.68,826.50,51.99,83.78,0.37,-1,-1,-1
73,483,306.54,944.42,66.77,119.89,0.54,-1,-1,-1
73,484,2494.79,151.89,54.32,34.78,0.26,-1,-1,-1
73,486,2542.76,761.41,54.39,108.96,0.73,-1,-1,-1
73,487,2505.50,573.49,43.74,89.21,0.62,-1,-1,-1
73,489,1514.29,494.47,35.50,66.83,0.46,-1,-1,-1
73,490,888.55,1311.57,127.72,178.47,0.65,-1,-1,-1
73,446,1497.66,521.40,79.92,57.28,0.29,-1,-1,-1
73,491,309.53,926.27,61.81,111.49,0.56,-1,-1,-1
73,447,1196.06,749.70,53.43,90.84,0.24,-1,-1,-1
73,492,587.55,582.10,59.14,47.60,0.18,-1,-1,-1
73,493,2607.69,346.97,70.64,70.02,0.59,-1,-1,-1
73,497,1245.07,540.41,42.56,85.08,0.47,-1,-1,-1
73,441,1276.48,524.35,36.82,77.98,0.42,-1,-1,-1
73,426,343.49,208.81,64.81,59.18,0.45,-1,-1,-1
73,500,976.46,641.17,88.20,66.44,0.83,-1,-1,-1
73,501,2058.71,1312.92,143.43,137.43,0.67,-1,-1,-1
73,502,787.18,494.87,40.89,75.78,0.61,-1,-1,-1
73,503,9.95,430.31,32.94,62.58,0.73,-1,-1,-1
73,504,1530.59,1369.07,81.93,129.51,0.63,-1,-1,-1
73,505,1945.04,1296.68,114.22,158.00,0.57,-1,-1,-1
73,425,1021.38,854.51,99.33,97.46,0.72,-1,-1,-1
74,123,566.27,618.25,193.35,133.16,0.88,-1,-1,-1
74,381,262.46,634.05,132.43,91.41,0.35,-1,-1,-1
74,400,708.42,741.65,269.42,159.40,0.92,-1,-1,-1
74,401,698.22,838.54,312.18,184.50,0.90,-1,-1,-1
74,402,1928.56,467.27,149.80,87.36,0.86,-1,-1,-1
74,403,1674.17,532.43,216.13,93.13,0.92,-1,-1,-1
74,404,979.84,673.05,275.95,132.01,0.93,-1,-1,-1
74,405,0.00,1218.12,348.31,210.81,0.80,-1,-1,-1
74,406,2257.91,329.10,96.22,62.16,0.79,-1,-1,-1
74,407,2452.85,230.94,72.80,48.64,0.57,-1,-1,-1
74,409,912.36,534.99,219.03,119.44,0.89,-1,-1,-1
74,410,2147.32,396.90,147.02,72.38,0.84,-1,-1,-1
74,411,2016.12,375.17,106.36,74.23,0.82,-1,-1,-1
74,412,538.71,497.09,195.29,93.88,0.88,-1,-1,-1
74,413,564.17,374.85,113.76,85.37,0.85,-1,-1,-1
74,414,468.56,713.15,157.32,169.26,0.82,-1,-1,-1
74,415,2103.20,336.46,92.37,71.31,0.80,-1,-1,-1
74,416,1940.14,360.03,102.02,71.13,0.84,-1,-1,-1
74,417,206.27,1133.62,135.08,102.50,0.80,-1,-1,-1
74,418,2312.64,232.15,75.23,58.87,0.69,-1,-1,-1
74,419,700.45,1113.47,118.59,133.20,0.68,-1,-1,-1
74,423,528.85,324.61,71.71,67.06,0.80,-1,-1,-1
74,424,2283.19,276.37,46.38,44.10,0.37,-1,-1,-1
74,430,360.27,652.42,47.90,90.42,0.49,-1,-1,-1
74,431,888.43,1415.79,56.92,91.11,0.46,-1,-1,-1
74,432,834.53,1091.67,53.90,119.04,0.61,-1,-1,-1
74,433,421.39,855.30,120.02,90.70,0.73,-1,-1,-1
74,435,2103.19,294.30,81.46,44.93,0.63,-1,-1,-1
74,440,2242.99,548.99,46.04,68.80,0.59,-1,-1,-1
74,442,442.34,442.03,35.54,50.59,0.55,-1,-1,-1
74,443,2191.46,557.43,43.23,79.54,0.56,-1,-1,-1
74,445,1742.70,373.94,29.33,58.68,0.47,-1,-1,-1
74,450,256.48,761.99,54.56,117.40,0.75,-1,-1,-1
74,451,1511.84,296.49,127.69,65.91,0.63,-1,-1,-1
74,453,2376.22,833.47,64.35,139.60,0.64,-1,-1,-1
74,455,809.78,337.99,26.09,57.49,0.24,-1,-1,-1
74,456,2194.46,912.57,62.92,123.64,0.30,-1,-1,-1
74,457,2366.11,373.49,33.68,56.79,0.47,-1,-1,-1
74,460,2029.15,328.42,87.21,55.99,0.14,-1,-1,-1
74,461,915.82,1309.68,80.12,139.46,0.66,-1,-1,-1
74,444,2230.14,287.85,61.41,58.97,0.61,-1,-1,-1
74,463,590.98,550.58,32.65,62.26,0.60,-1,-1,-1
74,464,134.39,440.11,202.58,86.90,0.88,-1,-1,-1
74,466,715.74,1083.68,67.35,141.68,0.12,-1,-1,-1
74,467,635.42,787.06,67.91,97.39,0.41,-1,-1,-1
74,470,2435.30,205.82,41.21,35.62,0.42,-1,-1,-1
74,471,965.02,1361.94,74.34,139.84,0.38,-1,-1,-1
74,366,2314.48,418.85,34.60,60.34,0.50,-1,-1,-1
74,474,2515.40,298.66,83.09,55.22,0.72,-1,-1,-1
74,478,2363.12,388.97,34.28,49.52,0.16,-1,-1,-1
74,481,1149.68,811.71,58.76,96.14,0.28,-1,-1,-1
74,483,307.03,957.34,64.68,115.63,0.56,-1,-1,-1
74,484,2492.39,151.45,55.49,35.78,0.33,-1,-1,-1
74,486,2539.93,762.75,54.83,109.09,0.69,-1,-1,-1
74,487,2504.22,574.82,42.32,86.32,0.59,-1,-1,-1
74,489,1521.49,495.91,35.23,66.05,0.57,-1,-1,-1
74,490,907.92,1335.27,122.37,168.95,0.32,-1,-1,-1
74,446,1505.50,525.21,77.28,54.91,0.51,-1,-1,-1
74,491,308.33,934.32,62.59,112.87,0.58,-1,-1,-1
74,447,1187.79,750.06,60.06,99.43,0.19,-1,-1,-1
74,492,587.71,585.80,58.03,45.38,0.21,-1,-1,-1
74,493,2605.47,346.26,73.17,70.69,0.64,-1,-1,-1
74,497,1242.45,539.58,43.28,87.20,0.44,-1,-1,-1
74,441,1274.63,525.56,37.28,79.46,0.44,-1,-1,-1
74,426,342.70,211.26,63.36,57.45,0.42,-1,-1,-1
74,500,969.80,642.39,87.94,65.79,0.82,-1,-1,-1
74,501,2044.84,1304.51,138.47,133.14,0.70,-1,-1,-1
74,502,783.57,495.40,40.92,76.36,0.59,-1,-1,-1
74,503,12.23,429.26,35.73,66.11,0.66,-1,-1,-1
74,504,1542.76,1361.77,91.31,143.65,0.62,-1,-1,-1
74,505,1929.94,1281.65,116.36,161.14,0.66,-1,-1,-1
74,425,1026.33,851.32,98.03,97.40,0.76,-1,-1,-1
74,449,376.80,778.85,89.35,108.17,0.64,-1,-1,-1
75,123,565.63,619.59,192.81,132.47,0.88,-1,-1,-1
75,381,253.25,629.90,132.33,93.95,0.40,-1,-1,-1
75,400,706.73,741.98,269.95,159.35,0.92,-1,-1,-1
75,401,687.07,839.22,316.05,186.03,0.89,-1,-1,-1
75,402,1935.71,464.51,147.69,86.36,0.86,-1,-1,-1
75,403,1683.84,529.65,215.42,93.18,0.91,-1,-1,-1
75,404,979.17,673.97,276.43,132.04,0.92,-1,-1,-1
75,405,0.00,1219.89,338.67,209.21,0.78,-1,-1,-1
75,406,2259.32,327.09,95.48,61.91,0.82,-1,-1,-1
75,407,2458.45,227.84,72.51,49.45,0.65,-1,-1,-1
75,409,922.96,535.61,222.76,121.31,0.93,-1,-1,-1
75,410,2150.24,392.78,145.42,72.90,0.84,-1,-1,-1
75,411,2015.05,375.33,105.34,73.65,0.81,-1,-1,-1
75,412,546.82,499.48,196.31,94.03,0.88,-1,-1,-1
75,413,561.49,374.51,115.63,86.90,0.84,-1,-1,-1
75,414,466.11,713.64,158.92,171.67,0.80,-1,-1,-1
75,415,2101.71,336.51,92.18,70.92,0.82,-1,-1,-1
75,416,1937.76,360.88,100.27,70.02,0.83,-1,-1,-1
75,417,189.75,1132.95,137.71,102.84,0.62,-1,-1,-1
75,418,2311.21,232.24,75.29,58.83,0.68,-1,-1,-1
75,419,697.03,1117.41,115.51,128.33,0.64,-1,-1,-1
75,423,526.88,324.04,72.53,67.84,0.78,-1,-1,-1
75,424,2282.93,280.10,42.63,40.39,0.34,-1,-1,-1
75,430,355.17,656.52,48.91,92.59,0.46,-1,-1,-1
75,431,890.94,1423.50,56.68,86.78,0.57,-1,-1,-1
75,432,838.53,1093.68,55.43,122.06,0.76,-1,-1,-1
75,433,415.90,854.63,118.66,90.09,0.79,-1,-1,-1
75,435,2101.22,294.63,82.27,45.26,0.61,-1,-1,-1
75,440,2243.06,542.58,48.50,72.82,0.58,-1,-1,-1
75,442,444.29,444.44,35.68,50.53,0.57,-1,-1,-1
75,443,2190.97,552.49,44.32,81.66,0.55,-1,-1,-1
75,445,1740.38,374.09,30.27,60.78,0.53,-1,-1,-1
75,450,253.42,763.24,55.50,118.51,0.74,-1,-1,-1
75,451,1510.84,296.34,127.91,66.41,0.64,-1,-1,-1
75,453,2376.21,834.01,62.70,136.14,0.66,-1,-1,-1
75,455,807.63,338.04,25.52,55.95,0.35,-1,-1,-1
75,456,2193.80,910.50,63.54,124.77,0.20,-1,-1,-1
75,457,2365.95,372.59,34.32,58.32,0.47,-1,-1,-1
75,460,2032.77,327.99,88.42,57.08,0.11,-1,-1,-1
75,461,929.14,1318.33,77.07,136.30,0.31,-1,-1,-1
75,444,2232.41,285.52,57.31,55.07,0.18,-1,-1,-1
75,463,593.70,552.24,33.39,64.27,0.58,-1,-1,-1
75,464,138.55,441.62,201.20,86.76,0.88,-1,-1,-1
75,466,707.12,1081.81,59.18,124.67,0.45,-1,-1,-1
75,467,630.36,790.72,68.46,98.89,0.54,-1,-1,-1
75,470,2432.82,205.44,42.94,36.84,0.49,-1,-1,-1
75,366,2314.24,418.06,34.18,59.09,0.44,-1,-1,-1
75,474,2513.77,298.81,82.30,54.60,0.74,-1,-1,-1
75,481,1152.82,808.59,58.33,95.82,0.36,-1,-1,-1
75,483,303.90,958.00,68.21,122.83,0.52,-1,-1,-1
75,484,2492.95,150.30,51.82,33.46,0.28,-1,-1,-1
75,486,2537.87,764.51,54.57,108.53,0.65,-1,-1,-1
75,487,2502.71,574.52,42.53,86.97,0.59,-1,-1,-1
75,489,1529.04,496.93,35.34,66.26,0.54,-1,-1,-1
75,490,921.00,1344.12,120.25,166.41,0.39,-1,-1,-1
75,446,1511.85,525.21,79.93,56.78,0.49,-1,-1,-1
75,491,306.23,942.53,67.06,121.50,0.61,-1,-1,-1
75,492,588.68,586.96,59.37,45.57,0.20,-1,-1,-1
75,493,2604.70,347.48,72.62,68.02,0.64,-1,-1,-1
75,497,1240.55,539.42,42.99,87.84,0.52,-1,-1,-1
75,441,1273.01,525.36,35.88,76.39,0.50,-1,-1,-1
75,426,341.34,213.21,62.70,56.30,0.31,-1,-1,-1
75,500,961.70,643.35,88.43,65.67,0.71,-1,-1,-1
75,501,2038.35,1299.28,130.10,125.73,0.67,-1,-1,-1
75,502,780.73,496.25,38.84,72.87,0.55,-1,-1,-1
75,503,14.54,427.94,38.74,69.16,0.76,-1,-1,-1
75,504,1543.76,1356.76,94.97,149.00,0.64,-1,-1,-1
75,505,1915.80,1274.50,113.78,157.61,0.64,-1,-1,-1
75,425,1031.31,851.70,94.36,94.15,0.74,-1,-1,-1
75,449,374.58,776.53,80.55,101.63,0.56,-1,-1,-1
76,123,565.48,621.05,191.76,131.30,0.88,-1,-1,-1
76,381,249.41,626.65,132.92,96.77,0.59,-1,-1,-1
76,400,704.98,742.09,271.09,159.85,0.91,-1,-1,-1
76,401,677.47,842.28,321.58,189.55,0.90,-1,-1,-1
76,402,1942.88,460.41,147.97,87.13,0.84,-1,-1,-1
76,403,1692.21,526.53,217.32,94.63,0.90,-1,-1,-1
76,404,977.02,673.74,278.34,132.89,0.92,-1,-1,-1
76,405,0.00,1225.11,327.55,205.00,0.81,-1,-1,-1
76,406,2260.21,323.50,96.55,62.96,0.80,-1,-1,-1
76,407,2461.10,223.20,72.65,50.72,0.68,-1,-1,-1
76,409,936.92,537.84,220.30,119.56,0.90,-1,-1,-1
76,410,2154.50,389.05,143.39,73.27,0.83,-1,-1,-1
76,411,2013.05,375.48,105.11,73.42,0.82,-1,-1,-1
76,412,555.72,502.56,197.30,94.20,0.90,-1,-1,-1
76,413,560.07,374.58,116.32,87.45,0.83,-1,-1,-1
76,414,465.60,714.14,158.23,171.62,0.82,-1,-1,-1
76,415,2099.68,336.12,92.85,71.30,0.80,-1,-1,-1
76,416,1936.23,361.33,99.32,69.44,0.82,-1,-1,-1
76,417,172.47,1136.52,138.43,101.00,0.72,-1,-1,-1
76,418,2309.34,231.86,75.60,59.05,0.61,-1,-1,-1
76,419,691.34,1125.97,111.16,120.52,0.72,-1,-1,-1
76,423,525.62,323.77,73.04,68.29,0.77,-1,-1,-1
76,424,2280.26,275.72,46.52,44.06,0.45,-1,-1,-1
76,430,347.41,659.24,48.67,92.19,0.41,-1,-1,-1
76,431,891.57,1429.79,55.96,82.04,0.56,-1,-1,-1
76,432,841.21,1096.82,57.59,125.96,0.63,-1,-1,-1
76,433,410.09,854.37,116.97,89.32,0.77,-1,-1,-1
76,435,2097.57,294.66,87.11,48.45,0.50,-1,-1,-1
76,440,2244.56,538.59,48.67,73.25,0.55,-1,-1,-1
76,442,445.82,446.96,36.21,50.94,0.49,-1,-1,-1
76,443,2192.11,548.30,44.52,81.99,0.61,-1,-1,-1
76,445,1738.94,373.69,31.11,62.54,0.49,-1,-1,-1
76,450,250.17,765.23,57.28,121.63,0.66,-1,-1,-1
76,451,1509.06,296.38,126.98,66.35,0.59,-1,-1,-1
76,453,2375.39,835.64,62.38,135.68,0.62,-1,-1,-1
76,455,805.47,338.30,26.33,57.63,0.46,-1,-1,-1
76,456,2192.42,908.81,63.32,124.16,0.18,-1,-1,-1
76,457,2365.74,371.92,34.88,59.73,0.45,-1,-1,-1
76,461,942.30,1325.68,85.10,150.38,0.57,-1,-1,-1
76,444,2230.77,298.18,48.32,46.58,0.53,-1,-1,-1
76,463,601.88,557.82,33.48,64.22,0.48,-1,-1,-1
76,464,143.15,443.06,201.30,87.20,0.88,-1,-1,-1
76,466,703.60,1082.52,56.42,118.88,0.44,-1,-1,-1
76,467,628.42,796.58,66.76,96.84,0.55,-1,-1,-1
76,470,2431.59,206.10,43.44,36.96,0.49,-1,-1,-1
76,366,2317.36,409.06,32.87,57.46,0.51,-1,-1,-1
76,474,2511.44,298.86,82.52,54.82,0.70,-1,-1,-1
76,481,1155.36,804.72,58.16,96.53,0.41,-1,-1,-1
76,483,303.13,964.05,68.92,124.45,0.61,-1,-1,-1
76,484,2491.13,151.60,47.38,30.39,0.20,-1,-1,-1
76,486,2534.24,766.35,54.12,107.11,0.71,-1,-1,-1
76,487,2500.57,573.03,42.74,87.83,0.57,-1,-1,-1
76,489,1536.92,497.13,34.96,64.74,0.54,-1,-1,-1
76,490,934.73,1362.50,109.78,149.50,0.44,-1,-1,-1
76,446,1518.93,526.13,80.01,56.67,0.64,-1,-1,-1
76,491,306.53,949.61,65.42,118.52,0.59,-1,-1,-1
76,492,590.28,586.18,63.09,48.29,0.11,-1,-1,-1
76,493,2603.28,348.30,73.64,66.99,0.66,-1,-1,-1
76,497,1239.51,539.48,42.60,88.24,0.53,-1,-1,-1
76,441,1270.39,525.48,36.45,77.61,0.49,-1,-1,-1
76,426,339.95,213.92,62.77,55.90,0.27,-1,-1,-1
76,500,954.53,644.89,87.44,64.31,0.68,-1,-1,-1
76,501,2024.82,1295.75,123.39,119.38,0.66,-1,-1,-1
76,502,780.64,494.15,35.82,67.09,0.42,-1,-1,-1
76,503,17.08,426.66,41.73,71.13,0.78,-1,-1,-1
76,504,1546.88,1350.60,100.30,156.82,0.59,-1,-1,-1
76,505,1904.40,1269.05,109.09,150.86,0.63,-1,-1,-1
76,425,1034.32,849.12,94.04,94.64,0.64,-1,-1,-1
76,449,373.17,775.30,75.47,98.80,0.48,-1,-1,-1
77,123,564.29,621.82,191.99,131.05,0.88,-1,-1,-1
77,381,249.48,632.84,122.60,90.45,0.60,-1,-1,-1
77,400,702.80,741.82,271.94,160.21,0.91,-1,-1,-1
77,401,669.60,844.84,321.09,188.36,0.92,-1,-1,-1
77,402,1949.71,456.91,146.58,86.59,0.85,-1,-1,-1
77,403,1702.66,523.63,218.15,95.70,0.92,-1,-1,-1
77,404,974.88,674.28,279.41,133.27,0.92,-1,-1,-1
77,405,0.00,1227.17,315.36,203.50,0.82,-1,-1,-1
77,406,2262.23,321.26,97.17,63.73,0.75,-1,-1,-1
77,407,2462.36,220.51,72.03,51.11,0.68,-1,-1,-1
77,409,948.48,542.10,218.29,117.90,0.92,-1,-1,-1
77,410,2158.49,386.10,141.28,73.58,0.77,-1,-1,-1
77,411,2012.10,376.08,104.41,72.87,0.85,-1,-1,-1
77,412,564.26,504.35,200.14,95.58,0.92,-1,-1,-1
77,413,558.35,374.43,116.59,88.05,0.79,-1,-1,-1
77,414,465.69,715.01,156.67,170.47,0.82,-1,-1,-1
77,415,2096.79,335.17,94.29,72.32,0.77,-1,-1,-1
77,416,1935.01,360.43,100.29,70.26,0.83,-1,-1,-1
77,417,156.45,1136.09,140.41,100.15,0.55,-1,-1,-1
77,418,2308.75,231.75,74.68,58.26,0.61,-1,-1,-1
77,419,687.76,1129.37,106.68,113.61,0.57,-1,-1,-1
77,423,524.46,324.28,72.93,68.28,0.72,-1,-1,-1
77,424,2274.84,271.36,50.92,48.31,0.66,-1,-1,-1
77,430,340.15,663.48,48.29,91.18,0.49,-1,-1,-1
77,431,892.18,1437.33,53.45,74.07,0.41,-1,-1,-1
77,432,844.71,1102.39,58.83,127.34,0.66,-1,-1,-1
77,433,402.15,850.77,118.57,91.77,0.73,-1,-1,-1
77,435,2095.40,294.73,86.52,48.29,0.59,-1,-1,-1
77,440,2245.95,535.07,48.28,72.89,0.53,-1,-1,-1
77,442,446.75,447.60,37.89,53.09,0.56,-1,-1,-1
77,443,2192.76,542.70,44.57,82.03,0.65,-1,-1,-1
77,445,1737.38,373.41,31.47,63.57,0.50,-1,-1,-1
77,450,245.95,767.29,58.48,124.16,0.66,-1,-1,-1
77,451,1507.47,296.69,126.71,66.53,0.64,-1,-1,-1
77,453,2373.14,836.82,63.33,137.87,0.62,-1,-1,-1
77,455,803.80,338.93,26.96,59.14,0.47,-1,-1,-1
77,456,2191.58,906.44,63.88,125.46,0.11,-1,-1,-1
77,457,2366.28,371.34,34.54,59.48,0.42,-1,-1,-1
77,461,954.37,1331.80,92.95,159.96,0.56,-1,-1,-1
77,444,2226.87,291.07,56.24,54.89,0.68,-1,-1,-1
77,463,605.37,558.33,33.89,65.05,0.49,-1,-1,-1
77,464,147.49,444.50,201.83,87.82,0.88,-1,-1,-1
77,466,697.88,1082.58,58.78,125.54,0.43,-1,-1,-1
77,467,622.49,794.97,70.70,103.66,0.40,-1,-1,-1
77,470,2427.58,204.74,45.07,38.42,0.54,-1,-1,-1
77,366,2317.83,404.79,34.15,60.73,0.52,-1,-1,-1
77,474,2509.42,298.91,82.67,54.93,0.69,-1,-1,-1
77,481,1157.96,800.88,57.17,95.64,0.46,-1,-1,-1
77,483,304.09,973.11,68.22,123.68,0.54,-1,-1,-1
77,484,2489.41,152.23,44.68,28.34,0.17,-1,-1,-1
77,486,2531.75,768.07,53.57,105.78,0.73,-1,-1,-1
77,487,2499.21,572.92,42.74,88.06,0.61,-1,-1,-1
77,489,1542.20,498.07,37.40,69.20,0.52,-1,-1,-1
77,490,951.07,1368.01,107.98,143.99,0.62,-1,-1,-1
77,446,1525.05,525.78,81.20,57.70,0.55,-1,-1,-1
77,491,306.78,955.40,65.00,118.31,0.54,-1,-1,-1
77,492,593.87,584.16,62.98,49.77,0.20,-1,-1,-1
77,493,2600.93,348.49,76.05,67.46,0.74,-1,-1,-1
77,497,1239.01,539.77,41.76,87.95,0.58,-1,-1,-1
77,441,1267.62,524.82,35.77,75.58,0.58,-1,-1,-1
77,426,337.31,210.06,65.93,58.87,0.54,-1,-1,-1
77,500,948.54,645.43,87.07,63.45,0.61,-1,-1,-1
77,501,2004.15,1279.10,128.61,125.08,0.58,-1,-1,-1
77,502,776.31,493.39,32.75,61.47,0.47,-1,-1,-1
77,503,18.91,425.20,45.25,73.11,0.73,-1,-1,-1
77,504,1537.94,1343.81,102.73,162.74,0.69,-1,-1,-1
77,505,1889.31,1251.79,112.36,156.00,0.57,-1,-1,-1
77,425,1037.20,842.84,95.39,97.13,0.72,-1,-1,-1
77,449,370.73,772.23,73.69,100.08,0.57,-1,-1,-1
77,506,1071.81,482.48,90.99,72.51,0.73,-1,-1,-1
78,123,562.35,621.73,193.64,132.01,0.88,-1,-1,-1
78,381,245.02,629.20,126.59,94.81,0.45,-1,-1,-1
78,400,701.90,741.56,274.09,161.42,0.91,-1,-1,-1
78,401,662.65,845.23,326.18,191.84,0.90,-1,-1,-1
78,402,1956.50,456.13,143.40,84.78,0.87,-1,-1,-1
78,403,1713.04,521.86,217.27,95.91,0.92,-1,-1,-1
78,404,972.27,674.81,280.85,133.80,0.91,-1,-1,-1
78,405,0.00,1231.43,300.60,198.41,0.80,-1,-1,-1
78,406,2264.21,319.66,95.48,62.95,0.77,-1,-1,-1
78,407,2463.99,218.37,70.66,50.73,0.70,-1,-1,-1
78,409,961.68,544.84,218.24,117.34,0.91,-1,-1,-1
78,410,2162.78,383.76,137.87,73.05,0.80,-1,-1,-1
78,411,2010.58,376.14,104.47,72.91,0.84,-1,-1,-1
78,412,571.72,505.67,205.09,97.90,0.91,-1,-1,-1
78,413,558.09,374.52,115.87,87.84,0.78,-1,-1,-1
78,414,465.57,715.53,154.60,168.58,0.79,-1,-1,-1
78,415,2094.14,334.98,95.12,73.06,0.79,-1,-1,-1
78,416,1932.96,360.16,100.70,70.68,0.82,-1,-1,-1
78,417,136.11,1136.31,142.84,99.77,0.64,-1,-1,-1
78,418,2306.86,232.08,74.05,57.90,0.66,-1,-1,-1
78,419,671.40,1116.19,122.37,131.82,0.34,-1,-1,-1
78,423,523.27,324.99,72.53,67.91,0.75,-1,-1,-1
78,424,2273.42,269.60,52.74,50.57,0.64,-1,-1,-1
78,430,332.35,667.30,47.61,88.93,0.44,-1,-1,-1
78,431,895.47,1446.49,50.27,64.54,0.50,-1,-1,-1
78,432,847.80,1107.30,59.13,127.55,0.67,-1,-1,-1
78,433,394.44,850.30,117.44,92.03,0.69,-1,-1,-1
78,435,2094.92,295.05,85.18,47.82,0.61,-1,-1,-1
78,440,2247.26,532.80,47.68,71.85,0.45,-1,-1,-1
78,442,449.28,450.05,38.18,52.95,0.57,-1,-1,-1
78,443,2194.23,538.82,44.01,80.85,0.57,-1,-1,-1
78,445,1736.57,373.85,30.62,61.87,0.48,-1,-1,-1
78,450,240.59,770.05,58.67,124.36,0.70,-1,-1,-1
78,451,1507.95,297.09,124.09,65.20,0.73,-1,-1,-1
78,453,2372.24,838.20,62.44,136.30,0.57,-1,-1,-1
78,455,802.09,338.18,26.99,59.47,0.49,-1,-1,-1
78,456,2190.01,903.96,64.60,128.07,0.45,-1,-1,-1
78,457,2366.59,370.55,34.21,59.13,0.41,-1,-1,-1
78,461,971.67,1342.13,90.46,153.13,0.63,-1,-1,-1
78,444,2224.37,287.46,59.53,58.94,0.66,-1,-1,-1
78,463,609.41,557.46,32.51,62.24,0.39,-1,-1,-1
78,464,152.76,446.50,201.32,88.16,0.89,-1,-1,-1
78,466,696.36,1083.20,59.87,127.89,0.43,-1,-1,-1
78,467,617.30,796.18,72.22,107.00,0.44,-1,-1,-1
78,470,2424.25,204.48,46.14,39.08,0.54,-1,-1,-1
78,366,2317.85,402.30,34.46,62.08,0.52,-1,-1,-1
78,474,2507.29,298.99,83.19,55.30,0.70,-1,-1,-1
78,481,1161.16,799.77,55.59,93.11,0.34,-1,-1,-1
78,483,304.78,984.75,67.54,121.98,0.42,-1,-1,-1
78,484,2487.28,151.93,52.80,34.11,0.22,-1,-1,-1
78,486,2530.50,768.74,53.14,105.48,0.69,-1,-1,-1
78,487,2496.68,572.56,42.73,88.37,0.70,-1,-1,-1
78,489,1550.74,500.18,36.19,66.31,0.52,-1,-1,-1
78,490,966.99,1372.73,107.29,139.27,0.68,-1,-1,-1
78,446,1532.99,527.93,78.42,55.25,0.56,-1,-1,-1
78,491,305.99,964.21,64.92,117.89,0.53,-1,-1,-1
78,492,600.21,584.79,60.38,46.63,0.10,-1,-1,-1
78,493,2598.47,348.31,78.47,68.00,0.72,-1,-1,-1
78,497,1237.91,540.37,40.71,86.92,0.58,-1,-1,-1
78,441,1266.25,524.99,35.08,73.27,0.59,-1,-1,-1
78,426,337.54,212.80,63.91,56.68,0.41,-1,-1,-1
78,500,940.45,645.40,86.80,62.73,0.29,-1,-1,-1
78,501,1990.73,1268.08,126.49,123.80,0.51,-1,-1,-1
78,502,769.14,493.27,39.02,74.24,0.65,-1,-1,-1
78,503,19.89,422.66,50.42,77.19,0.71,-1,-1,-1
78,504,1539.42,1335.59,95.64,153.08,0.68,-1,-1,-1
78,505,1878.20,1242.01,111.34,155.09,0.74,-1,-1,-1
78,425,1040.01,839.24,94.98,97.40,0.70,-1,-1,-1
78,449,367.92,769.37,73.44,103.41,0.60,-1,-1,-1
78,506,1065.10,482.35,89.76,71.52,0.44,-1,-1,-1
79,123,561.94,623.04,192.95,131.16,0.87,-1,-1,-1
79,381,240.02,627.71,122.98,94.03,0.44,-1,-1,-1
79,400,700.89,741.75,274.65,161.59,0.91,-1,-1,-1
79,401,653.59,846.43,329.34,193.98,0.87,-1,-1,-1
79,402,1963.90,453.27,141.02,83.50,0.87,-1,-1,-1
79,403,1724.76,520.37,213.92,95.15,0.90,-1,-1,-1
79,404,971.20,675.79,281.64,133.92,0.91,-1,-1,-1
79,405,0.00,1234.00,290.75,196.86,0.69,-1,-1,-1
79,406,2266.18,318.18,93.77,62.09,0.78,-1,-1,-1
79,407,2465.13,217.08,69.74,50.21,0.73,-1,-1,-1
79,409,973.72,545.79,220.53,118.48,0.90,-1,-1,-1
79,410,2166.76,381.24,134.01,72.08,0.82,-1,-1,-1
79,411,2007.83,375.61,105.19,73.36,0.85,-1,-1,-1
79,412,579.26,508.48,205.52,98.00,0.88,-1,-1,-1
79,413,557.58,374.71,116.11,88.33,0.79,-1,-1,-1
79,414,465.08,714.94,153.36,167.18,0.78,-1,-1,-1
79,415,2092.06,335.21,95.34,73.40,0.82,-1,-1,-1
79,416,1931.31,359.69,101.58,71.38,0.80,-1,-1,-1
79,417,114.17,1135.65,149.32,102.97,0.75,-1,-1,-1
79,418,2304.77,232.67,73.20,57.31,0.72,-1,-1,-1
79,419,665.17,1113.28,122.39,133.10,0.42,-1,-1,-1
79,423,520.91,325.33,74.20,69.55,0.74,-1,-1,-1
79,424,2270.84,269.46,52.89,51.00,0.67,-1,-1,-1
79,430,326.66,671.74,46.21,86.19,0.48,-1,-1,-1
79,431,900.04,1454.46,47.70,56.23,0.43,-1,-1,-1
79,432,851.44,1109.50,59.13,127.46,0.66,-1,-1,-1
79,433,386.93,844.35,120.60,96.26,0.64,-1,-1,-1
79,435,2093.60,294.59,85.50,48.13,0.67,-1,-1,-1
79,440,2247.71,531.36,47.03,70.58,0.44,-1,-1,-1
79,442,451.23,452.76,38.78,53.26,0.59,-1,-1,-1
79,443,2196.49,536.34,41.80,76.43,0.56,-1,-1,-1
79,445,1735.49,374.47,30.06,60.78,0.49,-1,-1,-1
79,450,235.92,772.19,59.63,126.29,0.76,-1,-1,-1
79,451,1508.22,297.89,122.57,64.36,0.62,-1,-1,-1
79,453,2370.24,838.06,62.26,136.08,0.57,-1,-1,-1
79,455,801.37,337.87,24.93,54.67,0.41,-1,-1,-1
79,456,2188.67,900.94,64.40,129.04,0.64,-1,-1,-1
79,457,2366.81,369.67,33.89,58.71,0.40,-1,-1,-1
79,461,984.32,1350.38,92.74,156.81,0.59,-1,-1,-1
79,444,2224.67,287.49,58.88,58.79,0.61,-1,-1,-1
79,463,614.38,558.20,32.77,62.54,0.22,-1,-1,-1
79,464,157.85,449.27,199.12,87.74,0.90,-1,-1,-1
79,466,696.26,1083.50,58.66,123.45,0.42,-1,-1,-1
79,467,613.43,796.86,72.48,108.47,0.42,-1,-1,-1
79,470,2421.32,203.59,47.84,40.27,0.46,-1,-1,-1
79,366,2319.36,399.88,32.69,59.34,0.49,-1,-1,-1
79,474,2505.69,298.68,83.62,55.56,0.69,-1,-1,-1
79,481,1164.14,802.44,52.62,87.51,0.39,-1,-1,-1
79,483,303.32,987.29,70.47,128.52,0.37,-1,-1,-1
79,484,2482.68,151.46,53.47,34.31,0.28,-1,-1,-1
79,486,2529.16,770.23,53.18,106.39,0.66,-1,-1,-1
79,487,2494.00,572.08,43.06,89.03,0.68,-1,-1,-1
79,489,1555.50,500.89,38.26,69.55,0.50,-1,-1,-1
79,490,985.70,1388.47,100.39,123.53,0.65,-1,-1,-1
79,446,1539.13,529.87,78.30,54.77,0.46,-1,-1,-1
79,491,303.69,973.17,68.79,125.70,0.60,-1,-1,-1
79,492,606.93,584.74,60.23,46.16,0.21,-1,-1,-1
79,493,2596.25,348.17,80.85,68.52,0.70,-1,-1,-1
79,497,1237.03,541.11,39.74,85.72,0.58,-1,-1,-1
79,441,1265.55,525.58,34.41,71.04,0.57,-1,-1,-1
79,426,336.96,214.05,62.93,55.63,0.29,-1,-1,-1
79,500,930.89,643.08,90.37,64.84,0.55,-1,-1,-1
79,501,1976.71,1263.52,120.71,117.94,0.68,-1,-1,-1
79,502,767.53,494.09,34.92,66.50,0.61,-1,-1,-1
79,503,21.07,422.52,54.36,78.40,0.73,-1,-1,-1
79,504,1541.32,1328.83,102.16,165.58,0.61,-1,-1,-1
79,505,1864.90,1235.72,108.50,151.16,0.62,-1,-1,-1
79,425,1044.07,839.60,92.43,95.33,0.66,-1,-1,-1
79,449,367.01,766.80,69.86,101.49,0.78,-1,-1,-1
79,506,1057.24,485.64,83.66,66.42,0.27,-1,-1,-1
79,507,2014.90,1233.75,66.80,133.48,0.59,-1,-1,-1
79,508,1951.93,323.86,28.31,51.24,0.51,-1,-1,-1
79,509,2475.21,175.00,46.27,42.45,0.60,-1,-1,-1
80,123,559.68,623.29,194.41,131.83,0.88,-1,-1,-1
80,381,234.66,624.95,123.06,96.35,0.35,-1,-1,-1
80,400,699.86,742.35,274.35,161.26,0.90,-1,-1,-1
80,401,642.47,851.42,329.23,194.35,0.87,-1,-1,-1
80,402,1969.80,450.11,140.44,83.26,0.83,-1,-1,-1
80,403,1736.18,518.87,211.30,94.64,0.91,-1,-1,-1
80,404,969.29,674.64,283.40,134.58,0.91,-1,-1,-1
80,405,0.00,1237.83,278.31,194.40,0.75,-1,-1,-1
80,406,2267.47,315.49,92.98,61.91,0.76,-1,-1,-1
80,407,2465.01,215.90,69.06,49.53,0.70,-1,-1,-1
80,409,987.77,550.23,218.75,116.65,0.85,-1,-1,-1
80,410,2170.90,379.32,130.49,71.20,0.82,-1,-1,-1
80,411,2006.59,375.47,105.28,73.40,0.85,-1,-1,-1
80,412,589.92,510.73,205.65,98.09,0.91,-1,-1,-1
80,413,556.89,375.12,115.71,88.31,0.81,-1,-1,-1
80,414,463.13,715.22,151.97,165.93,0.83,-1,-1,-1
80,415,2090.47,335.45,95.22,73.47,0.81,-1,-1,-1
80,416,1930.33,359.29,102.34,71.93,0.82,-1,-1,-1
80,417,88.74,1136.20,151.49,101.44,0.51,-1,-1,-1
80,418,2303.33,232.82,72.79,57.15,0.74,-1,-1,-1
80,419,663.51,1111.28,117.00,127.44,0.43,-1,-1,-1
80,423,517.52,324.49,77.01,72.35,0.72,-1,-1,-1
80,424,2267.27,269.06,52.82,50.91,0.72,-1,-1,-1
80,430,317.67,674.77,49.86,90.76,0.43,-1,-1,-1
80,431,901.74,1462.71,45.13,48.54,0.34,-1,-1,-1
80,432,854.34,1111.82,58.28,125.40,0.64,-1,-1,-1
80,433,379.75,837.56,125.02,101.72,0.59,-1,-1,-1
80,435,2092.35,294.69,85.64,48.33,0.68,-1,-1,-1
80,440,2249.34,531.31,45.53,67.75,0.56,-1,-1,-1
80,442,453.01,453.74,40.11,54.74,0.40,-1,-1,-1
80,443,2196.93,532.35,41.66,76.36,0.62,-1,-1,-1
80,445,1734.17,374.42,30.24,61.13,0.48,-1,-1,-1
80,450,233.10,773.78,59.74,125.85,0.75,-1,-1,-1
80,451,1506.99,298.39,121.75,63.75,0.65,-1,-1,-1
80,453,2369.60,838.86,61.15,133.67,0.58,-1,-1,-1
80,455,800.74,337.18,24.01,52.08,0.47,-1,-1,-1
80,456,2188.44,897.56,63.40,128.67,0.54,-1,-1,-1
80,457,2368.13,369.33,32.44,56.07,0.40,-1,-1,-1
80,461,1005.90,1362.84,85.89,142.98,0.66,-1,-1,-1
80,444,2225.50,291.91,55.21,55.13,0.56,-1,-1,-1
80,464,161.80,450.90,199.75,88.73,0.90,-1,-1,-1
80,466,696.70,1079.79,56.36,115.97,0.51,-1,-1,-1
80,467,609.37,801.72,71.54,107.32,0.46,-1,-1,-1
80,470,2416.97,204.88,48.24,39.79,0.56,-1,-1,-1
80,366,2320.53,397.84,30.51,55.29,0.46,-1,-1,-1
80,474,2503.32,298.25,84.35,56.21,0.75,-1,-1,-1
80,481,1166.79,806.77,49.04,80.63,0.48,-1,-1,-1
80,483,304.19,1000.14,67.88,123.34,0.54,-1,-1,-1
80,484,2477.96,150.47,54.49,34.50,0.32,-1,-1,-1
80,486,2526.37,773.28,53.41,106.83,0.67,-1,-1,-1
80,487,2492.25,572.00,42.99,88.86,0.57,-1,-1,-1
80,489,1564.44,501.49,38.77,69.77,0.46,-1,-1,-1
80,490,1000.18,1405.79,92.70,106.21,0.55,-1,-1,-1
80,446,1544.69,531.45,80.93,56.38,0.49,-1,-1,-1
80,491,307.78,982.55,64.49,118.22,0.46,-1,-1,-1
80,492,609.04,581.70,63.65,51.12,0.32,-1,-1,-1
80,493,2594.37,348.05,83.55,69.43,0.65,-1,-1,-1
80,497,1237.47,542.06,37.53,80.89,0.56,-1,-1,-1
80,441,1265.30,526.97,35.86,73.90,0.58,-1,-1,-1
80,426,334.11,211.62,65.45,58.12,0.38,-1,-1,-1
80,500,921.97,643.59,90.83,64.48,0.54,-1,-1,-1
80,501,1955.31,1247.25,126.94,124.90,0.49,-1,-1,-1
80,502,766.69,494.85,30.45,57.57,0.53,-1,-1,-1
80,503,22.85,423.46,58.83,79.49,0.72,-1,-1,-1
80,504,1542.80,1321.67,103.29,170.47,0.59,-1,-1,-1
80,505,1850.75,1220.69,110.70,154.77,0.69,-1,-1,-1
80,425,1045.97,834.41,92.18,95.44,0.52,-1,-1,-1
80,449,366.02,763.00,67.44,100.60,0.75,-1,-1,-1
80,506,1052.46,497.27,70.24,55.24,0.56,-1,-1,-1
80,508,1946.47,320.60,28.24,51.17,0.43,-1,-1,-1
80,509,2472.84,176.37,45.56,41.74,0.61,-1,-1,-1
80,510,1869.44,1218.90,89.74,146.35,0.58,-1,-1,-1
81,123,557.54,622.39,196.91,133.29,0.88,-1,-1,-1
81,381,235.23,632.84,113.34,89.21,0.58,-1,-1,-1
81,400,700.02,743.95,272.02,159.50,0.91,-1,-1,-1
81,401,635.44,855.19,328.12,193.87,0.91,-1,-1,-1
81,402,1976.62,448.23,138.44,82.02,0.81,-1,-1,-1
81,403,1746.02,516.45,210.04,94.74,0.92,-1,-1,-1
81,404,965.88,673.93,287.68,136.88,0.91,-1,-1,-1
81,405,0.00,1238.17,267.84,194.09,0.76,-1,-1,-1
81,406,2269.73,313.62,90.91,60.72,0.78,-1,-1,-1
81,407,2465.35,214.17,68.46,48.88,0.72,-1,-1,-1
81,409,1003.58,555.55,214.45,113.26,0.85,-1,-1,-1
81,410,2174.22,376.56,129.09,71.50,0.81,-1,-1,-1
81,411,2006.51,375.41,104.22,72.53,0.87,-1,-1,-1
81,412,602.16,513.41,205.02,97.70,0.93,-1,-1,-1
81,413,556.34,375.07,115.75,88.57,0.79,-1,-1,-1
81,414,460.70,715.23,151.89,166.36,0.81,-1,-1,-1
81,415,2090.45,336.01,93.82,72.44,0.83,-1,-1,-1
81,416,1929.72,358.88,102.95,72.35,0.80,-1,-1,-1
81,417,74.97,1139.57,150.73,99.02,0.63,-1,-1,-1
81,418,2302.76,232.82,72.25,56.84,0.77,-1,-1,-1
81,419,666.78,1117.22,104.80,111.76,0.57,-1,-1,-1
81,423,515.56,324.47,77.50,72.89,0.68,-1,-1,-1
81,424,2263.44,268.56,54.05,51.92,0.61,-1,-1,-1
81,430,314.42,693.59,45.79,78.02,0.51,-1,-1,-1
81,432,855.67,1115.93,59.26,125.43,0.56,-1,-1,-1
81,433,375.51,833.20,125.36,104.01,0.68,-1,-1,-1
81,435,2091.76,295.02,84.65,47.82,0.69,-1,-1,-1
81,440,2251.37,517.99,48.36,73.08,0.57,-1,-1,-1
81,442,455.02,454.44,41.29,56.41,0.20,-1,-1,-1
81,443,2197.93,526.98,42.58,78.78,0.62,-1,-1,-1
81,445,1733.23,374.16,30.30,61.26,0.46,-1,-1,-1
81,450,227.51,775.31,61.28,128.19,0.72,-1,-1,-1
81,451,1507.00,299.05,120.17,62.63,0.63,-1,-1,-1
81,453,2368.29,839.94,60.12,131.14,0.67,-1,-1,-1
81,455,799.69,336.81,24.20,51.62,0.23,-1,-1,-1
81,456,2189.45,895.17,60.42,123.53,0.48,-1,-1,-1
81,457,2368.81,368.60,31.77,54.90,0.36,-1,-1,-1
81,461,1022.80,1374.81,80.43,132.35,0.54,-1,-1,-1
81,444,2226.38,297.96,49.34,49.15,0.47,-1,-1,-1
81,464,166.58,452.46,198.34,88.68,0.90,-1,-1,-1
81,466,694.45,1075.49,53.05,108.10,0.54,-1,-1,-1
81,467,605.40,805.88,72.12,108.15,0.53,-1,-1,-1
81,470,2415.39,206.38,47.80,38.91,0.60,-1,-1,-1
81,366,2320.64,395.21,30.95,56.44,0.41,-1,-1,-1
81,474,2502.30,298.21,83.77,55.96,0.73,-1,-1,-1
81,481,1167.67,802.64,50.31,82.69,0.51,-1,-1,-1
81,483,305.14,1009.86,67.72,123.00,0.47,-1,-1,-1
81,484,2474.43,149.75,55.78,35.00,0.36,-1,-1,-1
81,486,2524.70,775.94,53.03,105.81,0.60,-1,-1,-1
81,487,2491.57,573.58,42.21,87.63,0.53,-1,-1,-1
81,489,1570.82,501.66,40.15,71.89,0.49,-1,-1,-1
81,490,1013.08,1417.98,89.11,94.02,0.69,-1,-1,-1
81,446,1553.18,531.62,80.33,55.77,0.68,-1,-1,-1
81,491,305.14,988.31,63.32,116.24,0.47,-1,-1,-1
81,492,615.62,584.07,60.67,50.52,0.27,-1,-1,-1
81,493,2592.81,347.95,85.59,69.84,0.62,-1,-1,-1
81,497,1237.92,544.09,36.14,77.96,0.57,-1,-1,-1
81,441,1265.12,528.06,35.43,72.99,0.55,-1,-1,-1
81,426,332.98,212.24,64.84,57.74,0.35,-1,-1,-1
81,500,913.40,642.81,93.19,65.69,0.41,-1,-1,-1
81,501,1942.46,1222.82,125.37,127.42,0.56,-1,-1,-1
81,502,764.25,494.77,28.18,52.43,0.36,-1,-1,-1
81,503,24.10,424.19,63.54,80.33,0.76,-1,-1,-1
81,504,1546.41,1315.51,99.37,166.55,0.58,-1,-1,-1
81,505,1838.01,1213.83,110.09,153.67,0.64,-1,-1,-1
81,425,1049.51,831.88,91.87,95.77,0.49,-1,-1,-1
81,449,363.00,759.80,64.64,98.13,0.62,-1,-1,-1
81,506,1041.31,497.06,70.73,55.23,0.51,-1,-1,-1
81,508,1940.78,327.20,27.81,50.53,0.48,-1,-1,-1
81,509,2472.08,178.66,43.08,39.40,0.63,-1,-1,-1
81,510,1872.58,1211.10,87.78,143.52,0.53,-1,-1,-1
81,511,1221.93,571.11,79.05,58.21,0.58,-1,-1,-1
81,434,934.36,601.53,42.30,69.48,0.52,-1,-1,-1
82,123,556.81,622.64,197.20,133.16,0.88,-1,-1,-1
82,381,231.35,637.73,105.77,83.93,0.64,-1,-1,-1
82,400,700.00,744.75,271.11,158.57,0.90,-1,-1,-1
82,401,630.72,858.85,326.16,192.71,0.91,-1,-1,-1
82,402,1984.40,445.31,135.94,80.42,0.84,-1,-1,-1
82,403,1757.98,512.77,208.24,94.64,0.87,-1,-1,-1
82,404,964.12,673.58,289.62,138.10,0.90,-1,-1,-1
82,405,0.00,1240.86,255.89,192.90,0.76,-1,-1,-1
82,406,2273.02,312.45,88.82,59.43,0.78,-1,-1,-1
82,407,2467.17,212.78,67.38,47.94,0.69,-1,-1,-1
82,409,1016.15,556.20,217.06,114.00,0.88,-1,-1,-1
82,410,2178.30,373.43,127.15,71.57,0.82,-1,-1,-1
82,411,2006.49,375.37,102.92,71.38,0.88,-1,-1,-1
82,412,612.87,515.38,205.78,98.16,0.85,-1,-1,-1
82,413,555.75,375.27,115.46,88.45,0.80,-1,-1,-1
82,414,460.68,715.10,151.79,166.41,0.82,-1,-1,-1
82,415,2090.14,336.23,93.63,72.44,0.81,-1,-1,-1
82,416,1930.79,359.20,104.05,72.87,0.80,-1,-1,-1
82,417,56.36,1145.38,151.70,97.84,0.79,-1,-1,-1
82,418,2302.41,233.11,72.09,56.64,0.75,-1,-1,-1
82,419,667.44,1119.32,97.31,101.32,0.49,-1,-1,-1
82,423,515.80,324.98,75.80,71.50,0.66,-1,-1,-1
82,424,2261.47,268.57,54.43,52.07,0.61,-1,-1,-1
82,430,301.41,684.37,55.18,94.63,0.50,-1,-1,-1
82,432,858.04,1122.10,60.27,126.65,0.59,-1,-1,-1
82,433,369.55,827.79,125.28,106.81,0.53,-1,-1,-1
82,435,2090.82,295.40,84.38,47.72,0.67,-1,-1,-1
82,440,2253.18,515.08,48.62,73.10,0.27,-1,-1,-1
82,442,456.60,444.38,42.68,59.21,0.53,-1,-1,-1
82,443,2199.18,522.99,42.52,79.02,0.62,-1,-1,-1
82,445,1732.30,373.90,30.51,61.74,0.50,-1,-1,-1
82,450,222.69,776.43,61.14,127.04,0.74,-1,-1,-1
82,451,1503.78,298.69,123.32,64.31,0.58,-1,-1,-1
82,453,2366.74,839.83,60.52,132.19,0.64,-1,-1,-1
82,455,798.76,336.93,23.60,49.35,0.25,-1,-1,-1
82,456,2189.12,891.74,59.96,122.47,0.44,-1,-1,-1
82,457,2370.80,367.39,30.39,52.30,0.36,-1,-1,-1
82,461,1051.64,1383.14,77.22,121.82,0.57,-1,-1,-1
82,444,2226.31,301.92,45.96,45.66,0.47,-1,-1,-1
82,464,170.63,453.63,197.90,89.08,0.90,-1,-1,-1
82,466,690.31,1073.56,48.81,98.98,0.48,-1,-1,-1
82,467,601.79,807.77,72.92,110.27,0.48,-1,-1,-1
82,470,2414.96,208.66,46.10,37.02,0.63,-1,-1,-1
82,366,2320.91,393.21,31.34,57.65,0.43,-1,-1,-1
82,474,2501.18,298.06,84.00,56.21,0.75,-1,-1,-1
82,481,1168.79,797.80,51.14,84.31,0.50,-1,-1,-1
82,483,305.79,1025.16,66.16,119.56,0.56,-1,-1,-1
82,484,2473.24,150.11,56.19,35.02,0.32,-1,-1,-1
82,486,2522.94,778.39,53.04,105.32,0.57,-1,-1,-1
82,487,2490.95,574.62,41.60,86.89,0.53,-1,-1,-1
82,489,1577.88,501.52,41.54,74.44,0.48,-1,-1,-1
82,446,1559.73,531.61,81.50,56.72,0.51,-1,-1,-1
82,491,304.39,995.17,65.08,120.05,0.50,-1,-1,-1
82,492,625.06,587.07,61.96,52.05,0.16,-1,-1,-1
82,493,2591.96,348.32,86.36,69.11,0.66,-1,-1,-1
82,497,1237.53,544.84,36.15,78.25,0.54,-1,-1,-1
82,441,1264.11,528.69,36.53,75.60,0.51,-1,-1,-1
82,426,332.80,213.55,63.88,56.71,0.37,-1,-1,-1
82,500,906.10,642.74,93.95,65.73,0.58,-1,-1,-1
82,501,1930.76,1228.14,117.69,119.07,0.63,-1,-1,-1
82,502,759.82,493.94,28.56,52.75,0.52,-1,-1,-1
82,503,25.88,425.08,68.12,80.19,0.81,-1,-1,-1
82,504,1549.74,1309.03,97.04,164.85,0.78,-1,-1,-1
82,505,1826.26,1206.83,107.96,150.98,0.48,-1,-1,-1
82,425,1053.33,827.32,92.35,97.11,0.54,-1,-1,-1
82,449,361.62,757.47,62.51,96.26,0.58,-1,-1,-1
82,506,1033.00,493.68,75.47,58.50,0.34,-1,-1,-1
82,508,1936.76,331.67,27.33,49.82,0.47,-1,-1,-1
82,509,2471.30,178.88,42.80,39.06,0.64,-1,-1,-1
82,511,1224.31,571.38,78.56,57.91,0.28,-1,-1,-1
82,434,931.57,603.18,39.87,65.95,0.46,-1,-1,-1
83,123,557.32,623.69,196.91,132.51,0.87,-1,-1,-1
83,381,233.70,647.01,93.54,74.16,0.57,-1,-1,-1
83,400,699.38,745.06,270.66,157.92,0.90,-1,-1,-1
83,401,623.08,862.19,325.97,192.23,0.92,-1,-1,-1
83,402,1989.42,440.53,139.87,83.08,0.83,-1,-1,-1
83,403,1770.29,509.39,203.48,93.20,0.89,-1,-1,-1
83,404,963.66,673.77,289.20,137.60,0.91,-1,-1,-1
83,405,0.00,1243.39,244.34,190.29,0.73,-1,-1,-1
83,406,2275.53,310.48,88.33,59.17,0.81,-1,-1,-1
83,407,2466.28,209.50,69.61,49.48,0.61,-1,-1,-1
83,409,1030.41,557.99,217.70,113.68,0.87,-1,-1,-1
83,410,2182.30,370.55,124.38,71.03,0.84,-1,-1,-1
83,411,2006.18,375.22,102.34,70.68,0.88,-1,-1,-1
83,412,623.15,516.93,207.01,99.08,0.85,-1,-1,-1
83,413,556.34,375.87,114.03,87.49,0.79,-1,-1,-1
83,414,463.95,715.08,153.74,167.46,0.80,-1,-1,-1
83,415,2089.61,336.17,93.91,72.78,0.80,-1,-1,-1
83,416,1931.49,359.33,104.58,73.00,0.80,-1,-1,-1
83,417,38.10,1146.93,156.75,99.96,0.76,-1,-1,-1
83,418,2301.72,233.76,71.65,56.30,0.76,-1,-1,-1
83,419,662.12,1115.03,99.97,102.51,0.57,-1,-1,-1
83,423,516.02,325.27,74.74,70.70,0.67,-1,-1,-1
83,424,2260.99,268.33,53.78,51.14,0.66,-1,-1,-1
83,430,295.39,684.33,57.29,98.88,0.52,-1,-1,-1
83,432,861.73,1127.62,62.17,129.70,0.69,-1,-1,-1
83,433,367.22,825.76,121.99,106.30,0.55,-1,-1,-1
83,435,2089.98,295.41,84.88,48.11,0.64,-1,-1,-1
83,440,2256.35,517.71,45.11,67.15,0.23,-1,-1,-1
83,442,458.68,440.85,42.71,60.05,0.50,-1,-1,-1
83,443,2202.88,520.29,40.51,75.27,0.59,-1,-1,-1
83,445,1731.63,373.59,30.83,62.40,0.49,-1,-1,-1
83,450,217.54,780.92,59.11,122.40,0.73,-1,-1,-1
83,451,1503.91,298.63,124.60,64.88,0.54,-1,-1,-1
83,453,2365.46,839.35,60.77,133.04,0.63,-1,-1,-1
83,455,798.35,340.71,24.73,51.21,0.22,-1,-1,-1
83,456,2189.87,890.14,60.33,124.08,0.32,-1,-1,-1
83,457,2373.00,365.62,29.36,50.41,0.39,-1,-1,-1
83,461,1075.07,1415.47,67.46,94.78,0.50,-1,-1,-1
83,444,2225.44,302.64,45.42,44.99,0.46,-1,-1,-1
83,464,174.70,455.06,197.31,89.37,0.89,-1,-1,-1
83,466,683.87,1072.46,46.26,93.46,0.44,-1,-1,-1
83,467,600.22,811.84,71.01,108.07,0.42,-1,-1,-1
83,470,2411.84,208.24,47.82,38.00,0.59,-1,-1,-1
83,366,2322.11,391.59,30.70,56.73,0.38,-1,-1,-1
83,474,2500.37,297.93,83.90,56.23,0.74,-1,-1,-1
83,481,1170.83,793.53,51.44,85.00,0.46,-1,-1,-1
83,483,303.12,1025.19,70.45,127.60,0.51,-1,-1,-1
83,484,2471.13,150.39,58.36,36.22,0.43,-1,-1,-1
83,486,2523.33,779.51,52.70,104.49,0.56,-1,-1,-1
83,487,2490.20,573.14,41.78,88.10,0.52,-1,-1,-1
83,489,1583.66,501.91,42.22,75.83,0.54,-1,-1,-1
83,446,1568.47,533.07,81.25,56.40,0.38,-1,-1,-1
83,491,303.78,1003.78,67.99,125.50,0.66,-1,-1,-1
83,492,630.01,589.16,61.69,51.71,0.33,-1,-1,-1
83,493,2590.53,348.92,87.69,68.85,0.62,-1,-1,-1
83,497,1238.99,544.87,33.19,71.22,0.55,-1,-1,-1
83,441,1263.60,529.24,36.99,76.95,0.52,-1,-1,-1
83,426,332.53,213.93,63.40,56.31,0.43,-1,-1,-1
83,500,899.21,642.35,94.46,65.62,0.47,-1,-1,-1
83,501,1916.50,1223.58,116.82,117.83,0.68,-1,-1,-1
83,502,756.74,494.71,28.51,52.20,0.57,-1,-1,-1
83,503,27.11,425.83,73.21,80.33,0.82,-1,-1,-1
83,504,1553.52,1301.44,95.51,164.29,0.81,-1,-1,-1
83,505,1816.46,1200.68,104.61,146.22,0.57,-1,-1,-1
83,425,1057.23,827.10,89.66,94.72,0.58,-1,-1,-1
83,449,360.93,754.24,60.36,93.94,0.63,-1,-1,-1
83,506,1022.73,494.31,74.72,57.64,0.30,-1,-1,-1
83,508,1929.47,327.68,29.71,54.43,0.47,-1,-1,-1
83,509,2470.32,178.82,43.10,39.23,0.54,-1,-1,-1
83,511,1231.97,571.17,76.67,56.86,0.19,-1,-1,-1
83,434,924.16,605.61,46.17,77.20,0.42,-1,-1,-1
84,123,555.80,623.06,198.72,133.59,0.89,-1,-1,-1
84,381,228.99,645.85,92.99,74.34,0.73,-1,-1,-1
84,400,698.68,745.05,270.51,157.38,0.89,-1,-1,-1
84,401,614.77,863.90,326.99,192.23,0.93,-1,-1,-1
84,402,1996.86,437.56,137.38,81.81,0.83,-1,-1,-1
84,403,1781.18,506.41,202.00,93.28,0.90,-1,-1,-1
84,404,963.33,674.13,287.00,136.12,0.91,-1,-1,-1
84,405,0.00,1242.58,235.07,192.92,0.70,-1,-1,-1
84,406,2277.57,307.58,88.15,59.22,0.78,-1,-1,-1
84,407,2468.35,209.28,68.67,48.38,0.55,-1,-1,-1
84,409,1045.46,560.79,217.62,112.84,0.87,-1,-1,-1
84,410,2187.02,368.87,121.14,70.07,0.78,-1,-1,-1
84,411,2006.28,375.01,101.03,69.39,0.87,-1,-1,-1
84,412,635.62,519.14,207.22,99.26,0.90,-1,-1,-1
84,413,555.03,377.08,113.31,86.63,0.80,-1,-1,-1
84,414,471.50,715.45,157.52,168.07,0.81,-1,-1,-1
84,415,2089.44,336.17,93.57,72.62,0.78,-1,-1,-1
84,416,1930.88,359.59,104.97,73.02,0.81,-1,-1,-1
84,417,25.54,1150.72,151.09,95.44,0.82,-1,-1,-1
84,418,2300.69,234.21,71.69,56.32,0.70,-1,-1,-1
84,419,654.87,1117.28,100.67,102.29,0.63,-1,-1,-1
84,423,514.89,324.97,75.88,72.05,0.75,-1,-1,-1
84,424,2259.00,267.75,54.34,51.48,0.74,-1,-1,-1
84,430,287.38,684.36,59.06,103.05,0.52,-1,-1,-1
84,432,866.62,1130.73,59.05,121.65,0.52,-1,-1,-1
84,433,360.57,817.98,124.91,111.88,0.53,-1,-1,-1
84,435,2089.66,295.40,84.28,47.89,0.65,-1,-1,-1
84,440,2257.60,513.75,45.92,67.98,0.19,-1,-1,-1
84,442,465.10,458.18,39.39,54.33,0.55,-1,-1,-1
84,443,2204.69,516.87,41.22,76.52,0.62,-1,-1,-1
84,445,1729.11,372.96,31.83,64.38,0.52,-1,-1,-1
84,450,212.78,782.13,61.59,127.90,0.68,-1,-1,-1
84,451,1503.58,298.96,124.05,64.46,0.64,-1,-1,-1
84,453,2365.53,839.59,59.68,131.02,0.61,-1,-1,-1
84,455,794.25,339.06,26.28,53.83,0.16,-1,-1,-1
84,456,2188.61,888.43,59.96,122.99,0.17,-1,-1,-1
84,457,2371.17,365.17,32.69,56.33,0.39,-1,-1,-1
84,461,1087.76,1408.25,75.43,102.16,0.61,-1,-1,-1
84,444,2224.96,302.31,46.74,46.00,0.49,-1,-1,-1
84,464,179.04,456.18,197.13,89.91,0.90,-1,-1,-1
84,466,682.00,1071.81,42.83,86.04,0.42,-1,-1,-1
84,467,596.50,812.49,72.95,112.96,0.41,-1,-1,-1
84,470,2405.64,204.51,53.53,42.34,0.53,-1,-1,-1
84,366,2324.36,388.64,29.35,54.79,0.49,-1,-1,-1
84,474,2499.36,297.74,84.30,56.50,0.75,-1,-1,-1
84,481,1173.69,793.48,49.70,81.98,0.37,-1,-1,-1
84,483,302.46,1028.29,71.17,128.44,0.53,-1,-1,-1
84,484,2469.96,150.34,59.86,37.08,0.42,-1,-1,-1
84,486,2523.42,780.03,51.99,103.72,0.60,-1,-1,-1
84,487,2489.22,572.56,42.06,89.52,0.50,-1,-1,-1
84,489,1592.64,502.19,42.14,76.01,0.50,-1,-1,-1
84,446,1575.43,533.37,82.23,57.05,0.42,-1,-1,-1
84,491,303.37,1011.33,66.86,123.35,0.63,-1,-1,-1
84,492,634.97,588.55,61.56,52.03,0.27,-1,-1,-1
84,493,2589.59,349.37,88.93,68.62,0.62,-1,-1,-1
84,497,1239.62,545.31,31.90,68.17,0.49,-1,-1,-1
84,441,1263.05,529.26,36.15,75.38,0.46,-1,-1,-1
84,426,330.50,212.73,64.73,57.62,0.37,-1,-1,-1
84,500,892.85,640.71,96.24,66.54,0.36,-1,-1,-1
84,501,1901.92,1211.70,120.01,121.55,0.68,-1,-1,-1
84,502,752.90,494.65,27.34,49.72,0.55,-1,-1,-1
84,503,28.29,425.59,79.03,80.93,0.84,-1,-1,-1
84,504,1557.32,1293.35,96.27,168.35,0.71,-1,-1,-1
84,505,1805.39,1194.04,102.84,142.77,0.52,-1,-1,-1
84,425,1059.25,822.04,91.32,97.39,0.55,-1,-1,-1
84,449,359.69,751.58,61.48,97.04,0.65,-1,-1,-1
84,506,1018.37,496.56,73.19,55.50,0.34,-1,-1,-1
84,508,1925.46,326.93,29.99,55.09,0.49,-1,-1,-1
84,509,2470.08,179.65,43.85,39.86,0.43,-1,-1,-1
84,511,1234.59,570.93,76.28,57.08,0.16,-1,-1,-1
84,434,920.65,612.00,46.71,78.22,0.33,-1,-1,-1
84,512,1766.50,1416.73,83.35,94.45,0.60,-1,-1,-1
85,123,554.58,621.64,201.44,135.42,0.87,-1,-1,-1
85,381,229.04,640.71,97.73,77.97,0.71,-1,-1,-1
85,400,698.21,745.27,269.48,156.28,0.89,-1,-1,-1
85,401,607.34,865.61,327.44,191.44,0.94,-1,-1,-1
85,402,2003.97,435.19,135.67,80.77,0.86,-1,-1,-1
85,403,1793.56,503.58,198.76,92.34,0.89,-1,-1,-1
85,404,958.27,673.82,284.84,135.30,0.89,-1,-1,-1
85,405,0.00,1241.48,225.94,195.08,0.59,-1,-1,-1
85,406,2279.29,305.30,88.05,59.27,0.80,-1,-1,-1
85,407,2470.67,208.33,68.61,47.99,0.65,-1,-1,-1
85,409,1058.16,560.06,223.20,115.34,0.85,-1,-1,-1
85,410,2191.91,367.31,116.32,68.03,0.79,-1,-1,-1
85,411,2005.30,375.52,102.20,70.16,0.84,-1,-1,-1
85,412,645.77,522.35,206.12,98.36,0.88,-1,-1,-1
85,413,553.47,377.88,113.77,86.62,0.77,-1,-1,-1
85,414,469.79,716.13,159.87,168.69,0.82,-1,-1,-1
85,415,2089.16,336.58,92.84,72.09,0.79,-1,-1,-1
85,416,1927.89,359.39,104.71,72.89,0.82,-1,-1,-1
85,417,10.77,1152.17,151.87,95.34,0.62,-1,-1,-1
85,418,2299.65,233.36,73.04,57.59,0.68,-1,-1,-1
85,419,629.88,1115.98,120.65,126.76,0.53,-1,-1,-1
85,423,513.76,324.08,76.57,73.03,0.76,-1,-1,-1
85,424,2258.05,267.43,53.86,50.97,0.76,-1,-1,-1
85,430,283.38,695.05,54.09,93.31,0.63,-1,-1,-1
85,432,870.34,1134.90,59.97,123.53,0.53,-1,-1,-1
85,433,354.01,811.39,125.86,116.06,0.61,-1,-1,-1
85,435,2089.85,295.31,83.02,47.29,0.69,-1,-1,-1
85,440,2259.59,513.24,45.15,66.02,0.34,-1,-1,-1
85,442,469.37,465.39,38.90,52.68,0.65,-1,-1,-1
85,443,2206.92,511.13,40.07,74.17,0.58,-1,-1,-1
85,445,1727.98,372.96,31.56,63.68,0.48,-1,-1,-1
85,450,208.94,784.73,61.88,128.34,0.63,-1,-1,-1
85,451,1503.46,298.61,123.97,64.28,0.63,-1,-1,-1
85,453,2364.91,838.97,59.27,130.46,0.55,-1,-1,-1
85,455,795.82,339.82,27.07,55.81,0.34,-1,-1,-1
85,456,2188.32,887.58,59.58,122.49,0.48,-1,-1,-1
85,457,2371.36,364.61,33.62,58.07,0.42,-1,-1,-1
85,461,1102.51,1411.16,78.10,99.41,0.55,-1,-1,-1
85,444,2224.49,301.91,47.87,46.99,0.39,-1,-1,-1
85,464,183.17,457.29,197.34,90.61,0.88,-1,-1,-1
85,466,678.17,1072.36,44.92,89.65,0.43,-1,-1,-1
85,467,595.23,815.95,71.35,112.16,0.36,-1,-1,-1
85,470,2403.79,203.32,55.12,43.55,0.52,-1,-1,-1
85,366,2325.22,385.85,29.87,56.23,0.50,-1,-1,-1
85,474,2498.76,298.37,83.66,55.93,0.76,-1,-1,-1
85,481,1175.16,788.12,51.71,85.49,0.35,-1,-1,-1
85,483,302.98,1034.47,73.28,132.96,0.62,-1,-1,-1
85,484,2472.05,150.73,59.46,37.24,0.26,-1,-1,-1
85,486,2523.43,782.01,51.61,103.75,0.62,-1,-1,-1
85,487,2488.23,571.89,42.12,89.97,0.53,-1,-1,-1
85,489,1601.05,504.31,41.09,73.80,0.47,-1,-1,-1
85,446,1582.40,533.96,83.07,57.64,0.57,-1,-1,-1
85,491,303.30,1021.63,65.26,121.43,0.52,-1,-1,-1
85,492,645.50,591.71,60.53,50.52,0.23,-1,-1,-1
85,493,2589.44,350.00,89.00,67.33,0.64,-1,-1,-1
85,497,1239.79,545.99,30.28,64.22,0.47,-1,-1,-1
85,441,1262.93,529.85,35.20,73.35,0.47,-1,-1,-1
85,426,331.26,215.24,62.08,54.99,0.40,-1,-1,-1
85,500,884.17,640.46,97.43,66.90,0.37,-1,-1,-1
85,501,1886.71,1199.03,122.04,124.54,0.49,-1,-1,-1
85,502,749.69,495.01,26.24,46.76,0.34,-1,-1,-1
85,503,29.26,426.40,84.08,80.26,0.83,-1,-1,-1
85,504,1560.18,1286.50,99.91,177.29,0.76,-1,-1,-1
85,505,1792.64,1180.33,105.27,147.34,0.66,-1,-1,-1
85,425,1063.00,820.37,89.25,95.59,0.66,-1,-1,-1
85,449,359.25,748.30,60.65,96.28,0.64,-1,-1,-1
85,506,1007.71,492.84,77.25,58.23,0.32,-1,-1,-1
85,508,1922.83,327.67,29.18,53.92,0.53,-1,-1,-1
85,509,2469.30,179.33,43.44,39.56,0.38,-1,-1,-1
85,434,910.35,617.11,46.85,72.98,0.24,-1,-1,-1
85,512,1769.02,1406.52,90.81,103.14,0.62,-1,-1,-1
85,514,869.12,1158.13,67.11,108.94,0.61,-1,-1,-1
86,123,554.24,621.49,202.69,136.33,0.87,-1,-1,-1
86,381,232.83,647.96,89.30,70.06,0.58,-1,-1,-1
86,400,699.01,746.02,266.94,154.13,0.89,-1,-1,-1
86,401,600.12,869.07,329.65,192.82,0.93,-1,-1,-1
86,402,2011.98,432.68,132.20,78.58,0.84,-1,-1,-1
86,403,1806.48,502.30,194.43,90.89,0.89,-1,-1,-1
86,404,956.23,673.74,283.88,135.10,0.89,-1,-1,-1
86,405,0.00,1243.14,217.23,197.59,0.57,-1,-1,-1
86,406,2281.50,303.49,87.63,59.05,0.80,-1,-1,-1
86,407,2473.02,207.87,67.96,47.09,0.68,-1,-1,-1
86,409,1073.20,561.85,223.14,114.78,0.86,-1,-1,-1
86,410,2195.41,364.80,114.46,67.70,0.82,-1,-1,-1
86,411,2004.69,375.72,102.34,70.29,0.85,-1,-1,-1
86,412,657.42,526.22,204.69,97.13,0.86,-1,-1,-1
86,413,552.09,377.69,114.87,87.27,0.76,-1,-1,-1
86,414,466.78,716.71,161.94,169.97,0.82,-1,-1,-1
86,415,2088.01,336.66,92.49,71.71,0.79,-1,-1,-1
86,416,1926.54,359.49,104.15,72.55,0.83,-1,-1,-1
86,417,1.89,1159.79,141.47,88.08,0.60,-1,-1,-1
86,418,2298.46,232.58,74.08,58.56,0.69,-1,-1,-1
86,419,618.72,1108.31,125.82,136.12,0.69,-1,-1,-1
86,423,513.26,323.82,76.76,73.47,0.77,-1,-1,-1
86,424,2257.28,267.36,54.32,51.42,0.68,-1,-1,-1
86,430,280.13,701.07,50.98,87.73,0.59,-1,-1,-1
86,432,873.97,1138.98,60.82,125.44,0.60,-1,-1,-1
86,433,356.61,818.42,112.93,106.11,0.68,-1,-1,-1
86,435,2089.88,295.07,82.26,46.93,0.70,-1,-1,-1
86,440,2261.78,508.93,45.89,66.93,0.35,-1,-1,-1
86,442,472.70,468.22,40.55,54.24,0.55,-1,-1,-1
86,443,2208.94,507.15,39.18,72.42,0.52,-1,-1,-1
86,445,1727.74,373.32,31.06,62.48,0.46,-1,-1,-1
86,450,205.65,788.17,61.60,128.71,0.61,-1,-1,-1
86,451,1503.02,298.66,124.14,64.20,0.66,-1,-1,-1
86,453,2364.34,839.35,58.91,129.92,0.53,-1,-1,-1
86,455,795.71,341.16,26.84,55.60,0.32,-1,-1,-1
86,456,2188.74,886.77,59.60,122.80,0.56,-1,-1,-1
86,457,2373.12,362.32,33.30,57.90,0.44,-1,-1,-1
86,461,1129.41,1417.62,77.67,93.72,0.46,-1,-1,-1
86,444,2223.23,302.78,47.10,45.85,0.37,-1,-1,-1
86,464,188.95,458.99,195.80,90.49,0.87,-1,-1,-1
86,466,662.13,1072.17,58.45,115.13,0.51,-1,-1,-1
86,467,594.71,824.23,67.57,107.26,0.36,-1,-1,-1
86,470,2399.88,200.81,58.97,46.75,0.45,-1,-1,-1
86,366,2326.49,384.69,29.31,55.47,0.48,-1,-1,-1
86,474,2497.72,298.18,84.32,56.43,0.76,-1,-1,-1
86,481,1178.72,792.82,49.15,80.21,0.37,-1,-1,-1
86,483,306.52,1052.52,69.87,126.88,0.44,-1,-1,-1
86,484,2473.79,150.60,57.29,36.16,0.22,-1,-1,-1
86,486,2522.84,784.00,51.08,103.35,0.63,-1,-1,-1
86,487,2487.94,575.73,40.67,86.67,0.54,-1,-1,-1
86,489,1609.55,504.48,42.09,75.80,0.50,-1,-1,-1
86,446,1590.19,533.48,83.36,58.00,0.50,-1,-1,-1
86,491,305.15,1028.37,65.39,122.65,0.58,-1,-1,-1
86,492,655.41,596.23,59.21,49.29,0.25,-1,-1,-1
86,493,2589.08,350.96,89.25,66.15,0.66,-1,-1,-1
86,497,1241.59,547.16,30.22,62.57,0.43,-1,-1,-1
86,441,1263.10,530.38,33.48,69.22,0.41,-1,-1,-1
86,426,328.50,212.30,65.53,58.15,0.41,-1,-1,-1
86,500,877.40,641.91,97.33,66.54,0.33,-1,-1,-1
86,501,1877.33,1190.28,119.66,123.34,0.43,-1,-1,-1
86,502,744.35,493.80,26.87,47.33,0.48,-1,-1,-1
86,503,30.45,427.24,89.37,79.51,0.84,-1,-1,-1
86,504,1569.16,1281.95,92.22,163.57,0.67,-1,-1,-1
86,505,1784.51,1173.64,101.71,142.68,0.68,-1,-1,-1
86,425,1067.30,820.21,86.50,92.79,0.68,-1,-1,-1
86,449,357.24,744.98,58.99,94.63,0.59,-1,-1,-1
86,506,999.24,491.24,78.11,58.58,0.28,-1,-1,-1
86,508,1919.38,330.89,29.00,54.07,0.61,-1,-1,-1
86,509,2467.67,179.61,42.90,39.18,0.42,-1,-1,-1
86,434,902.13,614.29,49.71,76.80,0.36,-1,-1,-1
86,512,1770.38,1394.52,99.20,113.38,0.59,-1,-1,-1
86,514,871.89,1156.62,68.70,111.67,0.62,-1,-1,-1
86,510,1896.72,1169.58,74.59,121.89,0.54,-1,-1,-1
87,123,554.52,622.20,202.30,136.06,0.87,-1,-1,-1
87,381,227.18,644.73,94.42,73.61,0.55,-1,-1,-1
87,400,699.21,746.18,265.60,152.65,0.88,-1,-1,-1
87,401,594.69,871.62,331.55,193.61,0.93,-1,-1,-1
87,402,2019.09,431.19,130.65,77.71,0.85,-1,-1,-1
87,403,1816.68,500.34,191.13,90.02,0.91,-1,-1,-1
87,404,956.71,674.74,279.12,132.83,0.88,-1,-1,-1
87,405,0.00,1248.54,204.32,197.32,0.51,-1,-1,-1
87,406,2284.01,303.37,85.82,57.77,0.78,-1,-1,-1
87,407,2476.36,206.80,67.38,46.35,0.72,-1,-1,-1
87,409,1089.20,564.11,222.56,113.90,0.88,-1,-1,-1
87,410,2198.59,361.76,114.81,68.86,0.79,-1,-1,-1
87,411,2003.80,375.37,103.93,71.59,0.84,-1,-1,-1
87,412,667.11,528.86,205.60,96.76,0.88,-1,-1,-1
87,413,552.31,380.21,112.47,85.06,0.80,-1,-1,-1
87,414,468.30,717.66,164.93,170.93,0.85,-1,-1,-1
87,415,2087.65,337.16,92.12,71.38,0.80,-1,-1,-1
87,416,1925.60,360.10,102.74,71.64,0.82,-1,-1,-1
87,417,0.00,1166.39,129.41,82.93,0.53,-1,-1,-1
87,418,2297.31,232.03,74.75,59.13,0.72,-1,-1,-1
87,419,617.06,1106.92,122.46,135.03,0.67,-1,-1,-1
87,423,513.26,324.22,75.92,72.84,0.79,-1,-1,-1
87,424,2256.22,267.72,55.51,52.73,0.46,-1,-1,-1
87,430,272.74,706.59,50.55,86.79,0.59,-1,-1,-1
87,432,880.23,1140.91,60.48,125.07,0.59,-1,-1,-1
87,433,352.99,815.71,109.74,105.88,0.65,-1,-1,-1
87,435,2090.47,295.33,80.65,45.94,0.70,-1,-1,-1
87,440,2263.21,506.92,45.25,66.32,0.27,-1,-1,-1
87,442,477.10,472.24,40.17,53.15,0.55,-1,-1,-1
87,443,2211.90,504.59,38.58,71.42,0.54,-1,-1,-1
87,445,1728.32,374.35,30.22,60.48,0.51,-1,-1,-1
87,450,204.24,791.47,59.62,125.76,0.55,-1,-1,-1
87,451,1502.72,299.36,122.26,63.06,0.72,-1,-1,-1
87,453,2364.30,838.10,59.90,132.25,0.56,-1,-1,-1
87,455,796.28,342.58,25.70,53.60,0.29,-1,-1,-1
87,456,2189.25,887.33,59.27,122.54,0.67,-1,-1,-1
87,457,2376.21,361.20,31.15,54.16,0.41,-1,-1,-1
87,461,1148.61,1427.14,73.30,84.41,0.51,-1,-1,-1
87,444,2221.82,305.39,44.79,43.02,0.41,-1,-1,-1
87,464,193.35,460.70,194.80,90.71,0.87,-1,-1,-1
87,466,661.79,1071.71,55.36,108.89,0.55,-1,-1,-1
87,467,593.38,826.46,67.47,108.40,0.24,-1,-1,-1
87,470,2398.03,201.45,59.07,46.91,0.42,-1,-1,-1
87,366,2327.17,383.61,29.41,55.76,0.49,-1,-1,-1
87,474,2497.75,298.83,83.64,55.93,0.76,-1,-1,-1
87,481,1182.80,798.29,44.76,71.76,0.27,-1,-1,-1
87,483,308.06,1063.63,69.31,125.37,0.47,-1,-1,-1
87,484,2474.43,152.05,57.25,36.70,0.28,-1,-1,-1
87,486,2519.66,786.70,51.80,104.49,0.62,-1,-1,-1
87,487,2486.86,574.01,41.45,88.85,0.58,-1,-1,-1
87,489,1620.69,505.95,42.74,75.19,0.49,-1,-1,-1
87,446,1599.58,535.31,81.50,56.72,0.49,-1,-1,-1
87,491,306.37,1037.27,66.58,125.28,0.54,-1,-1,-1
87,492,663.09,598.84,58.13,47.78,0.33,-1,-1,-1
87,493,2587.58,351.10,91.59,66.72,0.59,-1,-1,-1
87,497,1243.26,547.41,30.42,60.61,0.47,-1,-1,-1
87,441,1263.95,530.48,31.46,64.25,0.46,-1,-1,-1
87,426,326.44,211.19,67.02,59.61,0.32,-1,-1,-1
87,500,871.36,643.12,96.74,65.73,0.57,-1,-1,-1
87,501,1862.69,1182.91,117.19,121.83,0.68,-1,-1,-1
87,502,741.56,492.56,27.24,47.57,0.55,-1,-1,-1
87,503,31.04,428.00,94.89,78.89,0.83,-1,-1,-1
87,504,1575.02,1267.47,93.50,167.36,0.64,-1,-1,-1
87,505,1773.41,1172.13,96.39,133.98,0.67,-1,-1,-1
87,425,1070.60,818.85,85.46,91.92,0.65,-1,-1,-1
87,449,354.77,742.28,58.42,95.56,0.65,-1,-1,-1
87,506,986.45,481.60,90.20,67.81,0.51,-1,-1,-1
87,508,1914.46,334.44,28.60,53.37,0.61,-1,-1,-1
87,509,2465.39,180.07,42.63,38.91,0.43,-1,-1,-1
87,434,897.26,607.74,43.10,67.61,0.50,-1,-1,-1
87,512,1771.56,1382.37,107.28,124.01,0.60,-1,-1,-1
87,514,876.07,1155.93,70.05,114.21,0.53,-1,-1,-1
87,515,1432.05,1312.97,77.08,120.70,0.64,-1,-1,-1
87,510,1898.59,1163.14,65.27,106.63,0.48,-1,-1,-1
88,123,554.95,623.42,201.36,135.34,0.87,-1,-1,-1
88,381,226.93,647.45,91.79,71.12,0.60,-1,-1,-1
88,400,697.62,745.60,264.34,151.16,0.87,-1,-1,-1
88,401,587.03,873.77,332.13,193.21,0.94,-1,-1,-1
88,402,2026.30,429.35,128.44,76.53,0.84,-1,-1,-1
88,403,1827.34,497.45,188.78,89.58,0.90,-1,-1,-1
88,404,956.20,674.23,282.92,134.56,0.89,-1,-1,-1
88,405,0.00,1251.06,193.75,199.56,0.61,-1,-1,-1
88,406,2284.59,299.96,87.37,59.15,0.72,-1,-1,-1
88,407,2478.66,204.83,67.98,46.52,0.77,-1,-1,-1
88,409,1103.91,565.96,222.52,113.51,0.87,-1,-1,-1
88,410,2200.82,357.43,115.79,70.46,0.81,-1,-1,-1
88,411,2002.80,375.11,105.24,72.58,0.80,-1,-1,-1
88,412,675.60,530.49,209.82,98.25,0.87,-1,-1,-1
88,413,551.35,380.45,112.95,85.22,0.82,-1,-1,-1
88,414,466.11,718.68,166.66,171.53,0.85,-1,-1,-1
88,415,2087.16,337.88,91.75,71.00,0.82,-1,-1,-1
88,416,1925.35,360.40,102.24,71.42,0.82,-1,-1,-1
88,417,0.00,1168.24,121.36,87.23,0.37,-1,-1,-1
88,418,2296.10,232.20,74.70,59.11,0.70,-1,-1,-1
88,419,612.56,1105.95,118.73,134.32,0.66,-1,-1,-1
88,423,513.05,324.63,75.46,72.53,0.78,-1,-1,-1
88,424,2258.74,273.69,49.62,48.22,0.35,-1,-1,-1
88,430,266.25,709.77,48.82,84.45,0.55,-1,-1,-1
88,432,885.35,1143.30,60.90,126.37,0.73,-1,-1,-1
88,433,353.97,818.04,100.39,98.63,0.69,-1,-1,-1
88,435,2090.65,295.42,79.77,45.31,0.72,-1,-1,-1
88,440,2264.44,506.76,43.42,63.70,0.18,-1,-1,-1
88,442,481.50,476.87,39.61,51.37,0.62,-1,-1,-1
88,443,2213.98,502.42,38.48,71.45,0.62,-1,-1,-1
88,445,1727.86,375.08,29.88,59.49,0.55,-1,-1,-1
88,450,202.48,795.25,58.52,124.06,0.59,-1,-1,-1
88,451,1501.38,299.31,122.68,63.22,0.69,-1,-1,-1
88,453,2364.57,838.92,60.03,132.51,0.57,-1,-1,-1
88,455,797.11,343.97,25.59,53.73,0.35,-1,-1,-1
88,456,2190.53,885.73,58.71,120.90,0.54,-1,-1,-1
88,457,2376.84,360.68,31.90,55.67,0.44,-1,-1,-1
88,461,1170.83,1436.37,68.16,75.63,0.38,-1,-1,-1
88,444,2219.28,302.81,47.16,45.28,0.39,-1,-1,-1
88,464,197.36,462.30,194.44,91.40,0.87,-1,-1,-1
88,466,653.57,1071.64,62.33,122.44,0.59,-1,-1,-1
88,467,592.40,828.30,67.21,108.95,0.37,-1,-1,-1
88,470,2396.64,200.77,60.17,47.78,0.48,-1,-1,-1
88,366,2327.95,382.16,29.35,55.60,0.48,-1,-1,-1
88,474,2497.03,298.89,83.48,55.88,0.77,-1,-1,-1
88,481,1183.60,790.47,48.19,76.89,0.45,-1,-1,-1
88,483,308.13,1068.32,71.77,130.36,0.50,-1,-1,-1
88,484,2474.54,152.31,56.75,37.03,0.23,-1,-1,-1
88,486,2516.22,788.94,53.80,108.22,0.62,-1,-1,-1
88,487,2485.48,572.51,42.47,91.44,0.64,-1,-1,-1
88,489,1627.65,506.87,41.22,72.55,0.53,-1,-1,-1
88,446,1607.71,536.32,81.01,56.35,0.50,-1,-1,-1
88,491,307.30,1045.02,65.61,123.86,0.56,-1,-1,-1
88,492,668.65,600.27,58.58,47.74,0.33,-1,-1,-1
88,493,2586.14,351.90,93.14,66.59,0.49,-1,-1,-1
88,497,1240.65,544.19,29.36,58.78,0.46,-1,-1,-1
88,441,1264.25,530.52,31.23,63.24,0.46,-1,-1,-1
88,426,328.05,213.77,64.70,57.42,0.38,-1,-1,-1
88,500,863.09,642.82,98.07,66.38,0.42,-1,-1,-1
88,501,1848.15,1170.16,120.19,126.45,0.59,-1,-1,-1
88,502,739.69,492.76,27.38,46.96,0.61,-1,-1,-1
88,503,32.34,428.12,102.05,79.39,0.84,-1,-1,-1
88,504,1586.16,1264.97,86.39,154.50,0.69,-1,-1,-1
88,505,1761.06,1157.31,100.26,140.26,0.70,-1,-1,-1
88,425,1071.09,808.60,91.47,100.07,0.71,-1,-1,-1
88,449,354.26,739.72,56.35,93.51,0.60,-1,-1,-1
88,506,983.23,489.73,79.41,58.68,0.55,-1,-1,-1
88,508,1909.77,334.98,28.76,53.91,0.70,-1,-1,-1
88,509,2463.94,181.25,41.56,37.87,0.47,-1,-1,-1
88,434,888.43,603.25,46.42,73.94,0.47,-1,-1,-1
88,512,1771.46,1370.15,116.26,136.52,0.72,-1,-1,-1
88,514,879.80,1152.09,72.36,118.70,0.29,-1,-1,-1
88,515,1433.62,1302.55,79.88,125.50,0.64,-1,-1,-1
88,510,1895.81,1154.96,58.05,95.35,0.52,-1,-1,-1
88,516,1618.79,1341.43,94.19,158.62,0.55,-1,-1,-1
89,123,554.81,623.80,201.12,135.18,0.87,-1,-1,-1
89,381,224.47,647.59,90.02,69.52,0.64,-1,-1,-1
89,400,697.82,745.02,262.35,149.23,0.86,-1,-1,-1
89,401,578.80,876.04,334.87,194.02,0.92,-1,-1,-1
89,402,2030.48,424.54,130.47,78.04,0.84,-1,-1,-1
89,403,1838.33,495.37,186.27,88.96,0.90,-1,-1,-1
89,404,956.52,674.78,283.29,134.73,0.88,-1,-1,-1
89,405,0.00,1253.12,179.90,195.53,0.74,-1,-1,-1
89,406,2285.74,296.87,87.75,59.75,0.74,-1,-1,-1
89,407,2481.51,203.32,67.31,45.74,0.72,-1,-1,-1
89,409,1123.71,572.99,212.02,106.87,0.92,-1,-1,-1
89,410,2205.27,355.24,112.22,69.08,0.84,-1,-1,-1
89,411,2002.59,375.22,105.35,72.65,0.76,-1,-1,-1
89,412,683.22,532.79,211.77,98.31,0.88,-1,-1,-1
89,413,548.91,378.61,115.28,87.04,0.82,-1,-1,-1
89,414,462.25,719.64,166.92,171.58,0.86,-1,-1,-1
89,415,2085.65,337.66,92.89,71.93,0.82,-1,-1,-1
89,416,1924.41,360.28,101.90,71.17,0.82,-1,-1,-1
89,417,0.00,1161.73,120.09,102.98,0.33,-1,-1,-1
89,418,2295.35,231.89,74.97,59.28,0.76,-1,-1,-1
89,419,607.75,1101.37,120.22,139.42,0.53,-1,-1,-1
89,423,514.15,325.96,72.82,69.78,0.73,-1,-1,-1
89,424,2256.16,270.55,53.33,51.70,0.54,-1,-1,-1
89,430,258.60,713.80,51.99,90.24,0.66,-1,-1,-1
89,432,889.88,1148.29,60.66,125.57,0.70,-1,-1,-1
89,433,347.57,806.64,104.01,105.20,0.54,-1,-1,-1
89,435,2090.31,296.00,78.38,44.32,0.71,-1,-1,-1
89,440,2262.88,501.96,45.16,66.15,0.54,-1,-1,-1
89,442,485.08,480.75,40.18,51.44,0.61,-1,-1,-1
89,443,2214.81,498.56,39.46,73.71,0.59,-1,-1,-1
89,445,1727.43,375.60,29.63,58.67,0.51,-1,-1,-1
89,450,200.94,797.26,58.39,124.69,0.68,-1,-1,-1
89,451,1500.11,299.04,123.13,63.40,0.77,-1,-1,-1
89,453,2364.62,839.30,59.57,131.78,0.62,-1,-1,-1
89,455,797.22,344.48,25.77,54.53,0.24,-1,-1,-1
89,456,2191.95,882.01,59.42,122.72,0.53,-1,-1,-1
89,457,2377.30,359.85,32.55,57.00,0.42,-1,-1,-1
89,461,1190.32,1448.11,61.41,63.89,0.39,-1,-1,-1
89,444,2220.45,303.70,46.49,44.42,0.40,-1,-1,-1
89,464,200.74,463.63,193.94,92.10,0.87,-1,-1,-1
89,466,651.22,1076.24,61.41,121.91,0.49,-1,-1,-1
89,467,590.38,828.96,69.21,113.88,0.42,-1,-1,-1
89,470,2396.12,202.76,58.53,46.25,0.55,-1,-1,-1
89,366,2328.48,379.49,30.04,56.82,0.48,-1,-1,-1
89,474,2495.98,299.20,83.42,55.89,0.77,-1,-1,-1
89,481,1180.74,769.40,58.65,95.43,0.39,-1,-1,-1
89,483,313.77,1087.99,67.34,121.61,0.52,-1,-1,-1
89,484,2474.31,152.85,53.80,35.26,0.15,-1,-1,-1
89,486,2514.75,790.94,53.92,108.64,0.65,-1,-1,-1
89,487,2484.57,572.44,42.64,92.27,0.60,-1,-1,-1
89,489,1639.69,507.30,38.82,66.31,0.46,-1,-1,-1
89,446,1617.44,537.53,80.27,55.69,0.50,-1,-1,-1
89,491,306.86,1056.80,63.56,120.82,0.52,-1,-1,-1
89,492,676.84,602.53,57.14,46.14,0.14,-1,-1,-1
89,493,2585.00,351.97,94.65,66.48,0.54,-1,-1,-1
89,497,1240.17,542.87,26.12,52.06,0.54,-1,-1,-1
89,441,1264.40,530.80,30.31,61.06,0.48,-1,-1,-1
89,426,326.92,211.43,66.46,59.27,0.59,-1,-1,-1
89,500,858.35,644.44,96.05,64.59,0.45,-1,-1,-1
89,501,1839.85,1163.16,115.09,121.95,0.71,-1,-1,-1
89,502,736.20,494.09,27.85,47.32,0.58,-1,-1,-1
89,503,32.72,428.43,108.99,79.66,0.86,-1,-1,-1
89,504,1590.32,1259.06,86.77,156.18,0.71,-1,-1,-1
89,505,1750.56,1146.00,100.74,141.50,0.76,-1,-1,-1
89,425,1073.68,805.15,91.55,101.72,0.68,-1,-1,-1
89,449,351.97,737.27,59.55,100.96,0.47,-1,-1,-1
89,506,974.56,490.49,78.89,57.79,0.39,-1,-1,-1
89,508,1906.84,336.94,27.21,51.40,0.61,-1,-1,-1
89,509,2463.35,181.06,41.48,37.86,0.49,-1,-1,-1
89,434,885.65,612.58,42.79,65.40,0.24,-1,-1,-1
89,512,1774.13,1358.45,119.21,142.67,0.75,-1,-1,-1
89,514,884.53,1153.29,75.30,124.20,0.37,-1,-1,-1
89,515,1445.00,1285.56,78.72,123.84,0.50,-1,-1,-1
89,510,1882.45,1145.82,60.88,100.65,0.51,-1,-1,-1
89,516,1624.38,1339.74,93.44,157.18,0.20,-1,-1,-1
89,460,2033.96,327.54,85.51,54.64,0.50,-1,-1,-1
90,123,554.59,624.08,201.44,135.40,0.87,-1,-1,-1
90,381,224.91,650.64,84.49,64.57,0.61,-1,-1,-1
90,400,697.33,744.89,261.72,148.14,0.86,-1,-1,-1
90,401,567.96,877.93,340.56,197.21,0.87,-1,-1,-1
90,402,2036.53,421.26,129.82,77.86,0.88,-1,-1,-1
90,403,1847.87,493.11,184.31,88.63,0.91,-1,-1,-1
90,404,957.55,676.03,278.89,132.50,0.86,-1,-1,-1
90,405,0.00,1256.99,166.81,197.45,0.74,-1,-1,-1
90,406,2288.56,295.96,86.36,59.20,0.79,-1,-1,-1
90,407,2483.69,201.59,67.07,45.37,0.70,-1,-1,-1
90,409,1139.97,577.56,209.54,104.49,0.90,-1,-1,-1
90,410,2208.38,352.94,110.29,68.72,0.86,-1,-1,-1
90,411,2001.35,375.27,107.67,74.47,0.78,-1,-1,-1
90,412,691.73,535.26,214.91,98.60,0.88,-1,-1,-1
90,413,548.20,378.68,115.48,87.19,0.83,-1,-1,-1
90,414,459.88,720.48,166.94,171.70,0.86,-1,-1,-1
90,415,2085.07,337.67,92.76,71.87,0.82,-1,-1,-1
90,416,1923.62,359.82,102.34,71.49,0.83,-1,-1,-1
90,418,2295.16,231.43,75.08,59.37,0.79,-1,-1,-1
90,419,605.00,1094.55,119.64,141.59,0.57,-1,-1,-1
90,423,513.83,326.54,71.80,68.66,0.77,-1,-1,-1
90,424,2256.93,270.01,53.31,51.93,0.48,-1,-1,-1
90,430,252.40,716.65,53.48,93.61,0.66,-1,-1,-1
90,432,893.72,1153.47,59.54,123.21,0.56,-1,-1,-1
90,433,342.95,799.44,104.76,109.48,0.62,-1,-1,-1
90,435,2089.91,296.14,78.01,43.93,0.72,-1,-1,-1
90,440,2263.63,501.29,43.45,63.28,0.54,-1,-1,-1
90,442,487.73,482.74,41.11,52.28,0.67,-1,-1,-1
90,443,2216.34,494.56,38.80,72.88,0.61,-1,-1,-1
90,445,1727.11,375.79,29.77,58.67,0.52,-1,-1,-1
90,450,199.36,798.02,58.03,124.93,0.71,-1,-1,-1
90,451,1499.57,299.09,123.46,63.55,0.78,-1,-1,-1
90,453,2364.12,839.01,59.60,132.32,0.62,-1,-1,-1
90,455,796.56,344.60,26.84,57.27,0.37,-1,-1,-1
90,456,2192.56,879.43,58.11,118.80,0.42,-1,-1,-1
90,457,2378.17,359.42,32.56,57.16,0.45,-1,-1,-1
90,461,1212.00,1458.99,53.20,52.75,0.43,-1,-1,-1
90,444,2216.67,295.53,53.60,51.84,0.49,-1,-1,-1
90,464,204.32,465.20,194.28,93.16,0.89,-1,-1,-1
90,466,650.53,1074.02,54.79,108.78,0.54,-1,-1,-1
90,467,589.99,830.63,68.92,115.01,0.32,-1,-1,-1
90,470,2394.22,201.23,60.16,47.57,0.58,-1,-1,-1
90,366,2329.36,376.63,30.85,58.41,0.52,-1,-1,-1
90,474,2495.52,299.28,83.29,55.86,0.77,-1,-1,-1
90,481,1184.18,769.21,56.89,92.88,0.37,-1,-1,-1
90,483,314.59,1095.73,68.83,122.89,0.44,-1,-1,-1
90,484,2474.75,153.33,52.41,34.59,0.20,-1,-1,-1
90,486,2511.81,791.66,55.77,111.70,0.65,-1,-1,-1
90,487,2483.94,572.35,42.19,91.86,0.57,-1,-1,-1
90,489,1645.42,508.21,39.02,66.75,0.56,-1,-1,-1
90,446,1624.26,537.70,80.56,55.56,0.49,-1,-1,-1
90,491,309.66,1064.19,64.94,123.18,0.63,-1,-1,-1
90,492,679.48,603.09,58.01,45.48,0.45,-1,-1,-1
90,493,2584.69,352.27,95.20,65.67,0.57,-1,-1,-1
90,497,1242.38,541.78,23.05,45.45,0.51,-1,-1,-1
90,441,1263.31,531.67,28.46,56.37,0.50,-1,-1,-1
90,426,326.27,210.40,66.88,59.92,0.62,-1,-1,-1
90,500,852.88,647.42,92.08,61.05,0.54,-1,-1,-1
90,501,1829.56,1158.07,110.71,117.91,0.71,-1,-1,-1
90,502,733.64,494.92,27.99,47.09,0.53,-1,-1,-1
90,503,34.02,430.29,114.26,78.28,0.87,-1,-1,-1
90,504,1599.07,1254.46,80.75,145.66,0.56,-1,-1,-1
90,505,1741.89,1148.68,93.80,130.13,0.70,-1,-1,-1
90,425,1076.56,804.94,89.47,100.64,0.63,-1,-1,-1
90,449,348.33,733.06,66.27,115.38,0.48,-1,-1,-1
90,506,966.44,489.69,79.85,58.35,0.59,-1,-1,-1
90,508,1904.97,337.34,26.33,50.21,0.57,-1,-1,-1
90,509,2461.93,179.17,43.31,39.73,0.53,-1,-1,-1
90,434,877.78,608.03,43.75,68.07,0.37,-1,-1,-1
90,512,1779.22,1347.78,120.45,147.32,0.83,-1,-1,-1
90,514,892.63,1167.68,70.86,116.49,0.55,-1,-1,-1
90,515,1460.94,1256.98,66.77,104.88,0.54,-1,-1,-1
90,516,1626.36,1316.60,101.91,171.57,0.42,-1,-1,-1
90,460,2047.99,328.05,80.44,53.80,0.43,-1,-1,-1
91,123,554.29,624.28,201.76,135.60,0.88,-1,-1,-1
91,381,217.56,643.91,92.28,71.15,0.56,-1,-1,-1
91,400,695.09,744.85,262.96,148.10,0.89,-1,-1,-1
91,401,560.54,882.69,340.44,197.77,0.90,-1,-1,-1
91,402,2043.63,418.91,128.89,77.64,0.86,-1,-1,-1
91,403,1857.01,490.48,182.42,88.36,0.90,-1,-1,-1
91,404,957.51,677.68,276.64,131.40,0.87,-1,-1,-1
91,405,0.00,1257.68,156.27,199.84,0.76,-1,-1,-1
91,406,2290.93,293.75,84.92,58.53,0.76,-1,-1,-1
91,407,2486.30,199.04,67.34,45.58,0.66,-1,-1,-1
91,409,1155.64,577.70,210.15,103.93,0.88,-1,-1,-1
91,410,2211.45,350.53,108.14,68.08,0.78,-1,-1,-1
91,411,2000.59,376.08,107.51,74.83,0.78,-1,-1,-1
91,412,700.64,536.55,218.55,99.16,0.88,-1,-1,-1
91,413,548.49,379.23,114.60,86.53,0.83,-1,-1,-1
91,414,459.01,721.63,166.90,171.53,0.86,-1,-1,-1
91,415,2084.21,337.61,92.66,71.75,0.82,-1,-1,-1
91,416,1923.29,359.70,102.86,71.74,0.82,-1,-1,-1
91,418,2295.05,231.55,74.64,58.93,0.77,-1,-1,-1
91,419,607.01,1100.60,110.09,131.33,0.68,-1,-1,-1
91,423,513.47,326.74,71.53,68.23,0.78,-1,-1,-1
91,424,2259.34,276.47,45.77,44.99,0.43,-1,-1,-1
91,430,246.00,719.12,54.01,95.79,0.57,-1,-1,-1
91,432,897.70,1158.81,56.64,117.18,0.55,-1,-1,-1
91,433,338.32,789.46,107.22,116.13,0.58,-1,-1,-1
91,435,2089.44,296.42,77.24,43.26,0.72,-1,-1,-1
91,440,2264.37,499.19,42.86,62.52,0.52,-1,-1,-1
91,442,490.56,482.67,41.70,52.97,0.58,-1,-1,-1
91,443,2217.19,489.77,39.26,73.97,0.58,-1,-1,-1
91,445,1726.86,375.46,30.44,59.85,0.58,-1,-1,-1
91,450,198.54,798.81,57.39,124.37,0.71,-1,-1,-1
91,451,1499.91,299.34,123.00,63.15,0.79,-1,-1,-1
91,453,2363.61,838.16,59.95,133.85,0.60,-1,-1,-1
91,455,795.90,344.18,26.46,56.58,0.23,-1,-1,-1
91,456,2194.29,876.25,58.42,118.56,0.45,-1,-1,-1
91,457,2381.69,358.08,29.04,51.11,0.47,-1,-1,-1
91,461,1235.80,1467.60,49.13,44.40,0.14,-1,-1,-1
91,444,2217.43,295.51,52.76,51.28,0.55,-1,-1,-1
91,464,208.49,466.79,193.17,93.47,0.89,-1,-1,-1
91,466,643.97,1082.96,54.71,108.09,0.56,-1,-1,-1
91,467,589.47,832.29,68.11,115.36,0.36,-1,-1,-1
91,470,2393.48,202.27,59.02,46.45,0.57,-1,-1,-1
91,366,2330.98,375.15,30.43,57.54,0.48,-1,-1,-1
91,474,2495.42,299.54,82.92,55.70,0.76,-1,-1,-1
91,481,1188.19,773.68,53.10,86.17,0.28,-1,-1,-1
91,483,311.37,1088.79,77.46,139.35,0.52,-1,-1,-1
91,484,2474.88,153.74,51.60,34.38,0.17,-1,-1,-1
91,486,2508.43,792.11,57.18,113.67,0.68,-1,-1,-1
91,487,2483.51,572.19,41.63,91.33,0.59,-1,-1,-1
91,489,1654.20,509.42,38.32,65.23,0.46,-1,-1,-1
91,446,1634.83,539.39,79.41,54.48,0.48,-1,-1,-1
91,491,312.32,1073.33,68.52,130.09,0.65,-1,-1,-1
91,492,683.65,603.41,59.72,45.92,0.41,-1,-1,-1
91,493,2584.14,352.52,96.14,65.22,0.62,-1,-1,-1
91,497,1242.60,541.42,19.98,38.35,0.48,-1,-1,-1
91,441,1263.65,531.43,25.98,50.38,0.57,-1,-1,-1
91,426,325.17,208.94,68.00,61.41,0.64,-1,-1,-1
91,500,843.15,644.11,97.21,64.38,0.56,-1,-1,-1
91,501,1817.17,1145.87,113.03,121.34,0.61,-1,-1,-1
91,502,728.98,492.93,28.00,47.15,0.37,-1,-1,-1
91,503,34.52,431.83,120.46,77.67,0.89,-1,-1,-1
91,504,1601.01,1252.41,79.55,143.14,0.73,-1,-1,-1
91,505,1729.79,1135.52,95.43,132.64,0.57,-1,-1,-1
91,425,1079.27,804.00,87.83,100.09,0.65,-1,-1,-1
91,449,347.45,729.72,66.52,118.12,0.48,-1,-1,-1
91,506,956.84,486.09,84.92,61.95,0.75,-1,-1,-1
91,508,1898.51,340.95,27.50,52.56,0.50,-1,-1,-1
91,509,2461.05,177.68,44.72,41.25,0.51,-1,-1,-1
91,434,871.55,609.06,41.35,65.13,0.35,-1,-1,-1
91,512,1783.71,1338.82,123.20,154.16,0.71,-1,-1,-1
91,514,895.67,1176.98,69.73,114.53,0.54,-1,-1,-1
91,515,1473.87,1237.38,62.74,98.26,0.59,-1,-1,-1
91,516,1632.78,1309.84,104.50,176.37,0.28,-1,-1,-1
91,460,2054.00,328.20,76.77,52.81,0.38,-1,-1,-1
91,518,774.48,331.01,25.62,53.36,0.60,-1,-1,-1
92,123,553.68,624.69,201.52,135.34,0.88,-1,-1,-1
92,381,216.81,646.48,87.68,67.65,0.51,-1,-1,-1
92,400,693.27,744.84,264.47,148.25,0.89,-1,-1,-1
92,401,551.99,885.66,342.62,199.18,0.91,-1,-1,-1
92,402,2051.22,417.20,125.95,75.97,0.80,-1,-1,-1
92,403,1868.12,488.61,178.58,87.05,0.88,-1,-1,-1
92,404,952.03,675.59,282.12,135.08,0.88,-1,-1,-1
92,405,0.00,1258.48,142.39,198.12,0.71,-1,-1,-1
92,406,2293.06,291.29,84.69,58.66,0.77,-1,-1,-1
92,407,2488.01,196.07,68.48,46.66,0.73,-1,-1,-1
92,409,1167.55,577.37,214.55,105.31,0.89,-1,-1,-1
92,410,2214.87,348.81,105.10,66.69,0.80,-1,-1,-1
92,411,2000.30,376.48,106.39,74.47,0.81,-1,-1,-1
92,412,713.80,537.86,220.01,98.78,0.85,-1,-1,-1
92,413,548.27,379.96,114.12,86.02,0.81,-1,-1,-1
92,414,456.06,722.50,166.59,171.72,0.86,-1,-1,-1
92,415,2082.89,337.08,93.65,72.50,0.82,-1,-1,-1
92,416,1923.23,360.50,102.08,71.11,0.82,-1,-1,-1
92,418,2294.66,231.55,74.17,58.43,0.77,-1,-1,-1
92,419,602.74,1101.33,108.02,128.72,0.72,-1,-1,-1
92,423,512.92,327.46,70.81,67.18,0.77,-1,-1,-1
92,424,2261.39,280.87,40.76,40.43,0.42,-1,-1,-1
92,430,241.10,723.81,51.22,91.60,0.65,-1,-1,-1
92,432,900.91,1161.40,58.73,122.42,0.61,-1,-1,-1
92,433,335.01,781.38,106.90,119.89,0.40,-1,-1,-1
92,435,2088.64,296.87,76.48,42.55,0.70,-1,-1,-1
92,440,2268.18,486.39,43.03,63.31,0.52,-1,-1,-1
92,442,493.90,484.73,42.50,53.78,0.61,-1,-1,-1
92,443,2218.67,486.99,39.08,73.75,0.64,-1,-1,-1
92,445,1726.41,376.18,30.28,59.23,0.53,-1,-1,-1
92,450,198.47,800.12,56.33,122.46,0.66,-1,-1,-1
92,451,1499.54,299.87,122.29,62.63,0.77,-1,-1,-1
92,453,2363.20,838.69,59.67,134.30,0.60,-1,-1,-1
92,455,794.80,343.90,26.61,56.84,0.20,-1,-1,-1
92,456,2194.43,873.95,58.73,118.01,0.39,-1,-1,-1
92,457,2384.12,357.08,27.00,47.49,0.56,-1,-1,-1
92,444,2218.03,296.64,51.77,50.38,0.60,-1,-1,-1
92,464,212.52,468.83,191.75,93.66,0.89,-1,-1,-1
92,466,638.73,1081.45,56.41,112.27,0.47,-1,-1,-1
92,467,589.94,839.03,64.71,110.64,0.43,-1,-1,-1
92,470,2391.08,201.13,60.32,47.36,0.59,-1,-1,-1
92,366,2334.04,373.03,28.56,54.35,0.55,-1,-1,-1
92,474,2494.73,299.73,82.53,55.52,0.76,-1,-1,-1
92,481,1192.21,773.14,51.57,83.13,0.27,-1,-1,-1
92,483,315.27,1095.84,78.15,142.01,0.61,-1,-1,-1
92,484,2472.69,153.47,51.76,34.51,0.24,-1,-1,-1
92,486,2506.41,793.80,57.32,113.05,0.70,-1,-1,-1
92,487,2482.88,571.82,41.10,90.95,0.62,-1,-1,-1
92,489,1661.60,510.38,39.12,66.87,0.53,-1,-1,-1
92,446,1642.06,538.49,81.59,55.91,0.42,-1,-1,-1
92,491,315.69,1080.59,69.56,132.81,0.54,-1,-1,-1
92,492,686.78,599.34,67.18,51.13,0.54,-1,-1,-1
92,493,2582.81,352.92,97.99,65.51,0.66,-1,-1,-1
92,497,1242.31,541.26,20.01,37.07,0.45,-1,-1,-1
92,441,1264.35,530.96,26.01,49.89,0.55,-1,-1,-1
92,426,324.81,209.51,67.47,61.18,0.67,-1,-1,-1
92,500,837.42,644.99,95.77,63.37,0.68,-1,-1,-1
92,501,1808.10,1139.97,108.81,117.33,0.82,-1,-1,-1
92,502,724.31,493.81,31.13,52.55,0.61,-1,-1,-1
92,503,35.47,432.16,127.21,77.61,0.89,-1,-1,-1
92,504,1608.08,1254.80,77.30,136.94,0.46,-1,-1,-1
92,505,1717.66,1120.72,100.01,139.57,0.66,-1,-1,-1
92,425,1082.13,800.60,85.39,98.55,0.71,-1,-1,-1
92,449,348.32,727.74,61.77,111.54,0.40,-1,-1,-1
92,506,950.29,489.88,80.34,58.16,0.36,-1,-1,-1
92,508,1894.56,341.67,27.66,52.99,0.46,-1,-1,-1
92,509,2459.81,177.20,45.39,42.01,0.53,-1,-1,-1
92,434,867.94,617.74,41.49,64.84,0.25,-1,-1,-1
92,512,1785.54,1327.37,127.83,164.36,0.60,-1,-1,-1
92,514,896.48,1178.06,71.70,118.55,0.43,-1,-1,-1
92,515,1479.91,1222.91,63.63,99.86,0.37,-1,-1,-1
92,516,1644.20,1299.47,95.18,161.75,0.57,-1,-1,-1
92,460,2056.15,328.20,74.91,52.65,0.37,-1,-1,-1
92,518,773.44,331.77,25.22,52.51,0.53,-1,-1,-1
92,520,973.67,467.86,33.08,61.06,0.57,-1,-1,-1
93,123,554.44,625.81,200.43,134.48,0.89,-1,-1,-1
93,381,218.91,649.54,81.01,62.77,0.52,-1,-1,-1
93,400,691.62,745.06,266.18,148.57,0.90,-1,-1,-1
93,401,541.82,887.69,346.61,201.61,0.91,-1,-1,-1
93,402,2054.63,413.07,127.90,77.51,0.81,-1,-1,-1
93,403,1877.75,484.68,176.98,86.74,0.86,-1,-1,-1
93,404,951.06,674.82,283.11,136.49,0.89,-1,-1,-1
93,405,0.00,1259.35,128.00,196.07,0.60,-1,-1,-1
93,406,2294.79,288.58,84.60,58.88,0.78,-1,-1,-1
93,407,2490.77,194.24,67.60,46.38,0.69,-1,-1,-1
93,409,1176.71,572.04,227.08,111.47,0.87,-1,-1,-1
93,410,2218.84,346.66,103.13,66.00,0.85,-1,-1,-1
93,411,2000.15,376.53,105.46,74.20,0.82,-1,-1,-1
93,412,732.35,539.72,216.76,96.60,0.85,-1,-1,-1
93,413,547.80,380.53,114.03,85.73,0.80,-1,-1,-1
93,414,455.74,723.52,166.57,171.95,0.86,-1,-1,-1
93,415,2081.92,336.86,94.19,72.96,0.82,-1,-1,-1
93,416,1921.79,361.34,101.19,70.63,0.82,-1,-1,-1
93,418,2294.05,232.49,73.07,57.29,0.73,-1,-1,-1
93,419,598.56,1097.45,109.22,130.39,0.76,-1,-1,-1
93,423,511.57,326.45,73.68,70.00,0.77,-1,-1,-1
93,424,2260.97,282.82,38.86,38.49,0.51,-1,-1,-1
93,430,233.70,728.67,50.34,90.75,0.55,-1,-1,-1
93,432,905.68,1163.56,58.74,123.20,0.62,-1,-1,-1
93,433,334.14,777.85,102.46,118.97,0.38,-1,-1,-1
93,435,2088.05,297.22,75.89,41.91,0.71,-1,-1,-1
93,440,2269.04,478.00,44.27,65.90,0.46,-1,-1,-1
93,442,497.02,487.22,43.53,54.97,0.67,-1,-1,-1
93,443,2220.57,483.57,39.57,74.59,0.66,-1,-1,-1
93,445,1725.64,376.39,30.33,59.11,0.48,-1,-1,-1
93,450,198.02,801.32,56.14,122.21,0.74,-1,-1,-1
93,451,1499.05,300.37,121.43,62.15,0.71,-1,-1,-1
93,453,2361.96,838.29,59.35,134.17,0.60,-1,-1,-1
93,455,794.88,344.59,25.38,53.81,0.21,-1,-1,-1
93,456,2194.52,871.30,59.80,119.85,0.47,-1,-1,-1
93,457,2384.54,356.12,28.25,49.75,0.58,-1,-1,-1
93,444,2219.47,300.86,48.07,46.17,0.59,-1,-1,-1
93,464,217.19,470.40,190.77,94.09,0.88,-1,-1,-1
93,466,633.45,1077.60,58.68,116.53,0.48,-1,-1,-1
93,467,590.59,842.10,62.08,106.66,0.45,-1,-1,-1
93,470,2386.82,197.22,64.95,51.45,0.53,-1,-1,-1
93,366,2335.39,371.37,28.95,55.17,0.54,-1,-1,-1
93,474,2493.93,299.32,82.77,55.78,0.76,-1,-1,-1
93,481,1193.60,769.73,53.07,84.51,0.27,-1,-1,-1
93,483,318.74,1106.04,77.27,141.63,0.52,-1,-1,-1
93,484,2470.50,153.20,50.98,33.74,0.20,-1,-1,-1
93,486,2506.30,795.45,56.73,111.21,0.74,-1,-1,-1
93,487,2481.79,571.43,40.76,91.14,0.67,-1,-1,-1
93,489,1671.25,510.33,38.87,66.08,0.46,-1,-1,-1
93,446,1650.29,538.46,82.05,56.13,0.22,-1,-1,-1
93,491,320.00,1089.90,68.23,129.63,0.58,-1,-1,-1
93,492,691.46,601.47,66.07,48.74,0.50,-1,-1,-1
93,493,2579.21,355.48,103.12,68.27,0.62,-1,-1,-1
93,441,1262.35,529.66,24.23,45.34,0.57,-1,-1,-1
93,426,326.06,213.27,64.36,58.07,0.59,-1,-1,-1
93,500,830.85,645.26,95.77,63.29,0.45,-1,-1,-1
93,501,1798.03,1130.52,108.72,118.04,0.70,-1,-1,-1
93,502,719.98,494.48,33.33,56.70,0.69,-1,-1,-1
93,503,36.92,432.71,135.47,78.71,0.89,-1,-1,-1
93,504,1616.03,1241.18,78.34,138.09,0.58,-1,-1,-1
93,505,1706.90,1113.42,98.22,137.03,0.63,-1,-1,-1
93,425,1086.59,802.64,79.83,92.49,0.73,-1,-1,-1
93,449,341.31,723.67,78.99,146.14,0.48,-1,-1,-1
93,506,941.25,485.53,84.26,60.97,0.79,-1,-1,-1
93,508,1889.15,357.45,24.34,43.99,0.64,-1,-1,-1
93,509,2458.93,176.12,46.51,43.30,0.46,-1,-1,-1
93,434,863.21,618.72,41.07,63.47,0.37,-1,-1,-1
93,512,1791.51,1315.83,127.14,168.46,0.58,-1,-1,-1
93,514,901.51,1184.88,68.01,113.19,0.50,-1,-1,-1
93,515,1483.34,1210.90,67.12,105.30,0.54,-1,-1,-1
93,516,1656.48,1291.53,87.36,149.25,0.52,-1,-1,-1
93,460,2056.30,328.02,71.96,51.37,0.40,-1,-1,-1
93,518,773.45,329.60,24.37,50.73,0.55,-1,-1,-1
93,520,966.36,467.61,31.81,58.75,0.55,-1,-1,-1
94,123,553.88,625.16,201.72,135.36,0.89,-1,-1,-1
94,381,214.18,646.46,84.59,66.31,0.57,-1,-1,-1
94,400,690.30,745.36,268.21,149.21,0.90,-1,-1,-1
94,401,533.97,889.24,347.72,202.23,0.90,-1,-1,-1
94,402,2059.32,408.88,127.91,77.99,0.84,-1,-1,-1
94,403,1883.44,478.26,182.35,90.38,0.84,-1,-1,-1
94,404,953.93,676.03,280.32,135.01,0.90,-1,-1,-1
94,406,2297.40,287.04,83.70,58.40,0.79,-1,-1,-1
94,407,2493.86,193.78,65.39,44.91,0.72,-1,-1,-1
94,409,1188.76,569.36,232.86,114.30,0.90,-1,-1,-1
94,410,2223.11,344.65,101.28,65.21,0.83,-1,-1,-1
94,411,1999.17,376.43,104.97,74.17,0.84,-1,-1,-1
94,412,746.09,542.05,218.14,96.76,0.89,-1,-1,-1
94,413,547.03,380.80,114.54,85.90,0.80,-1,-1,-1
94,414,455.53,724.25,166.86,172.32,0.85,-1,-1,-1
94,415,2080.84,336.26,94.57,73.21,0.81,-1,-1,-1
94,416,1920.00,361.46,100.92,70.58,0.82,-1,-1,-1
94,418,2293.35,232.80,72.45,56.58,0.69,-1,-1,-1
94,419,587.46,1088.27,119.45,144.82,0.67,-1,-1,-1
94,423,510.48,326.12,75.03,71.31,0.76,-1,-1,-1
94,424,2260.09,282.63,38.98,38.74,0.49,-1,-1,-1
94,430,224.56,733.05,52.62,95.12,0.52,-1,-1,-1
94,432,908.59,1166.40,59.28,125.39,0.59,-1,-1,-1
94,433,330.67,768.28,103.22,124.80,0.33,-1,-1,-1
94,435,2085.68,297.43,76.88,42.27,0.64,-1,-1,-1
94,440,2271.63,473.90,44.29,66.99,0.51,-1,-1,-1
94,442,499.72,488.25,44.53,56.23,0.73,-1,-1,-1
94,443,2222.28,479.01,39.66,74.88,0.66,-1,-1,-1
94,445,1724.85,376.47,30.56,59.36,0.47,-1,-1,-1
94,450,196.34,801.59,57.48,125.72,0.80,-1,-1,-1
94,451,1497.99,300.27,122.23,62.61,0.76,-1,-1,-1
94,453,2360.83,837.71,59.32,134.65,0.60,-1,-1,-1
94,455,793.17,343.46,24.98,52.48,0.26,-1,-1,-1
94,456,2193.00,868.09,61.61,123.88,0.52,-1,-1,-1
94,457,2386.15,355.32,27.45,48.19,0.58,-1,-1,-1
94,444,2218.98,304.94,45.17,42.54,0.54,-1,-1,-1
94,464,219.63,471.60,192.04,95.82,0.88,-1,-1,-1
94,466,632.17,1073.73,56.97,113.86,0.47,-1,-1,-1
94,467,590.89,847.56,58.85,100.43,0.45,-1,-1,-1
94,470,2385.10,198.55,63.88,51.11,0.57,-1,-1,-1
94,366,2336.15,370.08,29.28,55.86,0.52,-1,-1,-1
94,474,2492.94,299.23,82.63,55.69,0.76,-1,-1,-1
94,481,1196.53,776.88,48.06,75.28,0.32,-1,-1,-1
94,483,318.33,1106.13,81.47,151.23,0.43,-1,-1,-1
94,484,2467.93,154.05,52.57,34.72,0.25,-1,-1,-1
94,486,2505.03,796.59,57.10,111.26,0.75,-1,-1,-1
94,487,2481.21,571.66,40.33,91.06,0.66,-1,-1,-1
94,489,1678.78,510.54,39.12,66.85,0.56,-1,-1,-1
94,446,1657.68,538.21,83.40,56.99,0.62,-1,-1,-1
94,491,321.55,1098.34,70.36,133.84,0.73,-1,-1,-1
94,492,696.79,601.33,69.65,50.71,0.61,-1,-1,-1
94,493,2579.10,354.31,101.47,66.33,0.66,-1,-1,-1
94,441,1261.00,529.48,23.98,44.06,0.56,-1,-1,-1
94,426,324.95,214.18,64.18,57.71,0.54,-1,-1,-1
94,500,824.04,646.56,94.43,62.10,0.44,-1,-1,-1
94,501,1790.37,1123.78,105.31,115.32,0.73,-1,-1,-1
94,502,717.05,494.94,32.63,55.45,0.64,-1,-1,-1
94,503,39.12,433.06,143.32,79.81,0.88,-1,-1,-1
94,504,1621.31,1230.04,80.48,141.74,0.70,-1,-1,-1
94,505,1696.59,1106.52,97.46,136.54,0.59,-1,-1,-1
94,425,1089.21,801.06,78.46,91.29,0.68,-1,-1,-1
94,449,342.86,738.26,76.60,143.68,0.11,-1,-1,-1
94,506,931.43,482.08,87.36,63.60,0.60,-1,-1,-1
94,508,1884.72,363.13,24.32,42.10,0.67,-1,-1,-1
94,509,2458.22,177.24,45.48,42.41,0.49,-1,-1,-1
94,434,864.13,621.96,40.56,63.28,0.14,-1,-1,-1
94,512,1799.86,1306.82,118.66,162.02,0.75,-1,-1,-1
94,514,902.89,1178.19,70.86,120.02,0.25,-1,-1,-1
94,515,1493.73,1206.88,63.01,98.39,0.62,-1,-1,-1
94,516,1661.81,1286.72,85.82,147.73,0.53,-1,-1,-1
94,460,2057.21,327.97,70.62,50.90,0.35,-1,-1,-1
94,518,772.14,331.05,24.42,50.75,0.58,-1,-1,-1
94,520,957.60,466.62,31.99,59.27,0.46,-1,-1,-1
95,123,553.69,625.71,202.00,135.48,0.89,-1,-1,-1
95,381,207.47,639.13,89.19,71.57,0.60,-1,-1,-1
95,400,688.59,745.60,270.63,150.14,0.90,-1,-1,-1
95,401,527.66,893.61,343.51,200.31,0.90,-1,-1,-1
95,402,2066.65,407.62,123.96,75.70,0.85,-1,-1,-1
95,403,1893.36,475.30,180.05,90.04,0.84,-1,-1,-1
95,404,954.73,676.36,279.97,134.74,0.91,-1,-1,-1
95,406,2299.79,285.06,83.38,58.34,0.80,-1,-1,-1
95,407,2496.74,193.07,64.10,43.97,0.66,-1,-1,-1
95,409,1204.11,569.05,233.00,114.41,0.89,-1,-1,-1
95,410,2225.23,341.99,101.95,66.15,0.79,-1,-1,-1
95,411,1998.60,376.62,104.64,74.15,0.86,-1,-1,-1
95,412,762.36,543.57,219.68,97.35,0.89,-1,-1,-1
95,413,546.02,380.42,114.73,86.00,0.81,-1,-1,-1
95,414,453.71,725.42,166.17,172.27,0.85,-1,-1,-1
95,415,2080.36,335.93,93.88,72.39,0.77,-1,-1,-1
95,416,1918.64,361.79,100.50,70.53,0.84,-1,-1,-1
95,418,2293.13,233.18,71.58,55.70,0.70,-1,-1,-1
95,419,578.54,1082.29,124.04,153.49,0.64,-1,-1,-1
95,423,509.62,325.83,75.73,71.97,0.75,-1,-1,-1
95,424,2256.53,280.84,41.12,40.81,0.47,-1,-1,-1
95,430,220.31,737.75,52.01,94.85,0.67,-1,-1,-1
95,432,911.80,1171.02,59.60,126.89,0.65,-1,-1,-1
95,433,327.70,761.20,102.12,127.51,0.43,-1,-1,-1
95,435,2084.09,298.19,79.42,43.71,0.63,-1,-1,-1
95,440,2273.18,470.97,44.35,68.08,0.53,-1,-1,-1
95,442,501.56,487.97,46.01,58.24,0.72,-1,-1,-1
95,443,2224.92,474.92,37.70,70.65,0.52,-1,-1,-1
95,445,1724.21,376.00,30.90,59.97,0.50,-1,-1,-1
95,450,194.26,801.88,59.97,131.92,0.79,-1,-1,-1
95,451,1496.68,299.10,125.13,64.15,0.75,-1,-1,-1
95,453,2359.54,837.05,59.51,135.20,0.57,-1,-1,-1
95,455,791.57,343.31,25.07,52.03,0.39,-1,-1,-1
95,456,2191.92,866.53,61.84,124.99,0.58,-1,-1,-1
95,457,2387.34,354.43,27.58,48.06,0.53,-1,-1,-1
95,444,2217.94,307.60,43.53,40.33,0.60,-1,-1,-1
95,464,222.71,472.72,192.53,97.30,0.88,-1,-1,-1
95,466,618.55,1072.02,64.16,127.43,0.52,-1,-1,-1
95,467,590.02,858.69,55.67,93.19,0.37,-1,-1,-1
95,470,2383.92,199.25,63.58,51.25,0.62,-1,-1,-1
95,366,2337.67,368.18,28.74,54.90,0.48,-1,-1,-1
95,474,2492.11,298.77,82.96,56.01,0.77,-1,-1,-1
95,481,1198.40,774.34,48.36,75.00,0.27,-1,-1,-1
95,483,322.86,1119.07,77.53,144.57,0.50,-1,-1,-1
95,484,2466.45,154.02,53.40,35.26,0.23,-1,-1,-1
95,486,2504.57,798.47,56.83,110.36,0.71,-1,-1,-1
95,487,2480.82,572.30,39.91,90.74,0.67,-1,-1,-1
95,489,1689.54,511.92,37.93,64.57,0.53,-1,-1,-1
95,446,1667.99,539.90,81.70,55.66,0.39,-1,-1,-1
95,491,325.76,1107.85,68.22,128.56,0.66,-1,-1,-1
95,492,699.28,599.93,74.56,53.93,0.59,-1,-1,-1
95,493,2578.81,353.72,101.99,65.82,0.69,-1,-1,-1
95,441,1259.90,529.72,24.54,44.31,0.59,-1,-1,-1
95,426,325.26,217.08,61.63,54.81,0.55,-1,-1,-1
95,500,816.05,646.69,95.17,62.61,0.57,-1,-1,-1
95,501,1783.05,1118.84,101.12,111.78,0.66,-1,-1,-1
95,502,715.00,494.28,31.48,53.09,0.54,-1,-1,-1
95,503,43.55,433.86,147.16,78.71,0.90,-1,-1,-1
95,504,1629.20,1237.97,77.36,133.44,0.50,-1,-1,-1
95,505,1684.74,1097.46,95.89,134.84,0.46,-1,-1,-1
95,425,1091.01,795.99,79.86,94.22,0.63,-1,-1,-1
95,449,339.37,724.47,79.24,151.29,0.48,-1,-1,-1
95,506,922.68,477.88,90.91,66.62,0.58,-1,-1,-1
95,508,1878.58,366.96,24.50,40.58,0.68,-1,-1,-1
95,509,2457.69,178.45,44.84,41.65,0.46,-1,-1,-1
95,512,1805.74,1297.53,116.54,164.11,0.75,-1,-1,-1
95,514,905.77,1176.74,72.53,124.80,0.36,-1,-1,-1
95,515,1501.80,1204.24,60.84,94.20,0.57,-1,-1,-1
95,516,1673.14,1276.76,80.73,139.38,0.25,-1,-1,-1
95,460,2055.02,327.58,70.84,52.25,0.29,-1,-1,-1
95,518,768.82,328.28,27.60,57.57,0.58,-1,-1,-1
95,520,947.00,466.18,32.47,60.37,0.49,-1,-1,-1
95,522,709.84,560.73,35.16,67.63,0.58,-1,-1,-1
96,123,554.15,626.97,200.99,134.66,0.89,-1,-1,-1
96,381,203.71,632.41,92.41,76.36,0.64,-1,-1,-1
96,400,686.63,745.62,273.82,151.72,0.91,-1,-1,-1
96,401,521.88,895.51,343.35,200.21,0.91,-1,-1,-1
96,402,2071.86,405.01,123.37,75.55,0.87,-1,-1,-1
96,403,1904.30,473.01,176.21,88.77,0.84,-1,-1,-1
96,404,955.19,676.43,280.16,134.75,0.91,-1,-1,-1
96,406,2302.67,284.30,81.70,57.15,0.76,-1,-1,-1
96,407,2499.04,191.00,64.49,44.21,0.66,-1,-1,-1
96,409,1219.45,570.58,229.99,112.40,0.89,-1,-1,-1
96,410,2228.04,339.66,101.15,65.97,0.81,-1,-1,-1
96,411,1998.28,376.62,104.75,74.22,0.86,-1,-1,-1
96,412,780.35,547.59,216.58,95.85,0.89,-1,-1,-1
96,413,545.56,381.01,113.54,85.00,0.81,-1,-1,-1
96,414,451.85,726.91,164.63,171.78,0.85,-1,-1,-1
96,415,2080.32,335.90,91.19,69.40,0.72,-1,-1,-1
96,416,1917.92,361.79,100.49,70.76,0.84,-1,-1,-1
96,418,2292.58,232.88,71.05,55.25,0.69,-1,-1,-1
96,419,573.55,1079.01,121.15,152.31,0.55,-1,-1,-1
96,423,508.86,326.05,76.10,72.40,0.73,-1,-1,-1
96,424,2253.31,276.44,45.58,45.63,0.45,-1,-1,-1
96,430,211.83,741.02,52.80,96.04,0.53,-1,-1,-1
96,432,915.48,1175.79,62.19,132.26,0.60,-1,-1,-1
96,433,328.08,764.58,94.31,120.40,0.57,-1,-1,-1
96,435,2083.30,298.56,81.25,44.79,0.59,-1,-1,-1
96,440,2273.89,468.67,44.75,69.81,0.57,-1,-1,-1
96,442,504.66,487.64,47.37,60.74,0.56,-1,-1,-1
96,443,2226.70,472.07,38.28,71.72,0.61,-1,-1,-1
96,445,1723.78,376.23,30.86,59.88,0.51,-1,-1,-1
96,450,192.90,804.39,59.46,131.55,0.68,-1,-1,-1
96,451,1495.61,299.02,126.26,64.86,0.68,-1,-1,-1
96,453,2359.33,836.73,59.43,135.36,0.56,-1,-1,-1
96,455,790.96,343.71,25.09,51.42,0.44,-1,-1,-1
96,456,2191.18,864.12,61.87,125.91,0.59,-1,-1,-1
96,457,2386.78,353.11,30.19,52.74,0.53,-1,-1,-1
96,444,2216.44,303.74,47.96,44.10,0.53,-1,-1,-1
96,464,226.58,474.72,190.61,97.38,0.89,-1,-1,-1
96,466,605.67,1073.88,68.64,132.80,0.49,-1,-1,-1
96,467,590.53,866.39,53.00,86.12,0.47,-1,-1,-1
96,470,2384.12,201.59,61.23,49.34,0.63,-1,-1,-1
96,366,2338.86,365.95,28.73,54.93,0.47,-1,-1,-1
96,474,2491.02,298.55,83.47,56.41,0.75,-1,-1,-1
96,481,1199.48,769.91,49.05,75.86,0.47,-1,-1,-1
96,483,330.28,1145.71,74.01,136.66,0.49,-1,-1,-1
96,484,2465.23,153.33,52.58,34.48,0.21,-1,-1,-1
96,486,2501.29,798.99,59.39,115.14,0.66,-1,-1,-1
96,487,2480.40,572.71,39.46,90.22,0.65,-1,-1,-1
96,489,1698.37,512.51,38.56,66.12,0.51,-1,-1,-1
96,446,1675.72,540.06,83.19,56.59,0.38,-1,-1,-1
96,491,327.54,1117.55,69.80,131.72,0.55,-1,-1,-1
96,492,706.68,601.18,74.49,53.44,0.60,-1,-1,-1
96,493,2573.04,353.80,112.37,72.53,0.63,-1,-1,-1
96,441,1258.26,530.25,27.10,48.52,0.58,-1,-1,-1
96,426,323.54,215.30,63.89,56.64,0.60,-1,-1,-1
96,500,810.69,648.44,92.25,60.33,0.57,-1,-1,-1
96,501,1771.27,1111.00,100.20,111.16,0.70,-1,-1,-1
96,502,711.81,492.01,30.47,50.97,0.44,-1,-1,-1
96,503,49.03,434.82,151.53,78.44,0.90,-1,-1,-1
96,504,1629.61,1225.04,79.90,139.44,0.55,-1,-1,-1
96,505,1674.72,1090.17,95.28,134.18,0.59,-1,-1,-1
96,425,1093.74,793.72,79.39,95.02,0.65,-1,-1,-1
96,449,340.49,718.30,66.08,127.09,0.51,-1,-1,-1
96,506,914.41,477.85,88.70,64.78,0.55,-1,-1,-1
96,508,1873.79,370.14,24.80,38.98,0.68,-1,-1,-1
96,509,2456.60,181.56,43.13,39.94,0.42,-1,-1,-1
96,512,1814.18,1287.24,110.40,159.99,0.78,-1,-1,-1
96,514,907.63,1180.62,75.04,130.81,0.55,-1,-1,-1
96,515,1501.66,1204.58,69.02,108.00,0.62,-1,-1,-1
96,516,1679.61,1269.72,74.77,130.81,0.35,-1,-1,-1
96,460,2055.82,328.41,73.17,54.31,0.19,-1,-1,-1
96,518,767.44,326.61,28.46,59.61,0.57,-1,-1,-1
96,520,939.37,465.60,32.38,60.52,0.51,-1,-1,-1
96,522,715.49,562.52,34.99,67.32,0.64,-1,-1,-1
96,434,842.58,612.00,45.21,72.18,0.50,-1,-1,-1
97,123,554.11,627.54,201.12,134.63,0.89,-1,-1,-1
97,381,199.35,622.71,97.65,84.04,0.56,-1,-1,-1
97,400,683.31,745.36,279.50,155.01,0.90,-1,-1,-1
97,401,516.26,897.90,340.34,197.51,0.92,-1,-1,-1
97,402,2077.25,401.96,123.33,75.81,0.85,-1,-1,-1
97,403,1915.98,471.70,170.23,86.28,0.86,-1,-1,-1
97,404,955.26,676.51,280.31,134.71,0.92,-1,-1,-1
97,406,2304.94,283.55,80.15,55.78,0.77,-1,-1,-1
97,407,2501.69,188.89,64.15,44.14,0.68,-1,-1,-1
97,409,1236.28,572.36,226.38,110.03,0.90,-1,-1,-1
97,410,2231.48,337.55,99.47,65.16,0.78,-1,-1,-1
97,411,1997.15,376.63,104.49,74.04,0.86,-1,-1,-1
97,412,791.45,550.36,217.81,95.98,0.92,-1,-1,-1
97,413,544.90,380.98,113.85,85.25,0.81,-1,-1,-1
97,414,451.10,727.64,164.22,172.30,0.85,-1,-1,-1
97,415,2081.43,336.51,88.76,66.87,0.75,-1,-1,-1
97,416,1917.02,361.57,100.53,71.11,0.83,-1,-1,-1
97,418,2293.36,234.95,68.06,52.62,0.67,-1,-1,-1
97,419,572.85,1076.59,115.61,146.77,0.57,-1,-1,-1
97,423,508.78,327.06,75.20,71.54,0.71,-1,-1,-1
97,424,2250.33,271.17,50.48,49.92,0.48,-1,-1,-1
97,430,204.89,744.95,52.47,95.76,0.61,-1,-1,-1
97,432,918.65,1180.17,62.73,132.07,0.57,-1,-1,-1
97,433,327.79,757.60,92.92,122.80,0.52,-1,-1,-1
97,435,2082.79,298.79,81.21,44.78,0.62,-1,-1,-1
97,440,2277.12,466.66,41.03,64.70,0.43,-1,-1,-1
97,442,508.61,491.11,46.30,59.72,0.57,-1,-1,-1
97,443,2229.11,469.84,38.16,71.58,0.56,-1,-1,-1
97,445,1723.24,376.34,31.00,60.08,0.53,-1,-1,-1
97,450,191.73,805.83,60.43,133.13,0.68,-1,-1,-1
97,451,1494.77,299.19,125.11,64.52,0.55,-1,-1,-1
97,453,2358.76,837.57,59.57,135.67,0.59,-1,-1,-1
97,455,791.09,343.78,24.92,50.55,0.48,-1,-1,-1
97,456,2189.07,861.20,60.38,123.95,0.62,-1,-1,-1
97,457,2387.01,352.17,30.74,53.69,0.51,-1,-1,-1
97,444,2215.71,303.04,49.43,45.11,0.49,-1,-1,-1
97,464,231.33,476.96,188.83,97.59,0.91,-1,-1,-1
97,466,602.08,1073.01,69.95,132.46,0.55,-1,-1,-1
97,467,590.62,871.50,51.90,82.18,0.57,-1,-1,-1
97,470,2384.23,204.04,59.20,47.33,0.64,-1,-1,-1
97,366,2340.22,363.72,28.20,54.02,0.46,-1,-1,-1
97,474,2491.06,298.65,83.02,56.20,0.72,-1,-1,-1
97,481,1199.66,763.38,51.91,80.58,0.57,-1,-1,-1
97,483,332.94,1152.79,75.99,139.56,0.57,-1,-1,-1
97,484,2465.49,152.81,51.56,33.82,0.22,-1,-1,-1
97,486,2498.02,799.97,61.95,120.46,0.70,-1,-1,-1
97,487,2479.72,572.64,39.52,90.68,0.64,-1,-1,-1
97,489,1707.04,514.14,38.37,65.51,0.48,-1,-1,-1
97,446,1685.36,541.86,83.02,56.11,0.57,-1,-1,-1
97,491,328.78,1127.38,72.26,137.50,0.65,-1,-1,-1
97,492,712.34,596.35,82.16,59.36,0.53,-1,-1,-1
97,493,2570.78,355.02,116.31,75.08,0.68,-1,-1,-1
97,441,1257.18,530.24,29.15,51.88,0.55,-1,-1,-1
97,426,321.56,212.82,66.76,59.27,0.52,-1,-1,-1
97,500,801.70,647.00,94.68,61.81,0.45,-1,-1,-1
97,501,1763.51,1103.75,98.21,109.80,0.77,-1,-1,-1
97,502,703.17,492.46,42.33,72.49,0.67,-1,-1,-1
97,503,54.25,435.39,157.62,79.50,0.89,-1,-1,-1
97,504,1632.08,1216.03,79.66,141.34,0.59,-1,-1,-1
97,505,1664.29,1079.02,96.51,136.75,0.71,-1,-1,-1
97,425,1095.86,791.86,78.08,94.55,0.61,-1,-1,-1
97,449,341.66,713.11,58.66,112.94,0.54,-1,-1,-1
97,506,908.49,484.19,80.67,58.64,0.57,-1,-1,-1
97,508,1868.58,371.15,26.47,40.26,0.71,-1,-1,-1
97,509,2455.72,181.66,44.14,40.80,0.43,-1,-1,-1
97,512,1822.43,1277.36,106.32,157.52,0.75,-1,-1,-1
97,514,910.78,1188.69,75.11,131.24,0.57,-1,-1,-1
97,515,1504.80,1208.17,66.46,104.72,0.62,-1,-1,-1
97,516,1688.11,1259.74,74.17,129.60,0.32,-1,-1,-1
97,518,767.30,332.07,27.60,57.98,0.51,-1,-1,-1
97,520,932.47,465.29,31.08,58.10,0.56,-1,-1,-1
97,522,724.85,566.29,36.87,70.92,0.57,-1,-1,-1
97,434,835.51,609.95,44.77,72.70,0.42,-1,-1,-1
98,123,554.15,628.36,200.88,134.30,0.89,-1,-1,-1
98,381,201.01,620.07,94.16,84.47,0.53,-1,-1,-1
98,400,680.70,745.22,283.70,157.68,0.91,-1,-1,-1
98,401,510.15,900.17,338.01,194.85,0.89,-1,-1,-1
98,402,2084.53,399.25,121.54,74.95,0.82,-1,-1,-1
98,403,1927.71,470.73,164.92,83.87,0.85,-1,-1,-1
98,404,955.53,676.54,281.62,135.24,0.93,-1,-1,-1
98,406,2307.47,282.47,78.95,54.75,0.79,-1,-1,-1
98,407,2504.22,188.12,62.91,43.34,0.70,-1,-1,-1
98,409,1251.85,572.99,226.28,109.25,0.88,-1,-1,-1
98,410,2235.02,336.18,96.95,63.61,0.78,-1,-1,-1
98,411,1996.47,376.91,103.86,73.52,0.85,-1,-1,-1
98,412,802.80,552.59,220.52,96.83,0.90,-1,-1,-1
98,413,544.76,381.59,112.98,84.61,0.82,-1,-1,-1
98,414,452.00,728.24,163.40,172.09,0.86,-1,-1,-1
98,415,2079.76,336.65,90.75,68.01,0.73,-1,-1,-1
98,416,1916.45,361.31,100.65,71.56,0.82,-1,-1,-1
98,418,2291.77,234.45,69.56,53.87,0.60,-1,-1,-1
98,419,570.33,1076.57,112.34,143.07,0.58,-1,-1,-1
98,423,508.30,326.94,75.35,71.74,0.71,-1,-1,-1
98,424,2249.14,269.51,52.38,50.98,0.53,-1,-1,-1
98,430,196.59,748.98,53.02,95.61,0.59,-1,-1,-1
98,432,918.64,1186.71,63.62,132.89,0.49,-1,-1,-1
98,433,329.13,757.50,87.60,119.14,0.48,-1,-1,-1
98,435,2082.45,298.82,81.24,44.78,0.64,-1,-1,-1
98,440,2279.69,464.39,39.16,62.17,0.29,-1,-1,-1
98,442,512.77,495.37,45.70,58.75,0.73,-1,-1,-1
98,443,2231.72,467.36,37.34,70.20,0.54,-1,-1,-1
98,445,1722.88,376.59,31.18,60.38,0.54,-1,-1,-1
98,450,191.10,810.79,59.90,130.75,0.71,-1,-1,-1
98,451,1494.85,299.47,124.44,64.33,0.59,-1,-1,-1
98,453,2357.99,837.70,59.75,135.81,0.63,-1,-1,-1
98,455,790.68,344.15,25.39,51.22,0.41,-1,-1,-1
98,456,2188.68,858.93,57.99,119.49,0.62,-1,-1,-1
98,457,2388.46,351.38,30.33,53.00,0.41,-1,-1,-1
98,444,2214.73,303.28,49.81,45.22,0.53,-1,-1,-1
98,464,235.70,479.29,187.18,97.91,0.91,-1,-1,-1
98,466,598.78,1072.12,71.80,133.74,0.50,-1,-1,-1
98,467,590.27,873.48,52.58,81.84,0.61,-1,-1,-1
98,470,2383.00,204.43,59.50,47.35,0.64,-1,-1,-1
98,366,2341.54,361.29,27.80,53.54,0.46,-1,-1,-1
98,474,2490.92,298.70,82.74,56.07,0.73,-1,-1,-1
98,481,1201.09,761.79,51.77,80.79,0.50,-1,-1,-1
98,483,332.39,1145.88,83.34,154.29,0.40,-1,-1,-1
98,484,2464.43,152.87,51.53,33.89,0.21,-1,-1,-1
98,486,2496.32,801.92,62.70,122.31,0.71,-1,-1,-1
98,487,2479.09,572.91,39.47,90.62,0.64,-1,-1,-1
98,489,1716.01,516.69,36.43,62.18,0.65,-1,-1,-1
98,446,1693.36,542.17,82.65,55.83,0.50,-1,-1,-1
98,491,333.06,1137.72,76.59,145.06,0.70,-1,-1,-1
98,492,721.14,595.78,81.99,59.77,0.37,-1,-1,-1
98,493,2574.38,354.32,109.95,70.23,0.64,-1,-1,-1
98,441,1255.76,530.40,31.27,55.60,0.54,-1,-1,-1
98,426,320.53,212.38,67.24,59.70,0.49,-1,-1,-1
98,500,793.85,646.11,96.48,63.13,0.49,-1,-1,-1
98,501,1755.94,1099.28,93.79,105.55,0.65,-1,-1,-1
98,502,698.44,492.16,45.04,79.05,0.73,-1,-1,-1
98,503,59.80,436.20,162.73,80.16,0.87,-1,-1,-1
98,504,1644.24,1214.50,82.89,141.94,0.66,-1,-1,-1
98,505,1657.49,1076.28,92.02,130.66,0.52,-1,-1,-1
98,425,1098.08,787.39,79.73,97.72,0.62,-1,-1,-1
98,449,341.55,710.05,53.93,103.89,0.52,-1,-1,-1
98,506,901.19,486.17,78.65,56.99,0.57,-1,-1,-1
98,508,1864.07,371.59,27.98,41.46,0.66,-1,-1,-1
98,509,2455.55,181.79,44.27,40.81,0.45,-1,-1,-1
98,512,1826.62,1268.52,104.74,158.62,0.66,-1,-1,-1
98,514,912.66,1193.35,75.45,132.54,0.48,-1,-1,-1
98,515,1508.52,1205.26,63.99,101.71,0.45,-1,-1,-1
98,516,1698.00,1253.44,74.68,128.78,0.34,-1,-1,-1
98,518,765.82,330.86,26.42,55.70,0.46,-1,-1,-1
98,520,923.24,465.17,32.81,61.65,0.44,-1,-1,-1
98,522,730.69,567.89,38.37,73.77,0.62,-1,-1,-1
98,434,827.75,611.71,44.41,72.36,0.49,-1,-1,-1
99,123,554.37,629.82,200.22,133.61,0.89,-1,-1,-1
99,381,200.30,617.36,92.36,86.02,0.44,-1,-1,-1
99,400,677.82,745.25,288.98,161.33,0.91,-1,-1,-1
99,401,506.28,903.37,335.02,191.43,0.91,-1,-1,-1
99,402,2090.77,397.85,119.33,73.64,0.82,-1,-1,-1
99,403,1934.40,466.65,166.33,85.09,0.88,-1,-1,-1
99,404,955.66,676.65,282.04,135.35,0.92,-1,-1,-1
99,406,2309.57,281.37,78.31,54.14,0.79,-1,-1,-1
99,407,2506.69,188.73,59.74,41.06,0.43,-1,-1,-1
99,409,1267.12,572.57,226.41,108.90,0.89,-1,-1,-1
99,410,2238.28,334.46,95.48,62.89,0.82,-1,-1,-1
99,411,1995.04,376.77,104.84,74.25,0.83,-1,-1,-1
99,412,812.65,553.74,228.03,100.42,0.90,-1,-1,-1
99,413,544.62,381.84,113.94,85.27,0.79,-1,-1,-1
99,414,451.39,729.26,162.47,172.13,0.86,-1,-1,-1
99,415,2077.80,336.70,94.00,70.40,0.76,-1,-1,-1
99,416,1916.46,361.76,99.89,71.21,0.82,-1,-1,-1
99,418,2289.58,230.94,73.92,57.64,0.55,-1,-1,-1
99,419,565.31,1074.73,114.45,146.57,0.51,-1,-1,-1
99,423,507.82,326.38,76.17,72.68,0.74,-1,-1,-1
99,424,2247.40,269.53,54.08,51.73,0.44,-1,-1,-1
99,430,189.46,752.58,52.56,93.46,0.48,-1,-1,-1
99,432,919.99,1191.34,65.32,135.71,0.51,-1,-1,-1
99,433,330.69,755.42,83.37,116.96,0.60,-1,-1,-1
99,435,2082.38,299.01,81.36,44.83,0.64,-1,-1,-1
99,440,2279.55,460.39,41.45,66.59,0.31,-1,-1,-1
99,442,516.25,499.54,44.85,57.48,0.81,-1,-1,-1
99,443,2233.37,463.07,37.16,70.14,0.62,-1,-1,-1
99,445,1722.33,376.69,31.36,60.62,0.55,-1,-1,-1
99,450,187.76,807.73,61.68,135.14,0.60,-1,-1,-1
99,451,1494.64,299.42,124.63,64.53,0.52,-1,-1,-1
99,453,2356.51,837.64,60.40,136.91,0.63,-1,-1,-1
99,455,789.99,344.01,26.13,52.48,0.44,-1,-1,-1
99,456,2188.74,857.35,56.66,116.77,0.61,-1,-1,-1
99,457,2390.81,350.73,28.02,48.67,0.49,-1,-1,-1
99,444,2213.59,305.16,48.01,43.46,0.51,-1,-1,-1
99,464,239.70,482.03,187.02,98.99,0.90,-1,-1,-1
99,466,599.17,1069.90,69.44,127.15,0.39,-1,-1,-1
99,467,592.82,883.49,47.34,71.06,0.61,-1,-1,-1
99,470,2382.48,207.66,56.60,44.61,0.64,-1,-1,-1
99,366,2342.32,359.79,27.77,53.76,0.49,-1,-1,-1
99,474,2490.07,298.96,82.54,56.05,0.72,-1,-1,-1
99,481,1203.36,762.51,50.45,78.89,0.39,-1,-1,-1
99,483,337.32,1149.72,82.66,153.84,0.71,-1,-1,-1
99,484,2462.53,154.29,51.93,34.13,0.22,-1,-1,-1
99,486,2496.38,805.32,59.90,117.28,0.68,-1,-1,-1
99,487,2478.25,573.87,39.24,89.99,0.65,-1,-1,-1
99,489,1722.31,516.31,38.52,65.72,0.56,-1,-1,-1
99,446,1701.62,542.64,84.17,57.01,0.60,-1,-1,-1
99,491,337.35,1150.25,81.30,154.46,0.32,-1,-1,-1
99,492,728.63,598.42,78.61,57.35,0.53,-1,-1,-1
99,493,2571.14,356.85,115.93,74.13,0.64,-1,-1,-1
99,441,1253.81,530.63,34.67,61.99,0.51,-1,-1,-1
99,426,318.12,209.02,70.25,62.84,0.50,-1,-1,-1
99,500,788.43,646.97,93.78,61.13,0.55,-1,-1,-1
99,501,1743.70,1083.69,100.27,114.75,0.56,-1,-1,-1
99,502,695.14,493.32,43.90,78.32,0.67,-1,-1,-1
99,503,63.63,436.90,167.59,80.83,0.87,-1,-1,-1
99,504,1645.26,1214.53,81.02,137.75,0.51,-1,-1,-1
99,505,1647.90,1072.88,89.55,127.14,0.54,-1,-1,-1
99,425,1101.85,787.26,76.72,94.54,0.66,-1,-1,-1
99,449,341.54,707.97,51.17,98.76,0.52,-1,-1,-1
99,506,894.84,486.59,76.45,54.79,0.54,-1,-1,-1
99,508,1859.37,373.61,28.42,41.17,0.51,-1,-1,-1
99,509,2454.23,181.78,44.34,40.96,0.46,-1,-1,-1
99,512,1834.15,1262.20,102.09,157.63,0.59,-1,-1,-1
99,514,917.00,1199.67,73.30,130.18,0.47,-1,-1,-1
99,515,1513.07,1205.30,58.22,93.53,0.42,-1,-1,-1
99,516,1709.11,1255.63,68.34,115.36,0.40,-1,-1,-1
99,518,763.87,328.49,26.80,56.88,0.55,-1,-1,-1
99,520,913.95,463.78,32.51,61.08,0.40,-1,-1,-1
99,522,737.27,568.48,36.91,70.97,0.60,-1,-1,-1
99,434,821.45,613.16,44.34,73.64,0.40,-1,-1,-1
99,523,346.61,306.24,30.07,54.89,0.54,-1,-1,-1
100,123,554.53,630.91,199.82,133.05,0.90,-1,-1,-1
100,381,201.44,615.62,90.42,87.36,0.50,-1,-1,-1
100,400,674.86,745.41,294.37,165.35,0.90,-1,-1,-1
100,401,502.29,906.07,331.58,187.70,0.89,-1,-1,-1
100,402,2095.27,393.79,119.37,74.07,0.81,-1,-1,-1
100,403,1942.94,463.95,164.22,84.51,0.89,-1,-1,-1
100,404,954.24,676.94,284.54,136.50,0.92,-1,-1,-1
100,406,2312.01,280.29,77.76,53.57,0.76,-1,-1,-1
100,407,2508.34,188.92,58.15,39.89,0.47,-1,-1,-1
100,409,1279.65,571.67,229.60,110.00,0.89,-1,-1,-1
100,410,2240.96,332.80,94.49,62.55,0.83,-1,-1,-1
100,411,1993.89,376.83,104.85,74.19,0.84,-1,-1,-1
100,412,823.69,554.09,231.91,102.23,0.91,-1,-1,-1
100,413,544.43,381.97,114.10,85.34,0.80,-1,-1,-1
100,414,451.93,729.90,162.48,172.77,0.85,-1,-1,-1
100,415,2076.51,336.85,95.69,71.75,0.76,-1,-1,-1
100,416,1916.87,362.73,98.76,70.33,0.81,-1,-1,-1
100,418,2290.08,233.65,70.66,55.02,0.59,-1,-1,-1
100,419,563.99,1079.80,110.56,140.87,0.54,-1,-1,-1
100,423,507.20,326.05,76.55,73.09,0.75,-1,-1,-1
100,424,2246.30,269.83,55.31,51.95,0.56,-1,-1,-1
100,430,179.90,758.87,49.55,86.90,0.46,-1,-1,-1
100,432,923.82,1197.63,64.03,132.32,0.71,-1,-1,-1
100,433,329.93,753.13,80.29,116.15,0.54,-1,-1,-1
100,435,2082.76,299.39,80.18,44.08,0.67,-1,-1,-1
100,440,2281.36,457.22,39.49,63.85,0.37,-1,-1,-1
100,442,519.17,501.75,44.76,57.30,0.75,-1,-1,-1
100,443,2234.72,459.64,37.19,70.13,0.66,-1,-1,-1
100,445,1721.81,376.89,31.41,60.75,0.57,-1,-1,-1
100,450,186.11,809.22,61.34,134.32,0.58,-1,-1,-1
100,451,1494.85,298.99,126.10,65.29,0.53,-1,-1,-1
100,453,2355.91,837.96,60.92,138.24,0.57,-1,-1,-1
100,455,788.33,344.49,27.95,56.30,0.51,-1,-1,-1
100,456,2188.41,855.88,56.61,116.66,0.64,-1,-1,-1
100,457,2391.93,350.10,27.28,47.40,0.50,-1,-1,-1
100,444,2214.89,305.77,47.61,42.73,0.56,-1,-1,-1
100,464,243.27,484.23,186.92,100.23,0.88,-1,-1,-1
100,466,595.55,1070.56,70.75,127.35,0.36,-1,-1,-1
100,467,595.51,892.06,43.09,62.13,0.59,-1,-1,-1
100,470,2380.71,210.29,54.23,42.50,0.57,-1,-1,-1
100,366,2344.32,357.00,26.39,51.51,0.50,-1,-1,-1
100,474,2489.23,299.18,82.25,56.01,0.73,-1,-1,-1
100,481,1208.22,759.22,48.80,75.86,0.20,-1,-1,-1
100,483,342.61,1157.87,77.09,142.63,0.58,-1,-1,-1
100,484,2462.80,153.97,52.25,34.48,0.28,-1,-1,-1
100,486,2496.28,807.07,58.05,114.44,0.58,-1,-1,-1
100,487,2478.29,573.74,39.33,89.64,0.60,-1,-1,-1
100,489,1731.93,517.25,37.95,64.67,0.52,-1,-1,-1
100,446,1708.83,542.41,86.93,59.05,0.48,-1,-1,-1
100,491,346.11,1171.52,78.06,147.25,0.34,-1,-1,-1
100,492,735.15,600.39,77.87,56.66,0.48,-1,-1,-1
100,493,2569.62,358.42,118.36,75.74,0.63,-1,-1,-1
100,441,1251.01,530.86,39.06,70.66,0.51,-1,-1,-1
100,426,316.69,207.44,71.15,64.18,0.47,-1,-1,-1
100,500,778.97,645.83,96.52,62.80,0.51,-1,-1,-1
100,501,1734.18,1072.60,100.59,117.05,0.69,-1,-1,-1
100,502,695.23,494.84,38.07,67.73,0.63,-1,-1,-1
100,503,69.45,437.35,170.98,81.17,0.89,-1,-1,-1
100,504,1659.20,1206.48,72.79,121.28,0.59,-1,-1,-1
100,505,1637.12,1063.66,90.80,129.28,0.54,-1,-1,-1
100,425,1105.63,786.72,75.21,92.77,0.69,-1,-1,-1
100,449,337.09,704.83,58.90,115.43,0.57,-1,-1,-1
100,506,882.98,477.60,87.63,63.16,0.59,-1,-1,-1
100,508,1853.96,377.66,28.27,40.07,0.46,-1,-1,-1
100,509,2452.83,180.91,44.57,41.32,0.45,-1,-1,-1
100,512,1842.02,1250.67,97.86,154.21,0.54,-1,-1,-1
100,514,919.36,1199.22,74.16,132.39,0.12,-1,-1,-1
100,515,1515.59,1200.88,54.73,90.15,0.44,-1,-1,-1
100,516,1706.94,1240.61,76.63,131.40,0.14,-1,-1,-1
100,518,761.91,325.73,27.62,59.08,0.57,-1,-1,-1
100,520,905.41,462.86,32.79,61.57,0.42,-1,-1,-1
100,522,745.86,569.76,37.17,71.47,0.51,-1,-1,-1
100,434,812.05,606.73,47.89,80.96,0.49,-1,-1,-1
100,523,346.16,307.88,30.78,56.27,0.51,-1,-1,-1
101,123,554.35,631.04,200.30,133.24,0.89,-1,-1,-1
101,381,201.93,611.91,91.28,91.55,0.44,-1,-1,-1
101,400,674.02,746.09,295.79,167.12,0.90,-1,-1,-1
101,401,499.25,908.32,328.42,184.23,0.86,-1,-1,-1
101,402,2099.25,391.11,118.60,73.83,0.84,-1,-1,-1
101,403,1953.41,461.88,159.69,82.41,0.88,-1,-1,-1
101,404,953.88,677.46,285.95,137.13,0.90,-1,-1,-1
101,406,2313.00,278.39,78.52,54.18,0.73,-1,-1,-1
101,407,2510.81,186.95,57.88,39.58,0.55,-1,-1,-1
101,409,1294.20,570.67,230.45,110.24,0.91,-1,-1,-1
101,410,2242.21,329.93,95.40,63.54,0.80,-1,-1,-1
101,411,1993.49,377.02,104.59,73.95,0.83,-1,-1,-1
101,412,836.97,555.71,233.26,103.21,0.87,-1,-1,-1
101,413,545.06,383.53,112.82,84.08,0.82,-1,-1,-1
101,414,450.03,730.73,161.33,172.81,0.86,-1,-1,-1
101,415,2075.39,337.07,95.23,71.07,0.74,-1,-1,-1
101,416,1917.43,363.32,98.14,69.76,0.82,-1,-1,-1
101,418,2287.99,233.44,71.91,56.22,0.54,-1,-1,-1
101,419,562.22,1081.75,108.31,137.21,0.69,-1,-1,-1
101,423,506.97,326.78,75.10,71.62,0.76,-1,-1,-1
101,424,2248.87,269.91,55.02,51.69,0.64,-1,-1,-1
101,430,169.61,764.79,55.02,97.14,0.47,-1,-1,-1
101,432,927.73,1198.43,64.47,133.28,0.65,-1,-1,-1
101,433,331.57,750.25,76.79,113.67,0.43,-1,-1,-1
101,435,2082.82,299.56,80.59,44.15,0.67,-1,-1,-1
101,440,2281.24,454.35,40.12,65.38,0.36,-1,-1,-1
101,442,523.30,504.97,44.09,56.41,0.68,-1,-1,-1
101,443,2236.17,455.47,37.58,71.09,0.61,-1,-1,-1
101,445,1720.60,376.41,31.56,61.25,0.55,-1,-1,-1
101,450,186.05,813.01,57.84,125.18,0.53,-1,-1,-1
101,451,1495.59,299.81,124.74,64.34,0.44,-1,-1,-1
101,453,2348.98,832.42,65.05,148.55,0.50,-1,-1,-1
101,455,787.64,345.00,28.86,58.45,0.56,-1,-1,-1
101,456,2188.27,854.97,56.64,116.46,0.59,-1,-1,-1
101,457,2391.86,349.64,28.28,49.41,0.51,-1,-1,-1
101,444,2210.29,297.82,55.71,50.63,0.41,-1,-1,-1
101,464,245.86,485.43,186.78,101.51,0.87,-1,-1,-1
101,466,590.23,1069.40,72.40,129.43,0.47,-1,-1,-1
101,467,594.93,890.66,45.24,63.29,0.60,-1,-1,-1
101,470,2377.81,211.49,54.19,42.37,0.52,-1,-1,-1
101,366,2344.39,354.98,27.26,53.69,0.57,-1,-1,-1
101,474,2487.97,299.11,82.84,56.62,0.74,-1,-1,-1
101,481,1205.49,747.75,56.58,88.80,0.28,-1,-1,-1
101,483,347.66,1167.05,74.38,135.82,0.65,-1,-1,-1
101,484,2459.16,153.78,54.41,35.72,0.33,-1,-1,-1
101,486,2495.92,808.05,57.48,114.21,0.59,-1,-1,-1
101,487,2478.07,572.92,39.97,90.47,0.63,-1,-1,-1
101,489,1739.43,517.03,40.30,68.93,0.60,-1,-1,-1
101,446,1717.45,542.79,87.41,59.54,0.53,-1,-1,-1
101,491,349.18,1177.56,77.28,144.34,0.55,-1,-1,-1
101,492,743.32,596.81,83.00,60.12,0.60,-1,-1,-1
101,493,2569.62,360.02,117.48,74.96,0.60,-1,-1,-1
101,441,1249.07,530.70,41.46,76.00,0.57,-1,-1,-1
101,426,317.14,208.81,69.72,63.11,0.42,-1,-1,-1
101,500,773.59,644.19,97.22,63.57,0.38,-1,-1,-1
101,501,1727.69,1066.33,97.85,115.15,0.63,-1,-1,-1
101,502,693.79,495.81,34.77,61.17,0.51,-1,-1,-1
101,503,75.25,438.13,174.00,81.72,0.89,-1,-1,-1
101,504,1658.78,1206.82,77.63,127.47,0.71,-1,-1,-1
101,505,1630.35,1057.18,88.38,126.57,0.59,-1,-1,-1
101,425,1107.93,786.28,74.24,91.42,0.68,-1,-1,-1
101,449,330.61,701.81,68.98,138.30,0.54,-1,-1,-1
101,506,874.96,475.31,89.41,64.84,0.60,-1,-1,-1
101,508,1849.40,379.22,29.45,41.12,0.62,-1,-1,-1
101,509,2451.29,180.80,44.84,41.55,0.45,-1,-1,-1
101,512,1852.36,1238.91,92.01,147.36,0.69,-1,-1,-1
101,514,923.90,1202.07,72.73,130.63,0.45,-1,-1,-1
101,515,1521.50,1183.09,61.53,102.94,0.40,-1,-1,-1
101,516,1713.05,1234.50,74.00,128.78,0.29,-1,-1,-1
101,518,761.08,327.13,26.73,57.23,0.56,-1,-1,-1
101,520,898.78,461.07,33.08,62.47,0.49,-1,-1,-1
101,522,754.15,570.65,36.61,70.33,0.52,-1,-1,-1
101,434,803.51,598.52,45.15,77.38,0.33,-1,-1,-1
101,523,344.88,309.04,32.14,58.96,0.57,-1,-1,-1
101,526,1857.79,351.87,27.42,52.86,0.56,-1,-1,-1
101,527,1250.47,682.53,42.69,94.23,0.57,-1,-1,-1
101,528,1702.41,1327.43,70.79,170.78,0.68,-1,-1,-1
102,123,554.22,631.28,200.72,133.47,0.89,-1,-1,-1
102,381,202.17,608.84,89.49,93.45,0.39,-1,-1,-1
102,400,673.38,746.31,296.68,168.62,0.90,-1,-1,-1
102,401,487.15,910.53,339.09,189.36,0.83,-1,-1,-1
102,402,2104.31,389.08,116.96,72.90,0.86,-1,-1,-1
102,403,1963.01,460.11,156.65,81.11,0.87,-1,-1,-1
102,404,952.56,677.99,285.86,137.32,0.92,-1,-1,-1
102,406,2315.18,278.02,76.29,52.60,0.70,-1,-1,-1
102,407,2514.08,185.56,57.41,38.84,0.61,-1,-1,-1
102,409,1309.09,571.03,229.94,109.78,0.88,-1,-1,-1
102,410,2244.81,328.03,94.43,62.97,0.81,-1,-1,-1
102,411,1993.17,377.35,104.36,73.77,0.83,-1,-1,-1
102,412,849.59,558.22,233.52,103.20,0.88,-1,-1,-1
102,413,545.58,384.87,111.47,82.73,0.83,-1,-1,-1
102,414,447.50,732.85,160.25,173.30,0.87,-1,-1,-1
102,415,2074.57,337.60,96.55,72.21,0.74,-1,-1,-1
102,416,1916.96,363.69,98.20,69.72,0.82,-1,-1,-1
102,418,2286.71,233.20,72.60,57.06,0.57,-1,-1,-1
102,419,556.47,1078.10,112.09,141.92,0.65,-1,-1,-1
102,423,506.86,327.13,74.42,70.87,0.78,-1,-1,-1
102,424,2249.82,270.23,54.54,51.20,0.66,-1,-1,-1
102,430,159.27,768.54,60.83,108.69,0.49,-1,-1,-1
102,432,933.54,1202.81,62.76,129.13,0.71,-1,-1,-1
102,433,332.41,747.01,75.23,113.74,0.52,-1,-1,-1
102,435,2081.91,299.61,79.11,42.98,0.64,-1,-1,-1
102,440,2282.22,451.95,38.75,63.38,0.31,-1,-1,-1
102,442,526.47,506.93,45.06,58.06,0.60,-1,-1,-1
102,443,2237.34,452.99,37.50,70.88,0.69,-1,-1,-1
102,445,1719.66,376.36,31.62,61.60,0.53,-1,-1,-1
102,450,190.52,816.32,51.59,110.27,0.49,-1,-1,-1
102,451,1495.19,300.51,123.86,63.71,0.43,-1,-1,-1
102,453,2346.85,830.65,65.78,151.74,0.52,-1,-1,-1
102,455,786.98,345.90,29.11,59.46,0.62,-1,-1,-1
102,456,2187.82,854.11,57.55,117.67,0.55,-1,-1,-1
102,457,2392.58,348.31,27.75,48.57,0.45,-1,-1,-1
102,444,2211.58,300.37,53.13,47.91,0.57,-1,-1,-1
102,464,249.21,486.35,186.64,102.94,0.86,-1,-1,-1
102,466,577.53,1065.81,78.18,135.71,0.46,-1,-1,-1
102,467,590.99,882.32,51.36,71.37,0.52,-1,-1,-1
102,470,2375.57,212.72,54.02,42.14,0.47,-1,-1,-1
102,366,2344.84,353.14,27.61,54.75,0.58,-1,-1,-1
102,474,2487.19,298.88,83.02,56.99,0.75,-1,-1,-1
102,481,1205.12,740.76,60.20,95.53,0.42,-1,-1,-1
102,483,351.75,1177.15,73.92,133.99,0.57,-1,-1,-1
102,484,2457.99,153.95,55.03,35.99,0.38,-1,-1,-1
102,486,2493.42,809.65,56.81,112.15,0.60,-1,-1,-1
102,487,2477.16,574.36,39.46,89.41,0.62,-1,-1,-1
102,489,1748.90,517.99,39.11,67.07,0.50,-1,-1,-1
102,446,1726.39,543.64,87.64,59.83,0.52,-1,-1,-1
102,491,350.14,1184.13,82.16,153.10,0.54,-1,-1,-1
102,492,752.00,600.10,77.36,56.11,0.43,-1,-1,-1
102,493,2569.42,360.20,117.64,74.94,0.65,-1,-1,-1
102,441,1247.88,530.15,42.19,77.89,0.55,-1,-1,-1
102,426,316.00,206.98,71.63,65.36,0.45,-1,-1,-1
102,500,767.80,648.18,92.94,60.42,0.47,-1,-1,-1
102,501,1714.85,1051.65,102.69,123.03,0.73,-1,-1,-1
102,502,687.38,496.43,42.61,75.32,0.63,-1,-1,-1
102,503,80.95,439.16,175.73,81.55,0.89,-1,-1,-1
102,504,1659.21,1200.44,80.07,131.17,0.65,-1,-1,-1
102,505,1621.74,1045.23,90.31,131.13,0.56,-1,-1,-1
102,425,1109.33,784.55,74.60,91.71,0.63,-1,-1,-1
102,449,332.47,698.26,61.11,123.25,0.52,-1,-1,-1
102,506,865.84,471.07,93.05,68.09,0.66,-1,-1,-1
102,508,1845.05,378.27,31.14,43.52,0.56,-1,-1,-1
102,509,2450.37,181.38,45.60,42.09,0.41,-1,-1,-1
102,512,1862.51,1227.79,87.40,141.26,0.63,-1,-1,-1
102,515,1536.89,1164.44,59.42,97.72,0.54,-1,-1,-1
102,516,1718.62,1228.63,76.93,132.60,0.55,-1,-1,-1
102,518,758.44,325.09,27.28,58.41,0.63,-1,-1,-1
102,520,891.38,460.51,33.10,63.13,0.46,-1,-1,-1
102,522,762.24,571.32,36.99,70.91,0.48,-1,-1,-1
102,434,795.24,604.38,47.19,80.45,0.26,-1,-1,-1
102,523,344.28,312.89,31.01,57.10,0.59,-1,-1,-1
102,526,1849.78,357.27,29.83,57.48,0.51,-1,-1,-1
102,527,1249.91,679.42,44.22,97.68,0.59,-1,-1,-1
102,528,1714.70,1322.08,63.34,152.08,0.55,-1,-1,-1
102,529,2231.80,201.30,80.54,61.49,0.50,-1,-1,-1
103,123,553.90,631.56,201.72,134.11,0.89,-1,-1,-1
103,381,204.39,608.23,85.53,92.57,0.47,-1,-1,-1
103,400,673.44,746.58,296.34,169.36,0.91,-1,-1,-1
103,401,478.71,912.90,336.09,185.94,0.83,-1,-1,-1
103,402,2110.63,386.57,115.32,72.21,0.88,-1,-1,-1
103,403,1972.69,458.02,153.25,79.52,0.85,-1,-1,-1
103,404,952.03,678.06,285.38,137.11,0.92,-1,-1,-1
103,406,2317.40,274.55,78.37,54.07,0.75,-1,-1,-1
103,407,2516.89,183.87,58.72,39.48,0.68,-1,-1,-1
103,409,1323.74,570.06,230.73,110.13,0.90,-1,-1,-1
103,410,2245.99,324.66,95.49,64.10,0.82,-1,-1,-1
103,411,1992.76,377.79,104.04,73.43,0.82,-1,-1,-1
103,412,862.31,558.69,234.31,103.54,0.87,-1,-1,-1
103,413,545.55,385.46,111.09,82.25,0.84,-1,-1,-1
103,414,446.52,734.67,158.88,173.46,0.90,-1,-1,-1
103,415,2074.89,337.76,97.28,73.25,0.78,-1,-1,-1
103,416,1916.46,363.47,98.88,70.21,0.82,-1,-1,-1
103,418,2286.45,232.42,73.31,57.79,0.67,-1,-1,-1
103,419,552.20,1076.12,111.93,142.06,0.69,-1,-1,-1
103,423,506.59,327.62,73.91,70.16,0.77,-1,-1,-1
103,424,2250.12,270.36,54.48,51.14,0.70,-1,-1,-1
103,430,154.22,772.99,60.59,108.60,0.52,-1,-1,-1
103,432,938.23,1207.21,62.67,129.16,0.75,-1,-1,-1
103,433,329.63,740.54,75.21,116.36,0.44,-1,-1,-1
103,435,2080.89,300.22,80.05,43.50,0.65,-1,-1,-1
103,440,2283.69,450.79,37.13,60.61,0.36,-1,-1,-1
103,442,529.08,509.93,45.55,58.90,0.64,-1,-1,-1
103,443,2238.51,449.92,38.19,71.91,0.71,-1,-1,-1
103,445,1719.21,376.44,31.37,61.39,0.52,-1,-1,-1
103,450,190.97,818.67,50.55,107.49,0.54,-1,-1,-1
103,451,1495.09,301.36,123.55,63.36,0.51,-1,-1,-1
103,453,2345.02,828.36,66.34,154.37,0.49,-1,-1,-1
103,455,786.38,346.46,28.86,59.45,0.60,-1,-1,-1
103,456,2188.55,853.10,58.06,117.99,0.52,-1,-1,-1
103,457,2392.88,347.01,28.07,49.34,0.43,-1,-1,-1
103,444,2211.61,300.36,53.38,47.99,0.53,-1,-1,-1
103,464,253.65,488.56,184.57,103.27,0.86,-1,-1,-1
103,466,577.91,1063.05,72.40,125.90,0.47,-1,-1,-1
103,467,587.26,874.73,56.73,79.44,0.42,-1,-1,-1
103,470,2373.49,212.30,55.25,43.05,0.48,-1,-1,-1
103,366,2344.99,351.60,27.90,55.62,0.59,-1,-1,-1
103,474,2486.65,299.02,82.53,56.87,0.76,-1,-1,-1
103,481,1206.41,734.24,62.99,101.06,0.33,-1,-1,-1
103,483,356.53,1190.00,73.43,131.57,0.54,-1,-1,-1
103,484,2457.08,154.41,55.16,35.98,0.48,-1,-1,-1
103,486,2489.89,811.95,56.54,111.25,0.65,-1,-1,-1
103,487,2476.56,575.43,38.89,88.11,0.60,-1,-1,-1
103,489,1755.78,518.26,41.71,71.99,0.48,-1,-1,-1
103,446,1735.58,543.12,87.30,59.83,0.55,-1,-1,-1
103,491,355.18,1199.61,82.25,153.22,0.47,-1,-1,-1
103,492,756.40,602.17,89.52,66.01,0.18,-1,-1,-1
103,493,2568.18,359.79,119.37,76.04,0.63,-1,-1,-1
103,441,1246.99,530.51,42.91,79.93,0.53,-1,-1,-1
103,426,315.99,207.62,70.67,64.77,0.39,-1,-1,-1
103,500,760.45,646.49,94.04,61.39,0.56,-1,-1,-1
103,501,1705.86,1039.23,102.94,126.13,0.56,-1,-1,-1
103,502,683.21,496.70,39.30,69.83,0.60,-1,-1,-1
103,503,86.62,440.43,178.74,82.05,0.87,-1,-1,-1
103,504,1659.19,1188.77,83.49,138.34,0.50,-1,-1,-1
103,505,1616.39,1047.75,83.14,120.75,0.65,-1,-1,-1
103,425,1111.09,782.26,75.74,93.01,0.58,-1,-1,-1
103,449,334.02,695.79,55.58,112.35,0.42,-1,-1,-1
103,506,862.21,481.08,79.46,57.83,0.59,-1,-1,-1
103,508,1840.22,376.08,33.18,46.85,0.44,-1,-1,-1
103,509,2449.22,181.74,46.26,42.59,0.50,-1,-1,-1
103,512,1873.97,1219.40,82.52,134.45,0.52,-1,-1,-1
103,515,1546.59,1139.75,62.06,100.95,0.70,-1,-1,-1
103,516,1721.69,1222.21,80.82,140.64,0.35,-1,-1,-1
103,518,756.10,323.21,27.88,59.75,0.64,-1,-1,-1
103,520,883.22,458.87,32.46,62.47,0.48,-1,-1,-1
103,522,770.46,571.97,37.68,72.31,0.48,-1,-1,-1
103,434,782.79,596.37,48.35,80.38,0.23,-1,-1,-1
103,523,343.73,316.53,30.13,55.70,0.55,-1,-1,-1
103,526,1843.48,358.39,31.61,60.93,0.58,-1,-1,-1
103,527,1251.20,677.61,41.61,91.83,0.57,-1,-1,-1
103,528,1722.27,1312.05,65.85,156.98,0.46,-1,-1,-1
103,529,2231.41,202.07,78.16,59.64,0.69,-1,-1,-1
103,530,1210.58,574.76,80.38,58.77,0.64,-1,-1,-1
104,123,553.79,631.95,201.90,134.16,0.89,-1,-1,-1
104,381,206.74,608.57,80.61,89.92,0.54,-1,-1,-1
104,400,675.53,746.81,293.67,168.80,0.90,-1,-1,-1
104,401,474.40,916.76,328.80,179.58,0.84,-1,-1,-1
104,402,2115.86,384.30,113.97,71.65,0.85,-1,-1,-1
104,403,1979.38,454.39,154.70,80.70,0.83,-1,-1,-1
104,404,950.29,678.32,287.06,138.33,0.89,-1,-1,-1
104,406,2320.27,273.04,78.39,53.87,0.71,-1,-1,-1
104,407,2517.86,181.58,60.60,40.80,0.64,-1,-1,-1
104,409,1339.42,571.29,228.35,108.74,0.88,-1,-1,-1
104,410,2248.84,322.71,94.55,63.75,0.82,-1,-1,-1
104,411,1992.19,378.58,103.73,73.05,0.82,-1,-1,-1
104,412,875.84,558.95,238.63,105.67,0.88,-1,-1,-1
104,413,545.03,384.90,111.74,82.71,0.84,-1,-1,-1
104,414,445.35,735.96,158.52,174.46,0.91,-1,-1,-1
104,415,2074.65,337.94,96.88,73.44,0.81,-1,-1,-1
104,416,1916.34,363.80,98.49,69.89,0.83,-1,-1,-1
104,418,2285.78,232.76,72.97,57.68,0.66,-1,-1,-1
104,419,550.19,1079.43,108.24,136.39,0.55,-1,-1,-1
104,423,506.18,327.73,73.93,70.12,0.78,-1,-1,-1
104,424,2250.51,270.33,54.03,50.74,0.68,-1,-1,-1
104,430,147.57,777.27,59.75,107.11,0.53,-1,-1,-1
104,432,942.76,1213.47,59.99,122.20,0.64,-1,-1,-1
104,433,329.97,740.48,71.80,112.50,0.63,-1,-1,-1
104,435,2080.14,300.31,79.73,43.02,0.68,-1,-1,-1
104,440,2286.03,448.98,34.78,56.32,0.45,-1,-1,-1
104,442,531.75,512.62,45.69,59.17,0.69,-1,-1,-1
104,443,2239.43,445.71,37.97,71.05,0.72,-1,-1,-1
104,445,1718.78,376.68,31.09,61.16,0.50,-1,-1,-1
104,450,190.84,820.55,54.96,116.99,0.57,-1,-1,-1
104,451,1495.20,301.16,123.95,63.44,0.57,-1,-1,-1
104,453,2345.09,827.08,66.15,155.69,0.49,-1,-1,-1
104,455,786.04,346.78,28.95,59.90,0.60,-1,-1,-1
104,456,2190.90,852.40,57.43,115.40,0.47,-1,-1,-1
104,457,2392.93,344.81,29.24,51.60,0.35,-1,-1,-1
104,444,2209.11,295.65,57.61,52.38,0.54,-1,-1,-1
104,464,257.05,490.48,183.31,104.14,0.86,-1,-1,-1
104,466,565.14,1063.38,72.27,125.21,0.35,-1,-1,-1
104,467,586.05,858.49,58.07,83.54,0.53,-1,-1,-1
104,470,2371.69,211.38,57.14,44.53,0.44,-1,-1,-1
104,366,2345.26,350.56,27.71,55.13,0.55,-1,-1,-1
104,474,2486.02,298.95,82.58,57.08,0.75,-1,-1,-1
104,481,1209.72,729.94,63.95,103.14,0.28,-1,-1,-1
104,483,361.82,1200.14,73.82,130.68,0.61,-1,-1,-1
104,484,2457.43,155.38,54.53,35.73,0.35,-1,-1,-1
104,486,2487.13,815.86,56.17,110.07,0.68,-1,-1,-1
104,487,2476.04,575.72,38.80,87.92,0.61,-1,-1,-1
104,489,1764.77,518.99,40.76,70.96,0.47,-1,-1,-1
104,446,1745.37,544.95,85.85,58.91,0.27,-1,-1,-1
104,491,360.36,1208.86,81.10,149.72,0.47,-1,-1,-1
104,492,761.64,605.84,90.77,67.31,0.24,-1,-1,-1
104,493,2567.59,359.88,119.16,75.74,0.70,-1,-1,-1
104,441,1246.19,530.84,44.17,83.36,0.51,-1,-1,-1
104,426,316.27,208.78,69.30,63.65,0.31,-1,-1,-1
104,500,753.56,645.78,96.20,63.04,0.56,-1,-1,-1
104,501,1699.06,1042.97,94.98,116.23,0.73,-1,-1,-1
104,502,679.93,497.65,38.03,68.28,0.56,-1,-1,-1
104,503,92.70,441.74,180.39,81.97,0.87,-1,-1,-1
104,504,1675.99,1191.32,83.29,131.86,0.82,-1,-1,-1
104,505,1605.01,1036.92,85.83,125.20,0.60,-1,-1,-1
104,425,1113.03,782.66,74.83,91.12,0.68,-1,-1,-1
104,449,331.84,693.28,56.47,114.51,0.39,-1,-1,-1
104,506,856.59,485.07,73.48,53.18,0.61,-1,-1,-1
104,508,1835.90,379.89,32.06,45.02,0.39,-1,-1,-1
104,509,2448.50,182.54,46.41,42.65,0.46,-1,-1,-1
104,512,1874.29,1213.13,88.48,145.44,0.62,-1,-1,-1
104,515,1554.62,1125.36,63.87,104.48,0.47,-1,-1,-1
104,516,1717.58,1209.73,85.10,146.51,0.31,-1,-1,-1
104,518,753.99,321.69,28.85,62.07,0.64,-1,-1,-1
104,520,875.47,458.33,33.07,63.94,0.48,-1,-1,-1
104,522,776.98,572.23,38.99,74.79,0.46,-1,-1,-1
104,434,775.27,594.76,49.02,78.60,0.29,-1,-1,-1
104,523,342.64,317.11,29.65,55.15,0.46,-1,-1,-1
104,526,1840.24,359.99,30.98,59.80,0.52,-1,-1,-1
104,527,1252.40,676.71,38.51,84.70,0.59,-1,-1,-1
104,528,1726.36,1300.87,68.18,161.60,0.56,-1,-1,-1
104,529,2227.53,202.88,79.51,60.61,0.60,-1,-1,-1
104,530,1193.48,556.03,101.57,75.21,0.56,-1,-1,-1
105,123,553.23,632.35,201.97,134.11,0.89,-1,-1,-1
105,381,207.67,607.16,77.33,88.88,0.47,-1,-1,-1
105,400,676.18,747.03,291.95,168.73,0.91,-1,-1,-1
105,401,466.98,919.20,327.04,176.64,0.82,-1,-1,-1
105,402,2120.76,382.04,112.93,71.23,0.80,-1,-1,-1
105,403,1987.27,452.22,151.95,79.42,0.84,-1,-1,-1
105,404,949.64,678.21,284.92,137.40,0.89,-1,-1,-1
105,406,2322.99,271.50,78.56,53.82,0.65,-1,-1,-1
105,407,2519.90,180.44,60.80,40.80,0.55,-1,-1,-1
105,409,1350.83,570.71,230.84,109.77,0.88,-1,-1,-1
105,410,2251.56,321.04,93.53,63.25,0.78,-1,-1,-1
105,411,1991.27,378.82,104.16,73.31,0.84,-1,-1,-1
105,412,887.24,558.04,242.39,107.88,0.87,-1,-1,-1
105,413,543.57,383.35,113.80,84.32,0.84,-1,-1,-1
105,414,445.29,737.55,157.09,174.43,0.91,-1,-1,-1
105,415,2074.86,338.44,96.30,73.41,0.84,-1,-1,-1
105,416,1916.10,364.34,98.25,69.61,0.82,-1,-1,-1
105,418,2284.63,236.66,67.90,53.90,0.61,-1,-1,-1
105,419,544.54,1080.16,108.26,136.67,0.64,-1,-1,-1
105,423,505.66,328.32,74.34,70.43,0.78,-1,-1,-1
105,424,2252.22,271.32,52.31,49.10,0.68,-1,-1,-1
105,430,142.74,783.56,56.69,101.44,0.69,-1,-1,-1
105,432,947.03,1230.56,61.26,123.00,0.41,-1,-1,-1
105,433,330.59,741.50,67.70,106.92,0.53,-1,-1,-1
105,435,2078.84,300.77,80.56,43.65,0.66,-1,-1,-1
105,440,2286.42,446.02,36.01,58.43,0.47,-1,-1,-1
105,442,533.82,514.35,45.66,59.08,0.70,-1,-1,-1
105,443,2240.91,442.64,36.62,67.83,0.63,-1,-1,-1
105,445,1718.33,377.12,30.70,60.55,0.50,-1,-1,-1
105,450,190.96,822.09,56.33,119.54,0.61,-1,-1,-1
105,451,1492.81,301.74,122.54,63.02,0.55,-1,-1,-1
105,453,2345.53,834.08,63.41,149.95,0.62,-1,-1,-1
105,455,786.33,346.89,29.27,60.87,0.53,-1,-1,-1
105,456,2191.70,851.01,58.69,117.14,0.46,-1,-1,-1
105,457,2393.11,343.16,29.02,51.38,0.35,-1,-1,-1
105,444,2208.31,295.25,58.27,53.14,0.57,-1,-1,-1
105,464,261.00,493.36,180.57,103.89,0.86,-1,-1,-1
105,466,561.01,1078.29,64.51,112.85,0.36,-1,-1,-1
105,467,583.87,856.39,63.23,92.32,0.31,-1,-1,-1
105,470,2370.25,209.85,59.63,46.31,0.48,-1,-1,-1
105,366,2345.61,348.96,27.62,54.88,0.59,-1,-1,-1
105,474,2485.89,299.55,81.15,56.18,0.74,-1,-1,-1
105,481,1213.85,735.21,60.22,96.46,0.29,-1,-1,-1
105,483,359.95,1214.90,87.14,155.96,0.39,-1,-1,-1
105,484,2456.07,155.92,53.64,35.08,0.24,-1,-1,-1
105,486,2482.09,817.09,56.67,110.44,0.66,-1,-1,-1
105,487,2475.26,575.83,38.69,87.70,0.62,-1,-1,-1
105,489,1773.57,518.71,41.66,73.28,0.49,-1,-1,-1
105,446,1753.32,545.42,85.21,58.33,0.43,-1,-1,-1
105,491,363.69,1214.98,78.99,144.63,0.77,-1,-1,-1
105,492,759.70,604.71,97.45,73.74,0.29,-1,-1,-1
105,493,2566.16,359.99,120.48,76.46,0.66,-1,-1,-1
105,441,1246.51,532.04,43.38,82.66,0.46,-1,-1,-1
105,426,317.23,212.05,66.73,61.13,0.32,-1,-1,-1
105,500,749.85,648.93,91.85,60.35,0.63,-1,-1,-1
105,501,1694.10,1041.90,89.11,109.31,0.78,-1,-1,-1
105,502,677.56,497.42,35.99,64.27,0.48,-1,-1,-1
105,503,100.88,443.23,180.60,81.44,0.87,-1,-1,-1
105,504,1678.21,1187.20,83.51,129.72,0.73,-1,-1,-1
105,505,1597.62,1030.35,84.65,124.18,0.58,-1,-1,-1
105,425,1116.25,781.74,74.11,89.87,0.69,-1,-1,-1
105,449,330.90,689.72,54.10,109.53,0.45,-1,-1,-1
105,506,850.40,484.22,74.27,53.32,0.63,-1,-1,-1
105,508,1831.15,381.44,32.54,45.57,0.58,-1,-1,-1
105,509,2448.19,183.99,45.50,41.62,0.50,-1,-1,-1
105,512,1880.24,1204.86,89.86,148.85,0.63,-1,-1,-1
105,515,1561.93,1116.45,65.07,106.21,0.43,-1,-1,-1
105,516,1727.06,1206.22,84.64,147.84,0.34,-1,-1,-1
105,518,752.91,322.14,28.91,62.33,0.64,-1,-1,-1
105,520,868.59,456.09,32.69,63.60,0.56,-1,-1,-1
105,522,785.39,573.41,37.50,72.17,0.53,-1,-1,-1
105,523,340.54,319.35,29.45,54.66,0.35,-1,-1,-1
105,526,1836.81,361.26,30.24,58.63,0.55,-1,-1,-1
105,527,1252.64,675.85,37.21,81.58,0.61,-1,-1,-1
105,528,1730.96,1294.06,71.59,168.65,0.28,-1,-1,-1
105,529,2225.61,203.48,78.67,59.92,0.63,-1,-1,-1
105,530,1202.27,570.45,83.84,61.96,0.52,-1,-1,-1
105,514,940.86,1215.13,75.56,137.16,0.59,-1,-1,-1
106,123,552.31,632.45,202.69,134.62,0.89,-1,-1,-1
106,381,208.39,605.63,75.01,88.53,0.47,-1,-1,-1
106,400,676.80,748.47,287.88,167.07,0.91,-1,-1,-1
106,401,442.62,927.16,359.49,194.55,0.81,-1,-1,-1
106,402,2124.82,379.48,112.24,71.02,0.82,-1,-1,-1
106,403,1996.28,447.47,151.43,79.66,0.83,-1,-1,-1
106,404,948.46,678.71,286.66,138.41,0.91,-1,-1,-1
106,406,2326.61,271.16,76.38,52.00,0.67,-1,-1,-1
106,407,2521.31,179.76,60.76,40.61,0.61,-1,-1,-1
106,409,1364.07,570.05,230.60,109.55,0.89,-1,-1,-1
106,410,2253.82,319.52,91.92,62.37,0.77,-1,-1,-1
106,411,1989.88,379.09,105.65,74.45,0.85,-1,-1,-1
106,412,901.67,560.52,240.09,106.95,0.84,-1,-1,-1
106,413,543.00,383.25,113.90,84.46,0.85,-1,-1,-1
106,414,444.87,739.16,156.19,174.91,0.90,-1,-1,-1
106,415,2074.52,338.85,95.87,73.43,0.86,-1,-1,-1
106,416,1916.04,364.83,98.07,69.31,0.80,-1,-1,-1
106,418,2283.72,235.97,68.79,54.78,0.64,-1,-1,-1
106,419,538.18,1079.84,110.89,139.43,0.72,-1,-1,-1
106,423,505.23,329.63,73.91,69.90,0.79,-1,-1,-1
106,424,2252.93,272.96,50.78,47.71,0.71,-1,-1,-1
106,430,136.59,787.89,56.66,101.78,0.63,-1,-1,-1
106,432,952.95,1246.89,57.92,113.64,0.60,-1,-1,-1
106,433,330.74,739.32,65.51,104.82,0.56,-1,-1,-1
106,435,2077.60,300.71,80.78,43.98,0.65,-1,-1,-1
106,440,2288.16,443.34,34.46,56.07,0.44,-1,-1,-1
106,442,535.93,516.25,45.70,59.10,0.75,-1,-1,-1
106,443,2243.01,440.05,36.16,66.79,0.53,-1,-1,-1
106,445,1717.77,377.82,30.77,61.04,0.50,-1,-1,-1
106,450,191.56,823.45,56.61,119.24,0.60,-1,-1,-1
106,451,1490.72,301.56,122.53,63.46,0.52,-1,-1,-1
106,453,2345.68,837.65,61.81,146.40,0.63,-1,-1,-1
106,455,786.02,347.42,29.68,62.09,0.45,-1,-1,-1
106,456,2191.30,847.62,60.42,119.77,0.57,-1,-1,-1
106,457,2393.05,342.11,28.82,51.30,0.30,-1,-1,-1
106,444,2206.58,294.55,58.98,54.23,0.55,-1,-1,-1
106,464,264.41,496.00,178.65,103.95,0.87,-1,-1,-1
106,466,559.78,1076.71,66.25,117.63,0.34,-1,-1,-1
106,467,583.80,856.65,63.53,94.14,0.34,-1,-1,-1
106,470,2367.99,206.83,64.04,49.68,0.52,-1,-1,-1
106,366,2345.32,346.77,28.33,56.05,0.61,-1,-1,-1
106,474,2485.21,299.30,81.55,56.77,0.73,-1,-1,-1
106,481,1215.20,730.51,61.92,99.28,0.28,-1,-1,-1
106,483,362.28,1222.02,90.56,163.13,0.72,-1,-1,-1
106,484,2455.69,156.02,53.77,35.27,0.27,-1,-1,-1
106,486,2482.01,818.78,56.24,109.41,0.68,-1,-1,-1
106,487,2476.22,575.69,38.75,87.14,0.59,-1,-1,-1
106,489,1782.28,519.29,40.12,70.98,0.50,-1,-1,-1
106,446,1762.09,546.32,84.76,57.99,0.39,-1,-1,-1
106,491,364.57,1223.16,86.82,160.05,0.57,-1,-1,-1
106,492,764.50,604.72,96.75,71.58,0.28,-1,-1,-1
106,493,2568.42,357.55,115.51,72.63,0.64,-1,-1,-1
106,441,1246.35,532.98,43.49,83.76,0.47,-1,-1,-1
106,426,316.28,211.49,67.63,62.07,0.34,-1,-1,-1
106,500,744.40,649.72,88.86,58.41,0.54,-1,-1,-1
106,501,1685.51,1037.27,87.04,106.51,0.70,-1,-1,-1
106,502,670.47,496.35,42.94,77.86,0.66,-1,-1,-1
106,503,107.11,444.98,181.90,81.59,0.86,-1,-1,-1
106,504,1683.46,1188.42,81.76,123.96,0.69,-1,-1,-1
106,505,1589.73,1016.97,84.85,126.66,0.67,-1,-1,-1
106,425,1117.76,781.08,73.95,89.08,0.65,-1,-1,-1
106,449,330.48,686.24,50.81,102.14,0.56,-1,-1,-1
106,506,839.93,478.95,79.81,57.52,0.74,-1,-1,-1
106,508,1826.50,384.73,32.02,44.10,0.55,-1,-1,-1
106,509,2447.05,184.51,45.60,41.62,0.61,-1,-1,-1
106,512,1885.92,1199.16,88.66,148.01,0.60,-1,-1,-1
106,515,1569.40,1109.57,63.96,103.60,0.33,-1,-1,-1
106,516,1734.12,1204.15,77.41,137.87,0.12,-1,-1,-1
106,518,751.43,324.19,27.89,59.94,0.61,-1,-1,-1
106,520,861.32,455.00,32.25,62.71,0.57,-1,-1,-1
106,522,790.30,573.77,42.04,80.19,0.45,-1,-1,-1
106,523,336.96,319.61,30.41,56.09,0.40,-1,-1,-1
106,526,1831.01,363.53,29.60,57.38,0.49,-1,-1,-1
106,527,1252.09,674.40,37.21,81.24,0.62,-1,-1,-1
106,528,1736.26,1301.45,69.63,161.74,0.15,-1,-1,-1
106,529,2223.80,203.26,79.84,60.72,0.55,-1,-1,-1
106,530,1204.95,574.48,79.54,58.86,0.53,-1,-1,-1
106,532,1888.84,1196.70,85.69,142.57,0.64,-1,-1,-1
106,514,948.21,1220.95,68.00,125.22,0.53,-1,-1,-1
107,123,551.85,632.91,202.70,134.66,0.90,-1,-1,-1
107,381,208.18,601.51,75.27,91.14,0.50,-1,-1,-1
107,400,677.47,749.11,285.33,166.24,0.91,-1,-1,-1
107,401,426.87,931.05,370.43,201.26,0.82,-1,-1,-1
107,402,2131.08,377.61,108.74,68.96,0.84,-1,-1,-1
107,403,2005.60,445.67,146.95,77.51,0.80,-1,-1,-1
107,404,947.61,679.25,286.67,138.50,0.91,-1,-1,-1
107,406,2327.47,269.79,76.67,52.02,0.71,-1,-1,-1
107,407,2523.17,178.30,61.09,40.78,0.58,-1,-1,-1
107,409,1376.04,569.16,233.26,110.90,0.89,-1,-1,-1
107,410,2257.28,318.01,90.98,62.05,0.80,-1,-1,-1
107,411,1989.62,379.58,105.65,74.47,0.84,-1,-1,-1
107,412,918.64,564.55,234.92,104.50,0.85,-1,-1,-1
107,413,542.79,383.93,113.42,84.11,0.83,-1,-1,-1
107,414,445.43,741.20,154.42,174.35,0.89,-1,-1,-1
107,415,2074.54,339.21,95.60,73.46,0.87,-1,-1,-1
107,416,1915.74,364.92,98.50,69.40,0.80,-1,-1,-1
107,418,2283.92,235.00,69.91,55.65,0.68,-1,-1,-1
107,419,532.31,1099.39,95.90,120.28,0.43,-1,-1,-1
107,423,504.74,330.25,73.97,69.90,0.79,-1,-1,-1
107,424,2251.85,273.13,51.05,47.94,0.72,-1,-1,-1
107,430,130.48,794.09,55.79,100.89,0.56,-1,-1,-1
107,432,957.19,1256.78,55.83,107.62,0.44,-1,-1,-1
107,433,330.66,737.22,63.79,103.33,0.47,-1,-1,-1
107,435,2077.15,300.92,79.77,43.58,0.67,-1,-1,-1
107,440,2283.60,446.79,37.81,61.25,0.52,-1,-1,-1
107,442,538.01,515.84,46.85,60.90,0.69,-1,-1,-1
107,443,2244.67,438.02,36.14,66.50,0.55,-1,-1,-1
107,445,1716.79,378.19,31.33,62.57,0.52,-1,-1,-1
107,450,192.44,825.10,56.55,118.00,0.57,-1,-1,-1
107,451,1488.43,300.92,123.49,64.56,0.56,-1,-1,-1
107,453,2345.21,838.12,61.94,147.14,0.64,-1,-1,-1
107,455,785.83,347.66,29.36,61.80,0.31,-1,-1,-1
107,456,2192.85,844.07,60.35,118.55,0.42,-1,-1,-1
107,457,2394.40,340.55,26.18,46.60,0.37,-1,-1,-1
107,444,2205.66,295.82,57.71,53.18,0.50,-1,-1,-1
107,464,267.10,499.14,177.44,104.55,0.89,-1,-1,-1
107,466,558.76,1077.98,63.16,113.47,0.33,-1,-1,-1
107,467,584.37,856.87,62.81,94.42,0.20,-1,-1,-1
107,470,2366.02,205.22,66.58,51.68,0.51,-1,-1,-1
107,366,2345.30,344.41,29.01,57.25,0.59,-1,-1,-1
107,474,2484.47,299.15,81.88,57.30,0.74,-1,-1,-1
107,481,1214.28,718.54,67.81,110.42,0.18,-1,-1,-1
107,483,365.67,1231.32,91.97,166.66,0.47,-1,-1,-1
107,484,2458.03,156.96,53.09,35.27,0.19,-1,-1,-1
107,486,2480.60,822.65,53.96,104.83,0.71,-1,-1,-1
107,487,2474.43,576.08,38.89,87.30,0.61,-1,-1,-1
107,489,1789.54,519.26,41.36,73.61,0.52,-1,-1,-1
107,446,1772.34,548.42,82.27,55.94,0.50,-1,-1,-1
107,491,368.75,1232.49,85.45,157.27,0.73,-1,-1,-1
107,492,771.47,607.67,92.76,66.66,0.17,-1,-1,-1
107,493,2559.40,352.70,128.60,84.82,0.62,-1,-1,-1
107,441,1246.83,533.38,42.61,82.81,0.47,-1,-1,-1
107,426,312.84,204.95,73.67,68.50,0.47,-1,-1,-1
107,500,734.65,643.59,97.18,64.83,0.53,-1,-1,-1
107,501,1677.63,1035.17,83.79,101.65,0.79,-1,-1,-1
107,502,667.80,496.72,39.88,72.92,0.63,-1,-1,-1
107,503,112.36,446.11,183.61,81.91,0.88,-1,-1,-1
107,504,1688.29,1184.90,80.23,120.40,0.63,-1,-1,-1
107,505,1584.32,1015.47,80.21,120.46,0.61,-1,-1,-1
107,425,1120.13,781.65,73.22,87.35,0.59,-1,-1,-1
107,449,329.64,683.89,48.91,97.76,0.59,-1,-1,-1
107,506,833.25,479.82,77.21,55.38,0.73,-1,-1,-1
107,508,1821.35,387.61,31.51,42.82,0.40,-1,-1,-1
107,509,2445.91,184.81,46.02,41.94,0.60,-1,-1,-1
107,512,1892.89,1187.90,87.29,147.71,0.56,-1,-1,-1
107,515,1565.70,1103.97,77.01,126.24,0.58,-1,-1,-1
107,516,1740.87,1202.44,80.07,142.92,0.49,-1,-1,-1
107,518,749.42,322.64,28.08,60.37,0.56,-1,-1,-1
107,520,853.93,454.62,31.07,60.51,0.56,-1,-1,-1
107,522,800.41,574.28,40.98,78.52,0.57,-1,-1,-1
107,523,335.11,320.01,30.92,56.87,0.51,-1,-1,-1
107,526,1826.94,366.87,28.99,56.30,0.57,-1,-1,-1
107,527,1251.40,672.93,37.63,81.76,0.60,-1,-1,-1
107,528,1740.87,1296.37,75.90,174.02,0.38,-1,-1,-1
107,529,2222.85,202.12,81.17,61.81,0.30,-1,-1,-1
107,530,1206.68,576.70,77.48,57.39,0.52,-1,-1,-1
107,532,1893.59,1188.70,84.62,141.32,0.70,-1,-1,-1
107,514,951.32,1226.04,66.54,123.14,0.62,-1,-1,-1
108,123,552.01,633.69,201.72,133.94,0.90,-1,-1,-1
108,381,208.59,599.28,74.35,91.88,0.48,-1,-1,-1
108,400,678.02,749.74,283.05,165.50,0.92,-1,-1,-1
108,401,430.79,933.77,349.74,188.42,0.81,-1,-1,-1
108,402,2136.53,375.98,106.57,67.71,0.86,-1,-1,-1
108,403,2014.32,443.75,142.81,75.35,0.83,-1,-1,-1
108,404,947.38,679.02,287.11,138.86,0.91,-1,-1,-1
108,406,2328.42,267.62,78.02,52.95,0.77,-1,-1,-1
108,407,2525.13,176.59,60.83,40.48,0.68,-1,-1,-1
108,409,1390.48,568.94,230.99,109.80,0.88,-1,-1,-1
108,410,2260.02,315.97,90.05,61.59,0.84,-1,-1,-1
108,411,1989.09,379.89,105.62,74.46,0.83,-1,-1,-1
108,412,934.66,568.47,230.54,102.28,0.87,-1,-1,-1
108,413,542.48,383.97,113.01,83.82,0.83,-1,-1,-1
108,414,445.39,743.25,153.51,174.61,0.88,-1,-1,-1
108,415,2073.88,339.37,96.04,73.87,0.88,-1,-1,-1
108,416,1915.45,365.32,98.28,69.00,0.80,-1,-1,-1
108,418,2283.96,234.98,70.43,55.87,0.69,-1,-1,-1
108,419,525.19,1082.66,109.59,138.10,0.42,-1,-1,-1
108,423,504.28,330.36,74.58,70.49,0.79,-1,-1,-1
108,424,2251.14,273.66,51.53,48.61,0.71,-1,-1,-1
108,430,122.50,798.29,56.45,102.42,0.54,-1,-1,-1
108,432,958.82,1256.46,57.53,109.74,0.41,-1,-1,-1
108,433,330.40,735.46,62.17,101.67,0.51,-1,-1,-1
108,435,2077.10,301.14,79.57,43.64,0.68,-1,-1,-1
108,440,2281.98,445.67,39.37,63.55,0.49,-1,-1,-1
108,442,540.54,517.09,46.79,61.19,0.68,-1,-1,-1
108,443,2246.55,435.95,36.27,66.72,0.59,-1,-1,-1
108,445,1716.37,378.39,31.19,62.57,0.50,-1,-1,-1
108,450,193.91,824.20,58.55,122.41,0.62,-1,-1,-1
108,451,1487.79,300.94,123.44,65.08,0.50,-1,-1,-1
108,453,2346.36,840.49,60.51,144.16,0.64,-1,-1,-1
108,455,785.75,347.57,28.91,61.29,0.32,-1,-1,-1
108,456,2195.09,841.56,60.93,118.58,0.34,-1,-1,-1
108,457,2394.84,340.89,25.43,45.15,0.42,-1,-1,-1
108,444,2205.04,298.46,55.10,50.76,0.42,-1,-1,-1
108,464,270.14,501.56,175.77,104.85,0.91,-1,-1,-1
108,466,557.44,1076.59,65.19,118.56,0.40,-1,-1,-1
108,467,586.20,857.83,61.85,93.82,0.11,-1,-1,-1
108,470,2366.58,210.96,60.91,46.84,0.58,-1,-1,-1
108,366,2346.54,343.01,28.55,55.92,0.50,-1,-1,-1
108,474,2483.69,298.73,82.23,57.87,0.75,-1,-1,-1
108,481,1216.07,713.26,69.45,114.08,0.12,-1,-1,-1
108,483,370.03,1245.14,90.87,164.95,0.53,-1,-1,-1
108,484,2459.01,157.56,51.66,34.57,0.28,-1,-1,-1
108,486,2479.14,825.97,52.46,101.35,0.72,-1,-1,-1
108,487,2473.99,575.50,39.68,88.48,0.59,-1,-1,-1
108,489,1800.26,520.35,39.11,69.91,0.50,-1,-1,-1
108,446,1782.05,550.76,80.26,54.18,0.26,-1,-1,-1
108,491,373.50,1240.73,79.71,144.37,0.65,-1,-1,-1
108,492,779.03,607.57,94.23,66.56,0.36,-1,-1,-1
108,493,2558.20,353.11,129.80,86.47,0.60,-1,-1,-1
108,441,1247.19,533.80,41.75,81.80,0.46,-1,-1,-1
108,426,309.53,197.71,79.66,75.49,0.48,-1,-1,-1
108,500,729.70,646.13,92.56,61.93,0.56,-1,-1,-1
108,501,1669.30,1028.08,83.39,100.99,0.77,-1,-1,-1
108,502,664.43,497.51,38.92,71.97,0.59,-1,-1,-1
108,503,120.17,447.64,183.52,81.39,0.88,-1,-1,-1
108,504,1688.54,1167.54,86.25,130.89,0.70,-1,-1,-1
108,505,1577.14,999.91,80.37,122.99,0.50,-1,-1,-1
108,425,1122.70,783.43,71.64,84.30,0.59,-1,-1,-1
108,449,328.09,681.79,43.24,85.90,0.56,-1,-1,-1
108,506,825.77,479.64,76.54,54.79,0.67,-1,-1,-1
108,508,1814.68,385.58,34.37,46.70,0.21,-1,-1,-1
108,509,2443.89,183.29,48.26,44.23,0.58,-1,-1,-1
108,512,1899.01,1176.98,88.17,150.71,0.57,-1,-1,-1
108,515,1573.64,1087.76,76.41,125.84,0.45,-1,-1,-1
108,516,1744.56,1192.60,83.90,150.93,0.55,-1,-1,-1
108,518,748.36,321.68,27.93,60.40,0.56,-1,-1,-1
108,520,846.76,453.59,31.36,61.32,0.42,-1,-1,-1
108,522,810.24,575.01,41.02,78.79,0.47,-1,-1,-1
108,523,333.92,322.59,31.66,58.23,0.51,-1,-1,-1
108,526,1820.63,369.36,29.74,57.91,0.59,-1,-1,-1
108,527,1250.71,671.43,37.22,80.13,0.54,-1,-1,-1
108,528,1744.74,1294.81,78.21,176.78,0.62,-1,-1,-1
108,529,2220.43,201.79,81.89,62.29,0.33,-1,-1,-1
108,530,1208.91,579.74,74.27,54.88,0.57,-1,-1,-1
108,532,1899.87,1178.12,86.62,145.16,0.67,-1,-1,-1
108,514,952.20,1228.98,68.39,128.02,0.65,-1,-1,-1
109,123,551.98,634.58,200.83,133.16,0.90,-1,-1,-1
109,381,208.72,596.93,73.90,92.74,0.41,-1,-1,-1
109,400,677.82,750.62,281.81,165.31,0.92,-1,-1,-1
109,401,431.38,936.70,329.49,174.71,0.77,-1,-1,-1
109,402,2139.71,373.32,106.56,68.00,0.87,-1,-1,-1
109,403,2019.19,438.54,146.57,77.68,0.85,-1,-1,-1
109,404,947.43,678.30,288.15,139.66,0.91,-1,-1,-1
109,406,2329.76,264.50,79.65,54.45,0.75,-1,-1,-1
109,407,2525.84,173.97,63.21,42.19,0.65,-1,-1,-1
109,409,1402.73,567.24,234.28,111.70,0.89,-1,-1,-1
109,410,2261.46,313.18,90.11,61.92,0.81,-1,-1,-1
109,411,1988.86,379.88,104.90,73.78,0.81,-1,-1,-1
109,412,950.53,571.20,229.57,101.66,0.89,-1,-1,-1
109,413,542.65,384.75,112.03,83.08,0.82,-1,-1,-1
109,414,443.94,744.71,153.76,175.98,0.88,-1,-1,-1
109,415,2073.43,339.19,96.30,74.27,0.87,-1,-1,-1
109,416,1915.35,365.55,98.34,68.78,0.80,-1,-1,-1
109,418,2283.14,235.61,70.35,55.68,0.74,-1,-1,-1
109,419,521.79,1076.05,115.82,145.56,0.64,-1,-1,-1
109,423,503.91,330.66,74.04,69.95,0.81,-1,-1,-1
109,424,2246.48,272.78,53.18,50.20,0.65,-1,-1,-1
109,430,117.51,802.80,53.90,97.58,0.37,-1,-1,-1
109,432,957.08,1245.21,64.29,122.13,0.28,-1,-1,-1
109,433,326.10,726.20,65.19,108.00,0.38,-1,-1,-1
109,435,2077.20,301.26,77.86,42.67,0.67,-1,-1,-1
109,440,2281.66,444.31,40.11,64.62,0.39,-1,-1,-1
109,442,543.01,519.26,46.50,61.22,0.64,-1,-1,-1
109,443,2248.19,433.09,36.20,66.69,0.62,-1,-1,-1
109,445,1715.54,379.23,29.91,59.62,0.49,-1,-1,-1
109,450,196.34,824.51,58.91,123.79,0.66,-1,-1,-1
109,451,1488.42,302.60,120.07,63.60,0.47,-1,-1,-1
109,453,2346.16,840.77,60.31,144.02,0.57,-1,-1,-1
109,455,782.20,347.49,33.33,72.45,0.29,-1,-1,-1
109,456,2197.25,839.58,61.00,118.50,0.32,-1,-1,-1
109,457,2395.43,340.53,25.03,44.07,0.21,-1,-1,-1
109,444,2205.88,303.45,50.41,46.37,0.43,-1,-1,-1
109,464,273.02,503.78,174.70,105.45,0.91,-1,-1,-1
109,466,564.99,1073.63,66.66,117.45,0.45,-1,-1,-1
109,467,588.21,863.09,59.04,89.89,0.25,-1,-1,-1
109,470,2365.45,213.81,58.20,44.32,0.58,-1,-1,-1
109,366,2346.66,341.88,28.86,55.90,0.23,-1,-1,-1
109,474,2483.26,299.17,81.89,57.80,0.76,-1,-1,-1
109,481,1218.42,712.03,66.96,111.58,0.24,-1,-1,-1
109,483,376.83,1254.77,85.47,154.12,0.50,-1,-1,-1
109,484,2458.66,157.36,51.42,34.75,0.22,-1,-1,-1
109,486,2476.65,828.26,54.08,104.01,0.70,-1,-1,-1
109,487,2471.77,575.34,40.08,88.97,0.59,-1,-1,-1
109,489,1810.42,520.94,37.30,66.99,0.51,-1,-1,-1
109,446,1789.96,551.23,81.68,55.02,0.36,-1,-1,-1
109,491,379.09,1249.92,78.20,140.86,0.62,-1,-1,-1
109,492,798.55,607.70,92.92,66.37,0.32,-1,-1,-1
109,493,2556.89,351.55,131.11,88.03,0.59,-1,-1,-1
109,441,1247.12,534.23,41.97,82.96,0.48,-1,-1,-1
109,426,310.72,201.24,74.88,71.95,0.45,-1,-1,-1
109,500,725.14,648.14,89.07,59.76,0.56,-1,-1,-1
109,501,1660.99,1018.03,84.31,102.61,0.82,-1,-1,-1
109,502,660.56,498.88,39.54,73.92,0.63,-1,-1,-1
109,503,127.97,447.93,184.66,81.66,0.88,-1,-1,-1
109,504,1692.41,1157.36,86.58,134.05,0.71,-1,-1,-1
109,505,1567.55,995.63,89.35,138.50,0.34,-1,-1,-1
109,425,1125.09,783.29,70.56,81.76,0.52,-1,-1,-1
109,449,326.62,678.39,43.21,85.21,0.55,-1,-1,-1
109,506,818.44,480.11,75.62,53.95,0.56,-1,-1,-1
109,508,1809.34,385.09,35.68,48.32,0.31,-1,-1,-1
109,509,2443.78,186.03,46.15,42.09,0.54,-1,-1,-1
109,512,1907.12,1167.64,86.14,149.24,0.44,-1,-1,-1
109,515,1581.91,1069.65,80.05,134.22,0.50,-1,-1,-1
109,516,1746.40,1184.51,86.84,157.45,0.51,-1,-1,-1
109,518,747.12,320.07,28.14,61.17,0.60,-1,-1,-1
109,520,839.26,453.62,29.88,58.65,0.35,-1,-1,-1
109,522,818.79,575.87,41.97,80.85,0.48,-1,-1,-1
109,523,333.76,328.94,29.84,54.82,0.51,-1,-1,-1
109,526,1817.29,371.68,28.90,56.46,0.59,-1,-1,-1
109,527,1249.57,670.46,38.64,82.65,0.53,-1,-1,-1
109,528,1748.97,1294.69,78.03,173.32,0.62,-1,-1,-1
109,529,2218.85,202.09,80.59,61.08,0.32,-1,-1,-1
109,530,1209.30,581.48,72.33,53.41,0.48,-1,-1,-1
109,532,1905.35,1174.05,86.42,145.38,0.56,-1,-1,-1
109,514,953.86,1232.80,68.36,129.49,0.68,-1,-1,-1
109,533,1747.67,1271.23,80.77,161.68,0.66,-1,-1,-1
109,434,752.51,590.19,45.61,74.37,0.53,-1,-1,-1
110,123,550.65,635.04,200.88,133.01,0.91,-1,-1,-1
110,381,208.22,593.12,70.20,89.41,0.50,-1,-1,-1
110,400,676.91,751.23,281.60,165.70,0.92,-1,-1,-1
110,401,426.58,938.39,322.19,168.48,0.80,-1,-1,-1
110,402,2142.76,370.43,106.53,68.17,0.86,-1,-1,-1
110,403,2025.86,434.90,146.32,78.04,0.89,-1,-1,-1
110,404,948.61,678.32,288.23,139.90,0.89,-1,-1,-1
110,406,2331.28,262.37,80.36,55.33,0.75,-1,-1,-1
110,407,2527.47,173.50,62.01,41.46,0.60,-1,-1,-1
110,409,1414.15,566.15,233.62,111.48,0.88,-1,-1,-1
110,410,2262.43,311.32,89.73,61.86,0.76,-1,-1,-1
110,411,1988.15,380.08,104.60,73.51,0.80,-1,-1,-1
110,412,963.26,573.15,229.49,101.25,0.88,-1,-1,-1
110,413,541.69,384.57,112.56,83.69,0.85,-1,-1,-1
110,414,442.69,747.41,152.99,175.93,0.87,-1,-1,-1
110,415,2071.99,339.08,96.01,74.15,0.87,-1,-1,-1
110,416,1914.40,365.59,98.80,68.83,0.80,-1,-1,-1
110,418,2282.15,236.35,70.18,55.52,0.74,-1,-1,-1
110,419,514.51,1073.85,117.27,148.21,0.39,-1,-1,-1
110,423,502.96,331.28,73.75,69.63,0.78,-1,-1,-1
110,424,2244.08,271.94,54.01,50.95,0.65,-1,-1,-1
110,430,108.76,809.37,57.41,103.54,0.45,-1,-1,-1
110,432,955.32,1241.62,70.60,135.44,0.24,-1,-1,-1
110,433,324.68,727.46,62.44,103.87,0.49,-1,-1,-1
110,435,2076.22,301.66,77.17,42.24,0.69,-1,-1,-1
110,440,2281.70,442.75,40.23,64.55,0.47,-1,-1,-1
110,442,544.73,521.02,47.04,62.34,0.64,-1,-1,-1
110,443,2249.54,430.16,36.01,66.46,0.63,-1,-1,-1
110,445,1714.64,379.71,29.71,59.02,0.50,-1,-1,-1
110,450,197.56,825.26,58.81,124.53,0.64,-1,-1,-1
110,451,1488.28,302.84,120.28,63.71,0.30,-1,-1,-1
110,453,2343.03,842.47,59.60,142.64,0.53,-1,-1,-1
110,455,780.72,347.58,34.92,77.70,0.27,-1,-1,-1
110,456,2198.80,840.08,59.19,114.25,0.23,-1,-1,-1
110,444,2205.92,306.17,47.78,43.98,0.46,-1,-1,-1
110,464,275.17,506.42,173.40,105.86,0.91,-1,-1,-1
110,466,567.87,1072.38,67.90,116.91,0.43,-1,-1,-1
110,467,587.79,858.02,57.36,88.72,0.47,-1,-1,-1
110,470,2362.79,214.24,58.76,44.39,0.55,-1,-1,-1
110,366,2350.21,339.23,26.07,50.18,0.57,-1,-1,-1
110,474,2481.25,299.40,82.08,58.04,0.72,-1,-1,-1
110,481,1221.08,714.62,64.10,107.80,0.21,-1,-1,-1
110,483,378.61,1265.75,89.76,162.37,0.53,-1,-1,-1
110,484,2459.72,161.81,49.63,34.08,0.15,-1,-1,-1
110,486,2474.52,830.32,56.00,107.40,0.71,-1,-1,-1
110,487,2468.75,576.22,40.61,89.14,0.62,-1,-1,-1
110,489,1820.21,521.96,35.74,64.52,0.53,-1,-1,-1
110,446,1798.22,551.94,82.80,55.51,0.52,-1,-1,-1
110,491,381.58,1258.96,77.94,139.92,0.62,-1,-1,-1
110,492,815.06,614.00,86.24,60.79,0.46,-1,-1,-1
110,493,2556.12,353.36,131.88,88.37,0.66,-1,-1,-1
110,441,1248.06,533.63,41.76,82.79,0.55,-1,-1,-1
110,426,308.53,194.96,80.12,78.41,0.37,-1,-1,-1
110,500,717.69,646.37,90.49,61.13,0.54,-1,-1,-1
110,501,1651.37,1009.12,85.52,104.59,0.73,-1,-1,-1
110,502,657.72,499.21,37.50,69.99,0.50,-1,-1,-1
110,503,134.31,448.40,185.92,82.06,0.88,-1,-1,-1
110,504,1708.96,1161.56,84.86,125.97,0.85,-1,-1,-1
110,505,1566.29,986.51,73.16,112.33,0.49,-1,-1,-1
110,425,1126.80,783.36,69.79,79.44,0.52,-1,-1,-1
110,449,324.14,676.09,44.60,87.19,0.52,-1,-1,-1
110,506,805.72,472.32,84.75,61.47,0.55,-1,-1,-1
110,508,1803.60,392.47,33.35,44.01,0.38,-1,-1,-1
110,509,2442.37,186.94,45.62,41.40,0.49,-1,-1,-1
110,512,1915.57,1155.92,83.15,145.81,0.48,-1,-1,-1
110,515,1592.16,1070.25,71.89,120.50,0.65,-1,-1,-1
110,516,1754.50,1183.98,80.01,144.44,0.36,-1,-1,-1
110,518,745.36,319.90,27.76,60.41,0.61,-1,-1,-1
110,520,830.58,453.96,28.96,56.91,0.47,-1,-1,-1
110,522,828.22,575.59,42.62,81.66,0.47,-1,-1,-1
110,523,333.64,332.16,29.21,53.43,0.48,-1,-1,-1
110,526,1811.33,372.46,28.40,55.83,0.59,-1,-1,-1
110,527,1244.09,669.38,43.07,92.02,0.51,-1,-1,-1
110,528,1759.46,1282.34,69.83,151.38,0.46,-1,-1,-1
110,529,2217.02,202.71,81.26,61.45,0.25,-1,-1,-1
110,530,1194.91,560.91,93.57,72.08,0.56,-1,-1,-1
110,532,1911.07,1163.11,87.87,148.82,0.42,-1,-1,-1
110,514,955.03,1235.67,70.38,135.03,0.72,-1,-1,-1
110,533,1750.89,1260.71,82.60,165.27,0.31,-1,-1,-1
110,434,744.99,589.52,44.62,72.58,0.51,-1,-1,-1
111,123,548.47,635.70,200.42,132.47,0.91,-1,-1,-1
111,381,205.83,591.39,68.31,88.36,0.46,-1,-1,-1
111,400,675.33,751.70,281.08,165.91,0.92,-1,-1,-1
111,401,419.50,939.99,316.11,162.69,0.82,-1,-1,-1
111,402,2145.30,368.10,105.08,67.38,0.79,-1,-1,-1
111,403,2030.66,430.54,145.74,78.30,0.88,-1,-1,-1
111,404,944.81,678.35,288.94,140.94,0.88,-1,-1,-1
111,406,2331.19,260.48,79.81,55.31,0.78,-1,-1,-1
111,407,2526.50,171.95,62.15,41.78,0.55,-1,-1,-1
111,409,1427.72,567.35,228.87,108.98,0.89,-1,-1,-1
111,410,2263.07,309.35,88.75,61.24,0.76,-1,-1,-1
111,411,1986.87,380.18,103.30,72.70,0.82,-1,-1,-1
111,412,976.40,575.70,228.21,100.00,0.88,-1,-1,-1
111,413,537.84,385.00,112.65,83.74,0.85,-1,-1,-1
111,414,438.84,748.98,152.77,176.44,0.86,-1,-1,-1
111,415,2070.57,339.67,94.57,73.09,0.85,-1,-1,-1
111,416,1910.88,364.52,100.09,69.75,0.81,-1,-1,-1
111,418,2279.24,236.55,70.51,55.69,0.78,-1,-1,-1
111,419,510.82,1081.90,109.38,138.79,0.38,-1,-1,-1
111,423,498.87,330.40,74.72,70.47,0.77,-1,-1,-1
111,424,2243.13,272.86,53.14,50.18,0.63,-1,-1,-1
111,430,97.87,812.88,59.87,108.21,0.44,-1,-1,-1
111,432,955.65,1242.62,72.13,139.22,0.69,-1,-1,-1
111,433,322.44,724.47,61.93,103.76,0.22,-1,-1,-1
111,435,2074.21,301.39,76.06,41.50,0.70,-1,-1,-1
111,440,2282.40,443.12,38.64,61.50,0.39,-1,-1,-1
111,442,545.39,524.35,46.63,61.76,0.62,-1,-1,-1
111,443,2250.06,426.23,35.93,66.34,0.64,-1,-1,-1
111,445,1713.02,379.53,28.95,57.27,0.50,-1,-1,-1
111,450,197.64,826.59,57.62,122.27,0.65,-1,-1,-1
111,451,1485.88,302.44,120.54,63.92,0.35,-1,-1,-1
111,453,2343.32,843.28,55.55,131.45,0.52,-1,-1,-1
111,455,780.86,348.61,28.87,63.64,0.31,-1,-1,-1
111,456,2197.62,838.98,58.28,112.30,0.42,-1,-1,-1
111,444,2203.47,303.89,50.70,46.59,0.50,-1,-1,-1
111,464,276.49,508.91,172.39,106.48,0.89,-1,-1,-1
111,466,577.31,1073.78,65.53,113.41,0.48,-1,-1,-1
111,467,587.17,856.55,54.86,86.02,0.43,-1,-1,-1
111,470,2359.77,217.63,55.17,41.21,0.58,-1,-1,-1
111,366,2349.33,337.29,25.61,49.32,0.52,-1,-1,-1
111,474,2478.55,299.61,81.18,57.11,0.76,-1,-1,-1
111,481,1220.43,713.16,63.51,108.42,0.34,-1,-1,-1
111,483,379.32,1275.41,92.17,168.18,0.55,-1,-1,-1
111,484,2453.57,158.74,51.39,35.31,0.23,-1,-1,-1
111,486,2467.85,830.45,58.35,111.78,0.62,-1,-1,-1
111,487,2466.12,575.80,40.94,89.69,0.60,-1,-1,-1
111,489,1826.18,521.57,38.31,69.78,0.49,-1,-1,-1
111,446,1807.19,553.54,81.39,54.44,0.33,-1,-1,-1
111,491,384.89,1271.82,77.46,138.22,0.67,-1,-1,-1
111,492,824.75,612.87,85.69,60.86,0.51,-1,-1,-1
111,493,2558.12,358.79,128.93,83.25,0.67,-1,-1,-1
111,441,1246.86,532.67,42.00,83.69,0.46,-1,-1,-1
111,426,311.94,209.76,66.91,64.64,0.49,-1,-1,-1
111,500,711.15,645.49,90.96,61.96,0.43,-1,-1,-1
111,501,1640.64,999.10,86.89,107.18,0.80,-1,-1,-1
111,502,651.08,501.44,39.58,73.94,0.66,-1,-1,-1
111,503,138.52,449.50,187.09,82.53,0.88,-1,-1,-1
111,504,1716.41,1161.34,84.27,119.97,0.80,-1,-1,-1
111,505,1558.45,976.25,68.03,105.33,0.49,-1,-1,-1
111,425,1126.26,782.64,70.26,78.45,0.53,-1,-1,-1
111,449,320.09,674.51,45.94,89.10,0.42,-1,-1,-1
111,506,797.51,472.71,82.63,60.33,0.55,-1,-1,-1
111,508,1796.53,396.47,32.07,41.06,0.43,-1,-1,-1
111,509,2438.56,185.41,46.77,42.38,0.57,-1,-1,-1
111,512,1921.25,1147.81,80.12,141.77,0.56,-1,-1,-1
111,515,1598.26,1070.91,67.02,112.10,0.59,-1,-1,-1
111,516,1764.55,1176.81,69.85,127.51,0.12,-1,-1,-1
111,518,741.92,319.99,27.54,59.93,0.62,-1,-1,-1
111,520,819.35,453.28,30.10,59.09,0.35,-1,-1,-1
111,522,835.27,576.66,42.75,82.35,0.53,-1,-1,-1
111,523,332.10,335.96,28.50,51.87,0.48,-1,-1,-1
111,526,1803.22,373.11,28.62,56.62,0.54,-1,-1,-1
111,527,1241.02,668.09,44.06,93.98,0.59,-1,-1,-1
111,528,1759.29,1277.05,71.03,152.98,0.38,-1,-1,-1
111,529,2214.65,203.59,81.81,61.65,0.13,-1,-1,-1
111,530,1190.30,554.11,96.77,77.88,0.61,-1,-1,-1
111,532,1914.98,1153.42,86.84,148.18,0.48,-1,-1,-1
111,514,955.63,1240.76,72.97,141.55,0.26,-1,-1,-1
111,533,1754.70,1271.50,81.49,162.81,0.41,-1,-1,-1
111,434,738.71,589.01,43.20,70.53,0.49,-1,-1,-1
112,123,544.10,636.16,200.73,132.68,0.92,-1,-1,-1
112,381,201.47,590.31,65.26,86.04,0.48,-1,-1,-1
112,400,672.01,752.14,280.54,166.08,0.91,-1,-1,-1
112,401,369.49,942.21,380.30,197.86,0.77,-1,-1,-1
112,402,2145.29,364.54,104.70,67.36,0.84,-1,-1,-1
112,403,2032.99,426.83,144.64,78.29,0.84,-1,-1,-1
112,404,938.53,678.35,288.14,141.40,0.87,-1,-1,-1
112,406,2329.56,259.63,77.49,53.85,0.77,-1,-1,-1
112,407,2523.28,169.33,62.20,42.16,0.50,-1,-1,-1
112,409,1435.75,565.86,229.67,109.45,0.89,-1,-1,-1
112,410,2261.79,306.54,87.56,60.51,0.79,-1,-1,-1
112,411,1980.56,379.26,104.51,73.69,0.86,-1,-1,-1
112,412,986.62,577.36,227.18,98.87,0.87,-1,-1,-1
112,413,530.56,383.18,117.14,87.16,0.83,-1,-1,-1
112,414,433.11,751.08,152.48,176.99,0.87,-1,-1,-1
112,415,2062.94,338.77,95.30,73.53,0.81,-1,-1,-1
112,416,1906.24,364.80,98.75,68.86,0.80,-1,-1,-1
112,418,2273.62,235.44,70.95,56.22,0.64,-1,-1,-1
112,419,506.87,1086.71,102.79,131.67,0.11,-1,-1,-1
112,423,494.53,331.42,74.04,69.50,0.73,-1,-1,-1
112,424,2239.10,272.53,52.61,49.67,0.49,-1,-1,-1
112,430,85.81,817.55,59.21,106.42,0.49,-1,-1,-1
112,432,954.60,1245.43,71.57,138.68,0.66,-1,-1,-1
112,433,314.45,715.22,65.42,111.54,0.37,-1,-1,-1
112,435,2068.24,300.68,76.62,41.60,0.55,-1,-1,-1
112,440,2280.71,441.33,37.18,58.74,0.20,-1,-1,-1
112,442,544.07,528.08,45.59,60.28,0.59,-1,-1,-1
112,443,2247.94,422.33,36.44,67.26,0.54,-1,-1,-1
112,445,1708.63,379.08,29.30,57.74,0.54,-1,-1,-1
112,450,193.75,824.21,59.15,126.49,0.67,-1,-1,-1
112,451,1481.72,301.71,120.79,64.20,0.47,-1,-1,-1
112,453,2338.48,842.94,56.28,132.08,0.53,-1,-1,-1
112,455,777.03,348.43,27.75,60.80,0.45,-1,-1,-1
112,456,2191.11,837.24,61.92,120.73,0.43,-1,-1,-1
112,444,2199.57,304.14,50.15,45.88,0.41,-1,-1,-1
112,464,274.54,511.28,172.38,107.71,0.89,-1,-1,-1
112,466,577.59,1075.69,64.33,111.91,0.43,-1,-1,-1
112,467,584.97,858.63,52.89,83.67,0.54,-1,-1,-1
112,470,2351.65,214.66,59.75,44.63,0.65,-1,-1,-1
112,366,2346.68,334.84,24.58,47.45,0.45,-1,-1,-1
112,474,2472.19,298.91,81.50,57.17,0.69,-1,-1,-1
112,481,1219.00,715.42,60.55,104.89,0.29,-1,-1,-1
112,483,381.21,1283.78,90.98,166.54,0.71,-1,-1,-1
112,484,2444.86,158.22,53.86,37.10,0.33,-1,-1,-1
112,486,2457.37,831.93,58.59,112.79,0.61,-1,-1,-1
112,487,2461.52,576.34,40.57,88.97,0.54,-1,-1,-1
112,489,1831.07,521.42,38.85,70.99,0.52,-1,-1,-1
112,446,1810.96,552.96,81.57,54.34,0.51,-1,-1,-1
112,491,383.78,1290.75,86.16,154.61,0.48,-1,-1,-1
112,492,826.56,608.90,90.79,65.73,0.48,-1,-1,-1
112,493,2559.64,362.83,120.69,76.60,0.65,-1,-1,-1
112,441,1243.47,532.23,41.20,82.27,0.40,-1,-1,-1
112,426,307.00,211.86,66.26,63.59,0.45,-1,-1,-1
112,500,697.88,638.93,97.94,67.77,0.21,-1,-1,-1
112,501,1627.69,988.81,87.91,109.43,0.69,-1,-1,-1
112,502,641.24,499.50,41.49,78.11,0.53,-1,-1,-1
112,503,138.33,450.36,191.86,84.80,0.88,-1,-1,-1
112,504,1713.70,1154.49,85.41,119.40,0.67,-1,-1,-1
112,505,1547.23,967.15,69.61,109.13,0.56,-1,-1,-1
112,425,1123.58,782.24,71.12,78.07,0.58,-1,-1,-1
112,449,311.53,671.25,43.89,84.92,0.44,-1,-1,-1
112,506,785.95,471.97,82.63,60.67,0.42,-1,-1,-1
112,508,1785.29,394.75,35.11,44.65,0.44,-1,-1,-1
112,509,2432.73,186.58,45.28,40.64,0.62,-1,-1,-1
112,512,1928.78,1138.73,69.94,122.84,0.64,-1,-1,-1
112,515,1603.41,1067.59,62.29,103.96,0.21,-1,-1,-1
112,516,1751.55,1172.18,72.56,128.10,0.51,-1,-1,-1
112,518,737.03,320.50,27.99,61.11,0.69,-1,-1,-1
112,520,807.83,451.45,30.43,60.07,0.36,-1,-1,-1
112,522,840.75,577.65,43.44,82.95,0.54,-1,-1,-1
112,523,325.16,331.81,31.11,56.81,0.44,-1,-1,-1
112,526,1791.80,372.78,31.00,61.53,0.58,-1,-1,-1
112,527,1237.67,666.17,43.52,92.45,0.70,-1,-1,-1
112,528,1759.92,1264.83,69.60,149.22,0.45,-1,-1,-1
112,529,2210.64,204.35,78.54,58.97,0.25,-1,-1,-1
112,532,1915.63,1156.72,79.54,136.28,0.46,-1,-1,-1
112,514,953.52,1246.88,73.69,143.45,0.31,-1,-1,-1
112,533,1755.94,1274.14,79.34,158.26,0.28,-1,-1,-1
112,434,729.19,588.91,43.44,70.81,0.56,-1,-1,-1
112,534,605.41,1348.88,80.99,145.80,0.66,-1,-1,-1
112,535,1280.84,407.41,35.47,64.89,0.56,-1,-1,-1
113,123,537.30,635.83,201.68,133.62,0.91,-1,-1,-1
113,381,197.22,597.02,64.43,85.66,0.29,-1,-1,-1
113,400,663.52,752.46,281.71,167.41,0.91,-1,-1,-1
113,401,341.39,948.69,403.48,211.70,0.85,-1,-1,-1
113,402,2141.47,360.52,105.33,68.04,0.84,-1,-1,-1
113,403,2035.81,424.30,139.51,75.74,0.84,-1,-1,-1
113,404,935.65,679.43,283.56,139.69,0.88,-1,-1,-1
113,406,2327.00,261.35,72.21,49.56,0.67,-1,-1,-1
113,407,2520.18,168.06,60.22,40.82,0.55,-1,-1,-1
113,409,1441.39,562.92,232.66,111.22,0.87,-1,-1,-1
113,410,2257.10,304.53,87.26,60.25,0.75,-1,-1,-1
113,411,1974.08,379.08,103.76,73.09,0.84,-1,-1,-1
113,412,995.02,578.63,227.08,98.13,0.87,-1,-1,-1
113,413,523.65,382.46,118.59,88.82,0.79,-1,-1,-1
113,414,425.28,753.47,152.08,177.39,0.88,-1,-1,-1
113,415,2057.52,339.25,93.06,71.69,0.82,-1,-1,-1
113,416,1899.96,363.74,100.45,69.83,0.81,-1,-1,-1
113,418,2266.38,237.23,68.24,53.96,0.68,-1,-1,-1
113,423,487.21,332.13,74.21,69.36,0.75,-1,-1,-1
113,424,2233.56,277.53,47.55,44.78,0.42,-1,-1,-1
113,430,70.95,825.16,59.85,108.23,0.48,-1,-1,-1
113,432,953.20,1250.01,69.23,134.19,0.57,-1,-1,-1
113,433,307.23,715.17,63.82,110.01,0.38,-1,-1,-1
113,435,2062.62,300.07,75.53,40.85,0.63,-1,-1,-1
113,440,2274.59,440.76,35.14,54.89,0.34,-1,-1,-1
113,442,539.89,531.34,44.93,59.17,0.72,-1,-1,-1
113,443,2242.60,420.65,35.44,65.63,0.67,-1,-1,-1
113,445,1702.07,379.02,30.05,59.27,0.48,-1,-1,-1
113,450,188.22,828.02,58.12,125.20,0.74,-1,-1,-1
113,451,1473.85,300.52,120.82,64.44,0.50,-1,-1,-1
113,453,2330.28,842.86,55.59,128.92,0.54,-1,-1,-1
113,455,772.74,349.37,26.12,56.80,0.32,-1,-1,-1
113,456,2185.48,831.31,64.65,126.91,0.33,-1,-1,-1
113,444,2192.74,306.65,46.97,42.49,0.34,-1,-1,-1
113,464,270.71,514.89,170.07,107.45,0.88,-1,-1,-1
113,466,561.37,1074.05,66.83,114.91,0.45,-1,-1,-1
113,467,580.28,861.17,50.23,78.87,0.40,-1,-1,-1
113,470,2343.53,217.89,55.27,41.01,0.53,-1,-1,-1
113,474,2463.67,299.17,80.66,56.20,0.74,-1,-1,-1
113,481,1215.11,712.09,60.50,106.43,0.47,-1,-1,-1
113,483,379.28,1295.99,90.85,166.72,0.56,-1,-1,-1
113,484,2436.79,157.49,54.43,37.71,0.27,-1,-1,-1
113,486,2448.82,831.28,58.84,114.19,0.72,-1,-1,-1
113,487,2453.72,574.43,40.57,88.57,0.59,-1,-1,-1
113,489,1834.89,521.60,38.10,70.32,0.48,-1,-1,-1
113,446,1813.83,552.46,81.87,54.45,0.51,-1,-1,-1
113,491,383.19,1296.48,82.33,147.18,0.67,-1,-1,-1
113,492,832.09,615.79,84.33,60.97,0.52,-1,-1,-1
113,493,2556.72,364.87,121.01,75.29,0.63,-1,-1,-1
113,441,1236.13,533.48,39.91,79.85,0.53,-1,-1,-1
113,426,300.93,216.42,63.73,60.46,0.53,-1,-1,-1
113,500,685.92,637.24,98.19,68.87,0.13,-1,-1,-1
113,501,1613.39,978.24,88.91,112.17,0.72,-1,-1,-1
113,502,633.22,500.64,37.36,70.38,0.58,-1,-1,-1
113,503,137.34,452.58,194.17,86.00,0.86,-1,-1,-1
113,504,1699.63,1132.91,90.94,131.06,0.62,-1,-1,-1
113,505,1531.21,966.04,74.53,118.06,0.67,-1,-1,-1
113,425,1117.40,780.21,73.64,79.44,0.50,-1,-1,-1
113,449,300.56,669.46,43.11,82.95,0.53,-1,-1,-1
113,506,775.05,475.31,76.89,56.33,0.60,-1,-1,-1
113,508,1774.02,396.56,34.78,43.86,0.43,-1,-1,-1
113,509,2424.09,185.31,46.48,41.67,0.53,-1,-1,-1
113,512,1930.55,1129.36,63.52,109.80,0.53,-1,-1,-1
113,515,1604.52,1060.14,62.73,104.78,0.29,-1,-1,-1
113,516,1752.49,1163.03,82.10,146.54,0.48,-1,-1,-1
113,518,729.48,322.50,27.65,60.76,0.60,-1,-1,-1
113,520,798.22,451.41,30.15,59.31,0.42,-1,-1,-1
113,522,843.50,579.45,43.36,81.99,0.49,-1,-1,-1
113,526,1780.69,371.80,30.36,60.30,0.58,-1,-1,-1
113,527,1231.49,664.15,43.65,92.87,0.57,-1,-1,-1
113,528,1760.64,1250.95,68.52,145.21,0.21,-1,-1,-1
113,529,2201.75,203.59,79.95,60.06,0.25,-1,-1,-1
113,532,1919.23,1152.57,74.92,128.66,0.40,-1,-1,-1
113,514,953.50,1262.98,68.53,132.74,0.41,-1,-1,-1
113,533,1751.92,1270.09,83.99,167.56,0.38,-1,-1,-1
113,434,717.36,588.75,41.90,68.81,0.53,-1,-1,-1
113,534,600.51,1342.43,86.50,155.86,0.72,-1,-1,-1
113,535,1272.60,406.52,35.99,65.87,0.52,-1,-1,-1
113,536,1709.92,1131.57,60.54,132.17,0.52,-1,-1,-1
114,123,524.74,636.36,202.64,134.16,0.90,-1,-1,-1
114,381,187.58,600.11,62.97,84.47,0.47,-1,-1,-1
114,400,650.73,751.63,285.23,170.06,0.92,-1,-1,-1
114,401,315.90,957.77,411.76,217.96,0.81,-1,-1,-1
114,402,2135.07,356.54,106.04,68.95,0.86,-1,-1,-1
114,403,2031.31,418.63,140.62,76.82,0.82,-1,-1,-1
114,404,926.92,680.76,280.37,137.91,0.89,-1,-1,-1
114,406,2316.14,257.70,72.74,49.89,0.64,-1,-1,-1
114,409,1443.32,558.67,234.34,112.61,0.89,-1,-1,-1
114,410,2248.36,302.05,86.50,59.88,0.81,-1,-1,-1
114,411,1962.18,377.44,104.73,73.73,0.85,-1,-1,-1
114,412,1001.28,580.87,223.71,95.90,0.87,-1,-1,-1
114,413,513.91,384.34,115.62,86.62,0.83,-1,-1,-1
114,414,414.84,758.34,150.81,176.57,0.86,-1,-1,-1
114,415,2046.05,337.81,93.54,72.03,0.86,-1,-1,-1
114,416,1888.44,362.92,99.78,69.31,0.81,-1,-1,-1
114,418,2253.30,236.20,67.88,53.88,0.68,-1,-1,-1
114,423,476.79,332.57,74.50,69.51,0.83,-1,-1,-1
114,430,54.49,832.68,59.46,108.76,0.62,-1,-1,-1
114,432,948.96,1253.58,68.46,132.38,0.53,-1,-1,-1
114,433,293.69,713.67,63.17,109.63,0.54,-1,-1,-1
114,435,2049.61,297.85,78.28,42.51,0.65,-1,-1,-1
114,442,532.25,535.99,43.42,56.87,0.67,-1,-1,-1
114,443,2235.19,416.32,34.31,63.07,0.59,-1,-1,-1
114,450,176.35,829.65,57.91,125.56,0.71,-1,-1,-1
114,451,1466.50,301.54,118.19,62.89,0.61,-1,-1,-1
114,453,2316.74,840.85,57.37,132.85,0.54,-1,-1,-1
114,456,2175.82,826.65,62.07,122.40,0.25,-1,-1,-1
114,464,263.50,519.06,167.12,106.68,0.85,-1,-1,-1
114,466,548.85,1075.90,67.17,115.42,0.69,-1,-1,-1
114,467,571.01,862.88,47.42,74.81,0.50,-1,-1,-1
114,470,2328.35,213.66,59.02,44.10,0.55,-1,-1,-1
114,474,2451.17,298.70,80.52,55.65,0.70,-1,-1,-1
114,483,374.89,1308.44,88.56,162.23,0.59,-1,-1,-1
114,484,2426.70,157.32,52.93,37.28,0.22,-1,-1,-1
114,486,2434.45,831.02,57.97,112.77,0.61,-1,-1,-1
114,487,2441.28,573.18,40.87,88.26,0.56,-1,-1,-1
114,446,1813.71,553.25,79.63,52.63,0.47,-1,-1,-1
114,491,376.68,1306.99,81.87,145.51,0.66,-1,-1,-1
114,492,831.74,618.31,81.72,58.95,0.51,-1,-1,-1
114,493,2547.70,362.70,125.74,76.03,0.44,-1,-1,-1
114,426,286.21,209.67,70.84,67.85,0.54,-1,-1,-1
114,500,673.87,633.11,99.58,71.34,0.44,-1,-1,-1
114,501,1599.28,976.29,83.18,105.47,0.73,-1,-1,-1
114,502,619.42,501.90,35.50,66.80,0.54,-1,-1,-1
114,503,131.40,455.06,194.43,86.09,0.89,-1,-1,-1
114,504,1693.98,1123.04,90.68,133.84,0.57,-1,-1,-1
114,505,1513.51,965.46,73.95,116.89,0.66,-1,-1,-1
114,425,1108.72,776.82,76.73,81.91,0.56,-1,-1,-1
114,449,287.62,668.72,44.46,85.16,0.42,-1,-1,-1
114,506,758.08,474.76,76.47,56.17,0.41,-1,-1,-1
114,509,2411.26,184.42,46.89,42.03,0.54,-1,-1,-1
114,512,1921.62,1120.63,66.87,115.83,0.55,-1,-1,-1
114,515,1600.54,1047.08,66.26,111.35,0.64,-1,-1,-1
114,516,1748.66,1152.54,84.36,150.48,0.62,-1,-1,-1
114,522,843.36,581.43,42.48,80.28,0.48,-1,-1,-1
114,527,1222.37,662.79,42.05,89.34,0.65,-1,-1,-1
114,528,1755.80,1240.65,70.41,147.55,0.63,-1,-1,-1
114,529,2188.50,202.55,82.72,61.93,0.14,-1,-1,-1
114,532,1911.87,1138.63,75.27,130.92,0.42,-1,-1,-1
114,514,950.78,1276.01,64.09,121.89,0.63,-1,-1,-1
114,533,1751.08,1265.53,77.03,152.48,0.21,-1,-1,-1
114,434,701.75,588.49,41.29,67.96,0.53,-1,-1,-1
114,534,591.34,1328.68,90.16,162.94,0.68,-1,-1,-1
114,535,1263.77,406.98,35.43,64.88,0.52,-1,-1,-1
114,536,1706.07,1122.91,61.43,133.79,0.67,-1,-1,-1
114,523,329.89,330.54,33.36,61.01,0.59,-1,-1,-1
115,123,510.00,637.32,203.74,135.04,0.93,-1,-1,-1
115,400,637.76,753.04,283.16,169.56,0.92,-1,-1,-1
115,401,284.31,964.72,413.77,221.13,0.80,-1,-1,-1
115,402,2124.20,353.13,103.01,67.07,0.81,-1,-1,-1
115,403,2023.89,414.61,136.99,75.28,0.80,-1,-1,-1
115,404,915.03,680.73,283.81,139.57,0.85,-1,-1,-1
115,406,2300.14,252.65,74.60,51.42,0.70,-1,-1,-1
115,409,1443.84,555.73,231.17,111.57,0.91,-1,-1,-1
115,410,2232.42,295.65,88.25,61.33,0.77,-1,-1,-1
115,411,1947.16,376.13,103.08,72.43,0.86,-1,-1,-1
115,412,1000.92,581.40,225.52,96.13,0.90,-1,-1,-1
115,413,497.19,384.37,116.85,87.81,0.79,-1,-1,-1
115,414,396.88,761.04,152.06,178.78,0.86,-1,-1,-1
115,415,2028.69,335.60,94.83,72.99,0.81,-1,-1,-1
115,416,1871.94,361.13,99.96,69.52,0.82,-1,-1,-1
115,418,2236.66,234.71,68.38,54.27,0.68,-1,-1,-1
115,423,459.81,333.07,75.03,69.86,0.80,-1,-1,-1
115,430,29.87,840.00,58.67,108.36,0.52,-1,-1,-1
115,432,937.35,1260.70,68.55,132.65,0.67,-1,-1,-1
115,435,2031.60,295.98,82.59,45.21,0.64,-1,-1,-1
115,442,519.10,540.93,42.47,55.40,0.70,-1,-1,-1
115,443,2231.87,412.14,34.73,64.29,0.33,-1,-1,-1
115,450,160.97,832.19,58.07,126.78,0.70,-1,-1,-1
115,451,1453.45,301.66,117.69,62.36,0.56,-1,-1,-1
115,453,2299.03,835.12,58.28,134.28,0.62,-1,-1,-1
115,464,248.11,521.65,168.85,108.97,0.87,-1,-1,-1
115,470,2309.66,211.04,59.16,44.35,0.52,-1,-1,-1
115,474,2430.01,295.17,83.22,57.24,0.78,-1,-1,-1
115,483,364.20,1327.11,88.17,160.80,0.53,-1,-1,-1
115,486,2416.17,829.32,56.59,110.08,0.69,-1,-1,-1
115,446,1808.34,553.54,77.88,50.85,0.58,-1,-1,-1
115,491,365.16,1317.36,84.60,149.53,0.66,-1,-1,-1
115,492,827.24,623.23,77.14,54.49,0.63,-1,-1,-1
115,426,269.49,210.83,69.79,66.94,0.67,-1,-1,-1
115,501,1563.41,972.13,113.56,149.11,0.63,-1,-1,-1
115,503,122.10,458.26,191.13,84.24,0.88,-1,-1,-1
115,504,1690.79,1111.78,85.14,127.82,0.43,-1,-1,-1
115,505,1492.62,958.00,74.38,118.19,0.56,-1,-1,-1
115,425,1094.77,773.91,78.81,83.68,0.59,-1,-1,-1
115,506,737.19,475.43,74.93,55.01,0.54,-1,-1,-1
115,512,1912.32,1108.53,64.58,111.39,0.53,-1,-1,-1
115,516,1744.05,1148.15,81.29,145.38,0.45,-1,-1,-1
115,522,847.19,594.18,40.44,72.57,0.10,-1,-1,-1
115,527,1206.86,660.89,43.72,93.53,0.65,-1,-1,-1
115,528,1746.21,1225.68,71.76,150.37,0.62,-1,-1,-1
115,529,2172.41,202.02,82.12,61.34,0.60,-1,-1,-1
115,532,1906.18,1133.86,70.35,122.60,0.72,-1,-1,-1
115,533,1739.25,1268.96,77.43,152.99,0.46,-1,-1,-1
115,434,681.95,588.65,41.55,68.64,0.55,-1,-1,-1
115,534,578.24,1317.47,87.20,158.08,0.60,-1,-1,-1
115,535,1248.05,407.37,34.39,63.07,0.56,-1,-1,-1
115,536,1695.26,1114.99,62.96,136.23,0.63,-1,-1,-1
115,523,332.47,342.83,30.61,54.70,0.13,-1,-1,-1
115,419,508.86,1083.29,88.26,116.75,0.53,-1,-1,-1
116,123,489.03,639.28,204.23,135.25,0.93,-1,-1,-1
116,400,619.60,754.99,282.39,169.29,0.91,-1,-1,-1
116,401,250.08,970.10,424.34,229.22,0.76,-1,-1,-1
116,402,2108.16,348.31,100.41,65.72,0.85,-1,-1,-1
116,403,2010.29,410.00,134.16,74.06,0.82,-1,-1,-1
116,404,892.42,680.85,283.09,139.16,0.87,-1,-1,-1
116,406,2280.77,253.07,67.69,46.74,0.64,-1,-1,-1
116,409,1439.19,553.61,228.42,110.46,0.90,-1,-1,-1
116,410,2211.42,290.88,88.24,61.67,0.73,-1,-1,-1
116,411,1925.31,373.86,103.20,72.65,0.85,-1,-1,-1
116,412,996.62,581.14,227.27,96.31,0.88,-1,-1,-1
116,413,475.22,386.41,116.77,87.86,0.83,-1,-1,-1
116,414,373.89,764.12,153.68,181.36,0.87,-1,-1,-1
116,415,2006.70,332.26,94.30,72.61,0.82,-1,-1,-1
116,416,1850.26,358.59,101.97,71.13,0.81,-1,-1,-1
116,418,2213.38,234.71,65.73,52.08,0.56,-1,-1,-1
116,423,436.65,333.33,76.23,70.81,0.78,-1,-1,-1
116,432,923.79,1264.92,68.02,132.06,0.70,-1,-1,-1
116,435,2008.65,294.60,84.69,46.72,0.66,-1,-1,-1
116,443,2226.74,410.48,32.82,60.76,0.43,-1,-1,-1
116,450,139.29,835.26,58.88,129.85,0.68,-1,-1,-1
116,451,1433.20,301.83,117.22,62.06,0.42,-1,-1,-1
116,453,2278.14,831.79,56.40,129.48,0.60,-1,-1,-1
116,464,226.61,524.50,172.38,112.72,0.86,-1,-1,-1
116,474,2406.33,291.77,83.93,57.69,0.79,-1,-1,-1
116,483,349.36,1337.86,88.65,160.94,0.47,-1,-1,-1
116,486,2393.72,825.14,56.43,109.87,0.69,-1,-1,-1
116,446,1797.58,553.10,78.18,50.36,0.38,-1,-1,-1
116,491,348.97,1330.99,84.97,148.99,0.65,-1,-1,-1
116,492,814.47,617.41,85.93,61.42,0.60,-1,-1,-1
116,426,243.90,210.23,72.08,69.35,0.55,-1,-1,-1
116,503,102.26,460.58,195.11,85.97,0.88,-1,-1,-1
116,505,1470.90,956.44,70.27,111.10,0.56,-1,-1,-1
116,425,1078.16,775.61,76.79,80.62,0.58,-1,-1,-1
116,506,709.36,471.95,78.84,58.09,0.60,-1,-1,-1
116,512,1897.83,1093.80,65.14,111.59,0.64,-1,-1,-1
116,516,1732.18,1141.25,81.38,147.93,0.63,-1,-1,-1
116,532,1893.11,1122.01,70.46,122.91,0.34,-1,-1,-1
116,533,1722.16,1248.56,83.00,165.38,0.49,-1,-1,-1
116,534,561.55,1308.72,85.00,154.54,0.68,-1,-1,-1
116,536,1681.30,1101.27,62.97,135.96,0.67,-1,-1,-1
116,542,1969.73,1377.01,170.10,132.13,0.63,-1,-1,-1
116,419,494.68,1083.19,84.70,116.27,0.50,-1,-1,-1
117,123,464.06,640.60,206.19,136.46,0.90,-1,-1,-1
117,400,595.05,757.34,280.98,168.49,0.94,-1,-1,-1
117,401,214.52,973.56,430.47,235.40,0.75,-1,-1,-1
117,402,2085.92,343.12,99.73,65.54,0.84,-1,-1,-1
117,403,1991.30,403.43,134.96,75.02,0.83,-1,-1,-1
117,404,870.32,679.29,289.65,142.87,0.88,-1,-1,-1
117,409,1432.06,551.35,222.74,107.77,0.91,-1,-1,-1
117,410,2186.25,286.31,87.26,61.85,0.76,-1,-1,-1
117,411,1901.38,371.96,102.08,71.86,0.85,-1,-1,-1
117,412,988.96,582.57,227.48,95.65,0.84,-1,-1,-1
117,413,450.37,388.33,116.78,87.68,0.80,-1,-1,-1
117,414,349.98,768.73,153.46,181.66,0.91,-1,-1,-1
117,415,1983.48,331.92,91.53,70.42,0.79,-1,-1,-1
117,416,1826.87,356.38,101.94,71.47,0.78,-1,-1,-1
117,418,2188.82,230.64,66.06,52.23,0.61,-1,-1,-1
117,423,411.23,332.94,77.70,72.30,0.72,-1,-1,-1
117,432,906.38,1268.93,68.87,134.27,0.75,-1,-1,-1
117,451,1410.45,300.97,116.66,61.40,0.72,-1,-1,-1
117,464,202.21,527.08,174.99,115.75,0.87,-1,-1,-1
117,474,2377.79,288.34,84.16,57.82,0.69,-1,-1,-1
117,483,334.33,1349.41,87.24,156.61,0.76,-1,-1,-1
117,446,1780.68,548.48,84.20,54.30,0.58,-1,-1,-1
117,491,334.16,1349.20,88.05,153.14,0.35,-1,-1,-1
117,492,802.60,618.08,85.87,61.60,0.58,-1,-1,-1
117,503,83.01,463.39,196.25,86.24,0.88,-1,-1,-1
117,505,1442.36,946.95,70.51,111.44,0.64,-1,-1,-1
117,425,1057.05,771.03,80.09,83.94,0.59,-1,-1,-1
117,506,678.54,472.48,77.35,57.03,0.61,-1,-1,-1
117,512,1879.33,1082.12,69.95,121.53,0.59,-1,-1,-1
117,516,1717.95,1128.62,81.24,147.88,0.64,-1,-1,-1
117,532,1874.80,1098.49,74.55,131.74,0.54,-1,-1,-1
117,533,1705.55,1235.83,83.81,168.63,0.50,-1,-1,-1
117,534,544.02,1300.57,82.58,150.56,0.66,-1,-1,-1
117,536,1667.60,1090.25,63.13,135.82,0.58,-1,-1,-1
117,542,1929.08,1369.03,180.85,140.70,0.65,-1,-1,-1
117,419,468.85,1086.12,83.44,117.01,0.54,-1,-1,-1
117,501,1549.94,1000.73,92.22,124.34,0.69,-1,-1,-1
118,123,439.26,641.41,207.43,137.33,0.91,-1,-1,-1
118,400,574.29,760.38,278.94,167.54,0.93,-1,-1,-1
118,401,185.99,979.77,423.94,232.76,0.69,-1,-1,-1
118,402,2064.65,338.19,97.85,64.41,0.83,-1,-1,-1
118,403,1972.66,397.59,132.72,74.16,0.80,-1,-1,-1
118,404,847.46,679.79,289.50,143.24,0.89,-1,-1,-1
118,409,1419.28,546.67,225.09,109.50,0.90,-1,-1,-1
118,410,2162.33,281.80,85.87,61.43,0.73,-1,-1,-1
118,411,1876.13,369.97,102.02,71.94,0.86,-1,-1,-1
118,412,981.16,583.39,225.50,94.16,0.84,-1,-1,-1
118,413,425.75,389.59,116.92,87.82,0.84,-1,-1,-1
118,414,323.40,773.31,155.48,184.98,0.90,-1,-1,-1
118,415,1956.76,330.11,92.16,70.90,0.80,-1,-1,-1
118,416,1802.18,353.62,101.17,71.24,0.80,-1,-1,-1
118,418,2161.07,227.85,66.57,52.70,0.63,-1,-1,-1
118,423,384.01,335.32,77.56,72.19,0.77,-1,-1,-1
118,432,889.89,1273.44,68.29,133.02,0.72,-1,-1,-1
118,451,1385.76,299.62,118.90,62.55,0.66,-1,-1,-1
118,464,177.77,534.19,172.35,115.30,0.89,-1,-1,-1
118,474,2348.98,285.41,83.10,56.77,0.69,-1,-1,-1
118,483,319.19,1364.17,83.56,147.62,0.46,-1,-1,-1
118,491,316.17,1360.02,86.90,149.36,0.66,-1,-1,-1
118,492,786.82,619.17,86.04,61.69,0.69,-1,-1,-1
118,503,61.11,466.75,197.08,86.38,0.86,-1,-1,-1
118,505,1416.27,946.04,67.07,104.12,0.72,-1,-1,-1
118,425,1034.62,765.33,84.15,88.56,0.50,-1,-1,-1
118,506,647.46,473.62,75.20,55.25,0.64,-1,-1,-1
118,512,1863.01,1069.50,70.38,122.61,0.61,-1,-1,-1
118,516,1703.52,1120.44,78.97,145.09,0.68,-1,-1,-1
118,532,1857.42,1080.15,76.11,136.08,0.23,-1,-1,-1
118,533,1692.64,1210.73,79.05,160.86,0.64,-1,-1,-1
118,534,520.08,1291.12,86.39,159.13,0.75,-1,-1,-1
118,536,1647.64,1082.48,62.91,135.31,0.70,-1,-1,-1
118,542,1883.31,1358.89,188.07,146.49,0.67,-1,-1,-1
118,419,447.19,1088.29,81.98,118.90,0.55,-1,-1,-1
118,501,1541.00,1012.02,83.68,115.30,0.53,-1,-1,-1
118,366,2344.20,331.48,28.17,53.15,0.51,-1,-1,-1
119,123,417.02,642.32,209.17,138.24,0.89,-1,-1,-1
119,400,551.92,762.50,278.83,166.80,0.92,-1,-1,-1
119,401,147.44,990.49,424.48,234.67,0.73,-1,-1,-1
119,402,2045.93,333.82,95.31,62.89,0.81,-1,-1,-1
119,403,1957.25,392.77,129.19,72.62,0.83,-1,-1,-1
119,404,823.81,679.09,293.68,145.69,0.87,-1,-1,-1
119,409,1410.33,542.74,226.57,110.92,0.91,-1,-1,-1
119,410,2141.82,277.52,83.97,60.34,0.74,-1,-1,-1
119,411,1853.69,367.51,102.06,72.17,0.81,-1,-1,-1
119,412,977.71,584.65,223.81,92.48,0.81,-1,-1,-1
119,413,399.84,390.17,118.72,89.01,0.79,-1,-1,-1
119,414,299.10,777.11,156.26,186.78,0.90,-1,-1,-1
119,415,1932.17,326.41,93.24,71.85,0.79,-1,-1,-1
119,416,1779.59,350.95,100.83,71.24,0.79,-1,-1,-1
119,418,2135.34,224.50,67.46,53.20,0.59,-1,-1,-1
119,423,359.04,335.87,79.27,73.99,0.80,-1,-1,-1
119,432,876.55,1277.65,71.78,140.07,0.66,-1,-1,-1
119,451,1366.68,301.03,114.04,59.60,0.63,-1,-1,-1
119,464,155.14,539.42,172.43,116.49,0.89,-1,-1,-1
119,474,2322.39,282.41,82.06,56.00,0.78,-1,-1,-1
119,491,308.22,1374.01,82.81,137.99,0.69,-1,-1,-1
119,492,776.69,621.46,85.57,61.08,0.74,-1,-1,-1
119,503,41.15,469.41,198.62,87.05,0.88,-1,-1,-1
119,505,1389.41,925.42,69.52,108.75,0.51,-1,-1,-1
119,425,1018.39,767.08,81.83,85.92,0.52,-1,-1,-1
119,506,619.27,473.84,75.99,55.61,0.62,-1,-1,-1
119,516,1699.75,1111.34,70.43,128.24,0.52,-1,-1,-1
119,532,1843.86,1063.00,74.63,136.01,0.54,-1,-1,-1
119,533,1684.95,1201.14,74.94,152.59,0.54,-1,-1,-1
119,534,503.67,1283.55,87.03,161.35,0.64,-1,-1,-1
119,536,1638.28,1073.46,60.48,129.06,0.69,-1,-1,-1
119,542,1844.41,1350.72,190.44,148.39,0.62,-1,-1,-1
119,419,428.29,1089.66,79.67,119.69,0.34,-1,-1,-1
119,501,1537.87,1008.75,74.21,103.51,0.57,-1,-1,-1
119,564,1475.58,944.55,81.01,94.21,0.72,-1,-1,-1
120,123,402.56,643.74,209.86,138.85,0.89,-1,-1,-1
120,400,537.17,761.12,285.28,171.53,0.93,-1,-1,-1
120,401,101.34,1006.48,410.00,231.72,0.70,-1,-1,-1
120,402,2034.80,329.48,94.82,62.90,0.81,-1,-1,-1
120,403,1949.21,387.74,127.71,72.16,0.81,-1,-1,-1
120,404,812.74,680.45,290.49,144.12,0.89,-1,-1,-1
120,409,1409.43,540.74,225.38,111.11,0.90,-1,-1,-1
120,410,2129.18,274.81,80.89,58.30,0.77,-1,-1,-1
120,411,1838.53,366.00,103.00,72.97,0.86,-1,-1,-1
120,412,980.20,585.60,223.60,91.53,0.84,-1,-1,-1
120,413,383.34,390.08,120.47,90.00,0.78,-1,-1,-1
120,414,284.36,778.97,157.64,189.33,0.89,-1,-1,-1
120,415,1916.46,324.66,94.53,72.97,0.78,-1,-1,-1
120,416,1767.09,350.54,98.78,69.85,0.79,-1,-1,-1
120,418,2119.05,222.85,67.72,53.55,0.71,-1,-1,-1
120,423,343.05,337.92,77.40,71.78,0.77,-1,-1,-1
120,432,869.46,1283.34,69.78,137.67,0.63,-1,-1,-1
120,451,1351.55,299.02,117.49,61.26,0.69,-1,-1,-1
120,464,142.05,544.03,170.77,116.36,0.88,-1,-1,-1
120,474,2305.28,281.58,81.07,55.34,0.76,-1,-1,-1
120,491,307.82,1387.72,78.38,124.28,0.65,-1,-1,-1
120,492,773.14,622.40,86.30,61.45,0.68,-1,-1,-1
120,503,31.40,470.82,199.59,87.37,0.89,-1,-1,-1
120,505,1374.18,928.86,66.82,103.58,0.63,-1,-1,-1
120,425,1005.15,763.16,84.72,89.31,0.50,-1,-1,-1
120,506,595.24,470.11,80.54,59.28,0.53,-1,-1,-1
120,516,1691.84,1100.95,74.30,135.79,0.66,-1,-1,-1
120,532,1839.18,1051.54,71.36,131.99,0.61,-1,-1,-1
120,533,1682.63,1194.87,74.50,151.84,0.67,-1,-1,-1
120,534,494.59,1274.92,83.21,155.36,0.69,-1,-1,-1
120,536,1633.69,1066.21,57.53,121.30,0.64,-1,-1,-1
120,542,1810.99,1351.75,195.43,152.08,0.67,-1,-1,-1
120,419,415.63,1091.75,78.16,119.50,0.49,-1,-1,-1
120,501,1532.80,1008.50,75.38,106.57,0.62,-1,-1,-1
120,564,1462.96,941.36,79.51,92.62,0.63,-1,-1,-1
120,566,2084.93,256.46,51.59,49.49,0.69,-1,-1,-1
120,568,2199.50,235.46,56.87,48.28,0.68,-1,-1,-1
120,569,2302.78,810.52,59.38,114.36,0.61,-1,-1,-1
120,570,2265.34,175.40,45.94,39.00,0.62,-1,-1,-1
120,571,416.46,548.61,45.83,67.13,0.78,-1,-1,-1
120,573,2121.05,385.52,30.93,61.51,0.59,-1,-1,-1
120,574,2301.16,551.45,44.04,86.05,0.59,-1,-1,-1
120,444,2192.02,301.67,42.01,41.04,0.60,-1,-1,-1
120,456,2180.31,807.51,65.74,132.09,0.53,-1,-1,-1
120,435,1965.83,290.76,105.88,60.44,0.50,-1,-1,-1
121,123,396.38,646.57,206.79,136.74,0.89,-1,-1,-1
121,400,534.54,763.76,280.81,169.10,0.93,-1,-1,-1
121,401,79.01,1013.34,410.55,235.66,0.74,-1,-1,-1
121,402,2029.77,326.11,95.17,63.37,0.82,-1,-1,-1
121,403,1947.75,384.77,126.81,72.37,0.81,-1,-1,-1
121,404,808.03,681.05,288.60,143.17,0.89,-1,-1,-1
121,409,1415.92,538.72,222.11,110.09,0.89,-1,-1,-1
121,410,2125.92,274.37,78.03,56.27,0.78,-1,-1,-1
121,411,1831.65,366.18,102.15,72.56,0.85,-1,-1,-1
121,412,989.77,587.20,223.29,90.60,0.87,-1,-1,-1
121,413,373.59,390.15,121.22,90.51,0.83,-1,-1,-1
121,414,277.64,782.23,157.84,189.86,0.88,-1,-1,-1
121,415,1908.62,323.25,95.27,74.03,0.79,-1,-1,-1
121,416,1760.72,349.88,98.66,69.87,0.80,-1,-1,-1
121,418,2111.22,222.76,67.15,53.21,0.72,-1,-1,-1
121,423,333.54,337.05,79.17,73.59,0.72,-1,-1,-1
121,432,867.87,1286.42,66.29,131.74,0.63,-1,-1,-1
121,451,1342.84,298.64,118.90,62.11,0.64,-1,-1,-1
121,464,137.08,547.51,169.23,116.24,0.87,-1,-1,-1
121,474,2298.27,281.42,79.78,54.54,0.75,-1,-1,-1
121,491,311.99,1399.40,73.08,112.60,0.51,-1,-1,-1
121,492,776.21,622.92,85.66,61.06,0.73,-1,-1,-1
121,503,31.58,471.93,198.77,86.81,0.88,-1,-1,-1
121,505,1363.15,924.95,67.01,103.29,0.60,-1,-1,-1
121,425,1001.24,764.56,81.89,86.33,0.46,-1,-1,-1
121,506,581.66,467.98,81.92,60.73,0.48,-1,-1,-1
121,516,1690.18,1092.15,77.49,143.07,0.57,-1,-1,-1
121,532,1837.53,1045.84,70.17,131.23,0.58,-1,-1,-1
121,533,1682.91,1188.52,72.16,147.20,0.62,-1,-1,-1
121,534,493.89,1266.48,75.30,141.43,0.69,-1,-1,-1
121,536,1632.60,1065.26,60.22,126.29,0.67,-1,-1,-1
121,542,1789.66,1332.49,198.06,154.12,0.60,-1,-1,-1
121,419,409.34,1089.77,76.64,120.35,0.46,-1,-1,-1
121,501,1538.27,995.07,72.17,103.70,0.54,-1,-1,-1
121,564,1445.95,926.96,85.99,100.73,0.49,-1,-1,-1
121,566,2081.31,258.37,49.93,47.94,0.75,-1,-1,-1
121,568,2198.30,234.02,57.47,48.66,0.70,-1,-1,-1
121,569,2296.69,811.89,59.74,115.02,0.63,-1,-1,-1
121,570,2259.56,174.60,45.71,38.84,0.67,-1,-1,-1
121,571,413.06,546.47,49.17,72.16,0.73,-1,-1,-1
121,573,2119.49,382.85,30.32,60.20,0.55,-1,-1,-1
121,574,2298.61,551.94,42.97,84.05,0.67,-1,-1,-1
121,577,580.81,320.97,29.35,62.38,0.63,-1,-1,-1
121,578,1106.13,654.81,35.27,69.68,0.61,-1,-1,-1
121,456,2178.93,807.91,65.18,133.19,0.61,-1,-1,-1
121,435,1956.26,290.62,109.38,64.23,0.21,-1,-1,-1
121,446,1757.00,540.19,87.42,56.78,0.66,-1,-1,-1
121,512,1844.87,1039.61,69.09,121.83,0.58,-1,-1,-1
122,123,393.72,647.46,206.32,136.46,0.90,-1,-1,-1
122,400,533.08,765.22,278.42,167.92,0.93,-1,-1,-1
122,401,67.50,1017.51,409.88,237.84,0.81,-1,-1,-1
122,402,2031.07,324.75,93.17,62.28,0.82,-1,-1,-1
122,403,1951.76,382.24,123.23,70.78,0.79,-1,-1,-1
122,404,807.39,682.61,286.72,142.03,0.89,-1,-1,-1
122,409,1426.14,536.74,220.26,109.76,0.90,-1,-1,-1
122,410,2125.35,273.26,76.77,55.63,0.79,-1,-1,-1
122,411,1829.35,366.18,101.58,72.29,0.85,-1,-1,-1
122,412,1000.92,587.30,223.49,89.97,0.83,-1,-1,-1
122,413,370.31,390.60,120.97,90.27,0.84,-1,-1,-1
122,414,274.21,784.97,157.97,190.35,0.88,-1,-1,-1
122,415,1906.22,322.79,94.74,73.99,0.80,-1,-1,-1
122,416,1758.21,349.38,99.10,70.20,0.81,-1,-1,-1
122,418,2108.07,222.27,67.47,53.57,0.66,-1,-1,-1
122,423,330.35,337.42,78.88,73.15,0.73,-1,-1,-1
122,432,869.72,1289.69,66.69,133.17,0.59,-1,-1,-1
122,451,1340.56,299.18,117.89,61.47,0.67,-1,-1,-1
122,464,137.22,550.12,167.77,116.16,0.87,-1,-1,-1
122,474,2295.61,281.25,80.04,54.89,0.73,-1,-1,-1
122,491,319.90,1410.98,68.33,101.02,0.53,-1,-1,-1
122,492,786.97,625.86,81.56,57.80,0.69,-1,-1,-1
122,503,33.79,472.66,201.40,87.81,0.88,-1,-1,-1
122,505,1354.66,918.96,67.98,104.50,0.60,-1,-1,-1
122,425,999.65,761.57,83.67,88.56,0.50,-1,-1,-1
122,506,571.57,467.40,81.05,60.52,0.54,-1,-1,-1
122,516,1698.21,1086.53,68.64,126.55,0.61,-1,-1,-1
122,532,1839.13,1039.94,68.73,129.96,0.39,-1,-1,-1
122,533,1682.47,1173.40,76.79,158.93,0.52,-1,-1,-1
122,534,491.95,1256.74,77.69,146.60,0.74,-1,-1,-1
122,536,1633.30,1060.55,61.21,128.15,0.68,-1,-1,-1
122,542,1763.40,1332.87,208.03,162.17,0.57,-1,-1,-1
122,419,406.91,1087.49,77.54,124.75,0.26,-1,-1,-1
122,501,1543.52,990.46,74.40,108.46,0.77,-1,-1,-1
122,564,1436.99,920.50,86.66,102.09,0.60,-1,-1,-1
122,566,2078.41,257.98,50.33,48.33,0.73,-1,-1,-1
122,568,2198.85,233.26,56.56,47.73,0.59,-1,-1,-1
122,569,2292.52,815.92,58.76,113.23,0.63,-1,-1,-1
122,570,2256.89,175.90,44.68,37.92,0.64,-1,-1,-1
122,571,412.53,547.04,50.19,73.86,0.71,-1,-1,-1
122,573,2119.66,378.29,30.69,60.84,0.55,-1,-1,-1
122,574,2297.45,551.48,42.75,83.67,0.66,-1,-1,-1
122,577,578.78,320.02,29.63,63.00,0.61,-1,-1,-1
122,578,1102.81,653.46,36.04,71.10,0.63,-1,-1,-1
122,456,2178.48,806.86,65.04,135.50,0.60,-1,-1,-1
122,435,1952.79,290.44,107.55,64.50,0.14,-1,-1,-1
122,579,457.16,514.70,38.82,77.79,0.63,-1,-1,-1
122,580,459.19,911.29,79.55,115.09,0.59,-1,-1,-1
122,581,120.39,668.32,75.42,89.90,0.50,-1,-1,-1
122,582,121.86,661.60,46.72,78.07,0.53,-1,-1,-1
122,446,1762.61,541.61,83.89,54.70,0.61,-1,-1,-1
122,512,1843.44,1031.95,70.77,126.73,0.64,-1,-1,-1
123,123,391.93,647.00,207.62,137.39,0.89,-1,-1,-1
123,400,531.91,765.71,277.39,167.52,0.93,-1,-1,-1
123,401,59.20,1019.27,413.79,242.33,0.78,-1,-1,-1
123,402,2035.76,322.62,91.85,61.56,0.83,-1,-1,-1
123,403,1955.76,377.91,123.55,71.62,0.83,-1,-1,-1
123,404,807.38,683.00,286.83,141.82,0.90,-1,-1,-1
123,409,1438.90,534.94,217.65,109.01,0.90,-1,-1,-1
123,410,2127.52,271.50,75.12,54.57,0.80,-1,-1,-1
123,411,1828.46,366.21,101.10,72.02,0.85,-1,-1,-1
123,412,1018.99,588.07,223.50,89.36,0.87,-1,-1,-1
123,413,369.59,390.49,120.65,90.10,0.83,-1,-1,-1
123,414,272.52,786.83,157.40,190.72,0.89,-1,-1,-1
123,415,1906.02,323.21,93.51,73.27,0.81,-1,-1,-1
123,416,1755.98,349.15,99.44,70.90,0.83,-1,-1,-1
123,418,2106.17,223.55,65.76,52.05,0.66,-1,-1,-1
123,423,329.79,337.15,79.66,74.06,0.76,-1,-1,-1
123,432,871.01,1293.81,66.30,133.75,0.61,-1,-1,-1
123,451,1339.95,299.80,117.11,60.96,0.62,-1,-1,-1
123,464,138.43,552.71,165.93,115.73,0.90,-1,-1,-1
123,474,2294.92,281.28,79.02,54.34,0.77,-1,-1,-1
123,491,328.80,1421.42,65.34,90.58,0.55,-1,-1,-1
123,492,794.95,626.53,82.31,58.27,0.67,-1,-1,-1
123,503,38.50,473.79,202.29,88.06,0.87,-1,-1,-1
123,505,1347.08,912.97,68.68,105.53,0.65,-1,-1,-1
123,425,1000.24,763.16,81.86,86.42,0.54,-1,-1,-1
123,506,564.05,468.79,78.38,58.44,0.54,-1,-1,-1
123,516,1705.91,1083.04,63.38,116.74,0.48,-1,-1,-1
123,532,1844.62,1030.82,67.85,128.90,0.34,-1,-1,-1
123,533,1684.41,1165.58,77.37,162.69,0.55,-1,-1,-1
123,534,492.06,1245.91,78.30,148.91,0.63,-1,-1,-1
123,536,1634.46,1052.35,63.04,131.99,0.66,-1,-1,-1
123,542,1736.63,1352.34,174.46,136.56,0.54,-1,-1,-1
123,419,401.34,1086.35,77.34,127.51,0.38,-1,-1,-1
123,501,1556.12,980.26,67.00,98.34,0.67,-1,-1,-1
123,564,1433.21,922.37,78.99,93.01,0.74,-1,-1,-1
123,566,2078.38,258.08,50.33,48.39,0.71,-1,-1,-1
123,568,2202.37,232.37,55.88,46.82,0.66,-1,-1,-1
123,569,2290.68,818.53,57.49,111.10,0.63,-1,-1,-1
123,570,2254.46,175.11,46.09,39.11,0.65,-1,-1,-1
123,571,412.31,544.78,52.04,77.01,0.69,-1,-1,-1
123,573,2120.62,375.85,31.10,61.61,0.57,-1,-1,-1
123,574,2296.56,551.35,42.72,83.68,0.63,-1,-1,-1
123,577,575.64,318.30,29.96,63.87,0.60,-1,-1,-1
123,578,1099.38,651.56,38.30,75.48,0.59,-1,-1,-1
123,456,2178.52,805.45,64.48,136.93,0.62,-1,-1,-1
123,435,1968.93,300.72,93.59,58.67,0.68,-1,-1,-1
123,579,451.25,512.32,39.36,78.90,0.51,-1,-1,-1
123,580,465.35,922.42,74.61,107.79,0.63,-1,-1,-1
123,581,117.41,663.83,79.26,94.52,0.58,-1,-1,-1
123,582,119.30,660.57,48.99,81.95,0.48,-1,-1,-1
123,446,1769.65,541.59,84.39,55.20,0.42,-1,-1,-1
123,512,1845.17,1023.67,69.46,125.31,0.53,-1,-1,-1
123,583,150.07,360.93,36.48,57.37,0.61,-1,-1,-1
123,584,133.57,215.36,66.32,69.58,0.62,-1,-1,-1
123,444,2191.64,296.85,42.70,44.81,0.51,-1,-1,-1
124,123,391.83,647.91,206.60,136.70,0.89,-1,-1,-1
124,400,531.07,766.38,276.88,167.37,0.94,-1,-1,-1
124,401,48.01,1026.17,413.49,243.67,0.82,-1,-1,-1
124,402,2040.02,320.65,90.17,60.47,0.84,-1,-1,-1
124,403,1962.44,374.76,120.57,70.40,0.83,-1,-1,-1
124,404,805.66,682.97,287.77,142.21,0.91,-1,-1,-1
124,409,1448.85,531.73,218.65,110.33,0.90,-1,-1,-1
124,410,2130.55,269.91,75.15,54.50,0.81,-1,-1,-1
124,411,1828.33,366.47,100.91,71.88,0.84,-1,-1,-1
124,412,1032.84,588.72,225.21,89.59,0.85,-1,-1,-1
124,413,370.01,390.87,119.84,89.54,0.84,-1,-1,-1
124,414,270.83,788.90,157.21,191.34,0.91,-1,-1,-1
124,415,1906.44,324.02,92.12,72.32,0.82,-1,-1,-1
124,416,1754.59,348.61,99.65,71.32,0.80,-1,-1,-1
124,418,2105.59,223.11,66.39,52.47,0.69,-1,-1,-1
124,423,330.08,337.40,79.48,74.03,0.78,-1,-1,-1
124,432,874.29,1295.63,66.00,133.74,0.62,-1,-1,-1
124,451,1339.93,300.44,115.74,60.19,0.66,-1,-1,-1
124,464,139.38,554.25,167.39,117.90,0.89,-1,-1,-1
124,474,2294.78,281.02,78.99,54.42,0.77,-1,-1,-1
124,491,340.26,1431.99,60.90,80.01,0.47,-1,-1,-1
124,492,804.65,625.20,83.54,59.04,0.76,-1,-1,-1
124,503,43.10,474.83,205.21,89.52,0.89,-1,-1,-1
124,505,1341.43,912.78,65.47,99.44,0.71,-1,-1,-1
124,425,1001.34,764.53,80.69,84.92,0.52,-1,-1,-1
124,506,557.99,470.45,74.30,55.56,0.64,-1,-1,-1
124,516,1710.93,1077.26,61.35,113.17,0.54,-1,-1,-1
124,532,1851.18,1027.31,65.84,125.00,0.54,-1,-1,-1
124,533,1687.16,1151.52,78.19,168.13,0.57,-1,-1,-1
124,534,495.02,1237.44,71.88,137.31,0.60,-1,-1,-1
124,536,1639.77,1047.06,63.84,132.61,0.51,-1,-1,-1
124,542,1702.11,1350.99,183.76,146.54,0.63,-1,-1,-1
124,419,400.05,1086.70,74.22,125.82,0.36,-1,-1,-1
124,501,1563.37,980.90,67.04,99.16,0.73,-1,-1,-1
124,564,1431.94,923.87,72.98,86.29,0.66,-1,-1,-1
124,566,2077.63,258.21,51.69,49.81,0.69,-1,-1,-1
124,568,2206.49,229.45,57.80,47.88,0.71,-1,-1,-1
124,569,2288.47,820.11,57.95,112.45,0.60,-1,-1,-1
124,570,2252.64,174.43,47.49,40.31,0.66,-1,-1,-1
124,571,414.34,545.62,51.88,77.05,0.71,-1,-1,-1
124,573,2122.84,373.62,30.24,59.85,0.59,-1,-1,-1
124,574,2295.39,552.25,42.35,83.04,0.66,-1,-1,-1
124,577,572.93,318.29,29.05,62.01,0.59,-1,-1,-1
124,578,1094.84,650.07,38.93,76.48,0.64,-1,-1,-1
124,456,2179.34,808.03,62.51,135.38,0.65,-1,-1,-1
124,579,445.18,513.79,40.34,80.64,0.57,-1,-1,-1
124,580,463.11,918.82,80.77,116.87,0.62,-1,-1,-1
124,581,113.26,660.38,81.55,97.33,0.31,-1,-1,-1
124,582,116.19,657.62,51.12,85.63,0.39,-1,-1,-1
124,446,1777.73,542.14,83.96,54.91,0.61,-1,-1,-1
124,512,1852.87,1016.64,66.30,119.61,0.50,-1,-1,-1
124,583,150.94,365.21,34.71,54.54,0.50,-1,-1,-1
124,584,132.64,213.68,67.90,71.15,0.62,-1,-1,-1
124,586,420.52,533.45,38.28,70.84,0.51,-1,-1,-1
124,444,2190.50,298.34,43.55,47.95,0.13,-1,-1,-1
125,123,389.44,645.59,210.24,139.39,0.89,-1,-1,-1
125,400,530.37,766.72,276.19,167.13,0.93,-1,-1,-1
125,401,34.97,1028.74,415.48,246.94,0.80,-1,-1,-1
125,402,2044.51,318.07,89.22,59.98,0.82,-1,-1,-1
125,403,1970.32,373.77,116.00,67.86,0.84,-1,-1,-1
125,404,806.66,683.36,287.23,141.84,0.91,-1,-1,-1
125,409,1463.95,530.11,213.60,108.24,0.90,-1,-1,-1
125,410,2132.66,268.36,74.35,53.91,0.77,-1,-1,-1
125,411,1828.48,366.32,101.40,72.37,0.84,-1,-1,-1
125,412,1049.02,588.26,225.74,89.27,0.89,-1,-1,-1
125,413,369.89,391.02,119.72,89.48,0.83,-1,-1,-1
125,414,270.66,792.49,155.50,189.59,0.92,-1,-1,-1
125,415,1906.59,325.25,90.33,70.74,0.81,-1,-1,-1
125,416,1753.79,349.05,98.87,70.99,0.79,-1,-1,-1
125,418,2105.25,222.83,66.68,52.72,0.66,-1,-1,-1
125,423,329.87,336.97,80.10,74.85,0.73,-1,-1,-1
125,432,876.47,1299.41,67.27,136.48,0.67,-1,-1,-1
125,451,1339.55,299.70,117.13,60.90,0.63,-1,-1,-1
125,464,141.46,555.63,168.44,120.13,0.89,-1,-1,-1
125,474,2294.92,281.09,78.36,54.01,0.76,-1,-1,-1
125,491,350.05,1444.85,55.96,67.15,0.44,-1,-1,-1
125,492,814.71,626.43,83.49,58.81,0.68,-1,-1,-1
125,503,50.64,475.85,205.70,90.09,0.90,-1,-1,-1
125,505,1335.21,906.12,67.15,101.68,0.50,-1,-1,-1
125,425,1002.08,765.58,79.48,83.36,0.46,-1,-1,-1
125,506,550.34,466.39,77.23,58.32,0.63,-1,-1,-1
125,516,1716.04,1070.55,64.86,118.67,0.62,-1,-1,-1
125,532,1854.59,1016.56,67.33,128.65,0.36,-1,-1,-1
125,533,1693.57,1155.44,74.81,161.99,0.62,-1,-1,-1
125,534,494.24,1224.84,76.08,146.28,0.71,-1,-1,-1
125,536,1648.41,1046.76,61.95,126.26,0.46,-1,-1,-1
125,542,1680.96,1346.48,177.79,144.36,0.77,-1,-1,-1
125,419,384.40,1085.59,74.80,123.43,0.26,-1,-1,-1
125,501,1574.37,966.76,63.55,94.14,0.66,-1,-1,-1
125,564,1419.38,907.35,82.16,98.14,0.73,-1,-1,-1
125,566,2075.60,257.94,52.63,50.65,0.65,-1,-1,-1
125,568,2210.67,228.44,56.58,46.16,0.61,-1,-1,-1
125,569,2287.76,820.89,58.08,113.12,0.60,-1,-1,-1
125,570,2251.52,174.45,48.23,40.95,0.56,-1,-1,-1
125,571,416.07,544.18,53.59,79.82,0.65,-1,-1,-1
125,573,2126.02,372.58,28.63,56.56,0.56,-1,-1,-1
125,574,2293.92,552.72,42.45,83.20,0.62,-1,-1,-1
125,577,571.35,318.53,28.81,61.58,0.63,-1,-1,-1
125,578,1093.20,650.26,38.66,75.84,0.70,-1,-1,-1
125,456,2179.75,807.58,61.36,134.67,0.67,-1,-1,-1
125,579,439.93,516.12,40.95,81.77,0.53,-1,-1,-1
125,580,464.65,916.21,83.44,120.93,0.54,-1,-1,-1
125,581,116.41,668.36,72.07,85.35,0.23,-1,-1,-1
125,582,110.19,654.49,51.46,86.56,0.57,-1,-1,-1
125,446,1786.63,541.78,83.75,54.99,0.46,-1,-1,-1
125,512,1857.36,1008.84,64.03,114.87,0.60,-1,-1,-1
125,583,151.28,364.09,35.91,56.43,0.39,-1,-1,-1
125,584,129.58,207.45,73.36,77.03,0.57,-1,-1,-1
125,586,421.49,533.30,39.75,73.57,0.47,-1,-1,-1
125,444,2192.99,296.97,42.05,48.75,0.40,-1,-1,-1
125,588,2063.70,764.98,108.54,189.93,0.74,-1,-1,-1
125,589,42.57,600.61,60.68,92.23,0.61,-1,-1,-1
125,590,52.74,857.49,56.63,128.92,0.60,-1,-1,-1
125,591,499.39,1240.07,75.16,148.25,0.66,-1,-1,-1
126,123,389.58,645.99,209.77,139.19,0.89,-1,-1,-1
126,400,529.26,766.76,276.57,167.51,0.93,-1,-1,-1
126,401,27.32,1034.24,419.22,250.03,0.77,-1,-1,-1
126,402,2047.88,315.05,89.35,60.30,0.83,-1,-1,-1
126,403,1976.36,371.81,114.45,67.22,0.84,-1,-1,-1
126,404,807.11,683.40,287.61,141.98,0.90,-1,-1,-1
126,409,1479.62,528.02,208.30,105.80,0.92,-1,-1,-1
126,410,2135.10,267.87,73.33,53.04,0.76,-1,-1,-1
126,411,1828.50,366.10,101.89,72.89,0.85,-1,-1,-1
126,412,1060.80,587.67,228.54,89.94,0.91,-1,-1,-1
126,413,370.59,391.43,118.85,88.83,0.83,-1,-1,-1
126,414,270.65,795.10,154.97,189.06,0.92,-1,-1,-1
126,415,1906.74,325.27,90.52,71.00,0.81,-1,-1,-1
126,416,1753.48,349.61,98.27,70.77,0.79,-1,-1,-1
126,418,2104.99,222.37,67.50,53.49,0.68,-1,-1,-1
126,423,330.83,337.70,78.34,73.24,0.74,-1,-1,-1
126,432,877.74,1304.60,69.18,139.91,0.65,-1,-1,-1
126,451,1339.99,299.72,116.82,60.73,0.61,-1,-1,-1
126,464,144.37,558.18,167.92,121.24,0.88,-1,-1,-1
126,474,2295.64,281.30,77.82,53.70,0.76,-1,-1,-1
126,491,357.97,1454.95,50.39,56.29,0.45,-1,-1,-1
126,492,823.32,623.79,87.00,61.45,0.73,-1,-1,-1
126,503,58.52,477.35,204.48,89.85,0.90,-1,-1,-1
126,505,1329.39,900.13,67.50,102.26,0.55,-1,-1,-1
126,425,1002.26,763.46,80.65,84.81,0.47,-1,-1,-1
126,506,542.92,462.73,79.69,60.68,0.55,-1,-1,-1
126,516,1721.44,1064.48,62.94,114.87,0.60,-1,-1,-1
126,532,1859.67,1012.55,65.18,124.68,0.42,-1,-1,-1
126,533,1696.98,1157.43,75.09,163.85,0.58,-1,-1,-1
126,534,495.52,1215.33,71.51,136.72,0.60,-1,-1,-1
126,536,1653.98,1037.88,62.73,127.47,0.56,-1,-1,-1
126,542,1663.89,1338.76,172.15,142.03,0.61,-1,-1,-1
126,501,1579.79,960.62,68.23,102.02,0.75,-1,-1,-1
126,564,1412.89,901.13,81.21,97.83,0.62,-1,-1,-1
126,566,2073.79,257.36,53.50,51.32,0.66,-1,-1,-1
126,568,2213.02,224.92,59.16,47.63,0.65,-1,-1,-1
126,569,2288.17,822.49,57.17,111.65,0.68,-1,-1,-1
126,570,2251.60,175.33,47.32,40.20,0.55,-1,-1,-1
126,571,418.07,545.08,53.60,80.00,0.74,-1,-1,-1
126,573,2129.18,370.82,28.99,57.06,0.58,-1,-1,-1
126,574,2293.46,552.96,42.37,83.03,0.63,-1,-1,-1
126,577,570.69,318.71,28.25,60.40,0.65,-1,-1,-1
126,578,1090.76,647.86,39.20,76.76,0.48,-1,-1,-1
126,456,2180.64,809.42,59.93,133.49,0.65,-1,-1,-1
126,579,438.31,519.73,39.89,78.66,0.11,-1,-1,-1
126,580,469.11,920.21,82.23,119.36,0.65,-1,-1,-1
126,581,110.81,669.58,67.22,79.58,0.25,-1,-1,-1
126,582,105.57,652.22,51.09,86.43,0.63,-1,-1,-1
126,446,1798.08,542.29,82.72,54.36,0.45,-1,-1,-1
126,512,1861.49,1002.90,63.14,112.98,0.59,-1,-1,-1
126,583,151.13,364.22,36.64,57.60,0.33,-1,-1,-1
126,584,125.89,199.85,80.42,84.88,0.53,-1,-1,-1
126,586,423.42,529.40,41.36,76.54,0.52,-1,-1,-1
126,444,2195.75,295.20,41.07,49.84,0.42,-1,-1,-1
126,588,2068.75,764.37,101.45,177.28,0.81,-1,-1,-1
126,589,42.20,600.14,60.54,91.99,0.65,-1,-1,-1
126,590,54.51,857.98,56.49,128.56,0.60,-1,-1,-1
126,591,502.96,1240.30,70.76,139.39,0.60,-1,-1,-1
126,592,1800.63,1294.75,125.87,144.87,0.57,-1,-1,-1
126,535,1145.86,406.68,33.74,62.40,0.50,-1,-1,-1
127,123,390.26,646.61,208.75,138.65,0.88,-1,-1,-1
127,400,528.30,767.22,276.48,167.51,0.93,-1,-1,-1
127,401,18.00,1037.61,420.75,251.31,0.80,-1,-1,-1
127,402,2051.62,312.78,89.12,60.32,0.86,-1,-1,-1
127,403,1981.28,368.57,113.96,67.33,0.85,-1,-1,-1
127,404,805.80,682.79,289.91,143.32,0.90,-1,-1,-1
127,409,1490.36,524.31,208.26,106.32,0.89,-1,-1,-1
127,410,2137.22,265.32,73.84,53.63,0.77,-1,-1,-1
127,411,1828.71,366.11,101.60,72.85,0.85,-1,-1,-1
127,412,1077.61,587.23,229.66,90.13,0.91,-1,-1,-1
127,413,370.78,391.60,118.90,88.82,0.82,-1,-1,-1
127,414,270.63,797.26,155.47,189.96,0.92,-1,-1,-1
127,415,1906.39,325.62,89.83,70.42,0.80,-1,-1,-1
127,416,1754.20,349.95,97.88,70.57,0.79,-1,-1,-1
127,418,2105.53,222.30,68.04,53.85,0.70,-1,-1,-1
127,423,330.58,337.84,78.44,73.56,0.73,-1,-1,-1
127,432,879.21,1310.19,68.92,138.67,0.68,-1,-1,-1
127,451,1339.92,298.38,117.94,61.32,0.61,-1,-1,-1
127,464,147.16,559.34,167.20,122.23,0.87,-1,-1,-1
127,474,2296.58,281.71,77.35,53.58,0.75,-1,-1,-1
127,492,834.60,622.98,86.96,61.72,0.57,-1,-1,-1
127,503,64.44,479.13,205.18,90.37,0.89,-1,-1,-1
127,505,1323.12,893.62,67.80,103.07,0.50,-1,-1,-1
127,425,1003.09,761.96,80.83,85.23,0.50,-1,-1,-1
127,506,536.27,463.19,78.28,60.14,0.55,-1,-1,-1
127,516,1728.61,1059.21,62.02,112.84,0.34,-1,-1,-1
127,532,1865.50,1010.00,61.69,117.94,0.57,-1,-1,-1
127,533,1703.09,1154.12,73.07,159.42,0.54,-1,-1,-1
127,534,502.82,1211.49,66.78,125.90,0.53,-1,-1,-1
127,536,1656.53,1032.79,64.40,129.80,0.56,-1,-1,-1
127,542,1642.76,1324.55,173.89,146.41,0.74,-1,-1,-1
127,501,1591.60,957.09,64.97,97.86,0.52,-1,-1,-1
127,564,1409.31,899.87,77.40,93.82,0.56,-1,-1,-1
127,566,2073.17,256.66,53.71,51.40,0.67,-1,-1,-1
127,568,2214.23,222.94,60.21,47.81,0.67,-1,-1,-1
127,569,2287.68,824.74,57.63,113.07,0.69,-1,-1,-1
127,570,2251.17,174.83,47.63,40.49,0.58,-1,-1,-1
127,571,420.07,548.54,52.19,77.90,0.65,-1,-1,-1
127,573,2131.22,368.32,29.18,57.12,0.62,-1,-1,-1
127,574,2292.91,553.25,42.20,82.69,0.62,-1,-1,-1
127,577,570.20,318.64,26.78,57.17,0.66,-1,-1,-1
127,578,1088.16,649.79,38.01,74.17,0.42,-1,-1,-1
127,456,2181.10,810.16,59.07,133.38,0.65,-1,-1,-1
127,580,472.04,922.53,83.29,120.79,0.62,-1,-1,-1
127,582,101.49,650.14,52.87,90.16,0.59,-1,-1,-1
127,446,1808.33,542.43,81.90,53.97,0.52,-1,-1,-1
127,512,1865.95,995.29,63.53,114.29,0.54,-1,-1,-1
127,583,154.91,368.14,35.70,55.39,0.31,-1,-1,-1
127,584,127.99,201.18,77.80,82.32,0.47,-1,-1,-1
127,586,426.33,521.53,41.37,76.35,0.51,-1,-1,-1
127,444,2197.98,292.58,40.16,50.62,0.41,-1,-1,-1
127,588,2071.47,764.16,97.73,170.47,0.75,-1,-1,-1
127,589,42.14,601.59,59.53,90.33,0.66,-1,-1,-1
127,590,56.10,858.86,55.89,127.09,0.64,-1,-1,-1
127,591,503.35,1227.33,71.00,139.58,0.60,-1,-1,-1
127,592,1790.01,1291.99,125.38,144.26,0.73,-1,-1,-1
127,593,2037.13,902.35,52.90,119.78,0.54,-1,-1,-1
127,594,136.71,709.80,61.22,96.01,0.61,-1,-1,-1
127,595,46.60,598.43,48.19,82.12,0.52,-1,-1,-1
127,535,1143.16,407.20,33.17,61.83,0.53,-1,-1,-1
128,123,390.34,646.88,208.63,138.72,0.89,-1,-1,-1
128,400,526.93,767.45,277.09,167.91,0.93,-1,-1,-1
128,401,6.34,1042.38,419.51,251.26,0.85,-1,-1,-1
128,402,2056.07,311.34,87.90,59.65,0.85,-1,-1,-1
128,403,1986.13,364.90,113.16,67.24,0.82,-1,-1,-1
128,404,805.33,682.55,290.31,143.63,0.89,-1,-1,-1
128,409,1502.36,521.20,207.57,106.59,0.90,-1,-1,-1
128,410,2139.09,266.40,70.31,51.16,0.70,-1,-1,-1
128,411,1828.78,366.17,101.41,72.86,0.85,-1,-1,-1
128,412,1091.20,587.63,230.16,89.95,0.93,-1,-1,-1
128,413,371.81,391.95,118.06,88.20,0.83,-1,-1,-1
128,414,269.99,799.53,156.06,191.07,0.92,-1,-1,-1
128,415,1905.82,325.50,89.89,70.45,0.79,-1,-1,-1
128,416,1755.00,350.14,97.71,70.50,0.79,-1,-1,-1
128,418,2105.16,222.07,68.52,54.40,0.67,-1,-1,-1
128,423,330.67,338.52,77.64,72.89,0.78,-1,-1,-1
128,432,880.59,1314.65,68.62,137.54,0.66,-1,-1,-1
128,451,1341.97,300.61,114.24,59.22,0.52,-1,-1,-1
128,464,150.10,561.59,165.98,122.77,0.87,-1,-1,-1
128,474,2297.86,282.12,76.02,52.73,0.74,-1,-1,-1
128,492,844.00,622.69,87.08,62.07,0.60,-1,-1,-1
128,503,70.84,480.93,203.54,89.68,0.89,-1,-1,-1
128,505,1317.49,889.66,67.49,103.45,0.47,-1,-1,-1
128,425,1005.26,763.48,78.80,82.97,0.51,-1,-1,-1
128,506,531.69,464.81,75.90,58.13,0.51,-1,-1,-1
128,516,1733.53,1054.92,59.08,108.09,0.50,-1,-1,-1
128,532,1868.98,997.66,63.80,122.33,0.61,-1,-1,-1
128,533,1711.14,1151.05,67.21,147.38,0.26,-1,-1,-1
128,534,499.92,1199.08,65.74,123.48,0.56,-1,-1,-1
128,536,1660.88,1029.29,64.07,127.56,0.64,-1,-1,-1
128,542,1623.04,1311.20,170.32,146.41,0.79,-1,-1,-1
128,501,1600.26,956.07,61.52,92.65,0.73,-1,-1,-1
128,564,1405.26,893.48,76.62,94.14,0.47,-1,-1,-1
128,566,2074.88,258.00,52.58,50.32,0.61,-1,-1,-1
128,568,2215.81,221.66,60.65,47.48,0.62,-1,-1,-1
128,569,2287.49,826.41,57.87,114.20,0.68,-1,-1,-1
128,570,2250.90,175.56,46.89,39.90,0.53,-1,-1,-1
128,571,421.48,552.87,50.73,75.61,0.69,-1,-1,-1
128,573,2133.50,364.82,29.74,57.76,0.56,-1,-1,-1
128,574,2292.63,553.47,41.99,82.18,0.62,-1,-1,-1
128,577,569.02,319.48,27.90,59.63,0.67,-1,-1,-1
128,578,1081.57,649.07,39.77,77.27,0.65,-1,-1,-1
128,456,2181.60,810.44,58.24,133.20,0.67,-1,-1,-1
128,580,479.57,932.84,81.02,117.60,0.62,-1,-1,-1
128,582,97.81,647.58,53.77,92.66,0.48,-1,-1,-1
128,446,1817.71,542.00,82.15,54.34,0.64,-1,-1,-1
128,512,1871.64,987.82,60.59,109.58,0.49,-1,-1,-1
128,583,154.20,367.55,36.62,56.10,0.20,-1,-1,-1
128,584,127.39,198.31,78.99,84.03,0.46,-1,-1,-1
128,586,426.17,519.14,41.39,76.46,0.54,-1,-1,-1
128,588,2073.02,764.39,95.72,166.62,0.68,-1,-1,-1
128,589,44.21,605.43,57.15,86.20,0.69,-1,-1,-1
128,590,56.70,859.26,56.14,127.60,0.66,-1,-1,-1
128,591,502.89,1214.69,72.08,141.18,0.62,-1,-1,-1
128,592,1778.99,1287.15,126.35,145.42,0.74,-1,-1,-1
128,593,2039.46,904.88,48.44,109.35,0.58,-1,-1,-1
128,594,133.25,703.39,63.90,100.27,0.63,-1,-1,-1
128,595,47.51,600.57,43.91,74.52,0.52,-1,-1,-1
128,535,1142.44,407.82,32.55,61.22,0.56,-1,-1,-1
128,596,877.88,1319.18,73.73,143.11,0.58,-1,-1,-1
128,442,501.34,588.14,51.03,68.93,0.51,-1,-1,-1
129,123,392.13,649.72,205.07,136.16,0.88,-1,-1,-1
129,400,525.47,767.79,277.57,168.12,0.93,-1,-1,-1
129,401,0.83,1048.88,424.32,253.16,0.84,-1,-1,-1
129,402,2060.31,309.64,87.37,59.35,0.84,-1,-1,-1
129,403,1991.17,361.87,112.02,66.97,0.86,-1,-1,-1
129,404,804.49,681.79,291.76,144.38,0.89,-1,-1,-1
129,409,1515.14,519.29,204.35,105.12,0.91,-1,-1,-1
129,410,2141.51,261.29,74.40,54.34,0.72,-1,-1,-1
129,411,1829.39,366.75,100.27,72.07,0.86,-1,-1,-1
129,412,1103.78,586.93,233.77,91.00,0.90,-1,-1,-1
129,413,372.73,393.37,115.59,85.89,0.81,-1,-1,-1
129,414,269.02,801.38,157.42,193.26,0.91,-1,-1,-1
129,415,1905.29,325.33,89.95,70.49,0.79,-1,-1,-1
129,416,1755.38,349.96,98.21,70.81,0.78,-1,-1,-1
129,418,2106.09,222.16,68.22,54.28,0.69,-1,-1,-1
129,423,330.43,338.46,78.14,73.46,0.77,-1,-1,-1
129,432,880.47,1325.34,68.76,136.92,0.37,-1,-1,-1
129,451,1342.93,301.75,113.29,58.50,0.62,-1,-1,-1
129,464,154.24,566.30,162.36,121.13,0.88,-1,-1,-1
129,474,2298.32,282.20,75.58,52.57,0.75,-1,-1,-1
129,492,855.24,622.39,88.40,63.28,0.61,-1,-1,-1
129,503,78.13,482.29,202.09,89.09,0.86,-1,-1,-1
129,505,1313.43,887.31,65.50,99.98,0.54,-1,-1,-1
129,425,1006.00,762.39,79.66,83.96,0.52,-1,-1,-1
129,506,523.96,465.02,75.30,57.82,0.33,-1,-1,-1
129,516,1738.63,1050.99,56.29,102.14,0.57,-1,-1,-1
129,532,1873.35,992.38,62.83,120.83,0.65,-1,-1,-1
129,533,1720.24,1138.95,67.30,146.96,0.54,-1,-1,-1
129,534,495.74,1188.71,74.21,139.64,0.78,-1,-1,-1
129,536,1666.25,1022.95,63.13,125.74,0.70,-1,-1,-1
129,542,1604.94,1299.07,165.08,145.04,0.82,-1,-1,-1
129,501,1609.52,954.72,58.60,87.44,0.63,-1,-1,-1
129,564,1398.19,886.12,77.33,96.20,0.65,-1,-1,-1
129,566,2076.40,259.01,51.57,49.31,0.62,-1,-1,-1
129,568,2220.65,221.41,59.78,46.22,0.68,-1,-1,-1
129,570,2250.61,176.66,45.56,38.83,0.62,-1,-1,-1
129,571,424.29,556.33,49.54,74.03,0.66,-1,-1,-1
129,573,2135.09,361.92,30.51,59.24,0.50,-1,-1,-1
129,574,2292.27,553.36,41.98,81.98,0.62,-1,-1,-1
129,577,567.94,318.39,28.27,60.54,0.65,-1,-1,-1
129,578,1076.41,646.39,42.21,81.91,0.66,-1,-1,-1
129,580,482.72,936.41,83.02,121.07,0.71,-1,-1,-1
129,582,96.16,645.66,52.12,90.54,0.51,-1,-1,-1
129,446,1826.69,541.70,81.53,54.15,0.43,-1,-1,-1
129,512,1879.17,980.30,56.60,101.20,0.51,-1,-1,-1
129,583,154.09,368.07,37.61,57.41,0.16,-1,-1,-1
129,584,126.78,197.41,79.30,84.82,0.52,-1,-1,-1
129,586,423.78,518.38,41.63,77.00,0.52,-1,-1,-1
129,588,2074.80,765.23,91.44,158.49,0.75,-1,-1,-1
129,589,44.40,606.32,57.28,85.54,0.72,-1,-1,-1
129,590,57.51,860.31,55.72,126.59,0.64,-1,-1,-1
129,591,501.67,1202.48,72.49,141.57,0.56,-1,-1,-1
129,592,1763.54,1279.37,126.62,145.38,0.70,-1,-1,-1
129,593,2036.69,908.08,50.04,112.99,0.57,-1,-1,-1
129,594,132.03,702.14,63.18,99.18,0.61,-1,-1,-1
129,595,44.71,601.05,40.21,67.59,0.43,-1,-1,-1
129,535,1142.62,407.57,32.51,61.15,0.51,-1,-1,-1
129,596,879.81,1322.57,71.74,139.19,0.61,-1,-1,-1
129,442,498.44,589.55,47.62,66.48,0.52,-1,-1,-1
129,453,2183.39,813.06,54.83,127.68,0.67,-1,-1,-1
130,123,392.30,650.55,204.03,135.26,0.89,-1,-1,-1
130,400,523.92,767.83,278.19,168.38,0.93,-1,-1,-1
130,401,0.00,1053.49,416.63,252.23,0.81,-1,-1,-1
130,402,2064.41,307.24,86.33,58.58,0.81,-1,-1,-1
130,403,1995.65,359.12,111.38,66.91,0.83,-1,-1,-1
130,404,804.49,681.43,292.11,144.47,0.90,-1,-1,-1
130,409,1526.36,516.16,204.90,106.03,0.87,-1,-1,-1
130,410,2144.01,259.23,75.36,55.25,0.69,-1,-1,-1
130,411,1829.56,366.67,100.02,71.95,0.85,-1,-1,-1
130,412,1119.14,586.74,233.43,90.54,0.92,-1,-1,-1
130,413,372.62,393.61,115.36,85.28,0.82,-1,-1,-1
130,414,269.38,802.85,157.74,194.05,0.91,-1,-1,-1
130,415,1904.77,324.89,90.51,70.97,0.79,-1,-1,-1
130,416,1755.03,350.00,98.19,70.71,0.78,-1,-1,-1
130,418,2106.02,221.73,68.61,54.78,0.69,-1,-1,-1
130,423,329.94,338.24,78.53,73.95,0.78,-1,-1,-1
130,432,883.49,1335.89,66.42,130.35,0.29,-1,-1,-1
130,451,1342.79,301.35,114.15,58.75,0.63,-1,-1,-1
130,464,157.00,569.42,160.55,120.84,0.88,-1,-1,-1
130,474,2298.35,282.26,75.61,52.62,0.75,-1,-1,-1
130,492,866.17,623.48,87.12,62.15,0.68,-1,-1,-1
130,503,83.97,483.13,201.57,88.91,0.85,-1,-1,-1
130,505,1309.23,883.33,64.84,98.38,0.68,-1,-1,-1
130,425,1006.02,759.29,81.97,86.69,0.54,-1,-1,-1
130,506,514.77,462.13,77.64,59.77,0.44,-1,-1,-1
130,516,1739.84,1044.73,58.84,105.96,0.60,-1,-1,-1
130,532,1877.77,991.05,58.94,113.58,0.50,-1,-1,-1
130,533,1723.43,1133.59,71.05,155.07,0.70,-1,-1,-1
130,534,492.86,1179.51,74.77,140.41,0.62,-1,-1,-1
130,536,1671.18,1020.72,62.70,123.41,0.66,-1,-1,-1
130,542,1587.50,1285.10,164.35,147.64,0.76,-1,-1,-1
130,501,1617.45,938.08,63.08,94.66,0.69,-1,-1,-1
130,564,1398.16,886.26,72.84,92.08,0.55,-1,-1,-1
130,566,2075.36,259.12,51.34,48.83,0.52,-1,-1,-1
130,568,2225.66,220.45,59.78,45.89,0.66,-1,-1,-1
130,570,2249.97,176.29,45.49,38.80,0.64,-1,-1,-1
130,571,428.10,564.71,44.74,66.72,0.67,-1,-1,-1
130,573,2136.77,359.69,30.43,59.24,0.52,-1,-1,-1
130,574,2291.40,551.55,42.95,83.86,0.62,-1,-1,-1
130,577,565.64,315.78,29.66,63.56,0.63,-1,-1,-1
130,578,1074.37,643.12,39.31,75.80,0.61,-1,-1,-1
130,580,484.90,937.76,85.02,124.83,0.79,-1,-1,-1
130,582,93.25,642.38,50.96,88.98,0.66,-1,-1,-1
130,446,1835.61,541.44,81.00,54.09,0.72,-1,-1,-1
130,512,1881.27,972.20,58.65,104.99,0.58,-1,-1,-1
130,583,168.26,371.94,38.19,55.01,0.51,-1,-1,-1
130,584,120.13,188.27,87.07,93.96,0.52,-1,-1,-1
130,586,421.40,516.73,39.37,72.67,0.43,-1,-1,-1
130,588,2075.07,765.35,90.22,155.70,0.74,-1,-1,-1
130,589,40.57,605.32,57.87,85.77,0.66,-1,-1,-1
130,590,58.12,860.69,55.61,126.16,0.63,-1,-1,-1
130,591,502.07,1196.31,71.11,138.05,0.48,-1,-1,-1
130,592,1752.68,1273.79,125.56,143.86,0.74,-1,-1,-1
130,593,2033.55,909.44,51.71,116.80,0.57,-1,-1,-1
130,594,129.08,697.78,63.57,99.70,0.64,-1,-1,-1
130,595,41.18,601.15,42.28,70.47,0.40,-1,-1,-1
130,535,1142.04,407.62,32.71,61.51,0.56,-1,-1,-1
130,596,881.73,1325.61,70.68,136.99,0.64,-1,-1,-1
130,442,492.54,589.30,47.74,67.54,0.54,-1,-1,-1
130,453,2180.79,812.04,54.63,128.41,0.66,-1,-1,-1
130,486,2286.07,831.14,60.08,120.00,0.61,-1,-1,-1
131,123,392.08,651.13,203.83,134.85,0.89,-1,-1,-1
131,400,522.04,767.94,278.81,168.59,0.93,-1,-1,-1
131,401,0.00,1056.83,400.99,251.02,0.82,-1,-1,-1
131,402,2067.29,305.84,85.26,57.66,0.82,-1,-1,-1
131,403,2000.56,356.10,110.42,66.83,0.85,-1,-1,-1
131,404,804.58,680.51,293.58,145.26,0.91,-1,-1,-1
131,409,1538.42,513.78,203.33,105.93,0.91,-1,-1,-1
131,410,2145.42,257.74,75.51,55.96,0.71,-1,-1,-1
131,411,1829.41,366.61,99.71,71.82,0.83,-1,-1,-1
131,412,1133.10,586.18,236.51,91.57,0.89,-1,-1,-1
131,413,372.37,393.99,115.48,84.94,0.81,-1,-1,-1
131,414,269.46,804.79,157.91,194.64,0.90,-1,-1,-1
131,415,1904.76,324.58,90.90,71.40,0.80,-1,-1,-1
131,416,1755.83,350.75,96.33,69.22,0.78,-1,-1,-1
131,418,2105.51,221.45,68.57,54.87,0.66,-1,-1,-1
131,423,328.31,338.36,79.04,74.23,0.78,-1,-1,-1
131,432,885.68,1335.83,67.75,131.88,0.17,-1,-1,-1
131,451,1341.26,298.31,118.02,60.72,0.65,-1,-1,-1
131,464,159.17,572.07,159.17,120.78,0.87,-1,-1,-1
131,474,2297.65,282.24,75.79,52.71,0.76,-1,-1,-1
131,492,874.37,621.68,90.68,65.07,0.67,-1,-1,-1
131,503,87.21,482.32,206.34,91.54,0.85,-1,-1,-1
131,505,1304.16,877.84,65.50,99.07,0.63,-1,-1,-1
131,425,1005.93,756.80,83.35,88.50,0.54,-1,-1,-1
131,506,507.45,464.05,75.33,58.04,0.23,-1,-1,-1
131,516,1740.55,1038.05,61.03,109.37,0.33,-1,-1,-1
131,532,1881.64,983.13,58.21,112.83,0.46,-1,-1,-1
131,533,1728.26,1136.30,69.38,149.79,0.59,-1,-1,-1
131,534,489.15,1170.54,78.26,147.10,0.63,-1,-1,-1
131,536,1676.97,1017.53,62.42,121.21,0.39,-1,-1,-1
131,542,1573.93,1277.42,155.02,142.29,0.89,-1,-1,-1
131,501,1631.13,926.45,57.31,85.37,0.53,-1,-1,-1
131,564,1394.61,884.97,69.08,87.86,0.49,-1,-1,-1
131,566,2075.02,258.79,50.82,47.93,0.43,-1,-1,-1
131,568,2232.80,219.43,58.67,45.52,0.67,-1,-1,-1
131,570,2249.21,175.90,45.42,38.81,0.66,-1,-1,-1
131,571,429.23,567.08,43.34,64.27,0.63,-1,-1,-1
131,573,2138.15,358.91,30.28,59.06,0.49,-1,-1,-1
131,574,2290.79,551.00,43.21,84.28,0.60,-1,-1,-1
131,577,564.41,313.44,29.46,63.36,0.60,-1,-1,-1
131,578,1068.99,641.84,38.82,74.24,0.59,-1,-1,-1
131,580,487.84,938.45,86.05,127.01,0.73,-1,-1,-1
131,582,91.73,639.70,49.95,87.72,0.74,-1,-1,-1
131,446,1845.10,541.47,80.73,54.02,0.72,-1,-1,-1
131,512,1883.65,964.33,58.80,105.67,0.48,-1,-1,-1
131,583,174.30,373.59,39.46,54.01,0.49,-1,-1,-1
131,584,115.67,183.18,90.75,98.61,0.41,-1,-1,-1
131,586,415.91,517.74,39.80,73.40,0.46,-1,-1,-1
131,588,2076.67,765.34,87.19,149.41,0.71,-1,-1,-1
131,589,36.65,603.90,58.42,86.15,0.65,-1,-1,-1
131,590,58.72,861.08,55.78,126.25,0.65,-1,-1,-1
131,591,499.68,1186.26,72.32,140.45,0.42,-1,-1,-1
131,592,1740.34,1268.71,126.17,144.33,0.68,-1,-1,-1
131,593,2027.68,914.93,51.42,116.21,0.64,-1,-1,-1
131,594,129.30,699.56,60.52,94.65,0.56,-1,-1,-1
131,595,39.70,601.47,42.57,70.20,0.40,-1,-1,-1
131,535,1142.11,407.35,33.13,62.09,0.53,-1,-1,-1
131,596,883.18,1328.13,71.08,137.70,0.67,-1,-1,-1
131,442,486.09,588.29,48.99,70.12,0.46,-1,-1,-1
131,453,2178.71,810.49,55.06,129.98,0.65,-1,-1,-1
131,598,1994.00,324.54,51.43,39.16,0.54,-1,-1,-1
131,486,2285.08,832.30,60.33,121.45,0.63,-1,-1,-1
132,123,391.39,651.52,204.25,134.84,0.89,-1,-1,-1
132,400,521.03,768.20,279.06,168.56,0.93,-1,-1,-1
132,401,0.00,1061.36,382.51,245.44,0.83,-1,-1,-1
132,402,2071.32,303.86,84.20,56.79,0.81,-1,-1,-1
132,403,2006.06,353.57,108.52,66.03,0.86,-1,-1,-1
132,404,803.53,679.63,295.95,147.02,0.90,-1,-1,-1
132,409,1550.82,511.61,202.09,105.86,0.91,-1,-1,-1
132,410,2151.78,259.21,70.26,51.66,0.74,-1,-1,-1
132,411,1828.72,366.51,98.83,71.16,0.83,-1,-1,-1
132,412,1147.78,586.14,235.73,90.94,0.90,-1,-1,-1
132,413,371.70,394.18,116.22,85.12,0.82,-1,-1,-1
132,414,268.38,806.87,158.44,195.55,0.89,-1,-1,-1
132,415,1905.17,324.61,90.86,71.49,0.80,-1,-1,-1
132,416,1756.05,351.38,95.33,68.39,0.78,-1,-1,-1
132,418,2105.66,221.77,68.04,54.55,0.72,-1,-1,-1
132,423,327.68,338.59,79.23,74.23,0.79,-1,-1,-1
132,451,1341.07,297.30,119.40,61.33,0.61,-1,-1,-1
132,464,160.67,574.35,158.22,121.10,0.86,-1,-1,-1
132,474,2297.23,282.25,75.91,52.75,0.76,-1,-1,-1
132,492,884.28,621.66,89.33,64.26,0.60,-1,-1,-1
132,503,93.81,484.18,204.63,91.10,0.87,-1,-1,-1
132,505,1298.79,872.07,65.46,99.33,0.50,-1,-1,-1
132,425,1006.18,754.75,84.40,90.16,0.53,-1,-1,-1
132,506,497.72,457.73,81.20,62.78,0.55,-1,-1,-1
132,516,1744.74,1031.22,64.27,115.87,0.47,-1,-1,-1
132,532,1886.97,976.62,57.39,111.46,0.53,-1,-1,-1
132,533,1733.66,1123.93,64.86,140.02,0.23,-1,-1,-1
132,534,488.16,1161.53,74.19,139.12,0.59,-1,-1,-1
132,536,1682.93,1007.63,64.45,123.61,0.61,-1,-1,-1
132,542,1558.56,1264.30,151.54,141.98,0.75,-1,-1,-1
132,501,1637.82,924.53,58.31,86.65,0.70,-1,-1,-1
132,564,1387.55,877.14,70.85,91.51,0.43,-1,-1,-1
132,566,2075.58,259.90,48.75,45.62,0.34,-1,-1,-1
132,568,2236.60,218.49,57.69,45.09,0.71,-1,-1,-1
132,570,2248.67,175.68,45.65,39.17,0.68,-1,-1,-1
132,571,428.54,566.92,42.41,61.28,0.63,-1,-1,-1
132,573,2140.77,356.10,29.67,57.85,0.53,-1,-1,-1
132,574,2290.68,550.91,43.19,84.19,0.59,-1,-1,-1
132,577,563.77,314.66,27.73,59.85,0.55,-1,-1,-1
132,578,1065.31,640.17,38.79,73.40,0.57,-1,-1,-1
132,580,491.95,941.07,86.21,127.46,0.69,-1,-1,-1
132,582,90.49,636.06,49.73,88.08,0.68,-1,-1,-1
132,446,1853.72,541.07,80.75,54.38,0.75,-1,-1,-1
132,512,1886.55,956.10,59.41,107.28,0.49,-1,-1,-1
132,583,180.93,375.36,39.93,53.32,0.49,-1,-1,-1
132,584,115.76,183.35,89.87,98.61,0.45,-1,-1,-1
132,586,409.75,518.68,37.81,69.64,0.47,-1,-1,-1
132,588,2077.76,764.72,87.18,148.68,0.66,-1,-1,-1
132,589,35.66,604.22,57.81,84.90,0.61,-1,-1,-1
132,590,60.97,862.67,55.63,125.90,0.72,-1,-1,-1
132,591,495.46,1177.71,72.28,140.37,0.54,-1,-1,-1
132,592,1726.38,1255.28,131.45,150.69,0.65,-1,-1,-1
132,593,2024.53,920.11,50.02,112.76,0.67,-1,-1,-1
132,594,128.02,699.03,58.69,91.61,0.57,-1,-1,-1
132,595,39.42,603.31,42.96,70.03,0.39,-1,-1,-1
132,535,1141.80,407.19,33.53,62.61,0.54,-1,-1,-1
132,596,886.74,1331.58,70.20,136.05,0.74,-1,-1,-1
132,442,480.40,589.31,48.63,69.68,0.49,-1,-1,-1
132,453,2178.20,810.18,54.87,130.15,0.65,-1,-1,-1
132,598,1990.63,321.29,57.70,44.00,0.52,-1,-1,-1
132,486,2285.15,833.10,59.85,120.72,0.62,-1,-1,-1
132,599,158.46,426.10,42.72,53.86,0.55,-1,-1,-1
133,123,389.57,650.18,207.31,136.86,0.90,-1,-1,-1
133,400,519.66,768.62,279.20,168.44,0.93,-1,-1,-1
133,401,0.00,1067.49,373.46,250.94,0.86,-1,-1,-1
133,402,2075.84,301.13,84.11,56.85,0.80,-1,-1,-1
133,403,2010.45,350.30,108.09,66.20,0.80,-1,-1,-1
133,404,802.70,680.54,294.33,146.64,0.88,-1,-1,-1
133,409,1563.12,508.83,200.69,105.74,0.89,-1,-1,-1
133,410,2156.87,259.78,67.74,49.33,0.74,-1,-1,-1
133,411,1828.33,366.48,99.64,71.86,0.84,-1,-1,-1
133,412,1162.51,585.86,235.83,90.79,0.91,-1,-1,-1
133,413,369.76,392.48,119.74,88.07,0.82,-1,-1,-1
133,414,267.36,809.30,160.02,197.81,0.89,-1,-1,-1
133,415,1905.38,324.52,90.93,71.72,0.80,-1,-1,-1
133,416,1756.21,352.00,94.48,67.64,0.78,-1,-1,-1
133,418,2105.91,222.29,67.60,54.25,0.69,-1,-1,-1
133,423,327.22,338.61,79.22,74.21,0.80,-1,-1,-1
133,451,1339.29,297.09,121.18,62.45,0.52,-1,-1,-1
133,464,161.41,576.21,158.49,122.41,0.85,-1,-1,-1
133,474,2297.42,282.00,76.86,53.69,0.73,-1,-1,-1
133,492,895.43,624.24,86.32,62.02,0.70,-1,-1,-1
133,503,99.26,486.01,202.10,90.08,0.87,-1,-1,-1
133,505,1291.93,859.34,70.03,107.53,0.56,-1,-1,-1
133,425,1006.47,753.50,85.03,91.43,0.45,-1,-1,-1
133,506,493.51,461.90,75.88,57.99,0.51,-1,-1,-1
133,516,1746.89,1025.30,67.58,123.14,0.47,-1,-1,-1
133,532,1889.53,965.69,59.07,115.25,0.34,-1,-1,-1
133,533,1740.67,1114.46,62.27,133.97,0.27,-1,-1,-1
133,534,485.66,1153.49,75.79,142.68,0.63,-1,-1,-1
133,536,1689.46,1000.39,64.81,124.22,0.50,-1,-1,-1
133,542,1543.57,1252.63,147.03,140.89,0.78,-1,-1,-1
133,501,1648.03,927.34,53.47,77.99,0.49,-1,-1,-1
133,564,1382.64,872.42,69.61,91.18,0.54,-1,-1,-1
133,566,2076.08,260.36,48.50,45.11,0.28,-1,-1,-1
133,568,2239.35,219.26,54.99,43.10,0.62,-1,-1,-1
133,570,2248.39,176.52,44.67,38.51,0.55,-1,-1,-1
133,571,433.51,571.36,39.60,55.64,0.58,-1,-1,-1
133,573,2143.31,354.69,28.60,55.63,0.59,-1,-1,-1
133,574,2289.97,550.82,43.49,84.88,0.58,-1,-1,-1
133,577,562.34,314.14,27.72,60.48,0.62,-1,-1,-1
133,578,1059.79,639.54,42.32,79.58,0.53,-1,-1,-1
133,580,496.58,945.60,87.19,129.20,0.69,-1,-1,-1
133,582,89.12,633.88,48.32,86.15,0.50,-1,-1,-1
133,446,1862.05,539.57,81.51,55.30,0.63,-1,-1,-1
133,512,1890.48,950.59,57.87,103.67,0.53,-1,-1,-1
133,583,187.96,379.64,38.30,50.93,0.56,-1,-1,-1
133,584,120.47,189.91,83.80,92.62,0.49,-1,-1,-1
133,586,404.20,520.68,36.55,67.98,0.46,-1,-1,-1
133,588,2075.43,763.58,95.00,162.50,0.60,-1,-1,-1
133,589,35.30,605.08,57.12,83.36,0.58,-1,-1,-1
133,590,62.32,863.59,55.43,125.16,0.69,-1,-1,-1
133,591,494.48,1173.31,69.50,135.08,0.54,-1,-1,-1
133,592,1711.55,1247.51,131.97,151.33,0.84,-1,-1,-1
133,593,2020.73,920.35,53.68,120.81,0.61,-1,-1,-1
133,594,128.34,701.91,54.79,85.13,0.56,-1,-1,-1
133,595,38.21,605.50,44.53,71.60,0.39,-1,-1,-1
133,535,1137.75,406.04,34.48,64.40,0.49,-1,-1,-1
133,596,889.69,1335.96,71.01,137.98,0.76,-1,-1,-1
133,442,473.15,588.53,48.06,68.87,0.40,-1,-1,-1
133,453,2178.53,810.08,54.26,128.86,0.66,-1,-1,-1
133,598,1991.05,322.83,56.43,43.06,0.50,-1,-1,-1
133,486,2285.85,833.75,59.27,119.56,0.63,-1,-1,-1
133,599,155.07,425.94,43.44,54.95,0.54,-1,-1,-1
133,600,1841.08,315.72,84.30,57.63,0.69,-1,-1,-1
134,123,388.51,649.47,208.55,137.63,0.91,-1,-1,-1
134,400,517.56,768.75,280.51,169.07,0.93,-1,-1,-1
134,401,0.00,1069.99,369.91,249.98,0.85,-1,-1,-1
134,402,2079.45,299.09,83.74,56.66,0.80,-1,-1,-1
134,403,2014.16,347.69,107.33,66.30,0.82,-1,-1,-1
134,404,800.83,679.79,297.73,148.78,0.88,-1,-1,-1
134,409,1574.40,505.43,200.51,106.40,0.89,-1,-1,-1
134,410,2157.17,254.56,71.53,52.26,0.78,-1,-1,-1
134,411,1827.34,366.29,100.79,72.76,0.83,-1,-1,-1
134,412,1178.25,585.48,235.87,90.56,0.91,-1,-1,-1
134,413,368.73,391.69,121.15,89.60,0.79,-1,-1,-1
134,414,266.14,810.87,161.88,200.50,0.90,-1,-1,-1
134,415,1905.11,324.13,91.41,72.33,0.80,-1,-1,-1
134,416,1755.86,351.54,95.20,68.07,0.79,-1,-1,-1
134,418,2105.67,222.18,67.26,54.16,0.69,-1,-1,-1
134,423,327.04,338.91,79.03,74.01,0.79,-1,-1,-1
134,451,1339.31,298.47,119.93,61.80,0.52,-1,-1,-1
134,464,162.16,578.04,158.60,123.60,0.84,-1,-1,-1
134,474,2296.16,282.37,76.57,53.37,0.69,-1,-1,-1
134,492,906.26,624.11,87.86,63.15,0.64,-1,-1,-1
134,503,105.10,487.29,200.53,89.55,0.88,-1,-1,-1
134,505,1286.72,854.80,68.92,107.61,0.55,-1,-1,-1
134,425,1006.78,751.96,85.78,93.02,0.50,-1,-1,-1
134,506,485.16,463.11,74.30,56.43,0.24,-1,-1,-1
134,516,1748.32,1021.41,70.59,128.67,0.18,-1,-1,-1
134,532,1892.75,956.81,59.73,116.52,0.36,-1,-1,-1
134,533,1743.56,1114.50,62.45,134.01,0.21,-1,-1,-1
134,534,483.99,1146.92,73.14,137.64,0.56,-1,-1,-1
134,536,1693.97,995.58,65.34,124.63,0.53,-1,-1,-1
134,542,1531.11,1244.56,140.14,136.62,0.77,-1,-1,-1
134,501,1652.54,904.05,63.26,93.24,0.52,-1,-1,-1
134,564,1381.46,872.49,64.32,85.47,0.46,-1,-1,-1
134,566,2075.25,259.87,50.46,47.06,0.45,-1,-1,-1
134,568,2239.20,218.40,53.76,42.11,0.52,-1,-1,-1
134,570,2247.61,176.81,44.16,38.30,0.55,-1,-1,-1
134,573,2146.54,352.27,28.47,54.97,0.62,-1,-1,-1
134,574,2289.55,551.02,43.24,84.54,0.63,-1,-1,-1
134,577,561.35,314.64,26.89,59.06,0.62,-1,-1,-1
134,578,1055.39,638.69,43.69,81.58,0.46,-1,-1,-1
134,580,504.22,956.68,83.37,122.25,0.71,-1,-1,-1
134,582,89.67,631.54,47.13,84.42,0.51,-1,-1,-1
134,446,1872.71,541.17,78.85,53.64,0.63,-1,-1,-1
134,512,1896.78,942.73,55.73,98.98,0.51,-1,-1,-1
134,583,189.46,381.49,38.49,51.19,0.56,-1,-1,-1
134,586,401.52,524.11,33.73,62.19,0.50,-1,-1,-1
134,588,2075.60,762.44,95.30,163.09,0.53,-1,-1,-1
134,589,35.87,606.69,56.05,81.11,0.51,-1,-1,-1
134,590,63.84,863.80,55.35,124.08,0.69,-1,-1,-1
134,591,494.93,1171.53,65.16,126.41,0.51,-1,-1,-1
134,592,1704.03,1241.82,131.65,151.21,0.81,-1,-1,-1
134,593,2016.14,920.70,57.23,129.51,0.70,-1,-1,-1
134,594,119.62,689.58,61.59,95.74,0.37,-1,-1,-1
134,595,38.34,607.20,44.52,70.53,0.44,-1,-1,-1
134,535,1136.69,405.49,34.96,65.30,0.52,-1,-1,-1
134,596,891.69,1340.76,69.28,134.60,0.73,-1,-1,-1
134,442,466.82,596.49,45.84,61.15,0.42,-1,-1,-1
134,453,2178.52,810.81,53.35,126.58,0.64,-1,-1,-1
134,598,1992.88,324.93,52.06,39.60,0.52,-1,-1,-1
134,486,2285.90,835.60,58.51,118.37,0.64,-1,-1,-1
134,599,150.29,426.27,44.02,55.89,0.64,-1,-1,-1
134,600,1840.34,315.76,84.70,57.88,0.68,-1,-1,-1
134,426,126.17,207.20,76.19,75.22,0.52,-1,-1,-1
135,123,386.99,648.17,210.42,138.96,0.91,-1,-1,-1
135,400,515.61,768.99,281.72,169.70,0.93,-1,-1,-1
135,401,0.00,1073.16,369.99,248.66,0.81,-1,-1,-1
135,402,2082.13,296.75,83.63,56.65,0.82,-1,-1,-1
135,403,2020.08,344.87,106.74,66.34,0.83,-1,-1,-1
135,404,799.47,678.64,300.20,150.64,0.92,-1,-1,-1
135,409,1587.06,502.23,197.95,105.67,0.87,-1,-1,-1
135,410,2158.40,253.60,70.40,51.32,0.75,-1,-1,-1
135,411,1826.84,365.64,101.49,73.42,0.83,-1,-1,-1
135,412,1192.81,584.41,236.12,90.52,0.90,-1,-1,-1
135,413,369.56,392.64,119.02,87.93,0.70,-1,-1,-1
135,414,266.32,812.52,163.25,202.54,0.89,-1,-1,-1
135,415,1905.29,323.85,91.23,72.43,0.82,-1,-1,-1
135,416,1755.78,351.22,95.86,68.47,0.80,-1,-1,-1
135,418,2105.63,222.81,65.80,53.15,0.66,-1,-1,-1
135,423,327.05,339.11,78.91,73.81,0.77,-1,-1,-1
135,451,1340.84,301.48,116.28,59.64,0.55,-1,-1,-1
135,464,163.19,580.41,157.99,124.14,0.84,-1,-1,-1
135,474,2295.41,282.20,77.29,53.84,0.62,-1,-1,-1
135,492,918.33,625.84,86.92,62.40,0.64,-1,-1,-1
135,503,109.32,488.13,199.62,89.24,0.89,-1,-1,-1
135,505,1282.55,846.71,70.37,112.07,0.57,-1,-1,-1
135,425,1007.86,752.61,84.43,92.08,0.51,-1,-1,-1
135,506,480.28,464.98,70.54,52.60,0.19,-1,-1,-1
135,516,1759.35,1015.58,62.41,114.16,0.51,-1,-1,-1
135,532,1896.44,948.03,59.77,116.83,0.37,-1,-1,-1
135,533,1736.96,1091.46,84.40,185.53,0.16,-1,-1,-1
135,534,482.37,1141.20,72.38,136.21,0.61,-1,-1,-1
135,536,1698.93,991.51,64.42,122.17,0.65,-1,-1,-1
135,542,1515.92,1230.97,137.48,136.87,0.74,-1,-1,-1
135,501,1662.96,896.40,62.30,92.73,0.49,-1,-1,-1
135,564,1372.69,858.12,69.98,94.98,0.57,-1,-1,-1
135,566,2075.25,259.07,49.93,46.62,0.54,-1,-1,-1
135,568,2238.96,213.61,57.09,44.73,0.58,-1,-1,-1
135,570,2246.89,176.54,43.89,38.19,0.54,-1,-1,-1
135,573,2149.85,349.65,28.31,53.97,0.61,-1,-1,-1
135,574,2289.48,551.09,42.66,83.67,0.62,-1,-1,-1
135,577,560.37,316.08,26.50,58.51,0.62,-1,-1,-1
135,578,1050.60,637.79,41.55,76.66,0.49,-1,-1,-1
135,580,509.42,961.30,83.38,121.32,0.72,-1,-1,-1
135,582,89.98,628.86,45.93,82.62,0.52,-1,-1,-1
135,446,1883.03,542.81,75.42,51.16,0.66,-1,-1,-1
135,512,1898.24,936.09,58.60,103.86,0.53,-1,-1,-1
135,583,190.85,383.53,37.89,50.43,0.57,-1,-1,-1
135,586,396.70,526.61,35.61,65.45,0.64,-1,-1,-1
135,588,2076.28,761.59,94.85,162.48,0.43,-1,-1,-1
135,589,36.48,608.50,55.35,79.26,0.51,-1,-1,-1
135,590,66.33,864.07,55.31,122.45,0.71,-1,-1,-1
135,591,494.92,1167.73,62.36,121.64,0.41,-1,-1,-1
135,592,1697.97,1241.87,127.12,145.65,0.76,-1,-1,-1
135,593,2013.98,922.77,58.22,132.09,0.75,-1,-1,-1
135,594,115.55,684.35,62.60,97.53,0.32,-1,-1,-1
135,595,38.93,608.54,45.11,70.42,0.40,-1,-1,-1
135,535,1135.94,405.32,35.38,66.05,0.50,-1,-1,-1
135,596,894.67,1346.93,64.40,125.24,0.59,-1,-1,-1
135,442,458.31,598.05,47.49,59.87,0.18,-1,-1,-1
135,453,2177.94,810.71,54.26,128.83,0.61,-1,-1,-1
135,598,1993.93,326.55,49.02,37.03,0.48,-1,-1,-1
135,486,2285.27,838.65,57.90,116.57,0.62,-1,-1,-1
135,599,146.91,429.98,41.62,52.94,0.70,-1,-1,-1
135,600,1839.71,315.67,85.76,58.62,0.67,-1,-1,-1
135,602,378.21,1076.62,73.49,125.16,0.53,-1,-1,-1
135,426,122.54,203.49,78.16,79.01,0.50,-1,-1,-1
135,571,427.42,554.32,47.87,68.48,0.53,-1,-1,-1
136,123,385.95,648.37,210.44,138.95,0.91,-1,-1,-1
136,400,514.18,769.12,282.36,169.98,0.93,-1,-1,-1
136,401,0.00,1077.88,350.78,247.48,0.84,-1,-1,-1
136,402,2084.04,294.19,85.12,57.73,0.85,-1,-1,-1
136,403,2024.58,342.77,104.50,65.15,0.82,-1,-1,-1
136,404,796.92,677.36,301.95,152.38,0.92,-1,-1,-1
136,409,1602.29,499.25,192.39,103.17,0.88,-1,-1,-1
136,410,2159.70,251.92,70.72,51.62,0.76,-1,-1,-1
136,411,1826.81,365.72,100.83,73.07,0.83,-1,-1,-1
136,412,1208.03,583.55,236.32,90.59,0.90,-1,-1,-1
136,413,385.81,392.48,126.70,89.44,0.64,-1,-1,-1
136,414,267.41,815.37,163.13,202.51,0.88,-1,-1,-1
136,415,1905.50,323.19,92.09,73.43,0.82,-1,-1,-1
136,416,1755.67,351.23,96.45,68.74,0.81,-1,-1,-1
136,418,2104.28,222.38,66.27,53.73,0.66,-1,-1,-1
136,423,326.94,339.12,78.93,73.88,0.79,-1,-1,-1
136,451,1339.14,299.28,119.04,61.00,0.61,-1,-1,-1
136,464,163.15,582.05,159.37,126.42,0.84,-1,-1,-1
136,474,2294.75,282.39,78.65,54.74,0.66,-1,-1,-1
136,492,929.06,625.28,86.27,61.96,0.59,-1,-1,-1
136,503,112.17,488.92,200.85,89.88,0.88,-1,-1,-1
136,505,1281.14,849.47,65.36,103.93,0.65,-1,-1,-1
136,425,1009.82,752.80,83.24,91.43,0.54,-1,-1,-1
136,506,472.60,467.53,66.90,48.81,0.56,-1,-1,-1
136,516,1763.24,1010.20,61.22,111.57,0.13,-1,-1,-1
136,532,1900.49,940.48,58.56,114.41,0.48,-1,-1,-1
136,534,480.47,1132.47,72.84,138.08,0.61,-1,-1,-1
136,536,1702.57,990.92,63.62,120.06,0.65,-1,-1,-1
136,542,1502.33,1216.30,135.30,137.65,0.69,-1,-1,-1
136,501,1671.59,892.74,60.33,89.82,0.69,-1,-1,-1
136,564,1368.60,853.62,68.69,94.59,0.69,-1,-1,-1
136,566,2074.14,258.77,49.38,46.25,0.58,-1,-1,-1
136,568,2240.73,211.29,57.60,45.06,0.48,-1,-1,-1
136,570,2244.80,177.72,42.99,37.14,0.35,-1,-1,-1
136,573,2151.07,345.52,29.50,55.79,0.50,-1,-1,-1
136,574,2289.20,550.54,42.61,83.85,0.63,-1,-1,-1
136,577,558.53,317.40,25.76,56.91,0.64,-1,-1,-1
136,578,1045.91,636.74,39.43,71.65,0.55,-1,-1,-1
136,580,514.91,962.15,86.28,125.04,0.75,-1,-1,-1
136,582,90.83,624.72,44.33,80.08,0.46,-1,-1,-1
136,446,1889.95,540.83,77.62,52.90,0.62,-1,-1,-1
136,512,1900.99,929.51,58.78,103.95,0.53,-1,-1,-1
136,583,189.49,384.03,38.54,51.65,0.53,-1,-1,-1
136,586,393.09,527.89,33.71,60.94,0.52,-1,-1,-1
136,588,2075.83,761.66,94.41,162.28,0.48,-1,-1,-1
136,589,35.86,609.20,55.82,78.87,0.52,-1,-1,-1
136,590,69.05,864.41,55.51,120.88,0.68,-1,-1,-1
136,591,490.19,1155.63,63.98,125.14,0.39,-1,-1,-1
136,592,1689.93,1239.84,124.19,141.99,0.79,-1,-1,-1
136,593,2012.99,924.87,58.07,131.87,0.76,-1,-1,-1
136,594,113.30,682.74,61.68,96.01,0.43,-1,-1,-1
136,595,38.90,609.02,45.21,69.37,0.39,-1,-1,-1
136,535,1135.54,405.50,35.52,66.27,0.47,-1,-1,-1
136,596,896.80,1351.52,62.57,122.00,0.63,-1,-1,-1
136,442,451.33,599.61,52.67,63.16,0.16,-1,-1,-1
136,453,2177.73,811.71,52.91,125.05,0.63,-1,-1,-1
136,598,1992.73,325.71,50.90,38.51,0.41,-1,-1,-1
136,486,2281.72,841.31,58.39,118.52,0.60,-1,-1,-1
136,599,142.69,434.06,40.70,51.88,0.48,-1,-1,-1
136,600,1840.07,315.28,83.23,56.77,0.78,-1,-1,-1
136,602,364.89,1071.85,74.09,126.64,0.60,-1,-1,-1
136,426,122.90,207.74,74.93,76.06,0.47,-1,-1,-1
136,571,427.66,551.11,49.77,72.77,0.56,-1,-1,-1
137,123,385.76,648.73,210.21,138.75,0.91,-1,-1,-1
137,400,513.31,768.12,286.68,172.99,0.93,-1,-1,-1
137,401,0.00,1080.49,352.34,249.06,0.82,-1,-1,-1
137,402,2086.22,291.60,85.17,57.76,0.81,-1,-1,-1
137,403,2028.96,340.97,102.34,63.99,0.84,-1,-1,-1
137,404,796.30,677.04,301.69,152.88,0.93,-1,-1,-1
137,409,1616.04,497.31,186.60,100.60,0.91,-1,-1,-1
137,410,2161.15,248.99,71.35,52.49,0.72,-1,-1,-1
137,411,1826.45,365.59,100.69,73.02,0.83,-1,-1,-1
137,412,1221.82,582.40,235.84,90.43,0.90,-1,-1,-1
137,413,390.20,393.36,130.00,88.03,0.66,-1,-1,-1
137,414,269.57,819.20,162.18,201.32,0.89,-1,-1,-1
137,415,1905.35,322.92,92.18,73.78,0.83,-1,-1,-1
137,416,1755.40,351.83,95.91,68.06,0.79,-1,-1,-1
137,418,2103.88,221.86,66.42,53.92,0.62,-1,-1,-1
137,423,326.94,338.98,78.63,73.60,0.80,-1,-1,-1
137,451,1338.95,298.14,119.84,61.27,0.61,-1,-1,-1
137,464,165.30,584.15,157.19,125.54,0.82,-1,-1,-1
137,474,2293.34,282.78,79.36,55.06,0.70,-1,-1,-1
137,492,937.52,622.55,88.34,63.87,0.56,-1,-1,-1
137,503,114.18,489.65,202.03,90.55,0.87,-1,-1,-1
137,505,1279.10,848.73,62.40,99.30,0.66,-1,-1,-1
137,425,1011.00,753.53,81.54,89.99,0.59,-1,-1,-1
137,506,464.67,464.00,71.15,51.18,0.50,-1,-1,-1
137,516,1768.12,1005.12,58.72,107.12,0.50,-1,-1,-1
137,532,1902.00,929.78,60.52,119.42,0.45,-1,-1,-1
137,534,479.11,1123.93,70.87,134.99,0.68,-1,-1,-1
137,536,1706.13,985.63,62.77,118.45,0.62,-1,-1,-1
137,542,1487.29,1206.58,127.13,132.16,0.55,-1,-1,-1
137,501,1682.30,894.22,54.41,79.96,0.50,-1,-1,-1
137,564,1366.87,856.73,63.19,87.53,0.56,-1,-1,-1
137,566,2073.97,258.44,49.39,46.42,0.56,-1,-1,-1
137,568,2241.66,208.91,57.99,45.45,0.53,-1,-1,-1
137,570,2243.00,177.65,43.50,37.23,0.34,-1,-1,-1
137,573,2152.80,344.34,29.94,56.26,0.43,-1,-1,-1
137,574,2288.45,550.90,42.42,83.83,0.65,-1,-1,-1
137,577,555.17,311.69,28.06,62.46,0.67,-1,-1,-1
137,578,1041.18,636.69,39.97,71.93,0.52,-1,-1,-1
137,580,519.23,962.71,89.71,130.03,0.70,-1,-1,-1
137,582,89.79,622.60,43.75,79.60,0.44,-1,-1,-1
137,446,1897.88,538.14,77.76,53.30,0.48,-1,-1,-1
137,512,1903.76,922.20,58.74,103.84,0.51,-1,-1,-1
137,583,188.27,384.40,39.05,52.62,0.51,-1,-1,-1
137,586,386.85,529.07,37.32,66.96,0.55,-1,-1,-1
137,588,2074.46,761.68,95.72,165.59,0.54,-1,-1,-1
137,589,36.32,613.46,54.59,75.93,0.24,-1,-1,-1
137,590,71.83,864.66,56.95,121.36,0.67,-1,-1,-1
137,591,483.69,1140.54,68.48,134.83,0.37,-1,-1,-1
137,592,1679.06,1232.43,125.59,144.06,0.75,-1,-1,-1
137,593,2011.58,927.17,57.36,130.58,0.71,-1,-1,-1
137,594,110.70,681.35,60.66,94.22,0.48,-1,-1,-1
137,595,37.92,611.34,49.74,74.34,0.41,-1,-1,-1
137,535,1134.33,405.90,35.19,65.42,0.43,-1,-1,-1
137,596,899.70,1358.23,59.09,114.96,0.59,-1,-1,-1
137,442,444.66,599.00,53.39,62.08,0.34,-1,-1,-1
137,453,2177.66,813.06,52.56,123.70,0.63,-1,-1,-1
137,598,1991.44,324.22,52.55,39.88,0.47,-1,-1,-1
137,486,2282.39,844.40,57.08,115.72,0.64,-1,-1,-1
137,599,137.34,436.67,40.98,52.45,0.44,-1,-1,-1
137,600,1839.77,315.63,85.44,58.21,0.40,-1,-1,-1
137,602,356.68,1071.68,71.38,122.34,0.56,-1,-1,-1
137,426,120.12,199.55,80.95,83.69,0.41,-1,-1,-1
137,571,429.04,551.14,52.40,78.25,0.53,-1,-1,-1
137,605,1539.32,1191.63,72.81,128.67,0.58,-1,-1,-1
138,123,381.93,643.73,217.10,143.91,0.91,-1,-1,-1
138,400,512.63,767.95,288.04,174.23,0.93,-1,-1,-1
138,401,0.00,1082.18,346.17,243.59,0.80,-1,-1,-1
138,402,2091.17,289.81,82.99,56.24,0.82,-1,-1,-1
138,403,2032.87,338.66,100.35,62.87,0.85,-1,-1,-1
138,404,797.76,678.17,298.48,151.59,0.89,-1,-1,-1
138,409,1627.29,493.77,185.71,100.64,0.90,-1,-1,-1
138,410,2163.13,246.27,72.34,53.65,0.68,-1,-1,-1
138,411,1826.89,365.69,99.09,71.78,0.84,-1,-1,-1
138,412,1236.99,581.91,235.22,90.17,0.90,-1,-1,-1
138,413,383.93,394.41,129.81,86.06,0.70,-1,-1,-1
138,414,272.36,823.54,161.29,200.40,0.91,-1,-1,-1
138,415,1905.36,323.38,90.66,72.52,0.83,-1,-1,-1
138,416,1755.20,351.89,96.47,68.06,0.78,-1,-1,-1
138,418,2103.77,221.35,66.35,53.92,0.62,-1,-1,-1
138,423,326.95,338.86,78.14,73.10,0.82,-1,-1,-1
138,451,1338.19,297.76,120.73,61.52,0.58,-1,-1,-1
138,464,166.27,586.00,156.69,126.05,0.83,-1,-1,-1
138,474,2291.40,282.52,78.60,54.29,0.67,-1,-1,-1
138,492,943.60,618.93,90.30,66.45,0.48,-1,-1,-1
138,503,117.75,489.92,203.03,91.39,0.88,-1,-1,-1
138,505,1275.76,844.60,62.06,98.93,0.64,-1,-1,-1
138,425,1011.79,752.86,81.28,90.24,0.55,-1,-1,-1
138,506,455.81,463.00,72.03,51.32,0.49,-1,-1,-1
138,516,1765.87,1001.02,65.34,120.93,0.64,-1,-1,-1
138,532,1904.54,917.20,60.11,119.30,0.59,-1,-1,-1
138,534,477.40,1118.42,71.71,136.96,0.63,-1,-1,-1
138,536,1708.29,976.07,63.45,121.08,0.53,-1,-1,-1
138,542,1477.03,1189.81,126.31,134.33,0.67,-1,-1,-1
138,501,1690.53,876.05,58.74,86.83,0.63,-1,-1,-1
138,564,1361.51,837.94,59.50,83.58,0.53,-1,-1,-1
138,566,2075.92,258.48,48.35,45.86,0.48,-1,-1,-1
138,568,2242.76,206.24,59.80,46.77,0.56,-1,-1,-1
138,570,2242.24,177.91,43.26,36.59,0.30,-1,-1,-1
138,573,2155.16,343.05,29.83,55.58,0.41,-1,-1,-1
138,574,2288.09,551.03,42.09,83.53,0.66,-1,-1,-1
138,577,553.30,309.15,29.34,65.39,0.70,-1,-1,-1
138,578,1037.82,635.58,39.15,70.23,0.55,-1,-1,-1
138,580,526.91,968.96,89.55,128.35,0.78,-1,-1,-1
138,582,88.33,619.70,43.40,79.14,0.44,-1,-1,-1
138,446,1906.55,537.10,77.09,53.27,0.59,-1,-1,-1
138,512,1901.57,916.67,65.26,118.27,0.44,-1,-1,-1
138,583,186.89,388.00,37.90,51.07,0.48,-1,-1,-1
138,586,379.90,529.12,40.50,72.99,0.61,-1,-1,-1
138,588,2072.58,761.74,99.14,173.57,0.53,-1,-1,-1
138,589,35.84,613.52,55.12,75.37,0.45,-1,-1,-1
138,590,73.55,865.71,57.90,120.91,0.60,-1,-1,-1
138,591,481.73,1130.52,68.43,136.30,0.21,-1,-1,-1
138,592,1672.42,1226.02,124.45,144.10,0.73,-1,-1,-1
138,593,2010.95,929.30,56.09,128.17,0.72,-1,-1,-1
138,594,107.37,678.34,60.43,93.83,0.40,-1,-1,-1
138,595,46.01,611.09,48.04,72.69,0.45,-1,-1,-1
138,535,1134.32,405.71,35.14,65.37,0.49,-1,-1,-1
138,596,898.32,1364.15,65.30,127.67,0.67,-1,-1,-1
138,442,437.51,594.09,55.49,63.48,0.50,-1,-1,-1
138,453,2177.11,813.42,53.06,124.40,0.62,-1,-1,-1
138,598,1990.10,322.19,55.04,41.98,0.40,-1,-1,-1
138,486,2278.51,846.26,57.48,117.33,0.65,-1,-1,-1
138,599,133.12,442.08,40.57,52.19,0.56,-1,-1,-1
138,600,1839.02,315.64,86.29,58.70,0.33,-1,-1,-1
138,602,351.54,1071.48,69.70,119.94,0.56,-1,-1,-1
138,426,122.79,206.54,75.46,77.85,0.52,-1,-1,-1
138,571,430.27,551.30,53.93,82.22,0.48,-1,-1,-1
139,123,382.79,645.87,214.61,142.36,0.91,-1,-1,-1
139,400,511.53,768.05,289.07,175.29,0.93,-1,-1,-1
139,401,0.00,1091.90,321.27,240.18,0.85,-1,-1,-1
139,402,2093.95,287.95,82.71,56.21,0.82,-1,-1,-1
139,403,2038.09,336.41,98.51,62.02,0.87,-1,-1,-1
139,404,797.44,678.83,295.03,149.86,0.88,-1,-1,-1
139,409,1639.62,491.30,182.45,99.26,0.90,-1,-1,-1
139,410,2164.53,244.30,71.79,53.82,0.71,-1,-1,-1
139,411,1826.60,365.53,98.72,71.41,0.84,-1,-1,-1
139,412,1246.32,578.85,242.35,93.22,0.90,-1,-1,-1
139,413,382.90,395.40,131.16,84.80,0.73,-1,-1,-1
139,414,275.15,828.06,160.52,199.50,0.91,-1,-1,-1
139,415,1904.97,323.74,89.81,71.74,0.84,-1,-1,-1
139,416,1754.93,351.83,97.00,68.32,0.77,-1,-1,-1
139,418,2103.58,222.12,65.28,53.01,0.62,-1,-1,-1
139,423,326.98,338.86,78.04,72.97,0.80,-1,-1,-1
139,451,1335.96,297.03,123.77,63.13,0.56,-1,-1,-1
139,464,164.91,587.36,159.76,130.06,0.82,-1,-1,-1
139,474,2289.45,282.53,78.66,54.00,0.68,-1,-1,-1
139,492,944.30,604.12,98.90,77.31,0.56,-1,-1,-1
139,503,120.55,490.37,203.27,91.90,0.88,-1,-1,-1
139,505,1269.53,832.00,66.63,107.91,0.60,-1,-1,-1
139,425,1012.54,752.69,80.36,89.64,0.50,-1,-1,-1
139,506,447.23,459.62,76.70,54.29,0.40,-1,-1,-1
139,516,1767.20,995.07,65.64,122.58,0.17,-1,-1,-1
139,532,1907.15,909.40,58.58,117.35,0.56,-1,-1,-1
139,534,476.14,1112.77,68.01,130.08,0.61,-1,-1,-1
139,536,1712.66,971.87,62.81,120.51,0.61,-1,-1,-1
139,542,1476.63,1170.83,110.53,121.74,0.51,-1,-1,-1
139,501,1696.55,863.53,61.90,92.59,0.47,-1,-1,-1
139,564,1357.56,829.22,58.51,83.59,0.61,-1,-1,-1
139,566,2074.84,257.21,49.76,47.69,0.55,-1,-1,-1
139,568,2244.31,205.59,59.97,46.23,0.53,-1,-1,-1
139,570,2239.12,178.47,43.59,36.66,0.14,-1,-1,-1
139,573,2156.44,340.38,28.62,53.52,0.52,-1,-1,-1
139,574,2287.63,551.21,42.22,84.00,0.67,-1,-1,-1
139,577,551.78,308.99,29.42,65.73,0.68,-1,-1,-1
139,578,1033.59,634.91,37.21,65.73,0.51,-1,-1,-1
139,580,531.88,970.96,91.88,130.25,0.66,-1,-1,-1
139,582,88.79,617.58,42.29,77.00,0.47,-1,-1,-1
139,446,1915.54,538.03,74.76,51.98,0.71,-1,-1,-1
139,512,1904.89,912.04,65.16,120.46,0.38,-1,-1,-1
139,583,184.15,389.84,38.37,51.09,0.46,-1,-1,-1
139,586,373.18,529.32,42.43,76.83,0.59,-1,-1,-1
139,588,2072.72,762.57,98.04,173.17,0.54,-1,-1,-1
139,589,36.17,614.45,55.31,74.05,0.33,-1,-1,-1
139,590,72.92,866.65,58.45,120.87,0.55,-1,-1,-1
139,591,482.02,1128.57,65.34,130.94,0.29,-1,-1,-1
139,592,1664.50,1220.69,125.41,146.65,0.70,-1,-1,-1
139,593,2008.86,931.71,54.64,124.95,0.72,-1,-1,-1
139,594,104.31,675.80,60.76,94.06,0.13,-1,-1,-1
139,595,48.59,612.14,47.00,71.87,0.39,-1,-1,-1
139,535,1133.48,407.34,35.16,64.64,0.49,-1,-1,-1
139,596,899.35,1368.84,66.08,130.05,0.69,-1,-1,-1
139,442,433.75,596.44,52.90,58.08,0.44,-1,-1,-1
139,453,2176.48,813.19,54.24,127.45,0.62,-1,-1,-1
139,598,1985.23,316.34,61.47,47.43,0.50,-1,-1,-1
139,486,2279.79,848.74,55.83,113.54,0.65,-1,-1,-1
139,599,126.87,443.03,42.94,55.88,0.47,-1,-1,-1
139,600,1840.07,316.12,85.22,57.68,0.18,-1,-1,-1
139,602,346.80,1071.70,69.59,120.43,0.67,-1,-1,-1
139,426,123.30,206.74,75.24,77.91,0.59,-1,-1,-1
139,571,433.49,552.62,50.61,78.31,0.50,-1,-1,-1
140,123,384.17,648.92,211.11,139.87,0.91,-1,-1,-1
140,400,510.66,768.40,289.55,176.03,0.93,-1,-1,-1
140,401,0.00,1098.71,310.80,242.85,0.83,-1,-1,-1
140,402,2096.40,285.97,82.35,56.23,0.79,-1,-1,-1
140,403,2042.50,334.65,97.37,61.42,0.86,-1,-1,-1
140,404,798.46,680.47,292.75,148.79,0.88,-1,-1,-1
140,409,1649.28,488.11,182.56,99.88,0.90,-1,-1,-1
140,410,2166.37,244.50,69.97,52.81,0.70,-1,-1,-1
140,411,1825.62,365.64,100.03,72.33,0.83,-1,-1,-1
140,412,1263.97,579.71,237.03,91.09,0.89,-1,-1,-1
140,413,378.46,395.79,133.27,84.97,0.73,-1,-1,-1
140,414,276.46,831.22,161.38,200.60,0.89,-1,-1,-1
140,415,1904.93,324.34,89.86,71.91,0.84,-1,-1,-1
140,416,1753.88,351.62,97.23,68.37,0.77,-1,-1,-1
140,418,2103.38,223.06,64.31,52.11,0.60,-1,-1,-1
140,423,326.33,339.14,78.38,73.48,0.82,-1,-1,-1
140,451,1334.93,297.51,124.07,63.28,0.58,-1,-1,-1
140,464,164.90,589.77,160.35,132.10,0.80,-1,-1,-1
140,474,2287.52,283.03,79.19,53.87,0.69,-1,-1,-1
140,492,953.22,599.64,95.09,78.94,0.60,-1,-1,-1
140,503,122.38,491.50,203.20,92.17,0.88,-1,-1,-1
140,505,1267.54,836.11,60.51,98.58,0.43,-1,-1,-1
140,425,1012.02,749.80,82.02,91.95,0.49,-1,-1,-1
140,506,441.15,462.06,73.83,51.58,0.53,-1,-1,-1
140,516,1769.39,990.61,66.94,124.85,0.44,-1,-1,-1
140,532,1908.95,901.58,58.83,118.93,0.56,-1,-1,-1
140,534,474.28,1106.63,67.85,129.60,0.68,-1,-1,-1
140,536,1717.50,968.18,63.01,121.75,0.49,-1,-1,-1
140,542,1463.00,1172.23,105.87,117.60,0.75,-1,-1,-1
140,501,1707.61,862.74,58.32,87.01,0.59,-1,-1,-1
140,564,1352.84,834.01,60.97,88.28,0.59,-1,-1,-1
140,566,2076.15,258.89,48.26,46.75,0.51,-1,-1,-1
140,568,2245.86,204.45,60.74,46.22,0.62,-1,-1,-1
140,570,2235.91,178.64,44.07,37.19,0.20,-1,-1,-1
140,573,2158.35,339.29,28.38,53.34,0.56,-1,-1,-1
140,574,2287.72,550.95,42.53,84.94,0.64,-1,-1,-1
140,577,550.28,307.69,29.35,65.72,0.67,-1,-1,-1
140,578,1029.65,633.44,40.10,69.12,0.40,-1,-1,-1
140,580,541.48,979.26,90.34,126.62,0.60,-1,-1,-1
140,582,88.51,614.92,43.30,78.93,0.51,-1,-1,-1
140,446,1922.42,536.47,75.76,53.12,0.77,-1,-1,-1
140,512,1905.76,905.44,64.51,121.63,0.27,-1,-1,-1
140,583,175.66,390.78,41.10,52.07,0.48,-1,-1,-1
140,586,367.75,530.60,44.81,82.13,0.56,-1,-1,-1
140,588,2074.24,762.83,95.83,170.24,0.56,-1,-1,-1
140,589,39.10,620.01,53.78,69.69,0.34,-1,-1,-1
140,590,73.67,867.68,59.10,121.30,0.58,-1,-1,-1
140,591,476.91,1116.85,67.11,134.49,0.34,-1,-1,-1
140,592,1659.11,1215.98,124.19,146.91,0.70,-1,-1,-1
140,593,2005.92,937.43,53.46,121.23,0.70,-1,-1,-1
140,594,103.08,673.17,60.88,94.81,0.47,-1,-1,-1
140,595,49.91,613.22,46.32,71.64,0.36,-1,-1,-1
140,535,1133.03,405.62,35.81,65.80,0.50,-1,-1,-1
140,596,899.57,1374.12,67.20,132.82,0.74,-1,-1,-1
140,442,425.01,591.57,59.44,65.01,0.14,-1,-1,-1
140,453,2177.58,814.20,52.90,124.29,0.61,-1,-1,-1
140,598,1983.32,314.50,63.01,49.15,0.43,-1,-1,-1
140,486,2277.32,851.19,55.60,113.57,0.64,-1,-1,-1
140,599,123.54,448.62,41.23,54.03,0.40,-1,-1,-1
140,600,1839.82,316.37,85.96,57.91,0.25,-1,-1,-1
140,602,342.89,1072.48,68.54,119.32,0.59,-1,-1,-1
140,426,123.69,206.43,75.36,77.94,0.47,-1,-1,-1
140,571,436.14,554.87,48.25,75.52,0.49,-1,-1,-1
141,123,384.39,650.75,209.12,138.22,0.91,-1,-1,-1
141,400,509.43,768.78,289.55,176.43,0.92,-1,-1,-1
141,401,0.00,1102.41,308.23,245.95,0.84,-1,-1,-1
141,402,2099.14,283.92,82.30,56.44,0.78,-1,-1,-1
141,403,2046.22,333.76,95.83,60.47,0.82,-1,-1,-1
141,404,798.02,683.60,288.55,146.27,0.90,-1,-1,-1
141,409,1659.30,485.44,181.92,100.33,0.90,-1,-1,-1
141,410,2169.69,245.17,67.56,50.90,0.70,-1,-1,-1
141,411,1825.14,365.85,99.70,72.03,0.82,-1,-1,-1
141,412,1279.50,578.20,235.26,90.51,0.88,-1,-1,-1
141,413,370.79,396.12,134.20,85.29,0.75,-1,-1,-1
141,414,275.90,833.35,162.88,202.50,0.87,-1,-1,-1
141,415,1903.96,324.47,90.32,72.25,0.85,-1,-1,-1
141,416,1751.45,352.47,96.88,68.26,0.79,-1,-1,-1
141,418,2103.54,223.07,64.24,52.08,0.59,-1,-1,-1
141,423,324.78,339.29,79.45,74.88,0.79,-1,-1,-1
141,451,1333.06,298.43,123.61,62.91,0.65,-1,-1,-1
141,464,164.85,592.02,160.49,133.60,0.86,-1,-1,-1
141,474,2286.29,282.68,79.44,53.67,0.72,-1,-1,-1
141,503,122.70,491.42,205.27,93.53,0.87,-1,-1,-1
141,505,1260.09,826.14,62.96,104.31,0.51,-1,-1,-1
141,425,1011.85,747.22,83.08,93.58,0.51,-1,-1,-1
141,506,430.96,459.17,78.29,54.63,0.46,-1,-1,-1
141,516,1772.23,984.82,65.30,121.73,0.48,-1,-1,-1
141,532,1910.87,894.38,54.77,110.56,0.44,-1,-1,-1
141,534,469.53,1097.07,70.33,135.33,0.61,-1,-1,-1
141,536,1724.24,965.02,59.07,114.84,0.43,-1,-1,-1
141,542,1453.29,1151.04,101.44,116.08,0.56,-1,-1,-1
141,501,1718.76,855.18,54.84,81.61,0.45,-1,-1,-1
141,564,1346.89,832.26,62.45,91.63,0.61,-1,-1,-1
141,566,2072.99,257.80,49.47,47.82,0.53,-1,-1,-1
141,568,2247.53,203.69,60.60,45.58,0.68,-1,-1,-1
141,570,2230.54,180.38,44.52,37.34,0.27,-1,-1,-1
141,573,2160.33,338.51,28.28,53.38,0.68,-1,-1,-1
141,574,2286.56,550.82,42.60,85.21,0.62,-1,-1,-1
141,577,547.96,306.03,29.43,66.03,0.59,-1,-1,-1
141,578,1011.42,637.70,39.98,59.29,0.54,-1,-1,-1
141,580,546.50,977.59,95.60,133.52,0.77,-1,-1,-1
141,582,88.92,612.47,44.03,80.79,0.55,-1,-1,-1
141,446,1930.03,535.75,73.94,52.19,0.64,-1,-1,-1
141,512,1906.52,899.43,62.36,119.19,0.42,-1,-1,-1
141,583,176.04,383.38,43.90,57.10,0.40,-1,-1,-1
141,586,361.24,532.65,45.75,84.70,0.62,-1,-1,-1
141,588,2074.71,764.53,97.06,174.09,0.53,-1,-1,-1
141,589,43.16,620.69,57.71,70.92,0.36,-1,-1,-1
141,590,73.70,869.36,59.51,122.26,0.65,-1,-1,-1
141,591,471.79,1106.19,69.59,140.18,0.29,-1,-1,-1
141,592,1656.54,1217.93,119.50,142.50,0.69,-1,-1,-1
141,593,2001.32,942.55,54.28,122.44,0.62,-1,-1,-1
141,594,100.95,673.19,59.21,92.20,0.53,-1,-1,-1
141,595,47.99,615.11,45.76,71.60,0.36,-1,-1,-1
141,535,1133.25,407.45,35.33,64.96,0.54,-1,-1,-1
141,596,902.35,1380.30,65.39,128.74,0.67,-1,-1,-1
141,442,420.49,587.42,64.04,70.08,0.14,-1,-1,-1
141,453,2176.79,816.20,52.12,121.69,0.60,-1,-1,-1
141,598,1985.70,319.47,57.30,44.89,0.39,-1,-1,-1
141,486,2276.12,854.70,54.40,111.38,0.68,-1,-1,-1
141,599,118.53,446.95,40.30,53.58,0.54,-1,-1,-1
141,600,1840.48,316.23,84.94,56.57,0.57,-1,-1,-1
141,602,334.42,1073.30,67.21,118.39,0.69,-1,-1,-1
141,426,126.09,216.16,68.32,69.18,0.52,-1,-1,-1
141,571,433.41,556.69,50.28,80.04,0.49,-1,-1,-1
142,123,382.18,652.04,209.17,137.99,0.92,-1,-1,-1
142,400,507.97,769.44,288.87,176.37,0.93,-1,-1,-1
142,401,0.00,1104.05,303.94,247.31,0.83,-1,-1,-1
142,402,2099.51,281.03,83.74,57.77,0.79,-1,-1,-1
142,403,2046.80,331.63,96.46,61.01,0.82,-1,-1,-1
142,404,792.47,683.05,290.22,146.76,0.91,-1,-1,-1
142,409,1670.31,483.31,178.60,99.19,0.90,-1,-1,-1
142,410,2170.37,244.72,65.70,49.55,0.69,-1,-1,-1
142,411,1822.90,366.66,99.26,71.68,0.84,-1,-1,-1
142,412,1287.14,576.17,241.78,93.45,0.88,-1,-1,-1
142,413,363.05,395.47,140.63,89.95,0.66,-1,-1,-1
142,414,272.63,836.60,163.85,203.40,0.87,-1,-1,-1
142,415,1902.30,325.47,89.81,71.80,0.81,-1,-1,-1
142,416,1750.26,353.17,96.00,67.73,0.80,-1,-1,-1
142,418,2101.73,224.07,64.36,52.04,0.52,-1,-1,-1
142,423,322.36,340.22,79.41,74.99,0.77,-1,-1,-1
142,451,1330.08,299.54,123.57,62.99,0.67,-1,-1,-1
142,464,162.99,595.45,159.90,134.53,0.88,-1,-1,-1
142,474,2283.02,282.50,80.59,54.10,0.72,-1,-1,-1
142,503,122.82,492.60,205.19,93.92,0.87,-1,-1,-1
142,505,1255.84,817.00,61.03,102.77,0.61,-1,-1,-1
142,425,1010.90,746.02,83.71,94.54,0.47,-1,-1,-1
142,506,423.67,460.91,76.53,53.18,0.18,-1,-1,-1
142,516,1773.27,980.64,65.22,120.80,0.42,-1,-1,-1
142,532,1914.95,888.75,46.62,92.19,0.38,-1,-1,-1
142,534,462.83,1092.20,70.49,136.81,0.65,-1,-1,-1
142,536,1726.17,960.90,58.70,114.96,0.49,-1,-1,-1
142,542,1438.37,1153.24,99.80,115.22,0.58,-1,-1,-1
142,501,1727.56,846.37,53.14,78.89,0.42,-1,-1,-1
142,564,1343.12,836.14,59.32,87.00,0.64,-1,-1,-1
142,566,2066.23,256.98,50.94,49.28,0.63,-1,-1,-1
142,568,2247.73,202.97,61.35,45.75,0.61,-1,-1,-1
142,570,2228.88,179.75,45.33,38.44,0.37,-1,-1,-1
142,573,2160.24,337.26,29.22,55.50,0.69,-1,-1,-1
142,574,2284.71,551.64,42.16,84.38,0.64,-1,-1,-1
142,577,545.56,310.75,26.94,60.33,0.58,-1,-1,-1
142,580,555.49,990.60,91.74,125.82,0.75,-1,-1,-1
142,582,88.19,610.27,43.50,79.96,0.54,-1,-1,-1
142,446,1936.55,534.88,72.33,51.41,0.63,-1,-1,-1
142,512,1906.87,897.42,59.27,114.41,0.62,-1,-1,-1
142,583,174.72,382.09,45.18,60.38,0.51,-1,-1,-1
142,586,355.31,535.27,43.45,80.39,0.60,-1,-1,-1
142,588,2072.00,764.99,97.14,177.26,0.57,-1,-1,-1
142,590,73.29,870.60,59.57,122.71,0.66,-1,-1,-1
142,591,465.84,1096.37,71.97,145.70,0.27,-1,-1,-1
142,592,1651.71,1212.88,119.32,144.05,0.75,-1,-1,-1
142,593,1994.53,948.46,54.94,123.88,0.65,-1,-1,-1
142,594,95.06,669.92,59.40,92.60,0.43,-1,-1,-1
142,595,41.49,615.16,43.54,67.04,0.38,-1,-1,-1
142,535,1132.49,408.15,34.26,63.49,0.56,-1,-1,-1
142,596,902.82,1389.91,61.67,119.66,0.62,-1,-1,-1
142,442,413.13,587.29,66.18,71.55,0.31,-1,-1,-1
142,453,2173.50,817.57,51.62,120.51,0.63,-1,-1,-1
142,598,1983.45,320.09,56.72,44.63,0.38,-1,-1,-1
142,486,2273.34,855.92,54.52,110.86,0.77,-1,-1,-1
142,599,111.61,449.03,40.29,54.49,0.53,-1,-1,-1
142,600,1837.14,316.67,84.58,55.86,0.70,-1,-1,-1
142,602,326.16,1074.00,67.28,119.31,0.63,-1,-1,-1
142,426,122.61,219.78,66.72,66.86,0.47,-1,-1,-1
142,571,431.51,558.96,48.73,78.71,0.50,-1,-1,-1
142,533,1763.99,1039.08,66.62,150.05,0.52,-1,-1,-1
143,123,379.11,653.35,209.59,138.19,0.91,-1,-1,-1
143,400,503.14,769.74,288.26,176.57,0.93,-1,-1,-1
143,401,0.00,1108.72,293.79,243.46,0.82,-1,-1,-1
143,402,2098.63,279.81,82.40,57.13,0.76,-1,-1,-1
143,403,2045.95,327.70,97.39,61.93,0.83,-1,-1,-1
143,404,789.14,685.28,287.03,144.46,0.91,-1,-1,-1
143,409,1678.37,481.75,174.49,97.30,0.90,-1,-1,-1
143,410,2170.07,244.73,64.30,48.54,0.70,-1,-1,-1
143,411,1819.22,367.46,98.85,71.38,0.84,-1,-1,-1
143,412,1303.87,575.64,235.61,91.34,0.88,-1,-1,-1
143,413,354.63,395.21,147.20,94.95,0.62,-1,-1,-1
143,414,267.22,839.36,166.45,206.46,0.88,-1,-1,-1
143,415,1898.08,325.93,89.29,71.67,0.80,-1,-1,-1
143,416,1745.69,352.76,97.57,68.96,0.82,-1,-1,-1
143,418,2099.22,227.40,61.41,49.00,0.54,-1,-1,-1
143,423,319.33,340.84,78.59,74.25,0.80,-1,-1,-1
143,451,1326.14,300.39,124.36,63.50,0.54,-1,-1,-1
143,464,159.39,598.94,158.54,134.84,0.89,-1,-1,-1
143,474,2277.48,282.81,81.17,53.91,0.74,-1,-1,-1
143,503,120.86,492.52,207.01,95.35,0.88,-1,-1,-1
143,505,1249.10,824.21,58.48,99.16,0.52,-1,-1,-1
143,425,1009.44,747.18,82.23,92.83,0.47,-1,-1,-1
143,516,1771.92,975.17,67.65,125.18,0.34,-1,-1,-1
143,532,1910.46,883.21,48.60,94.89,0.48,-1,-1,-1
143,534,456.02,1089.21,70.16,136.78,0.64,-1,-1,-1
143,536,1724.86,962.30,57.46,112.77,0.54,-1,-1,-1
143,542,1422.96,1147.72,96.40,113.26,0.82,-1,-1,-1
143,501,1730.15,845.16,53.18,78.60,0.50,-1,-1,-1
143,564,1332.48,828.84,61.44,91.17,0.60,-1,-1,-1
143,566,2063.02,257.91,50.46,48.82,0.65,-1,-1,-1
143,568,2245.25,201.35,60.91,45.53,0.58,-1,-1,-1
143,570,2223.89,178.69,46.16,39.61,0.34,-1,-1,-1
143,573,2158.76,335.65,28.16,53.47,0.50,-1,-1,-1
143,574,2278.21,551.46,42.18,84.78,0.70,-1,-1,-1
143,577,540.60,309.03,26.91,60.09,0.65,-1,-1,-1
143,580,559.89,998.55,92.17,124.61,0.71,-1,-1,-1
143,582,81.68,608.13,43.97,80.60,0.51,-1,-1,-1
143,446,1940.22,534.07,72.57,52.18,0.44,-1,-1,-1
143,512,1906.09,893.96,56.53,109.66,0.55,-1,-1,-1
143,583,171.44,383.49,43.75,59.64,0.37,-1,-1,-1
143,586,348.06,538.02,38.09,69.60,0.60,-1,-1,-1
143,588,2069.39,768.36,85.85,159.79,0.45,-1,-1,-1
143,590,70.91,870.83,60.13,123.64,0.71,-1,-1,-1
143,591,458.74,1091.55,71.00,145.02,0.23,-1,-1,-1
143,592,1646.24,1216.31,112.43,137.34,0.77,-1,-1,-1
143,593,1986.97,952.51,54.79,124.11,0.70,-1,-1,-1
143,594,91.04,669.48,56.17,87.72,0.27,-1,-1,-1
143,595,35.42,617.94,44.01,67.89,0.23,-1,-1,-1
143,535,1129.86,408.26,34.31,63.53,0.52,-1,-1,-1
143,596,902.89,1399.00,58.41,110.79,0.64,-1,-1,-1
143,442,406.77,592.98,65.96,67.29,0.43,-1,-1,-1
143,453,2168.47,817.65,52.32,121.54,0.60,-1,-1,-1
143,598,1975.27,317.32,59.04,46.14,0.32,-1,-1,-1
143,486,2268.56,856.03,56.82,115.38,0.70,-1,-1,-1
143,599,104.46,452.10,37.84,52.33,0.40,-1,-1,-1
143,600,1831.58,315.52,87.75,57.85,0.68,-1,-1,-1
143,602,318.14,1075.17,67.76,120.89,0.63,-1,-1,-1
143,426,117.67,218.93,67.56,67.41,0.42,-1,-1,-1
143,571,429.54,561.65,46.39,76.07,0.45,-1,-1,-1
143,608,1084.56,684.96,40.90,77.01,0.64,-1,-1,-1
143,533,1766.09,1046.68,60.19,136.39,0.43,-1,-1,-1
143,578,996.53,607.42,53.18,81.22,0.51,-1,-1,-1
143,589,48.08,629.99,59.03,66.22,0.56,-1,-1,-1
144,123,370.13,655.46,208.67,137.40,0.90,-1,-1,-1
144,400,490.29,770.63,289.07,177.30,0.93,-1,-1,-1
144,401,0.00,1122.71,266.89,231.66,0.88,-1,-1,-1
144,402,2092.65,278.58,80.50,55.76,0.77,-1,-1,-1
144,403,2040.44,325.32,95.98,61.43,0.83,-1,-1,-1
144,404,780.33,685.93,287.93,144.53,0.90,-1,-1,-1
144,409,1679.41,477.95,173.92,97.59,0.87,-1,-1,-1
144,410,2159.87,241.40,63.35,48.70,0.68,-1,-1,-1
144,411,1809.25,367.14,99.49,71.82,0.86,-1,-1,-1
144,412,1306.23,573.58,238.98,93.00,0.88,-1,-1,-1
144,413,334.39,396.83,162.61,107.45,0.62,-1,-1,-1
144,414,258.16,843.60,168.89,209.49,0.84,-1,-1,-1
144,415,1888.14,325.24,90.10,72.44,0.81,-1,-1,-1
144,416,1737.03,353.34,96.24,68.20,0.80,-1,-1,-1
144,418,2086.75,225.68,64.53,51.54,0.48,-1,-1,-1
144,423,308.35,341.59,78.07,73.71,0.78,-1,-1,-1
144,451,1317.30,300.34,123.19,63.10,0.59,-1,-1,-1
144,464,149.28,603.68,157.08,134.89,0.86,-1,-1,-1
144,474,2265.83,282.26,82.02,53.88,0.77,-1,-1,-1
144,503,113.42,493.81,207.57,95.98,0.88,-1,-1,-1
144,505,1238.47,811.63,54.96,93.65,0.56,-1,-1,-1
144,425,1003.34,749.72,79.43,89.26,0.54,-1,-1,-1
144,516,1769.55,970.44,66.18,123.18,0.46,-1,-1,-1
144,532,1904.88,875.32,47.09,90.43,0.42,-1,-1,-1
144,536,1717.84,953.21,59.08,118.20,0.60,-1,-1,-1
144,542,1404.77,1143.68,90.83,108.21,0.71,-1,-1,-1
144,501,1728.16,835.76,54.39,81.13,0.41,-1,-1,-1
144,564,1317.83,819.70,63.28,95.24,0.56,-1,-1,-1
144,566,2051.95,258.43,49.72,48.34,0.65,-1,-1,-1
144,568,2239.69,201.27,58.94,43.70,0.59,-1,-1,-1
144,570,2216.71,179.18,44.77,39.14,0.35,-1,-1,-1
144,573,2152.09,333.46,27.72,52.58,0.64,-1,-1,-1
144,574,2267.69,552.09,41.41,83.46,0.65,-1,-1,-1
144,580,556.57,1002.83,95.27,126.96,0.64,-1,-1,-1
144,582,72.26,607.37,42.83,78.49,0.48,-1,-1,-1
144,446,1938.18,532.29,72.15,52.53,0.63,-1,-1,-1
144,512,1900.04,892.24,53.42,103.60,0.45,-1,-1,-1
144,583,166.40,393.83,40.93,55.86,0.59,-1,-1,-1
144,586,334.04,541.51,35.74,64.74,0.66,-1,-1,-1
144,588,2060.93,765.86,85.88,161.77,0.63,-1,-1,-1
144,590,60.55,873.08,60.90,124.75,0.76,-1,-1,-1
144,591,455.27,1109.16,61.25,125.24,0.41,-1,-1,-1
144,592,1633.87,1218.67,105.52,129.63,0.73,-1,-1,-1
144,593,1977.25,954.18,51.50,115.56,0.57,-1,-1,-1
144,594,78.29,669.22,55.06,86.56,0.26,-1,-1,-1
144,595,20.21,623.16,47.00,69.24,0.56,-1,-1,-1
144,535,1120.47,409.03,33.69,62.67,0.51,-1,-1,-1
144,596,895.89,1404.70,57.41,105.10,0.62,-1,-1,-1
144,442,390.46,597.00,70.21,67.88,0.49,-1,-1,-1
144,453,2155.34,811.48,55.23,129.14,0.68,-1,-1,-1
144,598,1964.85,311.72,64.70,51.52,0.35,-1,-1,-1
144,486,2256.02,858.61,56.34,115.06,0.72,-1,-1,-1
144,600,1823.86,316.50,85.51,55.67,0.71,-1,-1,-1
144,602,299.73,1077.55,67.37,121.15,0.60,-1,-1,-1
144,426,109.60,228.14,62.17,60.02,0.38,-1,-1,-1
144,608,1071.36,679.70,42.92,80.89,0.66,-1,-1,-1
144,533,1758.61,1037.70,61.21,139.50,0.50,-1,-1,-1
144,610,1498.27,1217.30,56.46,125.31,0.65,-1,-1,-1
144,578,993.73,602.45,54.45,84.16,0.49,-1,-1,-1
144,466,440.11,1090.08,73.27,126.36,0.59,-1,-1,-1
144,434,387.26,585.63,45.21,76.12,0.56,-1,-1,-1
145,123,351.42,655.69,213.78,140.89,0.92,-1,-1,-1
145,400,476.31,774.01,289.10,177.65,0.92,-1,-1,-1
145,401,0.00,1131.93,250.77,224.38,0.86,-1,-1,-1
145,402,2082.09,277.79,77.26,53.15,0.81,-1,-1,-1
145,403,2028.86,321.76,95.15,61.38,0.83,-1,-1,-1
145,404,760.76,687.41,288.16,144.49,0.91,-1,-1,-1
145,409,1673.83,470.97,175.07,99.40,0.85,-1,-1,-1
145,410,2146.15,241.85,59.04,46.04,0.65,-1,-1,-1
145,411,1794.02,367.04,99.63,71.83,0.81,-1,-1,-1
145,412,1307.06,572.27,238.23,93.07,0.88,-1,-1,-1
145,413,315.03,397.37,168.65,114.63,0.60,-1,-1,-1
145,414,242.93,848.64,170.84,211.34,0.86,-1,-1,-1
145,415,1873.01,324.52,90.39,72.98,0.81,-1,-1,-1
145,416,1722.39,353.59,95.10,67.48,0.81,-1,-1,-1
145,423,292.62,343.44,77.18,72.68,0.80,-1,-1,-1
145,451,1303.15,299.51,125.02,64.12,0.58,-1,-1,-1
145,464,133.82,609.67,156.35,135.29,0.84,-1,-1,-1
145,474,2248.84,282.60,81.52,52.77,0.74,-1,-1,-1
145,503,100.63,497.11,205.12,95.42,0.88,-1,-1,-1
145,505,1223.69,805.88,53.03,90.18,0.50,-1,-1,-1
145,425,990.59,748.70,79.50,89.10,0.48,-1,-1,-1
145,516,1759.66,961.75,67.71,128.14,0.38,-1,-1,-1
145,532,1890.82,868.35,50.06,96.28,0.57,-1,-1,-1
145,536,1709.51,948.22,56.91,113.28,0.62,-1,-1,-1
145,542,1382.38,1128.82,92.60,112.72,0.53,-1,-1,-1
145,501,1724.37,830.35,52.72,78.25,0.55,-1,-1,-1
145,564,1301.80,819.28,60.54,91.48,0.58,-1,-1,-1
145,566,2038.28,260.36,47.54,46.19,0.70,-1,-1,-1
145,568,2226.45,198.21,59.34,44.04,0.54,-1,-1,-1
145,580,553.39,1015.23,95.21,124.48,0.78,-1,-1,-1
145,446,1930.34,528.02,72.71,53.84,0.68,-1,-1,-1
145,590,44.64,878.84,61.76,126.91,0.64,-1,-1,-1
145,591,434.89,1104.68,62.79,126.35,0.54,-1,-1,-1
145,592,1618.81,1210.98,106.49,133.78,0.67,-1,-1,-1
145,593,1957.16,954.23,53.64,120.59,0.73,-1,-1,-1
145,535,1106.48,409.15,34.13,63.77,0.60,-1,-1,-1
145,442,393.08,592.59,67.00,65.88,0.43,-1,-1,-1
145,453,2141.99,812.56,53.89,125.76,0.71,-1,-1,-1
145,486,2239.36,859.69,58.00,117.77,0.69,-1,-1,-1
145,600,1807.36,317.04,85.88,55.44,0.69,-1,-1,-1
145,602,283.03,1082.34,64.16,116.40,0.65,-1,-1,-1
145,608,1054.73,682.89,40.90,76.83,0.65,-1,-1,-1
145,533,1748.97,1027.87,62.00,142.36,0.47,-1,-1,-1
145,610,1481.65,1207.55,61.74,137.24,0.71,-1,-1,-1
145,578,991.48,600.87,51.60,81.68,0.65,-1,-1,-1
145,466,422.80,1089.08,75.42,132.05,0.64,-1,-1,-1
145,434,365.09,587.58,44.62,74.49,0.56,-1,-1,-1
145,432,881.94,1415.21,54.73,96.64,0.58,-1,-1,-1
145,589,38.32,613.55,66.45,77.72,0.53,-1,-1,-1
146,123,333.39,660.70,211.71,139.09,0.92,-1,-1,-1
146,400,456.27,776.66,290.35,178.29,0.91,-1,-1,-1
146,401,0.00,1138.42,231.55,218.23,0.91,-1,-1,-1
146,402,2065.23,274.23,78.38,53.86,0.79,-1,-1,-1
146,403,2012.91,317.29,96.49,62.96,0.82,-1,-1,-1
146,404,742.31,688.56,289.68,145.52,0.90,-1,-1,-1
146,409,1665.80,463.52,178.05,102.34,0.86,-1,-1,-1
146,410,2131.20,238.55,60.66,47.56,0.65,-1,-1,-1
146,411,1775.86,366.14,100.47,72.58,0.84,-1,-1,-1
146,412,1306.55,570.91,235.40,92.30,0.89,-1,-1,-1
146,413,293.36,398.26,166.78,116.45,0.62,-1,-1,-1
146,414,225.67,857.11,170.66,210.68,0.84,-1,-1,-1
146,416,1705.19,352.60,95.74,67.96,0.80,-1,-1,-1
146,423,271.30,345.67,78.46,73.59,0.74,-1,-1,-1
146,451,1286.78,299.71,123.58,63.51,0.47,-1,-1,-1
146,464,113.65,613.40,158.65,138.64,0.86,-1,-1,-1
146,474,2228.76,282.50,81.52,52.12,0.65,-1,-1,-1
146,503,82.74,501.33,203.28,94.65,0.86,-1,-1,-1
146,505,1204.32,802.54,53.05,90.63,0.51,-1,-1,-1
146,425,979.44,755.35,75.16,82.67,0.57,-1,-1,-1
146,516,1748.97,959.93,64.33,119.97,0.22,-1,-1,-1
146,532,1877.58,860.52,49.44,94.48,0.60,-1,-1,-1
146,536,1697.74,950.49,54.69,107.54,0.66,-1,-1,-1
146,542,1359.04,1113.81,91.16,113.74,0.62,-1,-1,-1
146,501,1715.39,827.23,51.21,75.71,0.60,-1,-1,-1
146,564,1285.45,824.99,56.05,84.28,0.62,-1,-1,-1
146,566,2021.85,261.10,45.98,44.37,0.51,-1,-1,-1
146,568,2209.10,196.31,59.27,43.83,0.56,-1,-1,-1
146,580,548.90,1027.27,93.22,119.30,0.80,-1,-1,-1
146,590,26.13,884.20,64.47,132.50,0.65,-1,-1,-1
146,592,1600.81,1207.18,101.93,130.07,0.63,-1,-1,-1
146,593,1941.47,954.40,52.99,119.04,0.57,-1,-1,-1
146,442,379.50,579.77,68.51,70.22,0.54,-1,-1,-1
146,453,2121.00,811.63,54.92,127.66,0.68,-1,-1,-1
146,486,2220.88,858.97,56.56,116.04,0.67,-1,-1,-1
146,600,1788.56,316.41,88.96,57.07,0.49,-1,-1,-1
146,602,258.14,1086.24,60.99,110.96,0.58,-1,-1,-1
146,608,1035.01,682.11,40.97,76.60,0.60,-1,-1,-1
146,533,1735.37,1017.38,63.68,147.95,0.62,-1,-1,-1
146,610,1471.20,1195.16,57.51,127.56,0.65,-1,-1,-1
146,578,993.30,603.36,52.79,82.91,0.52,-1,-1,-1
146,466,404.14,1089.68,72.19,125.78,0.66,-1,-1,-1
146,432,869.61,1420.52,54.84,91.48,0.55,-1,-1,-1
146,435,1837.03,321.71,110.52,74.74,0.76,-1,-1,-1
146,588,2029.15,761.55,86.70,165.78,0.58,-1,-1,-1
146,595,21.20,613.38,50.41,75.72,0.54,-1,-1,-1
147,123,315.19,663.53,212.29,139.24,0.92,-1,-1,-1
147,400,439.65,779.21,289.53,178.14,0.90,-1,-1,-1
147,401,0.00,1145.11,212.01,215.25,0.90,-1,-1,-1
147,402,2048.59,271.87,77.30,53.05,0.74,-1,-1,-1
147,403,1997.90,314.71,94.33,62.01,0.79,-1,-1,-1
147,404,721.70,688.31,294.38,148.13,0.90,-1,-1,-1
147,409,1661.39,461.50,171.32,99.31,0.86,-1,-1,-1
147,410,2112.62,233.47,61.81,49.22,0.72,-1,-1,-1
147,411,1757.91,365.43,100.44,72.70,0.80,-1,-1,-1
147,412,1303.83,568.68,235.38,92.66,0.89,-1,-1,-1
147,413,273.20,399.92,163.80,116.97,0.48,-1,-1,-1
147,414,206.55,863.08,173.28,213.58,0.87,-1,-1,-1
147,416,1687.23,352.60,95.69,68.00,0.82,-1,-1,-1
147,423,249.90,346.92,80.38,75.39,0.74,-1,-1,-1
147,451,1268.72,299.55,123.95,63.79,0.61,-1,-1,-1
147,464,91.60,618.42,160.26,141.68,0.84,-1,-1,-1
147,474,2205.57,280.40,84.31,53.37,0.75,-1,-1,-1
147,503,63.27,503.99,204.04,95.40,0.91,-1,-1,-1
147,505,1183.80,798.58,54.66,94.30,0.55,-1,-1,-1
147,425,963.85,752.73,77.56,85.02,0.44,-1,-1,-1
147,516,1741.66,954.11,57.82,107.71,0.42,-1,-1,-1
147,532,1861.52,854.16,50.69,96.70,0.58,-1,-1,-1
147,536,1685.71,949.96,53.79,104.22,0.50,-1,-1,-1
147,542,1339.67,1108.14,85.13,107.81,0.71,-1,-1,-1
147,564,1265.25,821.99,56.03,84.12,0.47,-1,-1,-1
147,568,2192.03,193.48,59.37,43.62,0.53,-1,-1,-1
147,580,539.77,1032.56,97.67,123.13,0.75,-1,-1,-1
147,592,1585.26,1200.84,101.47,132.53,0.73,-1,-1,-1
147,593,1920.46,952.96,54.83,123.93,0.77,-1,-1,-1
147,442,362.79,578.79,67.31,71.88,0.48,-1,-1,-1
147,453,2106.84,813.30,51.67,119.92,0.61,-1,-1,-1
147,486,2202.21,858.93,54.35,111.33,0.63,-1,-1,-1
147,600,1766.99,316.25,89.34,57.63,0.38,-1,-1,-1
147,602,229.98,1091.92,63.39,115.94,0.55,-1,-1,-1
147,608,1015.70,684.19,40.14,73.72,0.59,-1,-1,-1
147,533,1722.56,1019.88,60.03,139.76,0.61,-1,-1,-1
147,610,1459.76,1181.65,56.60,125.14,0.60,-1,-1,-1
147,578,985.22,603.36,51.36,82.89,0.49,-1,-1,-1
147,466,381.98,1088.99,76.20,132.96,0.66,-1,-1,-1
147,432,859.41,1428.38,54.15,83.62,0.53,-1,-1,-1
147,435,1826.59,322.27,104.84,74.10,0.79,-1,-1,-1
147,595,8.52,612.66,49.93,75.42,0.63,-1,-1,-1
148,123,295.76,666.39,213.63,139.89,0.91,-1,-1,-1
148,400,419.99,781.65,289.74,178.05,0.91,-1,-1,-1
148,401,0.00,1151.84,190.77,208.67,0.82,-1,-1,-1
148,402,2032.25,269.83,74.47,51.16,0.68,-1,-1,-1
148,403,1981.46,311.49,92.93,61.62,0.81,-1,-1,-1
148,404,704.88,687.85,301.14,151.74,0.90,-1,-1,-1
148,409,1654.43,458.78,166.24,97.07,0.86,-1,-1,-1
148,411,1739.99,364.77,99.93,72.46,0.82,-1,-1,-1
148,412,1302.28,566.44,233.76,92.37,0.88,-1,-1,-1
148,413,262.70,402.79,142.49,102.00,0.59,-1,-1,-1
148,414,189.09,869.20,175.18,215.48,0.85,-1,-1,-1
148,416,1667.60,351.95,96.89,69.05,0.82,-1,-1,-1
148,423,229.39,349.72,79.57,74.27,0.72,-1,-1,-1
148,451,1251.55,299.57,123.91,63.91,0.59,-1,-1,-1
148,464,72.65,624.07,159.84,142.43,0.86,-1,-1,-1
148,474,2188.30,278.33,84.40,53.90,0.75,-1,-1,-1
148,503,44.35,506.78,208.12,97.63,0.89,-1,-1,-1
148,505,1164.67,794.30,55.60,97.07,0.58,-1,-1,-1
148,425,946.17,744.74,84.97,93.69,0.39,-1,-1,-1
148,516,1731.83,949.99,56.95,105.47,0.38,-1,-1,-1
148,532,1844.63,847.00,54.69,105.18,0.52,-1,-1,-1
148,536,1674.25,943.80,54.04,104.51,0.64,-1,-1,-1
148,542,1318.85,1098.79,81.18,104.49,0.50,-1,-1,-1
148,564,1248.15,824.66,53.50,79.25,0.61,-1,-1,-1
148,580,532.31,1037.86,103.48,128.80,0.75,-1,-1,-1
148,592,1565.27,1188.17,104.38,139.60,0.59,-1,-1,-1
148,593,1902.55,955.81,55.05,124.54,0.57,-1,-1,-1
148,442,347.45,580.85,66.88,74.18,0.58,-1,-1,-1
148,453,2086.69,811.25,51.55,118.94,0.69,-1,-1,-1
148,486,2183.19,856.78,55.49,115.14,0.68,-1,-1,-1
148,600,1747.86,316.07,87.92,57.05,0.34,-1,-1,-1
148,602,205.14,1097.96,65.27,121.12,0.46,-1,-1,-1
148,608,997.45,684.98,40.11,72.10,0.53,-1,-1,-1
148,533,1711.40,1020.87,56.86,132.80,0.64,-1,-1,-1
148,610,1441.97,1167.27,59.91,132.98,0.69,-1,-1,-1
148,578,980.03,602.03,48.57,79.96,0.53,-1,-1,-1
148,466,359.45,1089.77,75.97,132.68,0.56,-1,-1,-1
148,432,848.14,1437.11,51.43,74.89,0.53,-1,-1,-1
148,435,1812.79,322.77,100.14,72.93,0.82,-1,-1,-1
148,595,0.00,612.02,46.92,82.90,0.54,-1,-1,-1
148,623,1899.46,523.04,57.19,52.32,0.60,-1,-1,-1
148,419,153.02,1120.15,65.06,110.01,0.61,-1,-1,-1
148,418,2087.23,240.62,45.73,37.18,0.53,-1,-1,-1
149,123,280.80,672.16,212.16,138.64,0.92,-1,-1,-1
149,400,405.55,783.41,292.28,180.03,0.90,-1,-1,-1
149,401,0.00,1158.05,166.50,202.99,0.66,-1,-1,-1
149,402,2015.65,265.27,75.76,52.49,0.70,-1,-1,-1
149,403,1968.97,309.12,91.29,60.73,0.76,-1,-1,-1
149,404,686.06,690.41,299.23,150.82,0.91,-1,-1,-1
149,409,1647.09,454.47,165.58,97.79,0.88,-1,-1,-1
149,411,1723.05,364.56,98.43,71.45,0.80,-1,-1,-1
149,412,1300.82,563.33,235.08,93.46,0.88,-1,-1,-1
149,413,237.18,404.14,153.53,112.71,0.75,-1,-1,-1
149,414,171.49,874.24,176.56,216.02,0.86,-1,-1,-1
149,416,1650.70,350.80,98.43,70.25,0.83,-1,-1,-1
149,423,208.94,351.47,81.62,76.27,0.78,-1,-1,-1
149,451,1235.60,299.21,124.13,63.92,0.54,-1,-1,-1
149,464,54.26,630.43,159.45,143.51,0.87,-1,-1,-1
149,474,2171.06,276.62,84.72,54.39,0.78,-1,-1,-1
149,503,27.15,511.47,205.39,96.57,0.89,-1,-1,-1
149,505,1148.15,792.15,54.38,95.30,0.53,-1,-1,-1
149,425,935.30,747.56,82.84,90.95,0.34,-1,-1,-1
149,516,1721.65,942.74,55.27,100.89,0.38,-1,-1,-1
149,532,1831.52,838.94,56.81,110.61,0.38,-1,-1,-1
149,536,1663.79,938.17,54.54,104.20,0.60,-1,-1,-1
149,542,1297.05,1081.84,83.54,109.32,0.65,-1,-1,-1
149,564,1228.50,812.90,57.02,85.17,0.54,-1,-1,-1
149,580,527.43,1049.78,104.09,127.18,0.72,-1,-1,-1
149,592,1553.93,1190.69,97.60,133.20,0.75,-1,-1,-1
149,593,1883.57,958.09,56.51,128.68,0.73,-1,-1,-1
149,442,331.94,583.76,65.17,74.79,0.52,-1,-1,-1
149,453,2071.09,812.72,49.97,114.22,0.65,-1,-1,-1
149,486,2165.07,855.73,56.62,116.82,0.68,-1,-1,-1
149,600,1730.52,318.23,85.29,55.39,0.22,-1,-1,-1
149,602,181.47,1102.06,64.75,119.62,0.51,-1,-1,-1
149,608,979.13,686.13,40.62,71.01,0.47,-1,-1,-1
149,533,1698.23,1004.89,61.04,144.23,0.43,-1,-1,-1
149,610,1430.36,1157.77,60.24,133.49,0.66,-1,-1,-1
149,578,975.97,601.12,50.64,84.86,0.37,-1,-1,-1
149,466,338.78,1089.06,72.62,125.91,0.58,-1,-1,-1
149,432,840.37,1446.75,46.61,62.65,0.52,-1,-1,-1
149,435,1797.69,322.29,97.07,72.46,0.79,-1,-1,-1
149,623,1891.54,522.66,55.67,50.91,0.46,-1,-1,-1
149,625,0.06,233.87,72.44,63.95,0.75,-1,-1,-1
149,628,1428.21,1186.64,62.84,130.99,0.62,-1,-1,-1
149,630,1231.53,794.76,48.72,84.15,0.67,-1,-1,-1
149,419,133.78,1123.12,62.77,108.73,0.44,-1,-1,-1
149,418,2076.52,236.15,46.49,38.73,0.55,-1,-1,-1
149,492,1013.72,568.55,99.91,89.69,0.62,-1,-1,-1
150,123,266.83,676.34,209.32,135.89,0.91,-1,-1,-1
150,400,390.59,785.86,291.51,179.92,0.92,-1,-1,-1
150,402,2002.81,266.53,70.34,49.04,0.56,-1,-1,-1
150,403,1957.28,306.65,88.86,59.56,0.82,-1,-1,-1
150,404,672.42,694.54,298.27,150.81,0.91,-1,-1,-1
150,409,1643.47,451.16,163.38,97.52,0.87,-1,-1,-1
150,411,1709.08,364.15,98.97,71.99,0.87,-1,-1,-1
150,412,1303.83,561.38,232.22,92.79,0.88,-1,-1,-1
150,413,225.68,406.99,142.39,105.25,0.53,-1,-1,-1
150,414,158.89,880.38,179.32,218.27,0.84,-1,-1,-1
150,416,1636.94,351.10,96.83,69.16,0.81,-1,-1,-1
150,423,192.89,353.40,81.72,76.29,0.79,-1,-1,-1
150,451,1223.35,300.00,123.15,63.49,0.40,-1,-1,-1
150,464,39.21,636.21,158.17,143.30,0.87,-1,-1,-1
150,474,2155.37,275.11,83.86,54.26,0.77,-1,-1,-1
150,503,14.36,516.32,202.82,95.42,0.90,-1,-1,-1
150,505,1132.90,790.44,54.02,94.96,0.55,-1,-1,-1
150,425,922.63,742.98,86.77,95.42,0.19,-1,-1,-1
150,516,1710.84,936.98,56.01,101.56,0.49,-1,-1,-1
150,532,1823.92,830.13,52.85,101.95,0.52,-1,-1,-1
150,536,1652.08,925.10,58.47,112.43,0.52,-1,-1,-1
150,542,1280.90,1074.06,79.94,106.62,0.66,-1,-1,-1
150,564,1214.58,815.59,53.72,79.44,0.65,-1,-1,-1
150,580,525.84,1058.82,104.41,124.91,0.76,-1,-1,-1
150,592,1539.58,1187.69,94.03,130.60,0.59,-1,-1,-1
150,593,1868.38,961.82,57.10,130.75,0.61,-1,-1,-1
150,442,322.68,599.65,61.84,72.58,0.70,-1,-1,-1
150,453,2054.29,803.37,53.68,123.64,0.71,-1,-1,-1
150,486,2149.85,854.80,56.12,116.78,0.71,-1,-1,-1
150,600,1719.44,314.13,87.96,56.72,0.62,-1,-1,-1
150,602,173.08,1109.90,65.34,120.41,0.39,-1,-1,-1
150,608,962.75,688.18,39.14,66.14,0.10,-1,-1,-1
150,533,1690.22,1002.75,58.81,138.78,0.53,-1,-1,-1
150,610,1423.57,1143.76,56.37,124.33,0.60,-1,-1,-1
150,578,978.47,606.33,50.43,83.75,0.17,-1,-1,-1
150,466,315.56,1088.13,75.87,130.01,0.49,-1,-1,-1
150,432,835.64,1455.21,44.01,54.87,0.43,-1,-1,-1
150,435,1784.88,321.99,95.26,72.63,0.80,-1,-1,-1
150,623,1883.44,520.67,55.39,50.57,0.60,-1,-1,-1
150,625,0.00,242.56,58.58,56.67,0.67,-1,-1,-1
150,628,1420.27,1180.59,60.52,126.41,0.56,-1,-1,-1
150,630,1219.72,792.94,46.87,80.77,0.55,-1,-1,-1
150,419,118.65,1124.93,64.94,115.20,0.44,-1,-1,-1
150,418,2067.16,236.99,41.71,35.40,0.47,-1,-1,-1
150,635,2108.84,1075.73,49.39,113.52,0.59,-1,-1,-1
150,636,1142.87,1383.04,97.38,128.59,0.59,-1,-1,-1
150,605,1554.61,1168.70,59.83,103.49,0.50,-1,-1,-1
150,434,323.97,589.23,42.44,71.29,0.51,-1,-1,-1
151,123,254.08,679.22,209.63,135.33,0.92,-1,-1,-1
151,400,379.86,789.11,288.04,177.22,0.92,-1,-1,-1
151,402,1992.89,260.42,74.33,52.43,0.59,-1,-1,-1
151,403,1948.04,302.86,89.31,60.33,0.79,-1,-1,-1
151,404,664.46,697.69,297.53,150.44,0.89,-1,-1,-1
151,409,1642.02,447.31,161.06,97.18,0.86,-1,-1,-1
151,411,1699.32,363.95,97.16,70.73,0.82,-1,-1,-1
151,412,1307.71,559.75,230.71,92.67,0.89,-1,-1,-1
151,413,220.98,409.49,129.79,96.24,0.50,-1,-1,-1
151,414,148.84,885.37,180.02,217.63,0.86,-1,-1,-1
151,416,1624.48,349.81,99.46,71.15,0.81,-1,-1,-1
151,423,178.83,355.87,81.22,75.62,0.78,-1,-1,-1
151,451,1212.20,299.94,122.96,63.60,0.45,-1,-1,-1
151,464,26.67,641.80,156.75,142.57,0.87,-1,-1,-1
151,474,2143.68,274.63,84.16,55.09,0.77,-1,-1,-1
151,503,1.57,519.81,203.54,96.35,0.87,-1,-1,-1
151,505,1121.89,799.58,53.54,94.07,0.56,-1,-1,-1
151,425,912.73,739.33,89.31,98.66,0.32,-1,-1,-1
151,516,1706.61,933.07,54.51,98.60,0.55,-1,-1,-1
151,532,1819.26,822.73,48.12,91.90,0.52,-1,-1,-1
151,536,1647.64,923.51,56.65,108.48,0.52,-1,-1,-1
151,542,1267.27,1064.04,78.29,106.62,0.56,-1,-1,-1
151,564,1200.69,810.76,55.17,81.76,0.48,-1,-1,-1
151,580,527.49,1063.21,109.81,129.99,0.64,-1,-1,-1
151,592,1527.02,1180.18,95.69,135.87,0.64,-1,-1,-1
151,593,1854.64,964.14,56.65,131.13,0.53,-1,-1,-1
151,442,311.02,601.92,63.24,76.05,0.60,-1,-1,-1
151,453,2043.18,803.35,52.90,121.63,0.66,-1,-1,-1
151,486,2138.21,855.83,57.47,118.57,0.76,-1,-1,-1
151,600,1706.49,312.57,89.79,58.16,0.64,-1,-1,-1
151,602,147.84,1111.78,62.05,112.41,0.42,-1,-1,-1
151,608,948.09,686.15,41.67,68.53,0.14,-1,-1,-1
151,533,1683.38,999.44,56.65,134.05,0.68,-1,-1,-1
151,610,1416.25,1134.68,56.10,123.02,0.64,-1,-1,-1
151,578,980.89,605.48,44.45,74.53,0.44,-1,-1,-1
151,466,303.84,1110.72,70.12,111.45,0.79,-1,-1,-1
151,432,832.70,1463.79,39.47,44.81,0.28,-1,-1,-1
151,435,1774.17,321.38,93.89,72.47,0.83,-1,-1,-1
151,623,1878.35,518.10,55.35,50.50,0.63,-1,-1,-1
151,625,0.00,242.24,51.54,57.71,0.61,-1,-1,-1
151,628,1413.36,1165.28,60.53,126.66,0.63,-1,-1,-1
151,630,1204.12,789.13,45.62,78.43,0.45,-1,-1,-1
151,419,103.11,1148.41,69.92,114.09,0.54,-1,-1,-1
151,418,2062.13,233.33,44.75,37.44,0.57,-1,-1,-1
151,635,2099.68,1074.23,49.25,113.43,0.71,-1,-1,-1
151,636,1143.95,1372.52,101.01,133.85,0.69,-1,-1,-1
151,637,2148.53,539.33,40.91,82.62,0.70,-1,-1,-1
151,638,1858.00,318.82,47.18,40.54,0.59,-1,-1,-1
151,605,1545.95,1167.44,66.59,115.35,0.50,-1,-1,-1
151,434,314.72,591.30,45.18,76.13,0.59,-1,-1,-1
152,123,244.14,680.93,211.55,136.12,0.92,-1,-1,-1
152,400,371.97,790.00,293.86,181.18,0.91,-1,-1,-1
152,402,1986.18,258.40,74.93,53.18,0.76,-1,-1,-1
152,403,1943.22,301.93,86.15,58.49,0.77,-1,-1,-1
152,404,655.86,696.78,304.14,153.44,0.89,-1,-1,-1
152,409,1644.03,443.97,156.44,95.33,0.83,-1,-1,-1
152,411,1689.92,363.94,97.37,70.84,0.82,-1,-1,-1
152,412,1311.69,556.77,233.12,94.37,0.88,-1,-1,-1
152,413,213.58,412.27,125.01,92.20,0.48,-1,-1,-1
152,414,141.64,890.95,180.62,216.77,0.87,-1,-1,-1
152,416,1617.37,350.95,96.58,69.13,0.81,-1,-1,-1
152,423,168.18,356.61,81.07,75.39,0.79,-1,-1,-1
152,451,1203.67,299.10,124.64,64.65,0.57,-1,-1,-1
152,464,16.05,645.85,159.16,146.00,0.86,-1,-1,-1
152,474,2132.35,274.63,83.41,54.71,0.79,-1,-1,-1
152,503,0.00,521.55,201.58,98.23,0.89,-1,-1,-1
152,505,1113.66,807.14,50.08,87.61,0.56,-1,-1,-1
152,425,907.39,738.08,89.86,99.50,0.40,-1,-1,-1
152,516,1705.50,926.73,52.91,95.77,0.36,-1,-1,-1
152,532,1815.01,817.29,48.57,92.58,0.49,-1,-1,-1
152,536,1644.69,920.19,55.84,106.72,0.34,-1,-1,-1
152,542,1257.42,1057.46,73.89,102.39,0.52,-1,-1,-1
152,564,1190.04,805.49,56.22,83.98,0.49,-1,-1,-1
152,580,533.27,1071.35,112.39,132.17,0.59,-1,-1,-1
152,592,1517.63,1171.87,96.62,141.24,0.65,-1,-1,-1
152,593,1845.77,965.62,55.97,130.18,0.70,-1,-1,-1
152,442,300.70,604.27,64.28,78.98,0.68,-1,-1,-1
152,453,2036.11,802.05,51.92,120.64,0.65,-1,-1,-1
152,486,2128.78,858.85,56.69,116.95,0.68,-1,-1,-1
152,600,1697.81,312.85,88.94,57.41,0.58,-1,-1,-1
152,602,129.60,1114.62,56.12,99.74,0.44,-1,-1,-1
152,608,936.26,680.51,41.86,67.09,0.11,-1,-1,-1
152,533,1680.36,999.14,54.24,128.83,0.59,-1,-1,-1
152,610,1413.52,1124.17,52.50,113.59,0.58,-1,-1,-1
152,466,288.54,1112.83,72.01,108.33,0.79,-1,-1,-1
152,435,1765.99,321.57,92.06,71.82,0.81,-1,-1,-1
152,623,1875.21,515.57,56.45,51.70,0.66,-1,-1,-1
152,625,0.00,232.00,51.91,68.39,0.54,-1,-1,-1
152,628,1408.33,1160.46,56.41,118.21,0.51,-1,-1,-1
152,630,1192.27,786.91,49.23,84.84,0.52,-1,-1,-1
152,419,80.64,1162.87,73.97,107.61,0.60,-1,-1,-1
152,635,2092.27,1075.28,48.49,111.92,0.50,-1,-1,-1
152,636,1145.59,1358.03,108.75,145.14,0.74,-1,-1,-1
152,637,2141.19,539.19,40.75,82.43,0.67,-1,-1,-1
152,638,1849.80,316.70,49.43,42.48,0.51,-1,-1,-1
152,605,1538.20,1160.61,65.44,112.55,0.56,-1,-1,-1
152,434,306.33,592.74,45.74,76.98,0.50,-1,-1,-1
153,123,239.08,682.05,213.22,136.84,0.92,-1,-1,-1
153,400,367.26,790.79,296.94,183.55,0.91,-1,-1,-1
153,402,1982.11,255.01,76.21,54.57,0.70,-1,-1,-1
153,404,651.00,698.38,305.01,153.49,0.91,-1,-1,-1
153,409,1650.08,441.36,149.91,92.15,0.85,-1,-1,-1
153,411,1684.36,364.48,96.78,70.46,0.81,-1,-1,-1
153,412,1321.61,555.03,231.61,94.49,0.90,-1,-1,-1
153,413,210.97,412.91,120.52,88.74,0.71,-1,-1,-1
153,414,139.12,895.22,181.28,215.60,0.87,-1,-1,-1
153,416,1612.05,351.11,96.51,69.16,0.82,-1,-1,-1
153,423,162.06,357.34,80.59,75.09,0.82,-1,-1,-1
153,451,1194.58,298.82,124.43,64.89,0.56,-1,-1,-1
153,464,9.62,649.96,158.76,146.65,0.86,-1,-1,-1
153,474,2127.01,273.93,83.40,55.18,0.79,-1,-1,-1
153,503,0.00,521.60,201.54,99.61,0.91,-1,-1,-1
153,505,1104.76,798.11,53.43,94.91,0.52,-1,-1,-1
153,425,909.11,745.70,83.39,91.33,0.39,-1,-1,-1
153,516,1705.98,922.81,52.31,94.47,0.45,-1,-1,-1
153,532,1815.21,811.30,46.10,87.94,0.44,-1,-1,-1
153,536,1642.85,915.61,55.50,106.61,0.44,-1,-1,-1
153,542,1247.50,1042.93,75.54,107.46,0.63,-1,-1,-1
153,564,1182.59,801.45,56.46,84.97,0.51,-1,-1,-1
153,580,541.98,1082.41,111.11,128.97,0.69,-1,-1,-1
153,592,1516.41,1175.96,89.88,134.09,0.58,-1,-1,-1
153,593,1840.28,967.77,54.97,128.11,0.77,-1,-1,-1
153,442,295.70,607.01,62.12,77.90,0.39,-1,-1,-1
153,453,2031.53,800.06,51.87,121.27,0.59,-1,-1,-1
153,486,2120.88,860.79,57.34,118.26,0.74,-1,-1,-1
153,600,1690.77,318.38,84.69,54.69,0.20,-1,-1,-1
153,602,113.11,1115.44,60.34,105.23,0.46,-1,-1,-1
153,608,927.35,677.97,40.03,62.53,0.13,-1,-1,-1
153,533,1679.29,999.60,53.44,126.72,0.54,-1,-1,-1
153,610,1413.85,1113.90,50.74,108.20,0.56,-1,-1,-1
153,466,275.66,1118.73,71.48,99.60,0.77,-1,-1,-1
153,435,1761.17,322.47,89.52,70.37,0.82,-1,-1,-1
153,623,1876.45,515.49,55.10,50.53,0.60,-1,-1,-1
153,628,1407.37,1147.97,56.40,118.40,0.65,-1,-1,-1
153,630,1187.36,785.51,46.58,80.35,0.44,-1,-1,-1
153,419,68.14,1167.94,77.78,102.67,0.76,-1,-1,-1
153,635,2087.12,1074.99,48.42,112.22,0.43,-1,-1,-1
153,636,1158.62,1361.90,106.10,141.36,0.73,-1,-1,-1
153,637,2135.32,540.34,40.22,81.42,0.67,-1,-1,-1
153,638,1844.01,314.23,51.28,44.10,0.59,-1,-1,-1
153,605,1532.67,1159.07,63.79,109.67,0.51,-1,-1,-1
153,434,301.25,596.88,46.78,79.17,0.51,-1,-1,-1
153,640,990.99,637.81,77.72,64.43,0.63,-1,-1,-1
153,642,21.37,429.26,42.54,60.54,0.55,-1,-1,-1
153,598,1953.61,313.65,58.56,44.31,0.68,-1,-1,-1
154,123,237.05,682.51,214.88,137.73,0.91,-1,-1,-1
154,400,365.84,792.22,297.79,184.48,0.91,-1,-1,-1
154,402,1982.31,253.17,75.25,54.20,0.74,-1,-1,-1
154,404,646.62,699.70,305.30,153.65,0.89,-1,-1,-1
154,409,1657.95,439.75,145.27,89.78,0.84,-1,-1,-1
154,411,1681.89,364.29,96.80,70.64,0.82,-1,-1,-1
154,412,1334.32,553.43,228.86,94.01,0.90,-1,-1,-1
154,413,211.64,413.81,116.90,85.75,0.64,-1,-1,-1
154,414,139.35,898.46,182.89,215.22,0.87,-1,-1,-1
154,416,1609.48,350.88,97.09,69.76,0.84,-1,-1,-1
154,423,160.40,357.79,80.23,74.78,0.82,-1,-1,-1
154,451,1191.69,300.28,122.97,64.30,0.41,-1,-1,-1
154,464,7.16,651.85,160.70,149.84,0.86,-1,-1,-1
154,474,2125.70,273.96,82.23,54.99,0.78,-1,-1,-1
154,503,0.00,522.64,202.65,100.07,0.89,-1,-1,-1
154,505,1099.74,787.03,52.89,94.49,0.56,-1,-1,-1
154,425,911.32,749.01,80.85,87.62,0.40,-1,-1,-1
154,516,1708.82,918.98,53.24,96.58,0.42,-1,-1,-1
154,532,1814.72,805.32,49.32,95.25,0.50,-1,-1,-1
154,536,1645.23,906.47,56.85,111.07,0.58,-1,-1,-1
154,542,1240.26,1030.09,75.28,109.15,0.53,-1,-1,-1
154,564,1179.04,804.44,53.13,79.97,0.47,-1,-1,-1
154,580,550.60,1089.02,113.48,130.19,0.35,-1,-1,-1
154,592,1510.26,1164.45,91.75,139.66,0.57,-1,-1,-1
154,593,1836.67,972.40,53.54,123.53,0.81,-1,-1,-1
154,442,294.99,609.90,59.00,75.58,0.35,-1,-1,-1
154,453,2030.53,798.46,52.02,122.28,0.60,-1,-1,-1
154,486,2116.75,862.98,57.48,119.20,0.71,-1,-1,-1
154,600,1689.22,316.78,86.19,55.75,0.33,-1,-1,-1
154,602,96.15,1115.93,61.79,105.00,0.49,-1,-1,-1
154,608,921.04,679.92,39.45,59.48,0.15,-1,-1,-1
154,533,1680.29,994.23,52.67,125.43,0.64,-1,-1,-1
154,610,1417.19,1104.87,48.22,100.70,0.56,-1,-1,-1
154,466,266.41,1119.99,73.46,96.25,0.77,-1,-1,-1
154,435,1759.14,322.62,88.43,70.00,0.82,-1,-1,-1
154,623,1882.69,515.70,52.69,48.38,0.58,-1,-1,-1
154,628,1410.51,1138.68,54.64,114.79,0.58,-1,-1,-1
154,630,1182.11,782.67,47.36,81.92,0.47,-1,-1,-1
154,419,61.32,1159.73,89.57,110.80,0.68,-1,-1,-1
154,635,2084.67,1074.44,48.96,113.56,0.50,-1,-1,-1
154,636,1172.28,1361.93,104.25,138.43,0.77,-1,-1,-1
154,637,2133.50,540.72,39.96,80.99,0.65,-1,-1,-1
154,638,1842.24,314.00,51.95,44.72,0.51,-1,-1,-1
154,605,1526.59,1156.21,66.62,115.03,0.47,-1,-1,-1
154,434,299.72,600.16,45.66,77.75,0.52,-1,-1,-1
154,640,991.83,642.23,71.24,59.27,0.11,-1,-1,-1
154,642,21.37,430.63,42.32,60.24,0.56,-1,-1,-1
154,643,948.29,567.48,60.40,60.16,0.57,-1,-1,-1
154,644,1880.83,284.85,55.44,44.84,0.58,-1,-1,-1
154,646,388.53,318.94,26.60,61.82,0.63,-1,-1,-1
154,647,100.52,447.49,37.93,63.96,0.59,-1,-1,-1
154,410,2073.48,224.14,52.45,42.60,0.54,-1,-1,-1
154,403,1941.24,298.13,83.83,57.29,0.70,-1,-1,-1
155,123,235.86,683.29,215.72,138.19,0.91,-1,-1,-1
155,400,366.32,794.17,296.41,183.93,0.92,-1,-1,-1
155,402,1984.48,252.80,72.96,52.83,0.73,-1,-1,-1
155,404,647.79,699.02,310.03,155.52,0.89,-1,-1,-1
155,409,1667.29,437.93,140.55,87.46,0.85,-1,-1,-1
155,411,1681.54,364.81,96.98,70.74,0.82,-1,-1,-1
155,412,1347.75,551.60,227.19,93.95,0.89,-1,-1,-1
155,413,218.48,414.03,102.93,73.47,0.56,-1,-1,-1
155,414,141.31,901.24,185.36,215.90,0.86,-1,-1,-1
155,416,1609.11,351.32,96.90,69.66,0.83,-1,-1,-1
155,423,160.21,358.55,79.74,74.31,0.81,-1,-1,-1
155,451,1194.06,302.44,119.90,62.38,0.56,-1,-1,-1
155,464,6.15,654.19,162.02,152.49,0.86,-1,-1,-1
155,474,2125.68,275.11,81.04,54.62,0.79,-1,-1,-1
155,503,0.00,524.11,202.29,100.28,0.89,-1,-1,-1
155,505,1096.13,780.76,52.29,93.83,0.55,-1,-1,-1
155,425,912.18,749.30,81.25,87.38,0.25,-1,-1,-1
155,516,1714.34,915.66,51.65,92.67,0.31,-1,-1,-1
155,532,1816.73,800.26,49.81,96.92,0.53,-1,-1,-1
155,536,1649.81,901.61,55.25,107.94,0.54,-1,-1,-1
155,542,1234.40,1016.96,76.39,113.14,0.58,-1,-1,-1
155,564,1177.54,806.01,50.64,76.16,0.66,-1,-1,-1
155,580,562.68,1094.92,116.11,133.27,0.50,-1,-1,-1
155,592,1507.44,1163.69,88.26,136.51,0.56,-1,-1,-1
155,593,1832.39,978.33,54.53,124.23,0.74,-1,-1,-1
155,442,294.76,611.77,57.01,74.68,0.23,-1,-1,-1
155,453,2029.80,798.82,51.96,122.43,0.67,-1,-1,-1
155,486,2115.45,866.50,56.12,116.46,0.75,-1,-1,-1
155,600,1687.33,316.33,87.61,57.05,0.42,-1,-1,-1
155,602,89.68,1118.01,60.12,99.74,0.37,-1,-1,-1
155,533,1682.04,987.16,53.05,126.97,0.57,-1,-1,-1
155,610,1417.97,1093.14,53.19,110.73,0.54,-1,-1,-1
155,466,255.91,1119.42,76.53,94.29,0.75,-1,-1,-1
155,435,1757.65,322.70,88.66,70.63,0.83,-1,-1,-1
155,623,1888.35,516.24,50.51,46.40,0.59,-1,-1,-1
155,628,1413.71,1132.59,52.33,110.12,0.52,-1,-1,-1
155,630,1179.04,780.01,48.37,84.11,0.53,-1,-1,-1
155,419,58.17,1164.01,91.87,107.89,0.76,-1,-1,-1
155,635,2082.77,1075.75,49.05,113.97,0.44,-1,-1,-1
155,636,1183.41,1354.12,107.67,143.01,0.78,-1,-1,-1
155,637,2131.92,541.08,39.44,80.08,0.62,-1,-1,-1
155,638,1841.88,315.90,51.00,43.89,0.36,-1,-1,-1
155,605,1523.88,1152.57,65.51,112.95,0.46,-1,-1,-1
155,434,298.82,602.79,44.90,76.94,0.53,-1,-1,-1
155,642,22.06,433.59,41.06,58.47,0.54,-1,-1,-1
155,643,949.42,570.83,58.67,58.39,0.48,-1,-1,-1
155,644,1879.12,284.98,56.53,45.77,0.47,-1,-1,-1
155,646,387.53,318.05,27.39,63.59,0.65,-1,-1,-1
155,647,101.91,453.72,35.04,59.07,0.54,-1,-1,-1
155,648,1193.91,1322.00,82.68,148.10,0.74,-1,-1,-1
155,649,259.63,1091.02,61.82,106.73,0.52,-1,-1,-1
155,410,2069.24,223.97,51.36,41.48,0.58,-1,-1,-1
155,403,1943.26,297.17,81.92,56.36,0.70,-1,-1,-1
156,123,233.96,684.42,216.74,138.66,0.90,-1,-1,-1
156,400,366.34,795.20,295.96,183.94,0.92,-1,-1,-1
156,402,1988.06,252.07,70.86,51.65,0.74,-1,-1,-1
156,404,644.53,700.47,308.87,155.03,0.88,-1,-1,-1
156,409,1677.67,435.60,136.06,85.11,0.86,-1,-1,-1
156,411,1681.85,365.50,96.86,70.58,0.83,-1,-1,-1
156,412,1362.81,550.03,224.39,93.46,0.90,-1,-1,-1
156,413,219.43,414.53,101.98,71.55,0.56,-1,-1,-1
156,414,142.94,903.38,188.11,216.28,0.85,-1,-1,-1
156,416,1609.48,351.65,97.19,69.82,0.83,-1,-1,-1
156,423,160.24,358.89,79.66,74.19,0.80,-1,-1,-1
156,451,1194.13,305.00,119.08,61.90,0.51,-1,-1,-1
156,464,6.76,657.82,161.07,152.87,0.85,-1,-1,-1
156,474,2127.14,275.31,79.31,53.92,0.78,-1,-1,-1
156,503,0.00,525.10,204.69,101.22,0.88,-1,-1,-1
156,505,1092.92,776.68,51.99,93.62,0.58,-1,-1,-1
156,425,913.11,746.37,83.18,89.03,0.28,-1,-1,-1
156,516,1717.17,911.71,52.94,94.21,0.46,-1,-1,-1
156,532,1819.68,796.54,50.83,100.04,0.52,-1,-1,-1
156,536,1654.95,898.36,55.07,107.58,0.44,-1,-1,-1
156,542,1231.28,1008.16,73.69,111.41,0.53,-1,-1,-1
156,564,1175.34,804.64,49.35,74.76,0.52,-1,-1,-1
156,580,577.82,1102.53,117.94,134.59,0.62,-1,-1,-1
156,592,1506.98,1165.10,84.84,133.50,0.48,-1,-1,-1
156,593,1827.91,984.46,56.85,128.48,0.69,-1,-1,-1
156,442,291.93,608.38,58.32,78.48,0.57,-1,-1,-1
156,453,2028.67,798.51,53.59,126.35,0.69,-1,-1,-1
156,486,2113.64,867.93,56.38,118.10,0.74,-1,-1,-1
156,600,1686.84,318.21,86.27,56.41,0.30,-1,-1,-1
156,602,79.04,1116.51,61.04,100.87,0.44,-1,-1,-1
156,533,1685.96,980.14,51.94,123.49,0.55,-1,-1,-1
156,610,1423.42,1083.79,52.21,107.98,0.58,-1,-1,-1
156,466,242.88,1114.88,83.03,97.30,0.77,-1,-1,-1
156,435,1757.03,323.08,88.58,70.85,0.83,-1,-1,-1
156,623,1892.00,514.50,50.56,46.63,0.65,-1,-1,-1
156,628,1416.60,1120.63,53.26,112.61,0.51,-1,-1,-1
156,630,1175.50,777.21,48.38,84.66,0.57,-1,-1,-1
156,419,57.95,1164.39,93.81,104.89,0.77,-1,-1,-1
156,635,2082.91,1079.74,47.25,110.12,0.39,-1,-1,-1
156,636,1194.98,1343.46,109.81,145.77,0.82,-1,-1,-1
156,637,2131.23,541.55,39.50,80.30,0.63,-1,-1,-1
156,638,1841.09,316.91,50.72,43.50,0.39,-1,-1,-1
156,605,1519.06,1146.09,66.89,115.91,0.38,-1,-1,-1
156,434,298.57,606.31,45.83,78.92,0.13,-1,-1,-1
156,642,22.08,434.59,41.40,58.98,0.53,-1,-1,-1
156,643,949.78,571.52,58.67,58.34,0.36,-1,-1,-1
156,644,1878.85,287.33,53.82,43.54,0.50,-1,-1,-1
156,646,386.46,317.39,27.23,63.08,0.64,-1,-1,-1
156,647,102.13,459.06,33.49,56.39,0.51,-1,-1,-1
156,648,1214.41,1314.29,79.05,141.26,0.64,-1,-1,-1
156,649,251.96,1089.59,62.64,108.18,0.50,-1,-1,-1
156,410,2067.96,224.82,49.29,39.53,0.52,-1,-1,-1
156,403,1947.36,298.37,77.97,53.48,0.72,-1,-1,-1
156,650,1760.50,283.70,78.28,41.33,0.63,-1,-1,-1
156,651,825.43,629.99,44.55,77.55,0.53,-1,-1,-1
156,652,197.56,440.89,136.55,69.60,0.66,-1,-1,-1
157,123,234.51,685.04,217.48,139.13,0.90,-1,-1,-1
157,400,367.85,797.41,292.75,182.00,0.92,-1,-1,-1
157,402,1990.93,251.21,69.62,51.04,0.76,-1,-1,-1
157,404,643.50,701.54,309.33,155.31,0.87,-1,-1,-1
157,409,1686.10,432.81,132.59,83.15,0.85,-1,-1,-1
157,411,1681.56,366.56,98.29,71.74,0.83,-1,-1,-1
157,412,1375.58,549.00,221.97,93.01,0.89,-1,-1,-1
157,413,212.67,416.23,116.93,82.64,0.75,-1,-1,-1
157,414,143.24,905.37,191.52,217.31,0.83,-1,-1,-1
157,416,1609.74,352.14,97.85,70.21,0.82,-1,-1,-1
157,423,159.60,359.90,79.67,73.79,0.81,-1,-1,-1
157,451,1195.47,305.65,118.01,61.06,0.56,-1,-1,-1
157,464,8.19,661.76,159.24,152.31,0.86,-1,-1,-1
157,474,2127.87,275.99,78.03,53.43,0.78,-1,-1,-1
157,503,0.35,527.55,205.44,99.24,0.87,-1,-1,-1
157,505,1090.58,774.22,50.60,91.24,0.57,-1,-1,-1
157,425,915.12,743.87,83.99,89.62,0.34,-1,-1,-1
157,516,1718.59,907.30,55.65,99.18,0.50,-1,-1,-1
157,532,1823.39,791.76,48.80,95.87,0.49,-1,-1,-1
157,536,1660.91,893.28,53.71,105.58,0.40,-1,-1,-1
157,542,1229.48,1008.12,66.78,102.27,0.57,-1,-1,-1
157,564,1167.03,789.17,56.13,87.23,0.48,-1,-1,-1
157,580,593.23,1109.22,119.65,136.69,0.71,-1,-1,-1
157,592,1502.61,1156.98,86.24,138.00,0.55,-1,-1,-1
157,593,1826.14,988.91,56.98,127.86,0.63,-1,-1,-1
157,442,292.24,612.11,54.66,75.16,0.28,-1,-1,-1
157,453,2028.37,799.26,53.70,126.99,0.64,-1,-1,-1
157,486,2113.63,872.04,54.30,114.62,0.71,-1,-1,-1
157,600,1687.05,318.97,85.67,56.46,0.41,-1,-1,-1
157,602,73.63,1117.64,67.83,110.11,0.42,-1,-1,-1
157,533,1688.55,980.23,51.58,122.36,0.41,-1,-1,-1
157,610,1425.71,1074.96,54.63,113.51,0.58,-1,-1,-1
157,466,231.34,1112.28,87.47,97.75,0.78,-1,-1,-1
157,435,1756.55,323.67,88.54,70.85,0.81,-1,-1,-1
157,623,1898.12,513.06,50.15,46.56,0.56,-1,-1,-1
157,628,1419.79,1102.80,55.17,117.25,0.32,-1,-1,-1
157,630,1171.11,775.00,49.78,87.84,0.52,-1,-1,-1
157,419,53.45,1158.53,102.65,111.48,0.71,-1,-1,-1
157,635,2080.81,1078.13,48.29,112.60,0.37,-1,-1,-1
157,636,1209.32,1335.16,105.76,139.28,0.73,-1,-1,-1
157,637,2130.12,542.26,39.59,80.79,0.67,-1,-1,-1
157,638,1838.45,314.63,54.39,46.67,0.52,-1,-1,-1
157,605,1514.65,1142.13,69.16,120.77,0.50,-1,-1,-1
157,434,298.03,608.03,42.45,72.95,0.51,-1,-1,-1
157,642,21.68,434.69,42.27,60.19,0.58,-1,-1,-1
157,643,947.03,552.37,64.93,65.47,0.53,-1,-1,-1
157,644,1879.91,290.69,50.75,41.04,0.52,-1,-1,-1
157,646,386.29,317.18,26.19,60.42,0.64,-1,-1,-1
157,647,102.35,461.07,33.32,55.89,0.55,-1,-1,-1
157,648,1225.93,1306.70,75.80,135.65,0.71,-1,-1,-1
157,649,231.26,1087.41,66.13,113.01,0.47,-1,-1,-1
157,410,2066.90,225.31,47.94,38.34,0.63,-1,-1,-1
157,403,1946.98,290.98,84.61,58.84,0.73,-1,-1,-1
157,650,1760.95,284.39,78.45,41.42,0.61,-1,-1,-1
157,651,820.49,630.33,44.27,77.00,0.45,-1,-1,-1
157,653,1593.23,337.14,23.84,46.77,0.54,-1,-1,-1
158,123,234.20,684.68,218.66,140.08,0.90,-1,-1,-1
158,400,368.61,798.50,291.18,181.07,0.92,-1,-1,-1
158,402,1992.51,250.63,68.54,50.66,0.73,-1,-1,-1
158,404,643.95,702.50,310.08,155.60,0.87,-1,-1,-1
158,409,1694.42,428.57,130.73,82.46,0.85,-1,-1,-1
158,411,1681.86,367.70,97.47,71.20,0.80,-1,-1,-1
158,412,1392.16,547.21,216.17,91.15,0.89,-1,-1,-1
158,413,211.15,418.06,119.90,85.41,0.84,-1,-1,-1
158,414,144.21,907.59,194.41,217.33,0.83,-1,-1,-1
158,416,1609.75,352.97,97.36,69.81,0.83,-1,-1,-1
158,423,159.52,360.55,79.30,73.05,0.81,-1,-1,-1
158,451,1196.10,307.23,114.86,59.13,0.51,-1,-1,-1
158,464,9.25,665.77,157.74,151.93,0.87,-1,-1,-1
158,474,2128.55,276.81,76.67,52.84,0.76,-1,-1,-1
158,503,4.34,527.88,202.74,97.62,0.87,-1,-1,-1
158,505,1089.25,771.99,50.44,90.85,0.61,-1,-1,-1
158,425,915.83,740.66,85.79,91.74,0.43,-1,-1,-1
158,516,1720.46,901.58,57.52,102.50,0.39,-1,-1,-1
158,532,1825.86,787.40,48.01,94.67,0.48,-1,-1,-1
158,536,1664.58,888.64,54.29,107.62,0.49,-1,-1,-1
158,542,1225.16,983.88,66.07,102.89,0.57,-1,-1,-1
158,564,1163.59,784.46,56.29,89.34,0.54,-1,-1,-1
158,580,607.63,1120.25,118.86,135.18,0.67,-1,-1,-1
158,592,1502.60,1156.34,82.50,133.93,0.70,-1,-1,-1
158,593,1826.46,993.06,54.46,121.02,0.60,-1,-1,-1
158,442,292.84,615.79,51.01,71.59,0.25,-1,-1,-1
158,453,2027.92,799.82,53.64,126.88,0.72,-1,-1,-1
158,486,2112.42,873.99,54.17,114.99,0.73,-1,-1,-1
158,600,1688.24,317.79,84.50,56.03,0.74,-1,-1,-1
158,602,48.85,1125.83,73.45,117.99,0.40,-1,-1,-1
158,533,1686.04,982.71,52.71,127.12,0.30,-1,-1,-1
158,610,1429.70,1066.95,53.24,110.69,0.66,-1,-1,-1
158,466,220.48,1112.64,88.83,94.56,0.81,-1,-1,-1
158,435,1756.02,323.89,88.76,71.05,0.80,-1,-1,-1
158,623,1902.94,511.81,50.91,47.70,0.64,-1,-1,-1
158,628,1425.69,1093.30,54.53,116.61,0.32,-1,-1,-1
158,630,1169.15,772.66,49.99,89.00,0.48,-1,-1,-1
158,419,47.02,1157.46,108.74,115.76,0.74,-1,-1,-1
158,635,2080.99,1080.30,47.47,110.82,0.25,-1,-1,-1
158,636,1224.93,1323.44,105.53,138.45,0.76,-1,-1,-1
158,637,2129.37,542.74,39.30,80.57,0.63,-1,-1,-1
158,638,1837.39,313.85,55.65,47.78,0.51,-1,-1,-1
158,605,1513.46,1142.90,67.10,117.89,0.53,-1,-1,-1
158,434,297.49,609.35,39.40,67.61,0.55,-1,-1,-1
158,642,21.64,434.79,42.46,60.41,0.52,-1,-1,-1
158,643,946.07,546.40,67.49,69.26,0.55,-1,-1,-1
158,644,1882.10,293.68,47.37,38.35,0.53,-1,-1,-1
158,646,386.08,318.15,26.05,59.77,0.64,-1,-1,-1
158,647,101.78,462.28,34.15,56.99,0.60,-1,-1,-1
158,648,1241.67,1295.76,77.53,138.57,0.64,-1,-1,-1
158,649,222.39,1086.25,67.57,115.77,0.54,-1,-1,-1
158,410,2066.65,221.83,50.50,40.67,0.59,-1,-1,-1
158,403,1948.25,287.72,85.53,60.33,0.72,-1,-1,-1
158,650,1758.99,285.24,82.25,43.53,0.61,-1,-1,-1
158,651,814.13,629.05,46.02,80.17,0.50,-1,-1,-1
158,653,1592.12,338.22,24.07,47.27,0.55,-1,-1,-1
158,655,1035.86,578.97,43.98,86.86,0.57,-1,-1,-1
159,123,232.67,684.19,220.66,141.55,0.89,-1,-1,-1
159,400,369.33,799.29,290.38,180.58,0.93,-1,-1,-1
159,402,1994.02,249.66,67.32,50.34,0.72,-1,-1,-1
159,404,644.33,703.58,310.56,155.69,0.88,-1,-1,-1
159,409,1702.23,426.47,128.29,81.25,0.86,-1,-1,-1
159,411,1681.99,368.25,96.73,70.73,0.79,-1,-1,-1
159,412,1403.28,543.55,218.59,93.15,0.88,-1,-1,-1
159,413,213.89,418.38,121.25,87.86,0.85,-1,-1,-1
159,414,145.11,910.42,197.68,217.58,0.87,-1,-1,-1
159,416,1609.42,353.67,97.40,69.87,0.81,-1,-1,-1
159,423,158.55,360.75,81.05,74.72,0.79,-1,-1,-1
159,451,1196.51,307.68,115.40,59.10,0.53,-1,-1,-1
159,464,9.00,669.44,156.85,151.85,0.88,-1,-1,-1
159,474,2129.35,277.37,75.56,52.36,0.79,-1,-1,-1
159,503,6.59,529.42,203.67,97.95,0.87,-1,-1,-1
159,505,1088.00,770.07,50.60,91.16,0.60,-1,-1,-1
159,425,917.87,737.84,85.23,91.62,0.48,-1,-1,-1
159,516,1727.62,901.74,57.07,100.43,0.54,-1,-1,-1
159,532,1828.90,782.26,47.25,94.17,0.52,-1,-1,-1
159,536,1668.50,886.49,54.82,109.00,0.52,-1,-1,-1
159,542,1221.47,971.53,61.64,97.24,0.55,-1,-1,-1
159,564,1162.42,784.68,54.04,87.26,0.44,-1,-1,-1
159,580,618.83,1124.07,123.79,140.49,0.66,-1,-1,-1
159,592,1502.47,1142.64,76.62,126.87,0.45,-1,-1,-1
159,593,1822.98,996.32,56.28,125.34,0.60,-1,-1,-1
159,442,295.54,628.02,43.86,61.20,0.42,-1,-1,-1
159,453,2027.54,800.20,53.20,126.00,0.70,-1,-1,-1
159,486,2110.62,878.09,55.56,118.97,0.72,-1,-1,-1
159,600,1688.69,317.61,83.47,55.67,0.74,-1,-1,-1
159,602,37.81,1131.63,74.10,118.88,0.45,-1,-1,-1
159,533,1689.01,986.72,49.80,121.23,0.34,-1,-1,-1
159,610,1435.22,1058.02,54.20,113.01,0.53,-1,-1,-1
159,466,209.91,1116.13,89.26,90.76,0.78,-1,-1,-1
159,435,1755.15,324.08,89.61,71.84,0.76,-1,-1,-1
159,623,1905.94,509.10,53.01,50.45,0.43,-1,-1,-1
159,628,1431.33,1076.76,55.26,118.87,0.56,-1,-1,-1
159,630,1165.51,771.13,49.32,88.51,0.57,-1,-1,-1
159,419,41.57,1154.90,112.13,117.30,0.79,-1,-1,-1
159,635,2082.26,1086.68,44.28,103.77,0.11,-1,-1,-1
159,636,1237.48,1315.77,105.21,136.72,0.84,-1,-1,-1
159,637,2128.70,543.00,39.61,81.63,0.66,-1,-1,-1
159,638,1837.21,314.30,55.50,47.62,0.59,-1,-1,-1
159,605,1507.11,1144.11,73.63,132.13,0.58,-1,-1,-1
159,434,295.04,611.39,40.12,69.00,0.60,-1,-1,-1
159,642,21.25,436.04,42.83,60.57,0.55,-1,-1,-1
159,643,946.08,544.95,67.79,71.03,0.56,-1,-1,-1
159,644,1882.60,294.96,46.52,37.75,0.51,-1,-1,-1
159,646,385.47,318.03,26.96,61.52,0.62,-1,-1,-1
159,647,100.91,463.41,34.65,57.61,0.58,-1,-1,-1
159,648,1256.79,1287.99,76.80,136.79,0.63,-1,-1,-1
159,649,216.91,1089.84,64.19,109.88,0.55,-1,-1,-1
159,410,2067.87,221.55,50.26,40.35,0.54,-1,-1,-1
159,403,1951.33,286.38,84.01,59.94,0.79,-1,-1,-1
159,650,1756.62,285.88,87.97,46.87,0.54,-1,-1,-1
159,651,810.17,627.58,46.25,80.83,0.58,-1,-1,-1
159,653,1589.24,339.54,24.60,48.33,0.49,-1,-1,-1
159,655,1039.56,582.25,39.74,78.51,0.54,-1,-1,-1
159,590,0.00,941.73,48.40,127.22,0.56,-1,-1,-1
159,568,2135.37,178.10,55.13,40.33,0.53,-1,-1,-1
160,123,231.21,683.10,222.45,142.89,0.88,-1,-1,-1
160,400,369.31,799.86,290.36,180.57,0.93,-1,-1,-1
160,402,1996.47,249.83,65.37,49.56,0.65,-1,-1,-1
160,404,644.33,705.99,307.74,154.37,0.88,-1,-1,-1
160,409,1709.95,424.01,126.46,80.52,0.85,-1,-1,-1
160,411,1681.89,368.41,96.62,70.72,0.79,-1,-1,-1
160,412,1419.61,541.73,211.03,90.34,0.88,-1,-1,-1
160,413,209.65,418.15,122.84,89.41,0.87,-1,-1,-1
160,414,147.36,913.34,198.48,214.61,0.85,-1,-1,-1
160,416,1609.55,354.07,97.47,69.89,0.82,-1,-1,-1
160,423,160.55,361.49,79.83,73.41,0.78,-1,-1,-1
160,451,1195.77,306.93,118.74,60.64,0.61,-1,-1,-1
160,464,9.17,672.33,156.79,152.90,0.88,-1,-1,-1
160,474,2129.64,277.64,75.45,52.62,0.77,-1,-1,-1
160,503,10.28,529.86,202.75,97.42,0.87,-1,-1,-1
160,505,1084.46,768.14,50.48,91.13,0.62,-1,-1,-1
160,425,920.12,736.34,84.56,91.87,0.42,-1,-1,-1
160,516,1733.41,900.96,58.01,100.61,0.53,-1,-1,-1
160,532,1832.13,777.60,46.97,93.79,0.48,-1,-1,-1
160,536,1671.99,883.72,53.97,107.36,0.61,-1,-1,-1
160,542,1217.93,960.96,60.45,97.02,0.55,-1,-1,-1
160,564,1163.29,788.10,49.35,80.46,0.34,-1,-1,-1
160,580,630.64,1130.51,127.84,144.92,0.24,-1,-1,-1
160,592,1503.36,1139.54,70.61,118.93,0.59,-1,-1,-1
160,593,1820.10,1000.17,56.15,125.10,0.68,-1,-1,-1
160,442,297.35,635.37,39.40,53.91,0.52,-1,-1,-1
160,453,2027.62,800.18,53.21,125.94,0.70,-1,-1,-1
160,486,2109.70,881.08,56.48,122.05,0.72,-1,-1,-1
160,600,1688.53,317.87,83.66,56.10,0.70,-1,-1,-1
160,533,1696.82,972.89,50.88,122.18,0.66,-1,-1,-1
160,610,1439.99,1048.10,55.53,117.38,0.53,-1,-1,-1
160,466,197.97,1120.54,88.26,84.85,0.82,-1,-1,-1
160,435,1755.08,324.33,89.82,72.15,0.78,-1,-1,-1
160,623,1909.89,507.67,52.01,50.36,0.32,-1,-1,-1
160,628,1435.67,1065.73,55.61,119.74,0.57,-1,-1,-1
160,630,1162.77,768.01,47.61,86.02,0.60,-1,-1,-1
160,419,35.47,1151.54,114.78,119.13,0.78,-1,-1,-1
160,635,2081.80,1086.32,44.78,105.01,0.19,-1,-1,-1
160,636,1252.13,1302.17,104.97,134.91,0.87,-1,-1,-1
160,637,2128.67,543.46,39.42,81.77,0.61,-1,-1,-1
160,638,1837.94,316.69,53.47,45.70,0.60,-1,-1,-1
160,605,1507.42,1151.38,70.33,128.34,0.61,-1,-1,-1
160,434,293.31,613.31,40.23,69.37,0.58,-1,-1,-1
160,642,22.27,438.46,42.77,60.11,0.54,-1,-1,-1
160,643,946.09,545.12,67.67,72.59,0.57,-1,-1,-1
160,644,1882.34,295.46,46.09,37.58,0.53,-1,-1,-1
160,646,385.24,317.76,27.41,62.12,0.60,-1,-1,-1
160,647,99.93,463.99,35.14,58.22,0.51,-1,-1,-1
160,648,1262.45,1273.55,81.96,145.49,0.71,-1,-1,-1
160,649,203.48,1088.05,64.79,110.67,0.52,-1,-1,-1
160,410,2069.37,223.15,47.57,37.87,0.52,-1,-1,-1
160,403,1953.48,285.03,82.43,59.54,0.78,-1,-1,-1
160,650,1755.00,286.54,90.30,48.54,0.59,-1,-1,-1
160,651,811.51,649.36,37.03,62.34,0.58,-1,-1,-1
160,653,1588.13,340.86,24.08,47.32,0.53,-1,-1,-1
160,655,1043.70,583.06,39.39,77.83,0.53,-1,-1,-1
160,590,0.00,944.23,47.81,128.06,0.56,-1,-1,-1
160,568,2134.93,177.33,54.54,39.76,0.45,-1,-1,-1
161,123,229.96,681.97,224.56,144.59,0.88,-1,-1,-1
161,400,369.36,800.08,290.22,180.49,0.93,-1,-1,-1
161,402,1999.87,249.12,63.03,48.27,0.69,-1,-1,-1
161,404,644.72,707.81,304.43,152.77,0.88,-1,-1,-1
161,409,1714.33,419.18,128.58,82.70,0.83,-1,-1,-1
161,411,1681.60,368.57,96.78,70.86,0.80,-1,-1,-1
161,412,1432.29,538.97,209.66,90.53,0.89,-1,-1,-1
161,413,209.20,417.92,122.72,89.79,0.86,-1,-1,-1
161,414,149.61,915.90,201.18,213.74,0.86,-1,-1,-1
161,416,1609.21,354.20,97.64,70.09,0.82,-1,-1,-1
161,423,159.80,361.43,81.08,74.56,0.79,-1,-1,-1
161,451,1194.86,306.28,121.26,61.70,0.46,-1,-1,-1
161,464,10.00,676.32,155.50,152.52,0.88,-1,-1,-1
161,474,2129.90,277.68,75.06,52.75,0.81,-1,-1,-1
161,503,13.37,530.84,201.56,96.73,0.87,-1,-1,-1
161,505,1079.58,765.27,51.64,93.42,0.53,-1,-1,-1
161,425,921.99,735.16,83.86,91.79,0.40,-1,-1,-1
161,516,1736.87,895.01,61.29,105.97,0.53,-1,-1,-1
161,532,1835.36,772.30,43.19,85.33,0.49,-1,-1,-1
161,536,1674.41,881.37,54.03,107.44,0.64,-1,-1,-1
161,542,1213.05,953.96,57.61,92.45,0.51,-1,-1,-1
161,564,1161.91,785.90,48.23,79.14,0.40,-1,-1,-1
161,580,648.22,1142.50,125.37,141.65,0.58,-1,-1,-1
161,592,1502.90,1134.36,68.35,117.26,0.74,-1,-1,-1
161,593,1816.67,1001.53,56.07,126.13,0.67,-1,-1,-1
161,442,294.21,633.66,41.47,56.43,0.45,-1,-1,-1
161,453,2028.20,800.83,53.14,125.74,0.69,-1,-1,-1
161,486,2109.03,883.93,56.77,123.50,0.75,-1,-1,-1
161,600,1689.10,317.32,83.74,56.54,0.73,-1,-1,-1
161,533,1702.79,965.43,47.33,112.40,0.64,-1,-1,-1
161,610,1448.00,1038.47,50.85,105.71,0.53,-1,-1,-1
161,466,179.23,1110.85,100.48,94.34,0.80,-1,-1,-1
161,435,1754.97,324.50,89.93,72.38,0.79,-1,-1,-1
161,623,1915.31,506.27,50.99,49.97,0.42,-1,-1,-1
161,628,1441.59,1055.59,56.12,120.06,0.50,-1,-1,-1
161,630,1161.13,764.82,46.43,84.51,0.66,-1,-1,-1
161,419,30.30,1154.75,113.94,118.31,0.64,-1,-1,-1
161,635,2081.77,1087.20,44.79,105.05,0.26,-1,-1,-1
161,636,1267.56,1296.32,102.54,129.45,0.89,-1,-1,-1
161,637,2128.61,544.13,39.32,82.11,0.58,-1,-1,-1
161,638,1835.33,312.33,58.16,50.02,0.63,-1,-1,-1
161,605,1503.31,1144.58,71.84,133.49,0.50,-1,-1,-1
161,434,291.69,616.96,39.53,68.28,0.59,-1,-1,-1
161,642,24.10,441.41,42.07,58.50,0.56,-1,-1,-1
161,643,945.39,545.78,67.75,74.47,0.55,-1,-1,-1
161,644,1881.31,295.38,46.28,38.00,0.46,-1,-1,-1
161,646,385.33,317.80,26.36,59.15,0.59,-1,-1,-1
161,647,96.33,456.51,35.62,59.26,0.54,-1,-1,-1
161,648,1280.74,1263.29,79.71,141.66,0.75,-1,-1,-1
161,649,192.59,1087.84,65.45,112.96,0.48,-1,-1,-1
161,410,2069.24,219.77,49.90,39.68,0.42,-1,-1,-1
161,403,1955.52,282.49,81.72,59.79,0.75,-1,-1,-1
161,650,1754.03,286.70,90.84,49.26,0.61,-1,-1,-1
161,651,810.12,657.66,34.14,55.25,0.60,-1,-1,-1
161,653,1586.18,340.61,24.20,47.65,0.57,-1,-1,-1
161,655,1047.73,584.20,38.54,75.82,0.59,-1,-1,-1
161,590,0.00,946.05,47.14,124.35,0.52,-1,-1,-1
161,568,2135.82,175.45,55.77,40.79,0.58,-1,-1,-1
161,656,1217.76,973.20,59.12,104.60,0.65,-1,-1,-1
162,123,232.19,681.70,224.02,144.64,0.88,-1,-1,-1
162,400,369.78,800.55,289.98,180.33,0.93,-1,-1,-1
162,402,2002.45,247.30,62.16,48.00,0.74,-1,-1,-1
162,404,643.02,708.59,302.20,152.01,0.90,-1,-1,-1
162,409,1721.86,414.49,127.65,82.89,0.83,-1,-1,-1
162,411,1681.53,368.65,96.78,70.95,0.80,-1,-1,-1
162,412,1445.59,536.71,206.63,89.79,0.90,-1,-1,-1
162,413,209.37,418.00,122.16,89.81,0.86,-1,-1,-1
162,414,152.15,918.83,204.48,213.25,0.84,-1,-1,-1
162,416,1608.88,354.44,97.82,70.26,0.81,-1,-1,-1
162,423,161.65,362.49,79.36,72.83,0.80,-1,-1,-1
162,451,1194.08,306.51,123.58,62.65,0.51,-1,-1,-1
162,464,9.36,678.43,156.19,154.29,0.89,-1,-1,-1
162,474,2129.92,277.74,74.60,52.78,0.80,-1,-1,-1
162,503,14.77,531.77,202.27,97.00,0.88,-1,-1,-1
162,505,1076.63,762.08,52.19,94.77,0.54,-1,-1,-1
162,425,923.86,734.36,82.81,91.30,0.41,-1,-1,-1
162,516,1740.84,895.73,61.76,105.60,0.59,-1,-1,-1
162,532,1837.36,768.21,42.08,82.19,0.56,-1,-1,-1
162,536,1676.71,877.53,54.43,108.99,0.52,-1,-1,-1
162,542,1208.17,945.25,59.97,97.39,0.52,-1,-1,-1
162,564,1159.90,782.86,47.79,79.37,0.46,-1,-1,-1
162,580,666.84,1155.03,123.23,138.80,0.74,-1,-1,-1
162,592,1499.72,1125.14,69.66,122.33,0.67,-1,-1,-1
162,593,1813.86,1005.67,56.31,127.48,0.72,-1,-1,-1
162,442,287.73,628.71,46.75,63.82,0.30,-1,-1,-1
162,453,2028.67,801.81,52.93,125.13,0.73,-1,-1,-1
162,486,2108.29,886.49,56.34,123.46,0.76,-1,-1,-1
162,600,1689.38,317.32,83.31,56.56,0.72,-1,-1,-1
162,533,1706.77,958.11,46.68,110.60,0.68,-1,-1,-1
162,610,1453.79,1028.44,58.00,120.65,0.42,-1,-1,-1
162,466,164.45,1106.42,107.69,99.27,0.67,-1,-1,-1
162,435,1755.76,325.11,89.36,72.08,0.81,-1,-1,-1
162,623,1918.24,499.62,53.82,53.93,0.40,-1,-1,-1
162,628,1445.86,1039.52,59.55,126.55,0.31,-1,-1,-1
162,630,1159.43,762.97,46.89,86.29,0.60,-1,-1,-1
162,419,29.59,1169.18,98.68,101.38,0.50,-1,-1,-1
162,635,2082.33,1089.89,43.37,102.18,0.25,-1,-1,-1
162,636,1280.23,1290.59,103.24,127.97,0.82,-1,-1,-1
162,637,2129.13,546.03,38.48,80.73,0.48,-1,-1,-1
162,638,1836.91,315.65,54.71,46.80,0.59,-1,-1,-1
162,605,1501.27,1142.17,70.30,132.42,0.54,-1,-1,-1
162,434,289.71,619.39,40.18,68.94,0.53,-1,-1,-1
162,642,25.93,443.09,41.96,57.96,0.63,-1,-1,-1
162,643,945.94,546.49,66.29,74.78,0.55,-1,-1,-1
162,644,1879.71,295.00,47.51,39.23,0.51,-1,-1,-1
162,646,384.92,318.64,27.62,61.80,0.58,-1,-1,-1
162,647,94.87,455.33,36.77,61.62,0.52,-1,-1,-1
162,648,1295.19,1256.51,77.04,137.07,0.70,-1,-1,-1
162,649,181.04,1086.56,65.38,113.74,0.45,-1,-1,-1
162,410,2070.53,214.01,55.71,43.93,0.43,-1,-1,-1
162,403,1957.99,279.58,81.51,60.27,0.76,-1,-1,-1
162,650,1754.17,286.88,90.33,49.50,0.53,-1,-1,-1
162,651,805.11,658.92,35.46,54.73,0.62,-1,-1,-1
162,653,1584.29,341.40,24.54,48.41,0.53,-1,-1,-1
162,655,1050.27,585.13,40.14,78.75,0.52,-1,-1,-1
162,590,0.00,948.29,49.07,126.68,0.62,-1,-1,-1
162,568,2136.99,174.29,55.23,40.51,0.63,-1,-1,-1
162,656,1215.71,969.51,56.31,99.66,0.59,-1,-1,-1
163,123,233.37,682.32,223.02,144.29,0.88,-1,-1,-1
163,400,370.18,800.72,289.79,180.22,0.93,-1,-1,-1
163,402,2004.51,245.58,62.29,48.62,0.74,-1,-1,-1
163,404,639.89,708.66,301.12,152.23,0.90,-1,-1,-1
163,409,1729.73,410.23,126.86,83.13,0.83,-1,-1,-1
163,411,1681.92,368.71,97.05,71.15,0.81,-1,-1,-1
163,412,1459.06,533.24,205.86,90.21,0.89,-1,-1,-1
163,413,211.47,418.40,120.51,89.22,0.86,-1,-1,-1
163,414,154.01,921.54,208.59,213.55,0.84,-1,-1,-1
163,416,1608.99,354.72,98.09,70.39,0.81,-1,-1,-1
163,423,163.06,363.63,78.28,71.60,0.80,-1,-1,-1
163,451,1193.48,308.11,121.59,61.46,0.54,-1,-1,-1
163,464,8.76,680.73,156.72,155.82,0.88,-1,-1,-1
163,474,2129.81,277.78,74.71,53.21,0.81,-1,-1,-1
163,503,17.24,533.24,201.55,96.60,0.87,-1,-1,-1
163,505,1074.64,759.78,51.53,93.67,0.54,-1,-1,-1
163,425,924.70,730.44,84.74,94.94,0.44,-1,-1,-1
163,516,1745.21,888.08,63.22,109.19,0.38,-1,-1,-1
163,532,1838.40,762.96,43.92,84.89,0.59,-1,-1,-1
163,536,1681.39,879.57,51.93,103.47,0.51,-1,-1,-1
163,542,1203.73,936.83,58.15,95.20,0.55,-1,-1,-1
163,564,1158.19,780.76,47.06,78.97,0.48,-1,-1,-1
163,580,679.95,1161.02,126.83,142.79,0.56,-1,-1,-1
163,592,1494.69,1117.70,74.24,133.67,0.68,-1,-1,-1
163,593,1811.10,1011.14,58.34,132.88,0.72,-1,-1,-1
163,442,284.26,628.85,47.65,64.95,0.30,-1,-1,-1
163,453,2029.39,802.13,52.81,124.85,0.72,-1,-1,-1
163,486,2108.28,888.98,55.95,123.09,0.76,-1,-1,-1
163,600,1689.99,317.64,82.23,55.97,0.69,-1,-1,-1
163,533,1709.35,951.91,47.47,112.34,0.60,-1,-1,-1
163,610,1463.36,1021.06,54.81,113.62,0.51,-1,-1,-1
163,466,154.27,1112.20,105.57,94.49,0.85,-1,-1,-1
163,435,1756.25,325.42,88.90,71.88,0.82,-1,-1,-1
163,623,1923.06,498.29,52.49,53.57,0.50,-1,-1,-1
163,628,1459.08,1026.05,55.59,115.73,0.31,-1,-1,-1
163,630,1158.26,759.72,47.02,87.17,0.55,-1,-1,-1
163,419,24.38,1173.72,94.62,98.14,0.44,-1,-1,-1
163,635,2083.89,1092.85,41.82,99.03,0.37,-1,-1,-1
163,636,1294.86,1276.49,105.73,128.90,0.87,-1,-1,-1
163,637,2129.44,547.61,37.72,79.38,0.45,-1,-1,-1
163,638,1838.31,317.66,52.45,44.62,0.62,-1,-1,-1
163,605,1497.56,1131.33,72.26,138.49,0.55,-1,-1,-1
163,434,287.75,621.86,39.95,67.84,0.51,-1,-1,-1
163,642,27.66,445.44,40.96,56.30,0.61,-1,-1,-1
163,643,947.75,547.13,64.06,74.30,0.55,-1,-1,-1
163,644,1878.89,295.31,47.35,39.38,0.51,-1,-1,-1
163,646,384.78,318.27,27.91,62.21,0.59,-1,-1,-1
163,647,94.25,456.53,34.01,57.19,0.41,-1,-1,-1
163,648,1309.77,1247.71,72.75,129.53,0.59,-1,-1,-1
163,649,165.70,1078.69,70.24,123.00,0.50,-1,-1,-1
163,410,2073.29,211.17,58.65,45.37,0.49,-1,-1,-1
163,403,1961.41,278.38,79.69,59.37,0.76,-1,-1,-1
163,650,1755.86,286.97,86.83,47.99,0.52,-1,-1,-1
163,651,799.56,658.44,36.95,54.52,0.70,-1,-1,-1
163,653,1580.32,341.82,26.13,51.59,0.47,-1,-1,-1
163,655,1056.63,587.13,39.09,76.27,0.40,-1,-1,-1
163,590,0.00,947.56,51.83,133.23,0.64,-1,-1,-1
163,568,2139.63,173.46,52.95,39.03,0.37,-1,-1,-1
163,656,1212.21,964.80,53.64,94.78,0.50,-1,-1,-1
163,657,162.76,451.11,61.38,70.34,0.54,-1,-1,-1
163,501,1750.67,708.05,50.16,74.86,0.53,-1,-1,-1
164,123,234.52,683.69,221.79,143.63,0.89,-1,-1,-1
164,400,369.50,800.87,290.90,180.99,0.93,-1,-1,-1
164,402,2007.47,244.38,61.12,47.96,0.75,-1,-1,-1
164,404,639.05,709.27,299.34,152.04,0.90,-1,-1,-1
164,409,1734.82,406.03,126.50,83.74,0.82,-1,-1,-1
164,411,1680.88,368.26,97.98,72.08,0.82,-1,-1,-1
164,412,1469.51,529.92,204.88,90.75,0.89,-1,-1,-1
164,413,211.89,418.76,120.08,89.44,0.85,-1,-1,-1
164,414,155.70,923.93,211.89,213.00,0.86,-1,-1,-1
164,416,1608.38,355.04,98.57,70.77,0.80,-1,-1,-1
164,423,162.81,363.62,79.03,72.18,0.79,-1,-1,-1
164,451,1193.90,309.36,120.30,60.56,0.54,-1,-1,-1
164,464,8.86,683.18,157.19,157.44,0.88,-1,-1,-1
164,474,2129.19,278.08,75.06,53.75,0.80,-1,-1,-1
164,503,20.58,534.82,201.60,96.53,0.87,-1,-1,-1
164,505,1072.47,758.22,50.85,92.56,0.52,-1,-1,-1
164,425,926.14,727.95,85.51,97.63,0.39,-1,-1,-1
164,516,1748.72,883.53,62.64,108.71,0.35,-1,-1,-1
164,532,1839.75,758.48,46.72,90.05,0.56,-1,-1,-1
164,536,1686.02,876.79,51.05,101.21,0.54,-1,-1,-1
164,542,1197.89,927.74,58.40,96.42,0.52,-1,-1,-1
164,564,1154.06,770.67,50.04,85.54,0.52,-1,-1,-1
164,580,697.90,1170.66,127.42,143.54,0.70,-1,-1,-1
164,592,1494.30,1114.33,70.06,128.74,0.64,-1,-1,-1
164,593,1808.92,1014.87,60.11,138.60,0.72,-1,-1,-1
164,442,280.48,631.54,48.39,65.32,0.10,-1,-1,-1
164,453,2029.84,802.50,52.69,124.36,0.72,-1,-1,-1
164,486,2108.81,892.74,54.48,119.86,0.77,-1,-1,-1
164,600,1689.80,318.42,83.70,57.12,0.45,-1,-1,-1
164,533,1710.69,946.46,49.18,116.94,0.58,-1,-1,-1
164,610,1470.83,1013.57,53.68,111.09,0.51,-1,-1,-1
164,466,139.74,1102.53,115.34,102.67,0.70,-1,-1,-1
164,435,1757.01,325.75,88.49,71.74,0.80,-1,-1,-1
164,623,1925.82,495.30,53.08,55.39,0.47,-1,-1,-1
164,628,1465.46,1020.24,59.34,122.16,0.40,-1,-1,-1
164,630,1157.01,757.44,45.55,84.83,0.43,-1,-1,-1
164,419,4.58,1155.55,119.12,128.06,0.47,-1,-1,-1
164,635,2083.34,1091.73,42.27,100.80,0.33,-1,-1,-1
164,636,1308.38,1268.17,106.46,126.72,0.90,-1,-1,-1
164,637,2128.70,547.41,38.15,80.56,0.57,-1,-1,-1
164,638,1838.81,319.24,51.31,43.31,0.52,-1,-1,-1
164,605,1498.23,1138.46,65.89,127.31,0.46,-1,-1,-1
164,434,284.01,624.12,39.09,66.11,0.55,-1,-1,-1
164,642,29.15,447.92,40.57,55.47,0.56,-1,-1,-1
164,643,951.31,548.50,59.14,70.45,0.52,-1,-1,-1
164,644,1880.12,295.74,47.44,39.64,0.49,-1,-1,-1
164,646,384.94,317.46,27.92,61.94,0.61,-1,-1,-1
164,647,93.66,459.78,33.72,56.81,0.51,-1,-1,-1
164,648,1325.34,1239.17,74.95,133.18,0.73,-1,-1,-1
164,649,157.58,1074.16,71.67,127.30,0.56,-1,-1,-1
164,410,2076.00,209.45,58.48,44.75,0.54,-1,-1,-1
164,403,1964.69,277.34,78.56,58.55,0.69,-1,-1,-1
164,650,1756.05,287.20,86.05,47.99,0.44,-1,-1,-1
164,651,792.61,654.01,40.72,58.23,0.71,-1,-1,-1
164,653,1578.41,342.14,25.10,49.31,0.48,-1,-1,-1
164,655,1060.54,588.27,38.82,75.51,0.41,-1,-1,-1
164,590,0.00,951.04,53.66,136.31,0.67,-1,-1,-1
164,568,2141.64,172.36,52.09,38.63,0.32,-1,-1,-1
164,656,1206.16,955.52,52.23,92.13,0.50,-1,-1,-1
164,657,160.13,454.10,58.95,67.43,0.53,-1,-1,-1
164,501,1755.21,703.91,47.74,71.96,0.53,-1,-1,-1
165,123,235.05,684.70,221.05,143.24,0.88,-1,-1,-1
165,400,369.61,801.72,290.13,180.55,0.94,-1,-1,-1
165,402,2010.39,243.58,58.72,46.11,0.75,-1,-1,-1
165,404,639.59,709.27,298.67,152.24,0.91,-1,-1,-1
165,409,1741.52,401.93,123.65,82.54,0.82,-1,-1,-1
165,411,1680.46,368.72,97.21,71.80,0.83,-1,-1,-1
165,412,1481.98,527.65,200.30,89.32,0.91,-1,-1,-1
165,413,212.07,419.60,118.52,88.40,0.84,-1,-1,-1
165,414,158.44,926.57,213.74,210.99,0.86,-1,-1,-1
165,416,1607.70,355.11,98.50,70.81,0.82,-1,-1,-1
165,423,162.71,364.49,79.05,71.79,0.77,-1,-1,-1
165,451,1194.28,310.79,118.80,59.51,0.54,-1,-1,-1
165,464,8.93,685.76,157.23,158.59,0.87,-1,-1,-1
165,474,2129.44,279.28,73.73,52.95,0.79,-1,-1,-1
165,503,22.53,535.33,205.46,98.47,0.90,-1,-1,-1
165,505,1071.24,755.55,50.65,92.79,0.55,-1,-1,-1
165,425,927.48,726.18,85.04,98.91,0.19,-1,-1,-1
165,516,1756.40,887.79,58.76,100.81,0.57,-1,-1,-1
165,532,1840.23,753.54,50.43,98.20,0.60,-1,-1,-1
165,536,1687.15,874.97,50.32,100.24,0.49,-1,-1,-1
165,542,1194.91,922.01,55.51,91.51,0.57,-1,-1,-1
165,564,1149.39,763.45,52.65,91.52,0.46,-1,-1,-1
165,580,713.26,1179.64,129.49,145.37,0.46,-1,-1,-1
165,592,1494.60,1115.81,64.36,119.34,0.60,-1,-1,-1
165,593,1807.80,1018.13,60.12,140.13,0.74,-1,-1,-1
165,442,279.96,637.80,46.40,61.30,0.21,-1,-1,-1
165,453,2030.13,802.48,52.73,124.49,0.71,-1,-1,-1
165,486,2109.59,895.24,53.67,117.67,0.78,-1,-1,-1
165,600,1690.73,318.21,84.78,57.62,0.60,-1,-1,-1
165,533,1714.67,940.95,48.67,115.10,0.52,-1,-1,-1
165,610,1478.49,1004.53,50.79,103.40,0.49,-1,-1,-1
165,466,128.01,1100.79,117.66,104.26,0.68,-1,-1,-1
165,435,1757.15,326.14,87.62,71.04,0.81,-1,-1,-1
165,623,1930.67,479.87,54.41,59.15,0.62,-1,-1,-1
165,628,1473.84,1018.96,57.80,115.53,0.53,-1,-1,-1
165,630,1153.73,755.59,46.18,86.25,0.56,-1,-1,-1
165,419,0.00,1150.77,121.80,139.36,0.66,-1,-1,-1
165,635,2082.75,1091.56,42.53,102.01,0.27,-1,-1,-1
165,636,1320.82,1262.08,108.16,125.29,0.85,-1,-1,-1
165,637,2128.12,548.02,37.97,80.52,0.58,-1,-1,-1
165,638,1818.95,300.31,73.84,62.76,0.54,-1,-1,-1
165,605,1499.62,1143.36,60.68,117.47,0.45,-1,-1,-1
165,434,279.80,625.43,39.03,65.97,0.57,-1,-1,-1
165,642,29.49,449.02,41.30,56.43,0.57,-1,-1,-1
165,643,952.76,549.39,57.22,70.06,0.52,-1,-1,-1
165,644,1881.03,295.34,48.48,40.75,0.51,-1,-1,-1
165,646,385.61,318.50,26.59,58.35,0.58,-1,-1,-1
165,647,92.72,463.18,33.44,56.28,0.52,-1,-1,-1
165,648,1334.18,1229.24,76.30,136.98,0.66,-1,-1,-1
165,649,145.89,1071.01,73.44,130.23,0.60,-1,-1,-1
165,410,2079.18,208.68,56.92,42.99,0.58,-1,-1,-1
165,403,1968.17,277.01,75.47,56.36,0.76,-1,-1,-1
165,650,1756.95,287.32,85.28,47.96,0.35,-1,-1,-1
165,651,787.82,651.82,43.08,59.84,0.71,-1,-1,-1
165,653,1573.59,353.72,25.33,48.81,0.54,-1,-1,-1
165,655,1065.84,590.07,39.14,75.60,0.49,-1,-1,-1
165,590,0.00,955.13,55.74,139.03,0.68,-1,-1,-1
165,568,2144.97,170.95,50.11,37.46,0.28,-1,-1,-1
165,656,1201.08,946.07,53.50,94.45,0.53,-1,-1,-1
165,657,155.03,457.09,54.87,62.53,0.60,-1,-1,-1
165,501,1761.67,700.13,46.38,70.14,0.51,-1,-1,-1
165,659,1131.72,614.24,38.55,83.02,0.59,-1,-1,-1
165,566,1917.76,259.80,47.49,46.56,0.53,-1,-1,-1
166,123,234.63,684.87,221.78,143.82,0.89,-1,-1,-1
166,400,369.06,802.29,290.65,180.95,0.93,-1,-1,-1
166,402,2013.70,244.11,55.68,43.80,0.79,-1,-1,-1
166,404,639.81,709.52,298.28,152.57,0.92,-1,-1,-1
166,409,1749.26,399.58,120.37,80.81,0.83,-1,-1,-1
166,411,1680.54,369.27,96.27,71.27,0.84,-1,-1,-1
166,412,1493.14,523.65,202.05,91.08,0.91,-1,-1,-1
166,413,211.67,420.12,117.81,87.96,0.86,-1,-1,-1
166,414,161.30,929.46,215.95,209.16,0.85,-1,-1,-1
166,416,1606.61,355.00,99.58,71.66,0.81,-1,-1,-1
166,423,162.08,364.94,79.27,71.61,0.75,-1,-1,-1
166,451,1193.86,311.47,118.95,59.30,0.50,-1,-1,-1
166,464,8.00,689.88,155.89,157.90,0.87,-1,-1,-1
166,474,2129.26,279.43,73.62,53.11,0.80,-1,-1,-1
166,503,25.79,535.93,206.73,99.18,0.91,-1,-1,-1
166,505,1069.27,753.81,51.12,94.34,0.52,-1,-1,-1
166,425,928.46,724.76,83.18,98.28,0.51,-1,-1,-1
166,516,1764.98,887.15,54.27,91.57,0.47,-1,-1,-1
166,532,1844.11,748.86,49.65,97.41,0.54,-1,-1,-1
166,536,1689.33,870.46,50.83,101.69,0.43,-1,-1,-1
166,542,1189.57,914.17,59.53,99.50,0.57,-1,-1,-1
166,564,1150.07,773.08,46.32,79.63,0.50,-1,-1,-1
166,580,731.77,1188.55,129.75,145.95,0.62,-1,-1,-1
166,592,1491.98,1111.58,64.08,119.99,0.59,-1,-1,-1
166,593,1807.37,1022.37,58.69,138.54,0.74,-1,-1,-1
166,442,274.42,639.38,47.39,61.71,0.12,-1,-1,-1
166,453,2029.74,802.88,52.96,124.66,0.72,-1,-1,-1
166,486,2107.52,896.07,54.29,117.87,0.82,-1,-1,-1
166,600,1690.12,318.58,86.39,58.43,0.44,-1,-1,-1
166,533,1719.20,939.49,45.42,105.83,0.55,-1,-1,-1
166,610,1481.94,996.84,51.29,104.76,0.47,-1,-1,-1
166,466,121.41,1110.32,108.71,94.13,0.86,-1,-1,-1
166,435,1756.82,326.75,87.26,70.71,0.82,-1,-1,-1
166,623,1934.48,472.56,54.71,61.91,0.62,-1,-1,-1
166,628,1481.90,1012.07,59.36,116.21,0.48,-1,-1,-1
166,630,1150.43,753.54,45.58,85.24,0.59,-1,-1,-1
166,419,0.00,1150.59,112.74,131.77,0.73,-1,-1,-1
166,635,2080.82,1086.77,44.55,107.42,0.12,-1,-1,-1
166,636,1335.65,1256.74,107.50,121.60,0.84,-1,-1,-1
166,637,2127.52,547.60,38.10,81.27,0.58,-1,-1,-1
166,638,1812.72,294.39,80.71,69.07,0.47,-1,-1,-1
166,605,1492.79,1124.96,66.43,130.44,0.50,-1,-1,-1
166,434,275.61,627.23,40.36,67.55,0.57,-1,-1,-1
166,642,30.03,451.12,41.39,56.28,0.52,-1,-1,-1
166,643,953.66,550.59,54.38,68.31,0.49,-1,-1,-1
166,644,1881.50,294.94,48.91,41.34,0.47,-1,-1,-1
166,646,385.46,318.31,26.74,58.17,0.61,-1,-1,-1
166,647,93.95,478.01,32.04,52.66,0.51,-1,-1,-1
166,648,1350.56,1222.64,75.56,135.25,0.66,-1,-1,-1
166,649,136.98,1070.87,72.11,128.70,0.57,-1,-1,-1
166,410,2082.73,209.60,54.36,40.17,0.64,-1,-1,-1
166,403,1971.68,276.99,73.16,54.56,0.76,-1,-1,-1
166,650,1756.18,287.37,85.43,48.59,0.44,-1,-1,-1
166,651,783.36,653.85,43.12,57.17,0.68,-1,-1,-1
166,653,1572.69,350.26,25.36,48.60,0.50,-1,-1,-1
166,655,1069.73,591.29,39.06,75.33,0.50,-1,-1,-1
166,590,1.70,959.80,57.21,137.43,0.62,-1,-1,-1
166,568,2146.18,168.41,51.69,39.05,0.35,-1,-1,-1
166,656,1191.40,929.22,58.80,104.59,0.46,-1,-1,-1
166,657,148.77,453.03,58.80,66.85,0.49,-1,-1,-1
166,501,1768.25,692.49,47.73,72.35,0.51,-1,-1,-1
166,660,1989.00,168.41,47.59,39.94,0.70,-1,-1,-1
166,566,1914.79,258.63,48.22,47.72,0.63,-1,-1,-1
167,123,235.96,680.91,220.05,142.74,0.89,-1,-1,-1
167,400,367.56,796.53,292.67,182.37,0.93,-1,-1,-1
167,402,2015.95,238.18,56.85,45.04,0.65,-1,-1,-1
167,404,640.00,704.34,298.83,153.25,0.91,-1,-1,-1
167,409,1756.29,392.27,117.02,78.89,0.83,-1,-1,-1
167,411,1680.13,365.63,94.94,70.32,0.82,-1,-1,-1
167,412,1504.88,515.72,199.52,90.98,0.89,-1,-1,-1
167,413,209.07,416.31,117.72,87.69,0.79,-1,-1,-1
167,414,163.23,923.67,222.38,210.76,0.86,-1,-1,-1
167,416,1606.82,351.62,98.01,70.58,0.78,-1,-1,-1
167,423,158.16,360.13,83.01,75.16,0.79,-1,-1,-1
167,451,1195.11,306.81,120.57,59.98,0.42,-1,-1,-1
167,464,7.05,685.80,157.19,160.14,0.88,-1,-1,-1
167,474,2129.94,275.40,73.35,53.16,0.81,-1,-1,-1
167,503,30.66,532.84,203.49,97.60,0.89,-1,-1,-1
167,505,1066.71,746.40,50.63,93.64,0.61,-1,-1,-1
167,425,933.02,725.82,76.32,90.66,0.67,-1,-1,-1
167,516,1769.13,873.76,56.27,94.35,0.48,-1,-1,-1
167,532,1850.33,739.08,44.36,86.18,0.56,-1,-1,-1
167,536,1692.41,860.28,50.91,102.84,0.43,-1,-1,-1
167,542,1184.42,899.72,58.68,98.43,0.46,-1,-1,-1
167,564,1145.94,757.26,49.94,86.86,0.51,-1,-1,-1
167,580,747.95,1187.34,133.13,149.58,0.56,-1,-1,-1
167,592,1491.65,1105.71,61.37,115.72,0.57,-1,-1,-1
167,593,1807.72,1019.53,57.01,135.79,0.75,-1,-1,-1
167,442,273.81,641.22,44.12,54.75,0.39,-1,-1,-1
167,453,2029.84,798.29,52.95,124.15,0.70,-1,-1,-1
167,486,2106.30,894.01,53.56,114.88,0.80,-1,-1,-1
167,600,1689.55,315.47,86.65,58.30,0.57,-1,-1,-1
167,533,1723.06,929.06,46.11,106.42,0.76,-1,-1,-1
167,610,1493.45,983.09,51.94,104.50,0.39,-1,-1,-1
167,466,112.24,1095.35,115.78,101.19,0.58,-1,-1,-1
167,435,1757.10,323.23,87.34,70.93,0.79,-1,-1,-1
167,623,1939.56,464.97,52.53,61.67,0.53,-1,-1,-1
167,628,1490.63,997.42,59.68,115.42,0.38,-1,-1,-1
167,630,1147.60,745.38,45.08,84.77,0.60,-1,-1,-1
167,419,0.00,1153.90,104.45,125.53,0.54,-1,-1,-1
167,635,2078.69,1076.16,46.33,112.17,0.44,-1,-1,-1
167,636,1348.98,1239.41,111.04,122.78,0.89,-1,-1,-1
167,637,2127.24,543.19,37.39,80.01,0.68,-1,-1,-1
167,638,1824.97,301.94,67.10,57.56,0.64,-1,-1,-1
167,605,1491.69,1113.37,65.01,129.16,0.61,-1,-1,-1
167,434,272.61,624.83,39.00,64.90,0.56,-1,-1,-1
167,642,29.91,448.85,41.40,55.98,0.52,-1,-1,-1
167,643,952.28,544.58,53.91,68.69,0.43,-1,-1,-1
167,644,1875.27,281.50,56.98,48.99,0.53,-1,-1,-1
167,646,384.55,313.41,27.16,58.80,0.63,-1,-1,-1
167,647,91.65,468.77,34.33,56.55,0.51,-1,-1,-1
167,648,1364.78,1207.05,74.50,134.13,0.71,-1,-1,-1
167,649,126.05,1065.01,71.61,129.21,0.56,-1,-1,-1
167,410,2083.82,201.41,58.89,43.54,0.68,-1,-1,-1
167,403,1977.32,277.98,64.49,47.38,0.75,-1,-1,-1
167,650,1758.77,284.43,78.66,44.79,0.67,-1,-1,-1
167,651,778.05,648.63,44.55,57.27,0.68,-1,-1,-1
167,653,1571.00,344.83,27.19,52.36,0.51,-1,-1,-1
167,655,1077.07,588.14,38.76,73.48,0.43,-1,-1,-1
167,590,5.37,959.41,59.05,138.66,0.53,-1,-1,-1
167,568,2150.13,163.26,50.44,38.11,0.54,-1,-1,-1
167,656,1186.93,919.83,56.87,100.60,0.61,-1,-1,-1
167,657,143.49,444.93,58.98,66.91,0.31,-1,-1,-1
167,501,1773.42,678.12,49.28,75.51,0.54,-1,-1,-1
167,660,1989.23,164.69,47.44,39.85,0.35,-1,-1,-1
167,566,1915.89,257.75,46.21,45.25,0.37,-1,-1,-1
168,123,236.62,670.54,219.04,141.92,0.93,-1,-1,-1
168,400,367.44,784.79,290.82,181.49,0.90,-1,-1,-1
168,402,2020.97,224.21,56.47,44.80,0.61,-1,-1,-1
168,404,644.09,692.68,292.37,149.74,0.92,-1,-1,-1
168,409,1764.83,376.71,115.12,78.18,0.81,-1,-1,-1
168,411,1680.94,354.21,94.50,69.94,0.81,-1,-1,-1
168,412,1518.87,501.69,193.17,89.02,0.91,-1,-1,-1
168,413,206.71,405.33,119.15,88.17,0.85,-1,-1,-1
168,414,167.47,913.97,226.39,209.77,0.89,-1,-1,-1
168,416,1608.66,340.17,97.09,69.68,0.80,-1,-1,-1
168,423,158.20,347.85,82.94,74.91,0.78,-1,-1,-1
168,451,1200.13,299.78,111.84,54.93,0.22,-1,-1,-1
168,464,8.11,677.73,155.29,158.82,0.90,-1,-1,-1
168,474,2130.00,263.18,75.08,54.75,0.79,-1,-1,-1
168,503,30.36,522.67,211.35,102.07,0.90,-1,-1,-1
168,505,1065.27,731.97,50.22,93.36,0.58,-1,-1,-1
168,425,937.13,718.64,70.91,84.45,0.61,-1,-1,-1
168,516,1773.43,860.59,56.41,94.15,0.53,-1,-1,-1
168,532,1852.39,722.80,46.81,91.66,0.56,-1,-1,-1
168,536,1696.29,844.36,51.05,102.58,0.47,-1,-1,-1
168,542,1180.89,890.86,59.39,101.17,0.51,-1,-1,-1
168,564,1144.99,735.42,47.01,82.24,0.61,-1,-1,-1
168,580,765.62,1181.11,118.88,135.38,0.52,-1,-1,-1
168,592,1486.81,1090.34,66.32,127.11,0.52,-1,-1,-1
168,593,1807.35,1011.03,54.89,131.12,0.78,-1,-1,-1
168,453,2030.15,787.57,52.62,123.22,0.63,-1,-1,-1
168,486,2103.58,882.16,55.07,117.04,0.74,-1,-1,-1
168,600,1690.31,302.58,86.43,57.99,0.58,-1,-1,-1
168,533,1728.48,914.90,44.43,101.28,0.65,-1,-1,-1
168,610,1499.47,962.58,51.75,103.14,0.45,-1,-1,-1
168,466,99.60,1067.18,130.01,117.33,0.47,-1,-1,-1
168,435,1756.87,311.06,86.63,70.14,0.82,-1,-1,-1
168,623,1945.05,468.15,46.43,54.57,0.34,-1,-1,-1
168,628,1498.52,983.54,56.79,106.87,0.38,-1,-1,-1
168,630,1146.49,740.63,44.95,84.32,0.51,-1,-1,-1
168,419,0.00,1135.40,102.59,128.48,0.45,-1,-1,-1
168,635,2077.69,1062.20,47.32,114.37,0.50,-1,-1,-1
168,636,1362.49,1217.54,112.39,122.20,0.89,-1,-1,-1
168,637,2128.41,532.05,37.52,80.38,0.66,-1,-1,-1
168,638,1829.93,292.12,64.33,55.80,0.61,-1,-1,-1
168,434,268.60,614.38,38.78,64.21,0.54,-1,-1,-1
168,642,30.73,439.00,41.97,56.37,0.49,-1,-1,-1
168,643,951.70,549.99,51.04,63.21,0.37,-1,-1,-1
168,644,1878.74,274.83,52.58,45.16,0.52,-1,-1,-1
168,646,383.49,302.75,27.10,58.22,0.62,-1,-1,-1
168,647,89.19,458.82,36.87,60.61,0.32,-1,-1,-1
168,648,1384.74,1184.14,74.08,131.30,0.69,-1,-1,-1
168,649,118.23,1052.19,70.49,127.24,0.49,-1,-1,-1
168,410,2087.84,189.61,57.67,42.51,0.66,-1,-1,-1
168,403,1981.43,266.61,61.70,44.67,0.70,-1,-1,-1
168,650,1759.31,272.51,77.96,44.70,0.71,-1,-1,-1
168,651,772.82,635.65,45.67,56.85,0.72,-1,-1,-1
168,653,1570.32,347.75,23.83,44.36,0.60,-1,-1,-1
168,655,1080.39,576.39,40.12,75.33,0.45,-1,-1,-1
168,590,10.54,950.30,58.25,134.14,0.62,-1,-1,-1
168,657,137.25,431.00,59.03,66.67,0.46,-1,-1,-1
169,123,236.46,655.31,221.16,143.28,0.92,-1,-1,-1
169,400,369.71,771.71,289.68,180.73,0.93,-1,-1,-1
169,404,644.78,679.93,293.55,150.36,0.91,-1,-1,-1
169,409,1770.82,358.65,114.81,78.52,0.80,-1,-1,-1
169,411,1681.59,340.38,95.04,70.22,0.78,-1,-1,-1
169,412,1531.51,484.39,188.92,87.88,0.88,-1,-1,-1
169,413,205.66,391.83,118.82,87.33,0.82,-1,-1,-1
169,414,170.73,902.47,229.95,208.65,0.89,-1,-1,-1
169,416,1608.77,325.99,97.75,70.24,0.78,-1,-1,-1
169,423,157.78,333.50,81.78,73.80,0.80,-1,-1,-1
169,464,8.52,667.43,153.62,157.41,0.88,-1,-1,-1
169,474,2131.10,248.44,75.08,55.02,0.80,-1,-1,-1
169,503,35.96,508.87,207.04,99.88,0.89,-1,-1,-1
169,505,1064.72,716.05,48.05,89.63,0.57,-1,-1,-1
169,425,936.41,693.56,77.70,94.69,0.55,-1,-1,-1
169,516,1777.11,840.31,57.00,95.36,0.55,-1,-1,-1
169,532,1856.15,703.54,46.98,92.35,0.54,-1,-1,-1
169,536,1699.65,826.43,51.30,102.28,0.57,-1,-1,-1
169,542,1178.77,879.41,56.30,96.17,0.62,-1,-1,-1
169,564,1143.20,715.91,45.64,80.27,0.57,-1,-1,-1
169,580,788.94,1178.76,127.38,144.51,0.64,-1,-1,-1
169,592,1486.12,1078.89,64.27,124.38,0.54,-1,-1,-1
169,593,1807.58,1000.37,53.33,126.84,0.79,-1,-1,-1
169,453,2031.26,773.12,53.08,124.50,0.68,-1,-1,-1
169,486,2100.90,869.83,56.59,119.56,0.76,-1,-1,-1
169,533,1729.92,893.20,46.30,105.41,0.59,-1,-1,-1
169,610,1509.29,947.16,52.93,103.37,0.61,-1,-1,-1
169,466,89.46,1067.55,115.34,101.69,0.52,-1,-1,-1
169,435,1756.37,296.07,88.92,72.17,0.78,-1,-1,-1
169,623,1950.44,458.60,43.81,52.04,0.31,-1,-1,-1
169,630,1144.14,727.64,44.77,83.42,0.46,-1,-1,-1
169,635,2077.99,1049.01,47.39,114.01,0.31,-1,-1,-1
169,636,1375.04,1198.03,112.67,120.27,0.84,-1,-1,-1
169,637,2129.25,519.10,37.08,79.58,0.58,-1,-1,-1
169,434,263.91,604.35,38.95,63.79,0.54,-1,-1,-1
169,643,951.85,544.31,49.45,59.96,0.52,-1,-1,-1
169,646,381.91,289.29,26.35,55.86,0.55,-1,-1,-1
169,647,87.81,448.11,36.25,59.09,0.17,-1,-1,-1
169,648,1396.03,1162.43,75.52,134.81,0.67,-1,-1,-1
169,649,109.20,1036.41,70.92,128.25,0.63,-1,-1,-1
169,410,2092.10,174.44,57.12,41.65,0.64,-1,-1,-1
169,403,1984.85,251.05,61.34,43.87,0.68,-1,-1,-1
169,650,1759.84,257.84,79.05,45.58,0.53,-1,-1,-1
169,651,769.62,621.29,45.37,54.55,0.73,-1,-1,-1
169,655,1085.35,563.55,39.48,73.79,0.60,-1,-1,-1
169,590,15.21,940.35,58.25,132.04,0.68,-1,-1,-1
169,657,130.22,409.99,64.10,72.65,0.61,-1,-1,-1
169,501,1790.03,647.87,44.11,67.17,0.59,-1,-1,-1
170,123,237.94,641.19,220.19,142.60,0.91,-1,-1,-1
170,400,365.64,753.46,293.01,182.93,0.91,-1,-1,-1
170,404,644.94,663.06,292.67,149.58,0.92,-1,-1,-1
170,409,1777.22,339.87,113.47,77.76,0.83,-1,-1,-1
170,411,1681.46,323.25,97.13,71.94,0.80,-1,-1,-1
170,412,1541.92,465.40,187.55,88.07,0.90,-1,-1,-1
170,413,204.34,375.00,120.49,88.14,0.86,-1,-1,-1
170,414,176.99,888.51,230.96,205.02,0.89,-1,-1,-1
170,416,1609.66,309.70,96.99,69.79,0.81,-1,-1,-1
170,423,156.08,315.46,83.36,75.55,0.79,-1,-1,-1
170,464,6.19,652.74,156.12,160.43,0.88,-1,-1,-1
170,474,2132.09,230.73,76.75,56.62,0.76,-1,-1,-1
170,503,37.26,491.85,207.49,100.14,0.85,-1,-1,-1
170,505,1062.96,697.11,48.57,91.09,0.69,-1,-1,-1
170,425,937.85,672.59,77.35,96.60,0.56,-1,-1,-1
170,516,1777.88,817.52,60.36,101.11,0.49,-1,-1,-1
170,532,1861.73,683.03,45.22,88.70,0.51,-1,-1,-1
170,536,1701.49,804.19,52.29,104.63,0.41,-1,-1,-1
170,542,1176.20,862.80,52.30,89.03,0.51,-1,-1,-1
170,564,1142.10,696.50,45.65,80.76,0.52,-1,-1,-1
170,580,810.24,1175.21,129.40,145.44,0.63,-1,-1,-1
170,592,1484.77,1058.25,62.86,123.81,0.54,-1,-1,-1
170,593,1804.86,989.43,53.55,126.99,0.77,-1,-1,-1
170,453,2031.75,757.74,52.57,123.34,0.69,-1,-1,-1
170,486,2100.46,858.55,54.90,114.95,0.69,-1,-1,-1
170,533,1734.79,871.85,45.20,101.50,0.59,-1,-1,-1
170,610,1518.06,935.00,51.33,96.86,0.35,-1,-1,-1
170,466,82.50,1051.31,111.54,98.35,0.64,-1,-1,-1
170,435,1757.27,279.98,89.43,72.58,0.76,-1,-1,-1
170,630,1141.81,709.24,45.29,84.00,0.42,-1,-1,-1
170,635,2077.61,1032.44,46.91,112.91,0.26,-1,-1,-1
170,636,1387.42,1169.70,114.87,121.03,0.85,-1,-1,-1
170,637,2129.93,502.01,37.76,81.02,0.54,-1,-1,-1
170,434,259.10,591.51,38.81,63.09,0.58,-1,-1,-1
170,646,379.89,272.27,27.52,57.93,0.60,-1,-1,-1
170,647,85.32,430.57,37.92,61.89,0.58,-1,-1,-1
170,648,1407.73,1136.65,73.11,132.11,0.69,-1,-1,-1
170,649,96.83,1019.37,67.16,120.46,0.38,-1,-1,-1
170,403,1985.11,227.31,68.27,49.02,0.73,-1,-1,-1
170,650,1760.41,241.41,79.59,46.25,0.64,-1,-1,-1
170,651,765.82,603.53,46.66,54.40,0.62,-1,-1,-1
170,655,1090.01,548.65,40.67,75.84,0.54,-1,-1,-1
170,590,20.32,924.65,58.69,131.36,0.66,-1,-1,-1
170,657,124.92,390.85,65.38,74.39,0.58,-1,-1,-1
170,663,108.36,596.19,94.11,66.78,0.58,-1,-1,-1
170,664,765.08,566.36,45.96,78.99,0.57,-1,-1,-1
171,123,239.09,622.14,218.83,141.43,0.91,-1,-1,-1
171,400,368.49,735.54,292.17,182.60,0.92,-1,-1,-1
171,404,644.04,643.45,294.73,150.62,0.90,-1,-1,-1
171,409,1786.22,316.68,111.61,76.94,0.84,-1,-1,-1
171,412,1552.81,440.33,188.20,89.67,0.91,-1,-1,-1
171,413,202.29,353.50,122.42,89.61,0.81,-1,-1,-1
171,414,185.05,871.18,234.31,203.76,0.88,-1,-1,-1
171,416,1610.46,288.97,97.71,70.44,0.82,-1,-1,-1
171,423,154.06,296.96,84.11,76.15,0.74,-1,-1,-1
171,464,7.30,635.63,154.84,159.34,0.90,-1,-1,-1
171,474,2135.98,212.27,74.53,55.02,0.70,-1,-1,-1
171,503,41.39,473.87,202.21,97.33,0.88,-1,-1,-1
171,505,1062.81,674.19,48.18,91.13,0.66,-1,-1,-1
171,425,939.96,653.16,75.70,96.46,0.60,-1,-1,-1
171,516,1782.82,793.18,59.62,101.11,0.37,-1,-1,-1
171,532,1865.20,658.81,46.17,91.31,0.53,-1,-1,-1
171,536,1705.08,783.47,49.90,99.72,0.44,-1,-1,-1
171,542,1169.53,829.75,55.17,94.26,0.47,-1,-1,-1
171,564,1139.25,675.55,45.59,80.77,0.54,-1,-1,-1
171,580,830.99,1165.49,131.88,147.32,0.25,-1,-1,-1
171,592,1481.47,1034.85,61.39,121.84,0.65,-1,-1,-1
171,593,1802.13,972.72,55.72,131.45,0.79,-1,-1,-1
171,453,2032.70,737.98,52.57,123.74,0.68,-1,-1,-1
171,486,2096.81,837.77,57.14,119.64,0.68,-1,-1,-1
171,533,1736.90,848.23,48.54,108.69,0.69,-1,-1,-1
171,610,1521.26,896.10,54.72,105.35,0.54,-1,-1,-1
171,466,74.65,1026.56,114.28,101.95,0.47,-1,-1,-1
171,435,1758.33,260.29,89.17,72.41,0.84,-1,-1,-1
171,630,1138.26,685.56,47.41,88.00,0.48,-1,-1,-1
171,635,2076.12,1008.29,48.47,116.64,0.36,-1,-1,-1
171,636,1400.33,1140.32,115.57,120.84,0.87,-1,-1,-1
171,637,2130.61,481.39,37.34,80.14,0.62,-1,-1,-1
171,646,377.49,249.50,28.21,59.34,0.59,-1,-1,-1
171,647,83.83,413.22,38.72,63.28,0.62,-1,-1,-1
171,648,1424.75,1106.08,74.64,133.64,0.71,-1,-1,-1
171,649,86.96,996.11,68.30,122.16,0.59,-1,-1,-1
171,403,1987.02,200.68,74.65,54.22,0.77,-1,-1,-1
171,655,1099.01,550.88,39.33,66.03,0.56,-1,-1,-1
171,590,25.27,904.82,59.27,130.49,0.67,-1,-1,-1
171,657,120.41,370.35,65.26,74.28,0.51,-1,-1,-1
171,664,769.35,573.10,36.41,61.32,0.66,-1,-1,-1
171,573,2158.37,275.88,29.68,57.53,0.67,-1,-1,-1
171,600,1681.54,295.91,102.01,69.19,0.83,-1,-1,-1
172,123,237.91,596.39,224.56,145.54,0.90,-1,-1,-1
172,400,370.05,714.21,289.44,181.14,0.91,-1,-1,-1
172,404,648.18,623.92,290.39,148.04,0.91,-1,-1,-1
172,409,1793.56,291.09,111.40,77.36,0.82,-1,-1,-1
172,412,1563.64,414.97,186.32,89.87,0.87,-1,-1,-1
172,413,201.82,332.67,121.04,88.04,0.83,-1,-1,-1
172,414,193.09,852.25,236.11,201.06,0.84,-1,-1,-1
172,416,1610.69,267.24,97.57,70.54,0.83,-1,-1,-1
172,423,153.91,275.78,82.24,74.28,0.77,-1,-1,-1
172,464,6.88,615.79,155.84,160.99,0.89,-1,-1,-1
172,503,40.78,452.49,211.54,102.47,0.87,-1,-1,-1
172,505,1062.22,650.43,46.86,89.75,0.69,-1,-1,-1
172,425,943.51,635.48,70.98,91.82,0.22,-1,-1,-1
172,516,1790.14,764.49,55.91,95.76,0.51,-1,-1,-1
172,532,1868.96,631.96,45.62,90.32,0.58,-1,-1,-1
172,536,1709.43,757.68,50.53,101.13,0.28,-1,-1,-1
172,542,1164.24,802.78,55.44,95.55,0.41,-1,-1,-1
172,564,1136.66,651.61,47.55,84.87,0.51,-1,-1,-1
172,580,850.23,1148.84,137.50,153.05,0.76,-1,-1,-1
172,592,1484.25,1014.39,56.22,112.13,0.27,-1,-1,-1
172,593,1801.15,956.62,55.81,130.77,0.75,-1,-1,-1
172,453,2032.17,714.94,54.13,126.74,0.54,-1,-1,-1
172,486,2094.12,819.77,55.67,116.99,0.67,-1,-1,-1
172,533,1741.92,823.80,47.63,106.49,0.74,-1,-1,-1
172,610,1533.47,883.04,52.69,98.38,0.53,-1,-1,-1
172,466,63.31,1007.05,111.00,98.44,0.58,-1,-1,-1
172,630,1140.11,669.91,44.15,81.25,0.42,-1,-1,-1
172,635,2075.89,988.49,47.45,114.63,0.68,-1,-1,-1
172,636,1412.31,1106.12,119.17,124.46,0.86,-1,-1,-1
172,637,2133.17,460.77,37.22,80.00,0.59,-1,-1,-1
172,646,374.67,225.47,29.10,60.88,0.62,-1,-1,-1
172,647,80.84,392.10,39.43,64.86,0.58,-1,-1,-1
172,648,1437.31,1077.96,73.81,131.19,0.69,-1,-1,-1
172,649,80.68,972.84,66.89,120.08,0.56,-1,-1,-1
172,403,1995.30,185.63,63.92,45.50,0.66,-1,-1,-1
172,655,1105.21,539.27,39.84,61.24,0.57,-1,-1,-1
172,590,32.67,884.81,57.53,124.58,0.57,-1,-1,-1
172,657,114.30,348.14,65.36,74.58,0.77,-1,-1,-1
172,573,2159.52,260.40,29.18,57.15,0.67,-1,-1,-1
172,600,1680.91,279.93,105.43,72.22,0.83,-1,-1,-1
172,570,2145.64,181.75,65.48,55.11,0.73,-1,-1,-1
172,650,1748.46,229.25,112.27,67.24,0.73,-1,-1,-1
173,123,237.96,574.01,225.58,146.17,0.93,-1,-1,-1
173,400,370.75,691.48,290.09,182.08,0.92,-1,-1,-1
173,404,645.26,599.91,295.86,150.93,0.93,-1,-1,-1
173,409,1801.02,264.68,110.32,77.09,0.82,-1,-1,-1
173,412,1573.98,390.32,185.37,90.50,0.87,-1,-1,-1
173,413,200.11,310.03,122.85,88.90,0.86,-1,-1,-1
173,414,194.22,831.29,244.38,203.74,0.90,-1,-1,-1
173,416,1612.63,244.46,97.72,70.77,0.81,-1,-1,-1
173,423,152.61,254.09,82.49,74.54,0.76,-1,-1,-1
173,464,6.78,595.72,156.45,161.88,0.88,-1,-1,-1
173,503,43.19,431.82,208.48,101.20,0.88,-1,-1,-1
173,505,1061.87,626.17,48.31,93.71,0.60,-1,-1,-1
173,425,945.37,613.16,67.81,89.13,0.53,-1,-1,-1
173,516,1792.99,738.48,59.61,103.01,0.33,-1,-1,-1
173,532,1872.47,605.70,46.61,93.16,0.66,-1,-1,-1
173,536,1712.55,728.84,52.20,104.51,0.50,-1,-1,-1
173,542,1159.84,764.83,55.23,96.43,0.54,-1,-1,-1
173,564,1134.77,633.50,49.30,88.65,0.43,-1,-1,-1
173,580,875.02,1141.92,133.93,147.79,0.65,-1,-1,-1
173,592,1482.06,977.03,52.56,104.84,0.62,-1,-1,-1
173,593,1800.98,938.81,54.20,126.36,0.74,-1,-1,-1
173,453,2033.68,693.87,53.97,126.50,0.69,-1,-1,-1
173,486,2093.03,802.21,53.29,112.25,0.66,-1,-1,-1
173,533,1743.87,797.00,50.04,112.28,0.62,-1,-1,-1
173,610,1541.31,862.29,52.49,95.11,0.65,-1,-1,-1
173,466,48.30,981.05,112.84,98.85,0.67,-1,-1,-1
173,635,2074.99,965.50,47.45,115.25,0.11,-1,-1,-1
173,636,1423.35,1070.86,122.69,128.70,0.85,-1,-1,-1
173,637,2135.84,440.92,36.42,77.96,0.57,-1,-1,-1
173,646,371.54,201.18,29.91,62.55,0.58,-1,-1,-1
173,647,78.82,372.54,38.74,64.04,0.63,-1,-1,-1
173,648,1447.46,1046.50,74.09,132.74,0.60,-1,-1,-1
173,649,75.33,949.95,65.73,118.33,0.44,-1,-1,-1
173,590,38.94,864.58,56.97,122.00,0.40,-1,-1,-1
173,657,109.06,324.34,64.21,73.18,0.72,-1,-1,-1
173,600,1681.39,259.81,106.95,73.94,0.81,-1,-1,-1
173,673,762.78,522.10,33.66,62.64,0.76,-1,-1,-1
173,676,1011.36,1366.00,167.04,125.29,0.63,-1,-1,-1
173,650,1748.32,214.46,115.55,71.58,0.72,-1,-1,-1
173,568,2144.74,156.50,71.58,54.31,0.78,-1,-1,-1
173,660,2000.12,142.85,66.13,55.38,0.67,-1,-1,-1
174,123,237.85,552.07,226.50,146.74,0.92,-1,-1,-1
174,400,373.07,671.30,287.61,180.49,0.92,-1,-1,-1
174,404,645.35,578.53,295.64,150.93,0.91,-1,-1,-1
174,409,1810.15,239.81,107.27,75.23,0.82,-1,-1,-1
174,412,1587.13,363.71,180.39,89.26,0.90,-1,-1,-1
174,413,198.77,287.18,124.02,89.32,0.83,-1,-1,-1
174,414,196.97,812.58,249.65,203.83,0.88,-1,-1,-1
174,416,1614.41,221.78,96.13,69.61,0.77,-1,-1,-1
174,423,151.03,230.71,82.26,74.31,0.74,-1,-1,-1
174,464,7.46,575.63,156.83,162.79,0.90,-1,-1,-1
174,503,44.22,408.27,210.71,102.81,0.89,-1,-1,-1
174,505,1060.24,600.39,49.17,97.21,0.66,-1,-1,-1
174,425,946.32,586.93,69.14,92.58,0.55,-1,-1,-1
174,516,1794.25,713.86,60.87,106.64,0.32,-1,-1,-1
174,532,1877.61,579.22,45.35,91.04,0.60,-1,-1,-1
174,536,1716.53,702.98,52.14,104.61,0.60,-1,-1,-1
174,542,1155.02,738.42,56.59,99.39,0.65,-1,-1,-1
174,564,1135.28,607.30,47.62,86.49,0.52,-1,-1,-1
174,580,896.30,1128.78,136.51,149.85,0.46,-1,-1,-1
174,592,1477.73,944.05,53.93,107.91,0.54,-1,-1,-1
174,593,1801.66,920.94,52.67,122.62,0.70,-1,-1,-1
174,453,2034.78,673.92,53.12,123.76,0.72,-1,-1,-1
174,486,2093.93,778.70,55.12,116.14,0.67,-1,-1,-1
174,533,1747.46,770.03,51.35,115.95,0.62,-1,-1,-1
174,610,1546.73,833.43,53.80,96.64,0.52,-1,-1,-1
174,466,31.69,942.15,126.75,112.09,0.65,-1,-1,-1
174,635,2075.44,944.70,46.97,114.71,0.37,-1,-1,-1
174,636,1436.96,1044.23,118.77,124.52,0.88,-1,-1,-1
174,637,2137.35,416.09,37.71,80.85,0.67,-1,-1,-1
174,646,369.05,175.96,28.85,59.29,0.60,-1,-1,-1
174,647,76.69,352.77,38.13,63.21,0.63,-1,-1,-1
174,648,1462.54,1015.27,72.10,129.09,0.67,-1,-1,-1
174,590,47.00,845.64,59.95,124.41,0.53,-1,-1,-1
174,657,103.84,305.01,61.49,69.24,0.50,-1,-1,-1
174,600,1682.87,237.86,106.52,74.04,0.81,-1,-1,-1
174,676,998.76,1338.68,175.17,131.81,0.25,-1,-1,-1
174,650,1751.87,193.56,114.95,73.21,0.80,-1,-1,-1
174,568,2147.47,143.83,71.93,54.24,0.76,-1,-1,-1
174,660,2005.65,126.82,65.61,54.68,0.70,-1,-1,-1
175,123,238.47,530.09,228.07,147.98,0.91,-1,-1,-1
175,400,368.77,648.98,289.66,181.68,0.90,-1,-1,-1
175,404,646.60,556.10,293.95,150.05,0.91,-1,-1,-1
175,409,1817.88,213.01,106.36,75.01,0.80,-1,-1,-1
175,412,1597.53,336.41,178.47,89.54,0.90,-1,-1,-1
175,413,196.90,264.86,123.52,88.54,0.83,-1,-1,-1
175,414,207.06,792.35,252.04,201.98,0.89,-1,-1,-1
175,416,1615.07,198.20,97.56,70.89,0.81,-1,-1,-1
175,423,149.66,207.77,81.65,73.54,0.75,-1,-1,-1
175,464,6.98,555.80,156.81,163.11,0.85,-1,-1,-1
175,503,44.60,385.59,213.34,104.73,0.87,-1,-1,-1
175,505,1060.02,576.15,47.36,94.85,0.58,-1,-1,-1
175,425,947.33,563.33,68.71,94.20,0.58,-1,-1,-1
175,516,1797.62,687.45,61.56,108.89,0.45,-1,-1,-1
175,532,1879.69,551.64,47.21,95.84,0.55,-1,-1,-1
175,536,1721.05,678.24,51.48,102.91,0.19,-1,-1,-1
175,542,1153.42,719.09,52.65,91.49,0.59,-1,-1,-1
175,564,1134.32,581.24,47.82,87.78,0.53,-1,-1,-1
175,580,916.27,1112.01,142.56,156.61,0.83,-1,-1,-1
175,592,1474.42,912.78,54.74,110.66,0.61,-1,-1,-1
175,593,1799.00,901.64,53.56,123.80,0.68,-1,-1,-1
175,453,2034.28,650.81,54.79,127.15,0.61,-1,-1,-1
175,486,2090.90,760.83,55.43,116.52,0.66,-1,-1,-1
175,533,1752.60,744.59,49.50,111.26,0.54,-1,-1,-1
175,610,1550.06,806.73,52.39,95.92,0.32,-1,-1,-1
175,466,19.01,917.18,128.18,113.51,0.74,-1,-1,-1
175,635,2074.96,919.37,48.03,117.73,0.41,-1,-1,-1
175,636,1447.73,1013.98,118.41,124.91,0.82,-1,-1,-1
175,637,2139.80,392.75,37.34,80.22,0.66,-1,-1,-1
175,646,366.87,151.51,28.13,56.92,0.59,-1,-1,-1
175,647,75.56,332.67,36.20,59.93,0.63,-1,-1,-1
175,648,1470.21,989.93,72.61,130.43,0.51,-1,-1,-1
175,590,55.32,826.33,55.70,113.42,0.51,-1,-1,-1
175,657,96.79,278.71,64.91,73.06,0.76,-1,-1,-1
175,600,1684.26,214.35,107.23,75.06,0.83,-1,-1,-1
175,676,979.96,1310.77,183.33,138.77,0.38,-1,-1,-1
175,650,1755.48,170.78,113.36,73.87,0.74,-1,-1,-1
175,568,2150.34,123.89,71.85,53.85,0.79,-1,-1,-1
175,660,2010.12,105.20,64.87,53.77,0.68,-1,-1,-1
175,687,0.00,973.35,101.37,118.12,0.61,-1,-1,-1
175,689,745.81,485.42,56.32,58.51,0.69,-1,-1,-1
175,570,2150.29,182.95,59.70,58.11,0.60,-1,-1,-1
176,123,239.97,511.88,227.87,147.97,0.92,-1,-1,-1
176,400,371.73,632.46,288.39,181.00,0.93,-1,-1,-1
176,404,646.51,538.08,294.24,150.25,0.92,-1,-1,-1
176,409,1823.42,186.92,108.57,77.08,0.81,-1,-1,-1
176,412,1606.95,310.96,178.19,90.76,0.88,-1,-1,-1
176,413,194.92,244.46,124.83,89.22,0.82,-1,-1,-1
176,414,215.11,778.92,255.90,201.92,0.87,-1,-1,-1
176,416,1617.22,176.87,98.08,71.38,0.85,-1,-1,-1
176,423,146.24,186.48,82.67,74.11,0.72,-1,-1,-1
176,464,6.64,538.25,157.74,165.15,0.90,-1,-1,-1
176,503,47.67,368.52,209.24,102.82,0.88,-1,-1,-1
176,505,1059.44,555.28,46.20,93.07,0.54,-1,-1,-1
176,425,948.80,544.16,66.89,93.63,0.64,-1,-1,-1
176,516,1801.79,665.54,61.39,109.79,0.42,-1,-1,-1
176,532,1884.12,528.27,45.31,91.88,0.57,-1,-1,-1
176,536,1726.73,655.78,51.99,103.22,0.44,-1,-1,-1
176,542,1150.99,696.49,51.80,90.44,0.52,-1,-1,-1
176,564,1131.62,559.78,47.02,87.27,0.58,-1,-1,-1
176,580,938.52,1104.32,143.87,157.69,0.65,-1,-1,-1
176,592,1472.51,888.62,52.07,104.75,0.34,-1,-1,-1
176,593,1798.38,887.08,54.27,124.31,0.63,-1,-1,-1
176,453,2034.89,631.47,55.94,129.32,0.70,-1,-1,-1
176,486,2088.80,745.26,57.03,120.27,0.65,-1,-1,-1
176,533,1757.12,721.64,49.63,111.84,0.67,-1,-1,-1
176,610,1560.34,779.61,53.54,97.15,0.32,-1,-1,-1
176,466,14.02,897.72,125.69,112.31,0.64,-1,-1,-1
176,635,2074.68,901.49,48.44,118.18,0.33,-1,-1,-1
176,636,1456.98,984.42,121.55,130.00,0.83,-1,-1,-1
176,637,2141.63,372.44,37.60,80.84,0.66,-1,-1,-1
176,646,364.12,131.23,29.20,59.13,0.59,-1,-1,-1
176,647,73.39,315.45,35.02,57.36,0.59,-1,-1,-1
176,648,1478.42,945.52,81.71,147.93,0.59,-1,-1,-1
176,590,58.11,810.46,62.19,125.55,0.60,-1,-1,-1
176,657,91.89,254.83,65.53,73.91,0.59,-1,-1,-1
176,600,1686.86,193.48,105.96,74.70,0.84,-1,-1,-1
176,676,950.76,1297.03,182.80,138.67,0.55,-1,-1,-1
176,650,1759.22,150.37,110.63,73.56,0.80,-1,-1,-1
176,568,2152.18,103.56,72.36,53.85,0.79,-1,-1,-1
176,687,0.00,955.15,98.33,120.35,0.44,-1,-1,-1
176,689,742.30,468.58,54.71,56.69,0.65,-1,-1,-1
176,696,745.86,434.13,41.37,75.98,0.64,-1,-1,-1
177,123,240.79,501.73,227.94,148.16,0.91,-1,-1,-1
177,400,371.07,622.00,290.02,182.39,0.92,-1,-1,-1
177,404,647.60,529.90,292.20,149.03,0.93,-1,-1,-1
177,409,1830.25,173.48,106.97,76.28,0.79,-1,-1,-1
177,412,1619.03,297.84,172.14,88.85,0.90,-1,-1,-1
177,413,192.81,231.84,128.52,91.96,0.83,-1,-1,-1
177,414,219.03,773.61,260.08,201.45,0.88,-1,-1,-1
177,416,1619.68,166.18,96.83,70.16,0.84,-1,-1,-1
177,423,143.60,173.04,85.60,76.77,0.83,-1,-1,-1
177,464,7.28,531.17,156.77,164.82,0.90,-1,-1,-1
177,503,50.82,359.12,207.12,102.02,0.88,-1,-1,-1
177,505,1059.09,542.23,43.49,87.51,0.51,-1,-1,-1
177,425,946.88,527.46,68.09,97.32,0.46,-1,-1,-1
177,516,1805.65,649.83,60.21,108.60,0.47,-1,-1,-1
177,532,1886.73,513.82,45.52,92.72,0.60,-1,-1,-1
177,536,1731.27,641.64,50.13,99.32,0.44,-1,-1,-1
177,542,1146.75,684.49,49.98,86.62,0.58,-1,-1,-1
177,564,1131.66,548.35,43.06,80.51,0.64,-1,-1,-1
177,580,961.70,1104.15,145.72,159.76,0.84,-1,-1,-1
177,592,1471.16,872.57,51.13,101.61,0.60,-1,-1,-1
177,593,1797.16,881.10,55.22,125.38,0.64,-1,-1,-1
177,453,2034.75,621.52,56.35,129.47,0.64,-1,-1,-1
177,486,2087.05,738.73,56.91,120.34,0.71,-1,-1,-1
177,533,1760.09,707.42,49.80,112.82,0.61,-1,-1,-1
177,610,1568.41,742.72,52.09,95.45,0.53,-1,-1,-1
177,466,9.51,888.41,122.46,110.61,0.56,-1,-1,-1
177,635,2073.53,893.19,47.71,116.65,0.68,-1,-1,-1
177,636,1468.63,967.87,117.96,127.74,0.82,-1,-1,-1
177,637,2142.60,362.80,37.49,80.50,0.61,-1,-1,-1
177,646,362.47,121.58,29.22,58.93,0.58,-1,-1,-1
177,647,70.71,307.97,35.21,57.17,0.63,-1,-1,-1
177,648,1495.60,939.14,75.07,133.37,0.52,-1,-1,-1
177,590,61.40,802.43,63.84,128.23,0.51,-1,-1,-1
177,657,84.87,241.04,67.65,76.41,0.79,-1,-1,-1
177,600,1688.11,181.98,105.87,75.11,0.81,-1,-1,-1
177,676,935.27,1297.07,172.01,130.21,0.70,-1,-1,-1
177,650,1760.74,138.88,109.92,74.58,0.81,-1,-1,-1
177,568,2153.06,91.87,73.17,54.26,0.72,-1,-1,-1
177,689,737.07,455.04,56.98,59.04,0.58,-1,-1,-1
177,696,744.34,426.95,37.39,68.55,0.51,-1,-1,-1
177,698,2062.56,32.20,61.57,47.65,0.64,-1,-1,-1
177,699,1771.21,98.66,77.72,44.74,0.62,-1,-1,-1
177,701,834.11,475.70,55.04,61.15,0.69,-1,-1,-1
177,702,1940.32,68.79,47.30,48.67,0.51,-1,-1,-1
177,704,1266.87,461.67,78.96,61.79,0.52,-1,-1,-1
178,123,242.77,497.55,225.30,146.35,0.92,-1,-1,-1
178,400,372.50,617.48,285.13,179.44,0.91,-1,-1,-1
178,404,646.20,522.14,295.46,150.82,0.93,-1,-1,-1
178,409,1835.82,163.75,106.00,76.04,0.81,-1,-1,-1
178,412,1628.46,288.06,168.06,87.82,0.90,-1,-1,-1
178,413,192.60,226.34,127.59,91.10,0.83,-1,-1,-1
178,414,222.93,770.66,262.81,199.48,0.89,-1,-1,-1
178,416,1617.91,159.20,97.47,70.95,0.82,-1,-1,-1
178,423,143.80,167.89,84.24,75.19,0.80,-1,-1,-1
178,464,7.68,528.41,155.60,164.13,0.90,-1,-1,-1
178,503,53.16,353.97,209.47,103.84,0.88,-1,-1,-1
178,505,1058.68,534.47,41.94,84.02,0.52,-1,-1,-1
178,425,947.49,520.91,65.63,95.98,0.53,-1,-1,-1
178,516,1812.20,639.73,56.05,101.74,0.49,-1,-1,-1
178,532,1891.79,503.10,42.14,85.19,0.56,-1,-1,-1
178,536,1736.23,632.15,48.18,94.92,0.47,-1,-1,-1
178,542,1141.65,670.34,51.54,89.68,0.57,-1,-1,-1
178,564,1130.79,539.46,42.33,79.73,0.64,-1,-1,-1
178,580,985.02,1111.99,145.17,158.84,0.70,-1,-1,-1
178,592,1467.72,864.31,52.17,103.13,0.57,-1,-1,-1
178,593,1793.66,879.70,58.07,131.72,0.63,-1,-1,-1
178,453,2035.20,615.93,55.68,127.03,0.71,-1,-1,-1
178,486,2086.06,735.82,56.54,119.66,0.71,-1,-1,-1
178,533,1765.57,698.06,47.64,108.19,0.42,-1,-1,-1
178,610,1573.78,741.72,52.85,97.14,0.60,-1,-1,-1
178,635,2073.43,888.17,46.93,115.24,0.50,-1,-1,-1
178,636,1479.60,954.01,115.78,127.14,0.83,-1,-1,-1
178,637,2142.59,357.14,37.74,81.41,0.55,-1,-1,-1
178,646,360.75,113.85,31.16,62.89,0.57,-1,-1,-1
178,647,67.66,303.75,35.33,57.37,0.58,-1,-1,-1
178,648,1501.52,930.58,74.64,130.94,0.62,-1,-1,-1
178,590,71.36,798.07,65.02,129.43,0.60,-1,-1,-1
178,657,78.59,234.51,67.81,76.24,0.76,-1,-1,-1
178,600,1688.41,175.07,106.18,75.81,0.78,-1,-1,-1
178,676,915.01,1288.72,172.88,130.93,0.71,-1,-1,-1
178,650,1762.66,131.97,107.72,74.55,0.77,-1,-1,-1
178,568,2153.92,84.83,73.66,54.51,0.72,-1,-1,-1
178,689,732.46,448.01,57.30,59.49,0.70,-1,-1,-1
178,696,739.63,418.88,37.16,68.11,0.61,-1,-1,-1
178,698,2066.32,27.78,59.28,45.83,0.68,-1,-1,-1
178,699,1770.81,93.98,79.55,45.86,0.64,-1,-1,-1
178,701,832.95,472.81,52.71,58.55,0.47,-1,-1,-1
178,702,1934.89,60.72,50.90,52.40,0.48,-1,-1,-1
178,704,1275.21,453.86,83.51,65.31,0.44,-1,-1,-1
178,660,2024.77,77.65,50.60,40.63,0.66,-1,-1,-1
179,123,244.25,495.08,223.67,145.22,0.91,-1,-1,-1
179,400,371.16,613.28,285.53,179.98,0.91,-1,-1,-1
179,404,645.00,516.87,297.77,152.23,0.94,-1,-1,-1
179,409,1841.48,156.95,103.87,74.79,0.81,-1,-1,-1
179,412,1635.61,280.12,167.57,88.84,0.87,-1,-1,-1
179,413,192.27,221.88,127.44,90.82,0.82,-1,-1,-1
179,414,227.77,770.60,268.82,200.29,0.89,-1,-1,-1
179,416,1617.94,155.10,97.10,70.84,0.85,-1,-1,-1
179,423,143.31,162.83,85.48,76.76,0.80,-1,-1,-1
179,464,7.44,526.88,156.00,165.27,0.90,-1,-1,-1
179,503,54.89,351.62,209.80,104.46,0.88,-1,-1,-1
179,505,1056.75,526.95,42.49,85.27,0.54,-1,-1,-1
179,425,947.89,515.64,64.90,97.10,0.60,-1,-1,-1
179,516,1815.76,632.22,54.27,99.61,0.48,-1,-1,-1
179,532,1893.15,496.05,44.01,89.03,0.67,-1,-1,-1
179,536,1740.49,624.96,47.85,93.97,0.39,-1,-1,-1
179,542,1136.64,661.95,50.47,88.15,0.49,-1,-1,-1
179,564,1129.51,533.98,40.80,76.77,0.59,-1,-1,-1
179,580,1007.59,1119.23,148.45,162.82,0.52,-1,-1,-1
179,592,1461.33,858.21,58.26,116.81,0.56,-1,-1,-1
179,593,1791.08,880.45,61.10,138.36,0.60,-1,-1,-1
179,453,2036.06,611.85,55.73,126.54,0.68,-1,-1,-1
179,486,2084.66,733.96,56.96,120.92,0.72,-1,-1,-1
179,533,1769.33,687.08,46.12,105.00,0.61,-1,-1,-1
179,610,1583.32,716.40,49.77,91.78,0.56,-1,-1,-1
179,635,2073.60,884.56,46.72,114.58,0.57,-1,-1,-1
179,636,1492.48,948.46,107.85,119.80,0.85,-1,-1,-1
179,637,2143.14,354.82,37.02,79.71,0.52,-1,-1,-1
179,646,359.28,108.13,31.61,63.97,0.56,-1,-1,-1
179,647,65.34,302.68,35.38,57.40,0.58,-1,-1,-1
179,648,1511.85,919.49,70.17,123.64,0.59,-1,-1,-1
179,590,77.29,796.70,65.59,130.23,0.69,-1,-1,-1
179,657,71.08,228.84,69.15,77.78,0.70,-1,-1,-1
179,600,1689.58,170.48,105.22,75.57,0.82,-1,-1,-1
179,676,893.28,1280.26,180.15,137.13,0.67,-1,-1,-1
179,650,1763.37,127.68,104.27,73.19,0.72,-1,-1,-1
179,568,2154.50,80.14,73.33,54.07,0.78,-1,-1,-1
179,689,730.02,445.66,55.34,57.39,0.68,-1,-1,-1
179,696,736.68,414.49,35.50,64.74,0.61,-1,-1,-1
179,698,2071.56,20.99,59.24,45.92,0.64,-1,-1,-1
179,699,1766.96,90.83,80.03,46.36,0.54,-1,-1,-1
179,701,828.31,468.29,54.94,61.11,0.64,-1,-1,-1
179,702,1934.09,55.16,51.61,53.12,0.51,-1,-1,-1
179,704,1285.93,445.35,85.97,67.44,0.47,-1,-1,-1
179,707,1899.16,93.37,45.46,43.60,0.61,-1,-1,-1
179,709,1562.94,163.26,22.52,44.27,0.56,-1,-1,-1
180,123,245.50,495.08,222.37,144.25,0.91,-1,-1,-1
180,400,369.65,612.76,284.69,179.67,0.91,-1,-1,-1
180,404,644.54,515.50,297.86,152.39,0.93,-1,-1,-1
180,409,1846.02,152.16,104.96,76.08,0.80,-1,-1,-1
180,412,1643.85,275.09,164.12,88.19,0.86,-1,-1,-1
180,413,191.67,220.24,128.23,91.29,0.82,-1,-1,-1
180,414,233.02,772.34,274.04,201.31,0.87,-1,-1,-1
180,416,1617.33,154.03,97.30,71.13,0.84,-1,-1,-1
180,423,143.28,161.17,85.70,77.41,0.80,-1,-1,-1
180,464,5.67,528.25,157.22,167.64,0.91,-1,-1,-1
180,503,58.04,352.36,208.53,104.24,0.88,-1,-1,-1
180,505,1053.50,522.23,44.39,89.27,0.56,-1,-1,-1
180,425,948.10,515.26,62.56,95.71,0.60,-1,-1,-1
180,516,1817.20,627.98,55.47,102.34,0.63,-1,-1,-1
180,532,1897.93,490.06,39.24,77.78,0.62,-1,-1,-1
180,536,1743.06,620.56,49.02,96.62,0.42,-1,-1,-1
180,542,1130.64,641.45,50.88,89.42,0.33,-1,-1,-1
180,564,1127.50,531.66,41.75,78.83,0.57,-1,-1,-1
180,580,1031.55,1130.46,149.70,164.15,0.78,-1,-1,-1
180,592,1456.14,848.99,59.34,119.25,0.60,-1,-1,-1
180,593,1788.99,883.68,62.61,142.31,0.56,-1,-1,-1
180,453,2035.72,612.39,55.47,125.09,0.68,-1,-1,-1
180,486,2084.13,734.96,56.95,121.64,0.70,-1,-1,-1
180,533,1772.84,681.98,44.82,101.57,0.70,-1,-1,-1
180,610,1589.60,703.53,47.20,87.36,0.57,-1,-1,-1
180,635,2073.74,884.59,46.05,113.03,0.62,-1,-1,-1
180,636,1499.36,935.74,108.08,122.33,0.74,-1,-1,-1
180,637,2143.32,354.69,36.60,78.55,0.55,-1,-1,-1
180,646,358.01,106.75,31.73,64.38,0.58,-1,-1,-1
180,647,63.73,305.94,35.00,56.54,0.63,-1,-1,-1
180,648,1524.44,912.30,65.76,113.92,0.49,-1,-1,-1
180,590,80.08,797.43,68.18,136.24,0.77,-1,-1,-1
180,657,64.33,229.07,68.79,76.75,0.75,-1,-1,-1
180,600,1689.61,168.96,105.01,75.81,0.82,-1,-1,-1
180,676,881.81,1283.94,172.72,132.13,0.50,-1,-1,-1
180,650,1763.51,126.82,101.69,72.39,0.70,-1,-1,-1
180,568,2154.42,78.77,73.22,53.86,0.78,-1,-1,-1
180,689,726.32,446.23,53.06,54.81,0.63,-1,-1,-1
180,696,733.47,412.75,33.12,59.94,0.59,-1,-1,-1
180,698,2074.90,17.77,59.95,46.74,0.70,-1,-1,-1
180,699,1766.15,89.83,79.57,46.38,0.53,-1,-1,-1
180,701,823.54,464.35,57.67,64.46,0.64,-1,-1,-1
180,702,1935.73,54.22,50.79,52.37,0.57,-1,-1,-1
180,704,1299.71,444.48,82.95,65.15,0.48,-1,-1,-1
180,707,1899.53,93.37,44.79,42.90,0.64,-1,-1,-1
180,709,1560.50,163.68,24.33,47.79,0.57,-1,-1,-1
180,710,1020.78,122.07,70.13,59.74,0.73,-1,-1,-1
180,711,2027.88,12.51,43.73,37.19,0.59,-1,-1,-1
180,712,1127.76,450.13,69.16,64.13,0.57,-1,-1,-1
180,713,1972.15,18.94,63.13,56.19,0.54,-1,-1,-1
180,660,2031.32,66.72,49.15,38.40,0.60,-1,-1,-1
181,123,245.78,496.08,222.07,143.90,0.92,-1,-1,-1
181,400,368.11,613.71,283.62,179.19,0.92,-1,-1,-1
181,404,642.91,515.21,299.26,153.29,0.94,-1,-1,-1
181,409,1851.59,149.09,103.16,75.25,0.82,-1,-1,-1
181,412,1652.82,271.81,160.53,87.46,0.86,-1,-1,-1
181,413,191.42,221.15,128.02,90.95,0.82,-1,-1,-1
181,414,246.11,776.43,273.00,197.73,0.85,-1,-1,-1
181,416,1616.88,154.41,97.45,71.29,0.84,-1,-1,-1
181,423,142.64,162.73,85.02,76.54,0.79,-1,-1,-1
181,464,4.30,530.14,157.47,168.82,0.90,-1,-1,-1
181,503,60.96,353.77,208.20,104.49,0.88,-1,-1,-1
181,505,1050.81,519.43,43.83,87.82,0.56,-1,-1,-1
181,425,947.53,515.30,60.36,94.24,0.61,-1,-1,-1
181,516,1822.09,622.76,54.55,101.18,0.55,-1,-1,-1
181,532,1900.92,486.79,38.01,74.43,0.60,-1,-1,-1
181,536,1744.66,616.37,50.55,99.99,0.46,-1,-1,-1
181,542,1126.35,632.19,51.13,91.11,0.53,-1,-1,-1
181,564,1125.48,529.92,41.52,78.49,0.53,-1,-1,-1
181,580,1056.79,1147.64,147.46,161.48,0.61,-1,-1,-1
181,592,1451.17,847.47,58.53,117.15,0.64,-1,-1,-1
181,593,1791.44,889.83,60.64,137.41,0.56,-1,-1,-1
181,453,2035.17,613.39,55.38,123.88,0.70,-1,-1,-1
181,486,2083.10,737.22,56.73,121.55,0.71,-1,-1,-1
181,533,1774.92,678.75,45.70,103.66,0.75,-1,-1,-1
181,610,1593.82,695.60,48.50,90.61,0.51,-1,-1,-1
181,635,2073.72,887.86,45.17,111.21,0.60,-1,-1,-1
181,636,1511.12,928.81,103.70,119.83,0.62,-1,-1,-1
181,637,2142.12,354.37,37.32,80.23,0.65,-1,-1,-1
181,646,356.47,107.27,31.77,64.64,0.58,-1,-1,-1
181,647,61.94,309.79,34.66,55.76,0.52,-1,-1,-1
181,648,1531.96,903.66,63.82,109.74,0.57,-1,-1,-1
181,590,82.49,798.30,71.10,142.85,0.80,-1,-1,-1
181,657,57.74,228.61,68.70,75.48,0.68,-1,-1,-1
181,600,1688.55,168.99,105.15,76.09,0.81,-1,-1,-1
181,676,859.35,1287.88,169.66,129.25,0.61,-1,-1,-1
181,650,1763.80,127.03,100.18,71.89,0.73,-1,-1,-1
181,568,2154.78,79.36,72.26,52.90,0.78,-1,-1,-1
181,689,721.44,443.05,54.03,55.88,0.60,-1,-1,-1
181,696,729.07,413.34,33.19,59.56,0.52,-1,-1,-1
181,698,2076.26,16.70,59.98,46.94,0.66,-1,-1,-1
181,699,1766.42,90.77,77.49,45.45,0.62,-1,-1,-1
181,701,819.43,460.88,58.43,65.58,0.58,-1,-1,-1
181,702,1932.47,53.88,52.07,53.54,0.65,-1,-1,-1
181,704,1298.08,423.69,98.73,79.66,0.51,-1,-1,-1
181,707,1900.61,96.27,42.58,40.61,0.67,-1,-1,-1
181,709,1557.00,166.15,26.03,51.21,0.55,-1,-1,-1
181,710,1021.24,124.92,70.11,59.67,0.46,-1,-1,-1
181,711,2026.98,14.16,42.22,35.89,0.62,-1,-1,-1
181,712,1128.49,448.12,72.68,67.70,0.32,-1,-1,-1
181,713,1971.18,19.19,63.05,56.13,0.61,-1,-1,-1
181,660,2032.97,67.31,46.11,34.87,0.71,-1,-1,-1
182,123,245.05,497.92,223.69,145.02,0.91,-1,-1,-1
182,400,362.62,616.06,287.91,182.23,0.93,-1,-1,-1
182,404,640.98,517.34,301.11,154.54,0.93,-1,-1,-1
182,409,1854.41,146.61,104.98,77.16,0.74,-1,-1,-1
182,412,1659.68,268.90,159.17,88.08,0.86,-1,-1,-1
182,413,191.21,224.02,127.66,90.56,0.83,-1,-1,-1
182,414,248.99,783.10,277.19,197.22,0.90,-1,-1,-1
182,416,1616.46,156.27,97.56,71.44,0.81,-1,-1,-1
182,423,143.58,165.46,84.12,75.28,0.78,-1,-1,-1
182,464,2.93,533.09,158.35,170.54,0.88,-1,-1,-1
182,503,63.09,354.59,210.68,106.24,0.87,-1,-1,-1
182,505,1049.09,519.09,42.98,85.61,0.60,-1,-1,-1
182,425,947.66,518.14,57.86,91.66,0.62,-1,-1,-1
182,516,1825.23,620.78,55.01,102.84,0.49,-1,-1,-1
182,532,1901.79,484.22,40.88,80.13,0.56,-1,-1,-1
182,536,1746.43,615.41,51.87,103.19,0.42,-1,-1,-1
182,542,1122.12,639.32,49.91,88.60,0.55,-1,-1,-1
182,564,1122.38,530.04,41.39,78.45,0.49,-1,-1,-1
182,580,1079.41,1161.61,151.49,166.01,0.89,-1,-1,-1
182,592,1448.33,849.60,57.67,115.00,0.61,-1,-1,-1
182,593,1791.93,895.07,62.39,141.52,0.69,-1,-1,-1
182,453,2034.33,616.22,55.93,124.48,0.69,-1,-1,-1
182,486,2080.84,739.98,55.60,120.66,0.71,-1,-1,-1
182,533,1775.57,677.59,47.12,107.33,0.75,-1,-1,-1
182,610,1599.20,689.05,49.77,93.61,0.54,-1,-1,-1
182,635,2073.88,889.58,43.96,107.89,0.57,-1,-1,-1
182,636,1516.42,918.00,104.66,124.64,0.69,-1,-1,-1
182,637,2141.11,355.29,38.02,82.03,0.67,-1,-1,-1
182,646,355.71,108.97,31.16,63.39,0.56,-1,-1,-1
182,648,1537.03,898.11,65.76,112.65,0.64,-1,-1,-1
182,590,87.53,803.17,71.42,143.14,0.76,-1,-1,-1
182,657,52.26,229.85,68.73,74.68,0.23,-1,-1,-1
182,600,1687.90,171.28,104.52,75.89,0.81,-1,-1,-1
182,676,843.83,1298.90,161.49,122.41,0.62,-1,-1,-1
182,650,1763.70,127.87,101.05,73.50,0.76,-1,-1,-1
182,568,2153.35,80.52,73.01,53.44,0.75,-1,-1,-1
182,689,716.34,443.49,54.57,56.55,0.74,-1,-1,-1
182,696,724.14,412.11,35.30,62.94,0.58,-1,-1,-1
182,698,2079.54,17.04,59.46,46.77,0.73,-1,-1,-1
182,699,1768.79,91.36,77.43,45.49,0.74,-1,-1,-1
182,701,816.52,461.69,57.87,65.16,0.62,-1,-1,-1
182,702,1931.60,56.27,51.90,53.51,0.54,-1,-1,-1
182,707,1898.02,96.99,44.42,42.28,0.74,-1,-1,-1
182,709,1555.51,168.35,24.94,49.03,0.52,-1,-1,-1
182,710,1024.21,126.05,62.53,53.00,0.33,-1,-1,-1
182,711,2026.16,17.05,40.70,34.58,0.51,-1,-1,-1
182,712,1134.28,456.90,70.37,65.72,0.42,-1,-1,-1
182,713,1967.92,20.09,64.40,57.35,0.51,-1,-1,-1
182,660,2033.66,67.87,46.17,34.20,0.69,-1,-1,-1
182,714,1885.60,429.07,38.36,62.31,0.59,-1,-1,-1
182,715,1424.31,186.03,31.94,59.66,0.55,-1,-1,-1
182,716,2018.26,253.69,29.33,52.35,0.56,-1,-1,-1
183,123,244.15,505.47,226.39,146.79,0.92,-1,-1,-1
183,400,361.97,625.95,285.71,180.64,0.95,-1,-1,-1
183,404,642.09,527.36,297.46,152.78,0.93,-1,-1,-1
183,409,1858.64,152.28,103.22,76.40,0.78,-1,-1,-1
183,412,1666.03,273.25,157.47,88.55,0.84,-1,-1,-1
183,413,190.83,232.00,128.25,91.11,0.75,-1,-1,-1
183,414,252.20,793.71,284.70,199.31,0.89,-1,-1,-1
183,416,1615.84,164.28,98.58,72.16,0.84,-1,-1,-1
183,423,143.18,173.39,84.45,75.33,0.73,-1,-1,-1
183,464,3.24,543.83,157.09,169.59,0.85,-1,-1,-1
183,503,65.70,361.95,214.37,108.96,0.89,-1,-1,-1
183,505,1047.66,525.49,42.20,83.99,0.63,-1,-1,-1
183,425,946.10,522.65,57.12,91.82,0.57,-1,-1,-1
183,516,1827.91,628.00,56.00,105.13,0.53,-1,-1,-1
183,532,1903.38,487.80,41.04,80.21,0.62,-1,-1,-1
183,536,1748.56,619.32,51.31,102.79,0.41,-1,-1,-1
183,542,1115.22,633.01,50.88,90.71,0.56,-1,-1,-1
183,564,1119.34,534.80,42.12,80.39,0.56,-1,-1,-1
183,580,1101.85,1181.85,154.91,170.23,0.72,-1,-1,-1
183,592,1441.43,845.65,61.02,121.91,0.59,-1,-1,-1
183,593,1793.64,905.95,59.47,135.52,0.66,-1,-1,-1
183,453,2034.13,625.21,55.73,124.32,0.62,-1,-1,-1
183,486,2078.84,752.10,54.32,117.42,0.72,-1,-1,-1
183,533,1775.30,679.11,49.48,113.11,0.60,-1,-1,-1
183,610,1604.31,690.67,50.13,95.05,0.53,-1,-1,-1
183,635,2071.77,896.15,46.35,114.20,0.63,-1,-1,-1
183,636,1525.36,919.23,99.71,121.99,0.70,-1,-1,-1
183,637,2140.80,363.37,37.50,80.80,0.68,-1,-1,-1
183,646,354.98,116.26,29.85,60.61,0.57,-1,-1,-1
183,648,1544.10,898.59,64.39,109.95,0.60,-1,-1,-1
183,590,92.05,815.12,71.00,142.03,0.72,-1,-1,-1
183,657,45.15,235.20,71.34,77.12,0.80,-1,-1,-1
183,600,1686.86,179.93,103.13,75.13,0.83,-1,-1,-1
183,676,820.81,1316.03,158.62,118.85,0.65,-1,-1,-1
183,650,1763.25,137.29,98.42,72.29,0.71,-1,-1,-1
183,568,2151.69,88.15,73.15,53.54,0.74,-1,-1,-1
183,689,713.41,448.79,55.34,57.46,0.50,-1,-1,-1
183,696,717.41,417.83,39.21,70.22,0.45,-1,-1,-1
183,698,2078.15,24.83,57.89,45.41,0.76,-1,-1,-1
183,699,1772.50,99.15,72.87,42.65,0.79,-1,-1,-1
183,701,813.36,471.11,55.24,62.06,0.69,-1,-1,-1
183,702,1933.28,66.86,49.12,50.58,0.60,-1,-1,-1
183,707,1897.63,105.52,44.23,41.96,0.54,-1,-1,-1
183,709,1551.57,177.25,26.88,52.93,0.54,-1,-1,-1
183,711,2023.81,20.01,48.76,41.41,0.58,-1,-1,-1
183,712,1139.31,468.19,69.88,65.58,0.54,-1,-1,-1
183,713,1966.97,30.60,62.92,55.93,0.65,-1,-1,-1
183,714,1889.29,423.07,42.80,69.63,0.57,-1,-1,-1
183,715,1423.73,195.83,31.70,59.31,0.57,-1,-1,-1
183,716,2017.68,260.38,30.33,53.98,0.50,-1,-1,-1
183,403,2033.42,76.90,53.73,37.11,0.64,-1,-1,-1
183,649,0.00,853.76,56.97,124.49,0.51,-1,-1,-1
184,123,244.28,516.28,224.83,145.95,0.91,-1,-1,-1
184,400,358.14,636.69,285.09,180.12,0.91,-1,-1,-1
184,404,642.40,537.01,297.84,153.20,0.92,-1,-1,-1
184,409,1862.92,162.01,99.78,74.04,0.80,-1,-1,-1
184,412,1673.36,280.63,151.82,86.41,0.86,-1,-1,-1
184,413,191.32,241.71,129.06,91.81,0.85,-1,-1,-1
184,414,256.80,805.96,292.56,202.69,0.86,-1,-1,-1
184,416,1614.91,175.84,97.90,71.83,0.82,-1,-1,-1
184,423,142.87,182.92,86.14,76.92,0.83,-1,-1,-1
184,464,0.00,555.26,158.06,170.95,0.90,-1,-1,-1
184,503,70.03,373.63,212.77,108.79,0.89,-1,-1,-1
184,505,1045.08,532.39,42.16,83.85,0.57,-1,-1,-1
184,425,945.21,530.66,55.46,89.99,0.63,-1,-1,-1
184,516,1830.14,638.92,55.54,103.95,0.53,-1,-1,-1
184,532,1906.57,494.67,39.61,77.13,0.58,-1,-1,-1
184,536,1751.05,625.74,48.72,97.87,0.43,-1,-1,-1
184,542,1109.73,631.80,51.74,93.34,0.48,-1,-1,-1
184,580,1128.41,1205.88,154.64,169.70,0.76,-1,-1,-1
184,592,1442.41,846.51,52.96,104.21,0.32,-1,-1,-1
184,593,1792.15,920.90,58.58,133.33,0.65,-1,-1,-1
184,453,2032.17,633.17,57.12,126.88,0.54,-1,-1,-1
184,486,2074.85,761.56,55.96,119.76,0.80,-1,-1,-1
184,533,1777.21,684.54,49.29,113.53,0.68,-1,-1,-1
184,610,1608.64,693.27,49.25,94.22,0.50,-1,-1,-1
184,635,2071.15,907.19,46.32,113.66,0.64,-1,-1,-1
184,636,1531.80,918.88,97.56,122.88,0.74,-1,-1,-1
184,637,2140.00,374.92,37.19,80.09,0.65,-1,-1,-1
184,646,354.26,125.01,29.06,58.11,0.63,-1,-1,-1
184,648,1548.40,898.69,66.31,114.15,0.58,-1,-1,-1
184,590,95.78,829.35,70.92,140.92,0.66,-1,-1,-1
184,600,1685.93,190.94,102.46,74.69,0.82,-1,-1,-1
184,676,796.63,1312.73,165.05,128.51,0.59,-1,-1,-1
184,650,1761.74,147.22,99.03,73.70,0.78,-1,-1,-1
184,568,2149.13,98.71,74.66,54.75,0.75,-1,-1,-1
184,689,708.65,457.15,55.36,57.60,0.57,-1,-1,-1
184,696,712.36,427.30,40.97,73.69,0.54,-1,-1,-1
184,698,2076.91,33.65,58.68,46.10,0.75,-1,-1,-1
184,699,1772.25,110.23,71.55,41.85,0.68,-1,-1,-1
184,701,808.39,475.84,58.15,65.87,0.61,-1,-1,-1
184,702,1931.60,80.48,47.32,48.59,0.61,-1,-1,-1
184,707,1897.05,117.89,42.60,40.34,0.52,-1,-1,-1
184,709,1547.49,188.66,29.54,58.37,0.57,-1,-1,-1
184,711,2021.68,29.45,50.28,42.81,0.54,-1,-1,-1
184,712,1143.78,479.78,69.40,65.42,0.63,-1,-1,-1
184,713,1967.32,45.74,58.52,51.66,0.53,-1,-1,-1
184,714,1894.47,435.50,38.55,62.45,0.39,-1,-1,-1
184,715,1422.49,205.25,32.32,60.55,0.57,-1,-1,-1
184,716,2018.71,271.34,30.84,54.73,0.31,-1,-1,-1
184,718,69.43,463.63,78.85,73.55,0.68,-1,-1,-1
184,719,2134.14,0.49,76.54,41.19,0.70,-1,-1,-1
184,720,177.33,500.16,41.38,85.37,0.61,-1,-1,-1
184,649,0.00,852.06,50.49,125.71,0.57,-1,-1,-1
184,630,1113.76,550.17,43.28,80.10,0.63,-1,-1,-1
185,123,243.75,527.95,226.42,147.09,0.91,-1,-1,-1
185,400,350.77,647.42,290.90,183.96,0.91,-1,-1,-1
185,404,639.06,547.61,299.38,154.13,0.93,-1,-1,-1
185,409,1865.62,170.37,101.16,75.82,0.70,-1,-1,-1
185,412,1681.82,289.33,145.27,83.49,0.86,-1,-1,-1
185,413,191.11,253.31,130.58,92.94,0.83,-1,-1,-1
185,414,260.80,820.31,300.17,206.64,0.89,-1,-1,-1
185,416,1612.95,188.92,97.09,71.36,0.79,-1,-1,-1
185,423,143.65,196.14,86.14,76.67,0.78,-1,-1,-1
185,464,0.00,568.39,159.57,173.39,0.86,-1,-1,-1
185,503,73.35,386.54,210.98,108.38,0.88,-1,-1,-1
185,505,1041.70,542.57,41.96,83.03,0.53,-1,-1,-1
185,425,942.97,538.81,55.62,91.02,0.65,-1,-1,-1
185,516,1831.98,644.08,55.78,104.85,0.59,-1,-1,-1
185,532,1909.15,501.91,39.19,76.35,0.57,-1,-1,-1
185,536,1753.55,635.57,47.79,96.07,0.49,-1,-1,-1
185,580,1154.03,1234.56,157.08,172.36,0.83,-1,-1,-1
185,592,1436.06,849.76,54.07,105.48,0.48,-1,-1,-1
185,593,1793.17,936.79,60.32,136.62,0.64,-1,-1,-1
185,453,2030.81,644.70,57.47,127.54,0.63,-1,-1,-1
185,486,2069.47,777.96,55.30,117.61,0.67,-1,-1,-1
185,533,1780.37,694.24,47.27,108.86,0.35,-1,-1,-1
185,610,1613.67,698.56,51.44,99.67,0.55,-1,-1,-1
185,635,2070.21,921.20,45.43,111.34,0.43,-1,-1,-1
185,636,1537.20,918.47,96.65,125.04,0.65,-1,-1,-1
185,637,2137.90,389.75,36.83,78.92,0.63,-1,-1,-1
185,646,353.71,136.23,29.11,57.71,0.58,-1,-1,-1
185,648,1554.22,899.87,63.87,109.38,0.53,-1,-1,-1
185,590,100.34,845.07,70.59,139.99,0.51,-1,-1,-1
185,600,1684.68,203.16,102.55,74.84,0.82,-1,-1,-1
185,676,778.97,1330.63,165.10,128.57,0.50,-1,-1,-1
185,689,704.43,468.07,55.91,58.29,0.62,-1,-1,-1
185,696,709.53,437.13,40.20,72.05,0.51,-1,-1,-1
185,698,2077.06,44.26,58.98,46.44,0.67,-1,-1,-1
185,699,1766.79,121.65,78.41,46.22,0.64,-1,-1,-1
185,701,805.27,487.16,57.16,64.92,0.53,-1,-1,-1
185,702,1926.41,89.07,51.53,52.81,0.60,-1,-1,-1
185,707,1893.36,126.19,47.93,45.57,0.61,-1,-1,-1
185,709,1542.69,200.79,31.04,61.37,0.57,-1,-1,-1
185,711,2020.34,41.12,49.81,42.46,0.27,-1,-1,-1
185,712,1138.96,469.65,81.85,79.19,0.54,-1,-1,-1
185,713,1970.20,46.37,60.04,53.55,0.12,-1,-1,-1
185,714,1897.54,442.17,38.87,62.96,0.56,-1,-1,-1
185,715,1420.21,218.03,34.23,64.28,0.60,-1,-1,-1
185,716,2018.62,281.00,33.58,59.42,0.23,-1,-1,-1
185,718,64.57,470.54,81.92,76.57,0.59,-1,-1,-1
185,719,2132.28,8.81,78.46,42.43,0.64,-1,-1,-1
185,720,173.08,513.65,39.64,81.57,0.58,-1,-1,-1
185,649,0.00,866.24,40.23,106.00,0.68,-1,-1,-1
185,721,148.43,536.83,101.13,74.99,0.55,-1,-1,-1
185,723,2030.63,95.78,45.92,36.06,0.67,-1,-1,-1
185,630,1113.17,555.22,42.56,79.91,0.62,-1,-1,-1
185,474,2144.48,118.15,73.44,53.85,0.73,-1,-1,-1
185,435,1763.48,165.85,90.55,74.39,0.75,-1,-1,-1
185,570,2147.23,183.17,53.37,59.67,0.63,-1,-1,-1
185,647,47.42,266.92,49.26,73.72,0.68,-1,-1,-1
186,123,240.73,545.07,231.30,150.66,0.91,-1,-1,-1
186,400,349.59,668.04,287.32,181.49,0.93,-1,-1,-1
186,404,638.05,566.80,300.76,155.30,0.92,-1,-1,-1
186,409,1868.21,187.65,99.04,74.56,0.81,-1,-1,-1
186,412,1687.09,305.79,142.86,83.07,0.83,-1,-1,-1
186,413,192.42,273.16,129.29,92.08,0.84,-1,-1,-1
186,414,268.28,843.79,303.62,207.01,0.89,-1,-1,-1
186,416,1610.37,208.24,98.19,72.47,0.79,-1,-1,-1
186,423,142.72,214.69,88.50,79.03,0.73,-1,-1,-1
186,464,0.00,589.77,158.41,175.60,0.90,-1,-1,-1
186,503,75.83,405.90,213.54,110.54,0.87,-1,-1,-1
186,505,1038.60,558.76,42.78,84.69,0.61,-1,-1,-1
186,425,940.77,553.95,55.23,90.68,0.66,-1,-1,-1
186,516,1833.87,658.27,55.94,105.25,0.53,-1,-1,-1
186,532,1909.23,516.97,40.57,79.46,0.59,-1,-1,-1
186,580,1179.16,1269.70,156.66,172.22,0.74,-1,-1,-1
186,592,1432.54,860.98,51.56,99.83,0.48,-1,-1,-1
186,593,1790.97,960.33,63.39,142.93,0.70,-1,-1,-1
186,453,2029.59,664.38,57.26,126.85,0.63,-1,-1,-1
186,486,2066.71,799.04,55.11,116.37,0.72,-1,-1,-1
186,533,1781.98,707.84,46.98,108.42,0.56,-1,-1,-1
186,610,1618.57,710.69,49.09,95.17,0.51,-1,-1,-1
186,635,2069.61,940.28,46.24,113.23,0.71,-1,-1,-1
186,636,1545.63,931.91,90.33,119.89,0.72,-1,-1,-1
186,637,2135.60,408.52,36.99,78.87,0.61,-1,-1,-1
186,648,1560.59,911.31,62.62,107.30,0.52,-1,-1,-1
186,590,103.84,865.96,70.19,139.65,0.76,-1,-1,-1
186,600,1683.22,222.25,102.70,75.28,0.86,-1,-1,-1
186,676,754.91,1346.59,167.45,135.68,0.51,-1,-1,-1
186,689,692.57,465.67,66.69,71.94,0.57,-1,-1,-1
186,699,1781.15,125.95,77.57,46.16,0.15,-1,-1,-1
186,701,797.61,486.69,60.39,70.66,0.47,-1,-1,-1
186,709,1537.69,222.79,31.64,62.59,0.67,-1,-1,-1
186,714,1899.89,454.23,40.02,64.92,0.50,-1,-1,-1
186,715,1418.63,236.13,34.57,65.09,0.55,-1,-1,-1
186,718,63.52,497.72,77.08,72.10,0.67,-1,-1,-1
186,720,165.65,535.24,39.90,81.60,0.54,-1,-1,-1
186,721,140.45,552.53,104.62,77.78,0.62,-1,-1,-1
186,474,2141.87,131.74,74.53,54.54,0.79,-1,-1,-1
186,435,1761.36,178.30,91.52,76.04,0.81,-1,-1,-1
186,573,2156.98,206.89,29.13,57.36,0.64,-1,-1,-1
186,542,1107.01,587.68,46.91,85.84,0.62,-1,-1,-1
186,650,1767.85,147.37,73.67,53.59,0.74,-1,-1,-1
187,123,240.52,566.88,231.23,150.72,0.92,-1,-1,-1
187,400,347.65,691.91,289.30,182.62,0.91,-1,-1,-1
187,404,638.32,591.92,297.31,153.52,0.92,-1,-1,-1
187,412,1692.61,324.74,140.41,82.57,0.82,-1,-1,-1
187,413,191.06,295.20,130.75,93.42,0.77,-1,-1,-1
187,414,275.02,870.74,305.94,206.33,0.89,-1,-1,-1
187,416,1607.78,231.44,97.64,72.50,0.83,-1,-1,-1
187,423,144.50,237.33,88.97,80.07,0.73,-1,-1,-1
187,464,0.00,613.09,157.12,176.48,0.87,-1,-1,-1
187,503,77.01,429.10,213.24,110.81,0.89,-1,-1,-1
187,505,1034.63,578.23,44.11,87.11,0.58,-1,-1,-1
187,425,939.06,575.85,54.85,90.41,0.69,-1,-1,-1
187,516,1835.82,675.66,55.97,105.95,0.65,-1,-1,-1
187,532,1909.51,535.02,40.60,79.74,0.61,-1,-1,-1
187,580,1207.42,1307.66,159.64,175.45,0.83,-1,-1,-1
187,593,1792.16,988.39,62.77,140.76,0.67,-1,-1,-1
187,453,2028.52,687.49,57.15,126.61,0.74,-1,-1,-1
187,486,2063.17,823.65,56.56,118.57,0.63,-1,-1,-1
187,610,1620.44,726.95,49.19,96.00,0.55,-1,-1,-1
187,635,2068.15,961.05,47.53,116.33,0.59,-1,-1,-1
187,636,1549.32,940.42,91.35,125.13,0.71,-1,-1,-1
187,637,2132.99,429.89,37.79,80.30,0.66,-1,-1,-1
187,648,1563.68,924.65,66.10,114.52,0.66,-1,-1,-1
187,590,108.20,888.56,69.44,137.75,0.76,-1,-1,-1
187,676,730.72,1369.73,156.93,131.54,0.54,-1,-1,-1
187,689,685.47,476.67,68.82,76.81,0.63,-1,-1,-1
187,709,1534.27,247.30,31.38,62.20,0.59,-1,-1,-1
187,714,1899.76,467.57,42.32,69.06,0.53,-1,-1,-1
187,715,1418.24,261.90,33.11,62.57,0.55,-1,-1,-1
187,718,61.71,521.41,74.30,69.44,0.63,-1,-1,-1
187,720,160.22,561.67,38.44,78.25,0.65,-1,-1,-1
187,435,1765.98,173.10,74.11,59.27,0.65,-1,-1,-1
187,628,1618.44,763.21,50.32,95.37,0.52,-1,-1,-1
187,644,1873.78,220.24,87.02,73.79,0.83,-1,-1,-1
187,411,1680.08,257.28,99.69,74.39,0.84,-1,-1,-1
187,651,695.55,510.33,53.95,63.54,0.62,-1,-1,-1
187,663,130.34,590.49,98.49,70.66,0.52,-1,-1,-1
187,570,2145.56,168.90,56.07,56.99,0.75,-1,-1,-1
188,123,240.74,591.63,228.00,148.60,0.92,-1,-1,-1
188,400,343.04,717.42,291.43,183.86,0.92,-1,-1,-1
188,404,635.34,613.56,299.49,155.10,0.92,-1,-1,-1
188,412,1696.82,345.03,139.12,82.81,0.80,-1,-1,-1
188,413,193.42,320.22,130.10,92.84,0.87,-1,-1,-1
188,414,277.86,896.63,312.83,209.86,0.87,-1,-1,-1
188,416,1605.95,255.93,97.46,72.70,0.77,-1,-1,-1
188,423,146.73,261.42,87.91,79.63,0.77,-1,-1,-1
188,464,0.00,636.59,157.26,179.71,0.88,-1,-1,-1
188,503,83.54,455.50,207.87,108.46,0.89,-1,-1,-1
188,505,1031.99,597.77,43.13,84.98,0.61,-1,-1,-1
188,425,935.01,596.48,55.16,91.67,0.74,-1,-1,-1
188,516,1837.84,695.72,56.27,107.17,0.46,-1,-1,-1
188,532,1909.73,555.07,40.93,80.79,0.68,-1,-1,-1
188,580,1242.40,1346.39,146.03,157.47,0.83,-1,-1,-1
188,593,1792.69,1018.71,61.43,137.03,0.71,-1,-1,-1
188,453,2027.60,710.73,56.81,125.81,0.68,-1,-1,-1
188,486,2060.92,848.97,56.25,118.34,0.64,-1,-1,-1
188,635,2067.65,987.73,46.14,113.03,0.55,-1,-1,-1
188,636,1554.41,947.28,91.86,130.41,0.69,-1,-1,-1
188,637,2131.32,456.31,37.20,78.03,0.64,-1,-1,-1
188,648,1567.48,938.40,68.51,120.90,0.57,-1,-1,-1
188,590,113.08,913.12,70.38,138.41,0.71,-1,-1,-1
188,676,718.16,1398.94,126.66,107.16,0.51,-1,-1,-1
188,709,1531.33,272.44,30.66,60.78,0.54,-1,-1,-1
188,714,1902.94,486.50,40.68,66.65,0.41,-1,-1,-1
188,715,1416.28,285.21,33.50,63.71,0.51,-1,-1,-1
188,718,58.93,547.73,71.18,66.43,0.67,-1,-1,-1
188,720,149.79,585.85,41.51,84.21,0.53,-1,-1,-1
188,435,1766.18,190.85,65.58,50.91,0.70,-1,-1,-1
188,732,1754.76,232.43,92.34,76.62,0.77,-1,-1,-1
188,628,1623.87,754.28,48.83,93.46,0.58,-1,-1,-1
188,644,1875.08,232.87,87.20,72.81,0.83,-1,-1,-1
188,411,1679.35,273.17,99.63,74.45,0.79,-1,-1,-1
188,651,688.04,504.18,57.36,71.30,0.54,-1,-1,-1
188,663,130.15,602.38,96.99,70.59,0.66,-1,-1,-1
188,570,2142.39,182.53,58.48,56.35,0.76,-1,-1,-1
188,402,2023.39,160.00,47.43,39.62,0.59,-1,-1,-1
188,642,45.68,435.19,54.24,78.57,0.71,-1,-1,-1
188,533,1785.20,741.57,45.02,103.22,0.65,-1,-1,-1
189,123,240.51,617.74,226.38,147.49,0.91,-1,-1,-1
189,400,337.59,739.87,292.71,184.71,0.92,-1,-1,-1
189,404,634.17,636.66,300.06,155.68,0.93,-1,-1,-1
189,412,1699.01,364.37,138.31,83.33,0.82,-1,-1,-1
189,413,195.54,347.01,126.13,89.55,0.83,-1,-1,-1
189,414,284.59,923.60,317.85,212.35,0.87,-1,-1,-1
189,416,1603.13,280.24,97.94,73.64,0.83,-1,-1,-1
189,423,149.66,287.69,86.74,78.78,0.76,-1,-1,-1
189,464,0.00,665.35,153.95,176.71,0.91,-1,-1,-1
189,503,84.47,481.58,206.90,108.07,0.91,-1,-1,-1
189,505,1028.71,617.23,44.75,88.66,0.59,-1,-1,-1
189,425,931.87,617.76,54.46,90.87,0.74,-1,-1,-1
189,516,1840.34,715.50,55.46,106.57,0.51,-1,-1,-1
189,532,1910.45,573.87,40.94,81.34,0.70,-1,-1,-1
189,580,1281.21,1388.91,119.89,123.09,0.67,-1,-1,-1
189,593,1791.62,1046.51,62.22,138.64,0.67,-1,-1,-1
189,453,2027.40,734.25,56.82,125.16,0.70,-1,-1,-1
189,486,2059.06,872.77,55.68,117.96,0.63,-1,-1,-1
189,635,2067.93,1011.45,46.21,112.67,0.54,-1,-1,-1
189,636,1560.98,962.39,87.10,127.27,0.58,-1,-1,-1
189,637,2129.03,479.76,38.03,78.90,0.59,-1,-1,-1
189,648,1570.82,952.56,69.40,124.98,0.52,-1,-1,-1
189,590,117.88,940.16,70.20,136.66,0.54,-1,-1,-1
189,709,1528.15,299.12,30.81,61.31,0.58,-1,-1,-1
189,714,1905.29,502.85,41.63,68.61,0.56,-1,-1,-1
189,715,1415.19,309.74,33.00,63.17,0.48,-1,-1,-1
189,718,55.31,571.40,71.57,66.92,0.77,-1,-1,-1
189,720,144.05,611.28,39.83,80.44,0.73,-1,-1,-1
189,732,1755.26,256.12,87.80,72.87,0.76,-1,-1,-1
189,628,1627.12,761.53,51.02,100.49,0.53,-1,-1,-1
189,644,1876.66,252.53,86.56,71.30,0.81,-1,-1,-1
189,411,1677.79,294.40,99.60,74.79,0.81,-1,-1,-1
189,742,1415.09,936.42,56.27,114.03,0.65,-1,-1,-1
189,642,45.82,452.74,53.36,81.25,0.60,-1,-1,-1
189,533,1785.18,762.80,45.98,105.11,0.63,-1,-1,-1
189,409,1905.92,191.05,68.54,53.06,0.64,-1,-1,-1
190,123,240.04,640.10,227.93,148.52,0.92,-1,-1,-1
190,400,335.47,764.71,294.13,185.84,0.91,-1,-1,-1
190,404,634.33,664.14,295.41,153.10,0.92,-1,-1,-1
190,412,1705.25,384.70,134.71,82.15,0.85,-1,-1,-1
190,413,195.85,372.27,126.74,89.80,0.80,-1,-1,-1
190,414,293.51,950.74,320.14,212.89,0.89,-1,-1,-1
190,416,1603.78,305.88,95.73,72.06,0.79,-1,-1,-1
190,423,150.29,312.17,86.27,78.64,0.72,-1,-1,-1
190,464,0.00,692.00,154.01,177.54,0.90,-1,-1,-1
190,503,85.41,506.09,206.48,107.69,0.88,-1,-1,-1
190,505,1025.66,638.36,45.01,89.32,0.64,-1,-1,-1
190,425,929.12,640.59,53.02,87.86,0.75,-1,-1,-1
190,516,1842.92,735.66,54.50,105.55,0.44,-1,-1,-1
190,532,1910.63,593.92,41.39,83.10,0.67,-1,-1,-1
190,580,1321.45,1431.04,90.47,80.96,0.22,-1,-1,-1
190,593,1792.27,1071.30,62.21,137.96,0.69,-1,-1,-1
190,453,2026.36,757.84,56.85,125.57,0.62,-1,-1,-1
190,486,2054.66,897.87,56.15,119.42,0.77,-1,-1,-1
190,635,2066.86,1031.36,48.02,116.80,0.58,-1,-1,-1
190,636,1566.42,978.06,83.50,125.16,0.67,-1,-1,-1
190,637,2128.19,502.29,37.56,77.48,0.64,-1,-1,-1
190,648,1577.86,965.70,65.30,118.53,0.58,-1,-1,-1
190,590,121.64,965.32,70.85,136.17,0.56,-1,-1,-1
190,709,1524.63,325.19,30.03,59.86,0.67,-1,-1,-1
190,714,1906.95,517.92,42.52,70.68,0.52,-1,-1,-1
190,715,1413.24,335.35,33.82,65.05,0.48,-1,-1,-1
190,718,49.67,591.07,74.15,69.66,0.67,-1,-1,-1
190,720,135.86,636.62,41.21,82.56,0.65,-1,-1,-1
190,732,1754.07,282.37,88.71,73.76,0.81,-1,-1,-1
190,644,1876.57,272.96,88.35,72.46,0.81,-1,-1,-1
190,411,1675.81,317.18,100.22,75.11,0.82,-1,-1,-1
190,742,1416.60,963.51,50.98,102.90,0.54,-1,-1,-1
190,533,1787.67,780.82,45.67,103.94,0.70,-1,-1,-1
190,747,1101.02,657.23,41.19,89.07,0.65,-1,-1,-1
190,656,1081.15,733.51,50.31,91.29,0.52,-1,-1,-1
190,643,944.82,510.30,52.78,67.20,0.52,-1,-1,-1
191,123,239.72,662.35,227.15,148.04,0.92,-1,-1,-1
191,400,332.35,788.72,294.35,185.95,0.94,-1,-1,-1
191,404,631.60,684.86,296.94,154.09,0.92,-1,-1,-1
191,412,1710.61,404.57,131.40,80.97,0.82,-1,-1,-1
191,413,195.75,393.00,130.19,92.40,0.84,-1,-1,-1
191,414,300.92,976.82,321.80,212.77,0.88,-1,-1,-1
191,416,1603.46,329.62,97.03,72.73,0.80,-1,-1,-1
191,423,151.77,336.80,85.60,78.45,0.74,-1,-1,-1
191,464,0.00,712.89,153.18,179.64,0.89,-1,-1,-1
191,503,92.24,529.63,203.83,106.87,0.90,-1,-1,-1
191,505,1023.29,658.36,44.41,88.79,0.51,-1,-1,-1
191,425,926.92,663.62,50.92,82.63,0.76,-1,-1,-1
191,516,1845.76,756.40,54.68,106.13,0.53,-1,-1,-1
191,532,1913.58,611.03,37.76,75.69,0.63,-1,-1,-1
191,593,1793.26,1094.93,61.54,135.12,0.71,-1,-1,-1
191,453,2025.05,779.71,56.81,124.97,0.65,-1,-1,-1
191,486,2051.18,920.44,57.03,122.28,0.71,-1,-1,-1
191,635,2067.57,1050.66,47.58,115.27,0.41,-1,-1,-1
191,636,1572.84,991.98,79.38,121.39,0.65,-1,-1,-1
191,637,2127.00,525.29,37.49,76.72,0.58,-1,-1,-1
191,648,1584.96,978.56,60.28,109.20,0.57,-1,-1,-1
191,590,125.53,987.55,71.46,136.89,0.68,-1,-1,-1
191,714,1910.38,539.14,40.32,67.23,0.60,-1,-1,-1
191,715,1412.40,358.68,32.97,63.72,0.45,-1,-1,-1
191,718,46.94,614.09,71.91,67.17,0.63,-1,-1,-1
191,720,128.45,660.25,39.76,79.21,0.61,-1,-1,-1
191,732,1751.17,306.58,87.93,73.11,0.80,-1,-1,-1
191,644,1878.99,294.76,86.27,70.13,0.82,-1,-1,-1
191,411,1673.63,340.59,99.95,74.83,0.84,-1,-1,-1
191,742,1407.96,972.87,53.62,107.77,0.54,-1,-1,-1
191,533,1788.11,798.49,45.73,103.36,0.65,-1,-1,-1
191,747,1098.17,673.55,42.19,91.26,0.63,-1,-1,-1
191,656,1079.58,743.56,47.44,88.96,0.53,-1,-1,-1
191,653,1518.71,356.03,32.62,61.76,0.57,-1,-1,-1
192,123,240.63,673.02,224.08,145.87,0.92,-1,-1,-1
192,400,327.63,798.60,294.18,185.88,0.94,-1,-1,-1
192,404,630.75,694.09,295.50,153.31,0.92,-1,-1,-1
192,412,1716.91,411.27,128.39,79.99,0.84,-1,-1,-1
192,413,198.40,405.12,126.86,89.76,0.82,-1,-1,-1
192,414,307.36,989.25,325.79,214.61,0.87,-1,-1,-1
192,416,1602.34,339.47,98.80,73.98,0.84,-1,-1,-1
192,423,153.47,349.13,82.19,75.33,0.72,-1,-1,-1
192,464,0.00,723.01,152.66,180.87,0.90,-1,-1,-1
192,503,96.26,539.32,203.10,107.09,0.91,-1,-1,-1
192,505,1019.70,663.79,44.04,88.04,0.43,-1,-1,-1
192,425,923.32,671.84,50.81,80.40,0.78,-1,-1,-1
192,516,1848.53,762.75,54.34,105.97,0.41,-1,-1,-1
192,532,1916.41,616.65,34.71,68.88,0.55,-1,-1,-1
192,593,1792.82,1108.06,61.88,134.28,0.73,-1,-1,-1
192,453,2025.35,788.12,57.25,125.93,0.64,-1,-1,-1
192,486,2049.16,931.18,58.02,125.78,0.75,-1,-1,-1
192,635,2067.82,1058.76,47.12,113.90,0.27,-1,-1,-1
192,636,1579.30,991.03,76.48,119.13,0.54,-1,-1,-1
192,637,2127.67,535.01,37.18,75.78,0.62,-1,-1,-1
192,648,1588.68,976.97,59.21,107.24,0.57,-1,-1,-1
192,590,129.50,996.12,71.41,136.57,0.61,-1,-1,-1
192,714,1913.89,547.10,38.48,64.16,0.51,-1,-1,-1
192,715,1413.43,370.70,30.43,58.94,0.45,-1,-1,-1
192,718,42.22,619.99,72.80,67.80,0.59,-1,-1,-1
192,720,124.67,687.57,37.58,66.38,0.56,-1,-1,-1
192,732,1750.71,316.20,86.10,71.45,0.78,-1,-1,-1
192,644,1881.53,303.41,85.67,69.17,0.83,-1,-1,-1
192,411,1672.84,352.42,98.37,73.45,0.83,-1,-1,-1
192,742,1400.87,968.32,56.46,112.75,0.57,-1,-1,-1
192,533,1790.14,803.17,45.27,101.74,0.65,-1,-1,-1
192,747,1097.08,678.50,40.97,88.59,0.64,-1,-1,-1
192,656,1076.82,744.43,45.15,85.12,0.43,-1,-1,-1
192,753,2121.90,265.50,73.83,53.67,0.75,-1,-1,-1
192,754,1754.32,272.47,73.86,44.65,0.64,-1,-1,-1
192,755,1946.18,215.82,54.33,45.57,0.52,-1,-1,-1
192,756,2067.56,192.25,58.47,43.55,0.57,-1,-1,-1
192,757,1909.39,243.04,50.83,49.12,0.72,-1,-1,-1
192,758,47.71,511.91,39.67,73.82,0.60,-1,-1,-1
192,759,1431.82,575.28,40.75,80.31,0.55,-1,-1,-1
192,760,680.36,565.87,42.72,78.24,0.63,-1,-1,-1
192,761,1641.50,795.85,41.66,85.25,0.55,-1,-1,-1
192,653,1519.01,357.99,30.37,58.88,0.50,-1,-1,-1
193,123,239.59,674.79,225.46,146.90,0.92,-1,-1,-1
193,400,323.03,803.07,293.74,185.48,0.93,-1,-1,-1
193,404,629.77,698.71,292.25,151.37,0.93,-1,-1,-1
193,412,1722.90,410.92,125.61,78.94,0.84,-1,-1,-1
193,413,199.63,409.60,124.59,87.92,0.83,-1,-1,-1
193,414,315.97,992.30,333.05,219.61,0.88,-1,-1,-1
193,416,1601.84,342.74,100.13,74.86,0.83,-1,-1,-1
193,423,154.49,353.71,79.94,73.16,0.72,-1,-1,-1
193,464,0.00,726.29,153.22,184.85,0.90,-1,-1,-1
193,503,99.87,543.21,201.40,106.74,0.92,-1,-1,-1
193,505,1017.06,670.64,43.43,86.91,0.47,-1,-1,-1
193,425,918.13,672.73,51.23,78.95,0.75,-1,-1,-1
193,516,1850.58,760.33,53.48,104.42,0.45,-1,-1,-1
193,532,1918.44,615.64,34.96,68.71,0.50,-1,-1,-1
193,593,1791.03,1114.84,64.72,139.97,0.69,-1,-1,-1
193,453,2025.19,790.77,57.20,125.69,0.66,-1,-1,-1
193,486,2047.01,933.77,58.98,129.70,0.74,-1,-1,-1
193,635,2068.33,1066.44,45.44,110.16,0.20,-1,-1,-1
193,636,1584.60,981.90,75.46,119.29,0.50,-1,-1,-1
193,637,2128.96,537.92,36.82,74.77,0.68,-1,-1,-1
193,648,1592.23,967.63,62.84,114.53,0.54,-1,-1,-1
193,590,137.04,999.55,71.71,137.17,0.72,-1,-1,-1
193,714,1918.71,551.59,34.82,57.69,0.47,-1,-1,-1
193,718,39.39,624.05,69.59,64.41,0.52,-1,-1,-1
193,732,1750.37,317.89,86.26,71.51,0.77,-1,-1,-1
193,644,1885.37,305.34,84.94,68.49,0.81,-1,-1,-1
193,411,1672.31,356.51,97.96,73.03,0.83,-1,-1,-1
193,742,1393.02,961.44,58.86,117.09,0.61,-1,-1,-1
193,533,1792.40,800.52,45.30,101.50,0.64,-1,-1,-1
193,747,1094.12,676.50,41.32,89.28,0.56,-1,-1,-1
193,656,1072.96,739.79,45.45,86.32,0.55,-1,-1,-1
193,753,2121.21,265.99,73.83,53.60,0.72,-1,-1,-1
193,754,1757.16,274.05,67.98,40.98,0.67,-1,-1,-1
193,755,1945.70,217.12,53.82,45.01,0.49,-1,-1,-1
193,756,2069.40,191.07,58.54,43.63,0.56,-1,-1,-1
193,757,1909.84,243.99,50.50,48.81,0.69,-1,-1,-1
193,758,46.57,515.48,38.61,71.80,0.66,-1,-1,-1
193,759,1441.48,574.01,40.11,79.11,0.53,-1,-1,-1
193,760,677.94,563.99,43.14,79.16,0.62,-1,-1,-1
193,761,1643.65,789.71,45.29,92.76,0.50,-1,-1,-1
193,653,1517.54,358.74,29.65,58.31,0.54,-1,-1,-1
193,762,0.00,404.84,71.75,70.62,0.70,-1,-1,-1
193,763,783.25,611.81,45.60,64.01,0.57,-1,-1,-1
193,764,1186.75,611.63,42.70,77.96,0.56,-1,-1,-1
193,638,1810.96,251.87,50.14,38.24,0.52,-1,-1,-1
194,123,239.53,674.78,225.43,146.97,0.93,-1,-1,-1
194,400,316.84,803.76,295.49,186.88,0.94,-1,-1,-1
194,404,628.10,699.34,291.70,150.74,0.93,-1,-1,-1
194,412,1728.95,408.05,123.49,78.40,0.86,-1,-1,-1
194,413,199.47,410.33,124.39,87.64,0.82,-1,-1,-1
194,414,327.09,999.65,333.26,219.15,0.89,-1,-1,-1
194,416,1601.61,343.37,99.95,74.56,0.83,-1,-1,-1
194,423,154.60,355.23,78.71,71.84,0.71,-1,-1,-1
194,464,0.00,730.25,151.44,184.13,0.92,-1,-1,-1
194,503,103.00,544.60,199.52,106.17,0.92,-1,-1,-1
194,505,1014.27,673.45,42.29,83.97,0.47,-1,-1,-1
194,425,913.55,670.66,51.47,76.99,0.80,-1,-1,-1
194,516,1853.74,759.86,51.41,101.08,0.42,-1,-1,-1
194,532,1916.30,611.66,40.58,80.44,0.59,-1,-1,-1
194,593,1789.61,1130.96,63.48,135.68,0.55,-1,-1,-1
194,453,2025.22,790.91,57.03,125.38,0.64,-1,-1,-1
194,486,2046.44,938.24,57.41,126.77,0.74,-1,-1,-1
194,635,2066.89,1068.19,45.03,109.30,0.41,-1,-1,-1
194,636,1589.03,971.42,74.12,119.51,0.62,-1,-1,-1
194,637,2129.46,537.92,37.08,75.25,0.69,-1,-1,-1
194,648,1599.43,959.22,59.59,109.04,0.53,-1,-1,-1
194,590,141.39,1002.27,70.77,136.75,0.72,-1,-1,-1
194,718,36.06,624.48,66.91,61.40,0.63,-1,-1,-1
194,732,1750.23,318.50,85.91,71.12,0.76,-1,-1,-1
194,644,1888.26,302.79,84.57,68.27,0.80,-1,-1,-1
194,411,1671.62,357.21,98.38,73.27,0.83,-1,-1,-1
194,742,1387.88,956.50,58.40,114.66,0.65,-1,-1,-1
194,533,1795.28,797.50,45.18,100.70,0.58,-1,-1,-1
194,747,1091.51,674.11,41.30,89.15,0.55,-1,-1,-1
194,656,1069.96,736.42,45.20,86.66,0.53,-1,-1,-1
194,753,2122.28,266.24,73.30,53.13,0.76,-1,-1,-1
194,754,1759.41,273.97,62.79,37.61,0.68,-1,-1,-1
194,755,1947.52,221.72,49.34,40.95,0.49,-1,-1,-1
194,756,2070.96,188.48,59.03,44.11,0.58,-1,-1,-1
194,757,1910.19,244.10,49.85,48.18,0.69,-1,-1,-1
194,758,46.15,518.15,37.31,69.20,0.65,-1,-1,-1
194,759,1455.02,573.12,41.72,81.94,0.54,-1,-1,-1
194,760,673.47,561.46,45.58,83.92,0.54,-1,-1,-1
194,761,1648.49,783.90,43.23,88.59,0.54,-1,-1,-1
194,653,1515.97,359.11,29.66,58.79,0.55,-1,-1,-1
194,762,0.00,402.17,69.02,71.91,0.63,-1,-1,-1
194,763,782.83,614.51,42.14,59.08,0.52,-1,-1,-1
194,764,1191.19,614.03,42.78,78.02,0.49,-1,-1,-1
194,766,97.00,669.32,45.79,76.42,0.58,-1,-1,-1
194,638,1809.85,250.99,53.17,37.68,0.55,-1,-1,-1
195,123,239.93,674.23,224.72,146.54,0.93,-1,-1,-1
195,400,312.04,803.67,296.25,187.49,0.93,-1,-1,-1
195,404,626.66,699.12,291.00,150.01,0.93,-1,-1,-1
195,412,1735.49,405.13,120.60,76.81,0.83,-1,-1,-1
195,413,199.48,410.01,124.04,87.28,0.82,-1,-1,-1
195,414,337.79,1005.15,332.50,217.86,0.88,-1,-1,-1
195,416,1601.64,343.10,99.07,73.85,0.83,-1,-1,-1
195,423,154.56,355.11,78.21,71.23,0.69,-1,-1,-1
195,464,0.00,735.23,148.91,181.24,0.94,-1,-1,-1
195,503,106.40,545.45,197.34,105.34,0.92,-1,-1,-1
195,505,1015.32,677.06,39.31,77.41,0.32,-1,-1,-1
195,425,906.15,667.01,52.75,76.67,0.78,-1,-1,-1
195,516,1856.71,759.06,49.81,98.50,0.35,-1,-1,-1
195,532,1918.99,607.13,38.60,76.01,0.56,-1,-1,-1
195,593,1791.19,1143.09,61.18,129.16,0.64,-1,-1,-1
195,453,2024.55,790.29,57.19,125.56,0.65,-1,-1,-1
195,486,2045.84,939.93,56.28,124.96,0.73,-1,-1,-1
195,635,2067.03,1070.60,43.91,106.56,0.38,-1,-1,-1
195,636,1595.12,958.76,72.20,119.11,0.56,-1,-1,-1
195,637,2130.04,537.64,37.37,75.84,0.62,-1,-1,-1
195,648,1603.65,948.63,60.93,112.73,0.60,-1,-1,-1
195,590,146.81,1001.52,71.04,138.49,0.70,-1,-1,-1
195,718,32.29,623.25,65.94,59.58,0.68,-1,-1,-1
195,732,1750.45,317.93,85.55,70.71,0.77,-1,-1,-1
195,644,1892.04,300.42,84.29,67.90,0.78,-1,-1,-1
195,411,1671.42,356.86,98.36,73.19,0.85,-1,-1,-1
195,742,1381.43,948.39,59.79,116.19,0.66,-1,-1,-1
195,533,1797.57,792.63,45.82,101.38,0.55,-1,-1,-1
195,747,1088.98,671.14,40.86,88.09,0.55,-1,-1,-1
195,656,1067.71,731.00,43.90,85.37,0.49,-1,-1,-1
195,753,2122.66,265.88,73.50,53.20,0.78,-1,-1,-1
195,754,1758.41,273.80,64.28,38.34,0.70,-1,-1,-1
195,755,1947.34,222.40,49.09,40.42,0.48,-1,-1,-1
195,756,2074.08,186.96,58.56,43.96,0.63,-1,-1,-1
195,757,1907.72,241.54,51.53,49.75,0.69,-1,-1,-1
195,758,46.55,521.15,35.30,65.28,0.46,-1,-1,-1
195,759,1466.48,572.04,37.96,74.33,0.49,-1,-1,-1
195,760,670.49,560.52,45.20,83.54,0.46,-1,-1,-1
195,761,1652.30,776.24,42.13,86.31,0.57,-1,-1,-1
195,653,1512.77,359.24,30.86,61.81,0.64,-1,-1,-1
195,762,0.00,401.09,64.69,72.33,0.69,-1,-1,-1
195,763,777.92,606.37,44.72,62.84,0.48,-1,-1,-1
195,764,1195.62,615.13,44.54,81.27,0.56,-1,-1,-1
195,766,90.42,671.09,45.26,75.45,0.50,-1,-1,-1
195,638,1808.89,251.06,54.66,36.89,0.55,-1,-1,-1
195,642,35.31,467.89,53.32,66.10,0.57,-1,-1,-1
196,123,240.19,673.12,224.21,146.18,0.93,-1,-1,-1
196,400,308.08,803.96,296.87,187.94,0.92,-1,-1,-1
196,404,624.15,698.24,291.35,149.93,0.93,-1,-1,-1
196,412,1741.25,401.44,118.60,75.91,0.82,-1,-1,-1
196,413,198.32,408.83,125.05,87.97,0.84,-1,-1,-1
196,414,353.35,1008.06,334.52,218.79,0.89,-1,-1,-1
196,416,1601.92,342.91,97.92,72.89,0.83,-1,-1,-1
196,423,154.33,354.20,78.57,71.41,0.69,-1,-1,-1
196,464,0.00,737.32,147.61,179.57,0.94,-1,-1,-1
196,503,108.43,545.74,195.79,104.75,0.92,-1,-1,-1
196,505,1011.29,675.02,38.88,75.52,0.40,-1,-1,-1
196,425,901.19,666.77,51.20,71.34,0.78,-1,-1,-1
196,516,1860.29,755.30,48.91,96.46,0.31,-1,-1,-1
196,532,1919.36,601.87,40.88,80.50,0.56,-1,-1,-1
196,593,1792.98,1145.29,61.15,128.46,0.53,-1,-1,-1
196,453,2023.96,788.63,57.61,126.56,0.63,-1,-1,-1
196,486,2045.20,939.17,56.82,126.68,0.72,-1,-1,-1
196,635,2067.29,1070.60,43.30,105.04,0.30,-1,-1,-1
196,636,1600.99,949.91,69.21,115.98,0.54,-1,-1,-1
196,637,2130.39,535.88,37.95,77.37,0.67,-1,-1,-1
196,648,1608.68,937.85,56.51,105.10,0.52,-1,-1,-1
196,590,152.29,1002.21,72.07,141.89,0.74,-1,-1,-1
196,718,28.79,625.73,63.20,55.50,0.55,-1,-1,-1
196,732,1750.30,316.95,85.53,70.55,0.78,-1,-1,-1
196,644,1895.90,297.67,83.36,67.06,0.78,-1,-1,-1
196,411,1671.32,356.16,98.43,73.05,0.85,-1,-1,-1
196,742,1377.53,946.21,57.41,109.99,0.63,-1,-1,-1
196,533,1800.20,788.21,46.11,101.15,0.63,-1,-1,-1
196,747,1086.96,668.56,40.46,86.97,0.53,-1,-1,-1
196,656,1062.31,725.27,45.16,88.23,0.49,-1,-1,-1
196,753,2123.18,265.59,73.07,52.78,0.78,-1,-1,-1
196,754,1757.07,272.99,67.43,40.07,0.73,-1,-1,-1
196,755,1944.70,217.04,55.30,45.40,0.55,-1,-1,-1
196,756,2075.45,186.00,57.19,43.10,0.67,-1,-1,-1
196,757,1907.20,240.72,51.41,49.33,0.73,-1,-1,-1
196,758,46.49,522.65,34.79,64.22,0.65,-1,-1,-1
196,759,1477.19,570.72,36.69,71.44,0.50,-1,-1,-1
196,760,668.38,556.64,43.57,80.71,0.48,-1,-1,-1
196,761,1654.99,768.66,43.92,90.02,0.65,-1,-1,-1
196,653,1510.28,359.54,31.04,62.37,0.64,-1,-1,-1
196,762,0.00,399.70,61.28,73.73,0.22,-1,-1,-1
196,763,773.88,600.14,46.29,65.32,0.43,-1,-1,-1
196,764,1201.47,616.11,42.29,76.76,0.60,-1,-1,-1
196,766,80.21,673.13,43.18,71.96,0.53,-1,-1,-1
196,638,1807.97,250.40,56.67,37.18,0.62,-1,-1,-1
196,642,33.56,470.61,57.09,63.35,0.54,-1,-1,-1
197,123,241.10,672.33,223.81,145.87,0.93,-1,-1,-1
197,400,304.63,803.85,298.05,188.84,0.93,-1,-1,-1
197,404,622.74,698.18,291.02,149.44,0.93,-1,-1,-1
197,412,1747.58,396.74,116.99,75.33,0.83,-1,-1,-1
197,413,197.95,406.38,127.05,89.46,0.85,-1,-1,-1
197,414,361.50,1010.78,340.15,222.69,0.90,-1,-1,-1
197,416,1602.37,342.00,98.45,73.13,0.81,-1,-1,-1
197,423,154.70,353.36,78.64,71.38,0.73,-1,-1,-1
197,464,0.00,737.35,147.73,180.39,0.94,-1,-1,-1
197,503,110.19,545.34,196.15,105.18,0.92,-1,-1,-1
197,505,1007.99,666.44,40.98,79.39,0.43,-1,-1,-1
197,425,895.10,664.44,50.91,67.95,0.73,-1,-1,-1
197,516,1863.83,753.73,47.94,94.03,0.48,-1,-1,-1
197,532,1922.36,597.33,42.01,83.18,0.62,-1,-1,-1
197,593,1796.41,1138.61,61.60,129.86,0.56,-1,-1,-1
197,453,2025.06,787.66,57.02,125.55,0.58,-1,-1,-1
197,486,2044.98,939.39,56.39,126.01,0.72,-1,-1,-1
197,635,2068.32,1070.61,42.63,103.30,0.16,-1,-1,-1
197,636,1607.11,944.03,65.31,110.43,0.60,-1,-1,-1
197,637,2131.87,535.57,37.47,76.58,0.64,-1,-1,-1
197,648,1615.72,927.07,52.74,97.67,0.47,-1,-1,-1
197,590,161.78,1000.25,73.58,145.88,0.68,-1,-1,-1
197,732,1750.02,315.85,85.79,70.60,0.78,-1,-1,-1
197,644,1899.68,294.12,84.13,67.46,0.74,-1,-1,-1
197,411,1672.20,354.94,98.87,73.36,0.85,-1,-1,-1
197,742,1376.24,945.06,54.88,103.64,0.59,-1,-1,-1
197,533,1801.50,782.58,47.86,104.36,0.64,-1,-1,-1
197,747,1084.41,664.75,40.93,87.46,0.54,-1,-1,-1
197,656,1057.58,721.84,44.74,87.46,0.50,-1,-1,-1
197,753,2123.54,265.46,72.65,52.33,0.78,-1,-1,-1
197,754,1756.55,272.59,68.32,40.46,0.78,-1,-1,-1
197,755,1943.90,213.88,58.56,47.98,0.55,-1,-1,-1
197,756,2078.44,185.10,56.65,42.80,0.64,-1,-1,-1
197,757,1908.48,240.78,51.13,48.97,0.69,-1,-1,-1
197,758,46.74,524.29,35.41,65.31,0.64,-1,-1,-1
197,759,1487.27,567.51,38.88,75.25,0.62,-1,-1,-1
197,760,665.90,554.37,41.58,77.27,0.53,-1,-1,-1
197,761,1659.92,761.04,44.42,91.07,0.55,-1,-1,-1
197,653,1508.17,360.72,30.86,61.53,0.63,-1,-1,-1
197,763,769.18,592.72,49.14,69.83,0.59,-1,-1,-1
197,764,1207.15,617.74,43.76,79.21,0.54,-1,-1,-1
197,766,65.64,674.49,43.43,71.99,0.47,-1,-1,-1
197,638,1807.98,250.27,58.30,37.49,0.60,-1,-1,-1
197,642,35.12,471.61,59.99,62.05,0.48,-1,-1,-1
197,768,3.53,1227.09,70.28,153.07,0.58,-1,-1,-1
197,769,712.82,436.37,35.20,62.96,0.59,-1,-1,-1
198,123,249.08,672.25,221.70,143.94,0.93,-1,-1,-1
198,400,305.96,803.19,298.49,189.32,0.93,-1,-1,-1
198,404,627.82,696.79,292.47,150.24,0.92,-1,-1,-1
198,412,1758.46,392.77,115.58,74.91,0.84,-1,-1,-1
198,413,202.40,404.12,128.06,90.50,0.84,-1,-1,-1
198,414,381.79,1014.20,342.11,224.07,0.90,-1,-1,-1
198,416,1608.24,341.81,99.40,73.20,0.83,-1,-1,-1
198,423,159.65,350.97,80.35,72.75,0.72,-1,-1,-1
198,464,0.00,736.15,151.07,181.52,0.92,-1,-1,-1
198,503,116.50,543.67,198.56,106.70,0.91,-1,-1,-1
198,505,1006.93,652.55,43.08,83.56,0.58,-1,-1,-1
198,425,893.56,661.68,51.63,65.69,0.71,-1,-1,-1
198,516,1872.08,752.10,46.34,90.60,0.47,-1,-1,-1
198,532,1930.21,593.49,41.64,83.23,0.53,-1,-1,-1
198,593,1804.76,1136.27,62.24,133.00,0.63,-1,-1,-1
198,453,2029.55,787.27,56.88,125.43,0.67,-1,-1,-1
198,486,2049.06,942.75,53.87,120.25,0.76,-1,-1,-1
198,636,1617.40,933.00,64.32,110.13,0.56,-1,-1,-1
198,637,2140.14,534.37,36.59,74.38,0.58,-1,-1,-1
198,648,1623.75,917.01,54.41,101.69,0.54,-1,-1,-1
198,590,176.31,1000.38,70.89,141.33,0.68,-1,-1,-1
198,732,1755.76,316.21,85.48,70.13,0.75,-1,-1,-1
198,644,1908.79,292.01,83.66,66.57,0.76,-1,-1,-1
198,411,1677.27,354.23,98.94,73.60,0.86,-1,-1,-1
198,742,1372.23,928.67,61.02,114.93,0.66,-1,-1,-1
198,533,1805.57,778.06,50.41,110.25,0.31,-1,-1,-1
198,747,1085.36,659.93,42.20,89.36,0.51,-1,-1,-1
198,656,1059.72,718.19,44.02,86.45,0.45,-1,-1,-1
198,753,2128.48,264.91,73.50,52.79,0.73,-1,-1,-1
198,754,1758.99,272.06,73.95,43.87,0.64,-1,-1,-1
198,755,1950.54,220.35,52.60,42.50,0.49,-1,-1,-1
198,756,2085.69,183.85,56.54,42.75,0.68,-1,-1,-1
198,757,1912.69,240.86,51.37,49.08,0.65,-1,-1,-1
198,758,53.68,525.27,35.82,66.05,0.68,-1,-1,-1
198,759,1501.49,564.54,40.20,77.45,0.59,-1,-1,-1
198,760,666.96,551.97,41.94,78.22,0.52,-1,-1,-1
198,761,1668.58,756.00,44.10,90.06,0.65,-1,-1,-1
198,653,1510.80,361.92,30.17,60.02,0.55,-1,-1,-1
198,763,771.73,591.02,48.36,68.86,0.52,-1,-1,-1
198,764,1216.27,618.43,43.99,79.55,0.56,-1,-1,-1
198,766,65.86,675.55,42.28,69.50,0.46,-1,-1,-1
198,638,1812.62,250.45,58.64,37.31,0.52,-1,-1,-1
198,642,37.98,470.47,64.74,63.02,0.51,-1,-1,-1
198,768,10.92,1206.47,73.81,160.47,0.57,-1,-1,-1
198,769,707.89,436.53,34.91,62.41,0.62,-1,-1,-1
199,123,265.71,669.20,223.28,145.14,0.93,-1,-1,-1
199,400,323.98,803.07,296.99,188.76,0.94,-1,-1,-1
199,404,639.14,694.21,293.12,150.35,0.93,-1,-1,-1
199,412,1777.34,389.25,116.85,76.33,0.84,-1,-1,-1
199,413,221.93,403.21,124.72,88.04,0.84,-1,-1,-1
199,414,410.68,1015.88,344.84,226.15,0.89,-1,-1,-1
199,416,1621.14,342.61,99.41,73.23,0.79,-1,-1,-1
199,423,176.81,347.42,81.51,73.85,0.73,-1,-1,-1
199,464,8.03,734.88,154.99,181.40,0.91,-1,-1,-1
199,503,137.06,541.65,197.31,106.10,0.91,-1,-1,-1
199,425,900.85,657.25,52.97,64.56,0.70,-1,-1,-1
199,593,1821.25,1138.28,63.68,136.41,0.66,-1,-1,-1
199,453,2045.63,788.64,57.28,125.55,0.65,-1,-1,-1
199,486,2063.87,946.69,54.27,120.66,0.70,-1,-1,-1
199,636,1635.94,921.97,64.99,112.35,0.60,-1,-1,-1
199,648,1642.21,908.32,56.73,106.52,0.61,-1,-1,-1
199,590,201.48,998.05,71.41,143.33,0.65,-1,-1,-1
199,732,1769.91,316.59,86.21,70.61,0.76,-1,-1,-1
199,644,1929.76,296.66,79.69,62.61,0.53,-1,-1,-1
199,411,1692.90,354.83,99.61,74.33,0.85,-1,-1,-1
199,742,1379.06,921.25,63.26,118.58,0.73,-1,-1,-1
199,753,2143.71,265.16,76.94,55.29,0.68,-1,-1,-1
199,754,1774.57,273.45,73.26,43.39,0.45,-1,-1,-1
199,642,55.29,470.73,64.40,61.25,0.53,-1,-1,-1
199,768,38.61,1191.71,72.36,156.51,0.52,-1,-1,-1
199,769,715.26,435.50,34.94,62.45,0.60,-1,-1,-1
199,718,6.27,633.42,84.71,77.84,0.72,-1,-1,-1
199,762,0.00,396.70,65.47,73.57,0.65,-1,-1,-1
200,123,300.83,663.76,221.95,144.25,0.89,-1,-1,-1
200,400,354.78,799.74,295.25,188.16,0.93,-1,-1,-1
200,404,668.38,691.94,290.79,148.82,0.91,-1,-1,-1
200,412,1813.26,387.82,118.01,77.74,0.82,-1,-1,-1
200,413,256.36,398.72,123.84,87.63,0.81,-1,-1,-1
200,414,453.62,1015.30,348.06,228.64,0.90,-1,-1,-1
200,416,1648.35,344.05,100.25,74.00,0.79,-1,-1,-1
200,464,41.55,730.67,155.51,180.00,0.89,-1,-1,-1
200,503,176.50,538.04,195.96,105.83,0.90,-1,-1,-1
200,411,1721.34,356.30,101.41,75.85,0.78,-1,-1,-1
200,434,123.59,519.32,41.75,68.90,0.57,-1,-1,-1
200,516,1875.67,772.32,49.38,96.26,0.60,-1,-1,-1
201,123,348.34,654.22,224.56,146.55,0.88,-1,-1,-1
201,400,394.51,795.03,291.72,186.38,0.90,-1,-1,-1
201,404,714.23,690.99,284.37,145.40,0.92,-1,-1,-1
201,412,1861.88,387.70,119.29,79.11,0.79,-1,-1,-1
201,413,306.96,396.29,123.00,87.44,0.81,-1,-1,-1
201,414,507.67,1013.32,351.24,231.52,0.90,-1,-1,-1
201,464,92.11,723.44,155.76,178.99,0.89,-1,-1,-1
201,503,229.69,531.90,195.25,105.75,0.86,-1,-1,-1
201,411,1717.20,350.36,99.39,74.43,0.76,-1,-1,-1
201,505,981.31,645.15,40.65,69.28,0.78,-1,-1,-1
201,763,771.43,570.99,40.28,56.88,0.50,-1,-1,-1
201,642,35.31,473.93,97.97,85.52,0.86,-1,-1,-1
202,123,406.57,650.79,219.42,143.16,0.88,-1,-1,-1
202,400,446.85,790.09,286.44,183.64,0.91,-1,-1,-1
202,404,761.93,687.15,284.23,145.13,0.90,-1,-1,-1
202,414,569.16,1011.79,353.53,234.15,0.90,-1,-1,-1
202,464,148.92,713.61,156.34,177.96,0.91,-1,-1,-1
202,503,290.50,526.16,193.98,105.56,0.87,-1,-1,-1
202,642,52.39,471.81,113.99,87.93,0.92,-1,-1,-1
202,663,173.75,611.87,88.79,72.07,0.51,-1,-1,-1
202,732,1772.56,347.07,90.73,73.40,0.73,-1,-1,-1
203,123,466.91,643.59,218.49,143.09,0.92,-1,-1,-1
203,400,498.69,785.58,284.60,183.01,0.91,-1,-1,-1
203,404,815.37,685.50,284.19,145.38,0.91,-1,-1,-1
203,414,635.25,1011.15,354.02,235.57,0.90,-1,-1,-1
203,464,212.00,706.22,156.87,177.60,0.92,-1,-1,-1
203,503,356.07,520.45,192.68,105.58,0.88,-1,-1,-1
203,642,102.16,467.26,125.90,88.57,0.88,-1,-1,-1
203,805,1824.92,357.00,106.80,76.62,0.76,-1,-1,-1
203,423,197.65,374.71,75.71,67.31,0.54,-1,-1,-1
203,453,2045.88,802.71,48.60,103.81,0.51,-1,-1,-1
203,412,1895.87,375.14,114.12,76.59,0.81,-1,-1,-1
204,123,531.58,638.71,214.72,141.04,0.92,-1,-1,-1
204,400,558.88,781.29,279.24,179.97,0.91,-1,-1,-1
204,404,870.42,684.90,283.73,145.23,0.89,-1,-1,-1
204,414,704.41,1011.77,353.37,236.31,0.90,-1,-1,-1
204,464,280.05,701.53,152.57,171.55,0.92,-1,-1,-1
204,503,425.98,516.14,187.95,103.49,0.90,-1,-1,-1
204,642,164.61,460.90,135.29,88.55,0.87,-1,-1,-1
204,412,1891.30,364.98,113.59,76.80,0.72,-1,-1,-1
204,712,1217.25,562.29,56.72,53.44,0.51,-1,-1,-1
204,764,1249.16,627.62,39.44,70.29,0.50,-1,-1,-1
205,123,596.76,632.42,213.80,140.87,0.90,-1,-1,-1
205,400,619.66,778.47,274.54,177.35,0.91,-1,-1,-1
205,404,931.84,683.45,279.15,142.61,0.91,-1,-1,-1
205,414,776.10,1012.81,352.55,237.16,0.90,-1,-1,-1
205,464,351.23,695.46,149.76,167.11,0.92,-1,-1,-1
205,503,499.19,511.27,183.88,101.96,0.90,-1,-1,-1
205,412,1935.12,365.48,113.34,76.85,0.68,-1,-1,-1
205,831,20.79,1151.26,186.86,228.49,0.85,-1,-1,-1
205,835,55.94,410.90,140.19,75.71,0.87,-1,-1,-1
206,123,663.71,627.72,212.06,140.12,0.90,-1,-1,-1
206,400,681.62,774.20,271.63,175.69,0.92,-1,-1,-1
206,404,993.92,682.48,277.60,141.72,0.89,-1,-1,-1
206,414,845.19,1017.31,360.01,243.69,0.90,-1,-1,-1
206,464,422.10,687.48,149.39,165.81,0.91,-1,-1,-1
206,503,571.47,506.54,183.32,102.48,0.89,-1,-1,-1
206,831,43.46,1135.32,202.06,244.73,0.86,-1,-1,-1
206,850,2026.08,377.30,105.49,76.18,0.70,-1,-1,-1
206,636,1692.27,917.89,66.40,112.26,0.64,-1,-1,-1
206,413,366.47,440.04,130.39,88.30,0.82,-1,-1,-1
206,423,183.10,400.68,93.89,72.79,0.84,-1,-1,-1
207,123,733.62,623.32,210.37,139.65,0.90,-1,-1,-1
207,400,742.22,772.40,269.55,174.15,0.92,-1,-1,-1
207,404,1056.37,683.23,276.78,141.61,0.89,-1,-1,-1
207,414,918.57,1022.57,365.48,249.56,0.88,-1,-1,-1
207,464,491.64,681.18,150.33,166.10,0.90,-1,-1,-1
207,503,645.03,503.03,181.22,102.23,0.87,-1,-1,-1
207,831,76.01,1115.92,203.48,240.31,0.87,-1,-1,-1
207,862,2104.15,384.59,109.17,77.70,0.70,-1,-1,-1
207,413,423.36,441.10,133.10,87.00,0.85,-1,-1,-1
207,761,1716.36,694.06,43.16,79.43,0.56,-1,-1,-1
207,764,1263.68,622.07,40.06,62.21,0.78,-1,-1,-1
208,123,802.48,619.76,208.80,139.25,0.89,-1,-1,-1
208,400,804.38,770.49,266.24,171.99,0.92,-1,-1,-1
208,404,1117.88,684.27,275.76,141.30,0.89,-1,-1,-1
208,414,995.40,1028.83,366.88,252.72,0.89,-1,-1,-1
208,464,560.95,675.33,149.42,164.08,0.90,-1,-1,-1
208,503,718.42,500.47,177.88,101.29,0.86,-1,-1,-1
208,831,93.25,1102.55,222.26,254.06,0.84,-1,-1,-1
208,413,489.28,439.11,135.65,86.28,0.83,-1,-1,-1
208,873,2174.92,392.44,111.04,78.72,0.72,-1,-1,-1
208,881,2483.64,340.25,66.60,48.83,0.65,-1,-1,-1
208,835,19.59,376.37,144.34,77.20,0.78,-1,-1,-1
209,123,871.96,618.16,204.72,137.40,0.87,-1,-1,-1
209,400,866.09,770.05,263.43,170.22,0.91,-1,-1,-1
209,404,1179.29,684.69,272.54,139.28,0.91,-1,-1,-1
209,414,1064.87,1033.09,376.45,262.56,0.88,-1,-1,-1
209,464,629.63,670.80,148.54,161.80,0.91,-1,-1,-1
209,503,790.53,498.57,175.77,101.13,0.87,-1,-1,-1
209,831,118.65,1096.02,226.48,248.43,0.86,-1,-1,-1
209,413,561.33,435.90,138.42,86.52,0.81,-1,-1,-1
209,887,2250.78,402.23,119.22,81.78,0.69,-1,-1,-1
209,835,75.17,366.23,146.68,77.22,0.84,-1,-1,-1
209,758,51.08,529.93,45.58,83.80,0.58,-1,-1,-1
209,763,747.47,501.84,49.94,71.58,0.58,-1,-1,-1
210,123,938.40,617.49,201.65,136.19,0.88,-1,-1,-1
210,400,925.39,770.73,260.07,167.96,0.92,-1,-1,-1
210,404,1240.89,688.17,270.84,138.09,0.93,-1,-1,-1
210,414,1135.60,1045.10,376.56,265.35,0.90,-1,-1,-1
210,464,696.13,667.91,148.69,161.05,0.90,-1,-1,-1
210,503,860.31,497.52,174.22,101.29,0.87,-1,-1,-1
210,831,179.27,1076.96,236.77,247.51,0.85,-1,-1,-1
210,413,632.40,431.41,140.51,87.22,0.83,-1,-1,-1
210,898,35.37,420.33,161.82,85.88,0.83,-1,-1,-1
210,900,2330.35,414.63,120.16,78.75,0.63,-1,-1,-1
210,763,750.05,503.04,42.13,61.01,0.30,-1,-1,-1
211,123,998.26,616.06,200.84,136.87,0.87,-1,-1,-1
211,400,975.98,771.28,259.64,167.73,0.89,-1,-1,-1
211,404,1297.07,693.23,265.80,134.54,0.89,-1,-1,-1
211,414,1200.13,1053.62,389.29,278.25,0.90,-1,-1,-1
211,464,755.93,666.13,148.14,159.52,0.90,-1,-1,-1
211,503,923.00,496.56,173.99,102.30,0.86,-1,-1,-1
211,831,231.43,1064.54,244.69,244.17,0.87,-1,-1,-1
211,413,700.63,429.25,139.68,85.53,0.87,-1,-1,-1
211,906,2405.84,420.57,126.96,82.50,0.64,-1,-1,-1
211,701,732.75,546.09,50.83,56.88,0.56,-1,-1,-1
211,651,568.89,381.52,84.48,70.71,0.84,-1,-1,-1
211,423,141.50,415.48,121.32,82.58,0.82,-1,-1,-1
212,123,1053.26,616.35,198.20,136.06,0.88,-1,-1,-1
212,400,1023.07,773.90,256.38,165.00,0.91,-1,-1,-1
212,404,1350.09,698.66,262.32,131.94,0.92,-1,-1,-1
212,414,1259.02,1060.12,397.23,287.13,0.82,-1,-1,-1
212,464,810.08,664.34,147.58,157.71,0.93,-1,-1,-1
212,503,980.47,496.85,172.51,102.64,0.86,-1,-1,-1
212,831,280.25,1054.31,252.66,241.72,0.92,-1,-1,-1
212,413,759.32,426.75,141.44,86.11,0.84,-1,-1,-1
212,906,2452.91,427.84,132.63,86.10,0.76,-1,-1,-1
212,922,289.84,354.90,181.55,72.52,0.72,-1,-1,-1
212,926,12.26,1235.14,98.38,274.87,0.80,-1,-1,-1
212,930,889.31,1380.80,121.33,126.59,0.66,-1,-1,-1
212,651,602.57,377.71,100.13,71.38,0.84,-1,-1,-1
212,423,176.45,413.95,129.57,80.46,0.85,-1,-1,-1
212,564,1036.51,316.47,44.37,64.59,0.74,-1,-1,-1
212,643,928.94,489.69,51.60,74.20,0.51,-1,-1,-1
213,123,1099.69,615.80,196.81,136.36,0.89,-1,-1,-1
213,400,1060.31,775.88,255.13,164.04,0.89,-1,-1,-1
213,404,1394.08,702.99,259.37,129.55,0.92,-1,-1,-1
213,414,1316.35,1078.41,394.84,288.64,0.87,-1,-1,-1
213,464,856.71,664.28,146.71,155.85,0.93,-1,-1,-1
213,503,1032.11,497.99,168.04,101.21,0.85,-1,-1,-1
213,831,330.45,1048.64,255.91,232.56,0.89,-1,-1,-1
213,413,812.37,426.19,141.74,85.66,0.86,-1,-1,-1
213,906,2515.79,435.59,128.82,83.31,0.76,-1,-1,-1
213,922,344.35,353.18,176.24,70.24,0.74,-1,-1,-1
213,926,32.08,1223.10,99.62,273.85,0.69,-1,-1,-1
213,930,904.84,1374.43,123.43,128.06,0.68,-1,-1,-1
213,651,644.83,375.89,109.26,70.67,0.85,-1,-1,-1
213,423,222.46,410.40,136.91,79.39,0.82,-1,-1,-1
213,932,1090.14,372.55,104.61,77.73,0.84,-1,-1,-1
214,123,1134.85,615.97,194.68,136.07,0.89,-1,-1,-1
214,400,1086.04,777.75,256.09,164.58,0.93,-1,-1,-1
214,404,1426.06,706.27,259.03,128.39,0.91,-1,-1,-1
214,414,1356.54,1088.65,406.92,301.75,0.86,-1,-1,-1
214,464,890.01,664.14,147.47,155.48,0.94,-1,-1,-1
214,503,1070.57,498.96,165.50,100.84,0.86,-1,-1,-1
214,831,359.25,1043.94,260.97,227.22,0.90,-1,-1,-1
214,413,852.65,425.59,141.51,84.95,0.85,-1,-1,-1
214,906,2560.05,444.47,122.92,79.35,0.81,-1,-1,-1
214,922,396.93,350.43,175.51,69.88,0.75,-1,-1,-1
214,926,48.11,1213.02,101.13,269.67,0.76,-1,-1,-1
214,930,912.75,1366.99,123.46,127.05,0.64,-1,-1,-1
214,651,682.53,373.61,116.46,70.90,0.88,-1,-1,-1
214,423,263.11,406.60,143.26,78.82,0.80,-1,-1,-1
214,932,1120.47,371.81,105.76,78.66,0.84,-1,-1,-1
214,943,12.91,1015.85,97.40,173.34,0.82,-1,-1,-1
214,947,2059.79,943.25,80.63,113.68,0.68,-1,-1,-1
215,123,1155.11,615.81,193.61,136.62,0.87,-1,-1,-1
215,400,1098.50,779.22,256.23,164.44,0.91,-1,-1,-1
215,404,1442.35,708.03,258.74,126.85,0.91,-1,-1,-1
215,414,1394.34,1103.09,405.53,304.35,0.87,-1,-1,-1
215,464,909.48,664.49,148.10,155.17,0.91,-1,-1,-1
215,503,1093.05,499.41,165.14,101.80,0.88,-1,-1,-1
215,831,366.52,1040.94,269.55,225.33,0.89,-1,-1,-1
215,413,879.21,425.07,141.33,84.42,0.80,-1,-1,-1
215,906,2582.39,449.22,105.61,77.56,0.83,-1,-1,-1
215,922,431.62,350.14,170.95,67.91,0.77,-1,-1,-1
215,926,58.54,1210.95,102.82,262.27,0.71,-1,-1,-1
215,930,909.38,1360.20,127.67,130.18,0.67,-1,-1,-1
215,651,708.44,373.32,119.51,69.72,0.88,-1,-1,-1
215,423,287.83,405.08,147.01,77.40,0.77,-1,-1,-1
215,932,1144.69,372.03,104.97,78.22,0.81,-1,-1,-1
215,943,19.20,1011.95,100.77,177.85,0.84,-1,-1,-1
215,947,2067.89,940.36,80.83,114.08,0.70,-1,-1,-1
215,952,913.33,1001.46,94.21,120.22,0.69,-1,-1,-1
215,953,1117.63,317.35,67.22,63.77,0.73,-1,-1,-1
215,954,662.44,927.48,86.05,87.12,0.51,-1,-1,-1
215,958,813.41,727.22,44.89,90.26,0.62,-1,-1,-1
216,123,1164.37,616.02,191.46,136.26,0.90,-1,-1,-1
216,400,1099.61,780.49,256.55,164.57,0.91,-1,-1,-1
216,404,1446.38,709.71,261.21,126.84,0.91,-1,-1,-1
216,414,1421.29,1116.68,406.60,308.88,0.82,-1,-1,-1
216,464,915.63,664.38,149.84,156.37,0.90,-1,-1,-1
216,503,1103.35,499.54,164.16,102.41,0.88,-1,-1,-1
216,831,368.66,1041.07,280.22,224.99,0.88,-1,-1,-1
216,413,888.34,424.55,145.58,86.50,0.85,-1,-1,-1
216,906,2590.07,450.41,97.93,77.07,0.79,-1,-1,-1
216,922,447.40,349.84,170.72,67.69,0.76,-1,-1,-1
216,926,59.29,1202.98,109.50,266.39,0.65,-1,-1,-1
216,930,894.37,1351.82,134.81,136.35,0.63,-1,-1,-1
216,651,722.41,373.94,123.23,69.80,0.88,-1,-1,-1
216,423,298.81,403.22,152.20,77.53,0.81,-1,-1,-1
216,932,1153.93,370.00,105.20,78.59,0.74,-1,-1,-1
216,943,22.65,1009.03,101.68,177.06,0.86,-1,-1,-1
216,947,2069.42,935.23,80.00,113.14,0.61,-1,-1,-1
216,952,918.62,993.66,99.09,126.56,0.70,-1,-1,-1
216,953,1124.54,317.45,66.62,63.24,0.73,-1,-1,-1
216,954,662.95,919.03,87.87,88.97,0.52,-1,-1,-1
216,958,818.16,725.64,43.07,86.51,0.62,-1,-1,-1
216,960,1394.43,454.98,66.67,42.06,0.67,-1,-1,-1
216,961,1038.22,501.76,33.43,61.68,0.60,-1,-1,-1
216,963,860.19,362.08,67.03,40.88,0.59,-1,-1,-1
216,964,1541.79,603.72,73.02,60.43,0.63,-1,-1,-1
216,542,984.97,197.50,36.72,54.77,0.52,-1,-1,-1
216,505,910.35,622.28,40.04,69.79,0.56,-1,-1,-1
216,412,2114.70,347.97,108.48,70.52,0.52,-1,-1,-1
217,123,1168.52,615.87,189.62,135.92,0.89,-1,-1,-1
217,400,1095.43,781.06,256.96,164.79,0.92,-1,-1,-1
217,404,1445.09,709.43,264.99,127.79,0.91,-1,-1,-1
217,414,1446.27,1125.43,413.19,315.77,0.78,-1,-1,-1
217,464,916.93,664.39,150.99,157.03,0.90,-1,-1,-1
217,503,1108.71,499.57,163.02,102.91,0.89,-1,-1,-1
217,831,361.79,1039.48,290.45,225.23,0.89,-1,-1,-1
217,413,893.30,424.14,145.95,86.36,0.85,-1,-1,-1
217,906,2593.47,451.41,94.53,76.54,0.77,-1,-1,-1
217,922,454.34,348.36,173.57,68.73,0.78,-1,-1,-1
217,926,58.73,1205.04,113.59,261.86,0.63,-1,-1,-1
217,930,879.17,1343.84,138.37,138.97,0.62,-1,-1,-1
217,651,730.36,374.82,123.83,68.31,0.88,-1,-1,-1
217,423,305.97,403.13,153.47,75.69,0.79,-1,-1,-1
217,932,1158.57,371.16,102.77,76.88,0.78,-1,-1,-1
217,943,24.22,1007.55,101.75,173.94,0.84,-1,-1,-1
217,947,2066.31,921.27,84.21,119.87,0.60,-1,-1,-1
217,952,927.54,992.27,98.35,125.46,0.75,-1,-1,-1
217,953,1128.76,316.86,65.78,62.44,0.75,-1,-1,-1
217,954,660.73,912.58,92.34,93.40,0.53,-1,-1,-1
217,958,821.42,721.87,42.62,85.52,0.57,-1,-1,-1
217,960,1388.81,454.28,66.99,42.25,0.59,-1,-1,-1
217,961,1043.14,503.71,32.21,59.47,0.60,-1,-1,-1
217,963,862.15,365.84,60.03,36.55,0.55,-1,-1,-1
217,964,1534.74,598.46,73.75,60.98,0.16,-1,-1,-1
217,965,1157.23,931.00,61.67,121.25,0.62,-1,-1,-1
217,966,1754.23,691.36,59.75,72.47,0.53,-1,-1,-1
217,542,986.13,196.78,39.59,52.62,0.50,-1,-1,-1
217,505,908.20,621.73,39.60,69.47,0.51,-1,-1,-1
217,412,2123.34,347.94,111.61,70.25,0.31,-1,-1,-1
218,123,1171.17,615.74,187.85,135.40,0.89,-1,-1,-1
218,400,1090.55,782.51,257.48,165.16,0.92,-1,-1,-1
218,404,1440.68,708.59,270.83,130.20,0.91,-1,-1,-1
218,414,1466.34,1145.75,411.03,317.12,0.85,-1,-1,-1
218,464,916.05,664.20,152.40,158.07,0.90,-1,-1,-1
218,503,1112.13,499.61,162.00,103.42,0.87,-1,-1,-1
218,831,355.33,1039.17,299.15,224.70,0.88,-1,-1,-1
218,413,893.59,423.11,146.93,86.46,0.84,-1,-1,-1
218,906,2594.54,451.20,93.46,76.79,0.79,-1,-1,-1
218,922,461.22,347.11,175.35,69.31,0.81,-1,-1,-1
218,926,56.55,1204.48,119.12,259.96,0.60,-1,-1,-1
218,930,861.48,1339.50,141.41,140.50,0.68,-1,-1,-1
218,651,735.81,375.36,123.86,66.62,0.88,-1,-1,-1
218,423,309.59,402.57,155.33,74.53,0.76,-1,-1,-1
218,932,1159.69,369.40,105.08,78.81,0.75,-1,-1,-1
218,943,23.91,1004.79,104.92,175.66,0.81,-1,-1,-1
218,947,2063.88,918.84,80.66,115.28,0.58,-1,-1,-1
218,952,937.37,995.43,92.22,117.06,0.71,-1,-1,-1
218,953,1132.14,316.31,65.64,62.36,0.74,-1,-1,-1
218,954,656.86,905.33,97.06,98.27,0.42,-1,-1,-1
218,958,822.34,715.34,42.93,86.12,0.64,-1,-1,-1
218,960,1381.97,452.38,67.91,42.89,0.66,-1,-1,-1
218,961,1048.49,505.50,32.21,59.53,0.60,-1,-1,-1
218,963,858.99,363.96,60.29,36.69,0.62,-1,-1,-1
218,964,1525.91,593.00,75.69,62.55,0.74,-1,-1,-1
218,965,1165.93,928.71,64.36,127.13,0.57,-1,-1,-1
218,966,1748.47,682.27,62.54,75.78,0.57,-1,-1,-1
218,542,986.90,194.86,42.43,52.69,0.51,-1,-1,-1
218,505,905.96,622.55,39.74,70.47,0.49,-1,-1,-1
218,412,2123.55,346.81,116.52,72.03,0.42,-1,-1,-1
218,967,859.06,465.08,38.13,58.21,0.62,-1,-1,-1
218,968,2647.91,688.33,35.67,72.67,0.55,-1,-1,-1
219,123,1173.52,615.94,186.94,135.39,0.88,-1,-1,-1
219,400,1084.67,782.85,257.50,165.15,0.93,-1,-1,-1
219,404,1437.25,708.37,274.30,131.54,0.92,-1,-1,-1
219,414,1483.69,1158.38,415.19,322.01,0.79,-1,-1,-1
219,464,915.94,664.40,152.48,157.68,0.91,-1,-1,-1
219,503,1116.06,500.29,159.16,102.57,0.87,-1,-1,-1
219,831,359.26,1038.16,307.92,222.33,0.88,-1,-1,-1
219,413,899.13,423.27,143.97,84.36,0.84,-1,-1,-1
219,906,2595.65,451.10,92.35,76.78,0.79,-1,-1,-1
219,922,470.00,347.00,174.52,68.81,0.80,-1,-1,-1
219,926,55.08,1206.07,123.18,253.56,0.62,-1,-1,-1
219,930,844.35,1335.85,144.23,142.28,0.62,-1,-1,-1
219,651,741.79,375.28,124.47,65.59,0.90,-1,-1,-1
219,423,312.35,402.02,157.73,73.82,0.79,-1,-1,-1
219,932,1160.88,367.63,106.42,80.16,0.76,-1,-1,-1
219,943,23.55,1003.07,107.48,175.91,0.80,-1,-1,-1
219,947,2060.22,912.73,80.41,115.31,0.66,-1,-1,-1
219,952,945.33,1000.14,83.64,104.86,0.68,-1,-1,-1
219,953,1133.90,315.36,67.34,64.05,0.77,-1,-1,-1
219,954,656.74,902.32,96.91,97.92,0.40,-1,-1,-1
219,958,823.71,710.54,43.47,87.37,0.73,-1,-1,-1
219,960,1375.35,449.67,70.36,44.58,0.44,-1,-1,-1
219,961,1053.73,508.34,31.05,57.30,0.65,-1,-1,-1
219,963,854.94,362.07,62.20,37.88,0.63,-1,-1,-1
219,964,1521.30,589.14,74.19,61.25,0.61,-1,-1,-1
219,965,1174.65,928.50,64.43,128.06,0.52,-1,-1,-1
219,966,1741.35,674.51,65.05,78.82,0.46,-1,-1,-1
219,542,989.08,193.34,44.97,53.29,0.53,-1,-1,-1
219,505,906.32,623.28,38.84,69.46,0.49,-1,-1,-1
219,412,2127.80,346.50,117.56,71.16,0.40,-1,-1,-1
219,967,860.50,463.87,37.16,56.64,0.57,-1,-1,-1
219,970,2184.91,789.06,65.65,90.33,0.70,-1,-1,-1
219,971,1400.93,422.48,31.36,55.35,0.58,-1,-1,-1
220,123,1177.05,615.49,186.64,135.83,0.90,-1,-1,-1
220,400,1080.15,783.99,258.75,165.72,0.92,-1,-1,-1
220,404,1436.82,708.68,275.74,131.83,0.91,-1,-1,-1
220,414,1513.10,1176.85,414.30,321.72,0.79,-1,-1,-1
220,464,918.75,665.02,152.52,157.17,0.91,-1,-1,-1
220,503,1121.34,501.04,157.34,102.20,0.88,-1,-1,-1
220,831,359.94,1037.61,317.33,221.21,0.88,-1,-1,-1
220,413,904.61,423.66,140.77,81.96,0.84,-1,-1,-1
220,906,2598.82,452.22,89.18,76.23,0.68,-1,-1,-1
220,922,478.70,346.11,176.07,69.41,0.80,-1,-1,-1
220,926,54.43,1209.86,125.53,242.20,0.70,-1,-1,-1
220,930,836.08,1337.85,141.09,138.08,0.61,-1,-1,-1
220,651,747.48,375.53,124.27,64.46,0.87,-1,-1,-1
220,423,315.54,401.43,158.73,72.75,0.79,-1,-1,-1
220,932,1165.34,366.54,106.86,80.88,0.79,-1,-1,-1
220,943,24.61,1002.59,109.61,174.33,0.82,-1,-1,-1
220,947,2058.99,907.36,79.47,114.46,0.63,-1,-1,-1
220,952,954.89,996.10,81.37,100.52,0.80,-1,-1,-1
220,953,1138.02,313.49,68.56,65.37,0.76,-1,-1,-1
220,954,665.28,911.69,85.57,85.26,0.48,-1,-1,-1
220,958,827.44,705.80,41.98,84.33,0.63,-1,-1,-1
220,960,1370.84,449.52,70.07,44.43,0.52,-1,-1,-1
220,961,1061.38,510.27,30.34,55.87,0.58,-1,-1,-1
220,963,852.44,359.37,65.11,39.67,0.58,-1,-1,-1
220,964,1515.24,586.74,73.48,60.57,0.69,-1,-1,-1
220,965,1187.84,926.35,63.50,127.17,0.60,-1,-1,-1
220,966,1738.23,668.11,64.79,78.28,0.66,-1,-1,-1
220,542,993.48,195.88,45.54,51.43,0.55,-1,-1,-1
220,505,909.16,624.18,38.92,70.47,0.60,-1,-1,-1
220,412,2125.34,347.31,109.25,66.69,0.43,-1,-1,-1
220,967,862.53,457.74,39.13,59.68,0.44,-1,-1,-1
220,970,2191.10,782.48,73.52,101.56,0.53,-1,-1,-1
220,971,1398.22,421.59,31.16,54.95,0.49,-1,-1,-1
221,123,1183.62,615.21,186.52,136.41,0.89,-1,-1,-1
221,400,1079.12,785.60,258.88,165.49,0.91,-1,-1,-1
221,404,1438.79,708.62,278.96,133.17,0.92,-1,-1,-1
221,414,1545.27,1189.01,414.14,322.05,0.76,-1,-1,-1
221,464,924.02,665.78,153.25,157.09,0.94,-1,-1,-1
221,503,1127.34,501.10,158.11,103.48,0.89,-1,-1,-1
221,831,352.56,1038.68,325.22,221.14,0.86,-1,-1,-1
221,413,913.87,423.59,139.00,80.84,0.84,-1,-1,-1
221,906,2603.46,450.27,84.54,77.98,0.78,-1,-1,-1
221,922,490.53,345.57,177.16,69.97,0.80,-1,-1,-1
221,926,53.33,1205.92,133.25,241.33,0.67,-1,-1,-1
221,930,827.25,1340.12,135.59,130.61,0.70,-1,-1,-1
221,651,755.28,374.86,127.00,65.01,0.86,-1,-1,-1
221,423,322.30,400.35,160.93,72.34,0.73,-1,-1,-1
221,932,1173.86,368.03,103.87,78.71,0.76,-1,-1,-1
221,943,28.50,999.74,112.44,172.71,0.82,-1,-1,-1
221,947,2063.42,905.88,75.96,109.78,0.61,-1,-1,-1
221,952,966.97,994.73,82.26,100.02,0.87,-1,-1,-1
221,953,1145.76,312.41,68.68,65.58,0.78,-1,-1,-1
221,954,673.00,909.10,87.42,86.22,0.29,-1,-1,-1
221,958,833.54,701.14,44.14,88.89,0.71,-1,-1,-1
221,960,1370.13,447.95,69.70,44.35,0.58,-1,-1,-1
221,961,1070.70,512.93,30.25,55.42,0.58,-1,-1,-1
221,963,852.02,354.22,73.02,44.89,0.46,-1,-1,-1
221,964,1512.53,581.37,75.68,62.33,0.56,-1,-1,-1
221,965,1199.92,925.09,67.01,133.90,0.55,-1,-1,-1
221,966,1740.61,666.77,61.93,74.17,0.62,-1,-1,-1
221,542,999.04,193.71,48.45,54.10,0.66,-1,-1,-1
221,412,2135.74,347.80,114.62,69.05,0.63,-1,-1,-1
221,967,870.40,459.15,36.94,56.07,0.51,-1,-1,-1
221,970,2208.22,795.07,69.72,96.47,0.64,-1,-1,-1
221,971,1398.08,421.76,30.82,54.35,0.42,-1,-1,-1
222,123,1193.82,614.25,185.92,136.56,0.88,-1,-1,-1
222,400,1083.68,787.36,259.26,165.68,0.92,-1,-1,-1
222,404,1447.60,709.90,279.83,133.68,0.92,-1,-1,-1
222,414,1586.84,1211.13,394.49,300.87,0.78,-1,-1,-1
222,464,932.22,666.33,154.13,157.49,0.90,-1,-1,-1
222,503,1139.29,501.18,157.32,103.88,0.88,-1,-1,-1
222,831,359.70,1037.36,334.31,222.75,0.91,-1,-1,-1
222,413,924.95,422.59,142.18,82.53,0.84,-1,-1,-1
222,906,2614.16,455.53,73.84,75.69,0.65,-1,-1,-1
222,922,509.34,346.60,173.43,68.32,0.80,-1,-1,-1
222,926,50.57,1176.43,155.38,267.87,0.66,-1,-1,-1
222,930,815.62,1333.33,140.87,133.94,0.66,-1,-1,-1
222,651,768.09,374.36,132.95,67.29,0.82,-1,-1,-1
222,423,335.12,399.04,164.41,72.70,0.79,-1,-1,-1
222,932,1185.56,366.93,104.19,79.16,0.71,-1,-1,-1
222,943,30.86,995.65,117.74,173.65,0.84,-1,-1,-1
222,947,2066.87,892.26,82.94,121.57,0.63,-1,-1,-1
222,952,979.88,993.10,84.68,100.88,0.81,-1,-1,-1
222,953,1157.40,312.88,68.91,65.93,0.75,-1,-1,-1
222,954,655.01,904.80,104.34,106.51,0.20,-1,-1,-1
222,958,845.03,695.25,42.06,84.50,0.66,-1,-1,-1
222,960,1375.92,449.12,65.94,41.91,0.58,-1,-1,-1
222,961,1084.28,516.12,30.41,55.32,0.55,-1,-1,-1
222,963,860.61,353.72,71.58,44.39,0.37,-1,-1,-1
222,964,1515.79,580.40,73.89,60.82,0.19,-1,-1,-1
222,965,1220.36,930.48,63.06,126.89,0.60,-1,-1,-1
222,966,1745.57,667.08,61.08,72.24,0.66,-1,-1,-1
222,542,1010.60,193.08,50.02,55.36,0.65,-1,-1,-1
222,412,2152.16,349.45,115.90,68.40,0.59,-1,-1,-1
222,967,882.12,457.30,36.38,54.86,0.58,-1,-1,-1
222,970,2225.93,798.88,71.11,99.11,0.60,-1,-1,-1
222,971,1401.46,421.20,31.78,56.23,0.66,-1,-1,-1
223,123,1208.96,614.45,185.00,136.57,0.88,-1,-1,-1
223,400,1092.20,790.21,258.13,164.32,0.91,-1,-1,-1
223,404,1457.52,711.15,283.36,135.46,0.91,-1,-1,-1
223,414,1624.72,1226.53,381.32,285.47,0.83,-1,-1,-1
223,464,945.88,667.14,154.29,156.75,0.92,-1,-1,-1
223,503,1155.14,502.27,156.05,103.62,0.88,-1,-1,-1
223,831,376.68,1036.22,335.99,218.01,0.92,-1,-1,-1
223,413,941.36,422.71,142.77,83.01,0.88,-1,-1,-1
223,922,535.67,347.51,169.58,66.42,0.79,-1,-1,-1
223,926,47.66,1158.52,170.54,281.10,0.71,-1,-1,-1
223,930,813.00,1326.98,141.91,133.47,0.62,-1,-1,-1
223,651,787.05,374.59,130.74,65.31,0.85,-1,-1,-1
223,423,353.03,396.93,167.31,73.75,0.78,-1,-1,-1
223,932,1201.04,366.62,104.44,79.83,0.76,-1,-1,-1
223,943,35.42,990.36,125.47,176.44,0.86,-1,-1,-1
223,947,2077.18,890.79,80.45,118.88,0.64,-1,-1,-1
223,952,1002.44,993.91,82.15,95.15,0.90,-1,-1,-1
223,953,1172.69,313.04,68.94,66.08,0.74,-1,-1,-1
223,958,859.32,690.93,43.43,87.34,0.77,-1,-1,-1
223,960,1382.79,448.07,66.42,42.22,0.61,-1,-1,-1
223,963,873.62,354.89,67.04,41.55,0.28,-1,-1,-1
223,964,1522.67,578.02,73.91,60.74,0.23,-1,-1,-1
223,965,1244.51,931.20,63.21,127.89,0.57,-1,-1,-1
223,966,1751.80,670.56,56.48,66.21,0.35,-1,-1,-1
223,542,1026.50,192.81,51.12,56.12,0.63,-1,-1,-1
223,412,2166.93,349.99,119.94,70.12,0.60,-1,-1,-1
223,967,896.06,453.28,37.62,56.55,0.55,-1,-1,-1
223,970,2249.96,804.93,73.22,102.75,0.58,-1,-1,-1
223,971,1406.57,421.10,31.23,55.43,0.41,-1,-1,-1
224,123,1224.57,614.29,184.52,136.77,0.88,-1,-1,-1
224,400,1099.33,792.62,258.78,164.41,0.94,-1,-1,-1
224,404,1471.00,711.47,283.31,135.70,0.92,-1,-1,-1
224,414,1669.68,1252.05,347.82,259.95,0.81,-1,-1,-1
224,464,960.74,667.83,154.13,156.01,0.90,-1,-1,-1
224,503,1173.22,502.81,154.94,103.49,0.89,-1,-1,-1
224,831,391.39,1033.30,341.98,216.88,0.90,-1,-1,-1
224,413,958.46,422.57,143.44,83.40,0.84,-1,-1,-1
224,922,561.90,347.37,168.03,65.38,0.80,-1,-1,-1
224,926,53.37,1151.83,178.30,276.77,0.69,-1,-1,-1
224,930,807.42,1315.72,145.73,138.73,0.61,-1,-1,-1
224,651,805.94,373.54,135.54,67.28,0.78,-1,-1,-1
224,423,370.84,395.98,169.83,74.24,0.80,-1,-1,-1
224,932,1217.78,366.34,105.72,81.23,0.75,-1,-1,-1
224,943,40.08,986.20,136.41,182.24,0.84,-1,-1,-1
224,947,2090.48,889.85,78.03,116.46,0.74,-1,-1,-1
224,952,1019.76,988.78,84.98,96.21,0.86,-1,-1,-1
224,953,1191.71,314.19,67.74,64.94,0.75,-1,-1,-1
224,958,875.83,686.99,43.97,88.87,0.71,-1,-1,-1
224,960,1392.24,446.20,67.86,43.36,0.51,-1,-1,-1
224,963,888.87,354.62,64.11,39.89,0.17,-1,-1,-1
224,964,1531.84,575.67,70.76,57.61,0.48,-1,-1,-1
224,965,1269.29,933.67,62.51,128.43,0.53,-1,-1,-1
224,966,1760.58,665.69,58.13,67.46,0.52,-1,-1,-1
224,542,1045.05,193.48,51.04,55.62,0.57,-1,-1,-1
224,412,2187.81,352.48,125.23,72.58,0.50,-1,-1,-1
224,970,2275.90,815.72,70.65,99.92,0.72,-1,-1,-1
224,971,1417.14,420.05,31.33,55.92,0.63,-1,-1,-1
224,656,975.04,616.30,44.54,64.11,0.51,-1,-1,-1
225,123,1241.55,614.92,184.41,137.42,0.88,-1,-1,-1
225,400,1108.42,795.40,257.77,163.32,0.92,-1,-1,-1
225,404,1483.11,713.31,285.47,136.85,0.91,-1,-1,-1
225,414,1715.99,1275.68,327.69,236.32,0.79,-1,-1,-1
225,464,976.78,668.65,154.31,155.38,0.91,-1,-1,-1
225,503,1191.08,504.41,153.86,103.45,0.89,-1,-1,-1
225,831,401.71,1031.24,343.79,213.99,0.90,-1,-1,-1
225,413,976.45,422.62,144.82,84.44,0.86,-1,-1,-1
225,922,584.85,346.22,170.08,65.99,0.81,-1,-1,-1
225,926,61.41,1142.66,192.76,280.32,0.71,-1,-1,-1
225,930,804.98,1308.52,147.68,140.12,0.66,-1,-1,-1
225,651,827.10,372.91,137.07,67.64,0.82,-1,-1,-1
225,423,390.48,394.53,170.76,74.08,0.79,-1,-1,-1
225,932,1239.91,366.14,102.80,79.63,0.77,-1,-1,-1
225,943,44.87,980.61,148.59,187.69,0.84,-1,-1,-1
225,947,2104.30,885.54,78.99,119.36,0.64,-1,-1,-1
225,952,1040.96,987.00,85.46,94.21,0.78,-1,-1,-1
225,953,1210.92,314.50,66.97,64.19,0.75,-1,-1,-1
225,958,894.26,683.82,43.63,88.74,0.67,-1,-1,-1
225,960,1401.77,445.91,67.54,43.23,0.55,-1,-1,-1
225,964,1539.84,571.78,71.39,57.62,0.48,-1,-1,-1
225,965,1290.64,933.04,65.33,135.72,0.70,-1,-1,-1
225,966,1772.40,662.42,57.95,66.29,0.51,-1,-1,-1
225,542,1063.88,192.68,51.70,56.38,0.62,-1,-1,-1
225,412,2206.37,353.94,128.01,73.39,0.65,-1,-1,-1
225,970,2301.57,829.77,67.99,96.87,0.63,-1,-1,-1
225,971,1428.50,419.17,31.70,56.62,0.58,-1,-1,-1
226,123,1259.26,616.00,183.40,137.05,0.88,-1,-1,-1
226,400,1118.04,798.20,255.91,161.77,0.92,-1,-1,-1
226,404,1494.47,713.28,288.56,138.65,0.91,-1,-1,-1
226,414,1762.58,1298.62,305.64,213.38,0.77,-1,-1,-1
226,464,992.50,669.13,154.54,155.12,0.91,-1,-1,-1
226,503,1210.35,505.14,152.77,103.32,0.89,-1,-1,-1
226,831,419.59,1028.79,348.77,212.99,0.91,-1,-1,-1
226,413,995.63,423.20,144.33,84.25,0.82,-1,-1,-1
226,922,610.85,346.25,166.90,64.40,0.73,-1,-1,-1
226,926,62.37,1135.75,205.21,281.07,0.77,-1,-1,-1
226,930,803.83,1302.40,147.22,142.10,0.56,-1,-1,-1
226,651,847.75,372.37,136.45,66.84,0.77,-1,-1,-1
226,423,411.80,392.69,168.79,72.53,0.73,-1,-1,-1
226,932,1255.80,366.35,103.09,80.22,0.72,-1,-1,-1
226,943,49.04,974.62,159.71,190.16,0.79,-1,-1,-1
226,947,2117.29,884.35,77.79,119.08,0.61,-1,-1,-1
226,952,1063.67,982.31,88.78,95.24,0.82,-1,-1,-1
226,953,1229.14,314.96,66.92,64.14,0.74,-1,-1,-1
226,958,911.93,676.95,43.90,90.01,0.72,-1,-1,-1
226,960,1412.07,447.86,65.13,41.63,0.60,-1,-1,-1
226,964,1548.07,568.82,71.45,57.19,0.30,-1,-1,-1
226,965,1316.43,933.68,62.86,133.09,0.64,-1,-1,-1
226,966,1780.20,662.73,57.07,64.69,0.27,-1,-1,-1
226,542,1084.79,195.51,50.45,54.14,0.54,-1,-1,-1
226,412,2227.31,356.08,131.65,74.78,0.59,-1,-1,-1
226,970,2327.06,834.45,70.83,101.98,0.56,-1,-1,-1
226,971,1438.02,418.80,30.97,55.36,0.69,-1,-1,-1
227,123,1276.46,616.61,183.75,137.94,0.88,-1,-1,-1
227,400,1128.03,799.49,258.52,163.01,0.93,-1,-1,-1
227,404,1509.46,716.38,287.80,138.61,0.91,-1,-1,-1
227,414,1811.91,1322.01,282.53,189.99,0.74,-1,-1,-1
227,464,1008.81,669.79,154.71,154.53,0.90,-1,-1,-1
227,503,1229.16,505.81,151.63,103.20,0.91,-1,-1,-1
227,831,423.62,1023.76,355.00,213.78,0.92,-1,-1,-1
227,413,1016.33,423.34,144.84,84.75,0.85,-1,-1,-1
227,922,637.28,345.52,166.21,63.86,0.79,-1,-1,-1
227,926,65.20,1124.79,219.41,282.86,0.73,-1,-1,-1
227,930,806.16,1296.81,144.18,142.63,0.55,-1,-1,-1
227,651,869.40,371.56,135.31,65.85,0.82,-1,-1,-1
227,423,431.21,391.17,171.77,73.42,0.76,-1,-1,-1
227,932,1273.73,366.39,103.05,80.68,0.76,-1,-1,-1
227,943,50.59,968.88,176.66,199.33,0.81,-1,-1,-1
227,947,2134.83,882.59,76.98,119.19,0.65,-1,-1,-1
227,952,1079.53,973.60,95.97,101.36,0.77,-1,-1,-1
227,953,1247.04,314.52,68.60,65.71,0.74,-1,-1,-1
227,958,929.45,672.64,44.68,92.51,0.74,-1,-1,-1
227,960,1421.40,445.72,67.55,43.48,0.61,-1,-1,-1
227,964,1556.95,566.61,71.42,56.61,0.52,-1,-1,-1
227,965,1341.12,937.76,60.44,130.13,0.55,-1,-1,-1
227,966,1791.03,662.30,54.01,60.42,0.21,-1,-1,-1
227,542,1103.37,194.82,51.60,54.96,0.63,-1,-1,-1
227,412,2251.30,364.19,125.40,69.57,0.56,-1,-1,-1
227,970,2352.00,840.45,72.64,105.68,0.67,-1,-1,-1
227,971,1448.51,419.41,30.85,55.06,0.59,-1,-1,-1
228,123,1293.70,617.08,184.25,138.89,0.87,-1,-1,-1
228,400,1137.99,801.28,257.20,161.44,0.94,-1,-1,-1
228,404,1521.78,715.76,290.00,139.94,0.90,-1,-1,-1
228,414,1855.56,1348.11,253.29,163.89,0.70,-1,-1,-1
228,464,1024.65,670.00,154.86,154.16,0.92,-1,-1,-1
228,503,1246.92,506.79,152.22,104.15,0.90,-1,-1,-1
228,831,442.32,1022.09,358.92,213.38,0.90,-1,-1,-1
228,413,1036.19,423.92,143.98,84.44,0.85,-1,-1,-1
228,922,663.64,345.32,164.26,62.77,0.71,-1,-1,-1
228,926,66.68,1119.83,229.48,278.53,0.69,-1,-1,-1
228,930,804.01,1298.12,142.15,138.60,0.53,-1,-1,-1
228,651,889.33,371.89,134.06,64.83,0.79,-1,-1,-1
228,423,453.02,391.30,168.60,71.42,0.73,-1,-1,-1
228,932,1291.52,367.64,102.21,80.32,0.79,-1,-1,-1
228,943,57.34,965.20,184.08,194.26,0.79,-1,-1,-1
228,947,2150.22,885.18,72.27,111.63,0.58,-1,-1,-1
228,952,1102.66,973.62,95.49,98.64,0.74,-1,-1,-1
228,953,1266.00,314.82,68.14,65.31,0.74,-1,-1,-1
228,958,948.01,668.67,44.35,92.67,0.69,-1,-1,-1
228,960,1430.91,446.00,67.81,43.90,0.52,-1,-1,-1
228,964,1565.91,563.86,72.60,57.15,0.73,-1,-1,-1
228,965,1362.51,939.66,63.09,136.73,0.72,-1,-1,-1
228,966,1799.83,660.51,56.42,62.81,0.46,-1,-1,-1
228,542,1123.31,196.57,50.92,53.57,0.62,-1,-1,-1
228,412,2270.88,362.33,133.32,73.33,0.65,-1,-1,-1
228,970,2378.22,851.53,69.82,102.95,0.70,-1,-1,-1
228,971,1456.95,418.23,31.94,57.47,0.38,-1,-1,-1
228,967,936.95,429.37,28.90,41.81,0.66,-1,-1,-1
229,123,1311.39,617.30,183.13,138.51,0.88,-1,-1,-1
229,400,1147.02,802.77,258.24,161.90,0.93,-1,-1,-1
229,404,1533.39,716.33,295.17,143.09,0.91,-1,-1,-1
229,414,1898.63,1372.61,226.51,139.39,0.74,-1,-1,-1
229,464,1039.10,669.75,156.55,155.24,0.90,-1,-1,-1
229,503,1266.85,508.48,150.04,103.17,0.90,-1,-1,-1
229,831,448.81,1018.21,362.65,213.37,0.92,-1,-1,-1
229,413,1055.61,425.18,142.49,83.64,0.84,-1,-1,-1
229,922,687.29,345.09,163.58,62.24,0.73,-1,-1,-1
229,926,70.74,1115.09,242.25,276.28,0.64,-1,-1,-1
229,930,800.95,1297.57,141.80,136.07,0.51,-1,-1,-1
229,651,910.65,371.67,136.57,65.66,0.78,-1,-1,-1
229,423,473.31,389.93,169.66,71.33,0.74,-1,-1,-1
229,932,1311.37,369.28,99.63,78.48,0.77,-1,-1,-1
229,943,66.06,958.20,185.10,180.08,0.82,-1,-1,-1
229,947,2163.41,882.93,72.19,111.91,0.64,-1,-1,-1
229,952,1123.90,971.16,97.13,98.24,0.68,-1,-1,-1
229,953,1285.78,316.01,65.78,62.87,0.74,-1,-1,-1
229,958,967.42,666.37,42.69,89.76,0.75,-1,-1,-1
229,960,1442.93,447.82,64.18,41.53,0.53,-1,-1,-1
229,964,1573.76,563.16,71.42,55.61,0.55,-1,-1,-1
229,965,1387.82,943.56,64.81,138.99,0.65,-1,-1,-1
229,966,1809.76,659.79,54.66,60.53,0.45,-1,-1,-1
229,542,1141.14,195.22,52.66,55.44,0.63,-1,-1,-1
229,412,2289.51,361.63,139.76,76.69,0.60,-1,-1,-1
229,970,2403.99,863.74,67.68,101.07,0.56,-1,-1,-1
229,971,1468.08,419.15,31.84,57.50,0.56,-1,-1,-1
229,986,14.37,269.16,83.33,56.34,0.67,-1,-1,-1
229,967,951.81,426.73,28.63,40.53,0.51,-1,-1,-1
230,123,1329.61,619.32,179.27,135.60,0.88,-1,-1,-1
230,400,1151.90,801.79,265.69,166.56,0.93,-1,-1,-1
230,404,1547.87,718.56,294.56,143.08,0.92,-1,-1,-1
230,414,1946.52,1402.69,189.29,108.94,0.70,-1,-1,-1
230,464,1054.80,670.25,156.31,154.41,0.93,-1,-1,-1
230,503,1284.36,509.33,150.60,104.14,0.90,-1,-1,-1
230,831,461.38,1016.97,364.27,211.92,0.90,-1,-1,-1
230,413,1074.45,425.74,141.68,83.39,0.85,-1,-1,-1
230,922,711.56,343.91,163.31,61.95,0.76,-1,-1,-1
230,926,72.08,1112.81,249.42,267.41,0.70,-1,-1,-1
230,930,799.10,1300.70,138.25,129.62,0.67,-1,-1,-1
230,651,931.18,370.93,138.25,66.52,0.74,-1,-1,-1
230,423,492.70,387.85,169.94,71.09,0.72,-1,-1,-1
230,932,1329.05,369.90,99.24,78.41,0.79,-1,-1,-1
230,943,74.89,954.62,187.65,166.72,0.84,-1,-1,-1
230,947,2175.44,882.59,71.58,110.03,0.70,-1,-1,-1
230,952,1142.98,969.51,97.76,97.12,0.57,-1,-1,-1
230,953,1303.40,316.37,65.86,62.86,0.75,-1,-1,-1
230,958,986.40,662.28,38.82,81.60,0.74,-1,-1,-1
230,960,1451.27,445.13,66.24,42.93,0.62,-1,-1,-1
230,964,1580.74,559.57,72.79,56.43,0.48,-1,-1,-1
230,965,1409.71,947.82,65.20,138.32,0.68,-1,-1,-1
230,966,1820.11,658.62,53.51,58.80,0.47,-1,-1,-1
230,542,1159.88,196.26,51.91,54.35,0.65,-1,-1,-1
230,412,2310.03,362.60,142.78,78.16,0.58,-1,-1,-1
230,970,2427.53,869.37,70.32,106.61,0.56,-1,-1,-1
230,971,1475.82,417.74,31.36,56.52,0.44,-1,-1,-1
230,986,36.64,268.67,81.38,54.92,0.57,-1,-1,-1
230,967,966.47,425.91,27.96,37.74,0.65,-1,-1,-1
231,123,1345.03,619.21,180.42,136.92,0.88,-1,-1,-1
231,400,1160.43,804.02,263.18,163.86,0.93,-1,-1,-1
231,404,1558.05,720.38,295.10,143.66,0.91,-1,-1,-1
231,414,2002.60,1437.35,138.58,72.56,0.60,-1,-1,-1
231,464,1068.36,670.86,157.45,154.96,0.89,-1,-1,-1
231,503,1302.27,509.91,148.83,103.35,0.90,-1,-1,-1
231,831,470.71,1013.11,369.68,213.99,0.90,-1,-1,-1
231,413,1091.58,426.03,142.59,84.25,0.83,-1,-1,-1
231,922,736.37,345.41,157.74,59.26,0.56,-1,-1,-1
231,926,80.67,1102.68,263.87,265.58,0.77,-1,-1,-1
231,930,794.43,1299.35,140.87,129.63,0.70,-1,-1,-1
231,651,950.28,371.40,137.81,66.04,0.76,-1,-1,-1
231,423,512.57,387.84,166.44,69.01,0.77,-1,-1,-1
231,932,1345.55,368.82,100.09,79.51,0.75,-1,-1,-1
231,943,85.11,952.42,200.10,166.48,0.86,-1,-1,-1
231,947,2186.85,880.95,71.05,108.89,0.64,-1,-1,-1
231,952,1164.04,965.77,98.99,97.05,0.63,-1,-1,-1
231,953,1320.63,316.93,65.07,61.86,0.76,-1,-1,-1
231,958,1003.54,657.71,38.48,81.10,0.79,-1,-1,-1
231,960,1459.68,443.85,65.92,42.96,0.58,-1,-1,-1
231,964,1587.27,556.19,73.29,56.75,0.23,-1,-1,-1
231,965,1428.39,949.45,66.43,138.88,0.69,-1,-1,-1
231,966,1825.79,651.99,57.25,62.88,0.68,-1,-1,-1
231,542,1176.96,196.42,52.59,54.84,0.57,-1,-1,-1
231,412,2330.85,364.77,143.60,78.28,0.57,-1,-1,-1
231,970,2451.92,881.75,67.25,102.91,0.70,-1,-1,-1
231,971,1484.87,417.78,32.27,58.42,0.40,-1,-1,-1
231,986,43.32,265.10,85.60,57.13,0.60,-1,-1,-1
231,967,977.30,424.36,27.12,35.55,0.18,-1,-1,-1
232,123,1360.01,621.17,178.65,135.60,0.89,-1,-1,-1
232,400,1168.90,804.91,265.86,165.13,0.93,-1,-1,-1
232,404,1571.54,724.02,291.94,142.33,0.93,-1,-1,-1
232,464,1082.66,671.27,157.44,154.19,0.93,-1,-1,-1
232,503,1317.78,511.58,150.00,104.66,0.89,-1,-1,-1
232,831,485.27,1011.56,371.57,213.25,0.89,-1,-1,-1
232,413,1108.46,426.22,142.24,84.37,0.84,-1,-1,-1
232,922,756.65,344.96,158.86,59.41,0.69,-1,-1,-1
232,926,80.18,1095.15,282.10,272.67,0.82,-1,-1,-1
232,930,793.96,1303.26,135.10,120.76,0.62,-1,-1,-1
232,651,969.63,371.30,138.55,66.34,0.74,-1,-1,-1
232,423,530.04,386.33,167.76,69.62,0.61,-1,-1,-1
232,932,1360.33,367.34,102.11,81.62,0.69,-1,-1,-1
232,943,93.83,949.17,213.29,167.35,0.83,-1,-1,-1
232,947,2200.11,882.42,69.45,105.76,0.65,-1,-1,-1
232,952,1184.46,962.55,101.61,97.57,0.58,-1,-1,-1
232,953,1336.98,316.97,65.37,61.98,0.76,-1,-1,-1
232,958,1020.84,653.04,36.73,77.20,0.74,-1,-1,-1
232,960,1466.13,439.59,69.96,46.10,0.30,-1,-1,-1
232,964,1592.89,552.48,75.72,58.37,0.59,-1,-1,-1
232,965,1457.20,954.15,62.69,131.54,0.61,-1,-1,-1
232,966,1833.55,648.14,58.20,63.75,0.50,-1,-1,-1
232,542,1193.55,196.98,52.39,54.24,0.55,-1,-1,-1
232,970,2476.12,891.46,67.34,103.58,0.72,-1,-1,-1
232,971,1493.58,415.01,33.01,60.14,0.47,-1,-1,-1
232,986,72.63,262.25,85.27,56.60,0.61,-1,-1,-1
232,990,1035.88,446.67,37.68,45.83,0.67,-1,-1,-1
233,123,1375.01,620.48,181.31,138.04,0.89,-1,-1,-1
233,400,1177.90,805.47,266.77,165.54,0.94,-1,-1,-1
233,404,1583.02,727.23,290.62,141.99,0.92,-1,-1,-1
233,464,1095.33,672.05,157.50,153.90,0.88,-1,-1,-1
233,503,1335.58,512.80,148.20,103.73,0.87,-1,-1,-1
233,831,504.41,1011.01,373.90,212.55,0.89,-1,-1,-1
233,413,1124.67,425.85,144.52,86.52,0.83,-1,-1,-1
233,922,777.52,344.10,160.42,59.79,0.62,-1,-1,-1
233,926,96.32,1093.09,286.25,262.14,0.80,-1,-1,-1
233,930,789.43,1300.65,138.18,121.00,0.67,-1,-1,-1
233,651,984.69,370.48,141.98,68.16,0.74,-1,-1,-1
233,423,546.44,385.99,167.90,69.34,0.58,-1,-1,-1
233,932,1375.80,365.80,103.49,83.39,0.77,-1,-1,-1
233,943,105.21,946.35,223.84,167.22,0.78,-1,-1,-1
233,947,2209.31,876.17,71.85,108.87,0.69,-1,-1,-1
233,952,1202.82,958.96,102.13,97.06,0.66,-1,-1,-1
233,953,1353.61,317.47,64.51,60.95,0.75,-1,-1,-1
233,958,1036.77,649.18,37.44,78.90,0.71,-1,-1,-1
233,960,1473.70,439.25,68.94,45.71,0.64,-1,-1,-1
233,964,1599.49,550.12,73.83,56.83,0.51,-1,-1,-1
233,965,1479.85,956.25,63.07,135.04,0.56,-1,-1,-1
233,966,1840.39,644.61,59.47,65.57,0.60,-1,-1,-1
233,542,1209.74,195.89,53.15,55.13,0.61,-1,-1,-1
233,970,2498.10,898.86,69.18,107.23,0.56,-1,-1,-1
233,971,1503.69,413.45,30.66,55.43,0.41,-1,-1,-1
233,986,95.80,260.04,84.03,55.40,0.54,-1,-1,-1
233,990,1050.40,445.52,35.80,43.35,0.57,-1,-1,-1
